<?xml version="1.0" encoding="UTF-8"?>
<gpx xmlns:xsi="http://www.w3.org/2001/XMLSchema-instance" xmlns="http://www.topografix.com/GPX/1/1" xmlns:gpxdata="http://www.cluetrust.com/XML/GPXDATA/1/0" xsi:schemaLocation="http://www.topografix.com/GPX/1/1 http://www.topografix.com/GPX/1/1/gpx.xsd http://www.cluetrust.com/XML/GPXDATA/1/0 http://www.cluetrust.com/Schemas/gpxdata10.xsd" version="1.1" creator="http://ridewithgps.com/">
  <metadata>
    <name>G-300K (장흥 / Jangheung)</name>
    <link href="https://ridewithgps.com/routes/42595136">
      <text>G-300K (장흥 / Jangheung)</text>
    </link>
    <time>2023-04-20T05:49:33Z</time>
  </metadata>
  <wpt lon="126.7184009" lat="35.2946508">
    <name>Control</name>
    <cmt>CP1</cmt>
    <desc>CP1</desc>
    <sym>Dot</sym>
    <type>Dot</type>
  </wpt>
  <wpt lon="126.3768874" lat="35.2129717">
    <name>Control</name>
    <cmt>CP2
</cmt>
    <desc>CP2
</desc>
    <sym>Dot</sym>
    <type>Dot</type>
  </wpt>
  <wpt lon="126.4108538" lat="35.021221">
    <name>Control</name>
    <cmt>CP3</cmt>
    <desc>CP3</desc>
    <sym>Dot</sym>
    <type>Dot</type>
  </wpt>
  <wpt lon="126.7477668" lat="34.8659413">
    <name>Control</name>
    <cmt>CP4</cmt>
    <desc>CP4</desc>
    <sym>Dot</sym>
    <type>Dot</type>
  </wpt>
  <wpt lon="126.8846653" lat="34.6727556">
    <name>Control</name>
    <cmt>CP5</cmt>
    <desc>CP5</desc>
    <sym>Dot</sym>
    <type>Dot</type>
  </wpt>
  <wpt lon="126.9965048" lat="34.751806">
    <name>Control</name>
    <cmt>CP6</cmt>
    <desc>CP6</desc>
    <sym>Dot</sym>
    <type>Dot</type>
  </wpt>
  <wpt lon="127.0954649" lat="35.0069844">
    <name>Control</name>
    <cmt>CP7</cmt>
    <desc>CP7</desc>
    <sym>Dot</sym>
    <type>Dot</type>
  </wpt>
  <wpt lon="127.0429846" lat="35.2476851">
    <name>Control</name>
    <cmt>CP8</cmt>
    <desc>CP8</desc>
    <sym>Dot</sym>
    <type>Dot</type>
  </wpt>
  <wpt lon="126.9565275" lat="35.2764845">
    <name>Control</name>
    <cmt>CP9</cmt>
    <desc>CP9</desc>
    <sym>Dot</sym>
    <type>Dot</type>
  </wpt>
  <wpt lon="126.861416101456" lat="35.206412426309">
    <name>S/F</name>
    <sym>Dot</sym>
    <type>Dot</type>
  </wpt>
  <wpt lon="126.377009153366" lat="35.2128093973875">
    <name>CP02.SEOLDO</name>
    <sym>Dot</sym>
    <type>Dot</type>
  </wpt>
  <wpt lon="126.718510687351" lat="35.29456028178">
    <name>CP01.DONGHWA</name>
    <sym>Dot</sym>
    <type>Dot</type>
  </wpt>
  <wpt lon="126.410912275314" lat="35.0213401692187">
    <name>CP03.HYEONGYEONG</name>
    <sym>Dot</sym>
    <type>Dot</type>
  </wpt>
  <wpt lon="126.747803092003" lat="34.8659507372431">
    <name>CP04.GEUMJEONG</name>
    <sym>Dot</sym>
    <type>Dot</type>
  </wpt>
  <wpt lon="126.88473790884" lat="34.6727821530269">
    <name>CP05.JANGHEUNG</name>
    <sym>Dot</sym>
    <type>Dot</type>
  </wpt>
  <wpt lon="126.996411681175" lat="34.7516579598034">
    <name>CP06.JANGDONG</name>
    <sym>Dot</sym>
    <type>Dot</type>
  </wpt>
  <wpt lon="127.09547907114" lat="35.0070678485634">
    <name>CP07.SAPYEONG</name>
    <sym>Dot</sym>
    <type>Dot</type>
  </wpt>
  <wpt lon="127.043001651764" lat="35.2476956821854">
    <name>CP08.DAEDEOK</name>
    <sym>Dot</sym>
    <type>Dot</type>
  </wpt>
  <wpt lon="126.956513822079" lat="35.2765280328105">
    <name>CP09.BONGSAN</name>
    <sym>Dot</sym>
    <type>Dot</type>
  </wpt>
  <trk>
    <name>G-300K (장흥 / Jangheung)</name>
    <trkseg>
      <trkpt lat="35.2062669" lon="126.861427">
        <ele>19.75</ele>
      </trkpt>
      <trkpt lat="35.206263" lon="126.857245">
        <ele>24.25</ele>
      </trkpt>
      <trkpt lat="35.206646" lon="126.851395">
        <ele>22.25</ele>
      </trkpt>
      <trkpt lat="35.211409" lon="126.85143">
        <ele>24.75</ele>
      </trkpt>
      <trkpt lat="35.212079" lon="126.851516">
        <ele>27.5</ele>
      </trkpt>
      <trkpt lat="35.212577" lon="126.851628">
        <ele>25.75</ele>
      </trkpt>
      <trkpt lat="35.213389" lon="126.851915">
        <ele>24.5</ele>
      </trkpt>
      <trkpt lat="35.214533" lon="126.852498">
        <ele>24.75</ele>
      </trkpt>
      <trkpt lat="35.215823" lon="126.852856">
        <ele>24.0</ele>
      </trkpt>
      <trkpt lat="35.22185" lon="126.852872">
        <ele>25.25</ele>
      </trkpt>
      <trkpt lat="35.221823" lon="126.856277">
        <ele>26.0</ele>
      </trkpt>
      <trkpt lat="35.228681" lon="126.857924">
        <ele>27.0</ele>
      </trkpt>
      <trkpt lat="35.229503" lon="126.858127">
        <ele>27.5</ele>
      </trkpt>
      <trkpt lat="35.231851" lon="126.85869">
        <ele>27.75</ele>
      </trkpt>
      <trkpt lat="35.232213" lon="126.858728">
        <ele>28.0</ele>
      </trkpt>
      <trkpt lat="35.232584" lon="126.858679">
        <ele>28.5</ele>
      </trkpt>
      <trkpt lat="35.232899" lon="126.858594">
        <ele>28.75</ele>
      </trkpt>
      <trkpt lat="35.233187" lon="126.858468">
        <ele>28.5</ele>
      </trkpt>
      <trkpt lat="35.236569" lon="126.85668">
        <ele>28.0</ele>
      </trkpt>
      <trkpt lat="35.236815" lon="126.856482">
        <ele>28.0</ele>
      </trkpt>
      <trkpt lat="35.238182" lon="126.854693">
        <ele>29.25</ele>
      </trkpt>
      <trkpt lat="35.2385189" lon="126.854125">
        <ele>28.75</ele>
      </trkpt>
      <trkpt lat="35.241166" lon="126.850992">
        <ele>29.75</ele>
      </trkpt>
      <trkpt lat="35.242706" lon="126.849216">
        <ele>30.5</ele>
      </trkpt>
      <trkpt lat="35.244324" lon="126.84735">
        <ele>33.25</ele>
      </trkpt>
      <trkpt lat="35.244763" lon="126.847028">
        <ele>34.0</ele>
      </trkpt>
      <trkpt lat="35.254679" lon="126.845979">
        <ele>41.75</ele>
      </trkpt>
      <trkpt lat="35.255778" lon="126.845318">
        <ele>43.75</ele>
      </trkpt>
      <trkpt lat="35.25974" lon="126.845657">
        <ele>61.5</ele>
      </trkpt>
      <trkpt lat="35.261062" lon="126.846029">
        <ele>54.75</ele>
      </trkpt>
      <trkpt lat="35.261923" lon="126.845801">
        <ele>56.25</ele>
      </trkpt>
      <trkpt lat="35.261873" lon="126.844818">
        <ele>71.0</ele>
      </trkpt>
      <trkpt lat="35.26253" lon="126.843146">
        <ele>66.75</ele>
      </trkpt>
      <trkpt lat="35.262796" lon="126.841062">
        <ele>62.5</ele>
      </trkpt>
      <trkpt lat="35.262915" lon="126.840749">
        <ele>61.5</ele>
      </trkpt>
      <trkpt lat="35.263681" lon="126.839727">
        <ele>64.0</ele>
      </trkpt>
      <trkpt lat="35.265121" lon="126.838701">
        <ele>65.0</ele>
      </trkpt>
      <trkpt lat="35.272014" lon="126.835314">
        <ele>75.5</ele>
      </trkpt>
      <trkpt lat="35.27456" lon="126.829142">
        <ele>77.25</ele>
      </trkpt>
      <trkpt lat="35.274607" lon="126.828868">
        <ele>77.75</ele>
      </trkpt>
      <trkpt lat="35.274622" lon="126.828496">
        <ele>77.75</ele>
      </trkpt>
      <trkpt lat="35.274112" lon="126.825273">
        <ele>80.75</ele>
      </trkpt>
      <trkpt lat="35.274571" lon="126.823243">
        <ele>78.5</ele>
      </trkpt>
      <trkpt lat="35.274531" lon="126.822839">
        <ele>79.0</ele>
      </trkpt>
      <trkpt lat="35.274454" lon="126.822282">
        <ele>81.75</ele>
      </trkpt>
      <trkpt lat="35.27423" lon="126.821681">
        <ele>81.25</ele>
      </trkpt>
      <trkpt lat="35.273494" lon="126.820513">
        <ele>73.75</ele>
      </trkpt>
      <trkpt lat="35.272899" lon="126.819827">
        <ele>65.5</ele>
      </trkpt>
      <trkpt lat="35.272618" lon="126.819689">
        <ele>63.5</ele>
      </trkpt>
      <trkpt lat="35.272401" lon="126.819552">
        <ele>62.25</ele>
      </trkpt>
      <trkpt lat="35.2722399" lon="126.819389">
        <ele>61.5</ele>
      </trkpt>
      <trkpt lat="35.272121" lon="126.819226">
        <ele>60.25</ele>
      </trkpt>
      <trkpt lat="35.27203" lon="126.818505">
        <ele>56.75</ele>
      </trkpt>
      <trkpt lat="35.272401" lon="126.817363">
        <ele>58.0</ele>
      </trkpt>
      <trkpt lat="35.274552" lon="126.814668">
        <ele>84.0</ele>
      </trkpt>
      <trkpt lat="35.274812" lon="126.814617">
        <ele>87.25</ele>
      </trkpt>
      <trkpt lat="35.275078" lon="126.814711">
        <ele>89.5</ele>
      </trkpt>
      <trkpt lat="35.275246" lon="126.814952">
        <ele>90.0</ele>
      </trkpt>
      <trkpt lat="35.27547" lon="126.815552">
        <ele>89.75</ele>
      </trkpt>
      <trkpt lat="35.275926" lon="126.81617">
        <ele>98.0</ele>
      </trkpt>
      <trkpt lat="35.276136" lon="126.816333">
        <ele>101.75</ele>
      </trkpt>
      <trkpt lat="35.277166" lon="126.816291">
        <ele>115.75</ele>
      </trkpt>
      <trkpt lat="35.277418" lon="126.816376">
        <ele>116.0</ele>
      </trkpt>
      <trkpt lat="35.277965" lon="126.816943">
        <ele>113.5</ele>
      </trkpt>
      <trkpt lat="35.278189" lon="126.816977">
        <ele>116.5</ele>
      </trkpt>
      <trkpt lat="35.278441" lon="126.816848">
        <ele>122.5</ele>
      </trkpt>
      <trkpt lat="35.279717" lon="126.81587">
        <ele>143.75</ele>
      </trkpt>
      <trkpt lat="35.281083" lon="126.813767">
        <ele>145.25</ele>
      </trkpt>
      <trkpt lat="35.281734" lon="126.812136">
        <ele>140.25</ele>
      </trkpt>
      <trkpt lat="35.281854" lon="126.811639">
        <ele>133.5</ele>
      </trkpt>
      <trkpt lat="35.2813" lon="126.807441">
        <ele>103.75</ele>
      </trkpt>
      <trkpt lat="35.281267" lon="126.806629">
        <ele>100.25</ele>
      </trkpt>
      <trkpt lat="35.281249" lon="126.802625">
        <ele>83.0</ele>
      </trkpt>
      <trkpt lat="35.281162" lon="126.802329">
        <ele>84.0</ele>
      </trkpt>
      <trkpt lat="35.280943" lon="126.801952">
        <ele>86.25</ele>
      </trkpt>
      <trkpt lat="35.2804969" lon="126.801425">
        <ele>86.75</ele>
      </trkpt>
      <trkpt lat="35.279969" lon="126.800678">
        <ele>87.25</ele>
      </trkpt>
      <trkpt lat="35.279808" lon="126.800352">
        <ele>85.5</ele>
      </trkpt>
      <trkpt lat="35.27966" lon="126.799966">
        <ele>81.25</ele>
      </trkpt>
      <trkpt lat="35.279562" lon="126.799536">
        <ele>78.0</ele>
      </trkpt>
      <trkpt lat="35.279454" lon="126.798043">
        <ele>78.25</ele>
      </trkpt>
      <trkpt lat="35.279578" lon="126.797509">
        <ele>74.0</ele>
      </trkpt>
      <trkpt lat="35.279931" lon="126.796482">
        <ele>77.25</ele>
      </trkpt>
      <trkpt lat="35.280754" lon="126.79485">
        <ele>71.0</ele>
      </trkpt>
      <trkpt lat="35.281264" lon="126.79265">
        <ele>57.0</ele>
      </trkpt>
      <trkpt lat="35.282057" lon="126.792242">
        <ele>52.0</ele>
      </trkpt>
      <trkpt lat="35.283988" lon="126.791191">
        <ele>52.0</ele>
      </trkpt>
      <trkpt lat="35.284645" lon="126.790649">
        <ele>56.0</ele>
      </trkpt>
      <trkpt lat="35.2853319" lon="126.789882">
        <ele>58.0</ele>
      </trkpt>
      <trkpt lat="35.287965" lon="126.786147">
        <ele>54.75</ele>
      </trkpt>
      <trkpt lat="35.288355" lon="126.785352">
        <ele>57.75</ele>
      </trkpt>
      <trkpt lat="35.28832" lon="126.784609">
        <ele>64.5</ele>
      </trkpt>
      <trkpt lat="35.288358" lon="126.784382">
        <ele>65.5</ele>
      </trkpt>
      <trkpt lat="35.288436" lon="126.784208">
        <ele>64.5</ele>
      </trkpt>
      <trkpt lat="35.288587" lon="126.784043">
        <ele>60.0</ele>
      </trkpt>
      <trkpt lat="35.289145" lon="126.783653">
        <ele>53.0</ele>
      </trkpt>
      <trkpt lat="35.289684" lon="126.782649">
        <ele>50.75</ele>
      </trkpt>
      <trkpt lat="35.290176" lon="126.781869">
        <ele>49.5</ele>
      </trkpt>
      <trkpt lat="35.291406" lon="126.780812">
        <ele>50.75</ele>
      </trkpt>
      <trkpt lat="35.291847" lon="126.780604">
        <ele>49.25</ele>
      </trkpt>
      <trkpt lat="35.29231" lon="126.780585">
        <ele>41.0</ele>
      </trkpt>
      <trkpt lat="35.292426" lon="126.780309">
        <ele>38.0</ele>
      </trkpt>
      <trkpt lat="35.291677" lon="126.779367">
        <ele>48.5</ele>
      </trkpt>
      <trkpt lat="35.291525" lon="126.77914">
        <ele>48.25</ele>
      </trkpt>
      <trkpt lat="35.291345" lon="126.77889">
        <ele>47.5</ele>
      </trkpt>
      <trkpt lat="35.291145" lon="126.778133">
        <ele>46.5</ele>
      </trkpt>
      <trkpt lat="35.291131" lon="126.777781">
        <ele>45.5</ele>
      </trkpt>
      <trkpt lat="35.291175" lon="126.77753">
        <ele>45.5</ele>
      </trkpt>
      <trkpt lat="35.291434" lon="126.776552">
        <ele>45.5</ele>
      </trkpt>
      <trkpt lat="35.290453" lon="126.772689">
        <ele>43.5</ele>
      </trkpt>
      <trkpt lat="35.290438" lon="126.77031">
        <ele>42.75</ele>
      </trkpt>
      <trkpt lat="35.292649" lon="126.76913">
        <ele>44.0</ele>
      </trkpt>
      <trkpt lat="35.292737" lon="126.768889">
        <ele>44.5</ele>
      </trkpt>
      <trkpt lat="35.291994" lon="126.767109">
        <ele>42.5</ele>
      </trkpt>
      <trkpt lat="35.291858" lon="126.764132">
        <ele>41.25</ele>
      </trkpt>
      <trkpt lat="35.29074" lon="126.764196">
        <ele>41.5</ele>
      </trkpt>
      <trkpt lat="35.290446" lon="126.764135">
        <ele>41.75</ele>
      </trkpt>
      <trkpt lat="35.2902289" lon="126.764023">
        <ele>41.5</ele>
      </trkpt>
      <trkpt lat="35.288128" lon="126.761712">
        <ele>41.5</ele>
      </trkpt>
      <trkpt lat="35.286264" lon="126.760091">
        <ele>41.0</ele>
      </trkpt>
      <trkpt lat="35.285231" lon="126.759409">
        <ele>39.0</ele>
      </trkpt>
      <trkpt lat="35.282719" lon="126.758368">
        <ele>39.75</ele>
      </trkpt>
      <trkpt lat="35.282631" lon="126.758312">
        <ele>39.5</ele>
      </trkpt>
      <trkpt lat="35.28247" lon="126.758148">
        <ele>39.25</ele>
      </trkpt>
      <trkpt lat="35.282423" lon="126.758071">
        <ele>39.25</ele>
      </trkpt>
      <trkpt lat="35.282105" lon="126.757182">
        <ele>39.0</ele>
      </trkpt>
      <trkpt lat="35.281179" lon="126.756299">
        <ele>39.5</ele>
      </trkpt>
      <trkpt lat="35.277501" lon="126.751198">
        <ele>37.75</ele>
      </trkpt>
      <trkpt lat="35.27718" lon="126.750834">
        <ele>37.5</ele>
      </trkpt>
      <trkpt lat="35.276736" lon="126.750285">
        <ele>37.25</ele>
      </trkpt>
      <trkpt lat="35.277792" lon="126.748701">
        <ele>37.75</ele>
      </trkpt>
      <trkpt lat="35.278205" lon="126.74692">
        <ele>45.5</ele>
      </trkpt>
      <trkpt lat="35.279052" lon="126.746252">
        <ele>46.75</ele>
      </trkpt>
      <trkpt lat="35.279673" lon="126.745022">
        <ele>41.75</ele>
      </trkpt>
      <trkpt lat="35.279817" lon="126.744462">
        <ele>42.0</ele>
      </trkpt>
      <trkpt lat="35.279643" lon="126.74354">
        <ele>51.25</ele>
      </trkpt>
      <trkpt lat="35.279668" lon="126.743393">
        <ele>51.5</ele>
      </trkpt>
      <trkpt lat="35.279744" lon="126.743226">
        <ele>51.75</ele>
      </trkpt>
      <trkpt lat="35.280287" lon="126.742622">
        <ele>50.0</ele>
      </trkpt>
      <trkpt lat="35.282103" lon="126.741698">
        <ele>51.25</ele>
      </trkpt>
      <trkpt lat="35.283063" lon="126.740862">
        <ele>48.75</ele>
      </trkpt>
      <trkpt lat="35.284579" lon="126.738803">
        <ele>53.0</ele>
      </trkpt>
      <trkpt lat="35.284787" lon="126.738508">
        <ele>53.0</ele>
      </trkpt>
      <trkpt lat="35.285003" lon="126.738205">
        <ele>53.25</ele>
      </trkpt>
      <trkpt lat="35.285398" lon="126.737732">
        <ele>52.25</ele>
      </trkpt>
      <trkpt lat="35.286221" lon="126.73699">
        <ele>53.5</ele>
      </trkpt>
      <trkpt lat="35.286566" lon="126.736284">
        <ele>53.0</ele>
      </trkpt>
      <trkpt lat="35.286702" lon="126.736025">
        <ele>52.5</ele>
      </trkpt>
      <trkpt lat="35.286837" lon="126.735842">
        <ele>52.5</ele>
      </trkpt>
      <trkpt lat="35.287024" lon="126.735622">
        <ele>52.0</ele>
      </trkpt>
      <trkpt lat="35.288206" lon="126.734642">
        <ele>52.25</ele>
      </trkpt>
      <trkpt lat="35.288454" lon="126.734329">
        <ele>52.25</ele>
      </trkpt>
      <trkpt lat="35.288643" lon="126.734104">
        <ele>52.5</ele>
      </trkpt>
      <trkpt lat="35.2888329" lon="126.733959">
        <ele>52.75</ele>
      </trkpt>
      <trkpt lat="35.289166" lon="126.733797">
        <ele>53.25</ele>
      </trkpt>
      <trkpt lat="35.289361" lon="126.733763">
        <ele>53.5</ele>
      </trkpt>
      <trkpt lat="35.290411" lon="126.733691">
        <ele>56.5</ele>
      </trkpt>
      <trkpt lat="35.290529" lon="126.733619">
        <ele>56.5</ele>
      </trkpt>
      <trkpt lat="35.290702" lon="126.733454">
        <ele>56.5</ele>
      </trkpt>
      <trkpt lat="35.290882" lon="126.733197">
        <ele>56.0</ele>
      </trkpt>
      <trkpt lat="35.2915149" lon="126.731965">
        <ele>56.75</ele>
      </trkpt>
      <trkpt lat="35.292098" lon="126.731268">
        <ele>58.0</ele>
      </trkpt>
      <trkpt lat="35.2940759" lon="126.728207">
        <ele>61.0</ele>
      </trkpt>
      <trkpt lat="35.2942419" lon="126.727773">
        <ele>61.75</ele>
      </trkpt>
      <trkpt lat="35.294249" lon="126.72711">
        <ele>61.0</ele>
      </trkpt>
      <trkpt lat="35.294603" lon="126.72478">
        <ele>65.75</ele>
      </trkpt>
      <trkpt lat="35.293888" lon="126.721608">
        <ele>68.25</ele>
      </trkpt>
      <trkpt lat="35.293895" lon="126.721328">
        <ele>68.0</ele>
      </trkpt>
      <trkpt lat="35.2940759" lon="126.720647">
        <ele>69.5</ele>
      </trkpt>
      <trkpt lat="35.294298" lon="126.71944">
        <ele>69.25</ele>
      </trkpt>
      <trkpt lat="35.294651" lon="126.718401">
        <ele>71.8</ele>
      </trkpt>
      <trkpt lat="35.294659" lon="126.718377">
        <ele>71.25</ele>
      </trkpt>
      <trkpt lat="35.295554" lon="126.715945">
        <ele>76.5</ele>
      </trkpt>
      <trkpt lat="35.295677" lon="126.714971">
        <ele>78.5</ele>
      </trkpt>
      <trkpt lat="35.294818" lon="126.711761">
        <ele>90.0</ele>
      </trkpt>
      <trkpt lat="35.294254" lon="126.710719">
        <ele>90.0</ele>
      </trkpt>
      <trkpt lat="35.29349" lon="126.709773">
        <ele>91.25</ele>
      </trkpt>
      <trkpt lat="35.293302" lon="126.709354">
        <ele>92.5</ele>
      </trkpt>
      <trkpt lat="35.2931" lon="126.708902">
        <ele>94.25</ele>
      </trkpt>
      <trkpt lat="35.292727" lon="126.708243">
        <ele>93.5</ele>
      </trkpt>
      <trkpt lat="35.290003" lon="126.704905">
        <ele>106.75</ele>
      </trkpt>
      <trkpt lat="35.289829" lon="126.704459">
        <ele>108.25</ele>
      </trkpt>
      <trkpt lat="35.289734" lon="126.703842">
        <ele>109.75</ele>
      </trkpt>
      <trkpt lat="35.289708" lon="126.703364">
        <ele>110.5</ele>
      </trkpt>
      <trkpt lat="35.2889709" lon="126.701919">
        <ele>120.25</ele>
      </trkpt>
      <trkpt lat="35.288875" lon="126.701153">
        <ele>121.0</ele>
      </trkpt>
      <trkpt lat="35.288814" lon="126.700367">
        <ele>124.25</ele>
      </trkpt>
      <trkpt lat="35.28884" lon="126.699835">
        <ele>132.5</ele>
      </trkpt>
      <trkpt lat="35.28884" lon="126.699517">
        <ele>136.5</ele>
      </trkpt>
      <trkpt lat="35.287886" lon="126.69823">
        <ele>133.0</ele>
      </trkpt>
      <trkpt lat="35.287478" lon="126.696583">
        <ele>120.75</ele>
      </trkpt>
      <trkpt lat="35.287495" lon="126.696557">
        <ele>124.0</ele>
      </trkpt>
      <trkpt lat="35.287088" lon="126.695521">
        <ele>110.0</ele>
      </trkpt>
      <trkpt lat="35.286707" lon="126.695039">
        <ele>107.0</ele>
      </trkpt>
      <trkpt lat="35.2863479" lon="126.693791">
        <ele>103.0</ele>
      </trkpt>
      <trkpt lat="35.286177" lon="126.69326">
        <ele>105.0</ele>
      </trkpt>
      <trkpt lat="35.285948" lon="126.692727">
        <ele>98.0</ele>
      </trkpt>
      <trkpt lat="35.285652" lon="126.69219">
        <ele>98.0</ele>
      </trkpt>
      <trkpt lat="35.285538" lon="126.692035">
        <ele>99.0</ele>
      </trkpt>
      <trkpt lat="35.285341" lon="126.691852">
        <ele>100.0</ele>
      </trkpt>
      <trkpt lat="35.285151" lon="126.691654">
        <ele>102.0</ele>
      </trkpt>
      <trkpt lat="35.284802" lon="126.691428">
        <ele>100.0</ele>
      </trkpt>
      <trkpt lat="35.284435" lon="126.691206">
        <ele>96.0</ele>
      </trkpt>
      <trkpt lat="35.284369" lon="126.691045">
        <ele>94.0</ele>
      </trkpt>
      <trkpt lat="35.284424" lon="126.690908">
        <ele>93.0</ele>
      </trkpt>
      <trkpt lat="35.284555" lon="126.690651">
        <ele>94.0</ele>
      </trkpt>
      <trkpt lat="35.284605" lon="126.690457">
        <ele>95.0</ele>
      </trkpt>
      <trkpt lat="35.284686" lon="126.690267">
        <ele>96.0</ele>
      </trkpt>
      <trkpt lat="35.284956" lon="126.68983">
        <ele>105.0</ele>
      </trkpt>
      <trkpt lat="35.285155" lon="126.689588">
        <ele>106.0</ele>
      </trkpt>
      <trkpt lat="35.285315" lon="126.689492">
        <ele>105.0</ele>
      </trkpt>
      <trkpt lat="35.285606" lon="126.689368">
        <ele>106.0</ele>
      </trkpt>
      <trkpt lat="35.285715" lon="126.68921">
        <ele>105.0</ele>
      </trkpt>
      <trkpt lat="35.285744" lon="126.688757">
        <ele>104.0</ele>
      </trkpt>
      <trkpt lat="35.285764" lon="126.688379">
        <ele>106.0</ele>
      </trkpt>
      <trkpt lat="35.285792" lon="126.688156">
        <ele>101.0</ele>
      </trkpt>
      <trkpt lat="35.286098" lon="126.688147">
        <ele>99.25</ele>
      </trkpt>
      <trkpt lat="35.286523" lon="126.688129">
        <ele>101.75</ele>
      </trkpt>
      <trkpt lat="35.288663" lon="126.688119">
        <ele>120.0</ele>
      </trkpt>
      <trkpt lat="35.289623" lon="126.687959">
        <ele>120.5</ele>
      </trkpt>
      <trkpt lat="35.290053" lon="126.687739">
        <ele>121.25</ele>
      </trkpt>
      <trkpt lat="35.290403" lon="126.687479">
        <ele>121.0</ele>
      </trkpt>
      <trkpt lat="35.290793" lon="126.686839">
        <ele>121.0</ele>
      </trkpt>
      <trkpt lat="35.290913" lon="126.686549">
        <ele>120.5</ele>
      </trkpt>
      <trkpt lat="35.292563" lon="126.681489">
        <ele>111.5</ele>
      </trkpt>
      <trkpt lat="35.292903" lon="126.680669">
        <ele>109.0</ele>
      </trkpt>
      <trkpt lat="35.293123" lon="126.680289">
        <ele>110.0</ele>
      </trkpt>
      <trkpt lat="35.293603" lon="126.679699">
        <ele>111.75</ele>
      </trkpt>
      <trkpt lat="35.294173" lon="126.679239">
        <ele>116.5</ele>
      </trkpt>
      <trkpt lat="35.294483" lon="126.679079">
        <ele>119.25</ele>
      </trkpt>
      <trkpt lat="35.295203" lon="126.678809">
        <ele>121.25</ele>
      </trkpt>
      <trkpt lat="35.297163" lon="126.678559">
        <ele>132.25</ele>
      </trkpt>
      <trkpt lat="35.297613" lon="126.678389">
        <ele>139.75</ele>
      </trkpt>
      <trkpt lat="35.298383" lon="126.677869">
        <ele>154.25</ele>
      </trkpt>
      <trkpt lat="35.299023" lon="126.677219">
        <ele>168.0</ele>
      </trkpt>
      <trkpt lat="35.299283" lon="126.676819">
        <ele>173.25</ele>
      </trkpt>
      <trkpt lat="35.299433" lon="126.676619">
        <ele>174.75</ele>
      </trkpt>
      <trkpt lat="35.299643" lon="126.676079">
        <ele>172.25</ele>
      </trkpt>
      <trkpt lat="35.300053" lon="126.674769">
        <ele>137.0</ele>
      </trkpt>
      <trkpt lat="35.3005629" lon="126.673629">
        <ele>115.0</ele>
      </trkpt>
      <trkpt lat="35.301093" lon="126.672759">
        <ele>112.0</ele>
      </trkpt>
      <trkpt lat="35.302873" lon="126.670549">
        <ele>111.25</ele>
      </trkpt>
      <trkpt lat="35.303183" lon="126.670279">
        <ele>111.25</ele>
      </trkpt>
      <trkpt lat="35.303693" lon="126.670079">
        <ele>111.25</ele>
      </trkpt>
      <trkpt lat="35.3057329" lon="126.669999">
        <ele>116.5</ele>
      </trkpt>
      <trkpt lat="35.307193" lon="126.668979">
        <ele>115.75</ele>
      </trkpt>
      <trkpt lat="35.306" lon="126.666675">
        <ele>122.75</ele>
      </trkpt>
      <trkpt lat="35.305951" lon="126.666357">
        <ele>126.25</ele>
      </trkpt>
      <trkpt lat="35.306129" lon="126.66348">
        <ele>155.25</ele>
      </trkpt>
      <trkpt lat="35.306027" lon="126.660857">
        <ele>162.5</ele>
      </trkpt>
      <trkpt lat="35.305952" lon="126.660188">
        <ele>162.0</ele>
      </trkpt>
      <trkpt lat="35.30513" lon="126.658278">
        <ele>170.0</ele>
      </trkpt>
      <trkpt lat="35.30438" lon="126.657391">
        <ele>179.25</ele>
      </trkpt>
      <trkpt lat="35.3036559" lon="126.65707">
        <ele>178.75</ele>
      </trkpt>
      <trkpt lat="35.303585" lon="126.656814">
        <ele>174.0</ele>
      </trkpt>
      <trkpt lat="35.303696" lon="126.655454">
        <ele>161.25</ele>
      </trkpt>
      <trkpt lat="35.302421" lon="126.653881">
        <ele>153.5</ele>
      </trkpt>
      <trkpt lat="35.301466" lon="126.653772">
        <ele>138.75</ele>
      </trkpt>
      <trkpt lat="35.300471" lon="126.653108">
        <ele>136.75</ele>
      </trkpt>
      <trkpt lat="35.300191" lon="126.652961">
        <ele>136.75</ele>
      </trkpt>
      <trkpt lat="35.299276" lon="126.652738">
        <ele>130.0</ele>
      </trkpt>
      <trkpt lat="35.299103" lon="126.65264">
        <ele>128.5</ele>
      </trkpt>
      <trkpt lat="35.297598" lon="126.650632">
        <ele>121.75</ele>
      </trkpt>
      <trkpt lat="35.297047" lon="126.650235">
        <ele>117.25</ele>
      </trkpt>
      <trkpt lat="35.296363" lon="126.649233">
        <ele>114.0</ele>
      </trkpt>
      <trkpt lat="35.296132" lon="126.649157">
        <ele>112.5</ele>
      </trkpt>
      <trkpt lat="35.295768" lon="126.649119">
        <ele>109.75</ele>
      </trkpt>
      <trkpt lat="35.29539" lon="126.648896">
        <ele>106.75</ele>
      </trkpt>
      <trkpt lat="35.29519" lon="126.648765">
        <ele>106.0</ele>
      </trkpt>
      <trkpt lat="35.294058" lon="126.648782">
        <ele>111.0</ele>
      </trkpt>
      <trkpt lat="35.29388" lon="126.648684">
        <ele>111.5</ele>
      </trkpt>
      <trkpt lat="35.293116" lon="126.647813">
        <ele>101.25</ele>
      </trkpt>
      <trkpt lat="35.2923029" lon="126.647356">
        <ele>98.0</ele>
      </trkpt>
      <trkpt lat="35.291695" lon="126.646355">
        <ele>94.25</ele>
      </trkpt>
      <trkpt lat="35.29066" lon="126.645571">
        <ele>93.0</ele>
      </trkpt>
      <trkpt lat="35.289878" lon="126.645691">
        <ele>92.5</ele>
      </trkpt>
      <trkpt lat="35.2880899" lon="126.64382">
        <ele>101.5</ele>
      </trkpt>
      <trkpt lat="35.28867" lon="126.64267">
        <ele>110.0</ele>
      </trkpt>
      <trkpt lat="35.28938" lon="126.64197">
        <ele>110.0</ele>
      </trkpt>
      <trkpt lat="35.28945" lon="126.64196">
        <ele>108.75</ele>
      </trkpt>
      <trkpt lat="35.2898" lon="126.64202">
        <ele>106.5</ele>
      </trkpt>
      <trkpt lat="35.29034" lon="126.64209">
        <ele>108.5</ele>
      </trkpt>
      <trkpt lat="35.29047" lon="126.64207">
        <ele>109.0</ele>
      </trkpt>
      <trkpt lat="35.2908" lon="126.64199">
        <ele>110.5</ele>
      </trkpt>
      <trkpt lat="35.29167" lon="126.64162">
        <ele>116.0</ele>
      </trkpt>
      <trkpt lat="35.29186" lon="126.64152">
        <ele>117.25</ele>
      </trkpt>
      <trkpt lat="35.29231" lon="126.64116">
        <ele>122.75</ele>
      </trkpt>
      <trkpt lat="35.2929" lon="126.64067">
        <ele>128.25</ele>
      </trkpt>
      <trkpt lat="35.2938" lon="126.63975">
        <ele>129.5</ele>
      </trkpt>
      <trkpt lat="35.29422" lon="126.63829">
        <ele>143.75</ele>
      </trkpt>
      <trkpt lat="35.29498" lon="126.63715">
        <ele>136.5</ele>
      </trkpt>
      <trkpt lat="35.29551" lon="126.6358">
        <ele>133.0</ele>
      </trkpt>
      <trkpt lat="35.29567" lon="126.63563">
        <ele>134.0</ele>
      </trkpt>
      <trkpt lat="35.2958" lon="126.63551">
        <ele>134.75</ele>
      </trkpt>
      <trkpt lat="35.29648" lon="126.6353">
        <ele>138.5</ele>
      </trkpt>
      <trkpt lat="35.2967" lon="126.63513">
        <ele>141.0</ele>
      </trkpt>
      <trkpt lat="35.2969099" lon="126.63495">
        <ele>143.75</ele>
      </trkpt>
      <trkpt lat="35.29736" lon="126.6345">
        <ele>148.5</ele>
      </trkpt>
      <trkpt lat="35.29807" lon="126.63336">
        <ele>154.0</ele>
      </trkpt>
      <trkpt lat="35.29809" lon="126.63278">
        <ele>157.5</ele>
      </trkpt>
      <trkpt lat="35.29758" lon="126.63154">
        <ele>162.0</ele>
      </trkpt>
      <trkpt lat="35.29728" lon="126.62974">
        <ele>168.5</ele>
      </trkpt>
      <trkpt lat="35.29727" lon="126.62945">
        <ele>169.25</ele>
      </trkpt>
      <trkpt lat="35.29736" lon="126.62931">
        <ele>170.5</ele>
      </trkpt>
      <trkpt lat="35.29743" lon="126.62925">
        <ele>171.25</ele>
      </trkpt>
      <trkpt lat="35.29764" lon="126.62912">
        <ele>173.25</ele>
      </trkpt>
      <trkpt lat="35.29784" lon="126.62889">
        <ele>173.5</ele>
      </trkpt>
      <trkpt lat="35.29807" lon="126.62857">
        <ele>176.5</ele>
      </trkpt>
      <trkpt lat="35.29882" lon="126.62813">
        <ele>184.5</ele>
      </trkpt>
      <trkpt lat="35.29919" lon="126.62711">
        <ele>192.0</ele>
      </trkpt>
      <trkpt lat="35.29948" lon="126.62677">
        <ele>193.25</ele>
      </trkpt>
      <trkpt lat="35.30066" lon="126.6263">
        <ele>200.25</ele>
      </trkpt>
      <trkpt lat="35.30232" lon="126.62528">
        <ele>220.5</ele>
      </trkpt>
      <trkpt lat="35.30324" lon="126.62533">
        <ele>225.75</ele>
      </trkpt>
      <trkpt lat="35.3034899" lon="126.62519">
        <ele>224.75</ele>
      </trkpt>
      <trkpt lat="35.30359" lon="126.6251">
        <ele>224.5</ele>
      </trkpt>
      <trkpt lat="35.30383" lon="126.62456">
        <ele>227.0</ele>
      </trkpt>
      <trkpt lat="35.3050799" lon="126.62417">
        <ele>222.75</ele>
      </trkpt>
      <trkpt lat="35.30539" lon="126.624079">
        <ele>220.75</ele>
      </trkpt>
      <trkpt lat="35.30609" lon="126.62345">
        <ele>224.0</ele>
      </trkpt>
      <trkpt lat="35.3072299" lon="126.62294">
        <ele>203.0</ele>
      </trkpt>
      <trkpt lat="35.30775" lon="126.62179">
        <ele>199.25</ele>
      </trkpt>
      <trkpt lat="35.30853" lon="126.62117">
        <ele>177.25</ele>
      </trkpt>
      <trkpt lat="35.30835" lon="126.62036">
        <ele>161.75</ele>
      </trkpt>
      <trkpt lat="35.3076" lon="126.61985">
        <ele>171.75</ele>
      </trkpt>
      <trkpt lat="35.30729" lon="126.61901">
        <ele>184.25</ele>
      </trkpt>
      <trkpt lat="35.30776" lon="126.61842">
        <ele>168.75</ele>
      </trkpt>
      <trkpt lat="35.30783" lon="126.61823">
        <ele>166.25</ele>
      </trkpt>
      <trkpt lat="35.30792" lon="126.61781">
        <ele>161.25</ele>
      </trkpt>
      <trkpt lat="35.30787" lon="126.61731">
        <ele>150.5</ele>
      </trkpt>
      <trkpt lat="35.3072" lon="126.61623">
        <ele>155.25</ele>
      </trkpt>
      <trkpt lat="35.30741" lon="126.61551">
        <ele>145.75</ele>
      </trkpt>
      <trkpt lat="35.3075199" lon="126.6142">
        <ele>134.5</ele>
      </trkpt>
      <trkpt lat="35.30751" lon="126.61378">
        <ele>131.25</ele>
      </trkpt>
      <trkpt lat="35.30724" lon="126.61306">
        <ele>134.25</ele>
      </trkpt>
      <trkpt lat="35.30738" lon="126.61168">
        <ele>119.5</ele>
      </trkpt>
      <trkpt lat="35.30767" lon="126.61036">
        <ele>120.25</ele>
      </trkpt>
      <trkpt lat="35.30769" lon="126.6103">
        <ele>121.25</ele>
      </trkpt>
      <trkpt lat="35.30951" lon="126.60904">
        <ele>96.0</ele>
      </trkpt>
      <trkpt lat="35.30978" lon="126.60877">
        <ele>94.0</ele>
      </trkpt>
      <trkpt lat="35.3098699" lon="126.60865">
        <ele>93.25</ele>
      </trkpt>
      <trkpt lat="35.31046" lon="126.6074">
        <ele>86.0</ele>
      </trkpt>
      <trkpt lat="35.31073" lon="126.60724">
        <ele>82.5</ele>
      </trkpt>
      <trkpt lat="35.31103" lon="126.60712">
        <ele>80.0</ele>
      </trkpt>
      <trkpt lat="35.31147" lon="126.60704">
        <ele>75.25</ele>
      </trkpt>
      <trkpt lat="35.31187" lon="126.607">
        <ele>71.25</ele>
      </trkpt>
      <trkpt lat="35.31203" lon="126.60704">
        <ele>69.5</ele>
      </trkpt>
      <trkpt lat="35.3121099" lon="126.60707">
        <ele>69.0</ele>
      </trkpt>
      <trkpt lat="35.3142" lon="126.60832">
        <ele>57.5</ele>
      </trkpt>
      <trkpt lat="35.31589" lon="126.60758">
        <ele>47.25</ele>
      </trkpt>
      <trkpt lat="35.31636" lon="126.60728">
        <ele>45.25</ele>
      </trkpt>
      <trkpt lat="35.31664" lon="126.6069">
        <ele>44.0</ele>
      </trkpt>
      <trkpt lat="35.3167339" lon="126.6062">
        <ele>44.5</ele>
      </trkpt>
      <trkpt lat="35.31652" lon="126.60247">
        <ele>37.75</ele>
      </trkpt>
      <trkpt lat="35.31575" lon="126.6009">
        <ele>34.25</ele>
      </trkpt>
      <trkpt lat="35.31504" lon="126.5997">
        <ele>39.5</ele>
      </trkpt>
      <trkpt lat="35.31464" lon="126.59944">
        <ele>41.75</ele>
      </trkpt>
      <trkpt lat="35.31351" lon="126.59925">
        <ele>44.25</ele>
      </trkpt>
      <trkpt lat="35.31265" lon="126.59874">
        <ele>50.25</ele>
      </trkpt>
      <trkpt lat="35.3118399" lon="126.598">
        <ele>52.0</ele>
      </trkpt>
      <trkpt lat="35.3114009" lon="126.597248">
        <ele>53.75</ele>
      </trkpt>
      <trkpt lat="35.311258" lon="126.596842">
        <ele>54.5</ele>
      </trkpt>
      <trkpt lat="35.31051" lon="126.59477">
        <ele>57.5</ele>
      </trkpt>
      <trkpt lat="35.30962" lon="126.59275">
        <ele>46.25</ele>
      </trkpt>
      <trkpt lat="35.30792" lon="126.58978">
        <ele>53.5</ele>
      </trkpt>
      <trkpt lat="35.30755" lon="126.58926">
        <ele>50.75</ele>
      </trkpt>
      <trkpt lat="35.30731" lon="126.58896">
        <ele>49.25</ele>
      </trkpt>
      <trkpt lat="35.30647" lon="126.58816">
        <ele>45.0</ele>
      </trkpt>
      <trkpt lat="35.30603" lon="126.58681">
        <ele>41.25</ele>
      </trkpt>
      <trkpt lat="35.30583" lon="126.5847">
        <ele>37.0</ele>
      </trkpt>
      <trkpt lat="35.30432" lon="126.583424">
        <ele>35.25</ele>
      </trkpt>
      <trkpt lat="35.302733" lon="126.58255">
        <ele>42.5</ele>
      </trkpt>
      <trkpt lat="35.302432" lon="126.582143">
        <ele>40.75</ele>
      </trkpt>
      <trkpt lat="35.3021" lon="126.580834">
        <ele>36.5</ele>
      </trkpt>
      <trkpt lat="35.30107" lon="126.578296">
        <ele>32.75</ele>
      </trkpt>
      <trkpt lat="35.300118" lon="126.574988">
        <ele>25.5</ele>
      </trkpt>
      <trkpt lat="35.298082" lon="126.571611">
        <ele>26.25</ele>
      </trkpt>
      <trkpt lat="35.297961" lon="126.571351">
        <ele>26.75</ele>
      </trkpt>
      <trkpt lat="35.297933" lon="126.571146">
        <ele>27.75</ele>
      </trkpt>
      <trkpt lat="35.298112" lon="126.570448">
        <ele>33.5</ele>
      </trkpt>
      <trkpt lat="35.29925" lon="126.569869">
        <ele>29.0</ele>
      </trkpt>
      <trkpt lat="35.30107" lon="126.56816">
        <ele>36.75</ele>
      </trkpt>
      <trkpt lat="35.302088" lon="126.567665">
        <ele>30.5</ele>
      </trkpt>
      <trkpt lat="35.30359" lon="126.56592">
        <ele>27.0</ele>
      </trkpt>
      <trkpt lat="35.30521" lon="126.56467">
        <ele>21.0</ele>
      </trkpt>
      <trkpt lat="35.3068" lon="126.56206">
        <ele>28.25</ele>
      </trkpt>
      <trkpt lat="35.30849" lon="126.55827">
        <ele>20.75</ele>
      </trkpt>
      <trkpt lat="35.308494" lon="126.558256">
        <ele>20.75</ele>
      </trkpt>
      <trkpt lat="35.309067" lon="126.5575">
        <ele>18.0</ele>
      </trkpt>
      <trkpt lat="35.3082" lon="126.55543">
        <ele>18.0</ele>
      </trkpt>
      <trkpt lat="35.308323" lon="126.555215">
        <ele>17.0</ele>
      </trkpt>
      <trkpt lat="35.308743" lon="126.554604">
        <ele>13.0</ele>
      </trkpt>
      <trkpt lat="35.308419" lon="126.554174">
        <ele>14.0</ele>
      </trkpt>
      <trkpt lat="35.30827" lon="126.553702">
        <ele>15.0</ele>
      </trkpt>
      <trkpt lat="35.308261" lon="126.553005">
        <ele>13.0</ele>
      </trkpt>
      <trkpt lat="35.308375" lon="126.552651">
        <ele>13.0</ele>
      </trkpt>
      <trkpt lat="35.308323" lon="126.552265">
        <ele>15.0</ele>
      </trkpt>
      <trkpt lat="35.3081559" lon="126.551964">
        <ele>15.0</ele>
      </trkpt>
      <trkpt lat="35.307911" lon="126.551857">
        <ele>14.0</ele>
      </trkpt>
      <trkpt lat="35.3075959" lon="126.551836">
        <ele>13.0</ele>
      </trkpt>
      <trkpt lat="35.30736" lon="126.551911">
        <ele>13.0</ele>
      </trkpt>
      <trkpt lat="35.307211" lon="126.551868">
        <ele>13.0</ele>
      </trkpt>
      <trkpt lat="35.306078" lon="126.548398">
        <ele>16.75</ele>
      </trkpt>
      <trkpt lat="35.305132" lon="126.546348">
        <ele>22.75</ele>
      </trkpt>
      <trkpt lat="35.304302" lon="126.544971">
        <ele>22.5</ele>
      </trkpt>
      <trkpt lat="35.302772" lon="126.543127">
        <ele>14.75</ele>
      </trkpt>
      <trkpt lat="35.29531" lon="126.536015">
        <ele>27.0</ele>
      </trkpt>
      <trkpt lat="35.290622" lon="126.531925">
        <ele>33.0</ele>
      </trkpt>
      <trkpt lat="35.289326" lon="126.530412">
        <ele>45.5</ele>
      </trkpt>
      <trkpt lat="35.288778" lon="126.529146">
        <ele>36.0</ele>
      </trkpt>
      <trkpt lat="35.288581" lon="126.528459">
        <ele>31.75</ele>
      </trkpt>
      <trkpt lat="35.288493" lon="126.528082">
        <ele>30.25</ele>
      </trkpt>
      <trkpt lat="35.287525" lon="126.520647">
        <ele>43.0</ele>
      </trkpt>
      <trkpt lat="35.28747" lon="126.520157">
        <ele>42.75</ele>
      </trkpt>
      <trkpt lat="35.287145" lon="126.517382">
        <ele>53.75</ele>
      </trkpt>
      <trkpt lat="35.286349" lon="126.506154">
        <ele>23.0</ele>
      </trkpt>
      <trkpt lat="35.28487" lon="126.50265">
        <ele>22.5</ele>
      </trkpt>
      <trkpt lat="35.28435" lon="126.50169">
        <ele>23.75</ele>
      </trkpt>
      <trkpt lat="35.284067" lon="126.501307">
        <ele>24.25</ele>
      </trkpt>
      <trkpt lat="35.283842" lon="126.501053">
        <ele>25.0</ele>
      </trkpt>
      <trkpt lat="35.283654" lon="126.500878">
        <ele>25.75</ele>
      </trkpt>
      <trkpt lat="35.28338" lon="126.500724">
        <ele>26.75</ele>
      </trkpt>
      <trkpt lat="35.280972" lon="126.499582">
        <ele>26.0</ele>
      </trkpt>
      <trkpt lat="35.280098" lon="126.499536">
        <ele>26.0</ele>
      </trkpt>
      <trkpt lat="35.274098" lon="126.501933">
        <ele>35.25</ele>
      </trkpt>
      <trkpt lat="35.273463" lon="126.502358">
        <ele>35.5</ele>
      </trkpt>
      <trkpt lat="35.273124" lon="126.502866">
        <ele>36.25</ele>
      </trkpt>
      <trkpt lat="35.272951" lon="126.502845">
        <ele>35.5</ele>
      </trkpt>
      <trkpt lat="35.272441" lon="126.500871">
        <ele>26.25</ele>
      </trkpt>
      <trkpt lat="35.271427" lon="126.49867">
        <ele>23.5</ele>
      </trkpt>
      <trkpt lat="35.27084" lon="126.49796">
        <ele>24.25</ele>
      </trkpt>
      <trkpt lat="35.27075" lon="126.49786">
        <ele>24.25</ele>
      </trkpt>
      <trkpt lat="35.268029" lon="126.495674">
        <ele>20.75</ele>
      </trkpt>
      <trkpt lat="35.26704" lon="126.494737">
        <ele>22.25</ele>
      </trkpt>
      <trkpt lat="35.26659" lon="126.494193">
        <ele>22.0</ele>
      </trkpt>
      <trkpt lat="35.2653" lon="126.491992">
        <ele>23.0</ele>
      </trkpt>
      <trkpt lat="35.26194" lon="126.48887">
        <ele>23.0</ele>
      </trkpt>
      <trkpt lat="35.25932" lon="126.48761">
        <ele>16.0</ele>
      </trkpt>
      <trkpt lat="35.25742" lon="126.48702">
        <ele>12.0</ele>
      </trkpt>
      <trkpt lat="35.2569299" lon="126.48673">
        <ele>10.5</ele>
      </trkpt>
      <trkpt lat="35.2563" lon="126.48481">
        <ele>11.5</ele>
      </trkpt>
      <trkpt lat="35.255956" lon="126.483127">
        <ele>10.75</ele>
      </trkpt>
      <trkpt lat="35.2557789" lon="126.482786">
        <ele>11.5</ele>
      </trkpt>
      <trkpt lat="35.2556439" lon="126.482641">
        <ele>12.25</ele>
      </trkpt>
      <trkpt lat="35.253757" lon="126.481186">
        <ele>10.0</ele>
      </trkpt>
      <trkpt lat="35.253504" lon="126.480856">
        <ele>8.75</ele>
      </trkpt>
      <trkpt lat="35.25254" lon="126.47767">
        <ele>8.25</ele>
      </trkpt>
      <trkpt lat="35.24907" lon="126.47045">
        <ele>9.25</ele>
      </trkpt>
      <trkpt lat="35.24904" lon="126.47035">
        <ele>9.0</ele>
      </trkpt>
      <trkpt lat="35.24903" lon="126.47005">
        <ele>8.5</ele>
      </trkpt>
      <trkpt lat="35.2494" lon="126.46774">
        <ele>8.75</ele>
      </trkpt>
      <trkpt lat="35.2495199" lon="126.46716">
        <ele>8.25</ele>
      </trkpt>
      <trkpt lat="35.2495059" lon="126.466712">
        <ele>9.0</ele>
      </trkpt>
      <trkpt lat="35.248333" lon="126.466246">
        <ele>11.0</ele>
      </trkpt>
      <trkpt lat="35.248" lon="126.465868">
        <ele>20.75</ele>
      </trkpt>
      <trkpt lat="35.247915" lon="126.465259">
        <ele>17.25</ele>
      </trkpt>
      <trkpt lat="35.2479" lon="126.46492">
        <ele>14.0</ele>
      </trkpt>
      <trkpt lat="35.24782" lon="126.46449">
        <ele>11.5</ele>
      </trkpt>
      <trkpt lat="35.24775" lon="126.46411">
        <ele>9.25</ele>
      </trkpt>
      <trkpt lat="35.24761" lon="126.46326">
        <ele>11.25</ele>
      </trkpt>
      <trkpt lat="35.2475" lon="126.46276">
        <ele>12.0</ele>
      </trkpt>
      <trkpt lat="35.2471" lon="126.46194">
        <ele>12.75</ele>
      </trkpt>
      <trkpt lat="35.2467" lon="126.46109">
        <ele>10.75</ele>
      </trkpt>
      <trkpt lat="35.24622" lon="126.45999">
        <ele>14.75</ele>
      </trkpt>
      <trkpt lat="35.24603" lon="126.45952">
        <ele>12.25</ele>
      </trkpt>
      <trkpt lat="35.24582" lon="126.45906">
        <ele>8.75</ele>
      </trkpt>
      <trkpt lat="35.24535" lon="126.45828">
        <ele>8.25</ele>
      </trkpt>
      <trkpt lat="35.245067" lon="126.457866">
        <ele>9.0</ele>
      </trkpt>
      <trkpt lat="35.244276" lon="126.45671">
        <ele>10.0</ele>
      </trkpt>
      <trkpt lat="35.2431" lon="126.45483">
        <ele>9.0</ele>
      </trkpt>
      <trkpt lat="35.242769" lon="126.454235">
        <ele>9.25</ele>
      </trkpt>
      <trkpt lat="35.242302" lon="126.453398">
        <ele>9.75</ele>
      </trkpt>
      <trkpt lat="35.24213" lon="126.45309">
        <ele>9.5</ele>
      </trkpt>
      <trkpt lat="35.24176" lon="126.45246">
        <ele>9.5</ele>
      </trkpt>
      <trkpt lat="35.241544" lon="126.452075">
        <ele>9.5</ele>
      </trkpt>
      <trkpt lat="35.241472" lon="126.451702">
        <ele>9.0</ele>
      </trkpt>
      <trkpt lat="35.241442" lon="126.451176">
        <ele>7.75</ele>
      </trkpt>
      <trkpt lat="35.241453" lon="126.449759">
        <ele>6.25</ele>
      </trkpt>
      <trkpt lat="35.2415019" lon="126.449105">
        <ele>8.0</ele>
      </trkpt>
      <trkpt lat="35.241514" lon="126.448772">
        <ele>7.25</ele>
      </trkpt>
      <trkpt lat="35.241549" lon="126.448262">
        <ele>6.5</ele>
      </trkpt>
      <trkpt lat="35.2416259" lon="126.446029">
        <ele>10.0</ele>
      </trkpt>
      <trkpt lat="35.24169" lon="126.444771">
        <ele>13.0</ele>
      </trkpt>
      <trkpt lat="35.2418059" lon="126.44298">
        <ele>15.75</ele>
      </trkpt>
      <trkpt lat="35.241948" lon="126.441747">
        <ele>18.0</ele>
      </trkpt>
      <trkpt lat="35.241976" lon="126.441089">
        <ele>13.75</ele>
      </trkpt>
      <trkpt lat="35.24187" lon="126.44055">
        <ele>11.0</ele>
      </trkpt>
      <trkpt lat="35.241613" lon="126.43957">
        <ele>6.0</ele>
      </trkpt>
      <trkpt lat="35.241563" lon="126.439243">
        <ele>4.75</ele>
      </trkpt>
      <trkpt lat="35.241423" lon="126.438487">
        <ele>4.75</ele>
      </trkpt>
      <trkpt lat="35.241281" lon="126.437713">
        <ele>4.75</ele>
      </trkpt>
      <trkpt lat="35.2411699" lon="126.43661">
        <ele>6.75</ele>
      </trkpt>
      <trkpt lat="35.24125" lon="126.43599">
        <ele>6.0</ele>
      </trkpt>
      <trkpt lat="35.24159" lon="126.43518">
        <ele>6.0</ele>
      </trkpt>
      <trkpt lat="35.241767" lon="126.434762">
        <ele>6.5</ele>
      </trkpt>
      <trkpt lat="35.2420199" lon="126.43405">
        <ele>7.0</ele>
      </trkpt>
      <trkpt lat="35.24223" lon="126.43355">
        <ele>6.25</ele>
      </trkpt>
      <trkpt lat="35.24232" lon="126.43323">
        <ele>5.75</ele>
      </trkpt>
      <trkpt lat="35.242302" lon="126.432778">
        <ele>6.0</ele>
      </trkpt>
      <trkpt lat="35.24187" lon="126.43188">
        <ele>8.75</ele>
      </trkpt>
      <trkpt lat="35.24165" lon="126.43157">
        <ele>9.5</ele>
      </trkpt>
      <trkpt lat="35.241325" lon="126.431038">
        <ele>8.75</ele>
      </trkpt>
      <trkpt lat="35.240974" lon="126.430578">
        <ele>8.75</ele>
      </trkpt>
      <trkpt lat="35.240739" lon="126.430342">
        <ele>9.0</ele>
      </trkpt>
      <trkpt lat="35.2403199" lon="126.42984">
        <ele>9.5</ele>
      </trkpt>
      <trkpt lat="35.24008" lon="126.42943">
        <ele>9.25</ele>
      </trkpt>
      <trkpt lat="35.2398" lon="126.42912">
        <ele>10.75</ele>
      </trkpt>
      <trkpt lat="35.23945" lon="126.42882">
        <ele>12.0</ele>
      </trkpt>
      <trkpt lat="35.23916" lon="126.4286">
        <ele>12.25</ele>
      </trkpt>
      <trkpt lat="35.23833" lon="126.42805">
        <ele>12.25</ele>
      </trkpt>
      <trkpt lat="35.23783" lon="126.42767">
        <ele>11.75</ele>
      </trkpt>
      <trkpt lat="35.23739" lon="126.42722">
        <ele>11.0</ele>
      </trkpt>
      <trkpt lat="35.236989" lon="126.426695">
        <ele>14.0</ele>
      </trkpt>
      <trkpt lat="35.236391" lon="126.425912">
        <ele>17.75</ele>
      </trkpt>
      <trkpt lat="35.23606" lon="126.42548">
        <ele>20.5</ele>
      </trkpt>
      <trkpt lat="35.23558" lon="126.42499">
        <ele>21.75</ele>
      </trkpt>
      <trkpt lat="35.23506" lon="126.4246">
        <ele>24.5</ele>
      </trkpt>
      <trkpt lat="35.23448" lon="126.42425">
        <ele>19.0</ele>
      </trkpt>
      <trkpt lat="35.23405" lon="126.424">
        <ele>17.0</ele>
      </trkpt>
      <trkpt lat="35.2338499" lon="126.42376">
        <ele>14.75</ele>
      </trkpt>
      <trkpt lat="35.2337459" lon="126.42335">
        <ele>12.0</ele>
      </trkpt>
      <trkpt lat="35.23364" lon="126.42294">
        <ele>12.25</ele>
      </trkpt>
      <trkpt lat="35.23344" lon="126.42254">
        <ele>12.0</ele>
      </trkpt>
      <trkpt lat="35.23318" lon="126.42226">
        <ele>13.0</ele>
      </trkpt>
      <trkpt lat="35.23281" lon="126.42198">
        <ele>14.25</ele>
      </trkpt>
      <trkpt lat="35.23203" lon="126.42151">
        <ele>16.0</ele>
      </trkpt>
      <trkpt lat="35.2312299" lon="126.42099">
        <ele>19.25</ele>
      </trkpt>
      <trkpt lat="35.2308" lon="126.42075">
        <ele>20.5</ele>
      </trkpt>
      <trkpt lat="35.2304" lon="126.4204">
        <ele>22.25</ele>
      </trkpt>
      <trkpt lat="35.22996" lon="126.41998">
        <ele>23.0</ele>
      </trkpt>
      <trkpt lat="35.2294399" lon="126.41912">
        <ele>26.5</ele>
      </trkpt>
      <trkpt lat="35.2288799" lon="126.41781">
        <ele>27.75</ele>
      </trkpt>
      <trkpt lat="35.22818" lon="126.41696">
        <ele>29.5</ele>
      </trkpt>
      <trkpt lat="35.22765" lon="126.41629">
        <ele>32.75</ele>
      </trkpt>
      <trkpt lat="35.22731" lon="126.41481">
        <ele>36.75</ele>
      </trkpt>
      <trkpt lat="35.22715" lon="126.41396">
        <ele>39.25</ele>
      </trkpt>
      <trkpt lat="35.22679" lon="126.41297">
        <ele>34.5</ele>
      </trkpt>
      <trkpt lat="35.22652" lon="126.41216">
        <ele>34.25</ele>
      </trkpt>
      <trkpt lat="35.22624" lon="126.41143">
        <ele>32.25</ele>
      </trkpt>
      <trkpt lat="35.22612" lon="126.41105">
        <ele>30.5</ele>
      </trkpt>
      <trkpt lat="35.22608" lon="126.4102">
        <ele>29.25</ele>
      </trkpt>
      <trkpt lat="35.226115" lon="126.409298">
        <ele>26.75</ele>
      </trkpt>
      <trkpt lat="35.22604" lon="126.40854">
        <ele>24.0</ele>
      </trkpt>
      <trkpt lat="35.2258" lon="126.408">
        <ele>21.25</ele>
      </trkpt>
      <trkpt lat="35.22529" lon="126.40726">
        <ele>17.75</ele>
      </trkpt>
      <trkpt lat="35.22454" lon="126.40618">
        <ele>12.25</ele>
      </trkpt>
      <trkpt lat="35.22424" lon="126.40539">
        <ele>11.0</ele>
      </trkpt>
      <trkpt lat="35.22419" lon="126.40491">
        <ele>10.75</ele>
      </trkpt>
      <trkpt lat="35.22415" lon="126.40388">
        <ele>9.5</ele>
      </trkpt>
      <trkpt lat="35.2240899" lon="126.40339">
        <ele>8.5</ele>
      </trkpt>
      <trkpt lat="35.22393" lon="126.40294">
        <ele>8.25</ele>
      </trkpt>
      <trkpt lat="35.223703" lon="126.402508">
        <ele>8.25</ele>
      </trkpt>
      <trkpt lat="35.22351" lon="126.40214">
        <ele>8.25</ele>
      </trkpt>
      <trkpt lat="35.22303" lon="126.4014">
        <ele>8.25</ele>
      </trkpt>
      <trkpt lat="35.2228009" lon="126.400939">
        <ele>8.5</ele>
      </trkpt>
      <trkpt lat="35.222703" lon="126.400291">
        <ele>5.0</ele>
      </trkpt>
      <trkpt lat="35.2227559" lon="126.399046">
        <ele>1.0</ele>
      </trkpt>
      <trkpt lat="35.222764" lon="126.398091">
        <ele>1.0</ele>
      </trkpt>
      <trkpt lat="35.223124" lon="126.395602">
        <ele>1.0</ele>
      </trkpt>
      <trkpt lat="35.223159" lon="126.39454">
        <ele>0.0</ele>
      </trkpt>
      <trkpt lat="35.223492" lon="126.392931">
        <ele>3.0</ele>
      </trkpt>
      <trkpt lat="35.223439" lon="126.392448">
        <ele>1.0</ele>
      </trkpt>
      <trkpt lat="35.2190129" lon="126.377857">
        <ele>4.0</ele>
      </trkpt>
      <trkpt lat="35.217812" lon="126.376204">
        <ele>6.0</ele>
      </trkpt>
      <trkpt lat="35.217567" lon="126.375046">
        <ele>6.0</ele>
      </trkpt>
      <trkpt lat="35.217234" lon="126.374788">
        <ele>3.0</ele>
      </trkpt>
      <trkpt lat="35.212972" lon="126.376887">
        <ele>6.5</ele>
      </trkpt>
      <trkpt lat="35.212877" lon="126.376934">
        <ele>8.0</ele>
      </trkpt>
      <trkpt lat="35.2119" lon="126.377031">
        <ele>2.0</ele>
      </trkpt>
      <trkpt lat="35.2105109" lon="126.378028">
        <ele>4.0</ele>
      </trkpt>
      <trkpt lat="35.210177" lon="126.378275">
        <ele>0.0</ele>
      </trkpt>
      <trkpt lat="35.209971" lon="126.378602">
        <ele>1.0</ele>
      </trkpt>
      <trkpt lat="35.209866" lon="126.379042">
        <ele>1.0</ele>
      </trkpt>
      <trkpt lat="35.209888" lon="126.379412">
        <ele>2.0</ele>
      </trkpt>
      <trkpt lat="35.210028" lon="126.379761">
        <ele>2.0</ele>
      </trkpt>
      <trkpt lat="35.210291" lon="126.380228">
        <ele>1.0</ele>
      </trkpt>
      <trkpt lat="35.210401" lon="126.380684">
        <ele>2.0</ele>
      </trkpt>
      <trkpt lat="35.210379" lon="126.381145">
        <ele>3.0</ele>
      </trkpt>
      <trkpt lat="35.208635" lon="126.385705">
        <ele>3.0</ele>
      </trkpt>
      <trkpt lat="35.20831" lon="126.386257">
        <ele>3.0</ele>
      </trkpt>
      <trkpt lat="35.207933" lon="126.386676">
        <ele>4.0</ele>
      </trkpt>
      <trkpt lat="35.207228" lon="126.386923">
        <ele>3.0</ele>
      </trkpt>
      <trkpt lat="35.206781" lon="126.386944">
        <ele>2.0</ele>
      </trkpt>
      <trkpt lat="35.206189" lon="126.386729">
        <ele>2.0</ele>
      </trkpt>
      <trkpt lat="35.205076" lon="126.386107">
        <ele>4.0</ele>
      </trkpt>
      <trkpt lat="35.204357" lon="126.38571">
        <ele>3.0</ele>
      </trkpt>
      <trkpt lat="35.202875" lon="126.384852">
        <ele>2.0</ele>
      </trkpt>
      <trkpt lat="35.201963" lon="126.384348">
        <ele>2.0</ele>
      </trkpt>
      <trkpt lat="35.20143" lon="126.38412">
        <ele>2.75</ele>
      </trkpt>
      <trkpt lat="35.200996" lon="126.383834">
        <ele>3.25</ele>
      </trkpt>
      <trkpt lat="35.2006299" lon="126.383639">
        <ele>3.75</ele>
      </trkpt>
      <trkpt lat="35.200054" lon="126.383322">
        <ele>4.75</ele>
      </trkpt>
      <trkpt lat="35.19976" lon="126.383169">
        <ele>4.25</ele>
      </trkpt>
      <trkpt lat="35.198141" lon="126.382201">
        <ele>4.25</ele>
      </trkpt>
      <trkpt lat="35.197892" lon="126.382048">
        <ele>4.75</ele>
      </trkpt>
      <trkpt lat="35.197487" lon="126.381803">
        <ele>5.0</ele>
      </trkpt>
      <trkpt lat="35.196526" lon="126.381339">
        <ele>6.0</ele>
      </trkpt>
      <trkpt lat="35.196047" lon="126.381109">
        <ele>6.5</ele>
      </trkpt>
      <trkpt lat="35.1955" lon="126.380821">
        <ele>6.5</ele>
      </trkpt>
      <trkpt lat="35.19515" lon="126.3807">
        <ele>7.0</ele>
      </trkpt>
      <trkpt lat="35.1943399" lon="126.38041">
        <ele>9.0</ele>
      </trkpt>
      <trkpt lat="35.1935379" lon="126.38018">
        <ele>12.75</ele>
      </trkpt>
      <trkpt lat="35.193159" lon="126.379957">
        <ele>13.5</ele>
      </trkpt>
      <trkpt lat="35.192803" lon="126.37961">
        <ele>14.25</ele>
      </trkpt>
      <trkpt lat="35.192438" lon="126.379262">
        <ele>14.0</ele>
      </trkpt>
      <trkpt lat="35.191983" lon="126.378687">
        <ele>10.75</ele>
      </trkpt>
      <trkpt lat="35.191755" lon="126.378373">
        <ele>10.0</ele>
      </trkpt>
      <trkpt lat="35.191346" lon="126.377918">
        <ele>6.75</ele>
      </trkpt>
      <trkpt lat="35.190869" lon="126.377595">
        <ele>3.5</ele>
      </trkpt>
      <trkpt lat="35.19042" lon="126.37735">
        <ele>2.75</ele>
      </trkpt>
      <trkpt lat="35.189351" lon="126.376819">
        <ele>2.0</ele>
      </trkpt>
      <trkpt lat="35.18848" lon="126.376315">
        <ele>3.5</ele>
      </trkpt>
      <trkpt lat="35.187639" lon="126.375856">
        <ele>3.25</ele>
      </trkpt>
      <trkpt lat="35.187156" lon="126.375578">
        <ele>1.5</ele>
      </trkpt>
      <trkpt lat="35.18653" lon="126.375226">
        <ele>0.5</ele>
      </trkpt>
      <trkpt lat="35.18617" lon="126.375029">
        <ele>1.0</ele>
      </trkpt>
      <trkpt lat="35.185872" lon="126.374867">
        <ele>2.0</ele>
      </trkpt>
      <trkpt lat="35.18536" lon="126.374584">
        <ele>2.75</ele>
      </trkpt>
      <trkpt lat="35.1849149" lon="126.374213">
        <ele>2.75</ele>
      </trkpt>
      <trkpt lat="35.184116" lon="126.373125">
        <ele>3.0</ele>
      </trkpt>
      <trkpt lat="35.183916" lon="126.37284">
        <ele>3.0</ele>
      </trkpt>
      <trkpt lat="35.183555" lon="126.372392">
        <ele>3.25</ele>
      </trkpt>
      <trkpt lat="35.182463" lon="126.371827">
        <ele>2.75</ele>
      </trkpt>
      <trkpt lat="35.181418" lon="126.37131">
        <ele>6.75</ele>
      </trkpt>
      <trkpt lat="35.17886" lon="126.370044">
        <ele>4.0</ele>
      </trkpt>
      <trkpt lat="35.175833" lon="126.368614">
        <ele>7.25</ele>
      </trkpt>
      <trkpt lat="35.174585" lon="126.367963">
        <ele>4.25</ele>
      </trkpt>
      <trkpt lat="35.173723" lon="126.367541">
        <ele>4.25</ele>
      </trkpt>
      <trkpt lat="35.172555" lon="126.366943">
        <ele>3.5</ele>
      </trkpt>
      <trkpt lat="35.171714" lon="126.366445">
        <ele>2.25</ele>
      </trkpt>
      <trkpt lat="35.171496" lon="126.36626">
        <ele>2.25</ele>
      </trkpt>
      <trkpt lat="35.171212" lon="126.366043">
        <ele>2.5</ele>
      </trkpt>
      <trkpt lat="35.170918" lon="126.365759">
        <ele>3.0</ele>
      </trkpt>
      <trkpt lat="35.170384" lon="126.365138">
        <ele>4.5</ele>
      </trkpt>
      <trkpt lat="35.16999" lon="126.364659">
        <ele>9.75</ele>
      </trkpt>
      <trkpt lat="35.169459" lon="126.363957">
        <ele>20.0</ele>
      </trkpt>
      <trkpt lat="35.169297" lon="126.363704">
        <ele>22.75</ele>
      </trkpt>
      <trkpt lat="35.169141" lon="126.363435">
        <ele>25.0</ele>
      </trkpt>
      <trkpt lat="35.168967" lon="126.363114">
        <ele>21.0</ele>
      </trkpt>
      <trkpt lat="35.168774" lon="126.362699">
        <ele>16.75</ele>
      </trkpt>
      <trkpt lat="35.1685779" lon="126.362355">
        <ele>13.0</ele>
      </trkpt>
      <trkpt lat="35.168439" lon="126.362052">
        <ele>13.0</ele>
      </trkpt>
      <trkpt lat="35.168248" lon="126.361687">
        <ele>13.0</ele>
      </trkpt>
      <trkpt lat="35.168058" lon="126.361348">
        <ele>13.0</ele>
      </trkpt>
      <trkpt lat="35.167668" lon="126.360718">
        <ele>13.0</ele>
      </trkpt>
      <trkpt lat="35.166536" lon="126.358827">
        <ele>13.0</ele>
      </trkpt>
      <trkpt lat="35.165018" lon="126.356349">
        <ele>13.0</ele>
      </trkpt>
      <trkpt lat="35.164442" lon="126.355394">
        <ele>13.0</ele>
      </trkpt>
      <trkpt lat="35.163069" lon="126.353208">
        <ele>13.0</ele>
      </trkpt>
      <trkpt lat="35.162459" lon="126.35226">
        <ele>13.0</ele>
      </trkpt>
      <trkpt lat="35.161496" lon="126.350735">
        <ele>13.0</ele>
      </trkpt>
      <trkpt lat="35.159289" lon="126.347286">
        <ele>13.0</ele>
      </trkpt>
      <trkpt lat="35.159118" lon="126.347038">
        <ele>13.0</ele>
      </trkpt>
      <trkpt lat="35.158638" lon="126.346469">
        <ele>14.5</ele>
      </trkpt>
      <trkpt lat="35.158316" lon="126.346043">
        <ele>24.5</ele>
      </trkpt>
      <trkpt lat="35.157941" lon="126.34547">
        <ele>23.0</ele>
      </trkpt>
      <trkpt lat="35.157645" lon="126.345083">
        <ele>21.5</ele>
      </trkpt>
      <trkpt lat="35.157003" lon="126.34451">
        <ele>13.0</ele>
      </trkpt>
      <trkpt lat="35.156424" lon="126.344008">
        <ele>10.75</ele>
      </trkpt>
      <trkpt lat="35.156289" lon="126.344304">
        <ele>11.75</ele>
      </trkpt>
      <trkpt lat="35.156197" lon="126.344751">
        <ele>11.0</ele>
      </trkpt>
      <trkpt lat="35.156256" lon="126.345139">
        <ele>10.0</ele>
      </trkpt>
      <trkpt lat="35.156567" lon="126.345766">
        <ele>6.75</ele>
      </trkpt>
      <trkpt lat="35.156641" lon="126.34612">
        <ele>6.75</ele>
      </trkpt>
      <trkpt lat="35.156526" lon="126.346196">
        <ele>11.0</ele>
      </trkpt>
      <trkpt lat="35.1562709" lon="126.345848">
        <ele>6.75</ele>
      </trkpt>
      <trkpt lat="35.156013" lon="126.345585">
        <ele>5.75</ele>
      </trkpt>
      <trkpt lat="35.155736" lon="126.345332">
        <ele>13.0</ele>
      </trkpt>
      <trkpt lat="35.155496" lon="126.345282">
        <ele>7.75</ele>
      </trkpt>
      <trkpt lat="35.155209" lon="126.345242">
        <ele>8.25</ele>
      </trkpt>
      <trkpt lat="35.153888" lon="126.34521">
        <ele>8.25</ele>
      </trkpt>
      <trkpt lat="35.153542" lon="126.34513">
        <ele>8.25</ele>
      </trkpt>
      <trkpt lat="35.1530289" lon="126.344912">
        <ele>13.75</ele>
      </trkpt>
      <trkpt lat="35.1518159" lon="126.344589">
        <ele>14.0</ele>
      </trkpt>
      <trkpt lat="35.1512699" lon="126.344437">
        <ele>16.25</ele>
      </trkpt>
      <trkpt lat="35.150923" lon="126.3442">
        <ele>20.5</ele>
      </trkpt>
      <trkpt lat="35.150526" lon="126.344024">
        <ele>25.25</ele>
      </trkpt>
      <trkpt lat="35.150168" lon="126.343958">
        <ele>27.25</ele>
      </trkpt>
      <trkpt lat="35.149776" lon="126.344043">
        <ele>28.0</ele>
      </trkpt>
      <trkpt lat="35.148883" lon="126.344407">
        <ele>28.25</ele>
      </trkpt>
      <trkpt lat="35.14793" lon="126.344807">
        <ele>21.0</ele>
      </trkpt>
      <trkpt lat="35.147126" lon="126.344953">
        <ele>15.0</ele>
      </trkpt>
      <trkpt lat="35.146501" lon="126.345044">
        <ele>15.0</ele>
      </trkpt>
      <trkpt lat="35.146024" lon="126.345001">
        <ele>15.0</ele>
      </trkpt>
      <trkpt lat="35.145601" lon="126.344811">
        <ele>15.0</ele>
      </trkpt>
      <trkpt lat="35.144739" lon="126.344643">
        <ele>15.0</ele>
      </trkpt>
      <trkpt lat="35.142347" lon="126.34451">
        <ele>15.0</ele>
      </trkpt>
      <trkpt lat="35.141294" lon="126.344498">
        <ele>15.0</ele>
      </trkpt>
      <trkpt lat="35.140634" lon="126.344516">
        <ele>15.0</ele>
      </trkpt>
      <trkpt lat="35.140123" lon="126.34465">
        <ele>15.0</ele>
      </trkpt>
      <trkpt lat="35.139761" lon="126.344819">
        <ele>11.0</ele>
      </trkpt>
      <trkpt lat="35.139413" lon="126.34508">
        <ele>11.0</ele>
      </trkpt>
      <trkpt lat="35.1391149" lon="126.345432">
        <ele>20.0</ele>
      </trkpt>
      <trkpt lat="35.138912" lon="126.34573">
        <ele>20.75</ele>
      </trkpt>
      <trkpt lat="35.138723" lon="126.346033">
        <ele>18.75</ele>
      </trkpt>
      <trkpt lat="35.138128" lon="126.345833">
        <ele>28.0</ele>
      </trkpt>
      <trkpt lat="35.13787" lon="126.34553">
        <ele>32.5</ele>
      </trkpt>
      <trkpt lat="35.137502" lon="126.345044">
        <ele>40.75</ele>
      </trkpt>
      <trkpt lat="35.13716" lon="126.34471">
        <ele>41.5</ele>
      </trkpt>
      <trkpt lat="35.136753" lon="126.344498">
        <ele>38.0</ele>
      </trkpt>
      <trkpt lat="35.136177" lon="126.344255">
        <ele>34.0</ele>
      </trkpt>
      <trkpt lat="35.1355069" lon="126.344043">
        <ele>31.25</ele>
      </trkpt>
      <trkpt lat="35.135001" lon="126.343757">
        <ele>33.75</ele>
      </trkpt>
      <trkpt lat="35.134469" lon="126.343357">
        <ele>31.25</ele>
      </trkpt>
      <trkpt lat="35.134137" lon="126.34326">
        <ele>26.25</ele>
      </trkpt>
      <trkpt lat="35.133412" lon="126.343205">
        <ele>17.0</ele>
      </trkpt>
      <trkpt lat="35.13297" lon="126.343132">
        <ele>12.75</ele>
      </trkpt>
      <trkpt lat="35.132392" lon="126.342741">
        <ele>8.75</ele>
      </trkpt>
      <trkpt lat="35.131901" lon="126.342351">
        <ele>6.75</ele>
      </trkpt>
      <trkpt lat="35.131589" lon="126.342058">
        <ele>6.75</ele>
      </trkpt>
      <trkpt lat="35.131301" lon="126.341672">
        <ele>6.75</ele>
      </trkpt>
      <trkpt lat="35.131044" lon="126.341215">
        <ele>6.25</ele>
      </trkpt>
      <trkpt lat="35.130773" lon="126.340946">
        <ele>6.25</ele>
      </trkpt>
      <trkpt lat="35.130519" lon="126.340837">
        <ele>6.25</ele>
      </trkpt>
      <trkpt lat="35.130097" lon="126.3408">
        <ele>7.0</ele>
      </trkpt>
      <trkpt lat="35.129634" lon="126.340535">
        <ele>11.75</ele>
      </trkpt>
      <trkpt lat="35.129305" lon="126.340007">
        <ele>19.5</ele>
      </trkpt>
      <trkpt lat="35.128996" lon="126.339835">
        <ele>24.0</ele>
      </trkpt>
      <trkpt lat="35.128698" lon="126.339835">
        <ele>24.25</ele>
      </trkpt>
      <trkpt lat="35.128382" lon="126.339864">
        <ele>24.0</ele>
      </trkpt>
      <trkpt lat="35.128118" lon="126.339772">
        <ele>23.25</ele>
      </trkpt>
      <trkpt lat="35.1277649" lon="126.339512">
        <ele>22.75</ele>
      </trkpt>
      <trkpt lat="35.127449" lon="126.339319">
        <ele>21.25</ele>
      </trkpt>
      <trkpt lat="35.126962" lon="126.339231">
        <ele>21.0</ele>
      </trkpt>
      <trkpt lat="35.126674" lon="126.339189">
        <ele>20.75</ele>
      </trkpt>
      <trkpt lat="35.126406" lon="126.339038">
        <ele>20.5</ele>
      </trkpt>
      <trkpt lat="35.126026" lon="126.33869">
        <ele>21.25</ele>
      </trkpt>
      <trkpt lat="35.125556" lon="126.338325">
        <ele>21.25</ele>
      </trkpt>
      <trkpt lat="35.124815" lon="126.337944">
        <ele>20.5</ele>
      </trkpt>
      <trkpt lat="35.123635" lon="126.337084">
        <ele>17.0</ele>
      </trkpt>
      <trkpt lat="35.122715" lon="126.33669">
        <ele>18.5</ele>
      </trkpt>
      <trkpt lat="35.122184" lon="126.336606">
        <ele>19.5</ele>
      </trkpt>
      <trkpt lat="35.121896" lon="126.336648">
        <ele>19.0</ele>
      </trkpt>
      <trkpt lat="35.121662" lon="126.336484">
        <ele>20.25</ele>
      </trkpt>
      <trkpt lat="35.121415" lon="126.336098">
        <ele>20.5</ele>
      </trkpt>
      <trkpt lat="35.121117" lon="126.335842">
        <ele>19.0</ele>
      </trkpt>
      <trkpt lat="35.120534" lon="126.335419">
        <ele>17.25</ele>
      </trkpt>
      <trkpt lat="35.120163" lon="126.335054">
        <ele>16.0</ele>
      </trkpt>
      <trkpt lat="35.119518" lon="126.333586">
        <ele>19.25</ele>
      </trkpt>
      <trkpt lat="35.119261" lon="126.333016">
        <ele>16.75</ele>
      </trkpt>
      <trkpt lat="35.119162" lon="126.332613">
        <ele>15.25</ele>
      </trkpt>
      <trkpt lat="35.119048" lon="126.331372">
        <ele>16.5</ele>
      </trkpt>
      <trkpt lat="35.118952" lon="126.330818">
        <ele>16.5</ele>
      </trkpt>
      <trkpt lat="35.118784" lon="126.330546">
        <ele>15.5</ele>
      </trkpt>
      <trkpt lat="35.118537" lon="126.330395">
        <ele>13.75</ele>
      </trkpt>
      <trkpt lat="35.118229" lon="126.330369">
        <ele>12.0</ele>
      </trkpt>
      <trkpt lat="35.117916" lon="126.33042">
        <ele>11.0</ele>
      </trkpt>
      <trkpt lat="35.117103" lon="126.330147">
        <ele>8.75</ele>
      </trkpt>
      <trkpt lat="35.116437" lon="126.329862">
        <ele>8.0</ele>
      </trkpt>
      <trkpt lat="35.116183" lon="126.329717">
        <ele>8.0</ele>
      </trkpt>
      <trkpt lat="35.115927" lon="126.329508">
        <ele>8.5</ele>
      </trkpt>
      <trkpt lat="35.115771" lon="126.32916">
        <ele>10.0</ele>
      </trkpt>
      <trkpt lat="35.115031" lon="126.328563">
        <ele>11.25</ele>
      </trkpt>
      <trkpt lat="35.114493" lon="126.328297">
        <ele>15.75</ele>
      </trkpt>
      <trkpt lat="35.113647" lon="126.328097">
        <ele>20.0</ele>
      </trkpt>
      <trkpt lat="35.113294" lon="126.328071">
        <ele>20.5</ele>
      </trkpt>
      <trkpt lat="35.112765" lon="126.328149">
        <ele>19.25</ele>
      </trkpt>
      <trkpt lat="35.112419" lon="126.3283">
        <ele>17.5</ele>
      </trkpt>
      <trkpt lat="35.11222" lon="126.328665">
        <ele>15.75</ele>
      </trkpt>
      <trkpt lat="35.112085" lon="126.329018">
        <ele>14.5</ele>
      </trkpt>
      <trkpt lat="35.111613" lon="126.329491">
        <ele>13.75</ele>
      </trkpt>
      <trkpt lat="35.110819" lon="126.329615">
        <ele>9.75</ele>
      </trkpt>
      <trkpt lat="35.1104" lon="126.329691">
        <ele>8.0</ele>
      </trkpt>
      <trkpt lat="35.11011" lon="126.329673">
        <ele>6.75</ele>
      </trkpt>
      <trkpt lat="35.109823" lon="126.32956">
        <ele>6.75</ele>
      </trkpt>
      <trkpt lat="35.109468" lon="126.328995">
        <ele>9.0</ele>
      </trkpt>
      <trkpt lat="35.109245" lon="126.3285">
        <ele>12.0</ele>
      </trkpt>
      <trkpt lat="35.108753" lon="126.327955">
        <ele>11.75</ele>
      </trkpt>
      <trkpt lat="35.108268" lon="126.32731">
        <ele>10.5</ele>
      </trkpt>
      <trkpt lat="35.108046" lon="126.327102">
        <ele>11.25</ele>
      </trkpt>
      <trkpt lat="35.107718" lon="126.326657">
        <ele>13.0</ele>
      </trkpt>
      <trkpt lat="35.1074849" lon="126.326305">
        <ele>14.0</ele>
      </trkpt>
      <trkpt lat="35.107259" lon="126.326036">
        <ele>14.25</ele>
      </trkpt>
      <trkpt lat="35.106824" lon="126.326385">
        <ele>11.5</ele>
      </trkpt>
      <trkpt lat="35.106539" lon="126.326553">
        <ele>9.75</ele>
      </trkpt>
      <trkpt lat="35.10608" lon="126.326785">
        <ele>7.5</ele>
      </trkpt>
      <trkpt lat="35.10587" lon="126.326993">
        <ele>6.25</ele>
      </trkpt>
      <trkpt lat="35.1056839" lon="126.327278">
        <ele>5.0</ele>
      </trkpt>
      <trkpt lat="35.104645" lon="126.328307">
        <ele>3.25</ele>
      </trkpt>
      <trkpt lat="35.1042879" lon="126.328627">
        <ele>4.75</ele>
      </trkpt>
      <trkpt lat="35.104088" lon="126.329028">
        <ele>7.0</ele>
      </trkpt>
      <trkpt lat="35.103918" lon="126.329612">
        <ele>11.0</ele>
      </trkpt>
      <trkpt lat="35.103643" lon="126.330009">
        <ele>17.0</ele>
      </trkpt>
      <trkpt lat="35.103574" lon="126.330369">
        <ele>16.25</ele>
      </trkpt>
      <trkpt lat="35.103384" lon="126.330922">
        <ele>16.25</ele>
      </trkpt>
      <trkpt lat="35.102935" lon="126.33119">
        <ele>19.0</ele>
      </trkpt>
      <trkpt lat="35.102643" lon="126.331198">
        <ele>21.0</ele>
      </trkpt>
      <trkpt lat="35.102169" lon="126.331382">
        <ele>19.5</ele>
      </trkpt>
      <trkpt lat="35.101871" lon="126.331296">
        <ele>19.5</ele>
      </trkpt>
      <trkpt lat="35.101487" lon="126.330947">
        <ele>20.5</ele>
      </trkpt>
      <trkpt lat="35.100968" lon="126.330889">
        <ele>18.5</ele>
      </trkpt>
      <trkpt lat="35.100495" lon="126.330787">
        <ele>17.25</ele>
      </trkpt>
      <trkpt lat="35.100107" lon="126.330654">
        <ele>17.25</ele>
      </trkpt>
      <trkpt lat="35.099579" lon="126.330748">
        <ele>15.25</ele>
      </trkpt>
      <trkpt lat="35.09932" lon="126.330803">
        <ele>14.25</ele>
      </trkpt>
      <trkpt lat="35.099051" lon="126.330752">
        <ele>14.0</ele>
      </trkpt>
      <trkpt lat="35.098804" lon="126.330634">
        <ele>13.75</ele>
      </trkpt>
      <trkpt lat="35.098503" lon="126.330591">
        <ele>13.25</ele>
      </trkpt>
      <trkpt lat="35.098254" lon="126.330458">
        <ele>12.75</ele>
      </trkpt>
      <trkpt lat="35.097965" lon="126.330165">
        <ele>13.0</ele>
      </trkpt>
      <trkpt lat="35.097323" lon="126.329997">
        <ele>12.75</ele>
      </trkpt>
      <trkpt lat="35.097056" lon="126.329912">
        <ele>11.5</ele>
      </trkpt>
      <trkpt lat="35.096702" lon="126.329701">
        <ele>10.5</ele>
      </trkpt>
      <trkpt lat="35.0961659" lon="126.329476">
        <ele>10.25</ele>
      </trkpt>
      <trkpt lat="35.095796" lon="126.329126">
        <ele>10.0</ele>
      </trkpt>
      <trkpt lat="35.095585" lon="126.328725">
        <ele>10.75</ele>
      </trkpt>
      <trkpt lat="35.095174" lon="126.328382">
        <ele>11.0</ele>
      </trkpt>
      <trkpt lat="35.094837" lon="126.328108">
        <ele>10.5</ele>
      </trkpt>
      <trkpt lat="35.0945139" lon="126.327786">
        <ele>10.25</ele>
      </trkpt>
      <trkpt lat="35.094138" lon="126.327298">
        <ele>10.5</ele>
      </trkpt>
      <trkpt lat="35.093904" lon="126.326957">
        <ele>11.0</ele>
      </trkpt>
      <trkpt lat="35.09359" lon="126.32737">
        <ele>10.75</ele>
      </trkpt>
      <trkpt lat="35.09302" lon="126.32808">
        <ele>11.25</ele>
      </trkpt>
      <trkpt lat="35.09267" lon="126.32855">
        <ele>11.5</ele>
      </trkpt>
      <trkpt lat="35.09235" lon="126.32902">
        <ele>12.25</ele>
      </trkpt>
      <trkpt lat="35.09197" lon="126.32945">
        <ele>12.5</ele>
      </trkpt>
      <trkpt lat="35.09153" lon="126.32987">
        <ele>12.5</ele>
      </trkpt>
      <trkpt lat="35.09067" lon="126.33067">
        <ele>12.25</ele>
      </trkpt>
      <trkpt lat="35.09028" lon="126.33106">
        <ele>11.0</ele>
      </trkpt>
      <trkpt lat="35.09005" lon="126.33134">
        <ele>10.0</ele>
      </trkpt>
      <trkpt lat="35.08965" lon="126.33179">
        <ele>8.5</ele>
      </trkpt>
      <trkpt lat="35.0893" lon="126.33222">
        <ele>8.25</ele>
      </trkpt>
      <trkpt lat="35.0888" lon="126.33293">
        <ele>8.5</ele>
      </trkpt>
      <trkpt lat="35.0883899" lon="126.33341">
        <ele>9.5</ele>
      </trkpt>
      <trkpt lat="35.08797" lon="126.33382">
        <ele>11.0</ele>
      </trkpt>
      <trkpt lat="35.08747" lon="126.33408">
        <ele>11.0</ele>
      </trkpt>
      <trkpt lat="35.0871799" lon="126.33419">
        <ele>11.0</ele>
      </trkpt>
      <trkpt lat="35.08572" lon="126.33569">
        <ele>19.75</ele>
      </trkpt>
      <trkpt lat="35.08478" lon="126.33666">
        <ele>22.75</ele>
      </trkpt>
      <trkpt lat="35.08438" lon="126.33694">
        <ele>17.0</ele>
      </trkpt>
      <trkpt lat="35.08366" lon="126.33734">
        <ele>11.75</ele>
      </trkpt>
      <trkpt lat="35.08252" lon="126.33786">
        <ele>7.75</ele>
      </trkpt>
      <trkpt lat="35.08176" lon="126.33822">
        <ele>9.5</ele>
      </trkpt>
      <trkpt lat="35.08015" lon="126.33879">
        <ele>9.75</ele>
      </trkpt>
      <trkpt lat="35.07923" lon="126.33909">
        <ele>9.75</ele>
      </trkpt>
      <trkpt lat="35.07855" lon="126.33946">
        <ele>12.5</ele>
      </trkpt>
      <trkpt lat="35.07795" lon="126.33987">
        <ele>13.75</ele>
      </trkpt>
      <trkpt lat="35.07696" lon="126.34046">
        <ele>12.5</ele>
      </trkpt>
      <trkpt lat="35.07614" lon="126.34096">
        <ele>13.5</ele>
      </trkpt>
      <trkpt lat="35.07582" lon="126.34121">
        <ele>13.5</ele>
      </trkpt>
      <trkpt lat="35.07549" lon="126.34151">
        <ele>13.5</ele>
      </trkpt>
      <trkpt lat="35.07517" lon="126.34184">
        <ele>13.0</ele>
      </trkpt>
      <trkpt lat="35.07489" lon="126.34215">
        <ele>13.0</ele>
      </trkpt>
      <trkpt lat="35.071681" lon="126.345553">
        <ele>9.0</ele>
      </trkpt>
      <trkpt lat="35.070465" lon="126.346672">
        <ele>7.5</ele>
      </trkpt>
      <trkpt lat="35.066357" lon="126.350559">
        <ele>14.75</ele>
      </trkpt>
      <trkpt lat="35.065907" lon="126.350964">
        <ele>16.0</ele>
      </trkpt>
      <trkpt lat="35.065484" lon="126.351551">
        <ele>16.5</ele>
      </trkpt>
      <trkpt lat="35.064864" lon="126.352316">
        <ele>13.0</ele>
      </trkpt>
      <trkpt lat="35.06445" lon="126.353088">
        <ele>9.5</ele>
      </trkpt>
      <trkpt lat="35.064754" lon="126.353243">
        <ele>9.5</ele>
      </trkpt>
      <trkpt lat="35.065194" lon="126.353583">
        <ele>10.25</ele>
      </trkpt>
      <trkpt lat="35.065553" lon="126.353805">
        <ele>11.0</ele>
      </trkpt>
      <trkpt lat="35.065182" lon="126.355345">
        <ele>11.25</ele>
      </trkpt>
      <trkpt lat="35.065063" lon="126.355715">
        <ele>12.5</ele>
      </trkpt>
      <trkpt lat="35.064822" lon="126.356145">
        <ele>14.0</ele>
      </trkpt>
      <trkpt lat="35.064623" lon="126.356405">
        <ele>14.75</ele>
      </trkpt>
      <trkpt lat="35.064192" lon="126.357005">
        <ele>16.25</ele>
      </trkpt>
      <trkpt lat="35.063883" lon="126.357455">
        <ele>17.25</ele>
      </trkpt>
      <trkpt lat="35.063723" lon="126.357725">
        <ele>18.0</ele>
      </trkpt>
      <trkpt lat="35.063433" lon="126.358235">
        <ele>19.5</ele>
      </trkpt>
      <trkpt lat="35.063093" lon="126.358695">
        <ele>20.75</ele>
      </trkpt>
      <trkpt lat="35.062773" lon="126.359015">
        <ele>22.75</ele>
      </trkpt>
      <trkpt lat="35.062423" lon="126.359325">
        <ele>24.25</ele>
      </trkpt>
      <trkpt lat="35.062063" lon="126.359615">
        <ele>23.25</ele>
      </trkpt>
      <trkpt lat="35.061723" lon="126.359905">
        <ele>23.0</ele>
      </trkpt>
      <trkpt lat="35.061383" lon="126.360225">
        <ele>21.0</ele>
      </trkpt>
      <trkpt lat="35.060943" lon="126.360585">
        <ele>20.25</ele>
      </trkpt>
      <trkpt lat="35.060103" lon="126.361155">
        <ele>18.75</ele>
      </trkpt>
      <trkpt lat="35.059713" lon="126.361355">
        <ele>16.25</ele>
      </trkpt>
      <trkpt lat="35.059452" lon="126.361505">
        <ele>14.25</ele>
      </trkpt>
      <trkpt lat="35.059073" lon="126.361715">
        <ele>11.75</ele>
      </trkpt>
      <trkpt lat="35.058753" lon="126.361905">
        <ele>11.25</ele>
      </trkpt>
      <trkpt lat="35.058423" lon="126.362085">
        <ele>10.5</ele>
      </trkpt>
      <trkpt lat="35.058223" lon="126.362295">
        <ele>10.5</ele>
      </trkpt>
      <trkpt lat="35.057813" lon="126.362755">
        <ele>11.25</ele>
      </trkpt>
      <trkpt lat="35.057583" lon="126.363005">
        <ele>11.5</ele>
      </trkpt>
      <trkpt lat="35.057343" lon="126.363225">
        <ele>12.0</ele>
      </trkpt>
      <trkpt lat="35.057032" lon="126.363635">
        <ele>12.5</ele>
      </trkpt>
      <trkpt lat="35.056852" lon="126.363985">
        <ele>13.0</ele>
      </trkpt>
      <trkpt lat="35.056693" lon="126.364295">
        <ele>13.25</ele>
      </trkpt>
      <trkpt lat="35.056433" lon="126.364795">
        <ele>12.5</ele>
      </trkpt>
      <trkpt lat="35.056243" lon="126.365175">
        <ele>11.5</ele>
      </trkpt>
      <trkpt lat="35.055636" lon="126.366065">
        <ele>8.5</ele>
      </trkpt>
      <trkpt lat="35.055489" lon="126.36651">
        <ele>7.25</ele>
      </trkpt>
      <trkpt lat="35.055456" lon="126.366967">
        <ele>7.5</ele>
      </trkpt>
      <trkpt lat="35.055459" lon="126.367625">
        <ele>9.25</ele>
      </trkpt>
      <trkpt lat="35.055499" lon="126.368452">
        <ele>12.25</ele>
      </trkpt>
      <trkpt lat="35.055573" lon="126.368914">
        <ele>13.75</ele>
      </trkpt>
      <trkpt lat="35.0557019" lon="126.369837">
        <ele>16.5</ele>
      </trkpt>
      <trkpt lat="35.055686" lon="126.370296">
        <ele>18.0</ele>
      </trkpt>
      <trkpt lat="35.055573" lon="126.370859">
        <ele>20.0</ele>
      </trkpt>
      <trkpt lat="35.055372" lon="126.371666">
        <ele>22.25</ele>
      </trkpt>
      <trkpt lat="35.055186" lon="126.372031">
        <ele>22.25</ele>
      </trkpt>
      <trkpt lat="35.054756" lon="126.372455">
        <ele>23.0</ele>
      </trkpt>
      <trkpt lat="35.054483" lon="126.372685">
        <ele>23.75</ele>
      </trkpt>
      <trkpt lat="35.0539119" lon="126.373187">
        <ele>23.25</ele>
      </trkpt>
      <trkpt lat="35.053493" lon="126.373565">
        <ele>24.0</ele>
      </trkpt>
      <trkpt lat="35.052863" lon="126.374125">
        <ele>24.5</ele>
      </trkpt>
      <trkpt lat="35.0524429" lon="126.374475">
        <ele>26.25</ele>
      </trkpt>
      <trkpt lat="35.051882" lon="126.374961">
        <ele>27.75</ele>
      </trkpt>
      <trkpt lat="35.051587" lon="126.375275">
        <ele>25.5</ele>
      </trkpt>
      <trkpt lat="35.051447" lon="126.375548">
        <ele>24.75</ele>
      </trkpt>
      <trkpt lat="35.050923" lon="126.376573">
        <ele>19.0</ele>
      </trkpt>
      <trkpt lat="35.05086" lon="126.377119">
        <ele>16.0</ele>
      </trkpt>
      <trkpt lat="35.050908" lon="126.37762">
        <ele>14.5</ele>
      </trkpt>
      <trkpt lat="35.050888" lon="126.377958">
        <ele>13.25</ele>
      </trkpt>
      <trkpt lat="35.0507769" lon="126.378295">
        <ele>11.75</ele>
      </trkpt>
      <trkpt lat="35.050526" lon="126.378696">
        <ele>10.25</ele>
      </trkpt>
      <trkpt lat="35.050261" lon="126.37929">
        <ele>9.0</ele>
      </trkpt>
      <trkpt lat="35.049999" lon="126.379946">
        <ele>7.0</ele>
      </trkpt>
      <trkpt lat="35.049805" lon="126.380441">
        <ele>6.5</ele>
      </trkpt>
      <trkpt lat="35.049431" lon="126.381124">
        <ele>5.25</ele>
      </trkpt>
      <trkpt lat="35.048948" lon="126.381688">
        <ele>5.0</ele>
      </trkpt>
      <trkpt lat="35.048285" lon="126.382206">
        <ele>4.25</ele>
      </trkpt>
      <trkpt lat="35.04764" lon="126.382657">
        <ele>7.25</ele>
      </trkpt>
      <trkpt lat="35.047216" lon="126.382966">
        <ele>8.25</ele>
      </trkpt>
      <trkpt lat="35.046867" lon="126.38322">
        <ele>9.25</ele>
      </trkpt>
      <trkpt lat="35.046588" lon="126.383478">
        <ele>10.5</ele>
      </trkpt>
      <trkpt lat="35.046263" lon="126.383805">
        <ele>11.5</ele>
      </trkpt>
      <trkpt lat="35.045872" lon="126.38426">
        <ele>13.5</ele>
      </trkpt>
      <trkpt lat="35.045599" lon="126.384661">
        <ele>14.0</ele>
      </trkpt>
      <trkpt lat="35.045344" lon="126.385066">
        <ele>14.75</ele>
      </trkpt>
      <trkpt lat="35.0447599" lon="126.385945">
        <ele>15.25</ele>
      </trkpt>
      <trkpt lat="35.044523" lon="126.386242">
        <ele>14.5</ele>
      </trkpt>
      <trkpt lat="35.044133" lon="126.386645">
        <ele>14.0</ele>
      </trkpt>
      <trkpt lat="35.041888" lon="126.388633">
        <ele>13.0</ele>
      </trkpt>
      <trkpt lat="35.040689" lon="126.389648">
        <ele>16.25</ele>
      </trkpt>
      <trkpt lat="35.04032" lon="126.38998">
        <ele>16.25</ele>
      </trkpt>
      <trkpt lat="35.040064" lon="126.390195">
        <ele>16.75</ele>
      </trkpt>
      <trkpt lat="35.039808" lon="126.390389">
        <ele>17.25</ele>
      </trkpt>
      <trkpt lat="35.0393929" lon="126.390636">
        <ele>17.0</ele>
      </trkpt>
      <trkpt lat="35.038366" lon="126.391238">
        <ele>17.25</ele>
      </trkpt>
      <trkpt lat="35.037826" lon="126.391528">
        <ele>20.0</ele>
      </trkpt>
      <trkpt lat="35.037533" lon="126.391725">
        <ele>20.75</ele>
      </trkpt>
      <trkpt lat="35.037291" lon="126.391887">
        <ele>20.75</ele>
      </trkpt>
      <trkpt lat="35.037012" lon="126.392032">
        <ele>20.5</ele>
      </trkpt>
      <trkpt lat="35.03649" lon="126.39233">
        <ele>19.25</ele>
      </trkpt>
      <trkpt lat="35.03614" lon="126.39254">
        <ele>18.75</ele>
      </trkpt>
      <trkpt lat="35.035607" lon="126.392828">
        <ele>17.75</ele>
      </trkpt>
      <trkpt lat="35.03504" lon="126.39316">
        <ele>17.75</ele>
      </trkpt>
      <trkpt lat="35.03465" lon="126.39337">
        <ele>17.5</ele>
      </trkpt>
      <trkpt lat="35.03426" lon="126.39359">
        <ele>18.0</ele>
      </trkpt>
      <trkpt lat="35.033718" lon="126.393908">
        <ele>19.0</ele>
      </trkpt>
      <trkpt lat="35.03347" lon="126.39404">
        <ele>19.25</ele>
      </trkpt>
      <trkpt lat="35.03314" lon="126.39423">
        <ele>19.25</ele>
      </trkpt>
      <trkpt lat="35.03257" lon="126.39456">
        <ele>18.5</ele>
      </trkpt>
      <trkpt lat="35.03198" lon="126.3949">
        <ele>19.75</ele>
      </trkpt>
      <trkpt lat="35.031655" lon="126.395052">
        <ele>20.75</ele>
      </trkpt>
      <trkpt lat="35.030831" lon="126.395343">
        <ele>20.0</ele>
      </trkpt>
      <trkpt lat="35.0303619" lon="126.395478">
        <ele>19.25</ele>
      </trkpt>
      <trkpt lat="35.02932" lon="126.395798">
        <ele>19.0</ele>
      </trkpt>
      <trkpt lat="35.028933" lon="126.395922">
        <ele>19.25</ele>
      </trkpt>
      <trkpt lat="35.02864" lon="126.39604">
        <ele>19.25</ele>
      </trkpt>
      <trkpt lat="35.02809" lon="126.3963">
        <ele>18.0</ele>
      </trkpt>
      <trkpt lat="35.02784" lon="126.39641">
        <ele>17.25</ele>
      </trkpt>
      <trkpt lat="35.026867" lon="126.396869">
        <ele>14.75</ele>
      </trkpt>
      <trkpt lat="35.02631" lon="126.39725">
        <ele>15.75</ele>
      </trkpt>
      <trkpt lat="35.02566" lon="126.39779">
        <ele>17.0</ele>
      </trkpt>
      <trkpt lat="35.025301" lon="126.398019">
        <ele>16.0</ele>
      </trkpt>
      <trkpt lat="35.02497" lon="126.39817">
        <ele>15.25</ele>
      </trkpt>
      <trkpt lat="35.02424" lon="126.39856">
        <ele>19.0</ele>
      </trkpt>
      <trkpt lat="35.023904" lon="126.398806">
        <ele>19.25</ele>
      </trkpt>
      <trkpt lat="35.0235259" lon="126.3992">
        <ele>20.25</ele>
      </trkpt>
      <trkpt lat="35.023352" lon="126.399453">
        <ele>20.5</ele>
      </trkpt>
      <trkpt lat="35.023136" lon="126.399842">
        <ele>20.75</ele>
      </trkpt>
      <trkpt lat="35.022995" lon="126.400177">
        <ele>20.25</ele>
      </trkpt>
      <trkpt lat="35.022869" lon="126.400627">
        <ele>19.0</ele>
      </trkpt>
      <trkpt lat="35.022803" lon="126.400951">
        <ele>18.25</ele>
      </trkpt>
      <trkpt lat="35.022204" lon="126.405169">
        <ele>20.0</ele>
      </trkpt>
      <trkpt lat="35.0218459" lon="126.40781">
        <ele>20.25</ele>
      </trkpt>
      <trkpt lat="35.021728" lon="126.408528">
        <ele>20.5</ele>
      </trkpt>
      <trkpt lat="35.021495" lon="126.409261">
        <ele>21.25</ele>
      </trkpt>
      <trkpt lat="35.021383" lon="126.409565">
        <ele>21.75</ele>
      </trkpt>
      <trkpt lat="35.021196" lon="126.410259">
        <ele>22.0</ele>
      </trkpt>
      <trkpt lat="35.021265" lon="126.410585">
        <ele>21.75</ele>
      </trkpt>
      <trkpt lat="35.021221" lon="126.410854">
        <ele>21.4</ele>
      </trkpt>
      <trkpt lat="35.021078" lon="126.41173">
        <ele>19.75</ele>
      </trkpt>
      <trkpt lat="35.020989" lon="126.412139">
        <ele>19.0</ele>
      </trkpt>
      <trkpt lat="35.0207849" lon="126.413085">
        <ele>20.0</ele>
      </trkpt>
      <trkpt lat="35.020496" lon="126.414345">
        <ele>20.25</ele>
      </trkpt>
      <trkpt lat="35.020247" lon="126.415311">
        <ele>19.0</ele>
      </trkpt>
      <trkpt lat="35.01987" lon="126.416765">
        <ele>22.0</ele>
      </trkpt>
      <trkpt lat="35.019768" lon="126.417211">
        <ele>20.75</ele>
      </trkpt>
      <trkpt lat="35.01954" lon="126.418256">
        <ele>19.25</ele>
      </trkpt>
      <trkpt lat="35.019492" lon="126.41879">
        <ele>19.5</ele>
      </trkpt>
      <trkpt lat="35.019548" lon="126.419454">
        <ele>20.5</ele>
      </trkpt>
      <trkpt lat="35.019682" lon="126.420061">
        <ele>21.75</ele>
      </trkpt>
      <trkpt lat="35.019944" lon="126.421172">
        <ele>24.25</ele>
      </trkpt>
      <trkpt lat="35.020287" lon="126.422503">
        <ele>24.5</ele>
      </trkpt>
      <trkpt lat="35.020486" lon="126.423327">
        <ele>25.25</ele>
      </trkpt>
      <trkpt lat="35.02062" lon="126.424031">
        <ele>25.0</ele>
      </trkpt>
      <trkpt lat="35.020666" lon="126.424662">
        <ele>22.75</ele>
      </trkpt>
      <trkpt lat="35.020784" lon="126.425515">
        <ele>18.75</ele>
      </trkpt>
      <trkpt lat="35.0211029" lon="126.427991">
        <ele>9.5</ele>
      </trkpt>
      <trkpt lat="35.021151" lon="126.428545">
        <ele>7.25</ele>
      </trkpt>
      <trkpt lat="35.021144" lon="126.429191">
        <ele>7.25</ele>
      </trkpt>
      <trkpt lat="35.021043" lon="126.429816">
        <ele>8.0</ele>
      </trkpt>
      <trkpt lat="35.020802" lon="126.430852">
        <ele>12.0</ele>
      </trkpt>
      <trkpt lat="35.020717" lon="126.431522">
        <ele>13.0</ele>
      </trkpt>
      <trkpt lat="35.020626" lon="126.434429">
        <ele>12.75</ele>
      </trkpt>
      <trkpt lat="35.020627" lon="126.43509">
        <ele>12.0</ele>
      </trkpt>
      <trkpt lat="35.020651" lon="126.435423">
        <ele>12.25</ele>
      </trkpt>
      <trkpt lat="35.020761" lon="126.435884">
        <ele>12.5</ele>
      </trkpt>
      <trkpt lat="35.020922" lon="126.436334">
        <ele>12.0</ele>
      </trkpt>
      <trkpt lat="35.020224" lon="126.436374">
        <ele>18.0</ele>
      </trkpt>
      <trkpt lat="35.019906" lon="126.436429">
        <ele>20.75</ele>
      </trkpt>
      <trkpt lat="35.019588" lon="126.436577">
        <ele>22.0</ele>
      </trkpt>
      <trkpt lat="35.019245" lon="126.436854">
        <ele>22.25</ele>
      </trkpt>
      <trkpt lat="35.018851" lon="126.437113">
        <ele>22.75</ele>
      </trkpt>
      <trkpt lat="35.018442" lon="126.437175">
        <ele>23.5</ele>
      </trkpt>
      <trkpt lat="35.018054" lon="126.437212">
        <ele>24.5</ele>
      </trkpt>
      <trkpt lat="35.0176299" lon="126.437538">
        <ele>25.25</ele>
      </trkpt>
      <trkpt lat="35.017216" lon="126.437735">
        <ele>25.0</ele>
      </trkpt>
      <trkpt lat="35.016979" lon="126.437951">
        <ele>24.75</ele>
      </trkpt>
      <trkpt lat="35.016338" lon="126.438678">
        <ele>25.75</ele>
      </trkpt>
      <trkpt lat="35.016086" lon="126.439011">
        <ele>26.5</ele>
      </trkpt>
      <trkpt lat="35.0153589" lon="126.439325">
        <ele>27.5</ele>
      </trkpt>
      <trkpt lat="35.015147" lon="126.439553">
        <ele>27.75</ele>
      </trkpt>
      <trkpt lat="35.014832" lon="126.439904">
        <ele>28.25</ele>
      </trkpt>
      <trkpt lat="35.014457" lon="126.440042">
        <ele>29.0</ele>
      </trkpt>
      <trkpt lat="35.013729" lon="126.439886">
        <ele>28.5</ele>
      </trkpt>
      <trkpt lat="35.013181" lon="126.439637">
        <ele>25.75</ele>
      </trkpt>
      <trkpt lat="35.01223" lon="126.439506">
        <ele>21.75</ele>
      </trkpt>
      <trkpt lat="35.011887" lon="126.439613">
        <ele>21.5</ele>
      </trkpt>
      <trkpt lat="35.011665" lon="126.439859">
        <ele>21.75</ele>
      </trkpt>
      <trkpt lat="35.01145" lon="126.440442">
        <ele>20.25</ele>
      </trkpt>
      <trkpt lat="35.011247" lon="126.440951">
        <ele>18.0</ele>
      </trkpt>
      <trkpt lat="35.010935" lon="126.441664">
        <ele>16.0</ele>
      </trkpt>
      <trkpt lat="35.010751" lon="126.442103">
        <ele>16.75</ele>
      </trkpt>
      <trkpt lat="35.010381" lon="126.442709">
        <ele>19.0</ele>
      </trkpt>
      <trkpt lat="35.009833" lon="126.443558">
        <ele>22.75</ele>
      </trkpt>
      <trkpt lat="35.009407" lon="126.444143">
        <ele>23.75</ele>
      </trkpt>
      <trkpt lat="35.008958" lon="126.444788">
        <ele>24.5</ele>
      </trkpt>
      <trkpt lat="35.008541" lon="126.445281">
        <ele>26.5</ele>
      </trkpt>
      <trkpt lat="35.0080979" lon="126.445638">
        <ele>28.75</ele>
      </trkpt>
      <trkpt lat="35.007773" lon="126.445978">
        <ele>29.25</ele>
      </trkpt>
      <trkpt lat="35.0075" lon="126.446349">
        <ele>29.0</ele>
      </trkpt>
      <trkpt lat="35.007106" lon="126.447175">
        <ele>30.75</ele>
      </trkpt>
      <trkpt lat="35.00621" lon="126.449423">
        <ele>37.0</ele>
      </trkpt>
      <trkpt lat="35.005997" lon="126.450007">
        <ele>36.0</ele>
      </trkpt>
      <trkpt lat="35.00585" lon="126.450334">
        <ele>37.0</ele>
      </trkpt>
      <trkpt lat="35.005419" lon="126.450793">
        <ele>38.5</ele>
      </trkpt>
      <trkpt lat="35.004867" lon="126.451048">
        <ele>38.5</ele>
      </trkpt>
      <trkpt lat="35.0043999" lon="126.451147">
        <ele>39.25</ele>
      </trkpt>
      <trkpt lat="35.003799" lon="126.451166">
        <ele>39.5</ele>
      </trkpt>
      <trkpt lat="35.003351" lon="126.451216">
        <ele>39.25</ele>
      </trkpt>
      <trkpt lat="35.002928" lon="126.45143">
        <ele>42.5</ele>
      </trkpt>
      <trkpt lat="35.002659" lon="126.451674">
        <ele>44.0</ele>
      </trkpt>
      <trkpt lat="35.002437" lon="126.451969">
        <ele>43.5</ele>
      </trkpt>
      <trkpt lat="35.002136" lon="126.452474">
        <ele>40.25</ele>
      </trkpt>
      <trkpt lat="35.001816" lon="126.453169">
        <ele>39.0</ele>
      </trkpt>
      <trkpt lat="35.001547" lon="126.453903">
        <ele>37.0</ele>
      </trkpt>
      <trkpt lat="35.001474" lon="126.454395">
        <ele>34.75</ele>
      </trkpt>
      <trkpt lat="35.001422" lon="126.454936">
        <ele>31.25</ele>
      </trkpt>
      <trkpt lat="35.001325" lon="126.456171">
        <ele>28.25</ele>
      </trkpt>
      <trkpt lat="35.001306" lon="126.456859">
        <ele>26.75</ele>
      </trkpt>
      <trkpt lat="35.001298" lon="126.457485">
        <ele>25.0</ele>
      </trkpt>
      <trkpt lat="35.001216" lon="126.458031">
        <ele>22.75</ele>
      </trkpt>
      <trkpt lat="35.001002" lon="126.45859">
        <ele>21.25</ele>
      </trkpt>
      <trkpt lat="35.000227" lon="126.460478">
        <ele>17.5</ele>
      </trkpt>
      <trkpt lat="34.999992" lon="126.460886">
        <ele>18.0</ele>
      </trkpt>
      <trkpt lat="34.999729" lon="126.461184">
        <ele>18.25</ele>
      </trkpt>
      <trkpt lat="34.999485" lon="126.461365">
        <ele>18.75</ele>
      </trkpt>
      <trkpt lat="34.999328" lon="126.46168">
        <ele>19.5</ele>
      </trkpt>
      <trkpt lat="34.999447" lon="126.462109">
        <ele>21.75</ele>
      </trkpt>
      <trkpt lat="34.999447" lon="126.462533">
        <ele>24.0</ele>
      </trkpt>
      <trkpt lat="34.999816" lon="126.463418">
        <ele>22.5</ele>
      </trkpt>
      <trkpt lat="34.999856" lon="126.463853">
        <ele>21.5</ele>
      </trkpt>
      <trkpt lat="34.99993" lon="126.464287">
        <ele>20.75</ele>
      </trkpt>
      <trkpt lat="34.999983" lon="126.464754">
        <ele>22.75</ele>
      </trkpt>
      <trkpt lat="35.00019" lon="126.465349">
        <ele>24.0</ele>
      </trkpt>
      <trkpt lat="35.00026" lon="126.465698">
        <ele>25.0</ele>
      </trkpt>
      <trkpt lat="35.000572" lon="126.465886">
        <ele>20.0</ele>
      </trkpt>
      <trkpt lat="35.00052" lon="126.466583">
        <ele>18.75</ele>
      </trkpt>
      <trkpt lat="35.0005809" lon="126.466999">
        <ele>17.75</ele>
      </trkpt>
      <trkpt lat="35.000738" lon="126.467438">
        <ele>16.0</ele>
      </trkpt>
      <trkpt lat="35.0008089" lon="126.468055">
        <ele>13.25</ele>
      </trkpt>
      <trkpt lat="35.000843" lon="126.468592">
        <ele>12.75</ele>
      </trkpt>
      <trkpt lat="35.000863" lon="126.469276">
        <ele>14.5</ele>
      </trkpt>
      <trkpt lat="35.000847" lon="126.469755">
        <ele>13.5</ele>
      </trkpt>
      <trkpt lat="35.000759" lon="126.470479">
        <ele>13.75</ele>
      </trkpt>
      <trkpt lat="35.000656" lon="126.470801">
        <ele>13.5</ele>
      </trkpt>
      <trkpt lat="34.999799" lon="126.472847">
        <ele>8.75</ele>
      </trkpt>
      <trkpt lat="34.99965" lon="126.473272">
        <ele>9.0</ele>
      </trkpt>
      <trkpt lat="34.999394" lon="126.475191">
        <ele>8.0</ele>
      </trkpt>
      <trkpt lat="34.999285" lon="126.476322">
        <ele>8.75</ele>
      </trkpt>
      <trkpt lat="34.999282" lon="126.476905">
        <ele>9.0</ele>
      </trkpt>
      <trkpt lat="34.999367" lon="126.477302">
        <ele>9.25</ele>
      </trkpt>
      <trkpt lat="34.999312" lon="126.477721">
        <ele>9.0</ele>
      </trkpt>
      <trkpt lat="34.9994159" lon="126.477823">
        <ele>10.0</ele>
      </trkpt>
      <trkpt lat="34.999752" lon="126.47859">
        <ele>12.0</ele>
      </trkpt>
      <trkpt lat="35.00009" lon="126.479174">
        <ele>14.0</ele>
      </trkpt>
      <trkpt lat="35.000464" lon="126.479598">
        <ele>11.0</ele>
      </trkpt>
      <trkpt lat="35.000718" lon="126.480044">
        <ele>9.0</ele>
      </trkpt>
      <trkpt lat="35.001074" lon="126.481508">
        <ele>8.0</ele>
      </trkpt>
      <trkpt lat="35.001272" lon="126.482436">
        <ele>9.0</ele>
      </trkpt>
      <trkpt lat="35.001685" lon="126.483557">
        <ele>11.0</ele>
      </trkpt>
      <trkpt lat="35.002195" lon="126.483874">
        <ele>12.0</ele>
      </trkpt>
      <trkpt lat="35.002727" lon="126.48412">
        <ele>16.0</ele>
      </trkpt>
      <trkpt lat="35.003206" lon="126.484426">
        <ele>12.0</ele>
      </trkpt>
      <trkpt lat="35.0035219" lon="126.48478">
        <ele>12.0</ele>
      </trkpt>
      <trkpt lat="35.004866" lon="126.486792">
        <ele>10.0</ele>
      </trkpt>
      <trkpt lat="35.005047" lon="126.487108">
        <ele>8.0</ele>
      </trkpt>
      <trkpt lat="35.005231" lon="126.487559">
        <ele>7.0</ele>
      </trkpt>
      <trkpt lat="35.005495" lon="126.488627">
        <ele>8.0</ele>
      </trkpt>
      <trkpt lat="35.005482" lon="126.489131">
        <ele>7.0</ele>
      </trkpt>
      <trkpt lat="35.005471" lon="126.489455">
        <ele>8.0</ele>
      </trkpt>
      <trkpt lat="35.005429" lon="126.489834">
        <ele>9.0</ele>
      </trkpt>
      <trkpt lat="35.005306" lon="126.490456">
        <ele>10.0</ele>
      </trkpt>
      <trkpt lat="35.004937" lon="126.491969">
        <ele>8.0</ele>
      </trkpt>
      <trkpt lat="35.004005" lon="126.495316">
        <ele>6.0</ele>
      </trkpt>
      <trkpt lat="35.003821" lon="126.495949">
        <ele>6.0</ele>
      </trkpt>
      <trkpt lat="35.003372" lon="126.499168">
        <ele>8.0</ele>
      </trkpt>
      <trkpt lat="35.00314" lon="126.500278">
        <ele>7.0</ele>
      </trkpt>
      <trkpt lat="35.002801" lon="126.501442">
        <ele>7.0</ele>
      </trkpt>
      <trkpt lat="35.00245" lon="126.50259">
        <ele>8.0</ele>
      </trkpt>
      <trkpt lat="35.002221" lon="126.503148">
        <ele>7.0</ele>
      </trkpt>
      <trkpt lat="35.000578" lon="126.506082">
        <ele>8.0</ele>
      </trkpt>
      <trkpt lat="34.999334" lon="126.508341">
        <ele>8.0</ele>
      </trkpt>
      <trkpt lat="34.998798" lon="126.509323">
        <ele>7.0</ele>
      </trkpt>
      <trkpt lat="34.998618" lon="126.509768">
        <ele>6.0</ele>
      </trkpt>
      <trkpt lat="34.998556" lon="126.510213">
        <ele>6.0</ele>
      </trkpt>
      <trkpt lat="34.998565" lon="126.510733">
        <ele>6.0</ele>
      </trkpt>
      <trkpt lat="34.998644" lon="126.511034">
        <ele>6.0</ele>
      </trkpt>
      <trkpt lat="34.999049" lon="126.512064">
        <ele>6.0</ele>
      </trkpt>
      <trkpt lat="34.999084" lon="126.512654">
        <ele>5.0</ele>
      </trkpt>
      <trkpt lat="34.99882" lon="126.515819">
        <ele>6.0</ele>
      </trkpt>
      <trkpt lat="34.99889" lon="126.516387">
        <ele>7.0</ele>
      </trkpt>
      <trkpt lat="34.999448" lon="126.517444">
        <ele>7.0</ele>
      </trkpt>
      <trkpt lat="34.999523" lon="126.517847">
        <ele>7.0</ele>
      </trkpt>
      <trkpt lat="34.999541" lon="126.520733">
        <ele>7.0</ele>
      </trkpt>
      <trkpt lat="34.999405" lon="126.521816">
        <ele>7.0</ele>
      </trkpt>
      <trkpt lat="34.999062" lon="126.523871">
        <ele>6.0</ele>
      </trkpt>
      <trkpt lat="34.99857" lon="126.52555">
        <ele>7.0</ele>
      </trkpt>
      <trkpt lat="34.997976" lon="126.52739">
        <ele>10.0</ele>
      </trkpt>
      <trkpt lat="34.997814" lon="126.527556">
        <ele>9.0</ele>
      </trkpt>
      <trkpt lat="34.997704" lon="126.528146">
        <ele>11.0</ele>
      </trkpt>
      <trkpt lat="34.997537" lon="126.528667">
        <ele>10.0</ele>
      </trkpt>
      <trkpt lat="34.996935" lon="126.529756">
        <ele>9.0</ele>
      </trkpt>
      <trkpt lat="34.996676" lon="126.530507">
        <ele>8.0</ele>
      </trkpt>
      <trkpt lat="34.996605" lon="126.531343">
        <ele>9.0</ele>
      </trkpt>
      <trkpt lat="34.996447" lon="126.532695">
        <ele>8.0</ele>
      </trkpt>
      <trkpt lat="34.99632" lon="126.532915">
        <ele>8.0</ele>
      </trkpt>
      <trkpt lat="34.996091" lon="126.533114">
        <ele>9.0</ele>
      </trkpt>
      <trkpt lat="34.995643" lon="126.533377">
        <ele>10.0</ele>
      </trkpt>
      <trkpt lat="34.995309" lon="126.533425">
        <ele>10.0</ele>
      </trkpt>
      <trkpt lat="34.9950059" lon="126.533403">
        <ele>10.0</ele>
      </trkpt>
      <trkpt lat="34.994588" lon="126.533425">
        <ele>10.0</ele>
      </trkpt>
      <trkpt lat="34.9942149" lon="126.533666">
        <ele>11.0</ele>
      </trkpt>
      <trkpt lat="34.994052" lon="126.533881">
        <ele>10.0</ele>
      </trkpt>
      <trkpt lat="34.993898" lon="126.534272">
        <ele>8.0</ele>
      </trkpt>
      <trkpt lat="34.993837" lon="126.534745">
        <ele>7.0</ele>
      </trkpt>
      <trkpt lat="34.993982" lon="126.53563">
        <ele>8.0</ele>
      </trkpt>
      <trkpt lat="34.994158" lon="126.536509">
        <ele>8.0</ele>
      </trkpt>
      <trkpt lat="34.994738" lon="126.536332">
        <ele>9.0</ele>
      </trkpt>
      <trkpt lat="34.995291" lon="126.535828">
        <ele>8.0</ele>
      </trkpt>
      <trkpt lat="34.995696" lon="126.53527">
        <ele>8.0</ele>
      </trkpt>
      <trkpt lat="34.99697" lon="126.536515">
        <ele>10.0</ele>
      </trkpt>
      <trkpt lat="34.996421" lon="126.537529">
        <ele>9.0</ele>
      </trkpt>
      <trkpt lat="34.995907" lon="126.537877">
        <ele>9.0</ele>
      </trkpt>
      <trkpt lat="34.994109" lon="126.538596">
        <ele>11.0</ele>
      </trkpt>
      <trkpt lat="34.993239" lon="126.539004">
        <ele>11.0</ele>
      </trkpt>
      <trkpt lat="34.992835" lon="126.539004">
        <ele>12.0</ele>
      </trkpt>
      <trkpt lat="34.992466" lon="126.538875">
        <ele>10.0</ele>
      </trkpt>
      <trkpt lat="34.991472" lon="126.538135">
        <ele>12.0</ele>
      </trkpt>
      <trkpt lat="34.990936" lon="126.53791">
        <ele>12.0</ele>
      </trkpt>
      <trkpt lat="34.989134" lon="126.537985">
        <ele>14.0</ele>
      </trkpt>
      <trkpt lat="34.988695" lon="126.538167">
        <ele>12.0</ele>
      </trkpt>
      <trkpt lat="34.987236" lon="126.539165">
        <ele>10.0</ele>
      </trkpt>
      <trkpt lat="34.986708" lon="126.539701">
        <ele>9.0</ele>
      </trkpt>
      <trkpt lat="34.985917" lon="126.541493">
        <ele>13.0</ele>
      </trkpt>
      <trkpt lat="34.984467" lon="126.544197">
        <ele>18.0</ele>
      </trkpt>
      <trkpt lat="34.983928" lon="126.54503">
        <ele>6.0</ele>
      </trkpt>
      <trkpt lat="34.983529" lon="126.545552">
        <ele>6.0</ele>
      </trkpt>
      <trkpt lat="34.982101" lon="126.547328">
        <ele>6.0</ele>
      </trkpt>
      <trkpt lat="34.980756" lon="126.548962">
        <ele>5.5</ele>
      </trkpt>
      <trkpt lat="34.98036" lon="126.54945">
        <ele>4.0</ele>
      </trkpt>
      <trkpt lat="34.979669" lon="126.550476">
        <ele>4.0</ele>
      </trkpt>
      <trkpt lat="34.979143" lon="126.551255">
        <ele>6.25</ele>
      </trkpt>
      <trkpt lat="34.978741" lon="126.551693">
        <ele>6.5</ele>
      </trkpt>
      <trkpt lat="34.97735" lon="126.5531">
        <ele>8.0</ele>
      </trkpt>
      <trkpt lat="34.9769999" lon="126.55367">
        <ele>8.0</ele>
      </trkpt>
      <trkpt lat="34.97617" lon="126.55523">
        <ele>9.5</ele>
      </trkpt>
      <trkpt lat="34.97595" lon="126.55553">
        <ele>9.5</ele>
      </trkpt>
      <trkpt lat="34.97482" lon="126.55641">
        <ele>7.0</ele>
      </trkpt>
      <trkpt lat="34.97429" lon="126.55663">
        <ele>7.75</ele>
      </trkpt>
      <trkpt lat="34.97373" lon="126.55669">
        <ele>10.0</ele>
      </trkpt>
      <trkpt lat="34.97294" lon="126.55664">
        <ele>11.75</ele>
      </trkpt>
      <trkpt lat="34.97242" lon="126.55643">
        <ele>11.5</ele>
      </trkpt>
      <trkpt lat="34.970974" lon="126.555373">
        <ele>13.5</ele>
      </trkpt>
      <trkpt lat="34.96945" lon="126.55476">
        <ele>13.25</ele>
      </trkpt>
      <trkpt lat="34.969091" lon="126.554754">
        <ele>13.0</ele>
      </trkpt>
      <trkpt lat="34.96859" lon="126.5549">
        <ele>9.5</ele>
      </trkpt>
      <trkpt lat="34.96773" lon="126.55549">
        <ele>10.25</ele>
      </trkpt>
      <trkpt lat="34.9668" lon="126.5554">
        <ele>12.0</ele>
      </trkpt>
      <trkpt lat="34.96634" lon="126.55544">
        <ele>13.75</ele>
      </trkpt>
      <trkpt lat="34.96388" lon="126.55634">
        <ele>14.5</ele>
      </trkpt>
      <trkpt lat="34.96344" lon="126.55666">
        <ele>13.0</ele>
      </trkpt>
      <trkpt lat="34.96307" lon="126.55708">
        <ele>17.25</ele>
      </trkpt>
      <trkpt lat="34.96237" lon="126.55808">
        <ele>13.5</ele>
      </trkpt>
      <trkpt lat="34.9617" lon="126.55891">
        <ele>10.25</ele>
      </trkpt>
      <trkpt lat="34.96116" lon="126.55932">
        <ele>11.5</ele>
      </trkpt>
      <trkpt lat="34.960688" lon="126.559444">
        <ele>12.5</ele>
      </trkpt>
      <trkpt lat="34.960705" lon="126.560488">
        <ele>21.5</ele>
      </trkpt>
      <trkpt lat="34.960619" lon="126.560931">
        <ele>25.75</ele>
      </trkpt>
      <trkpt lat="34.960443" lon="126.561276">
        <ele>27.75</ele>
      </trkpt>
      <trkpt lat="34.960277" lon="126.561641">
        <ele>30.75</ele>
      </trkpt>
      <trkpt lat="34.960192" lon="126.562162">
        <ele>29.25</ele>
      </trkpt>
      <trkpt lat="34.96024" lon="126.5631">
        <ele>23.75</ele>
      </trkpt>
      <trkpt lat="34.960197" lon="126.56353">
        <ele>23.0</ele>
      </trkpt>
      <trkpt lat="34.959979" lon="126.563953">
        <ele>24.0</ele>
      </trkpt>
      <trkpt lat="34.959242" lon="126.56452">
        <ele>22.25</ele>
      </trkpt>
      <trkpt lat="34.958511" lon="126.565295">
        <ele>21.75</ele>
      </trkpt>
      <trkpt lat="34.956792" lon="126.567458">
        <ele>16.5</ele>
      </trkpt>
      <trkpt lat="34.956584" lon="126.568395">
        <ele>15.75</ele>
      </trkpt>
      <trkpt lat="34.956375" lon="126.568838">
        <ele>15.0</ele>
      </trkpt>
      <trkpt lat="34.955404" lon="126.569626">
        <ele>15.25</ele>
      </trkpt>
      <trkpt lat="34.9548429" lon="126.570408">
        <ele>19.25</ele>
      </trkpt>
      <trkpt lat="34.954683" lon="126.570845">
        <ele>21.0</ele>
      </trkpt>
      <trkpt lat="34.954528" lon="126.57162">
        <ele>23.0</ele>
      </trkpt>
      <trkpt lat="34.954048" lon="126.57315">
        <ele>18.0</ele>
      </trkpt>
      <trkpt lat="34.953797" lon="126.573515">
        <ele>16.25</ele>
      </trkpt>
      <trkpt lat="34.953453" lon="126.573772">
        <ele>15.0</ele>
      </trkpt>
      <trkpt lat="34.952857" lon="126.573997">
        <ele>13.75</ele>
      </trkpt>
      <trkpt lat="34.952526" lon="126.574277">
        <ele>12.5</ele>
      </trkpt>
      <trkpt lat="34.951709" lon="126.575085">
        <ele>9.75</ele>
      </trkpt>
      <trkpt lat="34.950957" lon="126.575358">
        <ele>10.5</ele>
      </trkpt>
      <trkpt lat="34.950658" lon="126.57558">
        <ele>9.25</ele>
      </trkpt>
      <trkpt lat="34.950199" lon="126.576361">
        <ele>9.75</ele>
      </trkpt>
      <trkpt lat="34.94999" lon="126.576922">
        <ele>11.5</ele>
      </trkpt>
      <trkpt lat="34.9499319" lon="126.57754">
        <ele>12.5</ele>
      </trkpt>
      <trkpt lat="34.94975" lon="126.57827">
        <ele>12.75</ele>
      </trkpt>
      <trkpt lat="34.949483" lon="126.579234">
        <ele>11.75</ele>
      </trkpt>
      <trkpt lat="34.949483" lon="126.580015">
        <ele>9.5</ele>
      </trkpt>
      <trkpt lat="34.949558" lon="126.580426">
        <ele>8.25</ele>
      </trkpt>
      <trkpt lat="34.949441" lon="126.580804">
        <ele>7.0</ele>
      </trkpt>
      <trkpt lat="34.949045" lon="126.581989">
        <ele>6.25</ele>
      </trkpt>
      <trkpt lat="34.948848" lon="126.582816">
        <ele>10.0</ele>
      </trkpt>
      <trkpt lat="34.948875" lon="126.583409">
        <ele>14.75</ele>
      </trkpt>
      <trkpt lat="34.948784" lon="126.583787">
        <ele>16.75</ele>
      </trkpt>
      <trkpt lat="34.948389" lon="126.58464">
        <ele>16.5</ele>
      </trkpt>
      <trkpt lat="34.947914" lon="126.585317">
        <ele>14.5</ele>
      </trkpt>
      <trkpt lat="34.946178" lon="126.5869">
        <ele>7.0</ele>
      </trkpt>
      <trkpt lat="34.945821" lon="126.58733">
        <ele>7.5</ele>
      </trkpt>
      <trkpt lat="34.945009" lon="126.58931">
        <ele>16.0</ele>
      </trkpt>
      <trkpt lat="34.944331" lon="126.590287">
        <ele>20.5</ele>
      </trkpt>
      <trkpt lat="34.943632" lon="126.591681">
        <ele>19.0</ele>
      </trkpt>
      <trkpt lat="34.943322" lon="126.592222">
        <ele>18.75</ele>
      </trkpt>
      <trkpt lat="34.943108" lon="126.592469">
        <ele>18.25</ele>
      </trkpt>
      <trkpt lat="34.942639" lon="126.592593">
        <ele>17.5</ele>
      </trkpt>
      <trkpt lat="34.9412499" lon="126.59174">
        <ele>14.75</ele>
      </trkpt>
      <trkpt lat="34.94111" lon="126.59305">
        <ele>20.0</ele>
      </trkpt>
      <trkpt lat="34.94111" lon="126.59374">
        <ele>20.25</ele>
      </trkpt>
      <trkpt lat="34.94158" lon="126.59491">
        <ele>25.0</ele>
      </trkpt>
      <trkpt lat="34.94187" lon="126.59588">
        <ele>24.25</ele>
      </trkpt>
      <trkpt lat="34.9421899" lon="126.59712">
        <ele>15.5</ele>
      </trkpt>
      <trkpt lat="34.94226" lon="126.59787">
        <ele>14.75</ele>
      </trkpt>
      <trkpt lat="34.942211" lon="126.600565">
        <ele>10.25</ele>
      </trkpt>
      <trkpt lat="34.9422" lon="126.60117">
        <ele>9.25</ele>
      </trkpt>
      <trkpt lat="34.94205" lon="126.60204">
        <ele>7.5</ele>
      </trkpt>
      <trkpt lat="34.94196" lon="126.60294">
        <ele>7.25</ele>
      </trkpt>
      <trkpt lat="34.942452" lon="126.604108">
        <ele>6.0</ele>
      </trkpt>
      <trkpt lat="34.94254" lon="126.60452">
        <ele>5.0</ele>
      </trkpt>
      <trkpt lat="34.94255" lon="126.60485">
        <ele>4.25</ele>
      </trkpt>
      <trkpt lat="34.942603" lon="126.606782">
        <ele>7.0</ele>
      </trkpt>
      <trkpt lat="34.94258" lon="126.60834">
        <ele>10.25</ele>
      </trkpt>
      <trkpt lat="34.94234" lon="126.60889">
        <ele>11.75</ele>
      </trkpt>
      <trkpt lat="34.94141" lon="126.61017">
        <ele>14.25</ele>
      </trkpt>
      <trkpt lat="34.94124" lon="126.610903">
        <ele>17.5</ele>
      </trkpt>
      <trkpt lat="34.94141" lon="126.61167">
        <ele>18.5</ele>
      </trkpt>
      <trkpt lat="34.94168" lon="126.61275">
        <ele>21.25</ele>
      </trkpt>
      <trkpt lat="34.94176" lon="126.61383">
        <ele>16.0</ele>
      </trkpt>
      <trkpt lat="34.94175" lon="126.61481">
        <ele>11.5</ele>
      </trkpt>
      <trkpt lat="34.94113" lon="126.61736">
        <ele>19.0</ele>
      </trkpt>
      <trkpt lat="34.940555" lon="126.619085">
        <ele>19.5</ele>
      </trkpt>
      <trkpt lat="34.940246" lon="126.619092">
        <ele>17.0</ele>
      </trkpt>
      <trkpt lat="34.940153" lon="126.619887">
        <ele>11.5</ele>
      </trkpt>
      <trkpt lat="34.93983" lon="126.621294">
        <ele>10.0</ele>
      </trkpt>
      <trkpt lat="34.939716" lon="126.622041">
        <ele>12.0</ele>
      </trkpt>
      <trkpt lat="34.93944" lon="126.62223">
        <ele>11.25</ele>
      </trkpt>
      <trkpt lat="34.93914" lon="126.62239">
        <ele>10.0</ele>
      </trkpt>
      <trkpt lat="34.93888" lon="126.62256">
        <ele>11.5</ele>
      </trkpt>
      <trkpt lat="34.93856" lon="126.62287">
        <ele>13.0</ele>
      </trkpt>
      <trkpt lat="34.9384299" lon="126.62316">
        <ele>13.5</ele>
      </trkpt>
      <trkpt lat="34.93832" lon="126.62355">
        <ele>13.75</ele>
      </trkpt>
      <trkpt lat="34.93818" lon="126.62422">
        <ele>14.75</ele>
      </trkpt>
      <trkpt lat="34.9380499" lon="126.62451">
        <ele>16.0</ele>
      </trkpt>
      <trkpt lat="34.9367" lon="126.62662">
        <ele>19.0</ele>
      </trkpt>
      <trkpt lat="34.9357" lon="126.62809">
        <ele>22.5</ele>
      </trkpt>
      <trkpt lat="34.9352" lon="126.62865">
        <ele>19.5</ele>
      </trkpt>
      <trkpt lat="34.93461" lon="126.62919">
        <ele>16.0</ele>
      </trkpt>
      <trkpt lat="34.9340199" lon="126.62949">
        <ele>15.5</ele>
      </trkpt>
      <trkpt lat="34.93263" lon="126.6299">
        <ele>14.25</ele>
      </trkpt>
      <trkpt lat="34.93166" lon="126.63023">
        <ele>14.0</ele>
      </trkpt>
      <trkpt lat="34.93131" lon="126.63037">
        <ele>13.25</ele>
      </trkpt>
      <trkpt lat="34.9306569" lon="126.630832">
        <ele>9.5</ele>
      </trkpt>
      <trkpt lat="34.9287" lon="126.63225">
        <ele>10.75</ele>
      </trkpt>
      <trkpt lat="34.92746" lon="126.63338">
        <ele>16.0</ele>
      </trkpt>
      <trkpt lat="34.9272599" lon="126.63426">
        <ele>15.75</ele>
      </trkpt>
      <trkpt lat="34.927095" lon="126.634603">
        <ele>9.0</ele>
      </trkpt>
      <trkpt lat="34.926882" lon="126.634938">
        <ele>9.0</ele>
      </trkpt>
      <trkpt lat="34.926554" lon="126.635107">
        <ele>8.0</ele>
      </trkpt>
      <trkpt lat="34.92613" lon="126.63522">
        <ele>8.75</ele>
      </trkpt>
      <trkpt lat="34.925085" lon="126.635735">
        <ele>7.0</ele>
      </trkpt>
      <trkpt lat="34.92431" lon="126.63621">
        <ele>8.25</ele>
      </trkpt>
      <trkpt lat="34.92405" lon="126.63637">
        <ele>7.25</ele>
      </trkpt>
      <trkpt lat="34.92351" lon="126.63746">
        <ele>4.5</ele>
      </trkpt>
      <trkpt lat="34.922742" lon="126.639055">
        <ele>7.75</ele>
      </trkpt>
      <trkpt lat="34.922556" lon="126.639254">
        <ele>7.0</ele>
      </trkpt>
      <trkpt lat="34.922336" lon="126.639429">
        <ele>6.5</ele>
      </trkpt>
      <trkpt lat="34.92128" lon="126.63963">
        <ele>4.25</ele>
      </trkpt>
      <trkpt lat="34.920077" lon="126.63993">
        <ele>4.0</ele>
      </trkpt>
      <trkpt lat="34.91668" lon="126.64085">
        <ele>3.75</ele>
      </trkpt>
      <trkpt lat="34.91593" lon="126.6411">
        <ele>4.25</ele>
      </trkpt>
      <trkpt lat="34.91573" lon="126.64131">
        <ele>5.0</ele>
      </trkpt>
      <trkpt lat="34.91533" lon="126.64221">
        <ele>5.0</ele>
      </trkpt>
      <trkpt lat="34.91425" lon="126.6445">
        <ele>10.25</ele>
      </trkpt>
      <trkpt lat="34.91289" lon="126.64588">
        <ele>13.75</ele>
      </trkpt>
      <trkpt lat="34.9116799" lon="126.64706">
        <ele>19.5</ele>
      </trkpt>
      <trkpt lat="34.91089" lon="126.64765">
        <ele>13.25</ele>
      </trkpt>
      <trkpt lat="34.910527" lon="126.647931">
        <ele>13.75</ele>
      </trkpt>
      <trkpt lat="34.9101799" lon="126.6482">
        <ele>14.25</ele>
      </trkpt>
      <trkpt lat="34.90957" lon="126.64833">
        <ele>14.75</ele>
      </trkpt>
      <trkpt lat="34.908254" lon="126.648389">
        <ele>19.5</ele>
      </trkpt>
      <trkpt lat="34.908" lon="126.64871">
        <ele>18.5</ele>
      </trkpt>
      <trkpt lat="34.90754" lon="126.64923">
        <ele>17.25</ele>
      </trkpt>
      <trkpt lat="34.90739" lon="126.64949">
        <ele>17.25</ele>
      </trkpt>
      <trkpt lat="34.9071799" lon="126.64986">
        <ele>17.5</ele>
      </trkpt>
      <trkpt lat="34.90693" lon="126.65004">
        <ele>17.0</ele>
      </trkpt>
      <trkpt lat="34.90638" lon="126.65025">
        <ele>17.75</ele>
      </trkpt>
      <trkpt lat="34.90604" lon="126.65039">
        <ele>19.0</ele>
      </trkpt>
      <trkpt lat="34.90554" lon="126.65057">
        <ele>21.0</ele>
      </trkpt>
      <trkpt lat="34.90485" lon="126.65086">
        <ele>24.0</ele>
      </trkpt>
      <trkpt lat="34.90439" lon="126.6511">
        <ele>25.5</ele>
      </trkpt>
      <trkpt lat="34.904023" lon="126.65126">
        <ele>23.0</ele>
      </trkpt>
      <trkpt lat="34.903678" lon="126.651488">
        <ele>23.0</ele>
      </trkpt>
      <trkpt lat="34.903333" lon="126.651694">
        <ele>16.0</ele>
      </trkpt>
      <trkpt lat="34.903121" lon="126.65174">
        <ele>16.0</ele>
      </trkpt>
      <trkpt lat="34.903141" lon="126.652188">
        <ele>16.0</ele>
      </trkpt>
      <trkpt lat="34.90338" lon="126.65283">
        <ele>22.0</ele>
      </trkpt>
      <trkpt lat="34.903284" lon="126.653261">
        <ele>15.0</ele>
      </trkpt>
      <trkpt lat="34.903377" lon="126.653459">
        <ele>14.0</ele>
      </trkpt>
      <trkpt lat="34.903324" lon="126.653711">
        <ele>13.0</ele>
      </trkpt>
      <trkpt lat="34.902995" lon="126.653909">
        <ele>20.0</ele>
      </trkpt>
      <trkpt lat="34.902352" lon="126.654253">
        <ele>21.0</ele>
      </trkpt>
      <trkpt lat="34.902047" lon="126.654416">
        <ele>20.5</ele>
      </trkpt>
      <trkpt lat="34.901767" lon="126.654641">
        <ele>19.5</ele>
      </trkpt>
      <trkpt lat="34.901286" lon="126.65547">
        <ele>19.75</ele>
      </trkpt>
      <trkpt lat="34.898782" lon="126.656972">
        <ele>20.0</ele>
      </trkpt>
      <trkpt lat="34.898462" lon="126.657177">
        <ele>19.25</ele>
      </trkpt>
      <trkpt lat="34.898158" lon="126.65747">
        <ele>20.75</ele>
      </trkpt>
      <trkpt lat="34.897246" lon="126.659509">
        <ele>33.25</ele>
      </trkpt>
      <trkpt lat="34.897038" lon="126.659879">
        <ele>33.25</ele>
      </trkpt>
      <trkpt lat="34.896134" lon="126.660874">
        <ele>32.25</ele>
      </trkpt>
      <trkpt lat="34.895878" lon="126.66104">
        <ele>31.0</ele>
      </trkpt>
      <trkpt lat="34.893845" lon="126.661011">
        <ele>36.25</ele>
      </trkpt>
      <trkpt lat="34.893561" lon="126.661258">
        <ele>37.0</ele>
      </trkpt>
      <trkpt lat="34.893438" lon="126.661393">
        <ele>26.0</ele>
      </trkpt>
      <trkpt lat="34.892587" lon="126.663736">
        <ele>37.0</ele>
      </trkpt>
      <trkpt lat="34.892392" lon="126.664619">
        <ele>35.25</ele>
      </trkpt>
      <trkpt lat="34.892385" lon="126.665112">
        <ele>36.0</ele>
      </trkpt>
      <trkpt lat="34.892504" lon="126.665791">
        <ele>37.75</ele>
      </trkpt>
      <trkpt lat="34.8924779" lon="126.666065">
        <ele>25.0</ele>
      </trkpt>
      <trkpt lat="34.892413" lon="126.66625">
        <ele>37.0</ele>
      </trkpt>
      <trkpt lat="34.892156" lon="126.666641">
        <ele>37.5</ele>
      </trkpt>
      <trkpt lat="34.891396" lon="126.667524">
        <ele>28.75</ele>
      </trkpt>
      <trkpt lat="34.889724" lon="126.668441">
        <ele>24.0</ele>
      </trkpt>
      <trkpt lat="34.888742" lon="126.669273">
        <ele>23.25</ele>
      </trkpt>
      <trkpt lat="34.888452" lon="126.669687">
        <ele>24.75</ele>
      </trkpt>
      <trkpt lat="34.888568" lon="126.670283">
        <ele>23.75</ele>
      </trkpt>
      <trkpt lat="34.888625" lon="126.671388">
        <ele>21.75</ele>
      </trkpt>
      <trkpt lat="34.888592" lon="126.672242">
        <ele>20.5</ele>
      </trkpt>
      <trkpt lat="34.8885099" lon="126.672875">
        <ele>20.5</ele>
      </trkpt>
      <trkpt lat="34.888406" lon="126.673414">
        <ele>20.5</ele>
      </trkpt>
      <trkpt lat="34.887959" lon="126.675732">
        <ele>21.5</ele>
      </trkpt>
      <trkpt lat="34.887897" lon="126.676049">
        <ele>22.0</ele>
      </trkpt>
      <trkpt lat="34.887786" lon="126.678055">
        <ele>22.25</ele>
      </trkpt>
      <trkpt lat="34.887746" lon="126.678831">
        <ele>21.0</ele>
      </trkpt>
      <trkpt lat="34.887683" lon="126.680088">
        <ele>21.5</ele>
      </trkpt>
      <trkpt lat="34.887666" lon="126.680431">
        <ele>21.25</ele>
      </trkpt>
      <trkpt lat="34.887551" lon="126.68269">
        <ele>19.25</ele>
      </trkpt>
      <trkpt lat="34.887496" lon="126.683777">
        <ele>19.25</ele>
      </trkpt>
      <trkpt lat="34.887447" lon="126.685002">
        <ele>20.0</ele>
      </trkpt>
      <trkpt lat="34.887513" lon="126.685515">
        <ele>20.5</ele>
      </trkpt>
      <trkpt lat="34.887664" lon="126.686169">
        <ele>20.5</ele>
      </trkpt>
      <trkpt lat="34.887749" lon="126.686655">
        <ele>21.0</ele>
      </trkpt>
      <trkpt lat="34.888091" lon="126.688893">
        <ele>22.5</ele>
      </trkpt>
      <trkpt lat="34.88817" lon="126.689715">
        <ele>24.25</ele>
      </trkpt>
      <trkpt lat="34.888457" lon="126.692051">
        <ele>25.0</ele>
      </trkpt>
      <trkpt lat="34.890547" lon="126.693059">
        <ele>26.0</ele>
      </trkpt>
      <trkpt lat="34.890745" lon="126.693226">
        <ele>26.0</ele>
      </trkpt>
      <trkpt lat="34.890889" lon="126.693484">
        <ele>29.0</ele>
      </trkpt>
      <trkpt lat="34.890854" lon="126.693828">
        <ele>28.5</ele>
      </trkpt>
      <trkpt lat="34.890754" lon="126.695327">
        <ele>28.25</ele>
      </trkpt>
      <trkpt lat="34.890661" lon="126.695773">
        <ele>27.25</ele>
      </trkpt>
      <trkpt lat="34.889598" lon="126.698134">
        <ele>30.25</ele>
      </trkpt>
      <trkpt lat="34.888786" lon="126.700112">
        <ele>29.0</ele>
      </trkpt>
      <trkpt lat="34.888594" lon="126.700523">
        <ele>29.5</ele>
      </trkpt>
      <trkpt lat="34.888484" lon="126.700877">
        <ele>29.75</ele>
      </trkpt>
      <trkpt lat="34.888106" lon="126.704225">
        <ele>31.25</ele>
      </trkpt>
      <trkpt lat="34.887967" lon="126.70472">
        <ele>32.75</ele>
      </trkpt>
      <trkpt lat="34.887775" lon="126.705145">
        <ele>33.75</ele>
      </trkpt>
      <trkpt lat="34.887421" lon="126.705541">
        <ele>35.0</ele>
      </trkpt>
      <trkpt lat="34.88644" lon="126.706433">
        <ele>38.0</ele>
      </trkpt>
      <trkpt lat="34.885151" lon="126.708047">
        <ele>38.5</ele>
      </trkpt>
      <trkpt lat="34.884785" lon="126.708606">
        <ele>41.25</ele>
      </trkpt>
      <trkpt lat="34.883193" lon="126.711529">
        <ele>37.25</ele>
      </trkpt>
      <trkpt lat="34.882528" lon="126.712749">
        <ele>43.25</ele>
      </trkpt>
      <trkpt lat="34.882428" lon="126.712983">
        <ele>44.5</ele>
      </trkpt>
      <trkpt lat="34.882364" lon="126.713236">
        <ele>46.0</ele>
      </trkpt>
      <trkpt lat="34.882242" lon="126.713832">
        <ele>47.25</ele>
      </trkpt>
      <trkpt lat="34.882191" lon="126.715376">
        <ele>53.5</ele>
      </trkpt>
      <trkpt lat="34.882529" lon="126.716641">
        <ele>38.0</ele>
      </trkpt>
      <trkpt lat="34.882587" lon="126.717048">
        <ele>49.25</ele>
      </trkpt>
      <trkpt lat="34.881772" lon="126.719114">
        <ele>42.0</ele>
      </trkpt>
      <trkpt lat="34.881679" lon="126.719606">
        <ele>51.5</ele>
      </trkpt>
      <trkpt lat="34.881662" lon="126.72015">
        <ele>45.0</ele>
      </trkpt>
      <trkpt lat="34.88248" lon="126.724165">
        <ele>59.75</ele>
      </trkpt>
      <trkpt lat="34.882352" lon="126.725156">
        <ele>65.25</ele>
      </trkpt>
      <trkpt lat="34.882253" lon="126.725743">
        <ele>67.75</ele>
      </trkpt>
      <trkpt lat="34.882306" lon="126.726175">
        <ele>69.0</ele>
      </trkpt>
      <trkpt lat="34.882956" lon="126.72919">
        <ele>82.5</ele>
      </trkpt>
      <trkpt lat="34.883374" lon="126.730133">
        <ele>88.0</ele>
      </trkpt>
      <trkpt lat="34.883879" lon="126.731632">
        <ele>78.75</ele>
      </trkpt>
      <trkpt lat="34.88493" lon="126.733423">
        <ele>69.75</ele>
      </trkpt>
      <trkpt lat="34.885395" lon="126.734336">
        <ele>60.0</ele>
      </trkpt>
      <trkpt lat="34.886364" lon="126.735448">
        <ele>51.0</ele>
      </trkpt>
      <trkpt lat="34.8865679" lon="126.736255">
        <ele>51.25</ele>
      </trkpt>
      <trkpt lat="34.887164" lon="126.738301">
        <ele>45.0</ele>
      </trkpt>
      <trkpt lat="34.887189" lon="126.738385">
        <ele>45.0</ele>
      </trkpt>
      <trkpt lat="34.887206" lon="126.738612">
        <ele>44.0</ele>
      </trkpt>
      <trkpt lat="34.886968" lon="126.740063">
        <ele>46.0</ele>
      </trkpt>
      <trkpt lat="34.886864" lon="126.74024">
        <ele>48.0</ele>
      </trkpt>
      <trkpt lat="34.885778" lon="126.740799">
        <ele>59.25</ele>
      </trkpt>
      <trkpt lat="34.885151" lon="126.741294">
        <ele>51.25</ele>
      </trkpt>
      <trkpt lat="34.884925" lon="126.741287">
        <ele>50.25</ele>
      </trkpt>
      <trkpt lat="34.883119" lon="126.740693">
        <ele>43.25</ele>
      </trkpt>
      <trkpt lat="34.882782" lon="126.740728">
        <ele>42.25</ele>
      </trkpt>
      <trkpt lat="34.882544" lon="126.740877">
        <ele>40.75</ele>
      </trkpt>
      <trkpt lat="34.881383" lon="126.742236">
        <ele>42.75</ele>
      </trkpt>
      <trkpt lat="34.881185" lon="126.74259">
        <ele>39.75</ele>
      </trkpt>
      <trkpt lat="34.881117" lon="126.742846">
        <ele>28.0</ele>
      </trkpt>
      <trkpt lat="34.881139" lon="126.743121">
        <ele>38.25</ele>
      </trkpt>
      <trkpt lat="34.881237" lon="126.743531">
        <ele>37.5</ele>
      </trkpt>
      <trkpt lat="34.883089" lon="126.748636">
        <ele>42.5</ele>
      </trkpt>
      <trkpt lat="34.88164" lon="126.74867">
        <ele>43.5</ele>
      </trkpt>
      <trkpt lat="34.8788399" lon="126.74844">
        <ele>41.25</ele>
      </trkpt>
      <trkpt lat="34.87829" lon="126.74835">
        <ele>42.0</ele>
      </trkpt>
      <trkpt lat="34.8764899" lon="126.74747">
        <ele>42.75</ele>
      </trkpt>
      <trkpt lat="34.87521" lon="126.74724">
        <ele>43.25</ele>
      </trkpt>
      <trkpt lat="34.87427" lon="126.74741">
        <ele>46.75</ele>
      </trkpt>
      <trkpt lat="34.873723" lon="126.747519">
        <ele>35.0</ele>
      </trkpt>
      <trkpt lat="34.873358" lon="126.74753">
        <ele>33.0</ele>
      </trkpt>
      <trkpt lat="34.87279" lon="126.74777">
        <ele>45.0</ele>
      </trkpt>
      <trkpt lat="34.87198" lon="126.7483">
        <ele>43.5</ele>
      </trkpt>
      <trkpt lat="34.87163" lon="126.74848">
        <ele>43.75</ele>
      </trkpt>
      <trkpt lat="34.87129" lon="126.74855">
        <ele>44.75</ele>
      </trkpt>
      <trkpt lat="34.869613" lon="126.74805">
        <ele>33.0</ele>
      </trkpt>
      <trkpt lat="34.86912" lon="126.748103">
        <ele>29.0</ele>
      </trkpt>
      <trkpt lat="34.86845" lon="126.74822">
        <ele>48.0</ele>
      </trkpt>
      <trkpt lat="34.867817" lon="126.748205">
        <ele>38.0</ele>
      </trkpt>
      <trkpt lat="34.865941" lon="126.747767">
        <ele>44.4</ele>
      </trkpt>
      <trkpt lat="34.865018" lon="126.747551">
        <ele>28.0</ele>
      </trkpt>
      <trkpt lat="34.86419" lon="126.747605">
        <ele>25.0</ele>
      </trkpt>
      <trkpt lat="34.86265" lon="126.748892">
        <ele>37.0</ele>
      </trkpt>
      <trkpt lat="34.862203" lon="126.749771">
        <ele>47.5</ele>
      </trkpt>
      <trkpt lat="34.86195" lon="126.74932">
        <ele>47.75</ele>
      </trkpt>
      <trkpt lat="34.861394" lon="126.748709">
        <ele>47.5</ele>
      </trkpt>
      <trkpt lat="34.860993" lon="126.748356">
        <ele>47.75</ele>
      </trkpt>
      <trkpt lat="34.8607" lon="126.74811">
        <ele>49.75</ele>
      </trkpt>
      <trkpt lat="34.860539" lon="126.748056">
        <ele>50.5</ele>
      </trkpt>
      <trkpt lat="34.86038" lon="126.74805">
        <ele>50.75</ele>
      </trkpt>
      <trkpt lat="34.85952" lon="126.74841">
        <ele>51.25</ele>
      </trkpt>
      <trkpt lat="34.8594" lon="126.74844">
        <ele>51.5</ele>
      </trkpt>
      <trkpt lat="34.8587599" lon="126.74844">
        <ele>52.25</ele>
      </trkpt>
      <trkpt lat="34.85784" lon="126.74841">
        <ele>54.25</ele>
      </trkpt>
      <trkpt lat="34.85595" lon="126.74889">
        <ele>55.0</ele>
      </trkpt>
      <trkpt lat="34.855316" lon="126.748774">
        <ele>49.0</ele>
      </trkpt>
      <trkpt lat="34.85489" lon="126.74883">
        <ele>54.0</ele>
      </trkpt>
      <trkpt lat="34.85447" lon="126.749">
        <ele>53.75</ele>
      </trkpt>
      <trkpt lat="34.85358" lon="126.74926">
        <ele>57.0</ele>
      </trkpt>
      <trkpt lat="34.853001" lon="126.749407">
        <ele>42.0</ele>
      </trkpt>
      <trkpt lat="34.852428" lon="126.749429">
        <ele>54.0</ele>
      </trkpt>
      <trkpt lat="34.85055" lon="126.74884">
        <ele>68.75</ele>
      </trkpt>
      <trkpt lat="34.85013" lon="126.74877">
        <ele>68.25</ele>
      </trkpt>
      <trkpt lat="34.84886" lon="126.74964">
        <ele>74.0</ele>
      </trkpt>
      <trkpt lat="34.84857" lon="126.74971">
        <ele>73.5</ele>
      </trkpt>
      <trkpt lat="34.84832" lon="126.74971">
        <ele>73.75</ele>
      </trkpt>
      <trkpt lat="34.84773" lon="126.7496">
        <ele>77.0</ele>
      </trkpt>
      <trkpt lat="34.84753" lon="126.74964">
        <ele>77.0</ele>
      </trkpt>
      <trkpt lat="34.84739" lon="126.74968">
        <ele>79.0</ele>
      </trkpt>
      <trkpt lat="34.8467399" lon="126.75025">
        <ele>85.5</ele>
      </trkpt>
      <trkpt lat="34.84558" lon="126.75058">
        <ele>85.75</ele>
      </trkpt>
      <trkpt lat="34.84538" lon="126.75055">
        <ele>85.5</ele>
      </trkpt>
      <trkpt lat="34.84457" lon="126.75036">
        <ele>83.5</ele>
      </trkpt>
      <trkpt lat="34.8435599" lon="126.74956">
        <ele>81.5</ele>
      </trkpt>
      <trkpt lat="34.84306" lon="126.74857">
        <ele>88.75</ele>
      </trkpt>
      <trkpt lat="34.84277" lon="126.74736">
        <ele>98.0</ele>
      </trkpt>
      <trkpt lat="34.84242" lon="126.74697">
        <ele>99.75</ele>
      </trkpt>
      <trkpt lat="34.8409199" lon="126.74621">
        <ele>107.0</ele>
      </trkpt>
      <trkpt lat="34.83965" lon="126.74581">
        <ele>109.5</ele>
      </trkpt>
      <trkpt lat="34.83958" lon="126.74576">
        <ele>110.25</ele>
      </trkpt>
      <trkpt lat="34.8393299" lon="126.74553">
        <ele>113.5</ele>
      </trkpt>
      <trkpt lat="34.83904" lon="126.74523">
        <ele>117.75</ele>
      </trkpt>
      <trkpt lat="34.83898" lon="126.74513">
        <ele>119.25</ele>
      </trkpt>
      <trkpt lat="34.83889" lon="126.74482">
        <ele>120.75</ele>
      </trkpt>
      <trkpt lat="34.838842" lon="126.744418">
        <ele>117.0</ele>
      </trkpt>
      <trkpt lat="34.838851" lon="126.744128">
        <ele>113.0</ele>
      </trkpt>
      <trkpt lat="34.83876" lon="126.7437">
        <ele>121.0</ele>
      </trkpt>
      <trkpt lat="34.83855" lon="126.74345">
        <ele>120.5</ele>
      </trkpt>
      <trkpt lat="34.83829" lon="126.74325">
        <ele>121.5</ele>
      </trkpt>
      <trkpt lat="34.83813" lon="126.74321">
        <ele>122.75</ele>
      </trkpt>
      <trkpt lat="34.8379" lon="126.7432">
        <ele>123.25</ele>
      </trkpt>
      <trkpt lat="34.83563" lon="126.74338">
        <ele>117.75</ele>
      </trkpt>
      <trkpt lat="34.83499" lon="126.74347">
        <ele>117.5</ele>
      </trkpt>
      <trkpt lat="34.8344" lon="126.74364">
        <ele>116.0</ele>
      </trkpt>
      <trkpt lat="34.8325699" lon="126.74462">
        <ele>115.25</ele>
      </trkpt>
      <trkpt lat="34.83096" lon="126.744706">
        <ele>126.5</ele>
      </trkpt>
      <trkpt lat="34.830391" lon="126.744949">
        <ele>125.0</ele>
      </trkpt>
      <trkpt lat="34.830152" lon="126.744843">
        <ele>128.25</ele>
      </trkpt>
      <trkpt lat="34.829906" lon="126.744719">
        <ele>132.25</ele>
      </trkpt>
      <trkpt lat="34.82921" lon="126.74468">
        <ele>137.75</ele>
      </trkpt>
      <trkpt lat="34.82831" lon="126.74453">
        <ele>147.0</ele>
      </trkpt>
      <trkpt lat="34.826698" lon="126.743946">
        <ele>149.0</ele>
      </trkpt>
      <trkpt lat="34.82653" lon="126.74357">
        <ele>175.75</ele>
      </trkpt>
      <trkpt lat="34.82636" lon="126.74247">
        <ele>174.75</ele>
      </trkpt>
      <trkpt lat="34.82617" lon="126.7421">
        <ele>163.75</ele>
      </trkpt>
      <trkpt lat="34.82528" lon="126.741543">
        <ele>145.0</ele>
      </trkpt>
      <trkpt lat="34.825033" lon="126.741457">
        <ele>145.0</ele>
      </trkpt>
      <trkpt lat="34.824716" lon="126.741328">
        <ele>143.0</ele>
      </trkpt>
      <trkpt lat="34.8244789" lon="126.741242">
        <ele>140.0</ele>
      </trkpt>
      <trkpt lat="34.823765" lon="126.741307">
        <ele>130.0</ele>
      </trkpt>
      <trkpt lat="34.82345" lon="126.74123">
        <ele>141.0</ele>
      </trkpt>
      <trkpt lat="34.82321" lon="126.741253">
        <ele>128.0</ele>
      </trkpt>
      <trkpt lat="34.822638" lon="126.741403">
        <ele>125.0</ele>
      </trkpt>
      <trkpt lat="34.8223399" lon="126.74164">
        <ele>136.5</ele>
      </trkpt>
      <trkpt lat="34.82182" lon="126.74169">
        <ele>129.25</ele>
      </trkpt>
      <trkpt lat="34.82089" lon="126.74211">
        <ele>119.0</ele>
      </trkpt>
      <trkpt lat="34.820365" lon="126.74224">
        <ele>108.0</ele>
      </trkpt>
      <trkpt lat="34.819795" lon="126.742081">
        <ele>107.25</ele>
      </trkpt>
      <trkpt lat="34.8192639" lon="126.742433">
        <ele>97.0</ele>
      </trkpt>
      <trkpt lat="34.819044" lon="126.742412">
        <ele>99.0</ele>
      </trkpt>
      <trkpt lat="34.818907" lon="126.742247">
        <ele>106.0</ele>
      </trkpt>
      <trkpt lat="34.81879" lon="126.74204">
        <ele>105.0</ele>
      </trkpt>
      <trkpt lat="34.81871" lon="126.74154">
        <ele>99.25</ele>
      </trkpt>
      <trkpt lat="34.81857" lon="126.74096">
        <ele>92.75</ele>
      </trkpt>
      <trkpt lat="34.818438" lon="126.740773">
        <ele>91.25</ele>
      </trkpt>
      <trkpt lat="34.81826" lon="126.74067">
        <ele>90.0</ele>
      </trkpt>
      <trkpt lat="34.8170969" lon="126.740616">
        <ele>84.0</ele>
      </trkpt>
      <trkpt lat="34.8157799" lon="126.739948">
        <ele>76.5</ele>
      </trkpt>
      <trkpt lat="34.814836" lon="126.739851">
        <ele>73.25</ele>
      </trkpt>
      <trkpt lat="34.814398" lon="126.739737">
        <ele>74.25</ele>
      </trkpt>
      <trkpt lat="34.81326" lon="126.739432">
        <ele>70.75</ele>
      </trkpt>
      <trkpt lat="34.812776" lon="126.739421">
        <ele>68.75</ele>
      </trkpt>
      <trkpt lat="34.811979" lon="126.739427">
        <ele>67.25</ele>
      </trkpt>
      <trkpt lat="34.80653" lon="126.738129">
        <ele>42.5</ele>
      </trkpt>
      <trkpt lat="34.80214" lon="126.737959">
        <ele>39.0</ele>
      </trkpt>
      <trkpt lat="34.800537" lon="126.737696">
        <ele>48.75</ele>
      </trkpt>
      <trkpt lat="34.800416" lon="126.737683">
        <ele>48.75</ele>
      </trkpt>
      <trkpt lat="34.79995" lon="126.737699">
        <ele>49.5</ele>
      </trkpt>
      <trkpt lat="34.799557" lon="126.73786">
        <ele>59.25</ele>
      </trkpt>
      <trkpt lat="34.798938" lon="126.738481">
        <ele>66.5</ele>
      </trkpt>
      <trkpt lat="34.798364" lon="126.73903">
        <ele>70.5</ele>
      </trkpt>
      <trkpt lat="34.797919" lon="126.739309">
        <ele>70.75</ele>
      </trkpt>
      <trkpt lat="34.797514" lon="126.739352">
        <ele>74.25</ele>
      </trkpt>
      <trkpt lat="34.796615" lon="126.739614">
        <ele>78.75</ele>
      </trkpt>
      <trkpt lat="34.795729" lon="126.740076">
        <ele>82.5</ele>
      </trkpt>
      <trkpt lat="34.795452" lon="126.740199">
        <ele>81.75</ele>
      </trkpt>
      <trkpt lat="34.795118" lon="126.740255">
        <ele>68.0</ele>
      </trkpt>
      <trkpt lat="34.793985" lon="126.740011">
        <ele>74.0</ele>
      </trkpt>
      <trkpt lat="34.791753" lon="126.74033">
        <ele>47.0</ele>
      </trkpt>
      <trkpt lat="34.791347" lon="126.74033">
        <ele>48.0</ele>
      </trkpt>
      <trkpt lat="34.79098" lon="126.740167">
        <ele>52.25</ele>
      </trkpt>
      <trkpt lat="34.790368" lon="126.73984">
        <ele>52.25</ele>
      </trkpt>
      <trkpt lat="34.7900769" lon="126.739851">
        <ele>52.75</ele>
      </trkpt>
      <trkpt lat="34.788945" lon="126.740108">
        <ele>47.75</ele>
      </trkpt>
      <trkpt lat="34.788431" lon="126.740309">
        <ele>43.0</ele>
      </trkpt>
      <trkpt lat="34.787623" lon="126.740698">
        <ele>47.75</ele>
      </trkpt>
      <trkpt lat="34.787051" lon="126.740891">
        <ele>45.75</ele>
      </trkpt>
      <trkpt lat="34.786663" lon="126.740923">
        <ele>45.25</ele>
      </trkpt>
      <trkpt lat="34.785945" lon="126.740789">
        <ele>44.75</ele>
      </trkpt>
      <trkpt lat="34.784545" lon="126.741092">
        <ele>44.0</ele>
      </trkpt>
      <trkpt lat="34.78361" lon="126.741176">
        <ele>50.5</ele>
      </trkpt>
      <trkpt lat="34.783381" lon="126.741143">
        <ele>49.75</ele>
      </trkpt>
      <trkpt lat="34.783177" lon="126.741032">
        <ele>49.25</ele>
      </trkpt>
      <trkpt lat="34.78267" lon="126.74253">
        <ele>55.0</ele>
      </trkpt>
      <trkpt lat="34.782367" lon="126.747112">
        <ele>75.75</ele>
      </trkpt>
      <trkpt lat="34.782589" lon="126.748077">
        <ele>74.0</ele>
      </trkpt>
      <trkpt lat="34.78253" lon="126.74928">
        <ele>84.75</ele>
      </trkpt>
      <trkpt lat="34.78234" lon="126.74995">
        <ele>92.0</ele>
      </trkpt>
      <trkpt lat="34.78194" lon="126.7503">
        <ele>96.0</ele>
      </trkpt>
      <trkpt lat="34.78159" lon="126.75033">
        <ele>98.5</ele>
      </trkpt>
      <trkpt lat="34.781399" lon="126.750255">
        <ele>91.0</ele>
      </trkpt>
      <trkpt lat="34.78066" lon="126.74941">
        <ele>103.75</ele>
      </trkpt>
      <trkpt lat="34.7802099" lon="126.74937">
        <ele>105.25</ele>
      </trkpt>
      <trkpt lat="34.77916" lon="126.75057">
        <ele>119.75</ele>
      </trkpt>
      <trkpt lat="34.77913" lon="126.75104">
        <ele>124.5</ele>
      </trkpt>
      <trkpt lat="34.77931" lon="126.75152">
        <ele>128.75</ele>
      </trkpt>
      <trkpt lat="34.77929" lon="126.75201">
        <ele>136.75</ele>
      </trkpt>
      <trkpt lat="34.77916" lon="126.75224">
        <ele>140.5</ele>
      </trkpt>
      <trkpt lat="34.7786199" lon="126.75237">
        <ele>142.5</ele>
      </trkpt>
      <trkpt lat="34.7778" lon="126.75231">
        <ele>133.0</ele>
      </trkpt>
      <trkpt lat="34.77772" lon="126.75233">
        <ele>132.25</ele>
      </trkpt>
      <trkpt lat="34.77765" lon="126.75243">
        <ele>132.5</ele>
      </trkpt>
      <trkpt lat="34.77774" lon="126.75304">
        <ele>139.0</ele>
      </trkpt>
      <trkpt lat="34.77804" lon="126.75368">
        <ele>146.75</ele>
      </trkpt>
      <trkpt lat="34.7789" lon="126.754">
        <ele>162.5</ele>
      </trkpt>
      <trkpt lat="34.77903" lon="126.7541">
        <ele>165.25</ele>
      </trkpt>
      <trkpt lat="34.77908" lon="126.75418">
        <ele>166.25</ele>
      </trkpt>
      <trkpt lat="34.77908" lon="126.75466">
        <ele>169.25</ele>
      </trkpt>
      <trkpt lat="34.77885" lon="126.75555">
        <ele>169.5</ele>
      </trkpt>
      <trkpt lat="34.77882" lon="126.75574">
        <ele>170.75</ele>
      </trkpt>
      <trkpt lat="34.77902" lon="126.75633">
        <ele>181.0</ele>
      </trkpt>
      <trkpt lat="34.77902" lon="126.75669">
        <ele>182.75</ele>
      </trkpt>
      <trkpt lat="34.77884" lon="126.75705">
        <ele>188.5</ele>
      </trkpt>
      <trkpt lat="34.77801" lon="126.75756">
        <ele>192.25</ele>
      </trkpt>
      <trkpt lat="34.77788" lon="126.75761">
        <ele>193.0</ele>
      </trkpt>
      <trkpt lat="34.7775" lon="126.75766">
        <ele>191.5</ele>
      </trkpt>
      <trkpt lat="34.77709" lon="126.75811">
        <ele>202.75</ele>
      </trkpt>
      <trkpt lat="34.77703" lon="126.75816">
        <ele>203.75</ele>
      </trkpt>
      <trkpt lat="34.7768299" lon="126.75824">
        <ele>204.0</ele>
      </trkpt>
      <trkpt lat="34.77667" lon="126.75824">
        <ele>202.25</ele>
      </trkpt>
      <trkpt lat="34.77654" lon="126.75822">
        <ele>203.5</ele>
      </trkpt>
      <trkpt lat="34.77586" lon="126.75781">
        <ele>199.25</ele>
      </trkpt>
      <trkpt lat="34.775037" lon="126.758269">
        <ele>204.0</ele>
      </trkpt>
      <trkpt lat="34.774517" lon="126.758409">
        <ele>201.0</ele>
      </trkpt>
      <trkpt lat="34.7740099" lon="126.7587">
        <ele>213.5</ele>
      </trkpt>
      <trkpt lat="34.7728899" lon="126.75886">
        <ele>217.5</ele>
      </trkpt>
      <trkpt lat="34.77208" lon="126.75916">
        <ele>221.0</ele>
      </trkpt>
      <trkpt lat="34.771926" lon="126.759439">
        <ele>211.0</ele>
      </trkpt>
      <trkpt lat="34.77193" lon="126.75976">
        <ele>218.25</ele>
      </trkpt>
      <trkpt lat="34.77246" lon="126.76065">
        <ele>203.5</ele>
      </trkpt>
      <trkpt lat="34.77254" lon="126.76129">
        <ele>201.5</ele>
      </trkpt>
      <trkpt lat="34.77221" lon="126.76278">
        <ele>197.75</ele>
      </trkpt>
      <trkpt lat="34.77182" lon="126.76333">
        <ele>193.75</ele>
      </trkpt>
      <trkpt lat="34.77117" lon="126.76392">
        <ele>187.75</ele>
      </trkpt>
      <trkpt lat="34.76842" lon="126.76519">
        <ele>173.5</ele>
      </trkpt>
      <trkpt lat="34.76726" lon="126.76595">
        <ele>158.25</ele>
      </trkpt>
      <trkpt lat="34.76417" lon="126.76864">
        <ele>147.75</ele>
      </trkpt>
      <trkpt lat="34.7624799" lon="126.76909">
        <ele>147.25</ele>
      </trkpt>
      <trkpt lat="34.7604" lon="126.76992">
        <ele>140.75</ele>
      </trkpt>
      <trkpt lat="34.75734" lon="126.77175">
        <ele>134.0</ele>
      </trkpt>
      <trkpt lat="34.75012" lon="126.77458">
        <ele>124.0</ele>
      </trkpt>
      <trkpt lat="34.74724" lon="126.77675">
        <ele>120.0</ele>
      </trkpt>
      <trkpt lat="34.7445809" lon="126.778496">
        <ele>124.25</ele>
      </trkpt>
      <trkpt lat="34.7439899" lon="126.77983">
        <ele>122.25</ele>
      </trkpt>
      <trkpt lat="34.74028" lon="126.78377">
        <ele>114.75</ele>
      </trkpt>
      <trkpt lat="34.73999" lon="126.78411">
        <ele>115.5</ele>
      </trkpt>
      <trkpt lat="34.73981" lon="126.78465">
        <ele>120.5</ele>
      </trkpt>
      <trkpt lat="34.73932" lon="126.786733">
        <ele>102.0</ele>
      </trkpt>
      <trkpt lat="34.73933" lon="126.78735">
        <ele>114.25</ele>
      </trkpt>
      <trkpt lat="34.739417" lon="126.787709">
        <ele>106.0</ele>
      </trkpt>
      <trkpt lat="34.739814" lon="126.788363">
        <ele>110.0</ele>
      </trkpt>
      <trkpt lat="34.739858" lon="126.788557">
        <ele>107.0</ele>
      </trkpt>
      <trkpt lat="34.7398" lon="126.78873">
        <ele>116.75</ele>
      </trkpt>
      <trkpt lat="34.7395" lon="126.78956">
        <ele>116.75</ele>
      </trkpt>
      <trkpt lat="34.739382" lon="126.790659">
        <ele>99.0</ele>
      </trkpt>
      <trkpt lat="34.73942" lon="126.79184">
        <ele>116.0</ele>
      </trkpt>
      <trkpt lat="34.73905" lon="126.79347">
        <ele>111.0</ele>
      </trkpt>
      <trkpt lat="34.73932" lon="126.79466">
        <ele>119.0</ele>
      </trkpt>
      <trkpt lat="34.73906" lon="126.79595">
        <ele>122.0</ele>
      </trkpt>
      <trkpt lat="34.73892" lon="126.79615">
        <ele>123.75</ele>
      </trkpt>
      <trkpt lat="34.73888" lon="126.79622">
        <ele>124.0</ele>
      </trkpt>
      <trkpt lat="34.73839" lon="126.79663">
        <ele>125.0</ele>
      </trkpt>
      <trkpt lat="34.73816" lon="126.7968">
        <ele>127.0</ele>
      </trkpt>
      <trkpt lat="34.73525" lon="126.79869">
        <ele>127.25</ele>
      </trkpt>
      <trkpt lat="34.73496" lon="126.7988">
        <ele>125.5</ele>
      </trkpt>
      <trkpt lat="34.7347899" lon="126.79882">
        <ele>124.0</ele>
      </trkpt>
      <trkpt lat="34.7344" lon="126.79876">
        <ele>119.25</ele>
      </trkpt>
      <trkpt lat="34.73403" lon="126.79862">
        <ele>111.75</ele>
      </trkpt>
      <trkpt lat="34.733783" lon="126.798679">
        <ele>103.0</ele>
      </trkpt>
      <trkpt lat="34.7337" lon="126.79883">
        <ele>106.25</ele>
      </trkpt>
      <trkpt lat="34.733647" lon="126.799098">
        <ele>108.0</ele>
      </trkpt>
      <trkpt lat="34.734004" lon="126.799827">
        <ele>110.0</ele>
      </trkpt>
      <trkpt lat="34.734" lon="126.80006">
        <ele>107.75</ele>
      </trkpt>
      <trkpt lat="34.733854" lon="126.800482">
        <ele>100.0</ele>
      </trkpt>
      <trkpt lat="34.7338" lon="126.80085">
        <ele>101.75</ele>
      </trkpt>
      <trkpt lat="34.733792" lon="126.801158">
        <ele>92.0</ele>
      </trkpt>
      <trkpt lat="34.733991" lon="126.802129">
        <ele>88.0</ele>
      </trkpt>
      <trkpt lat="34.73401" lon="126.80245">
        <ele>95.75</ele>
      </trkpt>
      <trkpt lat="34.733951" lon="126.802885">
        <ele>81.0</ele>
      </trkpt>
      <trkpt lat="34.733488" lon="126.803893">
        <ele>76.0</ele>
      </trkpt>
      <trkpt lat="34.73345" lon="126.80436">
        <ele>87.0</ele>
      </trkpt>
      <trkpt lat="34.733536" lon="126.805599">
        <ele>75.0</ele>
      </trkpt>
      <trkpt lat="34.733726" lon="126.806468">
        <ele>73.0</ele>
      </trkpt>
      <trkpt lat="34.734131" lon="126.807478">
        <ele>85.25</ele>
      </trkpt>
      <trkpt lat="34.734118" lon="126.80767">
        <ele>86.0</ele>
      </trkpt>
      <trkpt lat="34.73405" lon="126.807878">
        <ele>86.25</ele>
      </trkpt>
      <trkpt lat="34.73389" lon="126.80803">
        <ele>84.75</ele>
      </trkpt>
      <trkpt lat="34.733603" lon="126.808115">
        <ele>62.0</ele>
      </trkpt>
      <trkpt lat="34.73284" lon="126.80804">
        <ele>55.0</ele>
      </trkpt>
      <trkpt lat="34.73262" lon="126.80811">
        <ele>71.5</ele>
      </trkpt>
      <trkpt lat="34.73124" lon="126.808402">
        <ele>63.0</ele>
      </trkpt>
      <trkpt lat="34.73032" lon="126.80926">
        <ele>54.25</ele>
      </trkpt>
      <trkpt lat="34.7281199" lon="126.81067">
        <ele>56.5</ele>
      </trkpt>
      <trkpt lat="34.72741" lon="126.811">
        <ele>56.75</ele>
      </trkpt>
      <trkpt lat="34.722016" lon="126.812805">
        <ele>43.25</ele>
      </trkpt>
      <trkpt lat="34.721266" lon="126.812895">
        <ele>42.25</ele>
      </trkpt>
      <trkpt lat="34.72034" lon="126.812785">
        <ele>41.75</ele>
      </trkpt>
      <trkpt lat="34.713572" lon="126.811596">
        <ele>36.75</ele>
      </trkpt>
      <trkpt lat="34.712249" lon="126.811499">
        <ele>35.0</ele>
      </trkpt>
      <trkpt lat="34.711841" lon="126.811833">
        <ele>34.5</ele>
      </trkpt>
      <trkpt lat="34.708716" lon="126.813595">
        <ele>35.0</ele>
      </trkpt>
      <trkpt lat="34.70746" lon="126.814452">
        <ele>32.0</ele>
      </trkpt>
      <trkpt lat="34.70619" lon="126.81534">
        <ele>34.75</ele>
      </trkpt>
      <trkpt lat="34.70544" lon="126.81593">
        <ele>37.5</ele>
      </trkpt>
      <trkpt lat="34.704805" lon="126.816663">
        <ele>38.0</ele>
      </trkpt>
      <trkpt lat="34.703924" lon="126.818242">
        <ele>46.75</ele>
      </trkpt>
      <trkpt lat="34.703107" lon="126.820648">
        <ele>40.5</ele>
      </trkpt>
      <trkpt lat="34.701257" lon="126.823048">
        <ele>34.25</ele>
      </trkpt>
      <trkpt lat="34.6986" lon="126.82765">
        <ele>34.0</ele>
      </trkpt>
      <trkpt lat="34.69673" lon="126.83038">
        <ele>33.0</ele>
      </trkpt>
      <trkpt lat="34.69675" lon="126.83242">
        <ele>30.5</ele>
      </trkpt>
      <trkpt lat="34.69709" lon="126.83549">
        <ele>31.25</ele>
      </trkpt>
      <trkpt lat="34.69697" lon="126.83597">
        <ele>32.0</ele>
      </trkpt>
      <trkpt lat="34.6957" lon="126.83863">
        <ele>32.5</ele>
      </trkpt>
      <trkpt lat="34.69532" lon="126.83987">
        <ele>29.75</ele>
      </trkpt>
      <trkpt lat="34.69499" lon="126.84366">
        <ele>29.0</ele>
      </trkpt>
      <trkpt lat="34.69527" lon="126.84708">
        <ele>37.25</ele>
      </trkpt>
      <trkpt lat="34.6946299" lon="126.84924">
        <ele>30.0</ele>
      </trkpt>
      <trkpt lat="34.69451" lon="126.85117">
        <ele>36.5</ele>
      </trkpt>
      <trkpt lat="34.69373" lon="126.85307">
        <ele>38.0</ele>
      </trkpt>
      <trkpt lat="34.69334" lon="126.85367">
        <ele>37.0</ele>
      </trkpt>
      <trkpt lat="34.69316" lon="126.85378">
        <ele>40.75</ele>
      </trkpt>
      <trkpt lat="34.69197" lon="126.85378">
        <ele>40.25</ele>
      </trkpt>
      <trkpt lat="34.68989" lon="126.85435">
        <ele>40.75</ele>
      </trkpt>
      <trkpt lat="34.689131" lon="126.854206">
        <ele>23.0</ele>
      </trkpt>
      <trkpt lat="34.68846" lon="126.85421">
        <ele>35.25</ele>
      </trkpt>
      <trkpt lat="34.68833" lon="126.85423">
        <ele>36.0</ele>
      </trkpt>
      <trkpt lat="34.68679" lon="126.85528">
        <ele>30.5</ele>
      </trkpt>
      <trkpt lat="34.68669" lon="126.85538">
        <ele>29.25</ele>
      </trkpt>
      <trkpt lat="34.6865499" lon="126.85565">
        <ele>29.75</ele>
      </trkpt>
      <trkpt lat="34.6863" lon="126.85637">
        <ele>31.75</ele>
      </trkpt>
      <trkpt lat="34.68621" lon="126.85677">
        <ele>31.25</ele>
      </trkpt>
      <trkpt lat="34.6856" lon="126.86419">
        <ele>36.5</ele>
      </trkpt>
      <trkpt lat="34.68546" lon="126.86511">
        <ele>34.25</ele>
      </trkpt>
      <trkpt lat="34.68533" lon="126.86584">
        <ele>38.5</ele>
      </trkpt>
      <trkpt lat="34.68533" lon="126.86653">
        <ele>33.75</ele>
      </trkpt>
      <trkpt lat="34.68528" lon="126.86767">
        <ele>28.0</ele>
      </trkpt>
      <trkpt lat="34.68513" lon="126.86831">
        <ele>25.0</ele>
      </trkpt>
      <trkpt lat="34.6850499" lon="126.86929">
        <ele>26.75</ele>
      </trkpt>
      <trkpt lat="34.6851" lon="126.87097">
        <ele>23.25</ele>
      </trkpt>
      <trkpt lat="34.68408" lon="126.8767">
        <ele>24.0</ele>
      </trkpt>
      <trkpt lat="34.6837" lon="126.87713">
        <ele>36.75</ele>
      </trkpt>
      <trkpt lat="34.6835499" lon="126.87719">
        <ele>39.25</ele>
      </trkpt>
      <trkpt lat="34.68336" lon="126.87721">
        <ele>41.0</ele>
      </trkpt>
      <trkpt lat="34.68292" lon="126.87716">
        <ele>39.5</ele>
      </trkpt>
      <trkpt lat="34.68209" lon="126.87703">
        <ele>38.75</ele>
      </trkpt>
      <trkpt lat="34.68054" lon="126.87656">
        <ele>29.5</ele>
      </trkpt>
      <trkpt lat="34.6797899" lon="126.87648">
        <ele>25.75</ele>
      </trkpt>
      <trkpt lat="34.67912" lon="126.87663">
        <ele>24.5</ele>
      </trkpt>
      <trkpt lat="34.67824" lon="126.8771">
        <ele>22.5</ele>
      </trkpt>
      <trkpt lat="34.67292" lon="126.8845">
        <ele>23.75</ele>
      </trkpt>
      <trkpt lat="34.672756" lon="126.884665">
        <ele>24.0</ele>
      </trkpt>
      <trkpt lat="34.67112" lon="126.88631">
        <ele>30.25</ele>
      </trkpt>
      <trkpt lat="34.66877" lon="126.88902">
        <ele>26.25</ele>
      </trkpt>
      <trkpt lat="34.6685" lon="126.88956">
        <ele>25.5</ele>
      </trkpt>
      <trkpt lat="34.66808" lon="126.89054">
        <ele>26.5</ele>
      </trkpt>
      <trkpt lat="34.667826" lon="126.891824">
        <ele>26.0</ele>
      </trkpt>
      <trkpt lat="34.66735" lon="126.89217">
        <ele>21.25</ele>
      </trkpt>
      <trkpt lat="34.6679869" lon="126.893767">
        <ele>24.75</ele>
      </trkpt>
      <trkpt lat="34.668237" lon="126.89436">
        <ele>25.5</ele>
      </trkpt>
      <trkpt lat="34.668634" lon="126.895684">
        <ele>24.0</ele>
      </trkpt>
      <trkpt lat="34.668954" lon="126.895939">
        <ele>23.0</ele>
      </trkpt>
      <trkpt lat="34.670127" lon="126.896152">
        <ele>26.75</ele>
      </trkpt>
      <trkpt lat="34.670817" lon="126.896723">
        <ele>28.5</ele>
      </trkpt>
      <trkpt lat="34.670994" lon="126.896895">
        <ele>29.0</ele>
      </trkpt>
      <trkpt lat="34.671174" lon="126.897157">
        <ele>29.75</ele>
      </trkpt>
      <trkpt lat="34.671307" lon="126.897442">
        <ele>30.75</ele>
      </trkpt>
      <trkpt lat="34.67271" lon="126.90117">
        <ele>23.75</ele>
      </trkpt>
      <trkpt lat="34.673065" lon="126.904936">
        <ele>21.5</ele>
      </trkpt>
      <trkpt lat="34.673059" lon="126.904873">
        <ele>21.5</ele>
      </trkpt>
      <trkpt lat="34.675235" lon="126.905809">
        <ele>24.0</ele>
      </trkpt>
      <trkpt lat="34.676211" lon="126.905913">
        <ele>22.5</ele>
      </trkpt>
      <trkpt lat="34.677453" lon="126.905841">
        <ele>23.75</ele>
      </trkpt>
      <trkpt lat="34.680154" lon="126.905194">
        <ele>23.5</ele>
      </trkpt>
      <trkpt lat="34.680208" lon="126.905244">
        <ele>23.75</ele>
      </trkpt>
      <trkpt lat="34.680265" lon="126.905242">
        <ele>23.75</ele>
      </trkpt>
      <trkpt lat="34.680316" lon="126.905192">
        <ele>23.75</ele>
      </trkpt>
      <trkpt lat="34.680323" lon="126.9051">
        <ele>23.75</ele>
      </trkpt>
      <trkpt lat="34.681838" lon="126.904067">
        <ele>23.0</ele>
      </trkpt>
      <trkpt lat="34.685265" lon="126.902216">
        <ele>23.75</ele>
      </trkpt>
      <trkpt lat="34.6861279" lon="126.902163">
        <ele>22.75</ele>
      </trkpt>
      <trkpt lat="34.692576" lon="126.902653">
        <ele>27.25</ele>
      </trkpt>
      <trkpt lat="34.69773" lon="126.901304">
        <ele>29.0</ele>
      </trkpt>
      <trkpt lat="34.697819" lon="126.901268">
        <ele>29.0</ele>
      </trkpt>
      <trkpt lat="34.698521" lon="126.901042">
        <ele>28.25</ele>
      </trkpt>
      <trkpt lat="34.70125" lon="126.89976">
        <ele>28.0</ele>
      </trkpt>
      <trkpt lat="34.70149" lon="126.8997">
        <ele>28.25</ele>
      </trkpt>
      <trkpt lat="34.70162" lon="126.89969">
        <ele>28.5</ele>
      </trkpt>
      <trkpt lat="34.708135" lon="126.901819">
        <ele>28.5</ele>
      </trkpt>
      <trkpt lat="34.718787" lon="126.903273">
        <ele>33.25</ele>
      </trkpt>
      <trkpt lat="34.720685" lon="126.903661">
        <ele>33.0</ele>
      </trkpt>
      <trkpt lat="34.720852" lon="126.903082">
        <ele>33.0</ele>
      </trkpt>
      <trkpt lat="34.721844" lon="126.903014">
        <ele>35.0</ele>
      </trkpt>
      <trkpt lat="34.722011" lon="126.9035">
        <ele>35.25</ele>
      </trkpt>
      <trkpt lat="34.722565" lon="126.903771">
        <ele>36.0</ele>
      </trkpt>
      <trkpt lat="34.728435" lon="126.904862">
        <ele>41.5</ele>
      </trkpt>
      <trkpt lat="34.728896" lon="126.904899">
        <ele>41.25</ele>
      </trkpt>
      <trkpt lat="34.729714" lon="126.904763">
        <ele>40.25</ele>
      </trkpt>
      <trkpt lat="34.729827" lon="126.904788">
        <ele>38.75</ele>
      </trkpt>
      <trkpt lat="34.730283" lon="126.905004">
        <ele>34.25</ele>
      </trkpt>
      <trkpt lat="34.731823" lon="126.906181">
        <ele>33.0</ele>
      </trkpt>
      <trkpt lat="34.732041" lon="126.906409">
        <ele>34.0</ele>
      </trkpt>
      <trkpt lat="34.732218" lon="126.906649">
        <ele>35.25</ele>
      </trkpt>
      <trkpt lat="34.732294" lon="126.906852">
        <ele>35.0</ele>
      </trkpt>
      <trkpt lat="34.732638" lon="126.907955">
        <ele>35.0</ele>
      </trkpt>
      <trkpt lat="34.733994" lon="126.910929">
        <ele>39.0</ele>
      </trkpt>
      <trkpt lat="34.733977" lon="126.911527">
        <ele>40.5</ele>
      </trkpt>
      <trkpt lat="34.73368" lon="126.912389">
        <ele>39.5</ele>
      </trkpt>
      <trkpt lat="34.733439" lon="126.913819">
        <ele>40.25</ele>
      </trkpt>
      <trkpt lat="34.73343" lon="126.914038">
        <ele>40.5</ele>
      </trkpt>
      <trkpt lat="34.733485" lon="126.914257">
        <ele>40.75</ele>
      </trkpt>
      <trkpt lat="34.733581" lon="126.914466">
        <ele>40.5</ele>
      </trkpt>
      <trkpt lat="34.733706" lon="126.914664">
        <ele>40.25</ele>
      </trkpt>
      <trkpt lat="34.734608" lon="126.91534">
        <ele>41.25</ele>
      </trkpt>
      <trkpt lat="34.735657" lon="126.917373">
        <ele>47.0</ele>
      </trkpt>
      <trkpt lat="34.735672" lon="126.917686">
        <ele>47.75</ele>
      </trkpt>
      <trkpt lat="34.735665" lon="126.917994">
        <ele>48.5</ele>
      </trkpt>
      <trkpt lat="34.735147" lon="126.920642">
        <ele>47.75</ele>
      </trkpt>
      <trkpt lat="34.734072" lon="126.924033">
        <ele>51.0</ele>
      </trkpt>
      <trkpt lat="34.73393" lon="126.924383">
        <ele>50.25</ele>
      </trkpt>
      <trkpt lat="34.733777" lon="126.924682">
        <ele>49.0</ele>
      </trkpt>
      <trkpt lat="34.732225" lon="126.926788">
        <ele>51.0</ele>
      </trkpt>
      <trkpt lat="34.731585" lon="126.928268">
        <ele>52.75</ele>
      </trkpt>
      <trkpt lat="34.73146" lon="126.928704">
        <ele>58.75</ele>
      </trkpt>
      <trkpt lat="34.73162" lon="126.928747">
        <ele>60.0</ele>
      </trkpt>
      <trkpt lat="34.732641" lon="126.929784">
        <ele>66.75</ele>
      </trkpt>
      <trkpt lat="34.734823" lon="126.931221">
        <ele>54.0</ele>
      </trkpt>
      <trkpt lat="34.7352" lon="126.931574">
        <ele>55.0</ele>
      </trkpt>
      <trkpt lat="34.7372889" lon="126.933604">
        <ele>67.75</ele>
      </trkpt>
      <trkpt lat="34.738003" lon="126.934156">
        <ele>78.0</ele>
      </trkpt>
      <trkpt lat="34.738286" lon="126.934383">
        <ele>81.5</ele>
      </trkpt>
      <trkpt lat="34.739128" lon="126.935473">
        <ele>73.25</ele>
      </trkpt>
      <trkpt lat="34.740812" lon="126.937093">
        <ele>71.5</ele>
      </trkpt>
      <trkpt lat="34.740966" lon="126.937329">
        <ele>71.25</ele>
      </trkpt>
      <trkpt lat="34.741349" lon="126.939201">
        <ele>69.25</ele>
      </trkpt>
      <trkpt lat="34.74138" lon="126.939528">
        <ele>69.0</ele>
      </trkpt>
      <trkpt lat="34.741354" lon="126.939812">
        <ele>68.5</ele>
      </trkpt>
      <trkpt lat="34.739511" lon="126.951322">
        <ele>89.75</ele>
      </trkpt>
      <trkpt lat="34.739361" lon="126.954979">
        <ele>91.0</ele>
      </trkpt>
      <trkpt lat="34.738797" lon="126.957778">
        <ele>97.0</ele>
      </trkpt>
      <trkpt lat="34.738497" lon="126.958749">
        <ele>97.5</ele>
      </trkpt>
      <trkpt lat="34.738114" lon="126.960975">
        <ele>98.75</ele>
      </trkpt>
      <trkpt lat="34.737144" lon="126.963523">
        <ele>111.0</ele>
      </trkpt>
      <trkpt lat="34.737091" lon="126.963893">
        <ele>116.5</ele>
      </trkpt>
      <trkpt lat="34.7371089" lon="126.96407">
        <ele>118.5</ele>
      </trkpt>
      <trkpt lat="34.737219" lon="126.96429">
        <ele>120.5</ele>
      </trkpt>
      <trkpt lat="34.738092" lon="126.965084">
        <ele>120.75</ele>
      </trkpt>
      <trkpt lat="34.738369" lon="126.965454">
        <ele>119.25</ele>
      </trkpt>
      <trkpt lat="34.738453" lon="126.966146">
        <ele>124.5</ele>
      </trkpt>
      <trkpt lat="34.73833" lon="126.966511">
        <ele>127.25</ele>
      </trkpt>
      <trkpt lat="34.737611" lon="126.968137">
        <ele>132.75</ele>
      </trkpt>
      <trkpt lat="34.737356" lon="126.969365">
        <ele>134.0</ele>
      </trkpt>
      <trkpt lat="34.73699" lon="126.970443">
        <ele>129.5</ele>
      </trkpt>
      <trkpt lat="34.73684" lon="126.970843">
        <ele>130.25</ele>
      </trkpt>
      <trkpt lat="34.736059" lon="126.972943">
        <ele>134.75</ele>
      </trkpt>
      <trkpt lat="34.735738" lon="126.974279">
        <ele>147.5</ele>
      </trkpt>
      <trkpt lat="34.73572" lon="126.974756">
        <ele>150.25</ele>
      </trkpt>
      <trkpt lat="34.735746" lon="126.975041">
        <ele>152.25</ele>
      </trkpt>
      <trkpt lat="34.735962" lon="126.975851">
        <ele>155.75</ele>
      </trkpt>
      <trkpt lat="34.736408" lon="126.977449">
        <ele>162.5</ele>
      </trkpt>
      <trkpt lat="34.73665" lon="126.979246">
        <ele>172.5</ele>
      </trkpt>
      <trkpt lat="34.737946" lon="126.982299">
        <ele>187.5</ele>
      </trkpt>
      <trkpt lat="34.738131" lon="126.982797">
        <ele>191.75</ele>
      </trkpt>
      <trkpt lat="34.738347" lon="126.983768">
        <ele>197.5</ele>
      </trkpt>
      <trkpt lat="34.7385019" lon="126.984176">
        <ele>202.0</ele>
      </trkpt>
      <trkpt lat="34.738735" lon="126.984568">
        <ele>206.0</ele>
      </trkpt>
      <trkpt lat="34.739091" lon="126.984991">
        <ele>206.0</ele>
      </trkpt>
      <trkpt lat="34.73956" lon="126.985335">
        <ele>219.0</ele>
      </trkpt>
      <trkpt lat="34.740146" lon="126.985657">
        <ele>223.25</ele>
      </trkpt>
      <trkpt lat="34.741204" lon="126.986451">
        <ele>212.5</ele>
      </trkpt>
      <trkpt lat="34.741407" lon="126.986783">
        <ele>209.0</ele>
      </trkpt>
      <trkpt lat="34.742698" lon="126.989401">
        <ele>185.25</ele>
      </trkpt>
      <trkpt lat="34.742936" lon="126.989782">
        <ele>184.5</ele>
      </trkpt>
      <trkpt lat="34.744677" lon="126.992169">
        <ele>182.0</ele>
      </trkpt>
      <trkpt lat="34.74519" lon="126.992628">
        <ele>183.75</ele>
      </trkpt>
      <trkpt lat="34.747108" lon="126.993511">
        <ele>181.25</ele>
      </trkpt>
      <trkpt lat="34.748909" lon="126.993945">
        <ele>174.0</ele>
      </trkpt>
      <trkpt lat="34.749964" lon="126.994441">
        <ele>170.25</ele>
      </trkpt>
      <trkpt lat="34.750833" lon="126.995187">
        <ele>170.0</ele>
      </trkpt>
      <trkpt lat="34.751806" lon="126.996505">
        <ele>168.1</ele>
      </trkpt>
      <trkpt lat="34.752374" lon="126.997274">
        <ele>170.0</ele>
      </trkpt>
      <trkpt lat="34.753203" lon="126.996149">
        <ele>163.0</ele>
      </trkpt>
      <trkpt lat="34.753478" lon="126.995709">
        <ele>164.0</ele>
      </trkpt>
      <trkpt lat="34.753752" lon="126.995398">
        <ele>162.0</ele>
      </trkpt>
      <trkpt lat="34.754056" lon="126.995194">
        <ele>161.0</ele>
      </trkpt>
      <trkpt lat="34.754391" lon="126.995044">
        <ele>163.0</ele>
      </trkpt>
      <trkpt lat="34.754853" lon="126.994717">
        <ele>163.0</ele>
      </trkpt>
      <trkpt lat="34.755091" lon="126.994389">
        <ele>167.0</ele>
      </trkpt>
      <trkpt lat="34.75544" lon="126.993746">
        <ele>173.0</ele>
      </trkpt>
      <trkpt lat="34.75573" lon="126.993214">
        <ele>166.0</ele>
      </trkpt>
      <trkpt lat="34.755982" lon="126.992941">
        <ele>166.0</ele>
      </trkpt>
      <trkpt lat="34.7566119" lon="126.992485">
        <ele>162.0</ele>
      </trkpt>
      <trkpt lat="34.75726" lon="126.99214">
        <ele>176.0</ele>
      </trkpt>
      <trkpt lat="34.757639" lon="126.991863">
        <ele>164.0</ele>
      </trkpt>
      <trkpt lat="34.758538" lon="126.990988">
        <ele>160.0</ele>
      </trkpt>
      <trkpt lat="34.759366" lon="126.990591">
        <ele>162.0</ele>
      </trkpt>
      <trkpt lat="34.76036" lon="126.9903">
        <ele>169.5</ele>
      </trkpt>
      <trkpt lat="34.76084" lon="126.98989">
        <ele>167.5</ele>
      </trkpt>
      <trkpt lat="34.7618099" lon="126.98893">
        <ele>166.75</ele>
      </trkpt>
      <trkpt lat="34.762821" lon="126.988169">
        <ele>160.0</ele>
      </trkpt>
      <trkpt lat="34.763239" lon="126.987814">
        <ele>159.25</ele>
      </trkpt>
      <trkpt lat="34.763605" lon="126.987273">
        <ele>159.5</ele>
      </trkpt>
      <trkpt lat="34.763891" lon="126.986712">
        <ele>159.25</ele>
      </trkpt>
      <trkpt lat="34.763967" lon="126.986719">
        <ele>159.0</ele>
      </trkpt>
      <trkpt lat="34.764031" lon="126.986669">
        <ele>159.0</ele>
      </trkpt>
      <trkpt lat="34.764152" lon="126.986072">
        <ele>159.5</ele>
      </trkpt>
      <trkpt lat="34.76725" lon="126.97882">
        <ele>155.25</ele>
      </trkpt>
      <trkpt lat="34.767458" lon="126.978376">
        <ele>155.0</ele>
      </trkpt>
      <trkpt lat="34.767493" lon="126.978302">
        <ele>155.0</ele>
      </trkpt>
      <trkpt lat="34.767806" lon="126.977871">
        <ele>158.0</ele>
      </trkpt>
      <trkpt lat="34.76809" lon="126.977566">
        <ele>159.0</ele>
      </trkpt>
      <trkpt lat="34.7699209" lon="126.976454">
        <ele>158.5</ele>
      </trkpt>
      <trkpt lat="34.7701459" lon="126.976181">
        <ele>158.75</ele>
      </trkpt>
      <trkpt lat="34.7704" lon="126.975773">
        <ele>159.25</ele>
      </trkpt>
      <trkpt lat="34.7706779" lon="126.975227">
        <ele>161.75</ele>
      </trkpt>
      <trkpt lat="34.77084" lon="126.97516">
        <ele>162.0</ele>
      </trkpt>
      <trkpt lat="34.770781" lon="126.974942">
        <ele>163.25</ele>
      </trkpt>
      <trkpt lat="34.77284" lon="126.97017">
        <ele>173.0</ele>
      </trkpt>
      <trkpt lat="34.77313" lon="126.96969">
        <ele>174.25</ele>
      </trkpt>
      <trkpt lat="34.77326" lon="126.96951">
        <ele>173.75</ele>
      </trkpt>
      <trkpt lat="34.77378" lon="126.96903">
        <ele>171.0</ele>
      </trkpt>
      <trkpt lat="34.774508" lon="126.968493">
        <ele>168.25</ele>
      </trkpt>
      <trkpt lat="34.77454" lon="126.96847">
        <ele>168.25</ele>
      </trkpt>
      <trkpt lat="34.78092" lon="126.96409">
        <ele>173.75</ele>
      </trkpt>
      <trkpt lat="34.78361" lon="126.96211">
        <ele>174.5</ele>
      </trkpt>
      <trkpt lat="34.78411" lon="126.96155">
        <ele>170.25</ele>
      </trkpt>
      <trkpt lat="34.78639" lon="126.9581">
        <ele>165.25</ele>
      </trkpt>
      <trkpt lat="34.78722" lon="126.95565">
        <ele>174.75</ele>
      </trkpt>
      <trkpt lat="34.78767" lon="126.95476">
        <ele>174.75</ele>
      </trkpt>
      <trkpt lat="34.78868" lon="126.95425">
        <ele>173.5</ele>
      </trkpt>
      <trkpt lat="34.79076" lon="126.95201">
        <ele>176.0</ele>
      </trkpt>
      <trkpt lat="34.79267" lon="126.95098">
        <ele>165.75</ele>
      </trkpt>
      <trkpt lat="34.79294" lon="126.95067">
        <ele>166.5</ele>
      </trkpt>
      <trkpt lat="34.793076" lon="126.950049">
        <ele>167.5</ele>
      </trkpt>
      <trkpt lat="34.793053" lon="126.949595">
        <ele>170.25</ele>
      </trkpt>
      <trkpt lat="34.793041" lon="126.948683">
        <ele>175.0</ele>
      </trkpt>
      <trkpt lat="34.79318" lon="126.948108">
        <ele>173.5</ele>
      </trkpt>
      <trkpt lat="34.796838" lon="126.940545">
        <ele>172.0</ele>
      </trkpt>
      <trkpt lat="34.797737" lon="126.938479">
        <ele>175.0</ele>
      </trkpt>
      <trkpt lat="34.797847" lon="126.938068">
        <ele>174.75</ele>
      </trkpt>
      <trkpt lat="34.797908" lon="126.937718">
        <ele>174.5</ele>
      </trkpt>
      <trkpt lat="34.79812" lon="126.93516">
        <ele>173.5</ele>
      </trkpt>
      <trkpt lat="34.79811" lon="126.93206">
        <ele>174.25</ele>
      </trkpt>
      <trkpt lat="34.798819" lon="126.929777">
        <ele>176.75</ele>
      </trkpt>
      <trkpt lat="34.799462" lon="126.928869">
        <ele>180.0</ele>
      </trkpt>
      <trkpt lat="34.800466" lon="126.928478">
        <ele>187.5</ele>
      </trkpt>
      <trkpt lat="34.801781" lon="126.92853">
        <ele>189.25</ele>
      </trkpt>
      <trkpt lat="34.804885" lon="126.927375">
        <ele>189.75</ele>
      </trkpt>
      <trkpt lat="34.805925" lon="126.927536">
        <ele>179.25</ele>
      </trkpt>
      <trkpt lat="34.806399" lon="126.927856">
        <ele>183.25</ele>
      </trkpt>
      <trkpt lat="34.807038" lon="126.927989">
        <ele>179.0</ele>
      </trkpt>
      <trkpt lat="34.807576" lon="126.928326">
        <ele>189.25</ele>
      </trkpt>
      <trkpt lat="34.80791" lon="126.92874">
        <ele>188.0</ele>
      </trkpt>
      <trkpt lat="34.808423" lon="126.929768">
        <ele>195.0</ele>
      </trkpt>
      <trkpt lat="34.808826" lon="126.92992">
        <ele>189.0</ele>
      </trkpt>
      <trkpt lat="34.809401" lon="126.929995">
        <ele>195.0</ele>
      </trkpt>
      <trkpt lat="34.809647" lon="126.930077">
        <ele>195.0</ele>
      </trkpt>
      <trkpt lat="34.809941" lon="126.93024">
        <ele>197.0</ele>
      </trkpt>
      <trkpt lat="34.812144" lon="126.932053">
        <ele>206.25</ele>
      </trkpt>
      <trkpt lat="34.812665" lon="126.932175">
        <ele>208.5</ele>
      </trkpt>
      <trkpt lat="34.813572" lon="126.932202">
        <ele>207.0</ele>
      </trkpt>
      <trkpt lat="34.814943" lon="126.93218">
        <ele>217.25</ele>
      </trkpt>
      <trkpt lat="34.815143" lon="126.932169">
        <ele>218.0</ele>
      </trkpt>
      <trkpt lat="34.815609" lon="126.932122">
        <ele>218.25</ele>
      </trkpt>
      <trkpt lat="34.816214" lon="126.93191">
        <ele>217.75</ele>
      </trkpt>
      <trkpt lat="34.816453" lon="126.931881">
        <ele>218.5</ele>
      </trkpt>
      <trkpt lat="34.816914" lon="126.931878">
        <ele>218.0</ele>
      </trkpt>
      <trkpt lat="34.817829" lon="126.931969">
        <ele>203.0</ele>
      </trkpt>
      <trkpt lat="34.818742" lon="126.93222">
        <ele>222.0</ele>
      </trkpt>
      <trkpt lat="34.82373" lon="126.934336">
        <ele>242.5</ele>
      </trkpt>
      <trkpt lat="34.82613" lon="126.935529">
        <ele>252.0</ele>
      </trkpt>
      <trkpt lat="34.826561" lon="126.93563">
        <ele>246.0</ele>
      </trkpt>
      <trkpt lat="34.827204" lon="126.935552">
        <ele>257.0</ele>
      </trkpt>
      <trkpt lat="34.827451" lon="126.935617">
        <ele>258.0</ele>
      </trkpt>
      <trkpt lat="34.82897" lon="126.936523">
        <ele>287.0</ele>
      </trkpt>
      <trkpt lat="34.829371" lon="126.936641">
        <ele>282.0</ele>
      </trkpt>
      <trkpt lat="34.830023" lon="126.936679">
        <ele>275.0</ele>
      </trkpt>
      <trkpt lat="34.830802" lon="126.937129">
        <ele>256.0</ele>
      </trkpt>
      <trkpt lat="34.831326" lon="126.937253">
        <ele>245.0</ele>
      </trkpt>
      <trkpt lat="34.832141" lon="126.937693">
        <ele>247.0</ele>
      </trkpt>
      <trkpt lat="34.833149" lon="126.937832">
        <ele>248.0</ele>
      </trkpt>
      <trkpt lat="34.833831" lon="126.937891">
        <ele>224.0</ele>
      </trkpt>
      <trkpt lat="34.834528" lon="126.937812">
        <ele>225.5</ele>
      </trkpt>
      <trkpt lat="34.834631" lon="126.937797">
        <ele>224.0</ele>
      </trkpt>
      <trkpt lat="34.835024" lon="126.937738">
        <ele>219.25</ele>
      </trkpt>
      <trkpt lat="34.839155" lon="126.936618">
        <ele>206.5</ele>
      </trkpt>
      <trkpt lat="34.840184" lon="126.936426">
        <ele>219.5</ele>
      </trkpt>
      <trkpt lat="34.840886" lon="126.936421">
        <ele>211.25</ele>
      </trkpt>
      <trkpt lat="34.8417699" lon="126.936588">
        <ele>212.0</ele>
      </trkpt>
      <trkpt lat="34.842611" lon="126.936915">
        <ele>203.0</ele>
      </trkpt>
      <trkpt lat="34.843258" lon="126.937247">
        <ele>203.5</ele>
      </trkpt>
      <trkpt lat="34.846733" lon="126.939531">
        <ele>181.75</ele>
      </trkpt>
      <trkpt lat="34.8474999" lon="126.940147">
        <ele>178.0</ele>
      </trkpt>
      <trkpt lat="34.847949" lon="126.940415">
        <ele>178.25</ele>
      </trkpt>
      <trkpt lat="34.848591" lon="126.94071">
        <ele>175.25</ele>
      </trkpt>
      <trkpt lat="34.84923" lon="126.940914">
        <ele>175.5</ele>
      </trkpt>
      <trkpt lat="34.850072" lon="126.941128">
        <ele>164.25</ele>
      </trkpt>
      <trkpt lat="34.851027" lon="126.940009">
        <ele>166.0</ele>
      </trkpt>
      <trkpt lat="34.85154" lon="126.939824">
        <ele>163.75</ele>
      </trkpt>
      <trkpt lat="34.8541" lon="126.9401">
        <ele>150.75</ele>
      </trkpt>
      <trkpt lat="34.85657" lon="126.94137">
        <ele>154.5</ele>
      </trkpt>
      <trkpt lat="34.85719" lon="126.94248">
        <ele>158.5</ele>
      </trkpt>
      <trkpt lat="34.8572599" lon="126.94283">
        <ele>159.5</ele>
      </trkpt>
      <trkpt lat="34.85739" lon="126.94373">
        <ele>156.0</ele>
      </trkpt>
      <trkpt lat="34.857508" lon="126.944087">
        <ele>140.0</ele>
      </trkpt>
      <trkpt lat="34.8577" lon="126.9443">
        <ele>149.5</ele>
      </trkpt>
      <trkpt lat="34.859918" lon="126.945098">
        <ele>140.0</ele>
      </trkpt>
      <trkpt lat="34.86003" lon="126.94515">
        <ele>140.0</ele>
      </trkpt>
      <trkpt lat="34.86021" lon="126.9453">
        <ele>140.0</ele>
      </trkpt>
      <trkpt lat="34.86033" lon="126.94547">
        <ele>139.5</ele>
      </trkpt>
      <trkpt lat="34.860535" lon="126.945947">
        <ele>139.0</ele>
      </trkpt>
      <trkpt lat="34.860648" lon="126.946285">
        <ele>141.5</ele>
      </trkpt>
      <trkpt lat="34.86088" lon="126.94698">
        <ele>140.25</ele>
      </trkpt>
      <trkpt lat="34.861" lon="126.94755">
        <ele>138.5</ele>
      </trkpt>
      <trkpt lat="34.861" lon="126.94794">
        <ele>136.25</ele>
      </trkpt>
      <trkpt lat="34.860123" lon="126.951852">
        <ele>127.0</ele>
      </trkpt>
      <trkpt lat="34.859557" lon="126.952266">
        <ele>137.25</ele>
      </trkpt>
      <trkpt lat="34.859457" lon="126.952434">
        <ele>136.0</ele>
      </trkpt>
      <trkpt lat="34.859394" lon="126.952645">
        <ele>134.75</ele>
      </trkpt>
      <trkpt lat="34.859445" lon="126.953702">
        <ele>135.5</ele>
      </trkpt>
      <trkpt lat="34.859262" lon="126.956318">
        <ele>134.75</ele>
      </trkpt>
      <trkpt lat="34.859139" lon="126.957589">
        <ele>131.25</ele>
      </trkpt>
      <trkpt lat="34.858636" lon="126.959908">
        <ele>120.5</ele>
      </trkpt>
      <trkpt lat="34.858636" lon="126.960189">
        <ele>119.75</ele>
      </trkpt>
      <trkpt lat="34.858706" lon="126.960823">
        <ele>119.25</ele>
      </trkpt>
      <trkpt lat="34.859133" lon="126.962714">
        <ele>118.0</ele>
      </trkpt>
      <trkpt lat="34.859155" lon="126.963131">
        <ele>105.0</ele>
      </trkpt>
      <trkpt lat="34.859067" lon="126.964386">
        <ele>110.0</ele>
      </trkpt>
      <trkpt lat="34.859119" lon="126.964722">
        <ele>119.75</ele>
      </trkpt>
      <trkpt lat="34.859183" lon="126.964916">
        <ele>119.0</ele>
      </trkpt>
      <trkpt lat="34.85936" lon="126.965271">
        <ele>119.25</ele>
      </trkpt>
      <trkpt lat="34.859868" lon="126.965942">
        <ele>103.0</ele>
      </trkpt>
      <trkpt lat="34.86011" lon="126.966382">
        <ele>106.0</ele>
      </trkpt>
      <trkpt lat="34.861637" lon="126.968297">
        <ele>105.0</ele>
      </trkpt>
      <trkpt lat="34.866056" lon="126.972706">
        <ele>97.0</ele>
      </trkpt>
      <trkpt lat="34.866928" lon="126.973372">
        <ele>92.0</ele>
      </trkpt>
      <trkpt lat="34.8678079" lon="126.973929">
        <ele>90.0</ele>
      </trkpt>
      <trkpt lat="34.870343" lon="126.975861">
        <ele>90.0</ele>
      </trkpt>
      <trkpt lat="34.870946" lon="126.975019">
        <ele>94.75</ele>
      </trkpt>
      <trkpt lat="34.8715509" lon="126.975083">
        <ele>93.75</ele>
      </trkpt>
      <trkpt lat="34.873036" lon="126.974791">
        <ele>92.75</ele>
      </trkpt>
      <trkpt lat="34.875504" lon="126.973102">
        <ele>91.25</ele>
      </trkpt>
      <trkpt lat="34.875816" lon="126.97291">
        <ele>91.0</ele>
      </trkpt>
      <trkpt lat="34.87612" lon="126.97279">
        <ele>91.0</ele>
      </trkpt>
      <trkpt lat="34.87636" lon="126.97276">
        <ele>91.0</ele>
      </trkpt>
      <trkpt lat="34.87655" lon="126.97277">
        <ele>91.0</ele>
      </trkpt>
      <trkpt lat="34.878034" lon="126.973205">
        <ele>90.0</ele>
      </trkpt>
      <trkpt lat="34.878177" lon="126.973251">
        <ele>90.0</ele>
      </trkpt>
      <trkpt lat="34.87848" lon="126.973446">
        <ele>89.5</ele>
      </trkpt>
      <trkpt lat="34.87876" lon="126.973602">
        <ele>83.0</ele>
      </trkpt>
      <trkpt lat="34.87874" lon="126.973431">
        <ele>89.25</ele>
      </trkpt>
      <trkpt lat="34.8786" lon="126.972991">
        <ele>89.75</ele>
      </trkpt>
      <trkpt lat="34.878905" lon="126.972532">
        <ele>87.0</ele>
      </trkpt>
      <trkpt lat="34.879" lon="126.97225">
        <ele>90.0</ele>
      </trkpt>
      <trkpt lat="34.878758" lon="126.970335">
        <ele>94.25</ele>
      </trkpt>
      <trkpt lat="34.87915" lon="126.969863">
        <ele>93.0</ele>
      </trkpt>
      <trkpt lat="34.879339" lon="126.96981">
        <ele>93.0</ele>
      </trkpt>
      <trkpt lat="34.881583" lon="126.971204">
        <ele>78.0</ele>
      </trkpt>
      <trkpt lat="34.882437" lon="126.971612">
        <ele>81.0</ele>
      </trkpt>
      <trkpt lat="34.8827489" lon="126.971939">
        <ele>81.0</ele>
      </trkpt>
      <trkpt lat="34.882908" lon="126.972401">
        <ele>87.0</ele>
      </trkpt>
      <trkpt lat="34.883216" lon="126.973329">
        <ele>110.75</ele>
      </trkpt>
      <trkpt lat="34.883436" lon="126.973608">
        <ele>114.75</ele>
      </trkpt>
      <trkpt lat="34.883762" lon="126.97379">
        <ele>117.0</ele>
      </trkpt>
      <trkpt lat="34.884439" lon="126.97379">
        <ele>100.0</ele>
      </trkpt>
      <trkpt lat="34.884906" lon="126.973924">
        <ele>112.5</ele>
      </trkpt>
      <trkpt lat="34.885429" lon="126.97431">
        <ele>109.75</ele>
      </trkpt>
      <trkpt lat="34.886173" lon="126.97482">
        <ele>107.25</ele>
      </trkpt>
      <trkpt lat="34.8866439" lon="126.975013">
        <ele>104.25</ele>
      </trkpt>
      <trkpt lat="34.8872069" lon="126.975104">
        <ele>100.25</ele>
      </trkpt>
      <trkpt lat="34.8879019" lon="126.975142">
        <ele>97.25</ele>
      </trkpt>
      <trkpt lat="34.888496" lon="126.974927">
        <ele>66.0</ele>
      </trkpt>
      <trkpt lat="34.89008" lon="126.97467">
        <ele>73.0</ele>
      </trkpt>
      <trkpt lat="34.890507" lon="126.974718">
        <ele>76.0</ele>
      </trkpt>
      <trkpt lat="34.891726" lon="126.975383">
        <ele>83.5</ele>
      </trkpt>
      <trkpt lat="34.892347" lon="126.975469">
        <ele>80.5</ele>
      </trkpt>
      <trkpt lat="34.892668" lon="126.975592">
        <ele>80.0</ele>
      </trkpt>
      <trkpt lat="34.892795" lon="126.975718">
        <ele>80.25</ele>
      </trkpt>
      <trkpt lat="34.893143" lon="126.976059">
        <ele>80.0</ele>
      </trkpt>
      <trkpt lat="34.894287" lon="126.975968">
        <ele>77.25</ele>
      </trkpt>
      <trkpt lat="34.8954049" lon="126.976413">
        <ele>78.75</ele>
      </trkpt>
      <trkpt lat="34.901912" lon="126.976134">
        <ele>79.5</ele>
      </trkpt>
      <trkpt lat="34.902066" lon="126.976231">
        <ele>81.5</ele>
      </trkpt>
      <trkpt lat="34.902206" lon="126.976564">
        <ele>82.25</ele>
      </trkpt>
      <trkpt lat="34.9023899" lon="126.976956">
        <ele>81.25</ele>
      </trkpt>
      <trkpt lat="34.902704" lon="126.977371">
        <ele>80.75</ele>
      </trkpt>
      <trkpt lat="34.903294" lon="126.977843">
        <ele>81.0</ele>
      </trkpt>
      <trkpt lat="34.903989" lon="126.978178">
        <ele>73.75</ele>
      </trkpt>
      <trkpt lat="34.904697" lon="126.97833">
        <ele>70.25</ele>
      </trkpt>
      <trkpt lat="34.905516" lon="126.97853">
        <ele>70.75</ele>
      </trkpt>
      <trkpt lat="34.906135" lon="126.978714">
        <ele>54.0</ele>
      </trkpt>
      <trkpt lat="34.906676" lon="126.979065">
        <ele>70.5</ele>
      </trkpt>
      <trkpt lat="34.907609" lon="126.979029">
        <ele>77.25</ele>
      </trkpt>
      <trkpt lat="34.908347" lon="126.979305">
        <ele>77.5</ele>
      </trkpt>
      <trkpt lat="34.909369" lon="126.979185">
        <ele>70.25</ele>
      </trkpt>
      <trkpt lat="34.909559" lon="126.979185">
        <ele>69.75</ele>
      </trkpt>
      <trkpt lat="34.910463" lon="126.979481">
        <ele>69.0</ele>
      </trkpt>
      <trkpt lat="34.91473" lon="126.982665">
        <ele>66.25</ele>
      </trkpt>
      <trkpt lat="34.915171" lon="126.982255">
        <ele>55.0</ele>
      </trkpt>
      <trkpt lat="34.915388" lon="126.982186">
        <ele>71.75</ele>
      </trkpt>
      <trkpt lat="34.919704" lon="126.98148">
        <ele>72.75</ele>
      </trkpt>
      <trkpt lat="34.920042" lon="126.98148">
        <ele>71.0</ele>
      </trkpt>
      <trkpt lat="34.920518" lon="126.981518">
        <ele>71.0</ele>
      </trkpt>
      <trkpt lat="34.921357" lon="126.981679">
        <ele>70.0</ele>
      </trkpt>
      <trkpt lat="34.926981" lon="126.983268">
        <ele>68.0</ele>
      </trkpt>
      <trkpt lat="34.92814" lon="126.983863">
        <ele>64.25</ele>
      </trkpt>
      <trkpt lat="34.92857" lon="126.98416">
        <ele>63.5</ele>
      </trkpt>
      <trkpt lat="34.9290499" lon="126.984532">
        <ele>63.0</ele>
      </trkpt>
      <trkpt lat="34.929411" lon="126.98517">
        <ele>63.25</ele>
      </trkpt>
      <trkpt lat="34.9298069" lon="126.985415">
        <ele>63.25</ele>
      </trkpt>
      <trkpt lat="34.930574" lon="126.985568">
        <ele>65.25</ele>
      </trkpt>
      <trkpt lat="34.931298" lon="126.985647">
        <ele>68.0</ele>
      </trkpt>
      <trkpt lat="34.931739" lon="126.985645">
        <ele>70.25</ele>
      </trkpt>
      <trkpt lat="34.932811" lon="126.985616">
        <ele>67.25</ele>
      </trkpt>
      <trkpt lat="34.933687" lon="126.985303">
        <ele>67.5</ele>
      </trkpt>
      <trkpt lat="34.93382" lon="126.985162">
        <ele>68.0</ele>
      </trkpt>
      <trkpt lat="34.93759" lon="126.984116">
        <ele>75.5</ele>
      </trkpt>
      <trkpt lat="34.939018" lon="126.983103">
        <ele>69.0</ele>
      </trkpt>
      <trkpt lat="34.941939" lon="126.982561">
        <ele>55.5</ele>
      </trkpt>
      <trkpt lat="34.942483" lon="126.982065">
        <ele>56.25</ele>
      </trkpt>
      <trkpt lat="34.943198" lon="126.981166">
        <ele>62.25</ele>
      </trkpt>
      <trkpt lat="34.943406" lon="126.980463">
        <ele>52.0</ele>
      </trkpt>
      <trkpt lat="34.9435209" lon="126.97968">
        <ele>56.0</ele>
      </trkpt>
      <trkpt lat="34.94372" lon="126.978934">
        <ele>81.5</ele>
      </trkpt>
      <trkpt lat="34.944293" lon="126.977572">
        <ele>87.25</ele>
      </trkpt>
      <trkpt lat="34.9446299" lon="126.976793">
        <ele>73.25</ele>
      </trkpt>
      <trkpt lat="34.945091" lon="126.975277">
        <ele>61.25</ele>
      </trkpt>
      <trkpt lat="34.945286" lon="126.974762">
        <ele>58.5</ele>
      </trkpt>
      <trkpt lat="34.945467" lon="126.9744">
        <ele>57.0</ele>
      </trkpt>
      <trkpt lat="34.945755" lon="126.974015">
        <ele>56.0</ele>
      </trkpt>
      <trkpt lat="34.951431" lon="126.968315">
        <ele>51.75</ele>
      </trkpt>
      <trkpt lat="34.9531149" lon="126.967275">
        <ele>54.0</ele>
      </trkpt>
      <trkpt lat="34.95349" lon="126.966924">
        <ele>53.75</ele>
      </trkpt>
      <trkpt lat="34.953946" lon="126.966671">
        <ele>39.0</ele>
      </trkpt>
      <trkpt lat="34.954197" lon="126.966398">
        <ele>38.0</ele>
      </trkpt>
      <trkpt lat="34.955743" lon="126.965608">
        <ele>50.0</ele>
      </trkpt>
      <trkpt lat="34.956037" lon="126.965388">
        <ele>49.75</ele>
      </trkpt>
      <trkpt lat="34.956155" lon="126.96536">
        <ele>39.0</ele>
      </trkpt>
      <trkpt lat="34.956659" lon="126.965585">
        <ele>41.0</ele>
      </trkpt>
      <trkpt lat="34.956753" lon="126.965555">
        <ele>48.75</ele>
      </trkpt>
      <trkpt lat="34.957501" lon="126.964845">
        <ele>38.0</ele>
      </trkpt>
      <trkpt lat="34.958207" lon="126.964304">
        <ele>48.5</ele>
      </trkpt>
      <trkpt lat="34.958923" lon="126.963343">
        <ele>36.0</ele>
      </trkpt>
      <trkpt lat="34.95913" lon="126.963423">
        <ele>35.0</ele>
      </trkpt>
      <trkpt lat="34.959241" lon="126.963356">
        <ele>48.75</ele>
      </trkpt>
      <trkpt lat="34.959584" lon="126.962706">
        <ele>46.75</ele>
      </trkpt>
      <trkpt lat="34.959855" lon="126.962401">
        <ele>35.0</ele>
      </trkpt>
      <trkpt lat="34.960157" lon="126.962195">
        <ele>47.0</ele>
      </trkpt>
      <trkpt lat="34.960806" lon="126.961852">
        <ele>48.5</ele>
      </trkpt>
      <trkpt lat="34.961203" lon="126.96166">
        <ele>48.5</ele>
      </trkpt>
      <trkpt lat="34.961447" lon="126.961597">
        <ele>36.0</ele>
      </trkpt>
      <trkpt lat="34.961601" lon="126.961569">
        <ele>48.0</ele>
      </trkpt>
      <trkpt lat="34.967148" lon="126.961979">
        <ele>52.25</ele>
      </trkpt>
      <trkpt lat="34.967573" lon="126.962195">
        <ele>51.75</ele>
      </trkpt>
      <trkpt lat="34.967936" lon="126.96235">
        <ele>51.0</ele>
      </trkpt>
      <trkpt lat="34.969802" lon="126.96258">
        <ele>45.75</ele>
      </trkpt>
      <trkpt lat="34.970224" lon="126.96271">
        <ele>45.25</ele>
      </trkpt>
      <trkpt lat="34.970335" lon="126.962744">
        <ele>45.25</ele>
      </trkpt>
      <trkpt lat="34.971019" lon="126.963168">
        <ele>44.75</ele>
      </trkpt>
      <trkpt lat="34.972602" lon="126.964521">
        <ele>53.25</ele>
      </trkpt>
      <trkpt lat="34.973069" lon="126.965004">
        <ele>55.5</ele>
      </trkpt>
      <trkpt lat="34.973225" lon="126.965259">
        <ele>56.0</ele>
      </trkpt>
      <trkpt lat="34.97363" lon="126.966222">
        <ele>56.75</ele>
      </trkpt>
      <trkpt lat="34.9745289" lon="126.969107">
        <ele>39.0</ele>
      </trkpt>
      <trkpt lat="34.974744" lon="126.96945">
        <ele>43.0</ele>
      </trkpt>
      <trkpt lat="34.975026" lon="126.969804">
        <ele>42.0</ele>
      </trkpt>
      <trkpt lat="34.978375" lon="126.972706">
        <ele>32.0</ele>
      </trkpt>
      <trkpt lat="34.9779709" lon="126.973511">
        <ele>35.0</ele>
      </trkpt>
      <trkpt lat="34.977623" lon="126.974739">
        <ele>30.0</ele>
      </trkpt>
      <trkpt lat="34.977575" lon="126.975088">
        <ele>32.0</ele>
      </trkpt>
      <trkpt lat="34.977637" lon="126.975673">
        <ele>39.0</ele>
      </trkpt>
      <trkpt lat="34.977776" lon="126.976052">
        <ele>62.0</ele>
      </trkpt>
      <trkpt lat="34.978415" lon="126.977111">
        <ele>61.0</ele>
      </trkpt>
      <trkpt lat="34.978851" lon="126.977998">
        <ele>88.75</ele>
      </trkpt>
      <trkpt lat="34.978922" lon="126.978493">
        <ele>90.5</ele>
      </trkpt>
      <trkpt lat="34.9789699" lon="126.97895">
        <ele>90.25</ele>
      </trkpt>
      <trkpt lat="34.978876" lon="126.979669">
        <ele>75.0</ele>
      </trkpt>
      <trkpt lat="34.978696" lon="126.980345">
        <ele>68.0</ele>
      </trkpt>
      <trkpt lat="34.97856" lon="126.98098">
        <ele>77.5</ele>
      </trkpt>
      <trkpt lat="34.978489" lon="126.981332">
        <ele>60.0</ele>
      </trkpt>
      <trkpt lat="34.978331" lon="126.982625">
        <ele>57.0</ele>
      </trkpt>
      <trkpt lat="34.978142" lon="126.983419">
        <ele>59.0</ele>
      </trkpt>
      <trkpt lat="34.977887" lon="126.984111">
        <ele>59.0</ele>
      </trkpt>
      <trkpt lat="34.977514" lon="126.984733">
        <ele>62.0</ele>
      </trkpt>
      <trkpt lat="34.97706" lon="126.98536">
        <ele>64.0</ele>
      </trkpt>
      <trkpt lat="34.976199" lon="126.986112">
        <ele>59.0</ele>
      </trkpt>
      <trkpt lat="34.975672" lon="126.98675">
        <ele>59.0</ele>
      </trkpt>
      <trkpt lat="34.9755619" lon="126.987244">
        <ele>59.0</ele>
      </trkpt>
      <trkpt lat="34.975527" lon="126.987448">
        <ele>59.0</ele>
      </trkpt>
      <trkpt lat="34.975558" lon="126.988043">
        <ele>59.0</ele>
      </trkpt>
      <trkpt lat="34.975558" lon="126.98822">
        <ele>59.0</ele>
      </trkpt>
      <trkpt lat="34.975597" lon="126.988773">
        <ele>53.0</ele>
      </trkpt>
      <trkpt lat="34.975474" lon="126.989964">
        <ele>50.0</ele>
      </trkpt>
      <trkpt lat="34.975404" lon="126.991155">
        <ele>54.0</ele>
      </trkpt>
      <trkpt lat="34.975443" lon="126.992045">
        <ele>60.0</ele>
      </trkpt>
      <trkpt lat="34.97558" lon="126.99337">
        <ele>62.0</ele>
      </trkpt>
      <trkpt lat="34.975597" lon="126.994207">
        <ele>60.0</ele>
      </trkpt>
      <trkpt lat="34.975518" lon="126.995215">
        <ele>56.0</ele>
      </trkpt>
      <trkpt lat="34.97557" lon="126.99568">
        <ele>73.5</ele>
      </trkpt>
      <trkpt lat="34.9756349" lon="126.996027">
        <ele>73.5</ele>
      </trkpt>
      <trkpt lat="34.975775" lon="126.996388">
        <ele>71.75</ele>
      </trkpt>
      <trkpt lat="34.977093" lon="126.99812">
        <ele>68.0</ele>
      </trkpt>
      <trkpt lat="34.977703" lon="126.999276">
        <ele>61.0</ele>
      </trkpt>
      <trkpt lat="34.977798" lon="126.999624">
        <ele>69.5</ele>
      </trkpt>
      <trkpt lat="34.9776979" lon="127.000891">
        <ele>59.0</ele>
      </trkpt>
      <trkpt lat="34.977661" lon="127.003732">
        <ele>73.0</ele>
      </trkpt>
      <trkpt lat="34.9771659" lon="127.004971">
        <ele>79.5</ele>
      </trkpt>
      <trkpt lat="34.977219" lon="127.006056">
        <ele>79.25</ele>
      </trkpt>
      <trkpt lat="34.976569" lon="127.009388">
        <ele>76.0</ele>
      </trkpt>
      <trkpt lat="34.97634" lon="127.01031">
        <ele>85.5</ele>
      </trkpt>
      <trkpt lat="34.976384" lon="127.010676">
        <ele>74.0</ele>
      </trkpt>
      <trkpt lat="34.97765" lon="127.01468">
        <ele>91.5</ele>
      </trkpt>
      <trkpt lat="34.97789" lon="127.01846">
        <ele>98.75</ele>
      </trkpt>
      <trkpt lat="34.978" lon="127.01869">
        <ele>99.5</ele>
      </trkpt>
      <trkpt lat="34.97809" lon="127.01879">
        <ele>99.0</ele>
      </trkpt>
      <trkpt lat="34.979316" lon="127.019532">
        <ele>91.0</ele>
      </trkpt>
      <trkpt lat="34.98014" lon="127.02027">
        <ele>113.75</ele>
      </trkpt>
      <trkpt lat="34.9808" lon="127.02104">
        <ele>117.5</ele>
      </trkpt>
      <trkpt lat="34.980995" lon="127.021388">
        <ele>105.0</ele>
      </trkpt>
      <trkpt lat="34.98118" lon="127.02203">
        <ele>112.75</ele>
      </trkpt>
      <trkpt lat="34.98152" lon="127.02305">
        <ele>113.5</ele>
      </trkpt>
      <trkpt lat="34.98162" lon="127.02376">
        <ele>113.25</ele>
      </trkpt>
      <trkpt lat="34.98147" lon="127.02481">
        <ele>114.25</ele>
      </trkpt>
      <trkpt lat="34.98138" lon="127.02508">
        <ele>114.5</ele>
      </trkpt>
      <trkpt lat="34.98104" lon="127.02617">
        <ele>118.5</ele>
      </trkpt>
      <trkpt lat="34.980823" lon="127.026694">
        <ele>116.0</ele>
      </trkpt>
      <trkpt lat="34.980094" lon="127.027606">
        <ele>117.0</ele>
      </trkpt>
      <trkpt lat="34.979439" lon="127.028797">
        <ele>118.0</ele>
      </trkpt>
      <trkpt lat="34.9784099" lon="127.0304">
        <ele>125.5</ele>
      </trkpt>
      <trkpt lat="34.97827" lon="127.030964">
        <ele>114.0</ele>
      </trkpt>
      <trkpt lat="34.97818" lon="127.03144">
        <ele>131.75</ele>
      </trkpt>
      <trkpt lat="34.97831" lon="127.03204">
        <ele>127.5</ele>
      </trkpt>
      <trkpt lat="34.97849" lon="127.03248">
        <ele>128.75</ele>
      </trkpt>
      <trkpt lat="34.97868" lon="127.03279">
        <ele>132.0</ele>
      </trkpt>
      <trkpt lat="34.97883" lon="127.03298">
        <ele>132.75</ele>
      </trkpt>
      <trkpt lat="34.979962" lon="127.03371">
        <ele>127.0</ele>
      </trkpt>
      <trkpt lat="34.980604" lon="127.034236">
        <ele>130.0</ele>
      </trkpt>
      <trkpt lat="34.98098" lon="127.03446">
        <ele>147.0</ele>
      </trkpt>
      <trkpt lat="34.981171" lon="127.034574">
        <ele>131.0</ele>
      </trkpt>
      <trkpt lat="34.9814999" lon="127.03494">
        <ele>143.75</ele>
      </trkpt>
      <trkpt lat="34.98175" lon="127.03505">
        <ele>144.0</ele>
      </trkpt>
      <trkpt lat="34.9821" lon="127.03512">
        <ele>146.75</ele>
      </trkpt>
      <trkpt lat="34.98233" lon="127.03512">
        <ele>147.75</ele>
      </trkpt>
      <trkpt lat="34.98251" lon="127.03507">
        <ele>148.0</ele>
      </trkpt>
      <trkpt lat="34.98287" lon="127.03474">
        <ele>158.5</ele>
      </trkpt>
      <trkpt lat="34.98328" lon="127.03423">
        <ele>158.5</ele>
      </trkpt>
      <trkpt lat="34.983531" lon="127.034183">
        <ele>154.0</ele>
      </trkpt>
      <trkpt lat="34.983838" lon="127.033989">
        <ele>151.0</ele>
      </trkpt>
      <trkpt lat="34.98407" lon="127.03402">
        <ele>159.75</ele>
      </trkpt>
      <trkpt lat="34.98437" lon="127.034038">
        <ele>151.0</ele>
      </trkpt>
      <trkpt lat="34.98458" lon="127.03415">
        <ele>160.0</ele>
      </trkpt>
      <trkpt lat="34.98467" lon="127.03418">
        <ele>160.25</ele>
      </trkpt>
      <trkpt lat="34.98562" lon="127.03486">
        <ele>161.75</ele>
      </trkpt>
      <trkpt lat="34.98571" lon="127.03494">
        <ele>160.25</ele>
      </trkpt>
      <trkpt lat="34.9858509" lon="127.035341">
        <ele>147.0</ele>
      </trkpt>
      <trkpt lat="34.98583" lon="127.03575">
        <ele>162.5</ele>
      </trkpt>
      <trkpt lat="34.985649" lon="127.036597">
        <ele>155.0</ele>
      </trkpt>
      <trkpt lat="34.985342" lon="127.037283">
        <ele>161.0</ele>
      </trkpt>
      <trkpt lat="34.9853499" lon="127.03886">
        <ele>175.0</ele>
      </trkpt>
      <trkpt lat="34.985368" lon="127.039402">
        <ele>178.0</ele>
      </trkpt>
      <trkpt lat="34.985302" lon="127.039837">
        <ele>186.0</ele>
      </trkpt>
      <trkpt lat="34.98529" lon="127.04026">
        <ele>207.25</ele>
      </trkpt>
      <trkpt lat="34.985596" lon="127.04092">
        <ele>197.0</ele>
      </trkpt>
      <trkpt lat="34.98565" lon="127.04118">
        <ele>205.25</ele>
      </trkpt>
      <trkpt lat="34.98561" lon="127.04137">
        <ele>209.0</ele>
      </trkpt>
      <trkpt lat="34.98559" lon="127.0415">
        <ele>211.25</ele>
      </trkpt>
      <trkpt lat="34.9857" lon="127.04194">
        <ele>213.75</ele>
      </trkpt>
      <trkpt lat="34.98579" lon="127.042235">
        <ele>212.0</ele>
      </trkpt>
      <trkpt lat="34.98642" lon="127.0441">
        <ele>233.5</ele>
      </trkpt>
      <trkpt lat="34.986502" lon="127.0443">
        <ele>222.0</ele>
      </trkpt>
      <trkpt lat="34.986704" lon="127.044482">
        <ele>220.0</ele>
      </trkpt>
      <trkpt lat="34.98678" lon="127.04463">
        <ele>226.5</ele>
      </trkpt>
      <trkpt lat="34.986757" lon="127.044815">
        <ele>217.0</ele>
      </trkpt>
      <trkpt lat="34.98659" lon="127.045523">
        <ele>228.0</ele>
      </trkpt>
      <trkpt lat="34.98668" lon="127.04594">
        <ele>241.75</ele>
      </trkpt>
      <trkpt lat="34.98668" lon="127.04617">
        <ele>242.5</ele>
      </trkpt>
      <trkpt lat="34.9862899" lon="127.04756">
        <ele>261.5</ele>
      </trkpt>
      <trkpt lat="34.985966" lon="127.048017">
        <ele>265.0</ele>
      </trkpt>
      <trkpt lat="34.9855" lon="127.048704">
        <ele>280.0</ele>
      </trkpt>
      <trkpt lat="34.98519" lon="127.04926">
        <ele>300.25</ele>
      </trkpt>
      <trkpt lat="34.985104" lon="127.049637">
        <ele>291.0</ele>
      </trkpt>
      <trkpt lat="34.985113" lon="127.050034">
        <ele>292.0</ele>
      </trkpt>
      <trkpt lat="34.984819" lon="127.051402">
        <ele>303.0</ele>
      </trkpt>
      <trkpt lat="34.984704" lon="127.051708">
        <ele>307.0</ele>
      </trkpt>
      <trkpt lat="34.984155" lon="127.052282">
        <ele>317.0</ele>
      </trkpt>
      <trkpt lat="34.983918" lon="127.05233">
        <ele>307.0</ele>
      </trkpt>
      <trkpt lat="34.98373" lon="127.05218">
        <ele>298.75</ele>
      </trkpt>
      <trkpt lat="34.98359" lon="127.05197">
        <ele>292.25</ele>
      </trkpt>
      <trkpt lat="34.9835" lon="127.05175">
        <ele>287.75</ele>
      </trkpt>
      <trkpt lat="34.9835" lon="127.05158">
        <ele>287.5</ele>
      </trkpt>
      <trkpt lat="34.98368" lon="127.051059">
        <ele>284.0</ele>
      </trkpt>
      <trkpt lat="34.983689" lon="127.050743">
        <ele>282.0</ele>
      </trkpt>
      <trkpt lat="34.9836" lon="127.05037">
        <ele>295.25</ele>
      </trkpt>
      <trkpt lat="34.98163" lon="127.04589">
        <ele>285.5</ele>
      </trkpt>
      <trkpt lat="34.98139" lon="127.0455">
        <ele>294.0</ele>
      </trkpt>
      <trkpt lat="34.98124" lon="127.04539">
        <ele>295.0</ele>
      </trkpt>
      <trkpt lat="34.98105" lon="127.04532">
        <ele>294.0</ele>
      </trkpt>
      <trkpt lat="34.98089" lon="127.04541">
        <ele>291.5</ele>
      </trkpt>
      <trkpt lat="34.980898" lon="127.045743">
        <ele>281.0</ele>
      </trkpt>
      <trkpt lat="34.981017" lon="127.045984">
        <ele>278.0</ele>
      </trkpt>
      <trkpt lat="34.981329" lon="127.046193">
        <ele>271.0</ele>
      </trkpt>
      <trkpt lat="34.9819" lon="127.047095">
        <ele>260.0</ele>
      </trkpt>
      <trkpt lat="34.982072" lon="127.047561">
        <ele>259.0</ele>
      </trkpt>
      <trkpt lat="34.982353" lon="127.048983">
        <ele>246.0</ele>
      </trkpt>
      <trkpt lat="34.98237" lon="127.04967">
        <ele>236.0</ele>
      </trkpt>
      <trkpt lat="34.982691" lon="127.050936">
        <ele>236.0</ele>
      </trkpt>
      <trkpt lat="34.98266" lon="127.05134">
        <ele>258.5</ele>
      </trkpt>
      <trkpt lat="34.98262" lon="127.05176">
        <ele>255.75</ele>
      </trkpt>
      <trkpt lat="34.982432" lon="127.05284">
        <ele>243.0</ele>
      </trkpt>
      <trkpt lat="34.982392" lon="127.053012">
        <ele>246.0</ele>
      </trkpt>
      <trkpt lat="34.98225" lon="127.05333">
        <ele>252.0</ele>
      </trkpt>
      <trkpt lat="34.98213" lon="127.05361">
        <ele>252.75</ele>
      </trkpt>
      <trkpt lat="34.981905" lon="127.053843">
        <ele>259.0</ele>
      </trkpt>
      <trkpt lat="34.981707" lon="127.054106">
        <ele>255.0</ele>
      </trkpt>
      <trkpt lat="34.981434" lon="127.054288">
        <ele>244.0</ele>
      </trkpt>
      <trkpt lat="34.9812889" lon="127.054449">
        <ele>238.0</ele>
      </trkpt>
      <trkpt lat="34.98118" lon="127.05487">
        <ele>227.5</ele>
      </trkpt>
      <trkpt lat="34.980951" lon="127.055259">
        <ele>218.0</ele>
      </trkpt>
      <trkpt lat="34.9803349" lon="127.055603">
        <ele>202.0</ele>
      </trkpt>
      <trkpt lat="34.9799" lon="127.056128">
        <ele>184.0</ele>
      </trkpt>
      <trkpt lat="34.97958" lon="127.05639">
        <ele>198.25</ele>
      </trkpt>
      <trkpt lat="34.978976" lon="127.056312">
        <ele>196.25</ele>
      </trkpt>
      <trkpt lat="34.97885" lon="127.056334">
        <ele>194.5</ele>
      </trkpt>
      <trkpt lat="34.978733" lon="127.056387">
        <ele>192.25</ele>
      </trkpt>
      <trkpt lat="34.977862" lon="127.05721">
        <ele>191.0</ele>
      </trkpt>
      <trkpt lat="34.9777739" lon="127.05739">
        <ele>189.0</ele>
      </trkpt>
      <trkpt lat="34.977721" lon="127.057545">
        <ele>187.25</ele>
      </trkpt>
      <trkpt lat="34.977843" lon="127.05999">
        <ele>191.25</ele>
      </trkpt>
      <trkpt lat="34.97769" lon="127.06171">
        <ele>181.0</ele>
      </trkpt>
      <trkpt lat="34.9775599" lon="127.06256">
        <ele>173.75</ele>
      </trkpt>
      <trkpt lat="34.97733" lon="127.06331">
        <ele>168.5</ele>
      </trkpt>
      <trkpt lat="34.97707" lon="127.06391">
        <ele>164.25</ele>
      </trkpt>
      <trkpt lat="34.97679" lon="127.0646">
        <ele>160.5</ele>
      </trkpt>
      <trkpt lat="34.976538" lon="127.064942">
        <ele>141.0</ele>
      </trkpt>
      <trkpt lat="34.974481" lon="127.065489">
        <ele>137.0</ele>
      </trkpt>
      <trkpt lat="34.974191" lon="127.065661">
        <ele>141.0</ele>
      </trkpt>
      <trkpt lat="34.973083" lon="127.067238">
        <ele>128.0</ele>
      </trkpt>
      <trkpt lat="34.972423" lon="127.068268">
        <ele>139.0</ele>
      </trkpt>
      <trkpt lat="34.973698" lon="127.070049">
        <ele>132.0</ele>
      </trkpt>
      <trkpt lat="34.973874" lon="127.070585">
        <ele>133.0</ele>
      </trkpt>
      <trkpt lat="34.9747709" lon="127.072946">
        <ele>135.0</ele>
      </trkpt>
      <trkpt lat="34.975707" lon="127.072742">
        <ele>134.0</ele>
      </trkpt>
      <trkpt lat="34.977136" lon="127.073219">
        <ele>141.0</ele>
      </trkpt>
      <trkpt lat="34.977412" lon="127.073343">
        <ele>137.0</ele>
      </trkpt>
      <trkpt lat="34.978081" lon="127.0736">
        <ele>141.0</ele>
      </trkpt>
      <trkpt lat="34.97858" lon="127.073969">
        <ele>142.5</ele>
      </trkpt>
      <trkpt lat="34.9797" lon="127.07505">
        <ele>140.0</ele>
      </trkpt>
      <trkpt lat="34.9804699" lon="127.07552">
        <ele>138.75</ele>
      </trkpt>
      <trkpt lat="34.98177" lon="127.07636">
        <ele>135.0</ele>
      </trkpt>
      <trkpt lat="34.98368" lon="127.07791">
        <ele>134.5</ele>
      </trkpt>
      <trkpt lat="34.984774" lon="127.078202">
        <ele>133.5</ele>
      </trkpt>
      <trkpt lat="34.987635" lon="127.078521">
        <ele>132.5</ele>
      </trkpt>
      <trkpt lat="34.9889" lon="127.079149">
        <ele>131.5</ele>
      </trkpt>
      <trkpt lat="34.989936" lon="127.079338">
        <ele>131.75</ele>
      </trkpt>
      <trkpt lat="34.990568" lon="127.079729">
        <ele>132.0</ele>
      </trkpt>
      <trkpt lat="34.990792" lon="127.079768">
        <ele>132.0</ele>
      </trkpt>
      <trkpt lat="34.991303" lon="127.079807">
        <ele>132.75</ele>
      </trkpt>
      <trkpt lat="34.991454" lon="127.079852">
        <ele>132.5</ele>
      </trkpt>
      <trkpt lat="34.9917159" lon="127.079974">
        <ele>132.25</ele>
      </trkpt>
      <trkpt lat="34.993861" lon="127.082151">
        <ele>129.0</ele>
      </trkpt>
      <trkpt lat="34.994283" lon="127.082786">
        <ele>127.5</ele>
      </trkpt>
      <trkpt lat="34.99466" lon="127.083272">
        <ele>126.5</ele>
      </trkpt>
      <trkpt lat="34.995173" lon="127.083756">
        <ele>128.25</ele>
      </trkpt>
      <trkpt lat="34.99535" lon="127.08392">
        <ele>128.5</ele>
      </trkpt>
      <trkpt lat="34.99589" lon="127.08475">
        <ele>127.5</ele>
      </trkpt>
      <trkpt lat="34.99627" lon="127.0857">
        <ele>126.5</ele>
      </trkpt>
      <trkpt lat="34.9964299" lon="127.086046">
        <ele>120.0</ele>
      </trkpt>
      <trkpt lat="34.99673" lon="127.08627">
        <ele>126.0</ele>
      </trkpt>
      <trkpt lat="34.9987" lon="127.08699">
        <ele>126.75</ele>
      </trkpt>
      <trkpt lat="34.99962" lon="127.08721">
        <ele>129.25</ele>
      </trkpt>
      <trkpt lat="35.00129" lon="127.08827">
        <ele>127.0</ele>
      </trkpt>
      <trkpt lat="35.0017799" lon="127.08892">
        <ele>124.5</ele>
      </trkpt>
      <trkpt lat="35.003601" lon="127.089601">
        <ele>125.75</ele>
      </trkpt>
      <trkpt lat="35.004105" lon="127.089453">
        <ele>127.75</ele>
      </trkpt>
      <trkpt lat="35.005306" lon="127.090262">
        <ele>114.0</ele>
      </trkpt>
      <trkpt lat="35.006378" lon="127.091002">
        <ele>107.0</ele>
      </trkpt>
      <trkpt lat="35.0067949" lon="127.09134">
        <ele>115.0</ele>
      </trkpt>
      <trkpt lat="35.006804" lon="127.091641">
        <ele>115.0</ele>
      </trkpt>
      <trkpt lat="35.006932" lon="127.092038">
        <ele>114.0</ele>
      </trkpt>
      <trkpt lat="35.007191" lon="127.092424">
        <ele>112.0</ele>
      </trkpt>
      <trkpt lat="35.007305" lon="127.092655">
        <ele>108.0</ele>
      </trkpt>
      <trkpt lat="35.007318" lon="127.092837">
        <ele>106.0</ele>
      </trkpt>
      <trkpt lat="35.006475" lon="127.094876">
        <ele>104.0</ele>
      </trkpt>
      <trkpt lat="35.006989" lon="127.095219">
        <ele>105.0</ele>
      </trkpt>
      <trkpt lat="35.006984" lon="127.095465">
        <ele>119.8</ele>
      </trkpt>
      <trkpt lat="35.006984" lon="127.095487">
        <ele>105.0</ele>
      </trkpt>
      <trkpt lat="35.007793" lon="127.093277">
        <ele>114.0</ele>
      </trkpt>
      <trkpt lat="35.0079769" lon="127.090369">
        <ele>112.0</ele>
      </trkpt>
      <trkpt lat="35.008056" lon="127.089136">
        <ele>111.0</ele>
      </trkpt>
      <trkpt lat="35.008162" lon="127.088546">
        <ele>111.0</ele>
      </trkpt>
      <trkpt lat="35.008364" lon="127.088031">
        <ele>108.0</ele>
      </trkpt>
      <trkpt lat="35.011273" lon="127.083127">
        <ele>126.0</ele>
      </trkpt>
      <trkpt lat="35.011712" lon="127.082269">
        <ele>130.0</ele>
      </trkpt>
      <trkpt lat="35.012046" lon="127.081668">
        <ele>129.0</ele>
      </trkpt>
      <trkpt lat="35.012626" lon="127.081014">
        <ele>137.0</ele>
      </trkpt>
      <trkpt lat="35.01339" lon="127.079759">
        <ele>143.0</ele>
      </trkpt>
      <trkpt lat="35.013786" lon="127.07949">
        <ele>147.0</ele>
      </trkpt>
      <trkpt lat="35.017095" lon="127.078257">
        <ele>178.5</ele>
      </trkpt>
      <trkpt lat="35.01748" lon="127.07818">
        <ele>182.0</ele>
      </trkpt>
      <trkpt lat="35.017707" lon="127.078227">
        <ele>184.5</ele>
      </trkpt>
      <trkpt lat="35.01834" lon="127.078494">
        <ele>194.75</ele>
      </trkpt>
      <trkpt lat="35.018628" lon="127.078525">
        <ele>193.5</ele>
      </trkpt>
      <trkpt lat="35.018856" lon="127.078464">
        <ele>190.5</ele>
      </trkpt>
      <trkpt lat="35.020174" lon="127.077563">
        <ele>181.5</ele>
      </trkpt>
      <trkpt lat="35.021971" lon="127.076906">
        <ele>176.5</ele>
      </trkpt>
      <trkpt lat="35.022329" lon="127.076888">
        <ele>174.75</ele>
      </trkpt>
      <trkpt lat="35.022983" lon="127.076836">
        <ele>172.0</ele>
      </trkpt>
      <trkpt lat="35.023337" lon="127.076894">
        <ele>141.0</ele>
      </trkpt>
      <trkpt lat="35.024347" lon="127.076862">
        <ele>148.0</ele>
      </trkpt>
      <trkpt lat="35.025006" lon="127.077023">
        <ele>146.0</ele>
      </trkpt>
      <trkpt lat="35.025691" lon="127.077066">
        <ele>140.0</ele>
      </trkpt>
      <trkpt lat="35.027033" lon="127.077143">
        <ele>161.5</ele>
      </trkpt>
      <trkpt lat="35.027835" lon="127.076368">
        <ele>140.0</ele>
      </trkpt>
      <trkpt lat="35.028346" lon="127.076047">
        <ele>151.0</ele>
      </trkpt>
      <trkpt lat="35.0286959" lon="127.0758">
        <ele>135.0</ele>
      </trkpt>
      <trkpt lat="35.029482" lon="127.075633">
        <ele>135.0</ele>
      </trkpt>
      <trkpt lat="35.029772" lon="127.075623">
        <ele>138.0</ele>
      </trkpt>
      <trkpt lat="35.031446" lon="127.075692">
        <ele>129.0</ele>
      </trkpt>
      <trkpt lat="35.031881" lon="127.075659">
        <ele>139.75</ele>
      </trkpt>
      <trkpt lat="35.033004" lon="127.074133">
        <ele>134.25</ele>
      </trkpt>
      <trkpt lat="35.033546" lon="127.072903">
        <ele>128.0</ele>
      </trkpt>
      <trkpt lat="35.036928" lon="127.074083">
        <ele>157.0</ele>
      </trkpt>
      <trkpt lat="35.03724" lon="127.074314">
        <ele>132.0</ele>
      </trkpt>
      <trkpt lat="35.03742" lon="127.074566">
        <ele>130.0</ele>
      </trkpt>
      <trkpt lat="35.037543" lon="127.074947">
        <ele>129.0</ele>
      </trkpt>
      <trkpt lat="35.03756" lon="127.075328">
        <ele>133.0</ele>
      </trkpt>
      <trkpt lat="35.037481" lon="127.076486">
        <ele>152.0</ele>
      </trkpt>
      <trkpt lat="35.037253" lon="127.077988">
        <ele>132.0</ele>
      </trkpt>
      <trkpt lat="35.037016" lon="127.078718">
        <ele>127.0</ele>
      </trkpt>
      <trkpt lat="35.036941" lon="127.079179">
        <ele>134.0</ele>
      </trkpt>
      <trkpt lat="35.036963" lon="127.079576">
        <ele>130.0</ele>
      </trkpt>
      <trkpt lat="35.037085" lon="127.079878">
        <ele>139.75</ele>
      </trkpt>
      <trkpt lat="35.037159" lon="127.08">
        <ele>139.75</ele>
      </trkpt>
      <trkpt lat="35.038354" lon="127.081608">
        <ele>151.5</ele>
      </trkpt>
      <trkpt lat="35.040038" lon="127.083329">
        <ele>159.0</ele>
      </trkpt>
      <trkpt lat="35.040414" lon="127.083518">
        <ele>160.0</ele>
      </trkpt>
      <trkpt lat="35.0407579" lon="127.083616">
        <ele>157.25</ele>
      </trkpt>
      <trkpt lat="35.041759" lon="127.08368">
        <ele>136.0</ele>
      </trkpt>
      <trkpt lat="35.042525" lon="127.083603">
        <ele>153.25</ele>
      </trkpt>
      <trkpt lat="35.042761" lon="127.0835">
        <ele>149.25</ele>
      </trkpt>
      <trkpt lat="35.042989" lon="127.083358">
        <ele>145.75</ele>
      </trkpt>
      <trkpt lat="35.045059" lon="127.081735">
        <ele>150.5</ele>
      </trkpt>
      <trkpt lat="35.045393" lon="127.081564">
        <ele>152.0</ele>
      </trkpt>
      <trkpt lat="35.045874" lon="127.081457">
        <ele>154.75</ele>
      </trkpt>
      <trkpt lat="35.046289" lon="127.08144">
        <ele>153.75</ele>
      </trkpt>
      <trkpt lat="35.046576" lon="127.0815">
        <ele>154.0</ele>
      </trkpt>
      <trkpt lat="35.046678" lon="127.081395">
        <ele>141.0</ele>
      </trkpt>
      <trkpt lat="35.0469099" lon="127.0805">
        <ele>148.75</ele>
      </trkpt>
      <trkpt lat="35.047047" lon="127.080359">
        <ele>141.0</ele>
      </trkpt>
      <trkpt lat="35.047477" lon="127.080161">
        <ele>138.0</ele>
      </trkpt>
      <trkpt lat="35.0476699" lon="127.07998">
        <ele>156.25</ele>
      </trkpt>
      <trkpt lat="35.04797" lon="127.0796">
        <ele>158.75</ele>
      </trkpt>
      <trkpt lat="35.048681" lon="127.078316">
        <ele>155.0</ele>
      </trkpt>
      <trkpt lat="35.048922" lon="127.077849">
        <ele>151.0</ele>
      </trkpt>
      <trkpt lat="35.04984" lon="127.07648">
        <ele>157.75</ele>
      </trkpt>
      <trkpt lat="35.04997" lon="127.07636">
        <ele>157.75</ele>
      </trkpt>
      <trkpt lat="35.05025" lon="127.07618">
        <ele>160.5</ele>
      </trkpt>
      <trkpt lat="35.0508499" lon="127.07599">
        <ele>166.25</ele>
      </trkpt>
      <trkpt lat="35.051153" lon="127.075794">
        <ele>152.0</ele>
      </trkpt>
      <trkpt lat="35.0521699" lon="127.07455">
        <ele>164.5</ele>
      </trkpt>
      <trkpt lat="35.053683" lon="127.073659">
        <ele>156.0</ele>
      </trkpt>
      <trkpt lat="35.05403" lon="127.07289">
        <ele>164.5</ele>
      </trkpt>
      <trkpt lat="35.054991" lon="127.072286">
        <ele>153.0</ele>
      </trkpt>
      <trkpt lat="35.05514" lon="127.072125">
        <ele>153.0</ele>
      </trkpt>
      <trkpt lat="35.0555049" lon="127.071422">
        <ele>156.0</ele>
      </trkpt>
      <trkpt lat="35.05572" lon="127.07116">
        <ele>165.75</ele>
      </trkpt>
      <trkpt lat="35.055957" lon="127.070999">
        <ele>157.0</ele>
      </trkpt>
      <trkpt lat="35.056634" lon="127.070805">
        <ele>157.0</ele>
      </trkpt>
      <trkpt lat="35.056875" lon="127.070607">
        <ele>153.0</ele>
      </trkpt>
      <trkpt lat="35.058148" lon="127.06926">
        <ele>160.0</ele>
      </trkpt>
      <trkpt lat="35.05842" lon="127.06903">
        <ele>170.25</ele>
      </trkpt>
      <trkpt lat="35.05859" lon="127.06896">
        <ele>170.25</ele>
      </trkpt>
      <trkpt lat="35.058996" lon="127.068864">
        <ele>163.0</ele>
      </trkpt>
      <trkpt lat="35.06024" lon="127.06876">
        <ele>172.5</ele>
      </trkpt>
      <trkpt lat="35.061888" lon="127.068173">
        <ele>177.0</ele>
      </trkpt>
      <trkpt lat="35.06223" lon="127.06806">
        <ele>177.25</ele>
      </trkpt>
      <trkpt lat="35.06265" lon="127.06789">
        <ele>179.25</ele>
      </trkpt>
      <trkpt lat="35.06306" lon="127.06771">
        <ele>182.5</ele>
      </trkpt>
      <trkpt lat="35.06344" lon="127.067517">
        <ele>163.0</ele>
      </trkpt>
      <trkpt lat="35.06417" lon="127.06684">
        <ele>186.5</ele>
      </trkpt>
      <trkpt lat="35.065022" lon="127.066432">
        <ele>186.75</ele>
      </trkpt>
      <trkpt lat="35.065495" lon="127.065972">
        <ele>174.0</ele>
      </trkpt>
      <trkpt lat="35.0659319" lon="127.065612">
        <ele>190.25</ele>
      </trkpt>
      <trkpt lat="35.067624" lon="127.064449">
        <ele>184.0</ele>
      </trkpt>
      <trkpt lat="35.067879" lon="127.064406">
        <ele>183.0</ele>
      </trkpt>
      <trkpt lat="35.068133" lon="127.064454">
        <ele>184.0</ele>
      </trkpt>
      <trkpt lat="35.068322" lon="127.064432">
        <ele>198.5</ele>
      </trkpt>
      <trkpt lat="35.070434" lon="127.063311">
        <ele>200.0</ele>
      </trkpt>
      <trkpt lat="35.071119" lon="127.063381">
        <ele>208.0</ele>
      </trkpt>
      <trkpt lat="35.071512" lon="127.063292">
        <ele>224.25</ele>
      </trkpt>
      <trkpt lat="35.072842" lon="127.061682">
        <ele>241.5</ele>
      </trkpt>
      <trkpt lat="35.073046" lon="127.06131">
        <ele>237.0</ele>
      </trkpt>
      <trkpt lat="35.073095" lon="127.06109">
        <ele>232.0</ele>
      </trkpt>
      <trkpt lat="35.073174" lon="127.060071">
        <ele>224.0</ele>
      </trkpt>
      <trkpt lat="35.073222" lon="127.059702">
        <ele>238.25</ele>
      </trkpt>
      <trkpt lat="35.0738119" lon="127.058782">
        <ele>243.75</ele>
      </trkpt>
      <trkpt lat="35.074121" lon="127.058432">
        <ele>245.25</ele>
      </trkpt>
      <trkpt lat="35.074442" lon="127.058247">
        <ele>238.0</ele>
      </trkpt>
      <trkpt lat="35.075052" lon="127.058082">
        <ele>255.0</ele>
      </trkpt>
      <trkpt lat="35.075372" lon="127.057872">
        <ele>258.25</ele>
      </trkpt>
      <trkpt lat="35.075672" lon="127.057642">
        <ele>260.75</ele>
      </trkpt>
      <trkpt lat="35.076502" lon="127.056942">
        <ele>267.0</ele>
      </trkpt>
      <trkpt lat="35.077122" lon="127.056122">
        <ele>269.75</ele>
      </trkpt>
      <trkpt lat="35.077968" lon="127.055839">
        <ele>270.0</ele>
      </trkpt>
      <trkpt lat="35.0784329" lon="127.05578">
        <ele>278.0</ele>
      </trkpt>
      <trkpt lat="35.0789199" lon="127.055844">
        <ele>288.0</ele>
      </trkpt>
      <trkpt lat="35.079192" lon="127.056042">
        <ele>299.0</ele>
      </trkpt>
      <trkpt lat="35.079442" lon="127.056192">
        <ele>303.75</ele>
      </trkpt>
      <trkpt lat="35.079842" lon="127.056172">
        <ele>310.5</ele>
      </trkpt>
      <trkpt lat="35.079956" lon="127.055957">
        <ele>307.0</ele>
      </trkpt>
      <trkpt lat="35.080152" lon="127.055052">
        <ele>317.25</ele>
      </trkpt>
      <trkpt lat="35.081111" lon="127.052832">
        <ele>345.0</ele>
      </trkpt>
      <trkpt lat="35.081159" lon="127.052405">
        <ele>343.0</ele>
      </trkpt>
      <trkpt lat="35.0807069" lon="127.05092">
        <ele>349.0</ele>
      </trkpt>
      <trkpt lat="35.080642" lon="127.050522">
        <ele>369.25</ele>
      </trkpt>
      <trkpt lat="35.080712" lon="127.049762">
        <ele>374.0</ele>
      </trkpt>
      <trkpt lat="35.080841" lon="127.048722">
        <ele>376.5</ele>
      </trkpt>
      <trkpt lat="35.081045" lon="127.047985">
        <ele>372.0</ele>
      </trkpt>
      <trkpt lat="35.0811319" lon="127.047892">
        <ele>378.25</ele>
      </trkpt>
      <trkpt lat="35.0817819" lon="127.047452">
        <ele>372.25</ele>
      </trkpt>
      <trkpt lat="35.082572" lon="127.047192">
        <ele>368.0</ele>
      </trkpt>
      <trkpt lat="35.083772" lon="127.046572">
        <ele>361.25</ele>
      </trkpt>
      <trkpt lat="35.084762" lon="127.045942">
        <ele>347.5</ele>
      </trkpt>
      <trkpt lat="35.0849649" lon="127.045866">
        <ele>344.0</ele>
      </trkpt>
      <trkpt lat="35.085492" lon="127.045882">
        <ele>334.0</ele>
      </trkpt>
      <trkpt lat="35.086592" lon="127.045772">
        <ele>346.0</ele>
      </trkpt>
      <trkpt lat="35.087182" lon="127.045485">
        <ele>319.0</ele>
      </trkpt>
      <trkpt lat="35.087524" lon="127.045233">
        <ele>318.0</ele>
      </trkpt>
      <trkpt lat="35.088652" lon="127.044742">
        <ele>327.5</ele>
      </trkpt>
      <trkpt lat="35.089078" lon="127.044627">
        <ele>318.0</ele>
      </trkpt>
      <trkpt lat="35.089732" lon="127.044602">
        <ele>325.5</ele>
      </trkpt>
      <trkpt lat="35.090322" lon="127.044362">
        <ele>325.75</ele>
      </trkpt>
      <trkpt lat="35.090852" lon="127.044037">
        <ele>315.0</ele>
      </trkpt>
      <trkpt lat="35.091162" lon="127.043672">
        <ele>320.0</ele>
      </trkpt>
      <trkpt lat="35.091699" lon="127.04342">
        <ele>313.0</ele>
      </trkpt>
      <trkpt lat="35.092092" lon="127.043292">
        <ele>312.0</ele>
      </trkpt>
      <trkpt lat="35.092422" lon="127.043242">
        <ele>310.0</ele>
      </trkpt>
      <trkpt lat="35.093092" lon="127.043162">
        <ele>301.25</ele>
      </trkpt>
      <trkpt lat="35.093372" lon="127.043162">
        <ele>298.25</ele>
      </trkpt>
      <trkpt lat="35.093731" lon="127.043222">
        <ele>296.75</ele>
      </trkpt>
      <trkpt lat="35.096102" lon="127.044192">
        <ele>299.5</ele>
      </trkpt>
      <trkpt lat="35.096302" lon="127.044192">
        <ele>296.0</ele>
      </trkpt>
      <trkpt lat="35.096623" lon="127.044069">
        <ele>286.0</ele>
      </trkpt>
      <trkpt lat="35.0970889" lon="127.043785">
        <ele>271.0</ele>
      </trkpt>
      <trkpt lat="35.097361" lon="127.043672">
        <ele>275.75</ele>
      </trkpt>
      <trkpt lat="35.098031" lon="127.043642">
        <ele>269.25</ele>
      </trkpt>
      <trkpt lat="35.0986509" lon="127.043652">
        <ele>265.5</ele>
      </trkpt>
      <trkpt lat="35.099381" lon="127.043832">
        <ele>262.75</ele>
      </trkpt>
      <trkpt lat="35.099701" lon="127.044012">
        <ele>260.25</ele>
      </trkpt>
      <trkpt lat="35.100021" lon="127.044162">
        <ele>256.0</ele>
      </trkpt>
      <trkpt lat="35.100361" lon="127.044252">
        <ele>256.25</ele>
      </trkpt>
      <trkpt lat="35.101251" lon="127.044342">
        <ele>256.0</ele>
      </trkpt>
      <trkpt lat="35.101618" lon="127.044246">
        <ele>239.0</ele>
      </trkpt>
      <trkpt lat="35.102755" lon="127.043597">
        <ele>246.0</ele>
      </trkpt>
      <trkpt lat="35.103308" lon="127.043372">
        <ele>243.0</ele>
      </trkpt>
      <trkpt lat="35.103962" lon="127.043168">
        <ele>245.0</ele>
      </trkpt>
      <trkpt lat="35.104421" lon="127.043112">
        <ele>249.5</ele>
      </trkpt>
      <trkpt lat="35.105186" lon="127.043329">
        <ele>231.0</ele>
      </trkpt>
      <trkpt lat="35.106235" lon="127.043828">
        <ele>232.0</ele>
      </trkpt>
      <trkpt lat="35.107193" lon="127.044192">
        <ele>238.75</ele>
      </trkpt>
      <trkpt lat="35.108171" lon="127.044852">
        <ele>242.75</ele>
      </trkpt>
      <trkpt lat="35.108351" lon="127.044852">
        <ele>244.5</ele>
      </trkpt>
      <trkpt lat="35.108461" lon="127.044812">
        <ele>246.0</ele>
      </trkpt>
      <trkpt lat="35.108732" lon="127.044638">
        <ele>242.0</ele>
      </trkpt>
      <trkpt lat="35.109066" lon="127.044268">
        <ele>248.0</ele>
      </trkpt>
      <trkpt lat="35.109439" lon="127.044171">
        <ele>253.0</ele>
      </trkpt>
      <trkpt lat="35.110161" lon="127.044402">
        <ele>260.75</ele>
      </trkpt>
      <trkpt lat="35.110391" lon="127.044432">
        <ele>260.75</ele>
      </trkpt>
      <trkpt lat="35.110691" lon="127.044412">
        <ele>260.5</ele>
      </trkpt>
      <trkpt lat="35.110981" lon="127.044272">
        <ele>257.0</ele>
      </trkpt>
      <trkpt lat="35.111121" lon="127.044172">
        <ele>254.5</ele>
      </trkpt>
      <trkpt lat="35.111371" lon="127.043932">
        <ele>252.5</ele>
      </trkpt>
      <trkpt lat="35.111781" lon="127.043382">
        <ele>247.75</ele>
      </trkpt>
      <trkpt lat="35.111911" lon="127.043282">
        <ele>246.75</ele>
      </trkpt>
      <trkpt lat="35.112227" lon="127.043135">
        <ele>244.25</ele>
      </trkpt>
      <trkpt lat="35.116077" lon="127.043478">
        <ele>250.25</ele>
      </trkpt>
      <trkpt lat="35.11631" lon="127.043565">
        <ele>234.0</ele>
      </trkpt>
      <trkpt lat="35.116518" lon="127.043744">
        <ele>250.25</ele>
      </trkpt>
      <trkpt lat="35.11679" lon="127.04468">
        <ele>244.75</ele>
      </trkpt>
      <trkpt lat="35.11684" lon="127.04477">
        <ele>244.25</ele>
      </trkpt>
      <trkpt lat="35.11694" lon="127.04488">
        <ele>244.0</ele>
      </trkpt>
      <trkpt lat="35.117113" lon="127.045024">
        <ele>231.0</ele>
      </trkpt>
      <trkpt lat="35.11759" lon="127.04513">
        <ele>244.25</ele>
      </trkpt>
      <trkpt lat="35.11778" lon="127.04533">
        <ele>242.75</ele>
      </trkpt>
      <trkpt lat="35.11839" lon="127.046274">
        <ele>219.0</ele>
      </trkpt>
      <trkpt lat="35.118671" lon="127.046805">
        <ele>219.0</ele>
      </trkpt>
      <trkpt lat="35.11888" lon="127.04706">
        <ele>230.0</ele>
      </trkpt>
      <trkpt lat="35.119207" lon="127.047374">
        <ele>219.0</ele>
      </trkpt>
      <trkpt lat="35.11953" lon="127.04758">
        <ele>230.5</ele>
      </trkpt>
      <trkpt lat="35.119768" lon="127.047722">
        <ele>217.0</ele>
      </trkpt>
      <trkpt lat="35.12005" lon="127.04772">
        <ele>233.5</ele>
      </trkpt>
      <trkpt lat="35.120874" lon="127.047615">
        <ele>223.0</ele>
      </trkpt>
      <trkpt lat="35.12258" lon="127.04705">
        <ele>242.25</ele>
      </trkpt>
      <trkpt lat="35.123182" lon="127.046794">
        <ele>224.0</ele>
      </trkpt>
      <trkpt lat="35.12419" lon="127.04603">
        <ele>242.0</ele>
      </trkpt>
      <trkpt lat="35.1254" lon="127.04604">
        <ele>239.5</ele>
      </trkpt>
      <trkpt lat="35.1257" lon="127.046027">
        <ele>234.0</ele>
      </trkpt>
      <trkpt lat="35.126236" lon="127.045673">
        <ele>231.0</ele>
      </trkpt>
      <trkpt lat="35.12667" lon="127.04551">
        <ele>245.0</ele>
      </trkpt>
      <trkpt lat="35.127218" lon="127.045512">
        <ele>229.0</ele>
      </trkpt>
      <trkpt lat="35.12758" lon="127.04557">
        <ele>249.0</ele>
      </trkpt>
      <trkpt lat="35.1277" lon="127.04549">
        <ele>250.75</ele>
      </trkpt>
      <trkpt lat="35.12776" lon="127.04538">
        <ele>251.0</ele>
      </trkpt>
      <trkpt lat="35.12807" lon="127.0443">
        <ele>252.5</ele>
      </trkpt>
      <trkpt lat="35.12836" lon="127.04383">
        <ele>255.75</ele>
      </trkpt>
      <trkpt lat="35.12856" lon="127.04353">
        <ele>258.25</ele>
      </trkpt>
      <trkpt lat="35.12878" lon="127.0433">
        <ele>259.5</ele>
      </trkpt>
      <trkpt lat="35.12892" lon="127.04322">
        <ele>260.0</ele>
      </trkpt>
      <trkpt lat="35.12906" lon="127.04318">
        <ele>260.25</ele>
      </trkpt>
      <trkpt lat="35.1293" lon="127.0432">
        <ele>261.25</ele>
      </trkpt>
      <trkpt lat="35.12944" lon="127.04322">
        <ele>262.25</ele>
      </trkpt>
      <trkpt lat="35.13056" lon="127.04371">
        <ele>273.75</ele>
      </trkpt>
      <trkpt lat="35.13121" lon="127.04365">
        <ele>280.5</ele>
      </trkpt>
      <trkpt lat="35.1319299" lon="127.044">
        <ele>282.25</ele>
      </trkpt>
      <trkpt lat="35.13253" lon="127.04413">
        <ele>281.25</ele>
      </trkpt>
      <trkpt lat="35.135795" lon="127.043527">
        <ele>258.0</ele>
      </trkpt>
      <trkpt lat="35.136184" lon="127.043511">
        <ele>272.0</ele>
      </trkpt>
      <trkpt lat="35.136752" lon="127.043638">
        <ele>269.75</ele>
      </trkpt>
      <trkpt lat="35.137147" lon="127.043795">
        <ele>269.0</ele>
      </trkpt>
      <trkpt lat="35.137424" lon="127.044002">
        <ele>268.0</ele>
      </trkpt>
      <trkpt lat="35.137697" lon="127.044206">
        <ele>266.75</ele>
      </trkpt>
      <trkpt lat="35.1381469" lon="127.044777">
        <ele>247.0</ele>
      </trkpt>
      <trkpt lat="35.13845" lon="127.04531">
        <ele>259.0</ele>
      </trkpt>
      <trkpt lat="35.13855" lon="127.04578">
        <ele>248.0</ele>
      </trkpt>
      <trkpt lat="35.138595" lon="127.046166">
        <ele>257.5</ele>
      </trkpt>
      <trkpt lat="35.138603" lon="127.047757">
        <ele>252.5</ele>
      </trkpt>
      <trkpt lat="35.13873" lon="127.048638">
        <ele>251.25</ele>
      </trkpt>
      <trkpt lat="35.138946" lon="127.050336">
        <ele>247.0</ele>
      </trkpt>
      <trkpt lat="35.139591" lon="127.052765">
        <ele>243.0</ele>
      </trkpt>
      <trkpt lat="35.139766" lon="127.053264">
        <ele>239.5</ele>
      </trkpt>
      <trkpt lat="35.13987" lon="127.053562">
        <ele>237.75</ele>
      </trkpt>
      <trkpt lat="35.140316" lon="127.054505">
        <ele>238.0</ele>
      </trkpt>
      <trkpt lat="35.14045" lon="127.055061">
        <ele>223.0</ele>
      </trkpt>
      <trkpt lat="35.140485" lon="127.055715">
        <ele>219.0</ele>
      </trkpt>
      <trkpt lat="35.140562" lon="127.05631">
        <ele>238.5</ele>
      </trkpt>
      <trkpt lat="35.140788" lon="127.056717">
        <ele>230.5</ele>
      </trkpt>
      <trkpt lat="35.142104" lon="127.057904">
        <ele>233.0</ele>
      </trkpt>
      <trkpt lat="35.142547" lon="127.058376">
        <ele>207.0</ele>
      </trkpt>
      <trkpt lat="35.142756" lon="127.058798">
        <ele>227.5</ele>
      </trkpt>
      <trkpt lat="35.143042" lon="127.059522">
        <ele>226.25</ele>
      </trkpt>
      <trkpt lat="35.143228" lon="127.060522">
        <ele>216.75</ele>
      </trkpt>
      <trkpt lat="35.143064" lon="127.062507">
        <ele>197.0</ele>
      </trkpt>
      <trkpt lat="35.143077" lon="127.062968">
        <ele>196.0</ele>
      </trkpt>
      <trkpt lat="35.143183" lon="127.063215">
        <ele>193.0</ele>
      </trkpt>
      <trkpt lat="35.144086" lon="127.062531">
        <ele>207.5</ele>
      </trkpt>
      <trkpt lat="35.145727" lon="127.062265">
        <ele>199.0</ele>
      </trkpt>
      <trkpt lat="35.14627" lon="127.06225">
        <ele>215.5</ele>
      </trkpt>
      <trkpt lat="35.149043" lon="127.062067">
        <ele>194.0</ele>
      </trkpt>
      <trkpt lat="35.149973" lon="127.061546">
        <ele>211.0</ele>
      </trkpt>
      <trkpt lat="35.15051" lon="127.06116">
        <ele>222.75</ele>
      </trkpt>
      <trkpt lat="35.15097" lon="127.06093">
        <ele>223.5</ele>
      </trkpt>
      <trkpt lat="35.15124" lon="127.06088">
        <ele>224.5</ele>
      </trkpt>
      <trkpt lat="35.15425" lon="127.06117">
        <ele>228.0</ele>
      </trkpt>
      <trkpt lat="35.1544" lon="127.06117">
        <ele>227.25</ele>
      </trkpt>
      <trkpt lat="35.15516" lon="127.06113">
        <ele>224.5</ele>
      </trkpt>
      <trkpt lat="35.15594" lon="127.060811">
        <ele>240.75</ele>
      </trkpt>
      <trkpt lat="35.157472" lon="127.060027">
        <ele>235.75</ele>
      </trkpt>
      <trkpt lat="35.157672" lon="127.060151">
        <ele>229.0</ele>
      </trkpt>
      <trkpt lat="35.1581339" lon="127.059272">
        <ele>237.5</ele>
      </trkpt>
      <trkpt lat="35.158516" lon="127.058972">
        <ele>235.0</ele>
      </trkpt>
      <trkpt lat="35.16194" lon="127.05872">
        <ele>231.25</ele>
      </trkpt>
      <trkpt lat="35.16405" lon="127.05779">
        <ele>239.25</ele>
      </trkpt>
      <trkpt lat="35.16603" lon="127.0578">
        <ele>226.5</ele>
      </trkpt>
      <trkpt lat="35.16678" lon="127.05762">
        <ele>228.0</ele>
      </trkpt>
      <trkpt lat="35.16995" lon="127.05598">
        <ele>232.75</ele>
      </trkpt>
      <trkpt lat="35.17156" lon="127.05543">
        <ele>235.75</ele>
      </trkpt>
      <trkpt lat="35.17211" lon="127.05522">
        <ele>239.0</ele>
      </trkpt>
      <trkpt lat="35.17264" lon="127.05486">
        <ele>240.25</ele>
      </trkpt>
      <trkpt lat="35.17396" lon="127.05392">
        <ele>239.0</ele>
      </trkpt>
      <trkpt lat="35.17502" lon="127.05376">
        <ele>239.25</ele>
      </trkpt>
      <trkpt lat="35.17656" lon="127.05463">
        <ele>247.0</ele>
      </trkpt>
      <trkpt lat="35.17793" lon="127.05471">
        <ele>248.0</ele>
      </trkpt>
      <trkpt lat="35.17863" lon="127.05463">
        <ele>246.75</ele>
      </trkpt>
      <trkpt lat="35.17888" lon="127.05472">
        <ele>248.75</ele>
      </trkpt>
      <trkpt lat="35.17953" lon="127.05489">
        <ele>253.75</ele>
      </trkpt>
      <trkpt lat="35.18287" lon="127.05505">
        <ele>259.5</ele>
      </trkpt>
      <trkpt lat="35.1839" lon="127.05552">
        <ele>263.0</ele>
      </trkpt>
      <trkpt lat="35.18509" lon="127.05552">
        <ele>262.75</ele>
      </trkpt>
      <trkpt lat="35.18602" lon="127.05573">
        <ele>269.0</ele>
      </trkpt>
      <trkpt lat="35.18794" lon="127.0566">
        <ele>272.5</ele>
      </trkpt>
      <trkpt lat="35.18831" lon="127.0566">
        <ele>271.25</ele>
      </trkpt>
      <trkpt lat="35.18886" lon="127.05593">
        <ele>278.5</ele>
      </trkpt>
      <trkpt lat="35.18898" lon="127.05588">
        <ele>281.5</ele>
      </trkpt>
      <trkpt lat="35.1892799" lon="127.05587">
        <ele>285.0</ele>
      </trkpt>
      <trkpt lat="35.19013" lon="127.05589">
        <ele>286.5</ele>
      </trkpt>
      <trkpt lat="35.19059" lon="127.05594">
        <ele>283.0</ele>
      </trkpt>
      <trkpt lat="35.19119" lon="127.05615">
        <ele>275.25</ele>
      </trkpt>
      <trkpt lat="35.19184" lon="127.05619">
        <ele>275.25</ele>
      </trkpt>
      <trkpt lat="35.19272" lon="127.0562">
        <ele>278.0</ele>
      </trkpt>
      <trkpt lat="35.1944299" lon="127.05665">
        <ele>282.5</ele>
      </trkpt>
      <trkpt lat="35.19558" lon="127.05658">
        <ele>288.25</ele>
      </trkpt>
      <trkpt lat="35.1961" lon="127.05642">
        <ele>289.25</ele>
      </trkpt>
      <trkpt lat="35.19702" lon="127.05717">
        <ele>285.25</ele>
      </trkpt>
      <trkpt lat="35.19732" lon="127.05732">
        <ele>286.75</ele>
      </trkpt>
      <trkpt lat="35.19827" lon="127.05776">
        <ele>286.5</ele>
      </trkpt>
      <trkpt lat="35.1987" lon="127.05784">
        <ele>286.0</ele>
      </trkpt>
      <trkpt lat="35.20086" lon="127.05779">
        <ele>294.0</ele>
      </trkpt>
      <trkpt lat="35.2016599" lon="127.05807">
        <ele>297.5</ele>
      </trkpt>
      <trkpt lat="35.20225" lon="127.05841">
        <ele>301.25</ele>
      </trkpt>
      <trkpt lat="35.20332" lon="127.05867">
        <ele>312.75</ele>
      </trkpt>
      <trkpt lat="35.20669" lon="127.05874">
        <ele>314.0</ele>
      </trkpt>
      <trkpt lat="35.20715" lon="127.05884">
        <ele>312.25</ele>
      </trkpt>
      <trkpt lat="35.20841" lon="127.05974">
        <ele>315.25</ele>
      </trkpt>
      <trkpt lat="35.20929" lon="127.06009">
        <ele>319.5</ele>
      </trkpt>
      <trkpt lat="35.21003" lon="127.05984">
        <ele>322.75</ele>
      </trkpt>
      <trkpt lat="35.21066" lon="127.05916">
        <ele>322.5</ele>
      </trkpt>
      <trkpt lat="35.21193" lon="127.05906">
        <ele>321.25</ele>
      </trkpt>
      <trkpt lat="35.21414" lon="127.05854">
        <ele>296.25</ele>
      </trkpt>
      <trkpt lat="35.21496" lon="127.05858">
        <ele>284.0</ele>
      </trkpt>
      <trkpt lat="35.215511" lon="127.058601">
        <ele>251.0</ele>
      </trkpt>
      <trkpt lat="35.215783" lon="127.058703">
        <ele>254.0</ele>
      </trkpt>
      <trkpt lat="35.215928" lon="127.058698">
        <ele>253.0</ele>
      </trkpt>
      <trkpt lat="35.216261" lon="127.058612">
        <ele>255.0</ele>
      </trkpt>
      <trkpt lat="35.216353" lon="127.058322">
        <ele>258.0</ele>
      </trkpt>
      <trkpt lat="35.2159199" lon="127.05748">
        <ele>260.25</ele>
      </trkpt>
      <trkpt lat="35.21601" lon="127.05678">
        <ele>264.5</ele>
      </trkpt>
      <trkpt lat="35.21609" lon="127.05641">
        <ele>269.25</ele>
      </trkpt>
      <trkpt lat="35.21633" lon="127.05607">
        <ele>268.75</ele>
      </trkpt>
      <trkpt lat="35.21657" lon="127.05601">
        <ele>263.0</ele>
      </trkpt>
      <trkpt lat="35.21705" lon="127.05585">
        <ele>250.75</ele>
      </trkpt>
      <trkpt lat="35.21777" lon="127.05497">
        <ele>234.5</ele>
      </trkpt>
      <trkpt lat="35.21816" lon="127.05423">
        <ele>230.5</ele>
      </trkpt>
      <trkpt lat="35.21834" lon="127.05405">
        <ele>227.25</ele>
      </trkpt>
      <trkpt lat="35.22151" lon="127.0525">
        <ele>202.5</ele>
      </trkpt>
      <trkpt lat="35.22245" lon="127.05224">
        <ele>199.25</ele>
      </trkpt>
      <trkpt lat="35.22311" lon="127.05215">
        <ele>193.75</ele>
      </trkpt>
      <trkpt lat="35.22385" lon="127.05184">
        <ele>192.75</ele>
      </trkpt>
      <trkpt lat="35.22402" lon="127.05179">
        <ele>193.0</ele>
      </trkpt>
      <trkpt lat="35.22514" lon="127.05186">
        <ele>184.75</ele>
      </trkpt>
      <trkpt lat="35.22529" lon="127.05183">
        <ele>184.25</ele>
      </trkpt>
      <trkpt lat="35.22575" lon="127.05167">
        <ele>184.75</ele>
      </trkpt>
      <trkpt lat="35.22686" lon="127.05163">
        <ele>180.75</ele>
      </trkpt>
      <trkpt lat="35.22798" lon="127.05095">
        <ele>180.5</ele>
      </trkpt>
      <trkpt lat="35.22901" lon="127.05065">
        <ele>172.25</ele>
      </trkpt>
      <trkpt lat="35.23045" lon="127.05107">
        <ele>167.75</ele>
      </trkpt>
      <trkpt lat="35.23168" lon="127.05075">
        <ele>164.25</ele>
      </trkpt>
      <trkpt lat="35.2319699" lon="127.05069">
        <ele>163.5</ele>
      </trkpt>
      <trkpt lat="35.23257" lon="127.05082">
        <ele>164.25</ele>
      </trkpt>
      <trkpt lat="35.23299" lon="127.05077">
        <ele>163.75</ele>
      </trkpt>
      <trkpt lat="35.23484" lon="127.05023">
        <ele>156.0</ele>
      </trkpt>
      <trkpt lat="35.2358199" lon="127.04988">
        <ele>158.0</ele>
      </trkpt>
      <trkpt lat="35.2368" lon="127.04975">
        <ele>150.5</ele>
      </trkpt>
      <trkpt lat="35.239" lon="127.04825">
        <ele>139.5</ele>
      </trkpt>
      <trkpt lat="35.24068" lon="127.04566">
        <ele>164.25</ele>
      </trkpt>
      <trkpt lat="35.24148" lon="127.04555">
        <ele>142.25</ele>
      </trkpt>
      <trkpt lat="35.24256" lon="127.04522">
        <ele>125.5</ele>
      </trkpt>
      <trkpt lat="35.24366" lon="127.04441">
        <ele>123.5</ele>
      </trkpt>
      <trkpt lat="35.244852" lon="127.043947">
        <ele>121.0</ele>
      </trkpt>
      <trkpt lat="35.24593" lon="127.04353">
        <ele>119.0</ele>
      </trkpt>
      <trkpt lat="35.247317" lon="127.043063">
        <ele>112.0</ele>
      </trkpt>
      <trkpt lat="35.247685" lon="127.042985">
        <ele>127.6</ele>
      </trkpt>
      <trkpt lat="35.247693" lon="127.042983">
        <ele>114.0</ele>
      </trkpt>
      <trkpt lat="35.247875" lon="127.0429">
        <ele>116.0</ele>
      </trkpt>
      <trkpt lat="35.247954" lon="127.042267">
        <ele>112.0</ele>
      </trkpt>
      <trkpt lat="35.24781" lon="127.042165">
        <ele>110.0</ele>
      </trkpt>
      <trkpt lat="35.248125" lon="127.041296">
        <ele>108.0</ele>
      </trkpt>
      <trkpt lat="35.248283" lon="127.04033">
        <ele>105.0</ele>
      </trkpt>
      <trkpt lat="35.248331" lon="127.039692">
        <ele>102.0</ele>
      </trkpt>
      <trkpt lat="35.2482479" lon="127.038662">
        <ele>101.0</ele>
      </trkpt>
      <trkpt lat="35.248046" lon="127.037793">
        <ele>102.0</ele>
      </trkpt>
      <trkpt lat="35.247135" lon="127.035245">
        <ele>103.0</ele>
      </trkpt>
      <trkpt lat="35.246798" lon="127.034333">
        <ele>100.0</ele>
      </trkpt>
      <trkpt lat="35.247056" lon="127.034121">
        <ele>105.0</ele>
      </trkpt>
      <trkpt lat="35.2466549" lon="127.033577">
        <ele>102.5</ele>
      </trkpt>
      <trkpt lat="35.246569" lon="127.033375">
        <ele>101.0</ele>
      </trkpt>
      <trkpt lat="35.246089" lon="127.029625">
        <ele>90.75</ele>
      </trkpt>
      <trkpt lat="35.245133" lon="127.024981">
        <ele>88.0</ele>
      </trkpt>
      <trkpt lat="35.24505" lon="127.02466">
        <ele>90.75</ele>
      </trkpt>
      <trkpt lat="35.2449299" lon="127.02439">
        <ele>95.0</ele>
      </trkpt>
      <trkpt lat="35.24479" lon="127.0242">
        <ele>96.5</ele>
      </trkpt>
      <trkpt lat="35.2445499" lon="127.02399">
        <ele>94.5</ele>
      </trkpt>
      <trkpt lat="35.244147" lon="127.023846">
        <ele>88.75</ele>
      </trkpt>
      <trkpt lat="35.242159" lon="127.023856">
        <ele>82.25</ele>
      </trkpt>
      <trkpt lat="35.241287" lon="127.022185">
        <ele>79.0</ele>
      </trkpt>
      <trkpt lat="35.238415" lon="127.015913">
        <ele>69.75</ele>
      </trkpt>
      <trkpt lat="35.237445" lon="127.014445">
        <ele>67.0</ele>
      </trkpt>
      <trkpt lat="35.239695" lon="127.011961">
        <ele>64.75</ele>
      </trkpt>
      <trkpt lat="35.240124" lon="127.011294">
        <ele>67.75</ele>
      </trkpt>
      <trkpt lat="35.240387" lon="127.010788">
        <ele>69.5</ele>
      </trkpt>
      <trkpt lat="35.241021" lon="127.007825">
        <ele>69.75</ele>
      </trkpt>
      <trkpt lat="35.241343" lon="127.007189">
        <ele>64.25</ele>
      </trkpt>
      <trkpt lat="35.242001" lon="127.0047">
        <ele>60.0</ele>
      </trkpt>
      <trkpt lat="35.242658" lon="127.003144">
        <ele>54.75</ele>
      </trkpt>
      <trkpt lat="35.243922" lon="126.99921">
        <ele>46.75</ele>
      </trkpt>
      <trkpt lat="35.245128" lon="126.998456">
        <ele>39.0</ele>
      </trkpt>
      <trkpt lat="35.2475639" lon="126.996052">
        <ele>40.0</ele>
      </trkpt>
      <trkpt lat="35.248572" lon="126.994808">
        <ele>39.0</ele>
      </trkpt>
      <trkpt lat="35.24915" lon="126.994443">
        <ele>42.0</ele>
      </trkpt>
      <trkpt lat="35.249755" lon="126.994346">
        <ele>46.0</ele>
      </trkpt>
      <trkpt lat="35.250193" lon="126.994132">
        <ele>50.0</ele>
      </trkpt>
      <trkpt lat="35.251121" lon="126.99337">
        <ele>50.0</ele>
      </trkpt>
      <trkpt lat="35.252024" lon="126.991932">
        <ele>48.0</ele>
      </trkpt>
      <trkpt lat="35.253986" lon="126.990087">
        <ele>45.0</ele>
      </trkpt>
      <trkpt lat="35.255099" lon="126.988692">
        <ele>48.0</ele>
      </trkpt>
      <trkpt lat="35.255353" lon="126.988209">
        <ele>48.0</ele>
      </trkpt>
      <trkpt lat="35.25559" lon="126.987308">
        <ele>57.0</ele>
      </trkpt>
      <trkpt lat="35.255879" lon="126.986858">
        <ele>56.0</ele>
      </trkpt>
      <trkpt lat="35.257272" lon="126.985323">
        <ele>52.0</ele>
      </trkpt>
      <trkpt lat="35.257596" lon="126.985087">
        <ele>47.0</ele>
      </trkpt>
      <trkpt lat="35.25806" lon="126.984991">
        <ele>40.0</ele>
      </trkpt>
      <trkpt lat="35.259922" lon="126.984975">
        <ele>54.0</ele>
      </trkpt>
      <trkpt lat="35.260456" lon="126.985028">
        <ele>54.0</ele>
      </trkpt>
      <trkpt lat="35.261275" lon="126.985238">
        <ele>73.0</ele>
      </trkpt>
      <trkpt lat="35.261687" lon="126.985366">
        <ele>75.0</ele>
      </trkpt>
      <trkpt lat="35.262108" lon="126.985431">
        <ele>72.0</ele>
      </trkpt>
      <trkpt lat="35.262379" lon="126.985377">
        <ele>67.0</ele>
      </trkpt>
      <trkpt lat="35.263124" lon="126.985071">
        <ele>57.0</ele>
      </trkpt>
      <trkpt lat="35.263715" lon="126.984878">
        <ele>50.0</ele>
      </trkpt>
      <trkpt lat="35.26449" lon="126.984744">
        <ele>55.0</ele>
      </trkpt>
      <trkpt lat="35.266466" lon="126.984648">
        <ele>52.0</ele>
      </trkpt>
      <trkpt lat="35.26679" lon="126.984535">
        <ele>55.0</ele>
      </trkpt>
      <trkpt lat="35.267061" lon="126.984208">
        <ele>58.0</ele>
      </trkpt>
      <trkpt lat="35.26728" lon="126.983655">
        <ele>65.0</ele>
      </trkpt>
      <trkpt lat="35.26739" lon="126.982137">
        <ele>69.0</ele>
      </trkpt>
      <trkpt lat="35.267688" lon="126.980882">
        <ele>66.0</ele>
      </trkpt>
      <trkpt lat="35.268012" lon="126.978194">
        <ele>62.0</ele>
      </trkpt>
      <trkpt lat="35.268196" lon="126.977486">
        <ele>64.0</ele>
      </trkpt>
      <trkpt lat="35.268529" lon="126.976832">
        <ele>65.0</ele>
      </trkpt>
      <trkpt lat="35.270443" lon="126.974793">
        <ele>56.0</ele>
      </trkpt>
      <trkpt lat="35.27085" lon="126.97408">
        <ele>55.0</ele>
      </trkpt>
      <trkpt lat="35.271143" lon="126.973608">
        <ele>59.0</ele>
      </trkpt>
      <trkpt lat="35.271529" lon="126.973393">
        <ele>54.0</ele>
      </trkpt>
      <trkpt lat="35.272111" lon="126.97327">
        <ele>56.0</ele>
      </trkpt>
      <trkpt lat="35.272562" lon="126.972883">
        <ele>52.0</ele>
      </trkpt>
      <trkpt lat="35.271673" lon="126.971097">
        <ele>45.0</ele>
      </trkpt>
      <trkpt lat="35.2713139" lon="126.969273">
        <ele>43.0</ele>
      </trkpt>
      <trkpt lat="35.27099" lon="126.967299">
        <ele>40.0</ele>
      </trkpt>
      <trkpt lat="35.271078" lon="126.967186">
        <ele>40.0</ele>
      </trkpt>
      <trkpt lat="35.2711169" lon="126.966822">
        <ele>38.0</ele>
      </trkpt>
      <trkpt lat="35.271621" lon="126.96591">
        <ele>49.0</ele>
      </trkpt>
      <trkpt lat="35.2717219" lon="126.96555">
        <ele>48.0</ele>
      </trkpt>
      <trkpt lat="35.271993" lon="126.965116">
        <ele>46.0</ele>
      </trkpt>
      <trkpt lat="35.272111" lon="126.964746">
        <ele>47.0</ele>
      </trkpt>
      <trkpt lat="35.272138" lon="126.964257">
        <ele>47.0</ele>
      </trkpt>
      <trkpt lat="35.272203" lon="126.963995">
        <ele>46.0</ele>
      </trkpt>
      <trkpt lat="35.272387" lon="126.963834">
        <ele>47.0</ele>
      </trkpt>
      <trkpt lat="35.2725579" lon="126.963785">
        <ele>46.0</ele>
      </trkpt>
      <trkpt lat="35.27272" lon="126.963581">
        <ele>44.0</ele>
      </trkpt>
      <trkpt lat="35.272825" lon="126.963302">
        <ele>39.0</ele>
      </trkpt>
      <trkpt lat="35.273" lon="126.963088">
        <ele>35.0</ele>
      </trkpt>
      <trkpt lat="35.273377" lon="126.963104">
        <ele>35.0</ele>
      </trkpt>
      <trkpt lat="35.273679" lon="126.962943">
        <ele>36.0</ele>
      </trkpt>
      <trkpt lat="35.273819" lon="126.962659">
        <ele>38.0</ele>
      </trkpt>
      <trkpt lat="35.274441" lon="126.962192">
        <ele>38.0</ele>
      </trkpt>
      <trkpt lat="35.274796" lon="126.961951">
        <ele>39.0</ele>
      </trkpt>
      <trkpt lat="35.274962" lon="126.961972">
        <ele>38.0</ele>
      </trkpt>
      <trkpt lat="35.27519" lon="126.961699">
        <ele>43.0</ele>
      </trkpt>
      <trkpt lat="35.275339" lon="126.96165">
        <ele>48.0</ele>
      </trkpt>
      <trkpt lat="35.275431" lon="126.961575">
        <ele>51.0</ele>
      </trkpt>
      <trkpt lat="35.275532" lon="126.961441">
        <ele>54.0</ele>
      </trkpt>
      <trkpt lat="35.275759" lon="126.96128">
        <ele>56.0</ele>
      </trkpt>
      <trkpt lat="35.275882" lon="126.96121">
        <ele>56.0</ele>
      </trkpt>
      <trkpt lat="35.276022" lon="126.961098">
        <ele>54.0</ele>
      </trkpt>
      <trkpt lat="35.27607" lon="126.960996">
        <ele>52.0</ele>
      </trkpt>
      <trkpt lat="35.27604" lon="126.960728">
        <ele>52.0</ele>
      </trkpt>
      <trkpt lat="35.276154" lon="126.960384">
        <ele>55.0</ele>
      </trkpt>
      <trkpt lat="35.27639" lon="126.960132">
        <ele>59.0</ele>
      </trkpt>
      <trkpt lat="35.276521" lon="126.959682">
        <ele>57.0</ele>
      </trkpt>
      <trkpt lat="35.276736" lon="126.95936">
        <ele>52.0</ele>
      </trkpt>
      <trkpt lat="35.27678" lon="126.959209">
        <ele>51.0</ele>
      </trkpt>
      <trkpt lat="35.276876" lon="126.959081">
        <ele>48.0</ele>
      </trkpt>
      <trkpt lat="35.277012" lon="126.958968">
        <ele>47.0</ele>
      </trkpt>
      <trkpt lat="35.2771" lon="126.958732">
        <ele>44.0</ele>
      </trkpt>
      <trkpt lat="35.277205" lon="126.958587">
        <ele>43.0</ele>
      </trkpt>
      <trkpt lat="35.2769679" lon="126.958217">
        <ele>-1.0</ele>
      </trkpt>
      <trkpt lat="35.276832" lon="126.958099">
        <ele>-1.0</ele>
      </trkpt>
      <trkpt lat="35.276679" lon="126.958078">
        <ele>-1.0</ele>
      </trkpt>
      <trkpt lat="35.2765" lon="126.957713">
        <ele>-1.0</ele>
      </trkpt>
      <trkpt lat="35.276368" lon="126.957294">
        <ele>-1.0</ele>
      </trkpt>
      <trkpt lat="35.2763769" lon="126.95679">
        <ele>-1.0</ele>
      </trkpt>
      <trkpt lat="35.276485" lon="126.956528">
        <ele>38.4</ele>
      </trkpt>
      <trkpt lat="35.2765" lon="126.95649">
        <ele>-1.0</ele>
      </trkpt>
      <trkpt lat="35.277152" lon="126.956436">
        <ele>39.0</ele>
      </trkpt>
      <trkpt lat="35.277375" lon="126.95635">
        <ele>37.0</ele>
      </trkpt>
      <trkpt lat="35.277735" lon="126.955599">
        <ele>35.0</ele>
      </trkpt>
      <trkpt lat="35.2789519" lon="126.953915">
        <ele>35.0</ele>
      </trkpt>
      <trkpt lat="35.279425" lon="126.953652">
        <ele>27.0</ele>
      </trkpt>
      <trkpt lat="35.27944" lon="126.953624">
        <ele>36.5</ele>
      </trkpt>
      <trkpt lat="35.279032" lon="126.953033">
        <ele>34.5</ele>
      </trkpt>
      <trkpt lat="35.277341" lon="126.951827">
        <ele>31.75</ele>
      </trkpt>
      <trkpt lat="35.277107" lon="126.951607">
        <ele>31.25</ele>
      </trkpt>
      <trkpt lat="35.276782" lon="126.951233">
        <ele>31.5</ele>
      </trkpt>
      <trkpt lat="35.27318" lon="126.945554">
        <ele>30.0</ele>
      </trkpt>
      <trkpt lat="35.271074" lon="126.941659">
        <ele>31.75</ele>
      </trkpt>
      <trkpt lat="35.269838" lon="126.938789">
        <ele>30.25</ele>
      </trkpt>
      <trkpt lat="35.2697069" lon="126.938594">
        <ele>30.5</ele>
      </trkpt>
      <trkpt lat="35.26957" lon="126.938472">
        <ele>30.5</ele>
      </trkpt>
      <trkpt lat="35.266564" lon="126.932491">
        <ele>29.25</ele>
      </trkpt>
      <trkpt lat="35.266336" lon="126.932161">
        <ele>29.75</ele>
      </trkpt>
      <trkpt lat="35.2661" lon="126.931838">
        <ele>29.25</ele>
      </trkpt>
      <trkpt lat="35.265035" lon="126.930942">
        <ele>29.0</ele>
      </trkpt>
      <trkpt lat="35.262371" lon="126.929941">
        <ele>29.0</ele>
      </trkpt>
      <trkpt lat="35.261401" lon="126.928187">
        <ele>28.25</ele>
      </trkpt>
      <trkpt lat="35.260102" lon="126.928924">
        <ele>30.25</ele>
      </trkpt>
      <trkpt lat="35.259707" lon="126.928612">
        <ele>30.5</ele>
      </trkpt>
      <trkpt lat="35.2588579" lon="126.92595">
        <ele>27.5</ele>
      </trkpt>
      <trkpt lat="35.258556" lon="126.92126">
        <ele>27.5</ele>
      </trkpt>
      <trkpt lat="35.258518" lon="126.919712">
        <ele>28.0</ele>
      </trkpt>
      <trkpt lat="35.258144" lon="126.909735">
        <ele>28.25</ele>
      </trkpt>
      <trkpt lat="35.257973" lon="126.908661">
        <ele>27.0</ele>
      </trkpt>
      <trkpt lat="35.257281" lon="126.905962">
        <ele>26.5</ele>
      </trkpt>
      <trkpt lat="35.256409" lon="126.904079">
        <ele>27.75</ele>
      </trkpt>
      <trkpt lat="35.254922" lon="126.901794">
        <ele>26.0</ele>
      </trkpt>
      <trkpt lat="35.248548" lon="126.893251">
        <ele>26.0</ele>
      </trkpt>
      <trkpt lat="35.247635" lon="126.892201">
        <ele>25.5</ele>
      </trkpt>
      <trkpt lat="35.246549" lon="126.891325">
        <ele>24.25</ele>
      </trkpt>
      <trkpt lat="35.245156" lon="126.890502">
        <ele>23.5</ele>
      </trkpt>
      <trkpt lat="35.244765" lon="126.890375">
        <ele>23.5</ele>
      </trkpt>
      <trkpt lat="35.244584" lon="126.890329">
        <ele>23.5</ele>
      </trkpt>
      <trkpt lat="35.244485" lon="126.890329">
        <ele>23.5</ele>
      </trkpt>
      <trkpt lat="35.24409" lon="126.890261">
        <ele>20.0</ele>
      </trkpt>
      <trkpt lat="35.243643" lon="126.890202">
        <ele>25.0</ele>
      </trkpt>
      <trkpt lat="35.243122" lon="126.890207">
        <ele>23.0</ele>
      </trkpt>
      <trkpt lat="35.242627" lon="126.890105">
        <ele>22.0</ele>
      </trkpt>
      <trkpt lat="35.241575" lon="126.889536">
        <ele>21.0</ele>
      </trkpt>
      <trkpt lat="35.240997" lon="126.889091">
        <ele>20.0</ele>
      </trkpt>
      <trkpt lat="35.240594" lon="126.888641">
        <ele>22.0</ele>
      </trkpt>
      <trkpt lat="35.240243" lon="126.888174">
        <ele>20.0</ele>
      </trkpt>
      <trkpt lat="35.239902" lon="126.887643">
        <ele>20.0</ele>
      </trkpt>
      <trkpt lat="35.239485" lon="126.886554">
        <ele>19.0</ele>
      </trkpt>
      <trkpt lat="35.239043" lon="126.885116">
        <ele>19.0</ele>
      </trkpt>
      <trkpt lat="35.238653" lon="126.883711">
        <ele>19.0</ele>
      </trkpt>
      <trkpt lat="35.238508" lon="126.883249">
        <ele>19.0</ele>
      </trkpt>
      <trkpt lat="35.238333" lon="126.882734">
        <ele>21.0</ele>
      </trkpt>
      <trkpt lat="35.238276" lon="126.881946">
        <ele>21.0</ele>
      </trkpt>
      <trkpt lat="35.238118" lon="126.880578">
        <ele>17.0</ele>
      </trkpt>
      <trkpt lat="35.238088" lon="126.879167">
        <ele>19.0</ele>
      </trkpt>
      <trkpt lat="35.238088" lon="126.877858">
        <ele>25.0</ele>
      </trkpt>
      <trkpt lat="35.238048" lon="126.876957">
        <ele>15.0</ele>
      </trkpt>
      <trkpt lat="35.237926" lon="126.876168">
        <ele>19.0</ele>
      </trkpt>
      <trkpt lat="35.237715" lon="126.875632">
        <ele>19.0</ele>
      </trkpt>
      <trkpt lat="35.237704" lon="126.875466">
        <ele>19.0</ele>
      </trkpt>
      <trkpt lat="35.237781" lon="126.875224">
        <ele>18.0</ele>
      </trkpt>
      <trkpt lat="35.237634" lon="126.874996">
        <ele>20.0</ele>
      </trkpt>
      <trkpt lat="35.237288" lon="126.874535">
        <ele>18.0</ele>
      </trkpt>
      <trkpt lat="35.2371" lon="126.874344">
        <ele>17.0</ele>
      </trkpt>
      <trkpt lat="35.235974" lon="126.873494">
        <ele>23.0</ele>
      </trkpt>
      <trkpt lat="35.235459" lon="126.873153">
        <ele>21.0</ele>
      </trkpt>
      <trkpt lat="35.2349" lon="126.872853">
        <ele>21.0</ele>
      </trkpt>
      <trkpt lat="35.234048" lon="126.872349">
        <ele>24.0</ele>
      </trkpt>
      <trkpt lat="35.233312" lon="126.871909">
        <ele>20.0</ele>
      </trkpt>
      <trkpt lat="35.232536" lon="126.871423">
        <ele>20.0</ele>
      </trkpt>
      <trkpt lat="35.231783" lon="126.871002">
        <ele>19.0</ele>
      </trkpt>
      <trkpt lat="35.2309" lon="126.870418">
        <ele>24.0</ele>
      </trkpt>
      <trkpt lat="35.2304699" lon="126.870171">
        <ele>24.0</ele>
      </trkpt>
      <trkpt lat="35.230069" lon="126.869919">
        <ele>19.0</ele>
      </trkpt>
      <trkpt lat="35.229607" lon="126.869709">
        <ele>18.0</ele>
      </trkpt>
      <trkpt lat="35.229088" lon="126.869436">
        <ele>24.0</ele>
      </trkpt>
      <trkpt lat="35.22877" lon="126.8692">
        <ele>27.0</ele>
      </trkpt>
      <trkpt lat="35.228132" lon="126.868827">
        <ele>30.0</ele>
      </trkpt>
      <trkpt lat="35.228019" lon="126.868773">
        <ele>30.0</ele>
      </trkpt>
      <trkpt lat="35.227403" lon="126.868615">
        <ele>29.0</ele>
      </trkpt>
      <trkpt lat="35.227105" lon="126.868438">
        <ele>25.0</ele>
      </trkpt>
      <trkpt lat="35.226524" lon="126.868127">
        <ele>31.0</ele>
      </trkpt>
      <trkpt lat="35.225871" lon="126.868057">
        <ele>24.0</ele>
      </trkpt>
      <trkpt lat="35.225451" lon="126.867778">
        <ele>20.0</ele>
      </trkpt>
      <trkpt lat="35.225122" lon="126.867231">
        <ele>17.0</ele>
      </trkpt>
      <trkpt lat="35.224863" lon="126.86707">
        <ele>22.0</ele>
      </trkpt>
      <trkpt lat="35.222418" lon="126.865584">
        <ele>16.0</ele>
      </trkpt>
      <trkpt lat="35.222142" lon="126.865423">
        <ele>14.0</ele>
      </trkpt>
      <trkpt lat="35.221932" lon="126.865273">
        <ele>14.0</ele>
      </trkpt>
      <trkpt lat="35.221572" lon="126.864839">
        <ele>16.0</ele>
      </trkpt>
      <trkpt lat="35.221568" lon="126.864817">
        <ele>20.25</ele>
      </trkpt>
      <trkpt lat="35.221008" lon="126.864613">
        <ele>20.25</ele>
      </trkpt>
      <trkpt lat="35.220771" lon="126.864656">
        <ele>20.5</ele>
      </trkpt>
      <trkpt lat="35.220311" lon="126.86472">
        <ele>21.0</ele>
      </trkpt>
      <trkpt lat="35.21891" lon="126.864087">
        <ele>20.5</ele>
      </trkpt>
      <trkpt lat="35.218511" lon="126.863839">
        <ele>21.0</ele>
      </trkpt>
      <trkpt lat="35.218341" lon="126.863712">
        <ele>21.25</ele>
      </trkpt>
      <trkpt lat="35.217672" lon="126.863061">
        <ele>22.0</ele>
      </trkpt>
      <trkpt lat="35.216301" lon="126.861514">
        <ele>23.25</ele>
      </trkpt>
      <trkpt lat="35.215805" lon="126.86077">
        <ele>22.5</ele>
      </trkpt>
      <trkpt lat="35.215174" lon="126.860257">
        <ele>15.0</ele>
      </trkpt>
      <trkpt lat="35.212273" lon="126.857051">
        <ele>21.5</ele>
      </trkpt>
      <trkpt lat="35.211703" lon="126.856738">
        <ele>21.0</ele>
      </trkpt>
      <trkpt lat="35.210896" lon="126.856416">
        <ele>15.0</ele>
      </trkpt>
      <trkpt lat="35.210138" lon="126.856293">
        <ele>19.0</ele>
      </trkpt>
      <trkpt lat="35.209463" lon="126.856309">
        <ele>22.0</ele>
      </trkpt>
      <trkpt lat="35.208402" lon="126.856282">
        <ele>16.0</ele>
      </trkpt>
      <trkpt lat="35.206877" lon="126.856277">
        <ele>16.0</ele>
      </trkpt>
      <trkpt lat="35.206778" lon="126.856347">
        <ele>16.0</ele>
      </trkpt>
      <trkpt lat="35.206805" lon="126.856583">
        <ele>16.0</ele>
      </trkpt>
      <trkpt lat="35.2063879" lon="126.856615">
        <ele>14.0</ele>
      </trkpt>
      <trkpt lat="35.206375" lon="126.858495">
        <ele>21.0</ele>
      </trkpt>
      <trkpt lat="35.206369" lon="126.861411">
        <ele>12.0</ele>
      </trkpt>
    </trkseg>
  </trk>
</gpx>
