<?xml version="1.0" encoding="UTF-8"?>
<gpx xmlns="http://www.topografix.com/GPX/1/1" creator="MTK - http://www.toursprung.com" version="1.1" xmlns:xsi="http://www.w3.org/2001/XMLSchema-instance" xsi:schemaLocation="http://www.topografix.com/GPX/1/1 http://www.topografix.com/GPX/1/1/gpx.xsd">
<metadata>
<name>B200K(n)_28MAR2026</name>
</metadata>
<wpt lat="35.756701" lon="129.043848" sectionIndex="0" pointIndex="1624" type="Generic"><name>CP1 주필할인마트</name><ele>193.1</ele><type>GENERIC</type><note>CP1 주필할인마트</note></wpt>
<wpt lat="35.571616" lon="128.768947" sectionIndex="0" pointIndex="2292" type="Generic"><name>CP2 유천역</name><ele>36.5</ele><type>GENERIC</type><note>CP2 유천역</note></wpt>
<wpt lat="35.389474" lon="128.832895" sectionIndex="0" pointIndex="2883" type="Generic"><name>CP3 CU밀양삼랑진행복점</name><ele>9.4</ele><type>GENERIC</type><note>CP3 CU밀양삼랑진행복점</note></wpt>
<trk>
<name>B200K(n)_28MAR2026</name>
<trkseg>
<trkpt lat="35.151900" lon="128.995020" sectionIndex="0" pointIndex="0" originalElevation="7.3" isOriginalElevationFromOSM="true"><ele>7.3</ele></trkpt>
<trkpt lat="35.151920" lon="128.995030" sectionIndex="0" pointIndex="1" originalElevation="7.1" isOriginalElevationFromOSM="true"><ele>7.2</ele></trkpt>
<trkpt lat="35.153070" lon="128.992618" sectionIndex="0" pointIndex="2" originalElevation="7.3" isOriginalElevationFromOSM="true"><ele>6.8</ele></trkpt>
<trkpt lat="35.153110" lon="128.992420" sectionIndex="0" pointIndex="3" originalElevation="6.3" isOriginalElevationFromOSM="true"><ele>6.5</ele></trkpt>
<trkpt lat="35.156100" lon="128.975079" sectionIndex="0" pointIndex="4" originalElevation="5.8" isOriginalElevationFromOSM="true"><ele>6.1</ele></trkpt>
<trkpt lat="35.156100" lon="128.975060" sectionIndex="0" pointIndex="5" originalElevation="6.4" isOriginalElevationFromOSM="true"><ele>5.4</ele></trkpt>
<trkpt lat="35.157270" lon="128.975290" sectionIndex="0" pointIndex="6" originalElevation="5.5" isOriginalElevationFromOSM="true"><ele>5.2</ele></trkpt>
<trkpt lat="35.157640" lon="128.975370" sectionIndex="0" pointIndex="7" originalElevation="4.6" isOriginalElevationFromOSM="true"><ele>5.0</ele></trkpt>
<trkpt lat="35.158880" lon="128.975680" sectionIndex="0" pointIndex="8" originalElevation="4.3" isOriginalElevationFromOSM="true"><ele>4.8</ele></trkpt>
<trkpt lat="35.160540" lon="128.976090" sectionIndex="0" pointIndex="9" originalElevation="0.4" isOriginalElevationFromOSM="true"><ele>4.6</ele></trkpt>
<trkpt lat="35.162990" lon="128.976720" sectionIndex="0" pointIndex="10" originalElevation="4.0" isOriginalElevationFromOSM="false"><ele>4.3</ele></trkpt>
<trkpt lat="35.163008" lon="128.976768" sectionIndex="0" pointIndex="11" originalElevation="4.0" isOriginalElevationFromOSM="false"><ele>4.2</ele></trkpt>
<trkpt lat="35.163027" lon="128.976819" sectionIndex="0" pointIndex="12" originalElevation="4.0" isOriginalElevationFromOSM="false"><ele>4.1</ele></trkpt>
<trkpt lat="35.163046" lon="128.976869" sectionIndex="0" pointIndex="13" originalElevation="4.0" isOriginalElevationFromOSM="false"><ele>3.9</ele></trkpt>
<trkpt lat="35.163065" lon="128.976919" sectionIndex="0" pointIndex="14" originalElevation="4.0" isOriginalElevationFromOSM="false"><ele>3.8</ele></trkpt>
<trkpt lat="35.163082" lon="128.976966" sectionIndex="0" pointIndex="15" originalElevation="4.0" isOriginalElevationFromOSM="false"><ele>3.8</ele></trkpt>
<trkpt lat="35.163126" lon="128.976977" sectionIndex="0" pointIndex="16" originalElevation="4.0" isOriginalElevationFromOSM="false"><ele>3.6</ele></trkpt>
<trkpt lat="35.163170" lon="128.976988" sectionIndex="0" pointIndex="17" originalElevation="4.0" isOriginalElevationFromOSM="false"><ele>3.7</ele></trkpt>
<trkpt lat="35.163214" lon="128.976999" sectionIndex="0" pointIndex="18" originalElevation="4.0" isOriginalElevationFromOSM="false"><ele>3.6</ele></trkpt>
<trkpt lat="35.163258" lon="128.977010" sectionIndex="0" pointIndex="19" originalElevation="4.0" isOriginalElevationFromOSM="false"><ele>3.5</ele></trkpt>
<trkpt lat="35.163275" lon="128.977015" sectionIndex="0" pointIndex="20" originalElevation="4.0" isOriginalElevationFromOSM="false"><ele>3.3</ele></trkpt>
<trkpt lat="35.163308" lon="128.976977" sectionIndex="0" pointIndex="21" originalElevation="4.0" isOriginalElevationFromOSM="false"><ele>3.2</ele></trkpt>
<trkpt lat="35.163328" lon="128.976953" sectionIndex="0" pointIndex="22" originalElevation="4.0" isOriginalElevationFromOSM="false"><ele>3.1</ele></trkpt>
<trkpt lat="35.163336" lon="128.976899" sectionIndex="0" pointIndex="23" originalElevation="2.0" isOriginalElevationFromOSM="false"><ele>2.9</ele></trkpt>
<trkpt lat="35.163343" lon="128.976845" sectionIndex="0" pointIndex="24" originalElevation="2.0" isOriginalElevationFromOSM="false"><ele>2.8</ele></trkpt>
<trkpt lat="35.163351" lon="128.976790" sectionIndex="0" pointIndex="25" originalElevation="2.0" isOriginalElevationFromOSM="false"><ele>2.7</ele></trkpt>
<trkpt lat="35.163359" lon="128.976734" sectionIndex="0" pointIndex="26" originalElevation="2.0" isOriginalElevationFromOSM="false"><ele>2.5</ele></trkpt>
<trkpt lat="35.163366" lon="128.976682" sectionIndex="0" pointIndex="27" originalElevation="2.0" isOriginalElevationFromOSM="false"><ele>2.4</ele></trkpt>
<trkpt lat="35.163374" lon="128.976628" sectionIndex="0" pointIndex="28" originalElevation="2.0" isOriginalElevationFromOSM="false"><ele>2.3</ele></trkpt>
<trkpt lat="35.163381" lon="128.976574" sectionIndex="0" pointIndex="29" originalElevation="2.0" isOriginalElevationFromOSM="false"><ele>2.1</ele></trkpt>
<trkpt lat="35.163389" lon="128.976520" sectionIndex="0" pointIndex="30" originalElevation="2.0" isOriginalElevationFromOSM="false"><ele>2.0</ele></trkpt>
<trkpt lat="35.163397" lon="128.976464" sectionIndex="0" pointIndex="31" originalElevation="2.0" isOriginalElevationFromOSM="false"><ele>2.0</ele></trkpt>
<trkpt lat="35.163404" lon="128.976411" sectionIndex="0" pointIndex="32" originalElevation="2.0" isOriginalElevationFromOSM="false"><ele>2.0</ele></trkpt>
<trkpt lat="35.163412" lon="128.976357" sectionIndex="0" pointIndex="33" originalElevation="2.0" isOriginalElevationFromOSM="false"><ele>2.0</ele></trkpt>
<trkpt lat="35.163419" lon="128.976303" sectionIndex="0" pointIndex="34" originalElevation="2.0" isOriginalElevationFromOSM="false"><ele>2.0</ele></trkpt>
<trkpt lat="35.163427" lon="128.976249" sectionIndex="0" pointIndex="35" originalElevation="2.0" isOriginalElevationFromOSM="false"><ele>2.0</ele></trkpt>
<trkpt lat="35.163435" lon="128.976193" sectionIndex="0" pointIndex="36" originalElevation="2.0" isOriginalElevationFromOSM="false"><ele>2.3</ele></trkpt>
<trkpt lat="35.163442" lon="128.976141" sectionIndex="0" pointIndex="37" originalElevation="2.0" isOriginalElevationFromOSM="false"><ele>2.7</ele></trkpt>
<trkpt lat="35.163450" lon="128.976086" sectionIndex="0" pointIndex="38" originalElevation="2.0" isOriginalElevationFromOSM="false"><ele>3.0</ele></trkpt>
<trkpt lat="35.163457" lon="128.976032" sectionIndex="0" pointIndex="39" originalElevation="2.0" isOriginalElevationFromOSM="false"><ele>3.3</ele></trkpt>
<trkpt lat="35.163465" lon="128.975978" sectionIndex="0" pointIndex="40" originalElevation="2.0" isOriginalElevationFromOSM="false"><ele>3.7</ele></trkpt>
<trkpt lat="35.163473" lon="128.975923" sectionIndex="0" pointIndex="41" originalElevation="2.0" isOriginalElevationFromOSM="false"><ele>4.0</ele></trkpt>
<trkpt lat="35.163480" lon="128.975868" sectionIndex="0" pointIndex="42" originalElevation="2.0" isOriginalElevationFromOSM="false"><ele>4.3</ele></trkpt>
<trkpt lat="35.163488" lon="128.975816" sectionIndex="0" pointIndex="43" originalElevation="7.0" isOriginalElevationFromOSM="false"><ele>4.7</ele></trkpt>
<trkpt lat="35.163495" lon="128.975762" sectionIndex="0" pointIndex="44" originalElevation="7.0" isOriginalElevationFromOSM="false"><ele>5.0</ele></trkpt>
<trkpt lat="35.163503" lon="128.975707" sectionIndex="0" pointIndex="45" originalElevation="7.0" isOriginalElevationFromOSM="false"><ele>5.3</ele></trkpt>
<trkpt lat="35.163511" lon="128.975653" sectionIndex="0" pointIndex="46" originalElevation="7.0" isOriginalElevationFromOSM="false"><ele>5.7</ele></trkpt>
<trkpt lat="35.163518" lon="128.975597" sectionIndex="0" pointIndex="47" originalElevation="7.0" isOriginalElevationFromOSM="false"><ele>6.0</ele></trkpt>
<trkpt lat="35.163525" lon="128.975552" sectionIndex="0" pointIndex="48" originalElevation="7.0" isOriginalElevationFromOSM="false"><ele>6.3</ele></trkpt>
<trkpt lat="35.163569" lon="128.975563" sectionIndex="0" pointIndex="49" originalElevation="7.0" isOriginalElevationFromOSM="false"><ele>6.7</ele></trkpt>
<trkpt lat="35.163613" lon="128.975573" sectionIndex="0" pointIndex="50" originalElevation="7.0" isOriginalElevationFromOSM="false"><ele>7.0</ele></trkpt>
<trkpt lat="35.163657" lon="128.975584" sectionIndex="0" pointIndex="51" originalElevation="7.0" isOriginalElevationFromOSM="false"><ele>7.0</ele></trkpt>
<trkpt lat="35.163701" lon="128.975594" sectionIndex="0" pointIndex="52" originalElevation="7.0" isOriginalElevationFromOSM="false"><ele>6.5</ele></trkpt>
<trkpt lat="35.163745" lon="128.975604" sectionIndex="0" pointIndex="53" originalElevation="7.0" isOriginalElevationFromOSM="false"><ele>6.1</ele></trkpt>
<trkpt lat="35.163789" lon="128.975614" sectionIndex="0" pointIndex="54" originalElevation="7.0" isOriginalElevationFromOSM="false"><ele>5.8</ele></trkpt>
<trkpt lat="35.163834" lon="128.975624" sectionIndex="0" pointIndex="55" originalElevation="7.0" isOriginalElevationFromOSM="false"><ele>5.5</ele></trkpt>
<trkpt lat="35.163878" lon="128.975635" sectionIndex="0" pointIndex="56" originalElevation="7.0" isOriginalElevationFromOSM="false"><ele>5.3</ele></trkpt>
<trkpt lat="35.163922" lon="128.975643" sectionIndex="0" pointIndex="57" originalElevation="7.0" isOriginalElevationFromOSM="false"><ele>5.1</ele></trkpt>
<trkpt lat="35.163962" lon="128.975653" sectionIndex="0" pointIndex="58" originalElevation="7.0" isOriginalElevationFromOSM="false"><ele>4.7</ele></trkpt>
<trkpt lat="35.166014" lon="128.976067" sectionIndex="0" pointIndex="59" originalElevation="-1.0" isOriginalElevationFromOSM="false"><ele>4.5</ele></trkpt>
<trkpt lat="35.166880" lon="128.976200" sectionIndex="0" pointIndex="60" originalElevation="1.6" isOriginalElevationFromOSM="true"><ele>4.2</ele></trkpt>
<trkpt lat="35.167650" lon="128.976280" sectionIndex="0" pointIndex="61" originalElevation="2.5" isOriginalElevationFromOSM="true"><ele>4.0</ele></trkpt>
<trkpt lat="35.168380" lon="128.976400" sectionIndex="0" pointIndex="62" originalElevation="2.7" isOriginalElevationFromOSM="true"><ele>3.9</ele></trkpt>
<trkpt lat="35.169610" lon="128.976407" sectionIndex="0" pointIndex="63" originalElevation="3.9" isOriginalElevationFromOSM="true"><ele>3.5</ele></trkpt>
<trkpt lat="35.170350" lon="128.976450" sectionIndex="0" pointIndex="64" originalElevation="4.0" isOriginalElevationFromOSM="true"><ele>3.3</ele></trkpt>
<trkpt lat="35.172430" lon="128.976329" sectionIndex="0" pointIndex="65" originalElevation="0.4" isOriginalElevationFromOSM="true"><ele>3.1</ele></trkpt>
<trkpt lat="35.173520" lon="128.976280" sectionIndex="0" pointIndex="66" originalElevation="4.2" isOriginalElevationFromOSM="true"><ele>2.7</ele></trkpt>
<trkpt lat="35.175260" lon="128.976080" sectionIndex="0" pointIndex="67" originalElevation="2.6" isOriginalElevationFromOSM="true"><ele>2.8</ele></trkpt>
<trkpt lat="35.175720" lon="128.976010" sectionIndex="0" pointIndex="68" originalElevation="4.2" isOriginalElevationFromOSM="true"><ele>2.7</ele></trkpt>
<trkpt lat="35.176270" lon="128.975980" sectionIndex="0" pointIndex="69" originalElevation="4.7" isOriginalElevationFromOSM="true"><ele>2.6</ele></trkpt>
<trkpt lat="35.177540" lon="128.975850" sectionIndex="0" pointIndex="70" originalElevation="2.0" isOriginalElevationFromOSM="true"><ele>2.6</ele></trkpt>
<trkpt lat="35.179600" lon="128.975597" sectionIndex="0" pointIndex="71" originalElevation="3.9" isOriginalElevationFromOSM="true"><ele>2.5</ele></trkpt>
<trkpt lat="35.180030" lon="128.975580" sectionIndex="0" pointIndex="72" originalElevation="4.6" isOriginalElevationFromOSM="true"><ele>2.4</ele></trkpt>
<trkpt lat="35.181060" lon="128.975580" sectionIndex="0" pointIndex="73" originalElevation="-0.1" isOriginalElevationFromOSM="true"><ele>2.6</ele></trkpt>
<trkpt lat="35.181960" lon="128.975640" sectionIndex="0" pointIndex="74" originalElevation="0.2" isOriginalElevationFromOSM="true"><ele>2.5</ele></trkpt>
<trkpt lat="35.182330" lon="128.975687" sectionIndex="0" pointIndex="75" originalElevation="0.5" isOriginalElevationFromOSM="true"><ele>2.5</ele></trkpt>
<trkpt lat="35.183420" lon="128.975920" sectionIndex="0" pointIndex="76" originalElevation="1.5" isOriginalElevationFromOSM="true"><ele>2.5</ele></trkpt>
<trkpt lat="35.184550" lon="128.976270" sectionIndex="0" pointIndex="77" originalElevation="2.6" isOriginalElevationFromOSM="true"><ele>2.5</ele></trkpt>
<trkpt lat="35.184940" lon="128.976430" sectionIndex="0" pointIndex="78" originalElevation="2.3" isOriginalElevationFromOSM="true"><ele>2.7</ele></trkpt>
<trkpt lat="35.186120" lon="128.976980" sectionIndex="0" pointIndex="79" originalElevation="1.8" isOriginalElevationFromOSM="true"><ele>2.8</ele></trkpt>
<trkpt lat="35.187380" lon="128.977630" sectionIndex="0" pointIndex="80" originalElevation="3.6" isOriginalElevationFromOSM="true"><ele>2.7</ele></trkpt>
<trkpt lat="35.188060" lon="128.978130" sectionIndex="0" pointIndex="81" originalElevation="2.8" isOriginalElevationFromOSM="true"><ele>3.0</ele></trkpt>
<trkpt lat="35.188970" lon="128.978760" sectionIndex="0" pointIndex="82" originalElevation="3.6" isOriginalElevationFromOSM="true"><ele>3.2</ele></trkpt>
<trkpt lat="35.190700" lon="128.980257" sectionIndex="0" pointIndex="83" originalElevation="3.5" isOriginalElevationFromOSM="true"><ele>3.6</ele></trkpt>
<trkpt lat="35.192240" lon="128.981630" sectionIndex="0" pointIndex="84" originalElevation="5.0" isOriginalElevationFromOSM="true"><ele>3.8</ele></trkpt>
<trkpt lat="35.192710" lon="128.982010" sectionIndex="0" pointIndex="85" originalElevation="4.8" isOriginalElevationFromOSM="true"><ele>3.9</ele></trkpt>
<trkpt lat="35.192780" lon="128.982070" sectionIndex="0" pointIndex="86" originalElevation="4.6" isOriginalElevationFromOSM="true"><ele>3.9</ele></trkpt>
<trkpt lat="35.192950" lon="128.982260" sectionIndex="0" pointIndex="87" originalElevation="4.2" isOriginalElevationFromOSM="true"><ele>4.0</ele></trkpt>
<trkpt lat="35.193300" lon="128.982730" sectionIndex="0" pointIndex="88" originalElevation="3.7" isOriginalElevationFromOSM="true"><ele>3.9</ele></trkpt>
<trkpt lat="35.193500" lon="128.982970" sectionIndex="0" pointIndex="89" originalElevation="4.0" isOriginalElevationFromOSM="true"><ele>3.9</ele></trkpt>
<trkpt lat="35.193980" lon="128.983650" sectionIndex="0" pointIndex="90" originalElevation="5.8" isOriginalElevationFromOSM="true"><ele>3.9</ele></trkpt>
<trkpt lat="35.196090" lon="128.986340" sectionIndex="0" pointIndex="91" originalElevation="4.4" isOriginalElevationFromOSM="true"><ele>3.9</ele></trkpt>
<trkpt lat="35.197390" lon="128.987867" sectionIndex="0" pointIndex="92" originalElevation="3.9" isOriginalElevationFromOSM="true"><ele>3.7</ele></trkpt>
<trkpt lat="35.197870" lon="128.988419" sectionIndex="0" pointIndex="93" originalElevation="2.9" isOriginalElevationFromOSM="true"><ele>3.6</ele></trkpt>
<trkpt lat="35.199060" lon="128.989510" sectionIndex="0" pointIndex="94" originalElevation="3.3" isOriginalElevationFromOSM="true"><ele>3.6</ele></trkpt>
<trkpt lat="35.200250" lon="128.990569" sectionIndex="0" pointIndex="95" originalElevation="2.1" isOriginalElevationFromOSM="true"><ele>3.6</ele></trkpt>
<trkpt lat="35.201070" lon="128.991379" sectionIndex="0" pointIndex="96" originalElevation="2.5" isOriginalElevationFromOSM="true"><ele>3.7</ele></trkpt>
<trkpt lat="35.201870" lon="128.992040" sectionIndex="0" pointIndex="97" originalElevation="3.2" isOriginalElevationFromOSM="true"><ele>3.8</ele></trkpt>
<trkpt lat="35.202310" lon="128.992470" sectionIndex="0" pointIndex="98" originalElevation="3.5" isOriginalElevationFromOSM="true"><ele>3.8</ele></trkpt>
<trkpt lat="35.203300" lon="128.993237" sectionIndex="0" pointIndex="99" originalElevation="2.7" isOriginalElevationFromOSM="true"><ele>3.9</ele></trkpt>
<trkpt lat="35.203960" lon="128.993698" sectionIndex="0" pointIndex="100" originalElevation="3.2" isOriginalElevationFromOSM="true"><ele>4.0</ele></trkpt>
<trkpt lat="35.207290" lon="128.996980" sectionIndex="0" pointIndex="101" originalElevation="4.0" isOriginalElevationFromOSM="true"><ele>4.3</ele></trkpt>
<trkpt lat="35.207860" lon="128.997690" sectionIndex="0" pointIndex="102" originalElevation="4.7" isOriginalElevationFromOSM="true"><ele>4.5</ele></trkpt>
<trkpt lat="35.208930" lon="128.998770" sectionIndex="0" pointIndex="103" originalElevation="5.8" isOriginalElevationFromOSM="true"><ele>4.7</ele></trkpt>
<trkpt lat="35.209230" lon="128.999100" sectionIndex="0" pointIndex="104" originalElevation="5.5" isOriginalElevationFromOSM="true"><ele>4.9</ele></trkpt>
<trkpt lat="35.209400" lon="128.999300" sectionIndex="0" pointIndex="105" originalElevation="5.5" isOriginalElevationFromOSM="true"><ele>5.0</ele></trkpt>
<trkpt lat="35.209480" lon="128.999440" sectionIndex="0" pointIndex="106" originalElevation="5.6" isOriginalElevationFromOSM="true"><ele>5.1</ele></trkpt>
<trkpt lat="35.209780" lon="128.999957" sectionIndex="0" pointIndex="107" originalElevation="6.4" isOriginalElevationFromOSM="true"><ele>5.1</ele></trkpt>
<trkpt lat="35.209840" lon="128.999990" sectionIndex="0" pointIndex="108" originalElevation="6.3" isOriginalElevationFromOSM="true"><ele>5.0</ele></trkpt>
<trkpt lat="35.209950" lon="128.999950" sectionIndex="0" pointIndex="109" originalElevation="6.0" isOriginalElevationFromOSM="true"><ele>4.8</ele></trkpt>
<trkpt lat="35.210000" lon="128.999920" sectionIndex="0" pointIndex="110" originalElevation="5.7" isOriginalElevationFromOSM="true"><ele>4.5</ele></trkpt>
<trkpt lat="35.210060" lon="128.999920" sectionIndex="0" pointIndex="111" originalElevation="5.5" isOriginalElevationFromOSM="true"><ele>4.1</ele></trkpt>
<trkpt lat="35.210190" lon="129.000000" sectionIndex="0" pointIndex="112" originalElevation="5.3" isOriginalElevationFromOSM="true"><ele>3.7</ele></trkpt>
<trkpt lat="35.210630" lon="129.000408" sectionIndex="0" pointIndex="113" originalElevation="3.8" isOriginalElevationFromOSM="true"><ele>3.3</ele></trkpt>
<trkpt lat="35.210670" lon="129.000470" sectionIndex="0" pointIndex="114" originalElevation="3.7" isOriginalElevationFromOSM="true"><ele>3.0</ele></trkpt>
<trkpt lat="35.211480" lon="129.001240" sectionIndex="0" pointIndex="115" originalElevation="1.1" isOriginalElevationFromOSM="true"><ele>2.6</ele></trkpt>
<trkpt lat="35.211550" lon="129.001240" sectionIndex="0" pointIndex="116" originalElevation="0.9" isOriginalElevationFromOSM="true"><ele>2.3</ele></trkpt>
<trkpt lat="35.211630" lon="129.001190" sectionIndex="0" pointIndex="117" originalElevation="0.4" isOriginalElevationFromOSM="true"><ele>1.8</ele></trkpt>
<trkpt lat="35.211910" lon="129.000800" sectionIndex="0" pointIndex="118" originalElevation="-0.3" isOriginalElevationFromOSM="true"><ele>1.5</ele></trkpt>
<trkpt lat="35.211960" lon="129.000779" sectionIndex="0" pointIndex="119" originalElevation="-0.2" isOriginalElevationFromOSM="true"><ele>1.2</ele></trkpt>
<trkpt lat="35.212020" lon="129.000779" sectionIndex="0" pointIndex="120" originalElevation="0.0" isOriginalElevationFromOSM="true"><ele>0.8</ele></trkpt>
<trkpt lat="35.212120" lon="129.000850" sectionIndex="0" pointIndex="121" originalElevation="0.1" isOriginalElevationFromOSM="true"><ele>0.7</ele></trkpt>
<trkpt lat="35.212640" lon="129.001250" sectionIndex="0" pointIndex="122" originalElevation="1.2" isOriginalElevationFromOSM="true"><ele>0.5</ele></trkpt>
<trkpt lat="35.212940" lon="129.001440" sectionIndex="0" pointIndex="123" originalElevation="0.6" isOriginalElevationFromOSM="true"><ele>0.5</ele></trkpt>
<trkpt lat="35.213400" lon="129.001720" sectionIndex="0" pointIndex="124" originalElevation="-0.5" isOriginalElevationFromOSM="true"><ele>0.5</ele></trkpt>
<trkpt lat="35.213930" lon="129.002000" sectionIndex="0" pointIndex="125" originalElevation="0.8" isOriginalElevationFromOSM="true"><ele>0.4</ele></trkpt>
<trkpt lat="35.214330" lon="129.002180" sectionIndex="0" pointIndex="126" originalElevation="0.6" isOriginalElevationFromOSM="true"><ele>0.3</ele></trkpt>
<trkpt lat="35.214440" lon="129.002190" sectionIndex="0" pointIndex="127" originalElevation="0.7" isOriginalElevationFromOSM="true"><ele>0.1</ele></trkpt>
<trkpt lat="35.214620" lon="129.002160" sectionIndex="0" pointIndex="128" originalElevation="0.9" isOriginalElevationFromOSM="true"><ele>-0.2</ele></trkpt>
<trkpt lat="35.214680" lon="129.002160" sectionIndex="0" pointIndex="129" originalElevation="1.0" isOriginalElevationFromOSM="true"><ele>-0.6</ele></trkpt>
<trkpt lat="35.214750" lon="129.002209" sectionIndex="0" pointIndex="130" originalElevation="1.0" isOriginalElevationFromOSM="true"><ele>-0.4</ele></trkpt>
<trkpt lat="35.215050" lon="129.002460" sectionIndex="0" pointIndex="131" originalElevation="0.6" isOriginalElevationFromOSM="true"><ele>-0.1</ele></trkpt>
<trkpt lat="35.215220" lon="129.002540" sectionIndex="0" pointIndex="132" originalElevation="-0.8" isOriginalElevationFromOSM="true"><ele>0.3</ele></trkpt>
<trkpt lat="35.215330" lon="129.002558" sectionIndex="0" pointIndex="133" originalElevation="-1.7" isOriginalElevationFromOSM="true"><ele>0.5</ele></trkpt>
<trkpt lat="35.215480" lon="129.002558" sectionIndex="0" pointIndex="134" originalElevation="-2.9" isOriginalElevationFromOSM="true"><ele>0.8</ele></trkpt>
<trkpt lat="35.215700" lon="129.002490" sectionIndex="0" pointIndex="135" originalElevation="-4.9" isOriginalElevationFromOSM="true"><ele>1.0</ele></trkpt>
<trkpt lat="35.215750" lon="129.002430" sectionIndex="0" pointIndex="136" originalElevation="-4.7" isOriginalElevationFromOSM="true"><ele>1.1</ele></trkpt>
<trkpt lat="35.215930" lon="129.001680" sectionIndex="0" pointIndex="137" originalElevation="3.6" isOriginalElevationFromOSM="true"><ele>1.3</ele></trkpt>
<trkpt lat="35.216080" lon="129.000678" sectionIndex="0" pointIndex="138" originalElevation="5.3" isOriginalElevationFromOSM="true"><ele>1.4</ele></trkpt>
<trkpt lat="35.216190" lon="129.000280" sectionIndex="0" pointIndex="139" originalElevation="4.8" isOriginalElevationFromOSM="true"><ele>1.5</ele></trkpt>
<trkpt lat="35.216250" lon="129.000138" sectionIndex="0" pointIndex="140" originalElevation="4.6" isOriginalElevationFromOSM="true"><ele>1.8</ele></trkpt>
<trkpt lat="35.216280" lon="129.000120" sectionIndex="0" pointIndex="141" originalElevation="4.5" isOriginalElevationFromOSM="true"><ele>2.2</ele></trkpt>
<trkpt lat="35.216570" lon="129.000090" sectionIndex="0" pointIndex="142" originalElevation="3.4" isOriginalElevationFromOSM="true"><ele>2.7</ele></trkpt>
<trkpt lat="35.216990" lon="129.000138" sectionIndex="0" pointIndex="143" originalElevation="3.4" isOriginalElevationFromOSM="true"><ele>3.3</ele></trkpt>
<trkpt lat="35.217520" lon="129.000280" sectionIndex="0" pointIndex="144" originalElevation="3.3" isOriginalElevationFromOSM="true"><ele>3.8</ele></trkpt>
<trkpt lat="35.218210" lon="129.000588" sectionIndex="0" pointIndex="145" originalElevation="2.6" isOriginalElevationFromOSM="true"><ele>3.8</ele></trkpt>
<trkpt lat="35.218430" lon="129.000730" sectionIndex="0" pointIndex="146" originalElevation="2.5" isOriginalElevationFromOSM="true"><ele>3.6</ele></trkpt>
<trkpt lat="35.218800" lon="129.001000" sectionIndex="0" pointIndex="147" originalElevation="3.6" isOriginalElevationFromOSM="true"><ele>3.5</ele></trkpt>
<trkpt lat="35.219030" lon="129.001117" sectionIndex="0" pointIndex="148" originalElevation="4.2" isOriginalElevationFromOSM="true"><ele>3.5</ele></trkpt>
<trkpt lat="35.219700" lon="129.001380" sectionIndex="0" pointIndex="149" originalElevation="3.9" isOriginalElevationFromOSM="true"><ele>3.5</ele></trkpt>
<trkpt lat="35.219960" lon="129.001440" sectionIndex="0" pointIndex="150" originalElevation="3.8" isOriginalElevationFromOSM="true"><ele>3.5</ele></trkpt>
<trkpt lat="35.220500" lon="129.001488" sectionIndex="0" pointIndex="151" originalElevation="3.3" isOriginalElevationFromOSM="true"><ele>3.6</ele></trkpt>
<trkpt lat="35.220700" lon="129.001530" sectionIndex="0" pointIndex="152" originalElevation="3.1" isOriginalElevationFromOSM="true"><ele>3.6</ele></trkpt>
<trkpt lat="35.220860" lon="129.001630" sectionIndex="0" pointIndex="153" originalElevation="3.0" isOriginalElevationFromOSM="true"><ele>3.6</ele></trkpt>
<trkpt lat="35.221140" lon="129.001870" sectionIndex="0" pointIndex="154" originalElevation="3.4" isOriginalElevationFromOSM="true"><ele>3.8</ele></trkpt>
<trkpt lat="35.221310" lon="129.002108" sectionIndex="0" pointIndex="155" originalElevation="3.9" isOriginalElevationFromOSM="true"><ele>3.8</ele></trkpt>
<trkpt lat="35.221640" lon="129.002659" sectionIndex="0" pointIndex="156" originalElevation="4.8" isOriginalElevationFromOSM="true"><ele>3.8</ele></trkpt>
<trkpt lat="35.221850" lon="129.002910" sectionIndex="0" pointIndex="157" originalElevation="4.4" isOriginalElevationFromOSM="true"><ele>3.8</ele></trkpt>
<trkpt lat="35.222030" lon="129.003050" sectionIndex="0" pointIndex="158" originalElevation="4.0" isOriginalElevationFromOSM="true"><ele>3.8</ele></trkpt>
<trkpt lat="35.222350" lon="129.003230" sectionIndex="0" pointIndex="159" originalElevation="3.4" isOriginalElevationFromOSM="true"><ele>3.7</ele></trkpt>
<trkpt lat="35.222760" lon="129.003380" sectionIndex="0" pointIndex="160" originalElevation="3.6" isOriginalElevationFromOSM="true"><ele>3.8</ele></trkpt>
<trkpt lat="35.223310" lon="129.003530" sectionIndex="0" pointIndex="161" originalElevation="4.5" isOriginalElevationFromOSM="true"><ele>3.8</ele></trkpt>
<trkpt lat="35.224190" lon="129.003717" sectionIndex="0" pointIndex="162" originalElevation="4.0" isOriginalElevationFromOSM="true"><ele>3.8</ele></trkpt>
<trkpt lat="35.224310" lon="129.003717" sectionIndex="0" pointIndex="163" originalElevation="3.9" isOriginalElevationFromOSM="true"><ele>3.8</ele></trkpt>
<trkpt lat="35.224560" lon="129.003627" sectionIndex="0" pointIndex="164" originalElevation="3.7" isOriginalElevationFromOSM="true"><ele>3.7</ele></trkpt>
<trkpt lat="35.224750" lon="129.003590" sectionIndex="0" pointIndex="165" originalElevation="3.4" isOriginalElevationFromOSM="true"><ele>3.7</ele></trkpt>
<trkpt lat="35.225110" lon="129.003590" sectionIndex="0" pointIndex="166" originalElevation="3.1" isOriginalElevationFromOSM="true"><ele>3.7</ele></trkpt>
<trkpt lat="35.225290" lon="129.003627" sectionIndex="0" pointIndex="167" originalElevation="3.2" isOriginalElevationFromOSM="true"><ele>3.7</ele></trkpt>
<trkpt lat="35.225510" lon="129.003610" sectionIndex="0" pointIndex="168" originalElevation="3.4" isOriginalElevationFromOSM="true"><ele>3.8</ele></trkpt>
<trkpt lat="35.225640" lon="129.003570" sectionIndex="0" pointIndex="169" originalElevation="3.5" isOriginalElevationFromOSM="true"><ele>3.7</ele></trkpt>
<trkpt lat="35.225760" lon="129.003490" sectionIndex="0" pointIndex="170" originalElevation="3.7" isOriginalElevationFromOSM="true"><ele>3.7</ele></trkpt>
<trkpt lat="35.226140" lon="129.003098" sectionIndex="0" pointIndex="171" originalElevation="4.0" isOriginalElevationFromOSM="true"><ele>3.7</ele></trkpt>
<trkpt lat="35.226300" lon="129.003008" sectionIndex="0" pointIndex="172" originalElevation="4.0" isOriginalElevationFromOSM="true"><ele>3.7</ele></trkpt>
<trkpt lat="35.226500" lon="129.002950" sectionIndex="0" pointIndex="173" originalElevation="4.0" isOriginalElevationFromOSM="true"><ele>3.6</ele></trkpt>
<trkpt lat="35.226630" lon="129.002940" sectionIndex="0" pointIndex="174" originalElevation="4.0" isOriginalElevationFromOSM="true"><ele>3.6</ele></trkpt>
<trkpt lat="35.226920" lon="129.003030" sectionIndex="0" pointIndex="175" originalElevation="3.9" isOriginalElevationFromOSM="true"><ele>3.6</ele></trkpt>
<trkpt lat="35.227210" lon="129.003070" sectionIndex="0" pointIndex="176" originalElevation="3.8" isOriginalElevationFromOSM="true"><ele>3.5</ele></trkpt>
<trkpt lat="35.227790" lon="129.002940" sectionIndex="0" pointIndex="177" originalElevation="3.8" isOriginalElevationFromOSM="true"><ele>3.4</ele></trkpt>
<trkpt lat="35.227960" lon="129.002940" sectionIndex="0" pointIndex="178" originalElevation="3.7" isOriginalElevationFromOSM="true"><ele>3.4</ele></trkpt>
<trkpt lat="35.228240" lon="129.002980" sectionIndex="0" pointIndex="179" originalElevation="3.5" isOriginalElevationFromOSM="true"><ele>3.3</ele></trkpt>
<trkpt lat="35.228630" lon="129.003109" sectionIndex="0" pointIndex="180" originalElevation="3.2" isOriginalElevationFromOSM="true"><ele>3.2</ele></trkpt>
<trkpt lat="35.229170" lon="129.003240" sectionIndex="0" pointIndex="181" originalElevation="3.0" isOriginalElevationFromOSM="true"><ele>3.2</ele></trkpt>
<trkpt lat="35.229680" lon="129.003310" sectionIndex="0" pointIndex="182" originalElevation="2.4" isOriginalElevationFromOSM="true"><ele>3.1</ele></trkpt>
<trkpt lat="35.230120" lon="129.003330" sectionIndex="0" pointIndex="183" originalElevation="2.0" isOriginalElevationFromOSM="true"><ele>3.1</ele></trkpt>
<trkpt lat="35.230980" lon="129.003278" sectionIndex="0" pointIndex="184" originalElevation="2.2" isOriginalElevationFromOSM="true"><ele>3.2</ele></trkpt>
<trkpt lat="35.231520" lon="129.003160" sectionIndex="0" pointIndex="185" originalElevation="2.9" isOriginalElevationFromOSM="true"><ele>3.2</ele></trkpt>
<trkpt lat="35.231590" lon="129.003170" sectionIndex="0" pointIndex="186" originalElevation="2.9" isOriginalElevationFromOSM="true"><ele>3.2</ele></trkpt>
<trkpt lat="35.231680" lon="129.003220" sectionIndex="0" pointIndex="187" originalElevation="3.0" isOriginalElevationFromOSM="true"><ele>3.2</ele></trkpt>
<trkpt lat="35.231750" lon="129.003300" sectionIndex="0" pointIndex="188" originalElevation="3.2" isOriginalElevationFromOSM="true"><ele>3.3</ele></trkpt>
<trkpt lat="35.231890" lon="129.003620" sectionIndex="0" pointIndex="189" originalElevation="3.7" isOriginalElevationFromOSM="true"><ele>3.3</ele></trkpt>
<trkpt lat="35.232030" lon="129.003800" sectionIndex="0" pointIndex="190" originalElevation="3.9" isOriginalElevationFromOSM="true"><ele>3.3</ele></trkpt>
<trkpt lat="35.232200" lon="129.003930" sectionIndex="0" pointIndex="191" originalElevation="4.1" isOriginalElevationFromOSM="true"><ele>3.5</ele></trkpt>
<trkpt lat="35.232520" lon="129.004020" sectionIndex="0" pointIndex="192" originalElevation="4.1" isOriginalElevationFromOSM="true"><ele>3.6</ele></trkpt>
<trkpt lat="35.232630" lon="129.004030" sectionIndex="0" pointIndex="193" originalElevation="4.0" isOriginalElevationFromOSM="true"><ele>3.7</ele></trkpt>
<trkpt lat="35.232710" lon="129.003999" sectionIndex="0" pointIndex="194" originalElevation="3.9" isOriginalElevationFromOSM="true"><ele>3.8</ele></trkpt>
<trkpt lat="35.232940" lon="129.003840" sectionIndex="0" pointIndex="195" originalElevation="3.6" isOriginalElevationFromOSM="true"><ele>3.9</ele></trkpt>
<trkpt lat="35.233120" lon="129.003740" sectionIndex="0" pointIndex="196" originalElevation="3.4" isOriginalElevationFromOSM="true"><ele>4.0</ele></trkpt>
<trkpt lat="35.233330" lon="129.003650" sectionIndex="0" pointIndex="197" originalElevation="3.0" isOriginalElevationFromOSM="true"><ele>4.0</ele></trkpt>
<trkpt lat="35.233760" lon="129.003560" sectionIndex="0" pointIndex="198" originalElevation="3.9" isOriginalElevationFromOSM="true"><ele>4.0</ele></trkpt>
<trkpt lat="35.233990" lon="129.003537" sectionIndex="0" pointIndex="199" originalElevation="4.4" isOriginalElevationFromOSM="true"><ele>4.1</ele></trkpt>
<trkpt lat="35.234140" lon="129.003548" sectionIndex="0" pointIndex="200" originalElevation="4.7" isOriginalElevationFromOSM="true"><ele>4.1</ele></trkpt>
<trkpt lat="35.234500" lon="129.003610" sectionIndex="0" pointIndex="201" originalElevation="4.4" isOriginalElevationFromOSM="true"><ele>4.1</ele></trkpt>
<trkpt lat="35.234700" lon="129.003670" sectionIndex="0" pointIndex="202" originalElevation="4.2" isOriginalElevationFromOSM="true"><ele>4.2</ele></trkpt>
<trkpt lat="35.235060" lon="129.003819" sectionIndex="0" pointIndex="203" originalElevation="4.0" isOriginalElevationFromOSM="true"><ele>4.1</ele></trkpt>
<trkpt lat="35.235360" lon="129.003897" sectionIndex="0" pointIndex="204" originalElevation="4.2" isOriginalElevationFromOSM="true"><ele>4.0</ele></trkpt>
<trkpt lat="35.235910" lon="129.003988" sectionIndex="0" pointIndex="205" originalElevation="4.6" isOriginalElevationFromOSM="true"><ele>4.1</ele></trkpt>
<trkpt lat="35.236100" lon="129.004040" sectionIndex="0" pointIndex="206" originalElevation="4.8" isOriginalElevationFromOSM="true"><ele>4.0</ele></trkpt>
<trkpt lat="35.236560" lon="129.004310" sectionIndex="0" pointIndex="207" originalElevation="4.8" isOriginalElevationFromOSM="true"><ele>4.0</ele></trkpt>
<trkpt lat="35.237450" lon="129.004250" sectionIndex="0" pointIndex="208" originalElevation="4.0" isOriginalElevationFromOSM="true"><ele>3.8</ele></trkpt>
<trkpt lat="35.237890" lon="129.004310" sectionIndex="0" pointIndex="209" originalElevation="4.3" isOriginalElevationFromOSM="true"><ele>3.8</ele></trkpt>
<trkpt lat="35.241700" lon="129.005230" sectionIndex="0" pointIndex="210" originalElevation="2.5" isOriginalElevationFromOSM="true"><ele>3.7</ele></trkpt>
<trkpt lat="35.241790" lon="129.005360" sectionIndex="0" pointIndex="211" originalElevation="2.7" isOriginalElevationFromOSM="true"><ele>3.6</ele></trkpt>
<trkpt lat="35.242000" lon="129.005940" sectionIndex="0" pointIndex="212" originalElevation="3.5" isOriginalElevationFromOSM="true"><ele>3.6</ele></trkpt>
<trkpt lat="35.242050" lon="129.006040" sectionIndex="0" pointIndex="213" originalElevation="3.4" isOriginalElevationFromOSM="true"><ele>3.5</ele></trkpt>
<trkpt lat="35.242110" lon="129.006080" sectionIndex="0" pointIndex="214" originalElevation="3.3" isOriginalElevationFromOSM="true"><ele>3.4</ele></trkpt>
<trkpt lat="35.242520" lon="129.006210" sectionIndex="0" pointIndex="215" originalElevation="3.0" isOriginalElevationFromOSM="true"><ele>3.3</ele></trkpt>
<trkpt lat="35.242590" lon="129.006200" sectionIndex="0" pointIndex="216" originalElevation="3.1" isOriginalElevationFromOSM="true"><ele>3.3</ele></trkpt>
<trkpt lat="35.242640" lon="129.006170" sectionIndex="0" pointIndex="217" originalElevation="3.1" isOriginalElevationFromOSM="true"><ele>3.3</ele></trkpt>
<trkpt lat="35.242710" lon="129.006080" sectionIndex="0" pointIndex="218" originalElevation="3.2" isOriginalElevationFromOSM="true"><ele>3.3</ele></trkpt>
<trkpt lat="35.242830" lon="129.005850" sectionIndex="0" pointIndex="219" originalElevation="3.4" isOriginalElevationFromOSM="true"><ele>3.3</ele></trkpt>
<trkpt lat="35.242970" lon="129.005720" sectionIndex="0" pointIndex="220" originalElevation="3.3" isOriginalElevationFromOSM="true"><ele>3.3</ele></trkpt>
<trkpt lat="35.243130" lon="129.005687" sectionIndex="0" pointIndex="221" originalElevation="3.4" isOriginalElevationFromOSM="true"><ele>3.3</ele></trkpt>
<trkpt lat="35.243280" lon="129.005710" sectionIndex="0" pointIndex="222" originalElevation="3.6" isOriginalElevationFromOSM="true"><ele>3.4</ele></trkpt>
<trkpt lat="35.243440" lon="129.005777" sectionIndex="0" pointIndex="223" originalElevation="3.8" isOriginalElevationFromOSM="true"><ele>3.5</ele></trkpt>
<trkpt lat="35.243600" lon="129.005910" sectionIndex="0" pointIndex="224" originalElevation="3.6" isOriginalElevationFromOSM="true"><ele>3.6</ele></trkpt>
<trkpt lat="35.243850" lon="129.006180" sectionIndex="0" pointIndex="225" originalElevation="3.2" isOriginalElevationFromOSM="true"><ele>3.6</ele></trkpt>
<trkpt lat="35.243930" lon="129.006360" sectionIndex="0" pointIndex="226" originalElevation="3.1" isOriginalElevationFromOSM="true"><ele>3.5</ele></trkpt>
<trkpt lat="35.244060" lon="129.006440" sectionIndex="0" pointIndex="227" originalElevation="3.0" isOriginalElevationFromOSM="true"><ele>3.4</ele></trkpt>
<trkpt lat="35.245060" lon="129.006720" sectionIndex="0" pointIndex="228" originalElevation="4.0" isOriginalElevationFromOSM="true"><ele>3.3</ele></trkpt>
<trkpt lat="35.246100" lon="129.006990" sectionIndex="0" pointIndex="229" originalElevation="4.5" isOriginalElevationFromOSM="true"><ele>3.2</ele></trkpt>
<trkpt lat="35.246510" lon="129.006948" sectionIndex="0" pointIndex="230" originalElevation="4.6" isOriginalElevationFromOSM="true"><ele>3.3</ele></trkpt>
<trkpt lat="35.246620" lon="129.006959" sectionIndex="0" pointIndex="231" originalElevation="4.6" isOriginalElevationFromOSM="true"><ele>3.3</ele></trkpt>
<trkpt lat="35.249200" lon="129.007759" sectionIndex="0" pointIndex="232" originalElevation="3.2" isOriginalElevationFromOSM="true"><ele>3.5</ele></trkpt>
<trkpt lat="35.251270" lon="129.008360" sectionIndex="0" pointIndex="233" originalElevation="1.5" isOriginalElevationFromOSM="true"><ele>3.7</ele></trkpt>
<trkpt lat="35.251330" lon="129.008410" sectionIndex="0" pointIndex="234" originalElevation="1.6" isOriginalElevationFromOSM="true"><ele>3.9</ele></trkpt>
<trkpt lat="35.251370" lon="129.008600" sectionIndex="0" pointIndex="235" originalElevation="2.0" isOriginalElevationFromOSM="true"><ele>4.3</ele></trkpt>
<trkpt lat="35.251420" lon="129.008648" sectionIndex="0" pointIndex="236" originalElevation="2.1" isOriginalElevationFromOSM="true"><ele>4.5</ele></trkpt>
<trkpt lat="35.253150" lon="129.009267" sectionIndex="0" pointIndex="237" originalElevation="4.2" isOriginalElevationFromOSM="true"><ele>4.7</ele></trkpt>
<trkpt lat="35.253450" lon="129.009400" sectionIndex="0" pointIndex="238" originalElevation="5.0" isOriginalElevationFromOSM="true"><ele>4.9</ele></trkpt>
<trkpt lat="35.253880" lon="129.009750" sectionIndex="0" pointIndex="239" originalElevation="6.0" isOriginalElevationFromOSM="true"><ele>5.1</ele></trkpt>
<trkpt lat="35.253960" lon="129.009790" sectionIndex="0" pointIndex="240" originalElevation="6.1" isOriginalElevationFromOSM="true"><ele>5.3</ele></trkpt>
<trkpt lat="35.255160" lon="129.010250" sectionIndex="0" pointIndex="241" originalElevation="6.8" isOriginalElevationFromOSM="true"><ele>5.6</ele></trkpt>
<trkpt lat="35.255480" lon="129.010420" sectionIndex="0" pointIndex="242" originalElevation="7.7" isOriginalElevationFromOSM="true"><ele>5.9</ele></trkpt>
<trkpt lat="35.256220" lon="129.010760" sectionIndex="0" pointIndex="243" originalElevation="8.1" isOriginalElevationFromOSM="true"><ele>6.1</ele></trkpt>
<trkpt lat="35.257510" lon="129.011400" sectionIndex="0" pointIndex="244" originalElevation="7.5" isOriginalElevationFromOSM="true"><ele>6.3</ele></trkpt>
<trkpt lat="35.258820" lon="129.012080" sectionIndex="0" pointIndex="245" originalElevation="7.7" isOriginalElevationFromOSM="true"><ele>6.4</ele></trkpt>
<trkpt lat="35.260140" lon="129.012710" sectionIndex="0" pointIndex="246" originalElevation="7.1" isOriginalElevationFromOSM="true"><ele>6.4</ele></trkpt>
<trkpt lat="35.260360" lon="129.012790" sectionIndex="0" pointIndex="247" originalElevation="6.7" isOriginalElevationFromOSM="true"><ele>6.5</ele></trkpt>
<trkpt lat="35.260770" lon="129.012840" sectionIndex="0" pointIndex="248" originalElevation="5.8" isOriginalElevationFromOSM="true"><ele>6.5</ele></trkpt>
<trkpt lat="35.261030" lon="129.012890" sectionIndex="0" pointIndex="249" originalElevation="5.4" isOriginalElevationFromOSM="true"><ele>6.4</ele></trkpt>
<trkpt lat="35.261150" lon="129.012937" sectionIndex="0" pointIndex="250" originalElevation="5.4" isOriginalElevationFromOSM="true"><ele>6.2</ele></trkpt>
<trkpt lat="35.262040" lon="129.013387" sectionIndex="0" pointIndex="251" originalElevation="5.0" isOriginalElevationFromOSM="true"><ele>6.0</ele></trkpt>
<trkpt lat="35.262440" lon="129.013620" sectionIndex="0" pointIndex="252" originalElevation="5.2" isOriginalElevationFromOSM="true"><ele>5.8</ele></trkpt>
<trkpt lat="35.262890" lon="129.013810" sectionIndex="0" pointIndex="253" originalElevation="6.0" isOriginalElevationFromOSM="true"><ele>5.8</ele></trkpt>
<trkpt lat="35.263180" lon="129.013970" sectionIndex="0" pointIndex="254" originalElevation="6.8" isOriginalElevationFromOSM="true"><ele>5.9</ele></trkpt>
<trkpt lat="35.263340" lon="129.013990" sectionIndex="0" pointIndex="255" originalElevation="6.8" isOriginalElevationFromOSM="true"><ele>6.1</ele></trkpt>
<trkpt lat="35.263680" lon="129.013970" sectionIndex="0" pointIndex="256" originalElevation="5.2" isOriginalElevationFromOSM="true"><ele>6.3</ele></trkpt>
<trkpt lat="35.263820" lon="129.014010" sectionIndex="0" pointIndex="257" originalElevation="4.8" isOriginalElevationFromOSM="true"><ele>6.5</ele></trkpt>
<trkpt lat="35.263930" lon="129.014070" sectionIndex="0" pointIndex="258" originalElevation="4.7" isOriginalElevationFromOSM="true"><ele>6.8</ele></trkpt>
<trkpt lat="35.264060" lon="129.014190" sectionIndex="0" pointIndex="259" originalElevation="4.7" isOriginalElevationFromOSM="true"><ele>6.9</ele></trkpt>
<trkpt lat="35.264390" lon="129.014710" sectionIndex="0" pointIndex="260" originalElevation="7.8" isOriginalElevationFromOSM="true"><ele>7.1</ele></trkpt>
<trkpt lat="35.264650" lon="129.014940" sectionIndex="0" pointIndex="261" originalElevation="8.8" isOriginalElevationFromOSM="true"><ele>7.2</ele></trkpt>
<trkpt lat="35.264790" lon="129.015020" sectionIndex="0" pointIndex="262" originalElevation="8.9" isOriginalElevationFromOSM="true"><ele>7.3</ele></trkpt>
<trkpt lat="35.265200" lon="129.015200" sectionIndex="0" pointIndex="263" originalElevation="8.4" isOriginalElevationFromOSM="true"><ele>7.4</ele></trkpt>
<trkpt lat="35.265330" lon="129.015290" sectionIndex="0" pointIndex="264" originalElevation="8.5" isOriginalElevationFromOSM="true"><ele>7.7</ele></trkpt>
<trkpt lat="35.266890" lon="129.016179" sectionIndex="0" pointIndex="265" originalElevation="9.7" isOriginalElevationFromOSM="true"><ele>8.0</ele></trkpt>
<trkpt lat="35.269320" lon="129.017470" sectionIndex="0" pointIndex="266" originalElevation="7.4" isOriginalElevationFromOSM="true"><ele>8.1</ele></trkpt>
<trkpt lat="35.269730" lon="129.017630" sectionIndex="0" pointIndex="267" originalElevation="7.6" isOriginalElevationFromOSM="true"><ele>8.3</ele></trkpt>
<trkpt lat="35.270090" lon="129.017730" sectionIndex="0" pointIndex="268" originalElevation="7.7" isOriginalElevationFromOSM="true"><ele>8.2</ele></trkpt>
<trkpt lat="35.270580" lon="129.017789" sectionIndex="0" pointIndex="269" originalElevation="7.9" isOriginalElevationFromOSM="true"><ele>8.0</ele></trkpt>
<trkpt lat="35.272070" lon="129.017740" sectionIndex="0" pointIndex="270" originalElevation="9.3" isOriginalElevationFromOSM="true"><ele>7.8</ele></trkpt>
<trkpt lat="35.272360" lon="129.017688" sectionIndex="0" pointIndex="271" originalElevation="9.3" isOriginalElevationFromOSM="true"><ele>7.5</ele></trkpt>
<trkpt lat="35.272660" lon="129.017609" sectionIndex="0" pointIndex="272" originalElevation="8.8" isOriginalElevationFromOSM="true"><ele>7.5</ele></trkpt>
<trkpt lat="35.276510" lon="129.016340" sectionIndex="0" pointIndex="273" originalElevation="7.4" isOriginalElevationFromOSM="true"><ele>7.2</ele></trkpt>
<trkpt lat="35.277310" lon="129.016050" sectionIndex="0" pointIndex="274" originalElevation="6.8" isOriginalElevationFromOSM="true"><ele>7.1</ele></trkpt>
<trkpt lat="35.277820" lon="129.015850" sectionIndex="0" pointIndex="275" originalElevation="6.1" isOriginalElevationFromOSM="true"><ele>6.9</ele></trkpt>
<trkpt lat="35.279750" lon="129.015140" sectionIndex="0" pointIndex="276" originalElevation="6.1" isOriginalElevationFromOSM="true"><ele>6.7</ele></trkpt>
<trkpt lat="35.281390" lon="129.014490" sectionIndex="0" pointIndex="277" originalElevation="5.4" isOriginalElevationFromOSM="true"><ele>6.4</ele></trkpt>
<trkpt lat="35.282910" lon="129.013960" sectionIndex="0" pointIndex="278" originalElevation="5.3" isOriginalElevationFromOSM="true"><ele>5.8</ele></trkpt>
<trkpt lat="35.283990" lon="129.013540" sectionIndex="0" pointIndex="279" originalElevation="7.0" isOriginalElevationFromOSM="true"><ele>5.3</ele></trkpt>
<trkpt lat="35.284440" lon="129.013350" sectionIndex="0" pointIndex="280" originalElevation="6.5" isOriginalElevationFromOSM="true"><ele>4.8</ele></trkpt>
<trkpt lat="35.284910" lon="129.013080" sectionIndex="0" pointIndex="281" originalElevation="5.7" isOriginalElevationFromOSM="true"><ele>4.3</ele></trkpt>
<trkpt lat="35.285440" lon="129.012730" sectionIndex="0" pointIndex="282" originalElevation="4.7" isOriginalElevationFromOSM="true"><ele>3.9</ele></trkpt>
<trkpt lat="35.285970" lon="129.012350" sectionIndex="0" pointIndex="283" originalElevation="3.8" isOriginalElevationFromOSM="true"><ele>3.6</ele></trkpt>
<trkpt lat="35.286130" lon="129.012200" sectionIndex="0" pointIndex="284" originalElevation="3.5" isOriginalElevationFromOSM="true"><ele>3.3</ele></trkpt>
<trkpt lat="35.286240" lon="129.012059" sectionIndex="0" pointIndex="285" originalElevation="1.0" isOriginalElevationFromOSM="false"><ele>3.0</ele></trkpt>
<trkpt lat="35.286271" lon="129.012020" sectionIndex="0" pointIndex="286" originalElevation="1.0" isOriginalElevationFromOSM="false"><ele>2.7</ele></trkpt>
<trkpt lat="35.286301" lon="129.011980" sectionIndex="0" pointIndex="287" originalElevation="1.0" isOriginalElevationFromOSM="false"><ele>2.3</ele></trkpt>
<trkpt lat="35.286345" lon="129.011976" sectionIndex="0" pointIndex="288" originalElevation="1.0" isOriginalElevationFromOSM="false"><ele>1.9</ele></trkpt>
<trkpt lat="35.286375" lon="129.011973" sectionIndex="0" pointIndex="289" originalElevation="1.0" isOriginalElevationFromOSM="false"><ele>1.6</ele></trkpt>
<trkpt lat="35.286420" lon="129.011980" sectionIndex="0" pointIndex="290" originalElevation="1.0" isOriginalElevationFromOSM="false"><ele>1.4</ele></trkpt>
<trkpt lat="35.286464" lon="129.011989" sectionIndex="0" pointIndex="291" originalElevation="1.0" isOriginalElevationFromOSM="false"><ele>1.3</ele></trkpt>
<trkpt lat="35.286494" lon="129.011995" sectionIndex="0" pointIndex="292" originalElevation="1.0" isOriginalElevationFromOSM="false"><ele>1.2</ele></trkpt>
<trkpt lat="35.286535" lon="129.012014" sectionIndex="0" pointIndex="293" originalElevation="1.0" isOriginalElevationFromOSM="false"><ele>1.3</ele></trkpt>
<trkpt lat="35.286570" lon="129.012035" sectionIndex="0" pointIndex="294" originalElevation="1.0" isOriginalElevationFromOSM="false"><ele>1.3</ele></trkpt>
<trkpt lat="35.286611" lon="129.012059" sectionIndex="0" pointIndex="295" originalElevation="1.0" isOriginalElevationFromOSM="false"><ele>1.4</ele></trkpt>
<trkpt lat="35.286651" lon="129.012081" sectionIndex="0" pointIndex="296" originalElevation="1.0" isOriginalElevationFromOSM="false"><ele>1.5</ele></trkpt>
<trkpt lat="35.286691" lon="129.012104" sectionIndex="0" pointIndex="297" originalElevation="2.0" isOriginalElevationFromOSM="false"><ele>1.5</ele></trkpt>
<trkpt lat="35.286720" lon="129.012124" sectionIndex="0" pointIndex="298" originalElevation="2.0" isOriginalElevationFromOSM="false"><ele>1.6</ele></trkpt>
<trkpt lat="35.286756" lon="129.012156" sectionIndex="0" pointIndex="299" originalElevation="2.0" isOriginalElevationFromOSM="false"><ele>1.7</ele></trkpt>
<trkpt lat="35.286792" lon="129.012188" sectionIndex="0" pointIndex="300" originalElevation="2.0" isOriginalElevationFromOSM="false"><ele>1.7</ele></trkpt>
<trkpt lat="35.286800" lon="129.012194" sectionIndex="0" pointIndex="301" originalElevation="2.0" isOriginalElevationFromOSM="false"><ele>1.8</ele></trkpt>
<trkpt lat="35.286832" lon="129.012232" sectionIndex="0" pointIndex="302" originalElevation="2.0" isOriginalElevationFromOSM="false"><ele>1.9</ele></trkpt>
<trkpt lat="35.286850" lon="129.012254" sectionIndex="0" pointIndex="303" originalElevation="2.0" isOriginalElevationFromOSM="false"><ele>2.2</ele></trkpt>
<trkpt lat="35.286871" lon="129.012303" sectionIndex="0" pointIndex="304" originalElevation="2.0" isOriginalElevationFromOSM="false"><ele>2.5</ele></trkpt>
<trkpt lat="35.286891" lon="129.012352" sectionIndex="0" pointIndex="305" originalElevation="2.0" isOriginalElevationFromOSM="false"><ele>2.8</ele></trkpt>
<trkpt lat="35.286892" lon="129.012352" sectionIndex="0" pointIndex="306" originalElevation="2.0" isOriginalElevationFromOSM="false"><ele>3.1</ele></trkpt>
<trkpt lat="35.286904" lon="129.012406" sectionIndex="0" pointIndex="307" originalElevation="2.0" isOriginalElevationFromOSM="false"><ele>3.3</ele></trkpt>
<trkpt lat="35.286917" lon="129.012459" sectionIndex="0" pointIndex="308" originalElevation="2.0" isOriginalElevationFromOSM="false"><ele>3.6</ele></trkpt>
<trkpt lat="35.286921" lon="129.012475" sectionIndex="0" pointIndex="309" originalElevation="2.0" isOriginalElevationFromOSM="false"><ele>3.9</ele></trkpt>
<trkpt lat="35.286922" lon="129.012532" sectionIndex="0" pointIndex="310" originalElevation="6.0" isOriginalElevationFromOSM="false"><ele>4.1</ele></trkpt>
<trkpt lat="35.286923" lon="129.012588" sectionIndex="0" pointIndex="311" originalElevation="6.0" isOriginalElevationFromOSM="false"><ele>4.4</ele></trkpt>
<trkpt lat="35.286924" lon="129.012599" sectionIndex="0" pointIndex="312" originalElevation="6.0" isOriginalElevationFromOSM="false"><ele>4.7</ele></trkpt>
<trkpt lat="35.286910" lon="129.012651" sectionIndex="0" pointIndex="313" originalElevation="6.0" isOriginalElevationFromOSM="false"><ele>4.9</ele></trkpt>
<trkpt lat="35.286897" lon="129.012704" sectionIndex="0" pointIndex="314" originalElevation="6.0" isOriginalElevationFromOSM="false"><ele>5.2</ele></trkpt>
<trkpt lat="35.286890" lon="129.012734" sectionIndex="0" pointIndex="315" originalElevation="6.0" isOriginalElevationFromOSM="false"><ele>5.5</ele></trkpt>
<trkpt lat="35.286873" lon="129.012787" sectionIndex="0" pointIndex="316" originalElevation="6.0" isOriginalElevationFromOSM="false"><ele>5.7</ele></trkpt>
<trkpt lat="35.286857" lon="129.012836" sectionIndex="0" pointIndex="317" originalElevation="6.0" isOriginalElevationFromOSM="false"><ele>6.0</ele></trkpt>
<trkpt lat="35.286847" lon="129.012869" sectionIndex="0" pointIndex="318" originalElevation="6.0" isOriginalElevationFromOSM="false"><ele>6.0</ele></trkpt>
<trkpt lat="35.286834" lon="129.012922" sectionIndex="0" pointIndex="319" originalElevation="6.0" isOriginalElevationFromOSM="false"><ele>6.0</ele></trkpt>
<trkpt lat="35.286822" lon="129.012975" sectionIndex="0" pointIndex="320" originalElevation="6.0" isOriginalElevationFromOSM="false"><ele>5.8</ele></trkpt>
<trkpt lat="35.286818" lon="129.012992" sectionIndex="0" pointIndex="321" originalElevation="6.0" isOriginalElevationFromOSM="false"><ele>5.5</ele></trkpt>
<trkpt lat="35.286806" lon="129.013045" sectionIndex="0" pointIndex="322" originalElevation="6.0" isOriginalElevationFromOSM="false"><ele>5.2</ele></trkpt>
<trkpt lat="35.286796" lon="129.013087" sectionIndex="0" pointIndex="323" originalElevation="6.0" isOriginalElevationFromOSM="false"><ele>5.0</ele></trkpt>
<trkpt lat="35.286799" lon="129.013140" sectionIndex="0" pointIndex="324" originalElevation="6.0" isOriginalElevationFromOSM="false"><ele>4.9</ele></trkpt>
<trkpt lat="35.286790" lon="129.013190" sectionIndex="0" pointIndex="325" originalElevation="6.0" isOriginalElevationFromOSM="true"><ele>4.7</ele></trkpt>
<trkpt lat="35.286790" lon="129.013207" sectionIndex="0" pointIndex="326" originalElevation="5.9" isOriginalElevationFromOSM="true"><ele>4.6</ele></trkpt>
<trkpt lat="35.287200" lon="129.013207" sectionIndex="0" pointIndex="327" originalElevation="3.0" isOriginalElevationFromOSM="true"><ele>4.4</ele></trkpt>
<trkpt lat="35.287350" lon="129.013297" sectionIndex="0" pointIndex="328" originalElevation="2.0" isOriginalElevationFromOSM="true"><ele>4.3</ele></trkpt>
<trkpt lat="35.287600" lon="129.013477" sectionIndex="0" pointIndex="329" originalElevation="1.8" isOriginalElevationFromOSM="true"><ele>4.2</ele></trkpt>
<trkpt lat="35.287760" lon="129.013540" sectionIndex="0" pointIndex="330" originalElevation="2.5" isOriginalElevationFromOSM="true"><ele>4.1</ele></trkpt>
<trkpt lat="35.288200" lon="129.013590" sectionIndex="0" pointIndex="331" originalElevation="4.1" isOriginalElevationFromOSM="true"><ele>4.0</ele></trkpt>
<trkpt lat="35.288800" lon="129.013830" sectionIndex="0" pointIndex="332" originalElevation="3.8" isOriginalElevationFromOSM="true"><ele>3.9</ele></trkpt>
<trkpt lat="35.288910" lon="129.013920" sectionIndex="0" pointIndex="333" originalElevation="3.6" isOriginalElevationFromOSM="true"><ele>3.8</ele></trkpt>
<trkpt lat="35.288970" lon="129.014010" sectionIndex="0" pointIndex="334" originalElevation="3.7" isOriginalElevationFromOSM="true"><ele>3.6</ele></trkpt>
<trkpt lat="35.289040" lon="129.014240" sectionIndex="0" pointIndex="335" originalElevation="4.0" isOriginalElevationFromOSM="true"><ele>3.6</ele></trkpt>
<trkpt lat="35.289130" lon="129.014420" sectionIndex="0" pointIndex="336" originalElevation="4.2" isOriginalElevationFromOSM="true"><ele>3.7</ele></trkpt>
<trkpt lat="35.289290" lon="129.014670" sectionIndex="0" pointIndex="337" originalElevation="4.4" isOriginalElevationFromOSM="true"><ele>3.8</ele></trkpt>
<trkpt lat="35.289550" lon="129.014900" sectionIndex="0" pointIndex="338" originalElevation="4.8" isOriginalElevationFromOSM="true"><ele>3.8</ele></trkpt>
<trkpt lat="35.290030" lon="129.015110" sectionIndex="0" pointIndex="339" originalElevation="4.5" isOriginalElevationFromOSM="true"><ele>3.6</ele></trkpt>
<trkpt lat="35.290250" lon="129.015230" sectionIndex="0" pointIndex="340" originalElevation="4.4" isOriginalElevationFromOSM="true"><ele>3.5</ele></trkpt>
<trkpt lat="35.290480" lon="129.015490" sectionIndex="0" pointIndex="341" originalElevation="4.0" isOriginalElevationFromOSM="true"><ele>3.4</ele></trkpt>
<trkpt lat="35.290890" lon="129.016100" sectionIndex="0" pointIndex="342" originalElevation="2.8" isOriginalElevationFromOSM="true"><ele>3.3</ele></trkpt>
<trkpt lat="35.291150" lon="129.016400" sectionIndex="0" pointIndex="343" originalElevation="2.9" isOriginalElevationFromOSM="true"><ele>3.1</ele></trkpt>
<trkpt lat="35.291460" lon="129.016660" sectionIndex="0" pointIndex="344" originalElevation="2.7" isOriginalElevationFromOSM="true"><ele>2.9</ele></trkpt>
<trkpt lat="35.291850" lon="129.016877" sectionIndex="0" pointIndex="345" originalElevation="3.0" isOriginalElevationFromOSM="true"><ele>2.7</ele></trkpt>
<trkpt lat="35.292470" lon="129.017068" sectionIndex="0" pointIndex="346" originalElevation="2.1" isOriginalElevationFromOSM="true"><ele>2.5</ele></trkpt>
<trkpt lat="35.292710" lon="129.017230" sectionIndex="0" pointIndex="347" originalElevation="1.9" isOriginalElevationFromOSM="true"><ele>2.4</ele></trkpt>
<trkpt lat="35.292850" lon="129.017380" sectionIndex="0" pointIndex="348" originalElevation="1.7" isOriginalElevationFromOSM="true"><ele>2.3</ele></trkpt>
<trkpt lat="35.293030" lon="129.017500" sectionIndex="0" pointIndex="349" originalElevation="1.4" isOriginalElevationFromOSM="true"><ele>2.4</ele></trkpt>
<trkpt lat="35.293130" lon="129.017540" sectionIndex="0" pointIndex="350" originalElevation="1.3" isOriginalElevationFromOSM="true"><ele>2.5</ele></trkpt>
<trkpt lat="35.293200" lon="129.017680" sectionIndex="0" pointIndex="351" originalElevation="1.4" isOriginalElevationFromOSM="true"><ele>2.5</ele></trkpt>
<trkpt lat="35.293260" lon="129.017730" sectionIndex="0" pointIndex="352" originalElevation="1.4" isOriginalElevationFromOSM="true"><ele>2.5</ele></trkpt>
<trkpt lat="35.293450" lon="129.018010" sectionIndex="0" pointIndex="353" originalElevation="1.8" isOriginalElevationFromOSM="true"><ele>2.4</ele></trkpt>
<trkpt lat="35.293690" lon="129.018419" sectionIndex="0" pointIndex="354" originalElevation="2.5" isOriginalElevationFromOSM="true"><ele>2.3</ele></trkpt>
<trkpt lat="35.294100" lon="129.018820" sectionIndex="0" pointIndex="355" originalElevation="4.3" isOriginalElevationFromOSM="true"><ele>2.2</ele></trkpt>
<trkpt lat="35.294380" lon="129.019020" sectionIndex="0" pointIndex="356" originalElevation="4.6" isOriginalElevationFromOSM="true"><ele>2.2</ele></trkpt>
<trkpt lat="35.294640" lon="129.019140" sectionIndex="0" pointIndex="357" originalElevation="4.3" isOriginalElevationFromOSM="true"><ele>2.1</ele></trkpt>
<trkpt lat="35.295020" lon="129.019218" sectionIndex="0" pointIndex="358" originalElevation="3.2" isOriginalElevationFromOSM="true"><ele>2.3</ele></trkpt>
<trkpt lat="35.295980" lon="129.019230" sectionIndex="0" pointIndex="359" originalElevation="2.0" isOriginalElevationFromOSM="true"><ele>2.4</ele></trkpt>
<trkpt lat="35.296320" lon="129.019297" sectionIndex="0" pointIndex="360" originalElevation="1.6" isOriginalElevationFromOSM="true"><ele>2.5</ele></trkpt>
<trkpt lat="35.296580" lon="129.019380" sectionIndex="0" pointIndex="361" originalElevation="1.2" isOriginalElevationFromOSM="true"><ele>2.6</ele></trkpt>
<trkpt lat="35.297020" lon="129.019640" sectionIndex="0" pointIndex="362" originalElevation="0.8" isOriginalElevationFromOSM="true"><ele>2.6</ele></trkpt>
<trkpt lat="35.297280" lon="129.019849" sectionIndex="0" pointIndex="363" originalElevation="0.9" isOriginalElevationFromOSM="true"><ele>2.5</ele></trkpt>
<trkpt lat="35.297450" lon="129.020018" sectionIndex="0" pointIndex="364" originalElevation="1.1" isOriginalElevationFromOSM="true"><ele>2.3</ele></trkpt>
<trkpt lat="35.297970" lon="129.020410" sectionIndex="0" pointIndex="365" originalElevation="2.8" isOriginalElevationFromOSM="true"><ele>2.1</ele></trkpt>
<trkpt lat="35.298290" lon="129.020547" sectionIndex="0" pointIndex="366" originalElevation="3.3" isOriginalElevationFromOSM="true"><ele>2.0</ele></trkpt>
<trkpt lat="35.298590" lon="129.020600" sectionIndex="0" pointIndex="367" originalElevation="3.3" isOriginalElevationFromOSM="true"><ele>1.9</ele></trkpt>
<trkpt lat="35.298970" lon="129.020620" sectionIndex="0" pointIndex="368" originalElevation="3.1" isOriginalElevationFromOSM="true"><ele>1.9</ele></trkpt>
<trkpt lat="35.299350" lon="129.020558" sectionIndex="0" pointIndex="369" originalElevation="2.7" isOriginalElevationFromOSM="true"><ele>1.9</ele></trkpt>
<trkpt lat="35.299500" lon="129.020510" sectionIndex="0" pointIndex="370" originalElevation="2.4" isOriginalElevationFromOSM="true"><ele>1.9</ele></trkpt>
<trkpt lat="35.299700" lon="129.020280" sectionIndex="0" pointIndex="371" originalElevation="1.9" isOriginalElevationFromOSM="true"><ele>2.0</ele></trkpt>
<trkpt lat="35.299820" lon="129.020240" sectionIndex="0" pointIndex="372" originalElevation="1.6" isOriginalElevationFromOSM="true"><ele>2.0</ele></trkpt>
<trkpt lat="35.299950" lon="129.020240" sectionIndex="0" pointIndex="373" originalElevation="1.4" isOriginalElevationFromOSM="true"><ele>2.0</ele></trkpt>
<trkpt lat="35.300110" lon="129.020150" sectionIndex="0" pointIndex="374" originalElevation="1.2" isOriginalElevationFromOSM="true"><ele>1.9</ele></trkpt>
<trkpt lat="35.300340" lon="129.020100" sectionIndex="0" pointIndex="375" originalElevation="1.1" isOriginalElevationFromOSM="true"><ele>1.8</ele></trkpt>
<trkpt lat="35.300490" lon="129.020130" sectionIndex="0" pointIndex="376" originalElevation="1.1" isOriginalElevationFromOSM="true"><ele>1.8</ele></trkpt>
<trkpt lat="35.300750" lon="129.020250" sectionIndex="0" pointIndex="377" originalElevation="1.3" isOriginalElevationFromOSM="true"><ele>1.8</ele></trkpt>
<trkpt lat="35.301020" lon="129.020260" sectionIndex="0" pointIndex="378" originalElevation="1.5" isOriginalElevationFromOSM="true"><ele>1.9</ele></trkpt>
<trkpt lat="35.301300" lon="129.020209" sectionIndex="0" pointIndex="379" originalElevation="1.7" isOriginalElevationFromOSM="true"><ele>1.9</ele></trkpt>
<trkpt lat="35.301400" lon="129.020170" sectionIndex="0" pointIndex="380" originalElevation="1.8" isOriginalElevationFromOSM="true"><ele>2.1</ele></trkpt>
<trkpt lat="35.301630" lon="129.020060" sectionIndex="0" pointIndex="381" originalElevation="2.0" isOriginalElevationFromOSM="true"><ele>2.4</ele></trkpt>
<trkpt lat="35.301780" lon="129.019939" sectionIndex="0" pointIndex="382" originalElevation="2.3" isOriginalElevationFromOSM="true"><ele>2.6</ele></trkpt>
<trkpt lat="35.301940" lon="129.019620" sectionIndex="0" pointIndex="383" originalElevation="2.7" isOriginalElevationFromOSM="true"><ele>2.7</ele></trkpt>
<trkpt lat="35.302170" lon="129.019579" sectionIndex="0" pointIndex="384" originalElevation="3.2" isOriginalElevationFromOSM="true"><ele>2.9</ele></trkpt>
<trkpt lat="35.302360" lon="129.019520" sectionIndex="0" pointIndex="385" originalElevation="3.5" isOriginalElevationFromOSM="true"><ele>3.0</ele></trkpt>
<trkpt lat="35.302494" lon="129.019207" sectionIndex="0" pointIndex="386" originalElevation="2.0" isOriginalElevationFromOSM="false"><ele>3.1</ele></trkpt>
<trkpt lat="35.302610" lon="129.018937" sectionIndex="0" pointIndex="387" originalElevation="5.0" isOriginalElevationFromOSM="false"><ele>3.3</ele></trkpt>
<trkpt lat="35.302819" lon="129.018620" sectionIndex="0" pointIndex="388" originalElevation="5.0" isOriginalElevationFromOSM="false"><ele>3.4</ele></trkpt>
<trkpt lat="35.303053" lon="129.018390" sectionIndex="0" pointIndex="389" originalElevation="5.0" isOriginalElevationFromOSM="false"><ele>3.4</ele></trkpt>
<trkpt lat="35.303380" lon="129.018194" sectionIndex="0" pointIndex="390" originalElevation="3.0" isOriginalElevationFromOSM="false"><ele>3.2</ele></trkpt>
<trkpt lat="35.303687" lon="129.018103" sectionIndex="0" pointIndex="391" originalElevation="3.0" isOriginalElevationFromOSM="false"><ele>3.0</ele></trkpt>
<trkpt lat="35.304027" lon="129.018082" sectionIndex="0" pointIndex="392" originalElevation="3.0" isOriginalElevationFromOSM="false"><ele>3.2</ele></trkpt>
<trkpt lat="35.304404" lon="129.018167" sectionIndex="0" pointIndex="393" originalElevation="4.0" isOriginalElevationFromOSM="false"><ele>3.2</ele></trkpt>
<trkpt lat="35.304404" lon="129.018167" sectionIndex="0" pointIndex="394" originalElevation="4.0" isOriginalElevationFromOSM="false"><ele>3.3</ele></trkpt>
<trkpt lat="35.305732" lon="129.018527" sectionIndex="0" pointIndex="395" originalElevation="3.0" isOriginalElevationFromOSM="false"><ele>3.3</ele></trkpt>
<trkpt lat="35.305732" lon="129.018527" sectionIndex="0" pointIndex="396" originalElevation="3.0" isOriginalElevationFromOSM="false"><ele>3.2</ele></trkpt>
<trkpt lat="35.306653" lon="129.018810" sectionIndex="0" pointIndex="397" originalElevation="-1.0" isOriginalElevationFromOSM="false"><ele>3.2</ele></trkpt>
<trkpt lat="35.306653" lon="129.018810" sectionIndex="0" pointIndex="398" originalElevation="-1.0" isOriginalElevationFromOSM="false"><ele>3.4</ele></trkpt>
<trkpt lat="35.307599" lon="129.019099" sectionIndex="0" pointIndex="399" originalElevation="6.0" isOriginalElevationFromOSM="false"><ele>3.7</ele></trkpt>
<trkpt lat="35.308309" lon="129.019217" sectionIndex="0" pointIndex="400" originalElevation="4.0" isOriginalElevationFromOSM="false"><ele>3.9</ele></trkpt>
<trkpt lat="35.308309" lon="129.019217" sectionIndex="0" pointIndex="401" originalElevation="4.0" isOriginalElevationFromOSM="false"><ele>3.9</ele></trkpt>
<trkpt lat="35.309303" lon="129.019296" sectionIndex="0" pointIndex="402" originalElevation="4.0" isOriginalElevationFromOSM="false"><ele>4.3</ele></trkpt>
<trkpt lat="35.309303" lon="129.019296" sectionIndex="0" pointIndex="403" originalElevation="4.0" isOriginalElevationFromOSM="false"><ele>4.7</ele></trkpt>
<trkpt lat="35.310726" lon="129.019483" sectionIndex="0" pointIndex="404" originalElevation="5.0" isOriginalElevationFromOSM="false"><ele>5.0</ele></trkpt>
<trkpt lat="35.311383" lon="129.019644" sectionIndex="0" pointIndex="405" originalElevation="6.0" isOriginalElevationFromOSM="false"><ele>5.6</ele></trkpt>
<trkpt lat="35.311987" lon="129.019706" sectionIndex="0" pointIndex="406" originalElevation="7.0" isOriginalElevationFromOSM="false"><ele>6.1</ele></trkpt>
<trkpt lat="35.311987" lon="129.019706" sectionIndex="0" pointIndex="407" originalElevation="7.0" isOriginalElevationFromOSM="false"><ele>6.1</ele></trkpt>
<trkpt lat="35.312980" lon="129.019847" sectionIndex="0" pointIndex="408" originalElevation="4.0" isOriginalElevationFromOSM="false"><ele>6.2</ele></trkpt>
<trkpt lat="35.313974" lon="129.019988" sectionIndex="0" pointIndex="409" originalElevation="9.0" isOriginalElevationFromOSM="false"><ele>6.3</ele></trkpt>
<trkpt lat="35.313974" lon="129.019988" sectionIndex="0" pointIndex="410" originalElevation="9.0" isOriginalElevationFromOSM="false"><ele>6.3</ele></trkpt>
<trkpt lat="35.315255" lon="129.020115" sectionIndex="0" pointIndex="411" originalElevation="8.0" isOriginalElevationFromOSM="false"><ele>6.3</ele></trkpt>
<trkpt lat="35.315255" lon="129.020115" sectionIndex="0" pointIndex="412" originalElevation="8.0" isOriginalElevationFromOSM="false"><ele>6.3</ele></trkpt>
<trkpt lat="35.316315" lon="129.020277" sectionIndex="0" pointIndex="413" originalElevation="6.0" isOriginalElevationFromOSM="false"><ele>6.1</ele></trkpt>
<trkpt lat="35.316315" lon="129.020277" sectionIndex="0" pointIndex="414" originalElevation="6.0" isOriginalElevationFromOSM="false"><ele>5.9</ele></trkpt>
<trkpt lat="35.317288" lon="129.020370" sectionIndex="0" pointIndex="415" originalElevation="6.0" isOriginalElevationFromOSM="false"><ele>5.6</ele></trkpt>
<trkpt lat="35.317288" lon="129.020370" sectionIndex="0" pointIndex="416" originalElevation="6.0" isOriginalElevationFromOSM="false"><ele>5.5</ele></trkpt>
<trkpt lat="35.318792" lon="129.020569" sectionIndex="0" pointIndex="417" originalElevation="4.0" isOriginalElevationFromOSM="false"><ele>5.0</ele></trkpt>
<trkpt lat="35.318792" lon="129.020569" sectionIndex="0" pointIndex="418" originalElevation="4.0" isOriginalElevationFromOSM="false"><ele>4.5</ele></trkpt>
<trkpt lat="35.319865" lon="129.020742" sectionIndex="0" pointIndex="419" originalElevation="4.0" isOriginalElevationFromOSM="false"><ele>4.3</ele></trkpt>
<trkpt lat="35.319865" lon="129.020742" sectionIndex="0" pointIndex="420" originalElevation="4.0" isOriginalElevationFromOSM="false"><ele>4.1</ele></trkpt>
<trkpt lat="35.320983" lon="129.020868" sectionIndex="0" pointIndex="421" originalElevation="3.0" isOriginalElevationFromOSM="false"><ele>3.8</ele></trkpt>
<trkpt lat="35.321202" lon="129.020844" sectionIndex="0" pointIndex="422" originalElevation="3.0" isOriginalElevationFromOSM="false"><ele>3.5</ele></trkpt>
<trkpt lat="35.321727" lon="129.020935" sectionIndex="0" pointIndex="423" originalElevation="2.0" isOriginalElevationFromOSM="false"><ele>3.1</ele></trkpt>
<trkpt lat="35.322178" lon="129.021052" sectionIndex="0" pointIndex="424" originalElevation="2.0" isOriginalElevationFromOSM="false"><ele>3.0</ele></trkpt>
<trkpt lat="35.322306" lon="129.021062" sectionIndex="0" pointIndex="425" originalElevation="2.0" isOriginalElevationFromOSM="false"><ele>3.0</ele></trkpt>
<trkpt lat="35.323210" lon="129.021132" sectionIndex="0" pointIndex="426" originalElevation="5.0" isOriginalElevationFromOSM="false"><ele>3.1</ele></trkpt>
<trkpt lat="35.323871" lon="129.021231" sectionIndex="0" pointIndex="427" originalElevation="5.0" isOriginalElevationFromOSM="false"><ele>3.3</ele></trkpt>
<trkpt lat="35.324316" lon="129.021244" sectionIndex="0" pointIndex="428" originalElevation="1.0" isOriginalElevationFromOSM="false"><ele>3.5</ele></trkpt>
<trkpt lat="35.324630" lon="129.021321" sectionIndex="0" pointIndex="429" originalElevation="1.0" isOriginalElevationFromOSM="false"><ele>3.7</ele></trkpt>
<trkpt lat="35.325079" lon="129.021464" sectionIndex="0" pointIndex="430" originalElevation="1.0" isOriginalElevationFromOSM="false"><ele>4.0</ele></trkpt>
<trkpt lat="35.325601" lon="129.021791" sectionIndex="0" pointIndex="431" originalElevation="4.0" isOriginalElevationFromOSM="false"><ele>4.2</ele></trkpt>
<trkpt lat="35.325971" lon="129.022168" sectionIndex="0" pointIndex="432" originalElevation="4.0" isOriginalElevationFromOSM="false"><ele>4.5</ele></trkpt>
<trkpt lat="35.326190" lon="129.022510" sectionIndex="0" pointIndex="433" originalElevation="5.7" isOriginalElevationFromOSM="true"><ele>4.7</ele></trkpt>
<trkpt lat="35.326220" lon="129.022560" sectionIndex="0" pointIndex="434" originalElevation="6.4" isOriginalElevationFromOSM="true"><ele>4.7</ele></trkpt>
<trkpt lat="35.326390" lon="129.022449" sectionIndex="0" pointIndex="435" originalElevation="6.9" isOriginalElevationFromOSM="true"><ele>4.8</ele></trkpt>
<trkpt lat="35.326390" lon="129.022439" sectionIndex="0" pointIndex="436" originalElevation="6.9" isOriginalElevationFromOSM="true"><ele>5.0</ele></trkpt>
<trkpt lat="35.326350" lon="129.022449" sectionIndex="0" pointIndex="437" originalElevation="6.8" isOriginalElevationFromOSM="true"><ele>5.4</ele></trkpt>
<trkpt lat="35.326230" lon="129.022089" sectionIndex="0" pointIndex="438" originalElevation="5.7" isOriginalElevationFromOSM="true"><ele>5.6</ele></trkpt>
<trkpt lat="35.326250" lon="129.022070" sectionIndex="0" pointIndex="439" originalElevation="5.8" isOriginalElevationFromOSM="true"><ele>5.7</ele></trkpt>
<trkpt lat="35.326220" lon="129.021970" sectionIndex="0" pointIndex="440" originalElevation="5.5" isOriginalElevationFromOSM="true"><ele>5.8</ele></trkpt>
<trkpt lat="35.326220" lon="129.021880" sectionIndex="0" pointIndex="441" originalElevation="5.3" isOriginalElevationFromOSM="true"><ele>5.8</ele></trkpt>
<trkpt lat="35.326300" lon="129.021750" sectionIndex="0" pointIndex="442" originalElevation="5.3" isOriginalElevationFromOSM="true"><ele>5.7</ele></trkpt>
<trkpt lat="35.326440" lon="129.021660" sectionIndex="0" pointIndex="443" originalElevation="5.5" isOriginalElevationFromOSM="true"><ele>5.5</ele></trkpt>
<trkpt lat="35.326630" lon="129.021600" sectionIndex="0" pointIndex="444" originalElevation="5.7" isOriginalElevationFromOSM="true"><ele>5.3</ele></trkpt>
<trkpt lat="35.326736" lon="129.021594" sectionIndex="0" pointIndex="445" originalElevation="4.0" isOriginalElevationFromOSM="false"><ele>5.1</ele></trkpt>
<trkpt lat="35.326920" lon="129.021580" sectionIndex="0" pointIndex="446" originalElevation="5.8" isOriginalElevationFromOSM="true"><ele>5.0</ele></trkpt>
<trkpt lat="35.327520" lon="129.021639" sectionIndex="0" pointIndex="447" originalElevation="5.8" isOriginalElevationFromOSM="true"><ele>4.9</ele></trkpt>
<trkpt lat="35.327660" lon="129.021780" sectionIndex="0" pointIndex="448" originalElevation="6.0" isOriginalElevationFromOSM="true"><ele>4.9</ele></trkpt>
<trkpt lat="35.327770" lon="129.021790" sectionIndex="0" pointIndex="449" originalElevation="4.8" isOriginalElevationFromOSM="true"><ele>4.9</ele></trkpt>
<trkpt lat="35.328420" lon="129.021690" sectionIndex="0" pointIndex="450" originalElevation="3.9" isOriginalElevationFromOSM="true"><ele>4.8</ele></trkpt>
<trkpt lat="35.328600" lon="129.021718" sectionIndex="0" pointIndex="451" originalElevation="3.6" isOriginalElevationFromOSM="true"><ele>4.8</ele></trkpt>
<trkpt lat="35.328600" lon="129.021770" sectionIndex="0" pointIndex="452" originalElevation="3.9" isOriginalElevationFromOSM="true"><ele>4.8</ele></trkpt>
<trkpt lat="35.328640" lon="129.021850" sectionIndex="0" pointIndex="453" originalElevation="4.2" isOriginalElevationFromOSM="true"><ele>4.8</ele></trkpt>
<trkpt lat="35.328690" lon="129.021950" sectionIndex="0" pointIndex="454" originalElevation="4.7" isOriginalElevationFromOSM="true"><ele>4.7</ele></trkpt>
<trkpt lat="35.328740" lon="129.021988" sectionIndex="0" pointIndex="455" originalElevation="5.0" isOriginalElevationFromOSM="true"><ele>4.5</ele></trkpt>
<trkpt lat="35.328990" lon="129.022070" sectionIndex="0" pointIndex="456" originalElevation="5.7" isOriginalElevationFromOSM="true"><ele>4.4</ele></trkpt>
<trkpt lat="35.330110" lon="129.022210" sectionIndex="0" pointIndex="457" originalElevation="4.0" isOriginalElevationFromOSM="true"><ele>4.5</ele></trkpt>
<trkpt lat="35.330250" lon="129.022200" sectionIndex="0" pointIndex="458" originalElevation="4.5" isOriginalElevationFromOSM="true"><ele>4.6</ele></trkpt>
<trkpt lat="35.333340" lon="129.022607" sectionIndex="0" pointIndex="459" originalElevation="5.5" isOriginalElevationFromOSM="true"><ele>4.8</ele></trkpt>
<trkpt lat="35.334010" lon="129.022719" sectionIndex="0" pointIndex="460" originalElevation="5.0" isOriginalElevationFromOSM="true"><ele>4.8</ele></trkpt>
<trkpt lat="35.334610" lon="129.022860" sectionIndex="0" pointIndex="461" originalElevation="3.5" isOriginalElevationFromOSM="true"><ele>4.8</ele></trkpt>
<trkpt lat="35.334880" lon="129.022930" sectionIndex="0" pointIndex="462" originalElevation="3.1" isOriginalElevationFromOSM="true"><ele>5.0</ele></trkpt>
<trkpt lat="35.335400" lon="129.023170" sectionIndex="0" pointIndex="463" originalElevation="5.0" isOriginalElevationFromOSM="true"><ele>5.2</ele></trkpt>
<trkpt lat="35.335650" lon="129.023190" sectionIndex="0" pointIndex="464" originalElevation="5.4" isOriginalElevationFromOSM="true"><ele>5.3</ele></trkpt>
<trkpt lat="35.335960" lon="129.023350" sectionIndex="0" pointIndex="465" originalElevation="5.9" isOriginalElevationFromOSM="true"><ele>5.7</ele></trkpt>
<trkpt lat="35.337000" lon="129.024080" sectionIndex="0" pointIndex="466" originalElevation="6.3" isOriginalElevationFromOSM="true"><ele>6.0</ele></trkpt>
<trkpt lat="35.338080" lon="129.024900" sectionIndex="0" pointIndex="467" originalElevation="4.4" isOriginalElevationFromOSM="true"><ele>6.3</ele></trkpt>
<trkpt lat="35.338180" lon="129.025050" sectionIndex="0" pointIndex="468" originalElevation="4.6" isOriginalElevationFromOSM="true"><ele>6.5</ele></trkpt>
<trkpt lat="35.340130" lon="129.026468" sectionIndex="0" pointIndex="469" originalElevation="7.5" isOriginalElevationFromOSM="true"><ele>6.9</ele></trkpt>
<trkpt lat="35.340250" lon="129.026490" sectionIndex="0" pointIndex="470" originalElevation="7.6" isOriginalElevationFromOSM="true"><ele>7.3</ele></trkpt>
<trkpt lat="35.340580" lon="129.026760" sectionIndex="0" pointIndex="471" originalElevation="7.8" isOriginalElevationFromOSM="true"><ele>7.5</ele></trkpt>
<trkpt lat="35.341290" lon="129.027410" sectionIndex="0" pointIndex="472" originalElevation="8.8" isOriginalElevationFromOSM="true"><ele>7.8</ele></trkpt>
<trkpt lat="35.343290" lon="129.029237" sectionIndex="0" pointIndex="473" originalElevation="9.9" isOriginalElevationFromOSM="true"><ele>8.0</ele></trkpt>
<trkpt lat="35.344020" lon="129.029868" sectionIndex="0" pointIndex="474" originalElevation="9.0" isOriginalElevationFromOSM="true"><ele>8.2</ele></trkpt>
<trkpt lat="35.344230" lon="129.030010" sectionIndex="0" pointIndex="475" originalElevation="8.9" isOriginalElevationFromOSM="true"><ele>8.5</ele></trkpt>
<trkpt lat="35.344540" lon="129.030280" sectionIndex="0" pointIndex="476" originalElevation="9.0" isOriginalElevationFromOSM="false"><ele>8.8</ele></trkpt>
<trkpt lat="35.344577" lon="129.030311" sectionIndex="0" pointIndex="477" originalElevation="9.0" isOriginalElevationFromOSM="false"><ele>8.9</ele></trkpt>
<trkpt lat="35.344611" lon="129.030340" sectionIndex="0" pointIndex="478" originalElevation="9.0" isOriginalElevationFromOSM="false"><ele>9.0</ele></trkpt>
<trkpt lat="35.344568" lon="129.030323" sectionIndex="0" pointIndex="479" originalElevation="9.0" isOriginalElevationFromOSM="false"><ele>9.0</ele></trkpt>
<trkpt lat="35.344526" lon="129.030307" sectionIndex="0" pointIndex="480" originalElevation="9.0" isOriginalElevationFromOSM="false"><ele>9.1</ele></trkpt>
<trkpt lat="35.344483" lon="129.030290" sectionIndex="0" pointIndex="481" originalElevation="9.0" isOriginalElevationFromOSM="false"><ele>9.0</ele></trkpt>
<trkpt lat="35.344440" lon="129.030273" sectionIndex="0" pointIndex="482" originalElevation="9.0" isOriginalElevationFromOSM="false"><ele>9.1</ele></trkpt>
<trkpt lat="35.344397" lon="129.030257" sectionIndex="0" pointIndex="483" originalElevation="9.0" isOriginalElevationFromOSM="false"><ele>9.1</ele></trkpt>
<trkpt lat="35.344354" lon="129.030239" sectionIndex="0" pointIndex="484" originalElevation="9.0" isOriginalElevationFromOSM="false"><ele>9.2</ele></trkpt>
<trkpt lat="35.344311" lon="129.030224" sectionIndex="0" pointIndex="485" originalElevation="9.0" isOriginalElevationFromOSM="false"><ele>9.3</ele></trkpt>
<trkpt lat="35.344269" lon="129.030206" sectionIndex="0" pointIndex="486" originalElevation="9.0" isOriginalElevationFromOSM="false"><ele>9.3</ele></trkpt>
<trkpt lat="35.344226" lon="129.030191" sectionIndex="0" pointIndex="487" originalElevation="9.0" isOriginalElevationFromOSM="false"><ele>9.4</ele></trkpt>
<trkpt lat="35.344183" lon="129.030172" sectionIndex="0" pointIndex="488" originalElevation="9.0" isOriginalElevationFromOSM="false"><ele>9.5</ele></trkpt>
<trkpt lat="35.344140" lon="129.030158" sectionIndex="0" pointIndex="489" originalElevation="10.0" isOriginalElevationFromOSM="false"><ele>9.5</ele></trkpt>
<trkpt lat="35.344101" lon="129.030143" sectionIndex="0" pointIndex="490" originalElevation="10.0" isOriginalElevationFromOSM="false"><ele>9.6</ele></trkpt>
<trkpt lat="35.344056" lon="129.030146" sectionIndex="0" pointIndex="491" originalElevation="10.0" isOriginalElevationFromOSM="false"><ele>9.7</ele></trkpt>
<trkpt lat="35.344011" lon="129.030148" sectionIndex="0" pointIndex="492" originalElevation="10.0" isOriginalElevationFromOSM="false"><ele>9.7</ele></trkpt>
<trkpt lat="35.343977" lon="129.030149" sectionIndex="0" pointIndex="493" originalElevation="10.0" isOriginalElevationFromOSM="false"><ele>9.8</ele></trkpt>
<trkpt lat="35.343932" lon="129.030149" sectionIndex="0" pointIndex="494" originalElevation="10.0" isOriginalElevationFromOSM="false"><ele>9.9</ele></trkpt>
<trkpt lat="35.343887" lon="129.030149" sectionIndex="0" pointIndex="495" originalElevation="10.0" isOriginalElevationFromOSM="false"><ele>9.9</ele></trkpt>
<trkpt lat="35.343869" lon="129.030149" sectionIndex="0" pointIndex="496" originalElevation="10.0" isOriginalElevationFromOSM="false"><ele>10.0</ele></trkpt>
<trkpt lat="35.343884" lon="129.030099" sectionIndex="0" pointIndex="497" originalElevation="10.0" isOriginalElevationFromOSM="false"><ele>10.0</ele></trkpt>
<trkpt lat="35.343899" lon="129.030047" sectionIndex="0" pointIndex="498" originalElevation="10.0" isOriginalElevationFromOSM="false"><ele>10.0</ele></trkpt>
<trkpt lat="35.343913" lon="129.029995" sectionIndex="0" pointIndex="499" originalElevation="10.0" isOriginalElevationFromOSM="false"><ele>10.0</ele></trkpt>
<trkpt lat="35.343928" lon="129.029943" sectionIndex="0" pointIndex="500" originalElevation="10.0" isOriginalElevationFromOSM="false"><ele>10.0</ele></trkpt>
<trkpt lat="35.343943" lon="129.029890" sectionIndex="0" pointIndex="501" originalElevation="10.0" isOriginalElevationFromOSM="false"><ele>10.0</ele></trkpt>
<trkpt lat="35.343958" lon="129.029839" sectionIndex="0" pointIndex="502" originalElevation="10.0" isOriginalElevationFromOSM="false"><ele>10.0</ele></trkpt>
<trkpt lat="35.343973" lon="129.029787" sectionIndex="0" pointIndex="503" originalElevation="10.0" isOriginalElevationFromOSM="false"><ele>10.0</ele></trkpt>
<trkpt lat="35.343988" lon="129.029733" sectionIndex="0" pointIndex="504" originalElevation="10.0" isOriginalElevationFromOSM="false"><ele>10.0</ele></trkpt>
<trkpt lat="35.344003" lon="129.029683" sectionIndex="0" pointIndex="505" originalElevation="10.0" isOriginalElevationFromOSM="false"><ele>10.0</ele></trkpt>
<trkpt lat="35.344018" lon="129.029631" sectionIndex="0" pointIndex="506" originalElevation="10.0" isOriginalElevationFromOSM="false"><ele>10.0</ele></trkpt>
<trkpt lat="35.344033" lon="129.029579" sectionIndex="0" pointIndex="507" originalElevation="10.0" isOriginalElevationFromOSM="false"><ele>10.0</ele></trkpt>
<trkpt lat="35.344048" lon="129.029527" sectionIndex="0" pointIndex="508" originalElevation="10.0" isOriginalElevationFromOSM="false"><ele>9.5</ele></trkpt>
<trkpt lat="35.344062" lon="129.029474" sectionIndex="0" pointIndex="509" originalElevation="10.0" isOriginalElevationFromOSM="false"><ele>9.3</ele></trkpt>
<trkpt lat="35.344077" lon="129.029423" sectionIndex="0" pointIndex="510" originalElevation="10.0" isOriginalElevationFromOSM="false"><ele>9.1</ele></trkpt>
<trkpt lat="35.344092" lon="129.029371" sectionIndex="0" pointIndex="511" originalElevation="10.0" isOriginalElevationFromOSM="false"><ele>8.9</ele></trkpt>
<trkpt lat="35.344107" lon="129.029316" sectionIndex="0" pointIndex="512" originalElevation="10.0" isOriginalElevationFromOSM="false"><ele>8.7</ele></trkpt>
<trkpt lat="35.344122" lon="129.029268" sectionIndex="0" pointIndex="513" originalElevation="10.0" isOriginalElevationFromOSM="false"><ele>8.5</ele></trkpt>
<trkpt lat="35.344137" lon="129.029215" sectionIndex="0" pointIndex="514" originalElevation="10.0" isOriginalElevationFromOSM="false"><ele>8.3</ele></trkpt>
<trkpt lat="35.344152" lon="129.029164" sectionIndex="0" pointIndex="515" originalElevation="3.0" isOriginalElevationFromOSM="false"><ele>8.1</ele></trkpt>
<trkpt lat="35.344167" lon="129.029112" sectionIndex="0" pointIndex="516" originalElevation="7.0" isOriginalElevationFromOSM="false"><ele>7.9</ele></trkpt>
<trkpt lat="35.344182" lon="129.029057" sectionIndex="0" pointIndex="517" originalElevation="7.0" isOriginalElevationFromOSM="false"><ele>7.7</ele></trkpt>
<trkpt lat="35.344197" lon="129.029008" sectionIndex="0" pointIndex="518" originalElevation="7.0" isOriginalElevationFromOSM="false"><ele>7.5</ele></trkpt>
<trkpt lat="35.344212" lon="129.028956" sectionIndex="0" pointIndex="519" originalElevation="7.0" isOriginalElevationFromOSM="false"><ele>7.3</ele></trkpt>
<trkpt lat="35.344226" lon="129.028904" sectionIndex="0" pointIndex="520" originalElevation="7.0" isOriginalElevationFromOSM="false"><ele>7.1</ele></trkpt>
<trkpt lat="35.344241" lon="129.028852" sectionIndex="0" pointIndex="521" originalElevation="7.0" isOriginalElevationFromOSM="false"><ele>6.9</ele></trkpt>
<trkpt lat="35.344256" lon="129.028798" sectionIndex="0" pointIndex="522" originalElevation="7.0" isOriginalElevationFromOSM="false"><ele>6.7</ele></trkpt>
<trkpt lat="35.344271" lon="129.028748" sectionIndex="0" pointIndex="523" originalElevation="7.0" isOriginalElevationFromOSM="false"><ele>7.0</ele></trkpt>
<trkpt lat="35.344286" lon="129.028696" sectionIndex="0" pointIndex="524" originalElevation="7.0" isOriginalElevationFromOSM="false"><ele>7.3</ele></trkpt>
<trkpt lat="35.344301" lon="129.028644" sectionIndex="0" pointIndex="525" originalElevation="7.0" isOriginalElevationFromOSM="false"><ele>7.5</ele></trkpt>
<trkpt lat="35.344316" lon="129.028592" sectionIndex="0" pointIndex="526" originalElevation="7.0" isOriginalElevationFromOSM="false"><ele>7.8</ele></trkpt>
<trkpt lat="35.344331" lon="129.028539" sectionIndex="0" pointIndex="527" originalElevation="7.0" isOriginalElevationFromOSM="false"><ele>8.1</ele></trkpt>
<trkpt lat="35.344346" lon="129.028488" sectionIndex="0" pointIndex="528" originalElevation="7.0" isOriginalElevationFromOSM="false"><ele>8.3</ele></trkpt>
<trkpt lat="35.344361" lon="129.028436" sectionIndex="0" pointIndex="529" originalElevation="7.0" isOriginalElevationFromOSM="false"><ele>8.6</ele></trkpt>
<trkpt lat="35.344375" lon="129.028382" sectionIndex="0" pointIndex="530" originalElevation="7.0" isOriginalElevationFromOSM="false"><ele>8.9</ele></trkpt>
<trkpt lat="35.344390" lon="129.028333" sectionIndex="0" pointIndex="531" originalElevation="11.0" isOriginalElevationFromOSM="false"><ele>9.1</ele></trkpt>
<trkpt lat="35.344405" lon="129.028281" sectionIndex="0" pointIndex="532" originalElevation="11.0" isOriginalElevationFromOSM="false"><ele>9.4</ele></trkpt>
<trkpt lat="35.344420" lon="129.028229" sectionIndex="0" pointIndex="533" originalElevation="11.0" isOriginalElevationFromOSM="false"><ele>9.6</ele></trkpt>
<trkpt lat="35.344435" lon="129.028177" sectionIndex="0" pointIndex="534" originalElevation="11.0" isOriginalElevationFromOSM="false"><ele>9.8</ele></trkpt>
<trkpt lat="35.344450" lon="129.028123" sectionIndex="0" pointIndex="535" originalElevation="11.0" isOriginalElevationFromOSM="false"><ele>10.1</ele></trkpt>
<trkpt lat="35.344465" lon="129.028073" sectionIndex="0" pointIndex="536" originalElevation="11.0" isOriginalElevationFromOSM="false"><ele>10.3</ele></trkpt>
<trkpt lat="35.344479" lon="129.028022" sectionIndex="0" pointIndex="537" originalElevation="11.0" isOriginalElevationFromOSM="false"><ele>10.6</ele></trkpt>
<trkpt lat="35.344520" lon="129.028044" sectionIndex="0" pointIndex="538" originalElevation="11.0" isOriginalElevationFromOSM="false"><ele>10.9</ele></trkpt>
<trkpt lat="35.344561" lon="129.028067" sectionIndex="0" pointIndex="539" originalElevation="11.0" isOriginalElevationFromOSM="false"><ele>10.9</ele></trkpt>
<trkpt lat="35.344620" lon="129.028020" sectionIndex="0" pointIndex="540" originalElevation="10.2" isOriginalElevationFromOSM="true"><ele>10.9</ele></trkpt>
<trkpt lat="35.344770" lon="129.028160" sectionIndex="0" pointIndex="541" originalElevation="10.3" isOriginalElevationFromOSM="true"><ele>11.3</ele></trkpt>
<trkpt lat="35.344770" lon="129.028179" sectionIndex="0" pointIndex="542" originalElevation="10.3" isOriginalElevationFromOSM="true"><ele>12.3</ele></trkpt>
<trkpt lat="35.344810" lon="129.028230" sectionIndex="0" pointIndex="543" originalElevation="11.2" isOriginalElevationFromOSM="true"><ele>13.4</ele></trkpt>
<trkpt lat="35.344855" lon="129.028281" sectionIndex="0" pointIndex="544" originalElevation="11.0" isOriginalElevationFromOSM="false"><ele>14.7</ele></trkpt>
<trkpt lat="35.345300" lon="129.028820" sectionIndex="0" pointIndex="545" originalElevation="11.0" isOriginalElevationFromOSM="false"><ele>16.1</ele></trkpt>
<trkpt lat="35.345560" lon="129.029080" sectionIndex="0" pointIndex="546" originalElevation="11.0" isOriginalElevationFromOSM="false"><ele>16.4</ele></trkpt>
<trkpt lat="35.345760" lon="129.029210" sectionIndex="0" pointIndex="547" originalElevation="11.0" isOriginalElevationFromOSM="false"><ele>16.4</ele></trkpt>
<trkpt lat="35.346240" lon="129.029429" sectionIndex="0" pointIndex="548" originalElevation="17.0" isOriginalElevationFromOSM="false"><ele>16.4</ele></trkpt>
<trkpt lat="35.346720" lon="129.029650" sectionIndex="0" pointIndex="549" originalElevation="27.0" isOriginalElevationFromOSM="false"><ele>16.7</ele></trkpt>
<trkpt lat="35.347010" lon="129.029710" sectionIndex="0" pointIndex="550" originalElevation="27.0" isOriginalElevationFromOSM="false"><ele>16.9</ele></trkpt>
<trkpt lat="35.347540" lon="129.029710" sectionIndex="0" pointIndex="551" originalElevation="31.0" isOriginalElevationFromOSM="false"><ele>17.0</ele></trkpt>
<trkpt lat="35.348060" lon="129.029710" sectionIndex="0" pointIndex="552" originalElevation="31.0" isOriginalElevationFromOSM="false"><ele>17.4</ele></trkpt>
<trkpt lat="35.348810" lon="129.029890" sectionIndex="0" pointIndex="553" originalElevation="16.0" isOriginalElevationFromOSM="false"><ele>17.7</ele></trkpt>
<trkpt lat="35.349550" lon="129.030070" sectionIndex="0" pointIndex="554" originalElevation="11.0" isOriginalElevationFromOSM="false"><ele>18.1</ele></trkpt>
<trkpt lat="35.349920" lon="129.030210" sectionIndex="0" pointIndex="555" originalElevation="11.0" isOriginalElevationFromOSM="false"><ele>18.1</ele></trkpt>
<trkpt lat="35.350160" lon="129.030370" sectionIndex="0" pointIndex="556" originalElevation="14.0" isOriginalElevationFromOSM="false"><ele>17.7</ele></trkpt>
<trkpt lat="35.350290" lon="129.030480" sectionIndex="0" pointIndex="557" originalElevation="14.0" isOriginalElevationFromOSM="false"><ele>16.6</ele></trkpt>
<trkpt lat="35.350650" lon="129.030910" sectionIndex="0" pointIndex="558" originalElevation="12.0" isOriginalElevationFromOSM="false"><ele>15.5</ele></trkpt>
<trkpt lat="35.351330" lon="129.031560" sectionIndex="0" pointIndex="559" originalElevation="17.0" isOriginalElevationFromOSM="false"><ele>14.5</ele></trkpt>
<trkpt lat="35.351820" lon="129.031970" sectionIndex="0" pointIndex="560" originalElevation="16.0" isOriginalElevationFromOSM="false"><ele>13.4</ele></trkpt>
<trkpt lat="35.352310" lon="129.032378" sectionIndex="0" pointIndex="561" originalElevation="16.0" isOriginalElevationFromOSM="false"><ele>13.3</ele></trkpt>
<trkpt lat="35.352590" lon="129.032580" sectionIndex="0" pointIndex="562" originalElevation="11.0" isOriginalElevationFromOSM="false"><ele>13.5</ele></trkpt>
<trkpt lat="35.353050" lon="129.032870" sectionIndex="0" pointIndex="563" originalElevation="11.0" isOriginalElevationFromOSM="false"><ele>13.8</ele></trkpt>
<trkpt lat="35.353240" lon="129.032980" sectionIndex="0" pointIndex="564" originalElevation="11.0" isOriginalElevationFromOSM="false"><ele>13.9</ele></trkpt>
<trkpt lat="35.353990" lon="129.033310" sectionIndex="0" pointIndex="565" originalElevation="10.0" isOriginalElevationFromOSM="false"><ele>13.9</ele></trkpt>
<trkpt lat="35.354750" lon="129.033639" sectionIndex="0" pointIndex="566" originalElevation="16.0" isOriginalElevationFromOSM="false"><ele>14.1</ele></trkpt>
<trkpt lat="35.355500" lon="129.033970" sectionIndex="0" pointIndex="567" originalElevation="15.0" isOriginalElevationFromOSM="false"><ele>14.1</ele></trkpt>
<trkpt lat="35.356260" lon="129.034300" sectionIndex="0" pointIndex="568" originalElevation="14.0" isOriginalElevationFromOSM="false"><ele>14.2</ele></trkpt>
<trkpt lat="35.356800" lon="129.034697" sectionIndex="0" pointIndex="569" originalElevation="14.0" isOriginalElevationFromOSM="false"><ele>14.1</ele></trkpt>
<trkpt lat="35.357560" lon="129.035190" sectionIndex="0" pointIndex="570" originalElevation="16.0" isOriginalElevationFromOSM="false"><ele>14.3</ele></trkpt>
<trkpt lat="35.358320" lon="129.035680" sectionIndex="0" pointIndex="571" originalElevation="16.0" isOriginalElevationFromOSM="false"><ele>14.5</ele></trkpt>
<trkpt lat="35.359080" lon="129.036160" sectionIndex="0" pointIndex="572" originalElevation="13.0" isOriginalElevationFromOSM="false"><ele>14.7</ele></trkpt>
<trkpt lat="35.359660" lon="129.036520" sectionIndex="0" pointIndex="573" originalElevation="16.0" isOriginalElevationFromOSM="false"><ele>15.0</ele></trkpt>
<trkpt lat="35.360240" lon="129.036870" sectionIndex="0" pointIndex="574" originalElevation="17.0" isOriginalElevationFromOSM="false"><ele>14.9</ele></trkpt>
<trkpt lat="35.360810" lon="129.037219" sectionIndex="0" pointIndex="575" originalElevation="17.0" isOriginalElevationFromOSM="false"><ele>14.9</ele></trkpt>
<trkpt lat="35.361460" lon="129.037500" sectionIndex="0" pointIndex="576" originalElevation="15.0" isOriginalElevationFromOSM="false"><ele>14.9</ele></trkpt>
<trkpt lat="35.362120" lon="129.037780" sectionIndex="0" pointIndex="577" originalElevation="13.0" isOriginalElevationFromOSM="false"><ele>15.3</ele></trkpt>
<trkpt lat="35.362770" lon="129.038050" sectionIndex="0" pointIndex="578" originalElevation="14.0" isOriginalElevationFromOSM="false"><ele>15.5</ele></trkpt>
<trkpt lat="35.363420" lon="129.038330" sectionIndex="0" pointIndex="579" originalElevation="15.0" isOriginalElevationFromOSM="false"><ele>15.5</ele></trkpt>
<trkpt lat="35.363900" lon="129.038490" sectionIndex="0" pointIndex="580" originalElevation="14.0" isOriginalElevationFromOSM="false"><ele>15.5</ele></trkpt>
<trkpt lat="35.364380" lon="129.038660" sectionIndex="0" pointIndex="581" originalElevation="15.0" isOriginalElevationFromOSM="false"><ele>15.5</ele></trkpt>
<trkpt lat="35.364530" lon="129.038727" sectionIndex="0" pointIndex="582" originalElevation="15.0" isOriginalElevationFromOSM="false"><ele>15.4</ele></trkpt>
<trkpt lat="35.365270" lon="129.039087" sectionIndex="0" pointIndex="583" originalElevation="14.0" isOriginalElevationFromOSM="false"><ele>15.0</ele></trkpt>
<trkpt lat="35.365920" lon="129.039358" sectionIndex="0" pointIndex="584" originalElevation="19.0" isOriginalElevationFromOSM="false"><ele>15.1</ele></trkpt>
<trkpt lat="35.366570" lon="129.039628" sectionIndex="0" pointIndex="585" originalElevation="19.0" isOriginalElevationFromOSM="false"><ele>15.2</ele></trkpt>
<trkpt lat="35.367410" lon="129.039999" sectionIndex="0" pointIndex="586" originalElevation="17.0" isOriginalElevationFromOSM="false"><ele>15.1</ele></trkpt>
<trkpt lat="35.367680" lon="129.040150" sectionIndex="0" pointIndex="587" originalElevation="13.0" isOriginalElevationFromOSM="false"><ele>15.2</ele></trkpt>
<trkpt lat="35.368450" lon="129.040697" sectionIndex="0" pointIndex="588" originalElevation="16.0" isOriginalElevationFromOSM="false"><ele>15.3</ele></trkpt>
<trkpt lat="35.369230" lon="129.041249" sectionIndex="0" pointIndex="589" originalElevation="15.0" isOriginalElevationFromOSM="false"><ele>15.5</ele></trkpt>
<trkpt lat="35.370000" lon="129.041789" sectionIndex="0" pointIndex="590" originalElevation="11.0" isOriginalElevationFromOSM="false"><ele>15.4</ele></trkpt>
<trkpt lat="35.370780" lon="129.042340" sectionIndex="0" pointIndex="591" originalElevation="16.0" isOriginalElevationFromOSM="false"><ele>15.4</ele></trkpt>
<trkpt lat="35.371560" lon="129.042890" sectionIndex="0" pointIndex="592" originalElevation="15.0" isOriginalElevationFromOSM="false"><ele>15.1</ele></trkpt>
<trkpt lat="35.372330" lon="129.043440" sectionIndex="0" pointIndex="593" originalElevation="13.0" isOriginalElevationFromOSM="false"><ele>14.7</ele></trkpt>
<trkpt lat="35.372760" lon="129.043710" sectionIndex="0" pointIndex="594" originalElevation="16.0" isOriginalElevationFromOSM="false"><ele>14.4</ele></trkpt>
<trkpt lat="35.373090" lon="129.043890" sectionIndex="0" pointIndex="595" originalElevation="16.0" isOriginalElevationFromOSM="false"><ele>14.6</ele></trkpt>
<trkpt lat="35.373550" lon="129.044060" sectionIndex="0" pointIndex="596" originalElevation="18.0" isOriginalElevationFromOSM="false"><ele>14.3</ele></trkpt>
<trkpt lat="35.374010" lon="129.044230" sectionIndex="0" pointIndex="597" originalElevation="13.0" isOriginalElevationFromOSM="false"><ele>14.1</ele></trkpt>
<trkpt lat="35.374300" lon="129.044310" sectionIndex="0" pointIndex="598" originalElevation="14.0" isOriginalElevationFromOSM="false"><ele>14.2</ele></trkpt>
<trkpt lat="35.375000" lon="129.044430" sectionIndex="0" pointIndex="599" originalElevation="14.0" isOriginalElevationFromOSM="false"><ele>14.2</ele></trkpt>
<trkpt lat="35.375700" lon="129.044558" sectionIndex="0" pointIndex="600" originalElevation="14.0" isOriginalElevationFromOSM="false"><ele>14.2</ele></trkpt>
<trkpt lat="35.376400" lon="129.044690" sectionIndex="0" pointIndex="601" originalElevation="12.0" isOriginalElevationFromOSM="false"><ele>14.3</ele></trkpt>
<trkpt lat="35.377230" lon="129.044727" sectionIndex="0" pointIndex="602" originalElevation="16.0" isOriginalElevationFromOSM="false"><ele>14.1</ele></trkpt>
<trkpt lat="35.378020" lon="129.044800" sectionIndex="0" pointIndex="603" originalElevation="12.0" isOriginalElevationFromOSM="false"><ele>13.8</ele></trkpt>
<trkpt lat="35.378910" lon="129.044890" sectionIndex="0" pointIndex="604" originalElevation="11.0" isOriginalElevationFromOSM="false"><ele>13.7</ele></trkpt>
<trkpt lat="35.379800" lon="129.044990" sectionIndex="0" pointIndex="605" originalElevation="13.0" isOriginalElevationFromOSM="false"><ele>13.9</ele></trkpt>
<trkpt lat="35.380690" lon="129.045088" sectionIndex="0" pointIndex="606" originalElevation="16.0" isOriginalElevationFromOSM="false"><ele>14.1</ele></trkpt>
<trkpt lat="35.380940" lon="129.045178" sectionIndex="0" pointIndex="607" originalElevation="15.0" isOriginalElevationFromOSM="false"><ele>14.4</ele></trkpt>
<trkpt lat="35.381560" lon="129.045400" sectionIndex="0" pointIndex="608" originalElevation="15.0" isOriginalElevationFromOSM="false"><ele>15.0</ele></trkpt>
<trkpt lat="35.382180" lon="129.045610" sectionIndex="0" pointIndex="609" originalElevation="12.0" isOriginalElevationFromOSM="false"><ele>15.7</ele></trkpt>
<trkpt lat="35.382260" lon="129.045628" sectionIndex="0" pointIndex="610" originalElevation="12.0" isOriginalElevationFromOSM="false"><ele>16.4</ele></trkpt>
<trkpt lat="35.382780" lon="129.045808" sectionIndex="0" pointIndex="611" originalElevation="17.0" isOriginalElevationFromOSM="false"><ele>17.5</ele></trkpt>
<trkpt lat="35.383440" lon="129.045988" sectionIndex="0" pointIndex="612" originalElevation="16.0" isOriginalElevationFromOSM="false"><ele>18.8</ele></trkpt>
<trkpt lat="35.384260" lon="129.046150" sectionIndex="0" pointIndex="613" originalElevation="17.0" isOriginalElevationFromOSM="false"><ele>20.1</ele></trkpt>
<trkpt lat="35.385140" lon="129.046290" sectionIndex="0" pointIndex="614" originalElevation="18.0" isOriginalElevationFromOSM="false"><ele>21.3</ele></trkpt>
<trkpt lat="35.385840" lon="129.046300" sectionIndex="0" pointIndex="615" originalElevation="23.0" isOriginalElevationFromOSM="false"><ele>22.5</ele></trkpt>
<trkpt lat="35.386540" lon="129.046300" sectionIndex="0" pointIndex="616" originalElevation="23.0" isOriginalElevationFromOSM="false"><ele>23.7</ele></trkpt>
<trkpt lat="35.387230" lon="129.046310" sectionIndex="0" pointIndex="617" originalElevation="26.0" isOriginalElevationFromOSM="false"><ele>24.9</ele></trkpt>
<trkpt lat="35.387930" lon="129.046310" sectionIndex="0" pointIndex="618" originalElevation="28.0" isOriginalElevationFromOSM="false"><ele>26.2</ele></trkpt>
<trkpt lat="35.388630" lon="129.046337" sectionIndex="0" pointIndex="619" originalElevation="31.0" isOriginalElevationFromOSM="false"><ele>27.1</ele></trkpt>
<trkpt lat="35.389340" lon="129.046380" sectionIndex="0" pointIndex="620" originalElevation="33.0" isOriginalElevationFromOSM="false"><ele>28.1</ele></trkpt>
<trkpt lat="35.389510" lon="129.046400" sectionIndex="0" pointIndex="621" originalElevation="33.0" isOriginalElevationFromOSM="false"><ele>28.8</ele></trkpt>
<trkpt lat="35.389700" lon="129.046460" sectionIndex="0" pointIndex="622" originalElevation="33.0" isOriginalElevationFromOSM="false"><ele>29.9</ele></trkpt>
<trkpt lat="35.389870" lon="129.046540" sectionIndex="0" pointIndex="623" originalElevation="33.0" isOriginalElevationFromOSM="false"><ele>30.7</ele></trkpt>
<trkpt lat="35.390120" lon="129.046750" sectionIndex="0" pointIndex="624" originalElevation="31.0" isOriginalElevationFromOSM="false"><ele>31.1</ele></trkpt>
<trkpt lat="35.390510" lon="129.047190" sectionIndex="0" pointIndex="625" originalElevation="31.0" isOriginalElevationFromOSM="false"><ele>32.1</ele></trkpt>
<trkpt lat="35.391050" lon="129.047730" sectionIndex="0" pointIndex="626" originalElevation="31.0" isOriginalElevationFromOSM="false"><ele>33.0</ele></trkpt>
<trkpt lat="35.391270" lon="129.047930" sectionIndex="0" pointIndex="627" originalElevation="31.0" isOriginalElevationFromOSM="false"><ele>34.3</ele></trkpt>
<trkpt lat="35.391930" lon="129.048340" sectionIndex="0" pointIndex="628" originalElevation="27.0" isOriginalElevationFromOSM="false"><ele>35.5</ele></trkpt>
<trkpt lat="35.392600" lon="129.048740" sectionIndex="0" pointIndex="629" originalElevation="35.0" isOriginalElevationFromOSM="false"><ele>34.9</ele></trkpt>
<trkpt lat="35.393070" lon="129.048970" sectionIndex="0" pointIndex="630" originalElevation="35.0" isOriginalElevationFromOSM="false"><ele>34.3</ele></trkpt>
<trkpt lat="35.393540" lon="129.049200" sectionIndex="0" pointIndex="631" originalElevation="29.0" isOriginalElevationFromOSM="false"><ele>33.7</ele></trkpt>
<trkpt lat="35.394280" lon="129.049510" sectionIndex="0" pointIndex="632" originalElevation="41.0" isOriginalElevationFromOSM="false"><ele>33.5</ele></trkpt>
<trkpt lat="35.394740" lon="129.049630" sectionIndex="0" pointIndex="633" originalElevation="41.0" isOriginalElevationFromOSM="false"><ele>34.1</ele></trkpt>
<trkpt lat="35.395200" lon="129.049740" sectionIndex="0" pointIndex="634" originalElevation="51.0" isOriginalElevationFromOSM="false"><ele>33.5</ele></trkpt>
<trkpt lat="35.395560" lon="129.049870" sectionIndex="0" pointIndex="635" originalElevation="51.0" isOriginalElevationFromOSM="false"><ele>34.0</ele></trkpt>
<trkpt lat="35.395880" lon="129.050018" sectionIndex="0" pointIndex="636" originalElevation="24.0" isOriginalElevationFromOSM="false"><ele>35.8</ele></trkpt>
<trkpt lat="35.396110" lon="129.050130" sectionIndex="0" pointIndex="637" originalElevation="24.0" isOriginalElevationFromOSM="false"><ele>35.6</ele></trkpt>
<trkpt lat="35.396530" lon="129.050390" sectionIndex="0" pointIndex="638" originalElevation="24.0" isOriginalElevationFromOSM="false"><ele>36.3</ele></trkpt>
<trkpt lat="35.397190" lon="129.050900" sectionIndex="0" pointIndex="639" originalElevation="27.0" isOriginalElevationFromOSM="false"><ele>37.9</ele></trkpt>
<trkpt lat="35.397680" lon="129.051330" sectionIndex="0" pointIndex="640" originalElevation="40.0" isOriginalElevationFromOSM="false"><ele>38.7</ele></trkpt>
<trkpt lat="35.398170" lon="129.051760" sectionIndex="0" pointIndex="641" originalElevation="23.0" isOriginalElevationFromOSM="false"><ele>39.1</ele></trkpt>
<trkpt lat="35.398890" lon="129.052120" sectionIndex="0" pointIndex="642" originalElevation="38.0" isOriginalElevationFromOSM="false"><ele>38.1</ele></trkpt>
<trkpt lat="35.399390" lon="129.052460" sectionIndex="0" pointIndex="643" originalElevation="54.0" isOriginalElevationFromOSM="false"><ele>37.1</ele></trkpt>
<trkpt lat="35.399830" lon="129.052600" sectionIndex="0" pointIndex="644" originalElevation="32.0" isOriginalElevationFromOSM="false"><ele>37.7</ele></trkpt>
<trkpt lat="35.400610" lon="129.052780" sectionIndex="0" pointIndex="645" originalElevation="45.0" isOriginalElevationFromOSM="false"><ele>38.3</ele></trkpt>
<trkpt lat="35.401270" lon="129.053010" sectionIndex="0" pointIndex="646" originalElevation="53.0" isOriginalElevationFromOSM="false"><ele>38.9</ele></trkpt>
<trkpt lat="35.401450" lon="129.053090" sectionIndex="0" pointIndex="647" originalElevation="53.0" isOriginalElevationFromOSM="false"><ele>38.9</ele></trkpt>
<trkpt lat="35.401690" lon="129.053260" sectionIndex="0" pointIndex="648" originalElevation="48.0" isOriginalElevationFromOSM="false"><ele>38.1</ele></trkpt>
<trkpt lat="35.402010" lon="129.053598" sectionIndex="0" pointIndex="649" originalElevation="35.0" isOriginalElevationFromOSM="false"><ele>38.5</ele></trkpt>
<trkpt lat="35.402410" lon="129.054210" sectionIndex="0" pointIndex="650" originalElevation="36.0" isOriginalElevationFromOSM="false"><ele>37.7</ele></trkpt>
<trkpt lat="35.402610" lon="129.054409" sectionIndex="0" pointIndex="651" originalElevation="33.0" isOriginalElevationFromOSM="false"><ele>36.1</ele></trkpt>
<trkpt lat="35.402860" lon="129.054560" sectionIndex="0" pointIndex="652" originalElevation="33.0" isOriginalElevationFromOSM="false"><ele>36.2</ele></trkpt>
<trkpt lat="35.403160" lon="129.054679" sectionIndex="0" pointIndex="653" originalElevation="33.0" isOriginalElevationFromOSM="false"><ele>35.4</ele></trkpt>
<trkpt lat="35.403480" lon="129.054730" sectionIndex="0" pointIndex="654" originalElevation="28.0" isOriginalElevationFromOSM="false"><ele>34.1</ele></trkpt>
<trkpt lat="35.403750" lon="129.054757" sectionIndex="0" pointIndex="655" originalElevation="28.0" isOriginalElevationFromOSM="false"><ele>32.7</ele></trkpt>
<trkpt lat="35.404570" lon="129.054750" sectionIndex="0" pointIndex="656" originalElevation="28.0" isOriginalElevationFromOSM="false"><ele>31.4</ele></trkpt>
<trkpt lat="35.405400" lon="129.054740" sectionIndex="0" pointIndex="657" originalElevation="27.0" isOriginalElevationFromOSM="false"><ele>30.9</ele></trkpt>
<trkpt lat="35.406220" lon="129.054730" sectionIndex="0" pointIndex="658" originalElevation="30.0" isOriginalElevationFromOSM="false"><ele>30.4</ele></trkpt>
<trkpt lat="35.406860" lon="129.054700" sectionIndex="0" pointIndex="659" originalElevation="33.0" isOriginalElevationFromOSM="false"><ele>30.3</ele></trkpt>
<trkpt lat="35.407500" lon="129.054667" sectionIndex="0" pointIndex="660" originalElevation="33.0" isOriginalElevationFromOSM="false"><ele>30.1</ele></trkpt>
<trkpt lat="35.408130" lon="129.054667" sectionIndex="0" pointIndex="661" originalElevation="33.0" isOriginalElevationFromOSM="false"><ele>30.5</ele></trkpt>
<trkpt lat="35.408760" lon="129.054660" sectionIndex="0" pointIndex="662" originalElevation="32.0" isOriginalElevationFromOSM="false"><ele>31.4</ele></trkpt>
<trkpt lat="35.409420" lon="129.054650" sectionIndex="0" pointIndex="663" originalElevation="29.0" isOriginalElevationFromOSM="false"><ele>33.0</ele></trkpt>
<trkpt lat="35.410070" lon="129.054630" sectionIndex="0" pointIndex="664" originalElevation="28.0" isOriginalElevationFromOSM="false"><ele>33.4</ele></trkpt>
<trkpt lat="35.410820" lon="129.054769" sectionIndex="0" pointIndex="665" originalElevation="28.0" isOriginalElevationFromOSM="false"><ele>34.9</ele></trkpt>
<trkpt lat="35.411570" lon="129.054920" sectionIndex="0" pointIndex="666" originalElevation="31.0" isOriginalElevationFromOSM="false"><ele>37.4</ele></trkpt>
<trkpt lat="35.412410" lon="129.055039" sectionIndex="0" pointIndex="667" originalElevation="31.0" isOriginalElevationFromOSM="false"><ele>38.7</ele></trkpt>
<trkpt lat="35.413250" lon="129.055170" sectionIndex="0" pointIndex="668" originalElevation="38.0" isOriginalElevationFromOSM="false"><ele>39.9</ele></trkpt>
<trkpt lat="35.414100" lon="129.055298" sectionIndex="0" pointIndex="669" originalElevation="42.0" isOriginalElevationFromOSM="false"><ele>41.1</ele></trkpt>
<trkpt lat="35.414910" lon="129.055470" sectionIndex="0" pointIndex="670" originalElevation="52.0" isOriginalElevationFromOSM="false"><ele>41.7</ele></trkpt>
<trkpt lat="35.415710" lon="129.055838" sectionIndex="0" pointIndex="671" originalElevation="34.0" isOriginalElevationFromOSM="false"><ele>42.5</ele></trkpt>
<trkpt lat="35.416380" lon="129.056198" sectionIndex="0" pointIndex="672" originalElevation="50.0" isOriginalElevationFromOSM="false"><ele>43.3</ele></trkpt>
<trkpt lat="35.417040" lon="129.056559" sectionIndex="0" pointIndex="673" originalElevation="67.0" isOriginalElevationFromOSM="false"><ele>43.7</ele></trkpt>
<trkpt lat="35.417560" lon="129.056850" sectionIndex="0" pointIndex="674" originalElevation="52.0" isOriginalElevationFromOSM="false"><ele>44.3</ele></trkpt>
<trkpt lat="35.418080" lon="129.057130" sectionIndex="0" pointIndex="675" originalElevation="52.0" isOriginalElevationFromOSM="false"><ele>44.8</ele></trkpt>
<trkpt lat="35.418740" lon="129.057448" sectionIndex="0" pointIndex="676" originalElevation="51.0" isOriginalElevationFromOSM="false"><ele>45.0</ele></trkpt>
<trkpt lat="35.419400" lon="129.057760" sectionIndex="0" pointIndex="677" originalElevation="41.0" isOriginalElevationFromOSM="false"><ele>44.7</ele></trkpt>
<trkpt lat="35.419930" lon="129.058040" sectionIndex="0" pointIndex="678" originalElevation="41.0" isOriginalElevationFromOSM="false"><ele>43.9</ele></trkpt>
<trkpt lat="35.420460" lon="129.058310" sectionIndex="0" pointIndex="679" originalElevation="39.0" isOriginalElevationFromOSM="false"><ele>44.4</ele></trkpt>
<trkpt lat="35.420600" lon="129.058380" sectionIndex="0" pointIndex="680" originalElevation="35.0" isOriginalElevationFromOSM="false"><ele>43.8</ele></trkpt>
<trkpt lat="35.421150" lon="129.058740" sectionIndex="0" pointIndex="681" originalElevation="39.0" isOriginalElevationFromOSM="false"><ele>42.0</ele></trkpt>
<trkpt lat="35.421550" lon="129.059148" sectionIndex="0" pointIndex="682" originalElevation="39.0" isOriginalElevationFromOSM="false"><ele>41.1</ele></trkpt>
<trkpt lat="35.421950" lon="129.059550" sectionIndex="0" pointIndex="683" originalElevation="41.0" isOriginalElevationFromOSM="false"><ele>40.5</ele></trkpt>
<trkpt lat="35.422470" lon="129.060060" sectionIndex="0" pointIndex="684" originalElevation="37.0" isOriginalElevationFromOSM="false"><ele>39.9</ele></trkpt>
<trkpt lat="35.423000" lon="129.060570" sectionIndex="0" pointIndex="685" originalElevation="41.0" isOriginalElevationFromOSM="false"><ele>40.1</ele></trkpt>
<trkpt lat="35.423520" lon="129.061080" sectionIndex="0" pointIndex="686" originalElevation="41.0" isOriginalElevationFromOSM="false"><ele>40.3</ele></trkpt>
<trkpt lat="35.423930" lon="129.061550" sectionIndex="0" pointIndex="687" originalElevation="41.0" isOriginalElevationFromOSM="false"><ele>40.6</ele></trkpt>
<trkpt lat="35.424120" lon="129.061669" sectionIndex="0" pointIndex="688" originalElevation="40.0" isOriginalElevationFromOSM="false"><ele>41.2</ele></trkpt>
<trkpt lat="35.424440" lon="129.061669" sectionIndex="0" pointIndex="689" originalElevation="39.0" isOriginalElevationFromOSM="false"><ele>41.5</ele></trkpt>
<trkpt lat="35.424970" lon="129.061430" sectionIndex="0" pointIndex="690" originalElevation="42.0" isOriginalElevationFromOSM="false"><ele>41.9</ele></trkpt>
<trkpt lat="35.425660" lon="129.061489" sectionIndex="0" pointIndex="691" originalElevation="42.0" isOriginalElevationFromOSM="false"><ele>42.1</ele></trkpt>
<trkpt lat="35.426350" lon="129.061550" sectionIndex="0" pointIndex="692" originalElevation="44.0" isOriginalElevationFromOSM="false"><ele>42.5</ele></trkpt>
<trkpt lat="35.427030" lon="129.061600" sectionIndex="0" pointIndex="693" originalElevation="44.0" isOriginalElevationFromOSM="false"><ele>42.7</ele></trkpt>
<trkpt lat="35.427790" lon="129.061600" sectionIndex="0" pointIndex="694" originalElevation="44.0" isOriginalElevationFromOSM="false"><ele>42.9</ele></trkpt>
<trkpt lat="35.428070" lon="129.061530" sectionIndex="0" pointIndex="695" originalElevation="44.0" isOriginalElevationFromOSM="false"><ele>43.2</ele></trkpt>
<trkpt lat="35.428210" lon="129.061380" sectionIndex="0" pointIndex="696" originalElevation="44.0" isOriginalElevationFromOSM="false"><ele>43.5</ele></trkpt>
<trkpt lat="35.428620" lon="129.060668" sectionIndex="0" pointIndex="697" originalElevation="44.0" isOriginalElevationFromOSM="false"><ele>44.1</ele></trkpt>
<trkpt lat="35.428730" lon="129.060620" sectionIndex="0" pointIndex="698" originalElevation="44.0" isOriginalElevationFromOSM="false"><ele>44.7</ele></trkpt>
<trkpt lat="35.429150" lon="129.060620" sectionIndex="0" pointIndex="699" originalElevation="44.0" isOriginalElevationFromOSM="false"><ele>45.3</ele></trkpt>
<trkpt lat="35.429230" lon="129.060620" sectionIndex="0" pointIndex="700" originalElevation="44.0" isOriginalElevationFromOSM="false"><ele>45.7</ele></trkpt>
<trkpt lat="35.429910" lon="129.060690" sectionIndex="0" pointIndex="701" originalElevation="44.0" isOriginalElevationFromOSM="false"><ele>46.1</ele></trkpt>
<trkpt lat="35.430440" lon="129.060790" sectionIndex="0" pointIndex="702" originalElevation="45.0" isOriginalElevationFromOSM="false"><ele>46.4</ele></trkpt>
<trkpt lat="35.430810" lon="129.060880" sectionIndex="0" pointIndex="703" originalElevation="45.0" isOriginalElevationFromOSM="false"><ele>46.9</ele></trkpt>
<trkpt lat="35.431350" lon="129.061000" sectionIndex="0" pointIndex="704" originalElevation="47.0" isOriginalElevationFromOSM="false"><ele>47.3</ele></trkpt>
<trkpt lat="35.431890" lon="129.061129" sectionIndex="0" pointIndex="705" originalElevation="51.0" isOriginalElevationFromOSM="false"><ele>48.1</ele></trkpt>
<trkpt lat="35.432160" lon="129.061240" sectionIndex="0" pointIndex="706" originalElevation="51.0" isOriginalElevationFromOSM="false"><ele>48.8</ele></trkpt>
<trkpt lat="35.432420" lon="129.061410" sectionIndex="0" pointIndex="707" originalElevation="51.0" isOriginalElevationFromOSM="false"><ele>49.4</ele></trkpt>
<trkpt lat="35.433050" lon="129.062018" sectionIndex="0" pointIndex="708" originalElevation="49.0" isOriginalElevationFromOSM="false"><ele>50.0</ele></trkpt>
<trkpt lat="35.433320" lon="129.062170" sectionIndex="0" pointIndex="709" originalElevation="49.0" isOriginalElevationFromOSM="false"><ele>50.6</ele></trkpt>
<trkpt lat="35.433570" lon="129.062230" sectionIndex="0" pointIndex="710" originalElevation="51.0" isOriginalElevationFromOSM="false"><ele>51.0</ele></trkpt>
<trkpt lat="35.434140" lon="129.062340" sectionIndex="0" pointIndex="711" originalElevation="51.0" isOriginalElevationFromOSM="false"><ele>51.4</ele></trkpt>
<trkpt lat="35.434710" lon="129.062450" sectionIndex="0" pointIndex="712" originalElevation="55.0" isOriginalElevationFromOSM="false"><ele>51.7</ele></trkpt>
<trkpt lat="35.434860" lon="129.062500" sectionIndex="0" pointIndex="713" originalElevation="55.0" isOriginalElevationFromOSM="false"><ele>51.9</ele></trkpt>
<trkpt lat="35.435070" lon="129.062630" sectionIndex="0" pointIndex="714" originalElevation="53.0" isOriginalElevationFromOSM="false"><ele>52.0</ele></trkpt>
<trkpt lat="35.435660" lon="129.063300" sectionIndex="0" pointIndex="715" originalElevation="53.0" isOriginalElevationFromOSM="false"><ele>52.3</ele></trkpt>
<trkpt lat="35.436260" lon="129.063960" sectionIndex="0" pointIndex="716" originalElevation="53.0" isOriginalElevationFromOSM="false"><ele>52.7</ele></trkpt>
<trkpt lat="35.436850" lon="129.064630" sectionIndex="0" pointIndex="717" originalElevation="51.0" isOriginalElevationFromOSM="false"><ele>53.1</ele></trkpt>
<trkpt lat="35.437030" lon="129.064760" sectionIndex="0" pointIndex="718" originalElevation="51.0" isOriginalElevationFromOSM="false"><ele>53.3</ele></trkpt>
<trkpt lat="35.437260" lon="129.064850" sectionIndex="0" pointIndex="719" originalElevation="51.0" isOriginalElevationFromOSM="false"><ele>54.0</ele></trkpt>
<trkpt lat="35.437900" lon="129.064979" sectionIndex="0" pointIndex="720" originalElevation="54.0" isOriginalElevationFromOSM="false"><ele>54.4</ele></trkpt>
<trkpt lat="35.438540" lon="129.065100" sectionIndex="0" pointIndex="721" originalElevation="53.0" isOriginalElevationFromOSM="false"><ele>54.8</ele></trkpt>
<trkpt lat="35.439350" lon="129.065190" sectionIndex="0" pointIndex="722" originalElevation="55.0" isOriginalElevationFromOSM="false"><ele>55.7</ele></trkpt>
<trkpt lat="35.439580" lon="129.065290" sectionIndex="0" pointIndex="723" originalElevation="55.0" isOriginalElevationFromOSM="false"><ele>56.3</ele></trkpt>
<trkpt lat="35.439770" lon="129.065410" sectionIndex="0" pointIndex="724" originalElevation="55.0" isOriginalElevationFromOSM="false"><ele>56.9</ele></trkpt>
<trkpt lat="35.439960" lon="129.065490" sectionIndex="0" pointIndex="725" originalElevation="55.0" isOriginalElevationFromOSM="false"><ele>57.6</ele></trkpt>
<trkpt lat="35.440150" lon="129.065480" sectionIndex="0" pointIndex="726" originalElevation="61.0" isOriginalElevationFromOSM="false"><ele>58.3</ele></trkpt>
<trkpt lat="35.440370" lon="129.065440" sectionIndex="0" pointIndex="727" originalElevation="61.0" isOriginalElevationFromOSM="false"><ele>58.7</ele></trkpt>
<trkpt lat="35.440700" lon="129.065410" sectionIndex="0" pointIndex="728" originalElevation="61.0" isOriginalElevationFromOSM="false"><ele>58.9</ele></trkpt>
<trkpt lat="35.441220" lon="129.065460" sectionIndex="0" pointIndex="729" originalElevation="66.0" isOriginalElevationFromOSM="false"><ele>59.2</ele></trkpt>
<trkpt lat="35.441740" lon="129.065508" sectionIndex="0" pointIndex="730" originalElevation="62.0" isOriginalElevationFromOSM="false"><ele>59.1</ele></trkpt>
<trkpt lat="35.442100" lon="129.065580" sectionIndex="0" pointIndex="731" originalElevation="62.0" isOriginalElevationFromOSM="false"><ele>59.1</ele></trkpt>
<trkpt lat="35.442350" lon="129.065677" sectionIndex="0" pointIndex="732" originalElevation="62.0" isOriginalElevationFromOSM="false"><ele>59.2</ele></trkpt>
<trkpt lat="35.442490" lon="129.065820" sectionIndex="0" pointIndex="733" originalElevation="62.0" isOriginalElevationFromOSM="false"><ele>59.5</ele></trkpt>
<trkpt lat="35.442620" lon="129.066100" sectionIndex="0" pointIndex="734" originalElevation="57.0" isOriginalElevationFromOSM="false"><ele>59.3</ele></trkpt>
<trkpt lat="35.442620" lon="129.066100" sectionIndex="0" pointIndex="735" originalElevation="57.0" isOriginalElevationFromOSM="false"><ele>59.2</ele></trkpt>
<trkpt lat="35.442810" lon="129.066409" sectionIndex="0" pointIndex="736" originalElevation="57.0" isOriginalElevationFromOSM="false"><ele>59.1</ele></trkpt>
<trkpt lat="35.443140" lon="129.066700" sectionIndex="0" pointIndex="737" originalElevation="53.0" isOriginalElevationFromOSM="false"><ele>58.6</ele></trkpt>
<trkpt lat="35.443470" lon="129.066800" sectionIndex="0" pointIndex="738" originalElevation="56.0" isOriginalElevationFromOSM="false"><ele>58.3</ele></trkpt>
<trkpt lat="35.443700" lon="129.066800" sectionIndex="0" pointIndex="739" originalElevation="56.0" isOriginalElevationFromOSM="false"><ele>58.1</ele></trkpt>
<trkpt lat="35.444340" lon="129.066740" sectionIndex="0" pointIndex="740" originalElevation="59.0" isOriginalElevationFromOSM="false"><ele>57.9</ele></trkpt>
<trkpt lat="35.444680" lon="129.066668" sectionIndex="0" pointIndex="741" originalElevation="59.0" isOriginalElevationFromOSM="false"><ele>57.7</ele></trkpt>
<trkpt lat="35.444940" lon="129.066679" sectionIndex="0" pointIndex="742" originalElevation="59.0" isOriginalElevationFromOSM="false"><ele>58.1</ele></trkpt>
<trkpt lat="35.445180" lon="129.066780" sectionIndex="0" pointIndex="743" originalElevation="59.0" isOriginalElevationFromOSM="false"><ele>58.5</ele></trkpt>
<trkpt lat="35.445820" lon="129.067150" sectionIndex="0" pointIndex="744" originalElevation="59.0" isOriginalElevationFromOSM="false"><ele>58.8</ele></trkpt>
<trkpt lat="35.446430" lon="129.067820" sectionIndex="0" pointIndex="745" originalElevation="57.0" isOriginalElevationFromOSM="false"><ele>59.6</ele></trkpt>
<trkpt lat="35.447030" lon="129.068500" sectionIndex="0" pointIndex="746" originalElevation="59.0" isOriginalElevationFromOSM="false"><ele>60.0</ele></trkpt>
<trkpt lat="35.447640" lon="129.069170" sectionIndex="0" pointIndex="747" originalElevation="59.0" isOriginalElevationFromOSM="false"><ele>60.4</ele></trkpt>
<trkpt lat="35.448190" lon="129.069410" sectionIndex="0" pointIndex="748" originalElevation="59.0" isOriginalElevationFromOSM="false"><ele>60.6</ele></trkpt>
<trkpt lat="35.448750" lon="129.069640" sectionIndex="0" pointIndex="749" originalElevation="63.0" isOriginalElevationFromOSM="false"><ele>60.7</ele></trkpt>
<trkpt lat="35.448850" lon="129.069797" sectionIndex="0" pointIndex="750" originalElevation="63.0" isOriginalElevationFromOSM="false"><ele>60.9</ele></trkpt>
<trkpt lat="35.449070" lon="129.070337" sectionIndex="0" pointIndex="751" originalElevation="62.0" isOriginalElevationFromOSM="false"><ele>61.3</ele></trkpt>
<trkpt lat="35.449230" lon="129.070619" sectionIndex="0" pointIndex="752" originalElevation="65.0" isOriginalElevationFromOSM="false"><ele>61.8</ele></trkpt>
<trkpt lat="35.449390" lon="129.070850" sectionIndex="0" pointIndex="753" originalElevation="62.0" isOriginalElevationFromOSM="false"><ele>62.1</ele></trkpt>
<trkpt lat="35.449770" lon="129.071210" sectionIndex="0" pointIndex="754" originalElevation="62.0" isOriginalElevationFromOSM="false"><ele>62.4</ele></trkpt>
<trkpt lat="35.449920" lon="129.071570" sectionIndex="0" pointIndex="755" originalElevation="62.0" isOriginalElevationFromOSM="false"><ele>62.9</ele></trkpt>
<trkpt lat="35.450300" lon="129.072020" sectionIndex="0" pointIndex="756" originalElevation="61.0" isOriginalElevationFromOSM="false"><ele>63.5</ele></trkpt>
<trkpt lat="35.450710" lon="129.072139" sectionIndex="0" pointIndex="757" originalElevation="61.0" isOriginalElevationFromOSM="false"><ele>63.7</ele></trkpt>
<trkpt lat="35.450900" lon="129.072229" sectionIndex="0" pointIndex="758" originalElevation="66.0" isOriginalElevationFromOSM="false"><ele>63.9</ele></trkpt>
<trkpt lat="35.451130" lon="129.072380" sectionIndex="0" pointIndex="759" originalElevation="66.0" isOriginalElevationFromOSM="false"><ele>64.1</ele></trkpt>
<trkpt lat="35.451570" lon="129.072720" sectionIndex="0" pointIndex="760" originalElevation="61.0" isOriginalElevationFromOSM="false"><ele>64.1</ele></trkpt>
<trkpt lat="35.452030" lon="129.072938" sectionIndex="0" pointIndex="761" originalElevation="64.0" isOriginalElevationFromOSM="false"><ele>64.3</ele></trkpt>
<trkpt lat="35.452690" lon="129.073140" sectionIndex="0" pointIndex="762" originalElevation="67.0" isOriginalElevationFromOSM="false"><ele>64.6</ele></trkpt>
<trkpt lat="35.453180" lon="129.073230" sectionIndex="0" pointIndex="763" originalElevation="67.0" isOriginalElevationFromOSM="false"><ele>64.9</ele></trkpt>
<trkpt lat="35.453800" lon="129.073260" sectionIndex="0" pointIndex="764" originalElevation="66.0" isOriginalElevationFromOSM="false"><ele>65.9</ele></trkpt>
<trkpt lat="35.454050" lon="129.073320" sectionIndex="0" pointIndex="765" originalElevation="66.0" isOriginalElevationFromOSM="false"><ele>66.7</ele></trkpt>
<trkpt lat="35.454340" lon="129.073489" sectionIndex="0" pointIndex="766" originalElevation="65.0" isOriginalElevationFromOSM="false"><ele>67.5</ele></trkpt>
<trkpt lat="35.454970" lon="129.073990" sectionIndex="0" pointIndex="767" originalElevation="65.0" isOriginalElevationFromOSM="false"><ele>68.3</ele></trkpt>
<trkpt lat="35.455410" lon="129.074199" sectionIndex="0" pointIndex="768" originalElevation="65.0" isOriginalElevationFromOSM="false"><ele>69.6</ele></trkpt>
<trkpt lat="35.456000" lon="129.074458" sectionIndex="0" pointIndex="769" originalElevation="67.0" isOriginalElevationFromOSM="false"><ele>70.7</ele></trkpt>
<trkpt lat="35.456590" lon="129.074710" sectionIndex="0" pointIndex="770" originalElevation="67.0" isOriginalElevationFromOSM="false"><ele>70.9</ele></trkpt>
<trkpt lat="35.457180" lon="129.074970" sectionIndex="0" pointIndex="771" originalElevation="75.0" isOriginalElevationFromOSM="false"><ele>71.3</ele></trkpt>
<trkpt lat="35.458000" lon="129.075240" sectionIndex="0" pointIndex="772" originalElevation="73.0" isOriginalElevationFromOSM="false"><ele>71.8</ele></trkpt>
<trkpt lat="35.458510" lon="129.075320" sectionIndex="0" pointIndex="773" originalElevation="78.0" isOriginalElevationFromOSM="false"><ele>72.1</ele></trkpt>
<trkpt lat="35.458900" lon="129.075420" sectionIndex="0" pointIndex="774" originalElevation="78.0" isOriginalElevationFromOSM="false"><ele>72.7</ele></trkpt>
<trkpt lat="35.459220" lon="129.075600" sectionIndex="0" pointIndex="775" originalElevation="81.0" isOriginalElevationFromOSM="false"><ele>73.3</ele></trkpt>
<trkpt lat="35.459220" lon="129.075600" sectionIndex="0" pointIndex="776" originalElevation="81.0" isOriginalElevationFromOSM="false"><ele>74.0</ele></trkpt>
<trkpt lat="35.459830" lon="129.075950" sectionIndex="0" pointIndex="777" originalElevation="70.0" isOriginalElevationFromOSM="false"><ele>74.5</ele></trkpt>
<trkpt lat="35.460050" lon="129.076290" sectionIndex="0" pointIndex="778" originalElevation="73.0" isOriginalElevationFromOSM="false"><ele>75.1</ele></trkpt>
<trkpt lat="35.460270" lon="129.076490" sectionIndex="0" pointIndex="779" originalElevation="73.0" isOriginalElevationFromOSM="false"><ele>75.6</ele></trkpt>
<trkpt lat="35.460780" lon="129.076850" sectionIndex="0" pointIndex="780" originalElevation="71.0" isOriginalElevationFromOSM="false"><ele>76.3</ele></trkpt>
<trkpt lat="35.461300" lon="129.077200" sectionIndex="0" pointIndex="781" originalElevation="74.0" isOriginalElevationFromOSM="false"><ele>76.2</ele></trkpt>
<trkpt lat="35.461600" lon="129.077317" sectionIndex="0" pointIndex="782" originalElevation="74.0" isOriginalElevationFromOSM="false"><ele>76.1</ele></trkpt>
<trkpt lat="35.461850" lon="129.077508" sectionIndex="0" pointIndex="783" originalElevation="75.0" isOriginalElevationFromOSM="false"><ele>76.0</ele></trkpt>
<trkpt lat="35.462120" lon="129.077740" sectionIndex="0" pointIndex="784" originalElevation="75.0" isOriginalElevationFromOSM="false"><ele>75.8</ele></trkpt>
<trkpt lat="35.462500" lon="129.078190" sectionIndex="0" pointIndex="785" originalElevation="75.0" isOriginalElevationFromOSM="false"><ele>76.3</ele></trkpt>
<trkpt lat="35.462990" lon="129.078290" sectionIndex="0" pointIndex="786" originalElevation="83.0" isOriginalElevationFromOSM="false"><ele>76.7</ele></trkpt>
<trkpt lat="35.463220" lon="129.078300" sectionIndex="0" pointIndex="787" originalElevation="83.0" isOriginalElevationFromOSM="false"><ele>77.4</ele></trkpt>
<trkpt lat="35.463540" lon="129.078250" sectionIndex="0" pointIndex="788" originalElevation="77.0" isOriginalElevationFromOSM="false"><ele>78.6</ele></trkpt>
<trkpt lat="35.463990" lon="129.078260" sectionIndex="0" pointIndex="789" originalElevation="77.0" isOriginalElevationFromOSM="false"><ele>79.6</ele></trkpt>
<trkpt lat="35.464400" lon="129.078330" sectionIndex="0" pointIndex="790" originalElevation="79.0" isOriginalElevationFromOSM="false"><ele>80.8</ele></trkpt>
<trkpt lat="35.465120" lon="129.078540" sectionIndex="0" pointIndex="791" originalElevation="78.0" isOriginalElevationFromOSM="false"><ele>81.9</ele></trkpt>
<trkpt lat="35.465510" lon="129.078600" sectionIndex="0" pointIndex="792" originalElevation="78.0" isOriginalElevationFromOSM="false"><ele>83.1</ele></trkpt>
<trkpt lat="35.465700" lon="129.078550" sectionIndex="0" pointIndex="793" originalElevation="78.0" isOriginalElevationFromOSM="false"><ele>84.6</ele></trkpt>
<trkpt lat="35.466320" lon="129.078319" sectionIndex="0" pointIndex="794" originalElevation="84.0" isOriginalElevationFromOSM="false"><ele>86.0</ele></trkpt>
<trkpt lat="35.467040" lon="129.078030" sectionIndex="0" pointIndex="795" originalElevation="89.0" isOriginalElevationFromOSM="false"><ele>87.4</ele></trkpt>
<trkpt lat="35.467340" lon="129.077880" sectionIndex="0" pointIndex="796" originalElevation="89.0" isOriginalElevationFromOSM="false"><ele>88.5</ele></trkpt>
<trkpt lat="35.467580" lon="129.077810" sectionIndex="0" pointIndex="797" originalElevation="92.0" isOriginalElevationFromOSM="false"><ele>89.5</ele></trkpt>
<trkpt lat="35.467760" lon="129.077790" sectionIndex="0" pointIndex="798" originalElevation="92.0" isOriginalElevationFromOSM="false"><ele>90.9</ele></trkpt>
<trkpt lat="35.468140" lon="129.077850" sectionIndex="0" pointIndex="799" originalElevation="92.0" isOriginalElevationFromOSM="false"><ele>92.1</ele></trkpt>
<trkpt lat="35.468750" lon="129.078010" sectionIndex="0" pointIndex="800" originalElevation="98.0" isOriginalElevationFromOSM="false"><ele>93.9</ele></trkpt>
<trkpt lat="35.469350" lon="129.078170" sectionIndex="0" pointIndex="801" originalElevation="104.0" isOriginalElevationFromOSM="false"><ele>95.7</ele></trkpt>
<trkpt lat="35.469960" lon="129.078330" sectionIndex="0" pointIndex="802" originalElevation="104.0" isOriginalElevationFromOSM="false"><ele>97.1</ele></trkpt>
<trkpt lat="35.470190" lon="129.078409" sectionIndex="0" pointIndex="803" originalElevation="93.0" isOriginalElevationFromOSM="false"><ele>98.2</ele></trkpt>
<trkpt lat="35.470560" lon="129.078578" sectionIndex="0" pointIndex="804" originalElevation="93.0" isOriginalElevationFromOSM="false"><ele>99.3</ele></trkpt>
<trkpt lat="35.471150" lon="129.079150" sectionIndex="0" pointIndex="805" originalElevation="100.0" isOriginalElevationFromOSM="false"><ele>100.3</ele></trkpt>
<trkpt lat="35.471450" lon="129.079287" sectionIndex="0" pointIndex="806" originalElevation="96.0" isOriginalElevationFromOSM="false"><ele>101.4</ele></trkpt>
<trkpt lat="35.472250" lon="129.079430" sectionIndex="0" pointIndex="807" originalElevation="105.0" isOriginalElevationFromOSM="false"><ele>101.9</ele></trkpt>
<trkpt lat="35.473050" lon="129.079557" sectionIndex="0" pointIndex="808" originalElevation="105.0" isOriginalElevationFromOSM="false"><ele>102.5</ele></trkpt>
<trkpt lat="35.473200" lon="129.079600" sectionIndex="0" pointIndex="809" originalElevation="105.0" isOriginalElevationFromOSM="false"><ele>102.6</ele></trkpt>
<trkpt lat="35.473490" lon="129.079748" sectionIndex="0" pointIndex="810" originalElevation="105.0" isOriginalElevationFromOSM="false"><ele>102.7</ele></trkpt>
<trkpt lat="35.473640" lon="129.079810" sectionIndex="0" pointIndex="811" originalElevation="105.0" isOriginalElevationFromOSM="false"><ele>103.5</ele></trkpt>
<trkpt lat="35.474260" lon="129.079780" sectionIndex="0" pointIndex="812" originalElevation="108.0" isOriginalElevationFromOSM="false"><ele>104.3</ele></trkpt>
<trkpt lat="35.474360" lon="129.079810" sectionIndex="0" pointIndex="813" originalElevation="108.0" isOriginalElevationFromOSM="false"><ele>105.7</ele></trkpt>
<trkpt lat="35.474940" lon="129.080180" sectionIndex="0" pointIndex="814" originalElevation="100.0" isOriginalElevationFromOSM="false"><ele>107.5</ele></trkpt>
<trkpt lat="35.475520" lon="129.080548" sectionIndex="0" pointIndex="815" originalElevation="107.0" isOriginalElevationFromOSM="false"><ele>108.9</ele></trkpt>
<trkpt lat="35.476100" lon="129.080908" sectionIndex="0" pointIndex="816" originalElevation="105.0" isOriginalElevationFromOSM="false"><ele>110.3</ele></trkpt>
<trkpt lat="35.476330" lon="129.081020" sectionIndex="0" pointIndex="817" originalElevation="105.0" isOriginalElevationFromOSM="false"><ele>111.7</ele></trkpt>
<trkpt lat="35.476420" lon="129.081020" sectionIndex="0" pointIndex="818" originalElevation="105.0" isOriginalElevationFromOSM="false"><ele>112.4</ele></trkpt>
<trkpt lat="35.476570" lon="129.080970" sectionIndex="0" pointIndex="819" originalElevation="105.0" isOriginalElevationFromOSM="false"><ele>113.1</ele></trkpt>
<trkpt lat="35.477380" lon="129.080690" sectionIndex="0" pointIndex="820" originalElevation="121.0" isOriginalElevationFromOSM="false"><ele>113.2</ele></trkpt>
<trkpt lat="35.478030" lon="129.080630" sectionIndex="0" pointIndex="821" originalElevation="124.0" isOriginalElevationFromOSM="false"><ele>113.3</ele></trkpt>
<trkpt lat="35.478390" lon="129.080660" sectionIndex="0" pointIndex="822" originalElevation="126.0" isOriginalElevationFromOSM="false"><ele>114.9</ele></trkpt>
<trkpt lat="35.478890" lon="129.080750" sectionIndex="0" pointIndex="823" originalElevation="126.0" isOriginalElevationFromOSM="false"><ele>115.4</ele></trkpt>
<trkpt lat="35.479050" lon="129.080790" sectionIndex="0" pointIndex="824" originalElevation="126.0" isOriginalElevationFromOSM="false"><ele>117.1</ele></trkpt>
<trkpt lat="35.479480" lon="129.081088" sectionIndex="0" pointIndex="825" originalElevation="115.0" isOriginalElevationFromOSM="false"><ele>118.7</ele></trkpt>
<trkpt lat="35.479910" lon="129.081400" sectionIndex="0" pointIndex="826" originalElevation="115.0" isOriginalElevationFromOSM="false"><ele>119.5</ele></trkpt>
<trkpt lat="35.480280" lon="129.081690" sectionIndex="0" pointIndex="827" originalElevation="110.0" isOriginalElevationFromOSM="false"><ele>120.3</ele></trkpt>
<trkpt lat="35.480690" lon="129.082259" sectionIndex="0" pointIndex="828" originalElevation="110.0" isOriginalElevationFromOSM="false"><ele>120.7</ele></trkpt>
<trkpt lat="35.480890" lon="129.082439" sectionIndex="0" pointIndex="829" originalElevation="124.0" isOriginalElevationFromOSM="false"><ele>120.4</ele></trkpt>
<trkpt lat="35.481210" lon="129.082518" sectionIndex="0" pointIndex="830" originalElevation="114.0" isOriginalElevationFromOSM="false"><ele>119.9</ele></trkpt>
<trkpt lat="35.481710" lon="129.082360" sectionIndex="0" pointIndex="831" originalElevation="130.0" isOriginalElevationFromOSM="false"><ele>119.5</ele></trkpt>
<trkpt lat="35.481910" lon="129.082390" sectionIndex="0" pointIndex="832" originalElevation="130.0" isOriginalElevationFromOSM="false"><ele>119.1</ele></trkpt>
<trkpt lat="35.482630" lon="129.082810" sectionIndex="0" pointIndex="833" originalElevation="117.0" isOriginalElevationFromOSM="false"><ele>119.4</ele></trkpt>
<trkpt lat="35.483300" lon="129.083227" sectionIndex="0" pointIndex="834" originalElevation="117.0" isOriginalElevationFromOSM="false"><ele>119.7</ele></trkpt>
<trkpt lat="35.483510" lon="129.083328" sectionIndex="0" pointIndex="835" originalElevation="127.0" isOriginalElevationFromOSM="false"><ele>120.4</ele></trkpt>
<trkpt lat="35.483820" lon="129.083400" sectionIndex="0" pointIndex="836" originalElevation="119.0" isOriginalElevationFromOSM="false"><ele>121.2</ele></trkpt>
<trkpt lat="35.483980" lon="129.083400" sectionIndex="0" pointIndex="837" originalElevation="119.0" isOriginalElevationFromOSM="false"><ele>121.1</ele></trkpt>
<trkpt lat="35.484370" lon="129.083460" sectionIndex="0" pointIndex="838" originalElevation="120.0" isOriginalElevationFromOSM="false"><ele>121.5</ele></trkpt>
<trkpt lat="35.484830" lon="129.083610" sectionIndex="0" pointIndex="839" originalElevation="120.0" isOriginalElevationFromOSM="false"><ele>120.9</ele></trkpt>
<trkpt lat="35.485100" lon="129.083610" sectionIndex="0" pointIndex="840" originalElevation="119.0" isOriginalElevationFromOSM="false"><ele>120.3</ele></trkpt>
<trkpt lat="35.485480" lon="129.083670" sectionIndex="0" pointIndex="841" originalElevation="119.0" isOriginalElevationFromOSM="false"><ele>121.6</ele></trkpt>
<trkpt lat="35.486220" lon="129.083900" sectionIndex="0" pointIndex="842" originalElevation="121.0" isOriginalElevationFromOSM="false"><ele>122.9</ele></trkpt>
<trkpt lat="35.486850" lon="129.084170" sectionIndex="0" pointIndex="843" originalElevation="122.0" isOriginalElevationFromOSM="false"><ele>123.5</ele></trkpt>
<trkpt lat="35.487310" lon="129.084280" sectionIndex="0" pointIndex="844" originalElevation="122.0" isOriginalElevationFromOSM="false"><ele>124.6</ele></trkpt>
<trkpt lat="35.487770" lon="129.084390" sectionIndex="0" pointIndex="845" originalElevation="121.0" isOriginalElevationFromOSM="false"><ele>126.6</ele></trkpt>
<trkpt lat="35.487870" lon="129.084398" sectionIndex="0" pointIndex="846" originalElevation="121.0" isOriginalElevationFromOSM="false"><ele>128.5</ele></trkpt>
<trkpt lat="35.487970" lon="129.084380" sectionIndex="0" pointIndex="847" originalElevation="121.0" isOriginalElevationFromOSM="false"><ele>130.5</ele></trkpt>
<trkpt lat="35.488710" lon="129.083767" sectionIndex="0" pointIndex="848" originalElevation="136.0" isOriginalElevationFromOSM="false"><ele>133.7</ele></trkpt>
<trkpt lat="35.488726" lon="129.083790" sectionIndex="0" pointIndex="849" originalElevation="136.0" isOriginalElevationFromOSM="false"><ele>136.9</ele></trkpt>
<trkpt lat="35.488710" lon="129.083767" sectionIndex="0" pointIndex="850" originalElevation="136.0" isOriginalElevationFromOSM="false"><ele>138.9</ele></trkpt>
<trkpt lat="35.489010" lon="129.083530" sectionIndex="0" pointIndex="851" originalElevation="136.0" isOriginalElevationFromOSM="false"><ele>140.8</ele></trkpt>
<trkpt lat="35.489210" lon="129.083280" sectionIndex="0" pointIndex="852" originalElevation="149.0" isOriginalElevationFromOSM="false"><ele>142.7</ele></trkpt>
<trkpt lat="35.489579" lon="129.082640" sectionIndex="0" pointIndex="853" originalElevation="149.0" isOriginalElevationFromOSM="false"><ele>144.7</ele></trkpt>
<trkpt lat="35.489669" lon="129.082510" sectionIndex="0" pointIndex="854" originalElevation="149.0" isOriginalElevationFromOSM="false"><ele>145.6</ele></trkpt>
<trkpt lat="35.489759" lon="129.082428" sectionIndex="0" pointIndex="855" originalElevation="167.0" isOriginalElevationFromOSM="false"><ele>145.9</ele></trkpt>
<trkpt lat="35.489860" lon="129.082370" sectionIndex="0" pointIndex="856" originalElevation="167.0" isOriginalElevationFromOSM="false"><ele>145.3</ele></trkpt>
<trkpt lat="35.490000" lon="129.082330" sectionIndex="0" pointIndex="857" originalElevation="151.0" isOriginalElevationFromOSM="false"><ele>144.3</ele></trkpt>
<trkpt lat="35.490440" lon="129.082280" sectionIndex="0" pointIndex="858" originalElevation="151.0" isOriginalElevationFromOSM="false"><ele>143.4</ele></trkpt>
<trkpt lat="35.490440" lon="129.082280" sectionIndex="0" pointIndex="859" originalElevation="151.0" isOriginalElevationFromOSM="false"><ele>142.5</ele></trkpt>
<trkpt lat="35.490720" lon="129.082248" sectionIndex="0" pointIndex="860" originalElevation="151.0" isOriginalElevationFromOSM="false"><ele>140.7</ele></trkpt>
<trkpt lat="35.490760" lon="129.082950" sectionIndex="0" pointIndex="861" originalElevation="134.0" isOriginalElevationFromOSM="false"><ele>138.9</ele></trkpt>
<trkpt lat="35.490810" lon="129.083650" sectionIndex="0" pointIndex="862" originalElevation="126.0" isOriginalElevationFromOSM="false"><ele>137.1</ele></trkpt>
<trkpt lat="35.490810" lon="129.084090" sectionIndex="0" pointIndex="863" originalElevation="126.0" isOriginalElevationFromOSM="false"><ele>134.1</ele></trkpt>
<trkpt lat="35.490890" lon="129.084370" sectionIndex="0" pointIndex="864" originalElevation="122.0" isOriginalElevationFromOSM="false"><ele>131.1</ele></trkpt>
<trkpt lat="35.490918" lon="129.084361" sectionIndex="0" pointIndex="865" originalElevation="122.0" isOriginalElevationFromOSM="false"><ele>129.4</ele></trkpt>
<trkpt lat="35.490890" lon="129.084370" sectionIndex="0" pointIndex="866" originalElevation="122.0" isOriginalElevationFromOSM="false"><ele>127.7</ele></trkpt>
<trkpt lat="35.490950" lon="129.084560" sectionIndex="0" pointIndex="867" originalElevation="122.0" isOriginalElevationFromOSM="false"><ele>126.2</ele></trkpt>
<trkpt lat="35.490980" lon="129.084660" sectionIndex="0" pointIndex="868" originalElevation="122.0" isOriginalElevationFromOSM="false"><ele>124.7</ele></trkpt>
<trkpt lat="35.491450" lon="129.084480" sectionIndex="0" pointIndex="869" originalElevation="122.0" isOriginalElevationFromOSM="false"><ele>124.4</ele></trkpt>
<trkpt lat="35.491540" lon="129.084750" sectionIndex="0" pointIndex="870" originalElevation="122.0" isOriginalElevationFromOSM="false"><ele>124.7</ele></trkpt>
<trkpt lat="35.491600" lon="129.084870" sectionIndex="0" pointIndex="871" originalElevation="122.0" isOriginalElevationFromOSM="false"><ele>125.1</ele></trkpt>
<trkpt lat="35.491770" lon="129.085017" sectionIndex="0" pointIndex="872" originalElevation="126.0" isOriginalElevationFromOSM="false"><ele>125.6</ele></trkpt>
<trkpt lat="35.492410" lon="129.085460" sectionIndex="0" pointIndex="873" originalElevation="126.0" isOriginalElevationFromOSM="false"><ele>126.2</ele></trkpt>
<trkpt lat="35.493200" lon="129.085770" sectionIndex="0" pointIndex="874" originalElevation="128.0" isOriginalElevationFromOSM="false"><ele>127.3</ele></trkpt>
<trkpt lat="35.493220" lon="129.085680" sectionIndex="0" pointIndex="875" originalElevation="128.0" isOriginalElevationFromOSM="false"><ele>128.3</ele></trkpt>
<trkpt lat="35.493980" lon="129.085940" sectionIndex="0" pointIndex="876" originalElevation="130.0" isOriginalElevationFromOSM="false"><ele>129.5</ele></trkpt>
<trkpt lat="35.494750" lon="129.086188" sectionIndex="0" pointIndex="877" originalElevation="131.0" isOriginalElevationFromOSM="false"><ele>131.1</ele></trkpt>
<trkpt lat="35.494620" lon="129.086739" sectionIndex="0" pointIndex="878" originalElevation="131.0" isOriginalElevationFromOSM="true"><ele>132.7</ele></trkpt>
<trkpt lat="35.494480" lon="129.087310" sectionIndex="0" pointIndex="879" originalElevation="130.2" isOriginalElevationFromOSM="true"><ele>134.4</ele></trkpt>
<trkpt lat="35.495100" lon="129.087390" sectionIndex="0" pointIndex="880" originalElevation="130.9" isOriginalElevationFromOSM="true"><ele>135.7</ele></trkpt>
<trkpt lat="35.496060" lon="129.087560" sectionIndex="0" pointIndex="881" originalElevation="137.7" isOriginalElevationFromOSM="true"><ele>137.1</ele></trkpt>
<trkpt lat="35.496520" lon="129.087660" sectionIndex="0" pointIndex="882" originalElevation="138.5" isOriginalElevationFromOSM="true"><ele>138.4</ele></trkpt>
<trkpt lat="35.498910" lon="129.088510" sectionIndex="0" pointIndex="883" originalElevation="139.6" isOriginalElevationFromOSM="true"><ele>139.6</ele></trkpt>
<trkpt lat="35.499860" lon="129.088820" sectionIndex="0" pointIndex="884" originalElevation="145.8" isOriginalElevationFromOSM="true"><ele>140.5</ele></trkpt>
<trkpt lat="35.500030" lon="129.088850" sectionIndex="0" pointIndex="885" originalElevation="146.4" isOriginalElevationFromOSM="true"><ele>141.4</ele></trkpt>
<trkpt lat="35.500230" lon="129.088850" sectionIndex="0" pointIndex="886" originalElevation="146.3" isOriginalElevationFromOSM="true"><ele>142.3</ele></trkpt>
<trkpt lat="35.500400" lon="129.088810" sectionIndex="0" pointIndex="887" originalElevation="146.3" isOriginalElevationFromOSM="true"><ele>143.3</ele></trkpt>
<trkpt lat="35.500490" lon="129.088750" sectionIndex="0" pointIndex="888" originalElevation="146.5" isOriginalElevationFromOSM="true"><ele>144.2</ele></trkpt>
<trkpt lat="35.501900" lon="129.088300" sectionIndex="0" pointIndex="889" originalElevation="147.4" isOriginalElevationFromOSM="true"><ele>144.5</ele></trkpt>
<trkpt lat="35.503180" lon="129.087920" sectionIndex="0" pointIndex="890" originalElevation="145.8" isOriginalElevationFromOSM="true"><ele>144.8</ele></trkpt>
<trkpt lat="35.503530" lon="129.087970" sectionIndex="0" pointIndex="891" originalElevation="144.4" isOriginalElevationFromOSM="true"><ele>144.9</ele></trkpt>
<trkpt lat="35.504680" lon="129.088550" sectionIndex="0" pointIndex="892" originalElevation="144.5" isOriginalElevationFromOSM="true"><ele>144.7</ele></trkpt>
<trkpt lat="35.504890" lon="129.088709" sectionIndex="0" pointIndex="893" originalElevation="144.8" isOriginalElevationFromOSM="true"><ele>144.8</ele></trkpt>
<trkpt lat="35.504930" lon="129.088750" sectionIndex="0" pointIndex="894" originalElevation="144.8" isOriginalElevationFromOSM="true"><ele>145.2</ele></trkpt>
<trkpt lat="35.505070" lon="129.088979" sectionIndex="0" pointIndex="895" originalElevation="144.6" isOriginalElevationFromOSM="true"><ele>145.5</ele></trkpt>
<trkpt lat="35.505600" lon="129.090160" sectionIndex="0" pointIndex="896" originalElevation="142.4" isOriginalElevationFromOSM="true"><ele>145.7</ele></trkpt>
<trkpt lat="35.505840" lon="129.090600" sectionIndex="0" pointIndex="897" originalElevation="142.3" isOriginalElevationFromOSM="true"><ele>145.8</ele></trkpt>
<trkpt lat="35.506090" lon="129.091010" sectionIndex="0" pointIndex="898" originalElevation="141.8" isOriginalElevationFromOSM="true"><ele>146.1</ele></trkpt>
<trkpt lat="35.506580" lon="129.091790" sectionIndex="0" pointIndex="899" originalElevation="142.9" isOriginalElevationFromOSM="true"><ele>146.4</ele></trkpt>
<trkpt lat="35.507030" lon="129.092300" sectionIndex="0" pointIndex="900" originalElevation="147.7" isOriginalElevationFromOSM="true"><ele>146.8</ele></trkpt>
<trkpt lat="35.507470" lon="129.092638" sectionIndex="0" pointIndex="901" originalElevation="151.5" isOriginalElevationFromOSM="true"><ele>147.4</ele></trkpt>
<trkpt lat="35.507730" lon="129.092808" sectionIndex="0" pointIndex="902" originalElevation="151.0" isOriginalElevationFromOSM="true"><ele>148.3</ele></trkpt>
<trkpt lat="35.508160" lon="129.093150" sectionIndex="0" pointIndex="903" originalElevation="149.6" isOriginalElevationFromOSM="true"><ele>149.2</ele></trkpt>
<trkpt lat="35.508360" lon="129.093358" sectionIndex="0" pointIndex="904" originalElevation="149.0" isOriginalElevationFromOSM="true"><ele>150.1</ele></trkpt>
<trkpt lat="35.508800" lon="129.093950" sectionIndex="0" pointIndex="905" originalElevation="149.8" isOriginalElevationFromOSM="true"><ele>151.2</ele></trkpt>
<trkpt lat="35.508920" lon="129.094060" sectionIndex="0" pointIndex="906" originalElevation="150.1" isOriginalElevationFromOSM="true"><ele>152.4</ele></trkpt>
<trkpt lat="35.509010" lon="129.094140" sectionIndex="0" pointIndex="907" originalElevation="150.5" isOriginalElevationFromOSM="true"><ele>153.3</ele></trkpt>
<trkpt lat="35.509640" lon="129.094460" sectionIndex="0" pointIndex="908" originalElevation="153.7" isOriginalElevationFromOSM="true"><ele>153.9</ele></trkpt>
<trkpt lat="35.511230" lon="129.095180" sectionIndex="0" pointIndex="909" originalElevation="157.6" isOriginalElevationFromOSM="true"><ele>154.1</ele></trkpt>
<trkpt lat="35.511370" lon="129.095260" sectionIndex="0" pointIndex="910" originalElevation="157.5" isOriginalElevationFromOSM="true"><ele>153.4</ele></trkpt>
<trkpt lat="35.511550" lon="129.095450" sectionIndex="0" pointIndex="911" originalElevation="157.1" isOriginalElevationFromOSM="true"><ele>153.2</ele></trkpt>
<trkpt lat="35.512460" lon="129.095750" sectionIndex="0" pointIndex="912" originalElevation="158.2" isOriginalElevationFromOSM="true"><ele>152.7</ele></trkpt>
<trkpt lat="35.513500" lon="129.096049" sectionIndex="0" pointIndex="913" originalElevation="159.5" isOriginalElevationFromOSM="true"><ele>152.1</ele></trkpt>
<trkpt lat="35.516130" lon="129.096780" sectionIndex="0" pointIndex="914" originalElevation="156.1" isOriginalElevationFromOSM="true"><ele>151.4</ele></trkpt>
<trkpt lat="35.518470" lon="129.097510" sectionIndex="0" pointIndex="915" originalElevation="157.3" isOriginalElevationFromOSM="true"><ele>150.8</ele></trkpt>
<trkpt lat="35.519060" lon="129.097710" sectionIndex="0" pointIndex="916" originalElevation="154.8" isOriginalElevationFromOSM="true"><ele>149.9</ele></trkpt>
<trkpt lat="35.521000" lon="129.098330" sectionIndex="0" pointIndex="917" originalElevation="140.8" isOriginalElevationFromOSM="true"><ele>148.7</ele></trkpt>
<trkpt lat="35.525980" lon="129.100050" sectionIndex="0" pointIndex="918" originalElevation="145.5" isOriginalElevationFromOSM="true"><ele>147.3</ele></trkpt>
<trkpt lat="35.527770" lon="129.100709" sectionIndex="0" pointIndex="919" originalElevation="141.9" isOriginalElevationFromOSM="true"><ele>145.9</ele></trkpt>
<trkpt lat="35.528420" lon="129.100930" sectionIndex="0" pointIndex="920" originalElevation="140.7" isOriginalElevationFromOSM="true"><ele>143.3</ele></trkpt>
<trkpt lat="35.528640" lon="129.101020" sectionIndex="0" pointIndex="921" originalElevation="140.5" isOriginalElevationFromOSM="true"><ele>139.9</ele></trkpt>
<trkpt lat="35.529070" lon="129.101238" sectionIndex="0" pointIndex="922" originalElevation="140.4" isOriginalElevationFromOSM="true"><ele>136.7</ele></trkpt>
<trkpt lat="35.529330" lon="129.101419" sectionIndex="0" pointIndex="923" originalElevation="140.2" isOriginalElevationFromOSM="true"><ele>133.4</ele></trkpt>
<trkpt lat="35.529490" lon="129.101550" sectionIndex="0" pointIndex="924" originalElevation="139.8" isOriginalElevationFromOSM="true"><ele>130.1</ele></trkpt>
<trkpt lat="35.529860" lon="129.101980" sectionIndex="0" pointIndex="925" originalElevation="137.3" isOriginalElevationFromOSM="true"><ele>127.7</ele></trkpt>
<trkpt lat="35.530140" lon="129.102260" sectionIndex="0" pointIndex="926" originalElevation="135.4" isOriginalElevationFromOSM="true"><ele>124.8</ele></trkpt>
<trkpt lat="35.533010" lon="129.106259" sectionIndex="0" pointIndex="927" originalElevation="118.8" isOriginalElevationFromOSM="true"><ele>122.1</ele></trkpt>
<trkpt lat="35.536270" lon="129.110790" sectionIndex="0" pointIndex="928" originalElevation="108.7" isOriginalElevationFromOSM="true"><ele>119.8</ele></trkpt>
<trkpt lat="35.536570" lon="129.111150" sectionIndex="0" pointIndex="929" originalElevation="108.2" isOriginalElevationFromOSM="true"><ele>117.5</ele></trkpt>
<trkpt lat="35.536710" lon="129.111280" sectionIndex="0" pointIndex="930" originalElevation="107.7" isOriginalElevationFromOSM="true"><ele>115.1</ele></trkpt>
<trkpt lat="35.536980" lon="129.111490" sectionIndex="0" pointIndex="931" originalElevation="106.3" isOriginalElevationFromOSM="true"><ele>112.8</ele></trkpt>
<trkpt lat="35.537320" lon="129.111690" sectionIndex="0" pointIndex="932" originalElevation="104.5" isOriginalElevationFromOSM="true"><ele>110.4</ele></trkpt>
<trkpt lat="35.537900" lon="129.111870" sectionIndex="0" pointIndex="933" originalElevation="102.0" isOriginalElevationFromOSM="true"><ele>108.2</ele></trkpt>
<trkpt lat="35.538300" lon="129.111910" sectionIndex="0" pointIndex="934" originalElevation="100.8" isOriginalElevationFromOSM="true"><ele>106.1</ele></trkpt>
<trkpt lat="35.541530" lon="129.111930" sectionIndex="0" pointIndex="935" originalElevation="106.1" isOriginalElevationFromOSM="true"><ele>104.9</ele></trkpt>
<trkpt lat="35.542000" lon="129.111989" sectionIndex="0" pointIndex="936" originalElevation="105.7" isOriginalElevationFromOSM="true"><ele>104.3</ele></trkpt>
<trkpt lat="35.542550" lon="129.112140" sectionIndex="0" pointIndex="937" originalElevation="105.5" isOriginalElevationFromOSM="true"><ele>103.3</ele></trkpt>
<trkpt lat="35.543120" lon="129.112390" sectionIndex="0" pointIndex="938" originalElevation="105.9" isOriginalElevationFromOSM="true"><ele>102.6</ele></trkpt>
<trkpt lat="35.545070" lon="129.113700" sectionIndex="0" pointIndex="939" originalElevation="103.1" isOriginalElevationFromOSM="true"><ele>102.2</ele></trkpt>
<trkpt lat="35.545820" lon="129.114190" sectionIndex="0" pointIndex="940" originalElevation="104.0" isOriginalElevationFromOSM="true"><ele>102.1</ele></trkpt>
<trkpt lat="35.546580" lon="129.114720" sectionIndex="0" pointIndex="941" originalElevation="104.6" isOriginalElevationFromOSM="true"><ele>102.1</ele></trkpt>
<trkpt lat="35.547510" lon="129.115288" sectionIndex="0" pointIndex="942" originalElevation="100.6" isOriginalElevationFromOSM="true"><ele>101.6</ele></trkpt>
<trkpt lat="35.547760" lon="129.115420" sectionIndex="0" pointIndex="943" originalElevation="98.9" isOriginalElevationFromOSM="true"><ele>100.7</ele></trkpt>
<trkpt lat="35.548980" lon="129.115960" sectionIndex="0" pointIndex="944" originalElevation="94.5" isOriginalElevationFromOSM="true"><ele>99.7</ele></trkpt>
<trkpt lat="35.551010" lon="129.116909" sectionIndex="0" pointIndex="945" originalElevation="96.0" isOriginalElevationFromOSM="true"><ele>98.7</ele></trkpt>
<trkpt lat="35.552300" lon="129.117480" sectionIndex="0" pointIndex="946" originalElevation="100.3" isOriginalElevationFromOSM="true"><ele>97.6</ele></trkpt>
<trkpt lat="35.553140" lon="129.117840" sectionIndex="0" pointIndex="947" originalElevation="103.9" isOriginalElevationFromOSM="true"><ele>96.7</ele></trkpt>
<trkpt lat="35.553560" lon="129.118060" sectionIndex="0" pointIndex="948" originalElevation="101.3" isOriginalElevationFromOSM="true"><ele>95.5</ele></trkpt>
<trkpt lat="35.554450" lon="129.118450" sectionIndex="0" pointIndex="949" originalElevation="93.3" isOriginalElevationFromOSM="true"><ele>94.3</ele></trkpt>
<trkpt lat="35.554660" lon="129.118570" sectionIndex="0" pointIndex="950" originalElevation="92.6" isOriginalElevationFromOSM="true"><ele>93.4</ele></trkpt>
<trkpt lat="35.554930" lon="129.118760" sectionIndex="0" pointIndex="951" originalElevation="91.5" isOriginalElevationFromOSM="true"><ele>92.3</ele></trkpt>
<trkpt lat="35.555310" lon="129.119100" sectionIndex="0" pointIndex="952" originalElevation="90.4" isOriginalElevationFromOSM="true"><ele>91.5</ele></trkpt>
<trkpt lat="35.555510" lon="129.119270" sectionIndex="0" pointIndex="953" originalElevation="89.3" isOriginalElevationFromOSM="true"><ele>90.4</ele></trkpt>
<trkpt lat="35.555610" lon="129.119400" sectionIndex="0" pointIndex="954" originalElevation="88.8" isOriginalElevationFromOSM="true"><ele>88.9</ele></trkpt>
<trkpt lat="35.555800" lon="129.119250" sectionIndex="0" pointIndex="955" originalElevation="87.2" isOriginalElevationFromOSM="true"><ele>87.5</ele></trkpt>
<trkpt lat="35.555920" lon="129.119220" sectionIndex="0" pointIndex="956" originalElevation="86.5" isOriginalElevationFromOSM="true"><ele>86.9</ele></trkpt>
<trkpt lat="35.556000" lon="129.119228" sectionIndex="0" pointIndex="957" originalElevation="86.1" isOriginalElevationFromOSM="true"><ele>87.9</ele></trkpt>
<trkpt lat="35.556450" lon="129.119390" sectionIndex="0" pointIndex="958" originalElevation="83.6" isOriginalElevationFromOSM="true"><ele>89.0</ele></trkpt>
<trkpt lat="35.556760" lon="129.119560" sectionIndex="0" pointIndex="959" originalElevation="81.8" isOriginalElevationFromOSM="true"><ele>90.2</ele></trkpt>
<trkpt lat="35.557350" lon="129.119940" sectionIndex="0" pointIndex="960" originalElevation="79.3" isOriginalElevationFromOSM="true"><ele>91.4</ele></trkpt>
<trkpt lat="35.557480" lon="129.120010" sectionIndex="0" pointIndex="961" originalElevation="78.0" isOriginalElevationFromOSM="true"><ele>92.8</ele></trkpt>
<trkpt lat="35.557960" lon="129.118100" sectionIndex="0" pointIndex="962" originalElevation="83.0" isOriginalElevationFromOSM="true"><ele>94.1</ele></trkpt>
<trkpt lat="35.558540" lon="129.115828" sectionIndex="0" pointIndex="963" originalElevation="92.0" isOriginalElevationFromOSM="true"><ele>95.5</ele></trkpt>
<trkpt lat="35.559050" lon="129.113779" sectionIndex="0" pointIndex="964" originalElevation="109.0" isOriginalElevationFromOSM="false"><ele>97.0</ele></trkpt>
<trkpt lat="35.559063" lon="129.113727" sectionIndex="0" pointIndex="965" originalElevation="109.0" isOriginalElevationFromOSM="false"><ele>98.6</ele></trkpt>
<trkpt lat="35.559077" lon="129.113674" sectionIndex="0" pointIndex="966" originalElevation="109.0" isOriginalElevationFromOSM="false"><ele>101.1</ele></trkpt>
<trkpt lat="35.559091" lon="129.113621" sectionIndex="0" pointIndex="967" originalElevation="109.0" isOriginalElevationFromOSM="false"><ele>103.7</ele></trkpt>
<trkpt lat="35.559105" lon="129.113569" sectionIndex="0" pointIndex="968" originalElevation="109.0" isOriginalElevationFromOSM="false"><ele>106.5</ele></trkpt>
<trkpt lat="35.559119" lon="129.113517" sectionIndex="0" pointIndex="969" originalElevation="109.0" isOriginalElevationFromOSM="false"><ele>109.3</ele></trkpt>
<trkpt lat="35.559133" lon="129.113464" sectionIndex="0" pointIndex="970" originalElevation="109.0" isOriginalElevationFromOSM="false"><ele>111.9</ele></trkpt>
<trkpt lat="35.559147" lon="129.113412" sectionIndex="0" pointIndex="971" originalElevation="109.0" isOriginalElevationFromOSM="false"><ele>113.8</ele></trkpt>
<trkpt lat="35.559160" lon="129.113359" sectionIndex="0" pointIndex="972" originalElevation="109.0" isOriginalElevationFromOSM="false"><ele>114.6</ele></trkpt>
<trkpt lat="35.559174" lon="129.113306" sectionIndex="0" pointIndex="973" originalElevation="121.0" isOriginalElevationFromOSM="false"><ele>115.4</ele></trkpt>
<trkpt lat="35.559188" lon="129.113254" sectionIndex="0" pointIndex="974" originalElevation="121.0" isOriginalElevationFromOSM="false"><ele>116.2</ele></trkpt>
<trkpt lat="35.559202" lon="129.113202" sectionIndex="0" pointIndex="975" originalElevation="121.0" isOriginalElevationFromOSM="false"><ele>117.0</ele></trkpt>
<trkpt lat="35.559216" lon="129.113149" sectionIndex="0" pointIndex="976" originalElevation="121.0" isOriginalElevationFromOSM="false"><ele>117.8</ele></trkpt>
<trkpt lat="35.559230" lon="129.113097" sectionIndex="0" pointIndex="977" originalElevation="121.0" isOriginalElevationFromOSM="false"><ele>118.6</ele></trkpt>
<trkpt lat="35.559244" lon="129.113044" sectionIndex="0" pointIndex="978" originalElevation="121.0" isOriginalElevationFromOSM="false"><ele>119.4</ele></trkpt>
<trkpt lat="35.559257" lon="129.112991" sectionIndex="0" pointIndex="979" originalElevation="121.0" isOriginalElevationFromOSM="false"><ele>120.2</ele></trkpt>
<trkpt lat="35.559271" lon="129.112939" sectionIndex="0" pointIndex="980" originalElevation="121.0" isOriginalElevationFromOSM="false"><ele>121.0</ele></trkpt>
<trkpt lat="35.559285" lon="129.112887" sectionIndex="0" pointIndex="981" originalElevation="121.0" isOriginalElevationFromOSM="false"><ele>121.0</ele></trkpt>
<trkpt lat="35.559299" lon="129.112833" sectionIndex="0" pointIndex="982" originalElevation="121.0" isOriginalElevationFromOSM="false"><ele>122.5</ele></trkpt>
<trkpt lat="35.559313" lon="129.112782" sectionIndex="0" pointIndex="983" originalElevation="121.0" isOriginalElevationFromOSM="false"><ele>123.9</ele></trkpt>
<trkpt lat="35.559327" lon="129.112729" sectionIndex="0" pointIndex="984" originalElevation="121.0" isOriginalElevationFromOSM="false"><ele>125.4</ele></trkpt>
<trkpt lat="35.559341" lon="129.112676" sectionIndex="0" pointIndex="985" originalElevation="121.0" isOriginalElevationFromOSM="false"><ele>126.9</ele></trkpt>
<trkpt lat="35.559354" lon="129.112624" sectionIndex="0" pointIndex="986" originalElevation="121.0" isOriginalElevationFromOSM="false"><ele>128.3</ele></trkpt>
<trkpt lat="35.559368" lon="129.112572" sectionIndex="0" pointIndex="987" originalElevation="121.0" isOriginalElevationFromOSM="false"><ele>129.8</ele></trkpt>
<trkpt lat="35.559382" lon="129.112518" sectionIndex="0" pointIndex="988" originalElevation="121.0" isOriginalElevationFromOSM="false"><ele>131.3</ele></trkpt>
<trkpt lat="35.559396" lon="129.112467" sectionIndex="0" pointIndex="989" originalElevation="143.0" isOriginalElevationFromOSM="false"><ele>132.7</ele></trkpt>
<trkpt lat="35.559410" lon="129.112414" sectionIndex="0" pointIndex="990" originalElevation="143.0" isOriginalElevationFromOSM="false"><ele>134.2</ele></trkpt>
<trkpt lat="35.559424" lon="129.112361" sectionIndex="0" pointIndex="991" originalElevation="143.0" isOriginalElevationFromOSM="false"><ele>135.7</ele></trkpt>
<trkpt lat="35.559438" lon="129.112309" sectionIndex="0" pointIndex="992" originalElevation="143.0" isOriginalElevationFromOSM="false"><ele>137.1</ele></trkpt>
<trkpt lat="35.559451" lon="129.112256" sectionIndex="0" pointIndex="993" originalElevation="143.0" isOriginalElevationFromOSM="false"><ele>138.6</ele></trkpt>
<trkpt lat="35.559465" lon="129.112203" sectionIndex="0" pointIndex="994" originalElevation="143.0" isOriginalElevationFromOSM="false"><ele>140.1</ele></trkpt>
<trkpt lat="35.559479" lon="129.112151" sectionIndex="0" pointIndex="995" originalElevation="143.0" isOriginalElevationFromOSM="false"><ele>141.5</ele></trkpt>
<trkpt lat="35.559493" lon="129.112099" sectionIndex="0" pointIndex="996" originalElevation="143.0" isOriginalElevationFromOSM="false"><ele>143.0</ele></trkpt>
<trkpt lat="35.559507" lon="129.112045" sectionIndex="0" pointIndex="997" originalElevation="143.0" isOriginalElevationFromOSM="false"><ele>143.0</ele></trkpt>
<trkpt lat="35.559521" lon="129.111994" sectionIndex="0" pointIndex="998" originalElevation="143.0" isOriginalElevationFromOSM="false"><ele>144.1</ele></trkpt>
<trkpt lat="35.559535" lon="129.111941" sectionIndex="0" pointIndex="999" originalElevation="143.0" isOriginalElevationFromOSM="false"><ele>145.1</ele></trkpt>
<trkpt lat="35.559548" lon="129.111888" sectionIndex="0" pointIndex="1000" originalElevation="143.0" isOriginalElevationFromOSM="false"><ele>146.2</ele></trkpt>
<trkpt lat="35.559562" lon="129.111836" sectionIndex="0" pointIndex="1001" originalElevation="143.0" isOriginalElevationFromOSM="false"><ele>147.3</ele></trkpt>
<trkpt lat="35.559576" lon="129.111784" sectionIndex="0" pointIndex="1002" originalElevation="143.0" isOriginalElevationFromOSM="false"><ele>148.3</ele></trkpt>
<trkpt lat="35.559590" lon="129.111730" sectionIndex="0" pointIndex="1003" originalElevation="143.0" isOriginalElevationFromOSM="false"><ele>149.4</ele></trkpt>
<trkpt lat="35.559604" lon="129.111679" sectionIndex="0" pointIndex="1004" originalElevation="143.0" isOriginalElevationFromOSM="false"><ele>150.5</ele></trkpt>
<trkpt lat="35.559618" lon="129.111626" sectionIndex="0" pointIndex="1005" originalElevation="159.0" isOriginalElevationFromOSM="false"><ele>151.5</ele></trkpt>
<trkpt lat="35.559624" lon="129.111599" sectionIndex="0" pointIndex="1006" originalElevation="159.0" isOriginalElevationFromOSM="false"><ele>152.6</ele></trkpt>
<trkpt lat="35.559642" lon="129.111548" sectionIndex="0" pointIndex="1007" originalElevation="159.0" isOriginalElevationFromOSM="false"><ele>153.7</ele></trkpt>
<trkpt lat="35.559660" lon="129.111498" sectionIndex="0" pointIndex="1008" originalElevation="159.0" isOriginalElevationFromOSM="false"><ele>154.7</ele></trkpt>
<trkpt lat="35.559679" lon="129.111447" sectionIndex="0" pointIndex="1009" originalElevation="159.0" isOriginalElevationFromOSM="false"><ele>155.8</ele></trkpt>
<trkpt lat="35.559697" lon="129.111397" sectionIndex="0" pointIndex="1010" originalElevation="159.0" isOriginalElevationFromOSM="false"><ele>156.9</ele></trkpt>
<trkpt lat="35.559716" lon="129.111347" sectionIndex="0" pointIndex="1011" originalElevation="159.0" isOriginalElevationFromOSM="false"><ele>157.9</ele></trkpt>
<trkpt lat="35.559734" lon="129.111296" sectionIndex="0" pointIndex="1012" originalElevation="159.0" isOriginalElevationFromOSM="false"><ele>159.0</ele></trkpt>
<trkpt lat="35.559753" lon="129.111246" sectionIndex="0" pointIndex="1013" originalElevation="159.0" isOriginalElevationFromOSM="false"><ele>159.0</ele></trkpt>
<trkpt lat="35.559771" lon="129.111196" sectionIndex="0" pointIndex="1014" originalElevation="159.0" isOriginalElevationFromOSM="false"><ele>159.0</ele></trkpt>
<trkpt lat="35.559790" lon="129.111145" sectionIndex="0" pointIndex="1015" originalElevation="159.0" isOriginalElevationFromOSM="false"><ele>160.0</ele></trkpt>
<trkpt lat="35.559808" lon="129.111095" sectionIndex="0" pointIndex="1016" originalElevation="159.0" isOriginalElevationFromOSM="false"><ele>161.0</ele></trkpt>
<trkpt lat="35.559827" lon="129.111045" sectionIndex="0" pointIndex="1017" originalElevation="159.0" isOriginalElevationFromOSM="false"><ele>162.0</ele></trkpt>
<trkpt lat="35.559845" lon="129.110994" sectionIndex="0" pointIndex="1018" originalElevation="159.0" isOriginalElevationFromOSM="false"><ele>163.0</ele></trkpt>
<trkpt lat="35.559863" lon="129.110944" sectionIndex="0" pointIndex="1019" originalElevation="159.0" isOriginalElevationFromOSM="false"><ele>164.0</ele></trkpt>
<trkpt lat="35.559882" lon="129.110894" sectionIndex="0" pointIndex="1020" originalElevation="159.0" isOriginalElevationFromOSM="false"><ele>163.5</ele></trkpt>
<trkpt lat="35.559900" lon="129.110843" sectionIndex="0" pointIndex="1021" originalElevation="159.0" isOriginalElevationFromOSM="false"><ele>162.9</ele></trkpt>
<trkpt lat="35.559919" lon="129.110793" sectionIndex="0" pointIndex="1022" originalElevation="174.0" isOriginalElevationFromOSM="false"><ele>162.4</ele></trkpt>
<trkpt lat="35.559937" lon="129.110743" sectionIndex="0" pointIndex="1023" originalElevation="174.0" isOriginalElevationFromOSM="false"><ele>161.9</ele></trkpt>
<trkpt lat="35.559956" lon="129.110692" sectionIndex="0" pointIndex="1024" originalElevation="174.0" isOriginalElevationFromOSM="false"><ele>161.3</ele></trkpt>
<trkpt lat="35.559974" lon="129.110642" sectionIndex="0" pointIndex="1025" originalElevation="174.0" isOriginalElevationFromOSM="false"><ele>160.8</ele></trkpt>
<trkpt lat="35.559993" lon="129.110592" sectionIndex="0" pointIndex="1026" originalElevation="174.0" isOriginalElevationFromOSM="false"><ele>160.3</ele></trkpt>
<trkpt lat="35.560011" lon="129.110541" sectionIndex="0" pointIndex="1027" originalElevation="151.0" isOriginalElevationFromOSM="false"><ele>159.7</ele></trkpt>
<trkpt lat="35.560030" lon="129.110491" sectionIndex="0" pointIndex="1028" originalElevation="151.0" isOriginalElevationFromOSM="false"><ele>159.2</ele></trkpt>
<trkpt lat="35.560048" lon="129.110441" sectionIndex="0" pointIndex="1029" originalElevation="151.0" isOriginalElevationFromOSM="false"><ele>158.7</ele></trkpt>
<trkpt lat="35.560067" lon="129.110390" sectionIndex="0" pointIndex="1030" originalElevation="151.0" isOriginalElevationFromOSM="false"><ele>157.1</ele></trkpt>
<trkpt lat="35.560085" lon="129.110340" sectionIndex="0" pointIndex="1031" originalElevation="151.0" isOriginalElevationFromOSM="false"><ele>155.6</ele></trkpt>
<trkpt lat="35.560103" lon="129.110290" sectionIndex="0" pointIndex="1032" originalElevation="151.0" isOriginalElevationFromOSM="false"><ele>154.9</ele></trkpt>
<trkpt lat="35.560122" lon="129.110239" sectionIndex="0" pointIndex="1033" originalElevation="151.0" isOriginalElevationFromOSM="false"><ele>154.3</ele></trkpt>
<trkpt lat="35.560140" lon="129.110189" sectionIndex="0" pointIndex="1034" originalElevation="151.0" isOriginalElevationFromOSM="false"><ele>153.6</ele></trkpt>
<trkpt lat="35.560159" lon="129.110139" sectionIndex="0" pointIndex="1035" originalElevation="151.0" isOriginalElevationFromOSM="false"><ele>154.5</ele></trkpt>
<trkpt lat="35.560177" lon="129.110088" sectionIndex="0" pointIndex="1036" originalElevation="151.0" isOriginalElevationFromOSM="false"><ele>155.3</ele></trkpt>
<trkpt lat="35.560196" lon="129.110038" sectionIndex="0" pointIndex="1037" originalElevation="151.0" isOriginalElevationFromOSM="false"><ele>156.2</ele></trkpt>
<trkpt lat="35.560201" lon="129.110025" sectionIndex="0" pointIndex="1038" originalElevation="151.0" isOriginalElevationFromOSM="false"><ele>157.1</ele></trkpt>
<trkpt lat="35.560223" lon="129.109977" sectionIndex="0" pointIndex="1039" originalElevation="164.0" isOriginalElevationFromOSM="false"><ele>157.9</ele></trkpt>
<trkpt lat="35.560246" lon="129.109930" sectionIndex="0" pointIndex="1040" originalElevation="164.0" isOriginalElevationFromOSM="false"><ele>158.8</ele></trkpt>
<trkpt lat="35.560269" lon="129.109882" sectionIndex="0" pointIndex="1041" originalElevation="164.0" isOriginalElevationFromOSM="false"><ele>159.7</ele></trkpt>
<trkpt lat="35.560291" lon="129.109834" sectionIndex="0" pointIndex="1042" originalElevation="164.0" isOriginalElevationFromOSM="false"><ele>160.5</ele></trkpt>
<trkpt lat="35.560314" lon="129.109787" sectionIndex="0" pointIndex="1043" originalElevation="164.0" isOriginalElevationFromOSM="false"><ele>161.4</ele></trkpt>
<trkpt lat="35.560337" lon="129.109739" sectionIndex="0" pointIndex="1044" originalElevation="164.0" isOriginalElevationFromOSM="false"><ele>162.3</ele></trkpt>
<trkpt lat="35.560359" lon="129.109691" sectionIndex="0" pointIndex="1045" originalElevation="164.0" isOriginalElevationFromOSM="false"><ele>163.1</ele></trkpt>
<trkpt lat="35.560382" lon="129.109644" sectionIndex="0" pointIndex="1046" originalElevation="164.0" isOriginalElevationFromOSM="false"><ele>164.0</ele></trkpt>
<trkpt lat="35.560404" lon="129.109596" sectionIndex="0" pointIndex="1047" originalElevation="164.0" isOriginalElevationFromOSM="false"><ele>164.0</ele></trkpt>
<trkpt lat="35.560427" lon="129.109548" sectionIndex="0" pointIndex="1048" originalElevation="164.0" isOriginalElevationFromOSM="false"><ele>164.0</ele></trkpt>
<trkpt lat="35.560450" lon="129.109501" sectionIndex="0" pointIndex="1049" originalElevation="164.0" isOriginalElevationFromOSM="false"><ele>164.0</ele></trkpt>
<trkpt lat="35.560467" lon="129.109464" sectionIndex="0" pointIndex="1050" originalElevation="164.0" isOriginalElevationFromOSM="false"><ele>164.7</ele></trkpt>
<trkpt lat="35.560493" lon="129.109419" sectionIndex="0" pointIndex="1051" originalElevation="164.0" isOriginalElevationFromOSM="false"><ele>165.3</ele></trkpt>
<trkpt lat="35.560519" lon="129.109374" sectionIndex="0" pointIndex="1052" originalElevation="164.0" isOriginalElevationFromOSM="false"><ele>166.0</ele></trkpt>
<trkpt lat="35.560546" lon="129.109329" sectionIndex="0" pointIndex="1053" originalElevation="164.0" isOriginalElevationFromOSM="false"><ele>166.7</ele></trkpt>
<trkpt lat="35.560572" lon="129.109284" sectionIndex="0" pointIndex="1054" originalElevation="164.0" isOriginalElevationFromOSM="false"><ele>167.3</ele></trkpt>
<trkpt lat="35.560598" lon="129.109240" sectionIndex="0" pointIndex="1055" originalElevation="164.0" isOriginalElevationFromOSM="false"><ele>168.0</ele></trkpt>
<trkpt lat="35.560624" lon="129.109195" sectionIndex="0" pointIndex="1056" originalElevation="164.0" isOriginalElevationFromOSM="false"><ele>168.7</ele></trkpt>
<trkpt lat="35.560650" lon="129.109150" sectionIndex="0" pointIndex="1057" originalElevation="174.0" isOriginalElevationFromOSM="false"><ele>170.3</ele></trkpt>
<trkpt lat="35.560676" lon="129.109105" sectionIndex="0" pointIndex="1058" originalElevation="174.0" isOriginalElevationFromOSM="false"><ele>171.9</ele></trkpt>
<trkpt lat="35.560702" lon="129.109060" sectionIndex="0" pointIndex="1059" originalElevation="174.0" isOriginalElevationFromOSM="false"><ele>173.5</ele></trkpt>
<trkpt lat="35.560729" lon="129.109015" sectionIndex="0" pointIndex="1060" originalElevation="174.0" isOriginalElevationFromOSM="false"><ele>175.1</ele></trkpt>
<trkpt lat="35.560755" lon="129.108970" sectionIndex="0" pointIndex="1061" originalElevation="174.0" isOriginalElevationFromOSM="false"><ele>176.7</ele></trkpt>
<trkpt lat="35.560774" lon="129.108937" sectionIndex="0" pointIndex="1062" originalElevation="174.0" isOriginalElevationFromOSM="false"><ele>178.3</ele></trkpt>
<trkpt lat="35.560805" lon="129.108897" sectionIndex="0" pointIndex="1063" originalElevation="174.0" isOriginalElevationFromOSM="false"><ele>179.9</ele></trkpt>
<trkpt lat="35.560836" lon="129.108858" sectionIndex="0" pointIndex="1064" originalElevation="188.0" isOriginalElevationFromOSM="false"><ele>181.5</ele></trkpt>
<trkpt lat="35.560867" lon="129.108818" sectionIndex="0" pointIndex="1065" originalElevation="188.0" isOriginalElevationFromOSM="false"><ele>182.4</ele></trkpt>
<trkpt lat="35.560898" lon="129.108778" sectionIndex="0" pointIndex="1066" originalElevation="188.0" isOriginalElevationFromOSM="false"><ele>183.3</ele></trkpt>
<trkpt lat="35.560929" lon="129.108738" sectionIndex="0" pointIndex="1067" originalElevation="188.0" isOriginalElevationFromOSM="false"><ele>184.3</ele></trkpt>
<trkpt lat="35.560960" lon="129.108698" sectionIndex="0" pointIndex="1068" originalElevation="188.0" isOriginalElevationFromOSM="false"><ele>185.2</ele></trkpt>
<trkpt lat="35.560991" lon="129.108658" sectionIndex="0" pointIndex="1069" originalElevation="188.0" isOriginalElevationFromOSM="false"><ele>186.1</ele></trkpt>
<trkpt lat="35.561018" lon="129.108624" sectionIndex="0" pointIndex="1070" originalElevation="188.0" isOriginalElevationFromOSM="false"><ele>187.1</ele></trkpt>
<trkpt lat="35.561049" lon="129.108584" sectionIndex="0" pointIndex="1071" originalElevation="188.0" isOriginalElevationFromOSM="false"><ele>189.3</ele></trkpt>
<trkpt lat="35.561081" lon="129.108545" sectionIndex="0" pointIndex="1072" originalElevation="188.0" isOriginalElevationFromOSM="false"><ele>190.5</ele></trkpt>
<trkpt lat="35.561112" lon="129.108505" sectionIndex="0" pointIndex="1073" originalElevation="188.0" isOriginalElevationFromOSM="false"><ele>191.8</ele></trkpt>
<trkpt lat="35.561144" lon="129.108466" sectionIndex="0" pointIndex="1074" originalElevation="188.0" isOriginalElevationFromOSM="false"><ele>193.1</ele></trkpt>
<trkpt lat="35.561175" lon="129.108427" sectionIndex="0" pointIndex="1075" originalElevation="188.0" isOriginalElevationFromOSM="false"><ele>194.3</ele></trkpt>
<trkpt lat="35.561207" lon="129.108387" sectionIndex="0" pointIndex="1076" originalElevation="188.0" isOriginalElevationFromOSM="false"><ele>195.6</ele></trkpt>
<trkpt lat="35.561238" lon="129.108348" sectionIndex="0" pointIndex="1077" originalElevation="188.0" isOriginalElevationFromOSM="false"><ele>196.9</ele></trkpt>
<trkpt lat="35.561269" lon="129.108308" sectionIndex="0" pointIndex="1078" originalElevation="207.0" isOriginalElevationFromOSM="false"><ele>198.1</ele></trkpt>
<trkpt lat="35.561276" lon="129.108300" sectionIndex="0" pointIndex="1079" originalElevation="207.0" isOriginalElevationFromOSM="false"><ele>199.4</ele></trkpt>
<trkpt lat="35.561312" lon="129.108267" sectionIndex="0" pointIndex="1080" originalElevation="207.0" isOriginalElevationFromOSM="false"><ele>200.7</ele></trkpt>
<trkpt lat="35.561349" lon="129.108235" sectionIndex="0" pointIndex="1081" originalElevation="207.0" isOriginalElevationFromOSM="false"><ele>201.9</ele></trkpt>
<trkpt lat="35.561385" lon="129.108202" sectionIndex="0" pointIndex="1082" originalElevation="207.0" isOriginalElevationFromOSM="false"><ele>203.2</ele></trkpt>
<trkpt lat="35.561421" lon="129.108170" sectionIndex="0" pointIndex="1083" originalElevation="207.0" isOriginalElevationFromOSM="false"><ele>204.5</ele></trkpt>
<trkpt lat="35.561457" lon="129.108137" sectionIndex="0" pointIndex="1084" originalElevation="207.0" isOriginalElevationFromOSM="false"><ele>206.7</ele></trkpt>
<trkpt lat="35.561494" lon="129.108104" sectionIndex="0" pointIndex="1085" originalElevation="207.0" isOriginalElevationFromOSM="false"><ele>208.9</ele></trkpt>
<trkpt lat="35.561530" lon="129.108072" sectionIndex="0" pointIndex="1086" originalElevation="207.0" isOriginalElevationFromOSM="false"><ele>209.8</ele></trkpt>
<trkpt lat="35.561566" lon="129.108039" sectionIndex="0" pointIndex="1087" originalElevation="207.0" isOriginalElevationFromOSM="false"><ele>210.7</ele></trkpt>
<trkpt lat="35.561602" lon="129.108007" sectionIndex="0" pointIndex="1088" originalElevation="207.0" isOriginalElevationFromOSM="false"><ele>211.7</ele></trkpt>
<trkpt lat="35.561610" lon="129.108000" sectionIndex="0" pointIndex="1089" originalElevation="207.0" isOriginalElevationFromOSM="false"><ele>212.6</ele></trkpt>
<trkpt lat="35.561649" lon="129.107973" sectionIndex="0" pointIndex="1090" originalElevation="207.0" isOriginalElevationFromOSM="false"><ele>213.5</ele></trkpt>
<trkpt lat="35.561689" lon="129.107946" sectionIndex="0" pointIndex="1091" originalElevation="221.0" isOriginalElevationFromOSM="false"><ele>214.5</ele></trkpt>
<trkpt lat="35.561728" lon="129.107919" sectionIndex="0" pointIndex="1092" originalElevation="221.0" isOriginalElevationFromOSM="false"><ele>215.4</ele></trkpt>
<trkpt lat="35.561767" lon="129.107892" sectionIndex="0" pointIndex="1093" originalElevation="221.0" isOriginalElevationFromOSM="false"><ele>216.3</ele></trkpt>
<trkpt lat="35.561806" lon="129.107865" sectionIndex="0" pointIndex="1094" originalElevation="221.0" isOriginalElevationFromOSM="false"><ele>217.3</ele></trkpt>
<trkpt lat="35.561846" lon="129.107838" sectionIndex="0" pointIndex="1095" originalElevation="221.0" isOriginalElevationFromOSM="false"><ele>218.2</ele></trkpt>
<trkpt lat="35.561885" lon="129.107811" sectionIndex="0" pointIndex="1096" originalElevation="221.0" isOriginalElevationFromOSM="false"><ele>219.1</ele></trkpt>
<trkpt lat="35.561924" lon="129.107785" sectionIndex="0" pointIndex="1097" originalElevation="221.0" isOriginalElevationFromOSM="false"><ele>220.1</ele></trkpt>
<trkpt lat="35.561943" lon="129.107771" sectionIndex="0" pointIndex="1098" originalElevation="221.0" isOriginalElevationFromOSM="false"><ele>221.0</ele></trkpt>
<trkpt lat="35.561984" lon="129.107749" sectionIndex="0" pointIndex="1099" originalElevation="221.0" isOriginalElevationFromOSM="false"><ele>221.0</ele></trkpt>
<trkpt lat="35.562025" lon="129.107726" sectionIndex="0" pointIndex="1100" originalElevation="221.0" isOriginalElevationFromOSM="false"><ele>221.0</ele></trkpt>
<trkpt lat="35.562066" lon="129.107704" sectionIndex="0" pointIndex="1101" originalElevation="221.0" isOriginalElevationFromOSM="false"><ele>221.0</ele></trkpt>
<trkpt lat="35.562107" lon="129.107681" sectionIndex="0" pointIndex="1102" originalElevation="221.0" isOriginalElevationFromOSM="false"><ele>221.0</ele></trkpt>
<trkpt lat="35.562148" lon="129.107659" sectionIndex="0" pointIndex="1103" originalElevation="221.0" isOriginalElevationFromOSM="false"><ele>221.0</ele></trkpt>
<trkpt lat="35.562189" lon="129.107636" sectionIndex="0" pointIndex="1104" originalElevation="221.0" isOriginalElevationFromOSM="false"><ele>220.8</ele></trkpt>
<trkpt lat="35.562221" lon="129.107619" sectionIndex="0" pointIndex="1105" originalElevation="221.0" isOriginalElevationFromOSM="false"><ele>218.9</ele></trkpt>
<trkpt lat="35.562262" lon="129.107599" sectionIndex="0" pointIndex="1106" originalElevation="221.0" isOriginalElevationFromOSM="false"><ele>217.1</ele></trkpt>
<trkpt lat="35.562304" lon="129.107579" sectionIndex="0" pointIndex="1107" originalElevation="221.0" isOriginalElevationFromOSM="false"><ele>215.2</ele></trkpt>
<trkpt lat="35.562346" lon="129.107559" sectionIndex="0" pointIndex="1108" originalElevation="221.0" isOriginalElevationFromOSM="false"><ele>213.3</ele></trkpt>
<trkpt lat="35.562388" lon="129.107539" sectionIndex="0" pointIndex="1109" originalElevation="221.0" isOriginalElevationFromOSM="false"><ele>211.5</ele></trkpt>
<trkpt lat="35.562430" lon="129.107519" sectionIndex="0" pointIndex="1110" originalElevation="221.0" isOriginalElevationFromOSM="false"><ele>209.6</ele></trkpt>
<trkpt lat="35.562472" lon="129.107499" sectionIndex="0" pointIndex="1111" originalElevation="218.0" isOriginalElevationFromOSM="false"><ele>207.7</ele></trkpt>
<trkpt lat="35.562514" lon="129.107479" sectionIndex="0" pointIndex="1112" originalElevation="193.0" isOriginalElevationFromOSM="false"><ele>205.9</ele></trkpt>
<trkpt lat="35.562556" lon="129.107459" sectionIndex="0" pointIndex="1113" originalElevation="193.0" isOriginalElevationFromOSM="false"><ele>204.0</ele></trkpt>
<trkpt lat="35.562598" lon="129.107439" sectionIndex="0" pointIndex="1114" originalElevation="193.0" isOriginalElevationFromOSM="false"><ele>202.1</ele></trkpt>
<trkpt lat="35.562616" lon="129.107431" sectionIndex="0" pointIndex="1115" originalElevation="193.0" isOriginalElevationFromOSM="false"><ele>200.3</ele></trkpt>
<trkpt lat="35.562659" lon="129.107414" sectionIndex="0" pointIndex="1116" originalElevation="193.0" isOriginalElevationFromOSM="false"><ele>198.4</ele></trkpt>
<trkpt lat="35.562702" lon="129.107398" sectionIndex="0" pointIndex="1117" originalElevation="193.0" isOriginalElevationFromOSM="false"><ele>196.5</ele></trkpt>
<trkpt lat="35.562745" lon="129.107382" sectionIndex="0" pointIndex="1118" originalElevation="193.0" isOriginalElevationFromOSM="false"><ele>194.7</ele></trkpt>
<trkpt lat="35.562788" lon="129.107366" sectionIndex="0" pointIndex="1119" originalElevation="193.0" isOriginalElevationFromOSM="false"><ele>193.0</ele></trkpt>
<trkpt lat="35.562830" lon="129.107349" sectionIndex="0" pointIndex="1120" originalElevation="193.0" isOriginalElevationFromOSM="false"><ele>193.0</ele></trkpt>
<trkpt lat="35.562873" lon="129.107333" sectionIndex="0" pointIndex="1121" originalElevation="193.0" isOriginalElevationFromOSM="false"><ele>193.0</ele></trkpt>
<trkpt lat="35.562916" lon="129.107317" sectionIndex="0" pointIndex="1122" originalElevation="193.0" isOriginalElevationFromOSM="false"><ele>193.0</ele></trkpt>
<trkpt lat="35.562959" lon="129.107300" sectionIndex="0" pointIndex="1123" originalElevation="193.0" isOriginalElevationFromOSM="false"><ele>193.0</ele></trkpt>
<trkpt lat="35.562970" lon="129.107297" sectionIndex="0" pointIndex="1124" originalElevation="193.0" isOriginalElevationFromOSM="false"><ele>193.0</ele></trkpt>
<trkpt lat="35.563014" lon="129.107287" sectionIndex="0" pointIndex="1125" originalElevation="193.0" isOriginalElevationFromOSM="false"><ele>193.0</ele></trkpt>
<trkpt lat="35.563058" lon="129.107277" sectionIndex="0" pointIndex="1126" originalElevation="193.0" isOriginalElevationFromOSM="false"><ele>190.7</ele></trkpt>
<trkpt lat="35.563102" lon="129.107267" sectionIndex="0" pointIndex="1127" originalElevation="193.0" isOriginalElevationFromOSM="false"><ele>188.3</ele></trkpt>
<trkpt lat="35.563146" lon="129.107257" sectionIndex="0" pointIndex="1128" originalElevation="193.0" isOriginalElevationFromOSM="false"><ele>186.0</ele></trkpt>
<trkpt lat="35.563190" lon="129.107247" sectionIndex="0" pointIndex="1129" originalElevation="193.0" isOriginalElevationFromOSM="false"><ele>183.7</ele></trkpt>
<trkpt lat="35.563232" lon="129.107237" sectionIndex="0" pointIndex="1130" originalElevation="193.0" isOriginalElevationFromOSM="false"><ele>181.3</ele></trkpt>
<trkpt lat="35.563276" lon="129.107226" sectionIndex="0" pointIndex="1131" originalElevation="193.0" isOriginalElevationFromOSM="false"><ele>179.0</ele></trkpt>
<trkpt lat="35.563320" lon="129.107214" sectionIndex="0" pointIndex="1132" originalElevation="193.0" isOriginalElevationFromOSM="false"><ele>176.7</ele></trkpt>
<trkpt lat="35.563364" lon="129.107203" sectionIndex="0" pointIndex="1133" originalElevation="158.0" isOriginalElevationFromOSM="false"><ele>174.3</ele></trkpt>
<trkpt lat="35.563408" lon="129.107192" sectionIndex="0" pointIndex="1134" originalElevation="158.0" isOriginalElevationFromOSM="false"><ele>172.0</ele></trkpt>
<trkpt lat="35.563452" lon="129.107180" sectionIndex="0" pointIndex="1135" originalElevation="158.0" isOriginalElevationFromOSM="false"><ele>167.2</ele></trkpt>
<trkpt lat="35.563496" lon="129.107169" sectionIndex="0" pointIndex="1136" originalElevation="158.0" isOriginalElevationFromOSM="false"><ele>161.9</ele></trkpt>
<trkpt lat="35.563540" lon="129.107157" sectionIndex="0" pointIndex="1137" originalElevation="158.0" isOriginalElevationFromOSM="false"><ele>156.2</ele></trkpt>
<trkpt lat="35.563584" lon="129.107146" sectionIndex="0" pointIndex="1138" originalElevation="158.0" isOriginalElevationFromOSM="false"><ele>149.9</ele></trkpt>
<trkpt lat="35.563627" lon="129.107135" sectionIndex="0" pointIndex="1139" originalElevation="158.0" isOriginalElevationFromOSM="false"><ele>143.0</ele></trkpt>
<trkpt lat="35.563671" lon="129.107123" sectionIndex="0" pointIndex="1140" originalElevation="158.0" isOriginalElevationFromOSM="false"><ele>136.1</ele></trkpt>
<trkpt lat="35.563676" lon="129.107122" sectionIndex="0" pointIndex="1141" originalElevation="158.0" isOriginalElevationFromOSM="false"><ele>131.5</ele></trkpt>
<trkpt lat="35.563753" lon="129.107100" sectionIndex="0" pointIndex="1142" originalElevation="121.5" isOriginalElevationFromOSM="false"><ele>127.1</ele></trkpt>
<trkpt lat="35.565130" lon="129.106760" sectionIndex="0" pointIndex="1143" originalElevation="113.7" isOriginalElevationFromOSM="true"><ele>122.8</ele></trkpt>
<trkpt lat="35.565500" lon="129.106650" sectionIndex="0" pointIndex="1144" originalElevation="106.3" isOriginalElevationFromOSM="true"><ele>118.5</ele></trkpt>
<trkpt lat="35.565590" lon="129.106619" sectionIndex="0" pointIndex="1145" originalElevation="99.0" isOriginalElevationFromOSM="true"><ele>114.2</ele></trkpt>
<trkpt lat="35.566320" lon="129.106270" sectionIndex="0" pointIndex="1146" originalElevation="89.9" isOriginalElevationFromOSM="true"><ele>110.0</ele></trkpt>
<trkpt lat="35.566610" lon="129.106110" sectionIndex="0" pointIndex="1147" originalElevation="88.9" isOriginalElevationFromOSM="true"><ele>105.7</ele></trkpt>
<trkpt lat="35.567040" lon="129.105790" sectionIndex="0" pointIndex="1148" originalElevation="89.5" isOriginalElevationFromOSM="true"><ele>101.6</ele></trkpt>
<trkpt lat="35.567500" lon="129.105380" sectionIndex="0" pointIndex="1149" originalElevation="91.6" isOriginalElevationFromOSM="true"><ele>97.6</ele></trkpt>
<trkpt lat="35.567790" lon="129.105060" sectionIndex="0" pointIndex="1150" originalElevation="93.3" isOriginalElevationFromOSM="true"><ele>96.0</ele></trkpt>
<trkpt lat="35.568080" lon="129.104680" sectionIndex="0" pointIndex="1151" originalElevation="93.7" isOriginalElevationFromOSM="true"><ele>95.1</ele></trkpt>
<trkpt lat="35.568280" lon="129.104400" sectionIndex="0" pointIndex="1152" originalElevation="93.9" isOriginalElevationFromOSM="true"><ele>94.7</ele></trkpt>
<trkpt lat="35.568450" lon="129.104040" sectionIndex="0" pointIndex="1153" originalElevation="94.1" isOriginalElevationFromOSM="true"><ele>94.8</ele></trkpt>
<trkpt lat="35.569050" lon="129.103130" sectionIndex="0" pointIndex="1154" originalElevation="94.6" isOriginalElevationFromOSM="true"><ele>95.6</ele></trkpt>
<trkpt lat="35.569870" lon="129.101779" sectionIndex="0" pointIndex="1155" originalElevation="96.5" isOriginalElevationFromOSM="true"><ele>96.4</ele></trkpt>
<trkpt lat="35.570090" lon="129.101400" sectionIndex="0" pointIndex="1156" originalElevation="97.1" isOriginalElevationFromOSM="true"><ele>97.2</ele></trkpt>
<trkpt lat="35.570380" lon="129.100980" sectionIndex="0" pointIndex="1157" originalElevation="98.2" isOriginalElevationFromOSM="true"><ele>98.0</ele></trkpt>
<trkpt lat="35.570870" lon="129.100330" sectionIndex="0" pointIndex="1158" originalElevation="99.8" isOriginalElevationFromOSM="true"><ele>98.9</ele></trkpt>
<trkpt lat="35.571010" lon="129.100180" sectionIndex="0" pointIndex="1159" originalElevation="100.4" isOriginalElevationFromOSM="true"><ele>99.7</ele></trkpt>
<trkpt lat="35.571210" lon="129.099940" sectionIndex="0" pointIndex="1160" originalElevation="101.0" isOriginalElevationFromOSM="true"><ele>100.7</ele></trkpt>
<trkpt lat="35.571850" lon="129.099268" sectionIndex="0" pointIndex="1161" originalElevation="100.9" isOriginalElevationFromOSM="true"><ele>101.6</ele></trkpt>
<trkpt lat="35.572110" lon="129.099050" sectionIndex="0" pointIndex="1162" originalElevation="101.1" isOriginalElevationFromOSM="true"><ele>102.5</ele></trkpt>
<trkpt lat="35.572610" lon="129.098670" sectionIndex="0" pointIndex="1163" originalElevation="101.4" isOriginalElevationFromOSM="true"><ele>103.2</ele></trkpt>
<trkpt lat="35.573100" lon="129.098220" sectionIndex="0" pointIndex="1164" originalElevation="104.7" isOriginalElevationFromOSM="true"><ele>103.9</ele></trkpt>
<trkpt lat="35.573830" lon="129.097520" sectionIndex="0" pointIndex="1165" originalElevation="106.2" isOriginalElevationFromOSM="true"><ele>104.6</ele></trkpt>
<trkpt lat="35.574400" lon="129.096910" sectionIndex="0" pointIndex="1166" originalElevation="106.1" isOriginalElevationFromOSM="true"><ele>105.1</ele></trkpt>
<trkpt lat="35.575060" lon="129.096250" sectionIndex="0" pointIndex="1167" originalElevation="108.0" isOriginalElevationFromOSM="true"><ele>105.6</ele></trkpt>
<trkpt lat="35.575240" lon="129.096120" sectionIndex="0" pointIndex="1168" originalElevation="107.9" isOriginalElevationFromOSM="true"><ele>106.1</ele></trkpt>
<trkpt lat="35.575350" lon="129.096080" sectionIndex="0" pointIndex="1169" originalElevation="107.8" isOriginalElevationFromOSM="true"><ele>106.4</ele></trkpt>
<trkpt lat="35.575460" lon="129.096090" sectionIndex="0" pointIndex="1170" originalElevation="107.8" isOriginalElevationFromOSM="true"><ele>106.8</ele></trkpt>
<trkpt lat="35.575570" lon="129.096150" sectionIndex="0" pointIndex="1171" originalElevation="107.9" isOriginalElevationFromOSM="true"><ele>107.4</ele></trkpt>
<trkpt lat="35.575660" lon="129.096240" sectionIndex="0" pointIndex="1172" originalElevation="108.0" isOriginalElevationFromOSM="true"><ele>107.9</ele></trkpt>
<trkpt lat="35.575870" lon="129.096630" sectionIndex="0" pointIndex="1173" originalElevation="108.0" isOriginalElevationFromOSM="true"><ele>108.3</ele></trkpt>
<trkpt lat="35.576100" lon="129.097160" sectionIndex="0" pointIndex="1174" originalElevation="107.9" isOriginalElevationFromOSM="true"><ele>108.8</ele></trkpt>
<trkpt lat="35.576450" lon="129.097850" sectionIndex="0" pointIndex="1175" originalElevation="107.5" isOriginalElevationFromOSM="true"><ele>109.4</ele></trkpt>
<trkpt lat="35.577080" lon="129.098840" sectionIndex="0" pointIndex="1176" originalElevation="105.6" isOriginalElevationFromOSM="true"><ele>110.0</ele></trkpt>
<trkpt lat="35.579240" lon="129.097400" sectionIndex="0" pointIndex="1177" originalElevation="107.0" isOriginalElevationFromOSM="true"><ele>110.6</ele></trkpt>
<trkpt lat="35.580500" lon="129.096560" sectionIndex="0" pointIndex="1178" originalElevation="111.0" isOriginalElevationFromOSM="true"><ele>111.5</ele></trkpt>
<trkpt lat="35.582180" lon="129.095318" sectionIndex="0" pointIndex="1179" originalElevation="112.2" isOriginalElevationFromOSM="true"><ele>112.6</ele></trkpt>
<trkpt lat="35.582520" lon="129.095000" sectionIndex="0" pointIndex="1180" originalElevation="112.0" isOriginalElevationFromOSM="true"><ele>113.8</ele></trkpt>
<trkpt lat="35.583560" lon="129.093920" sectionIndex="0" pointIndex="1181" originalElevation="113.8" isOriginalElevationFromOSM="true"><ele>115.2</ele></trkpt>
<trkpt lat="35.584930" lon="129.092390" sectionIndex="0" pointIndex="1182" originalElevation="117.1" isOriginalElevationFromOSM="true"><ele>116.6</ele></trkpt>
<trkpt lat="35.584920" lon="129.092368" sectionIndex="0" pointIndex="1183" originalElevation="116.5" isOriginalElevationFromOSM="true"><ele>118.0</ele></trkpt>
<trkpt lat="35.584930" lon="129.092390" sectionIndex="0" pointIndex="1184" originalElevation="117.1" isOriginalElevationFromOSM="true"><ele>119.5</ele></trkpt>
<trkpt lat="35.586720" lon="129.090420" sectionIndex="0" pointIndex="1185" originalElevation="121.0" isOriginalElevationFromOSM="true"><ele>121.3</ele></trkpt>
<trkpt lat="35.587650" lon="129.089360" sectionIndex="0" pointIndex="1186" originalElevation="123.8" isOriginalElevationFromOSM="true"><ele>122.9</ele></trkpt>
<trkpt lat="35.589460" lon="129.087380" sectionIndex="0" pointIndex="1187" originalElevation="126.1" isOriginalElevationFromOSM="true"><ele>124.7</ele></trkpt>
<trkpt lat="35.590050" lon="129.086790" sectionIndex="0" pointIndex="1188" originalElevation="128.9" isOriginalElevationFromOSM="true"><ele>126.5</ele></trkpt>
<trkpt lat="35.590390" lon="129.086540" sectionIndex="0" pointIndex="1189" originalElevation="129.3" isOriginalElevationFromOSM="true"><ele>128.2</ele></trkpt>
<trkpt lat="35.591330" lon="129.085910" sectionIndex="0" pointIndex="1190" originalElevation="128.1" isOriginalElevationFromOSM="true"><ele>129.9</ele></trkpt>
<trkpt lat="35.592310" lon="129.085170" sectionIndex="0" pointIndex="1191" originalElevation="128.9" isOriginalElevationFromOSM="true"><ele>132.1</ele></trkpt>
<trkpt lat="35.593560" lon="129.084250" sectionIndex="0" pointIndex="1192" originalElevation="133.8" isOriginalElevationFromOSM="true"><ele>134.3</ele></trkpt>
<trkpt lat="35.594900" lon="129.083328" sectionIndex="0" pointIndex="1193" originalElevation="135.6" isOriginalElevationFromOSM="true"><ele>136.2</ele></trkpt>
<trkpt lat="35.596990" lon="129.081740" sectionIndex="0" pointIndex="1194" originalElevation="138.3" isOriginalElevationFromOSM="true"><ele>138.0</ele></trkpt>
<trkpt lat="35.597160" lon="129.081590" sectionIndex="0" pointIndex="1195" originalElevation="138.8" isOriginalElevationFromOSM="true"><ele>139.7</ele></trkpt>
<trkpt lat="35.597450" lon="129.081290" sectionIndex="0" pointIndex="1196" originalElevation="139.9" isOriginalElevationFromOSM="true"><ele>141.1</ele></trkpt>
<trkpt lat="35.598330" lon="129.080240" sectionIndex="0" pointIndex="1197" originalElevation="143.0" isOriginalElevationFromOSM="true"><ele>142.7</ele></trkpt>
<trkpt lat="35.600110" lon="129.078000" sectionIndex="0" pointIndex="1198" originalElevation="148.9" isOriginalElevationFromOSM="true"><ele>144.6</ele></trkpt>
<trkpt lat="35.600270" lon="129.077778" sectionIndex="0" pointIndex="1199" originalElevation="149.4" isOriginalElevationFromOSM="true"><ele>146.5</ele></trkpt>
<trkpt lat="35.600470" lon="129.077498" sectionIndex="0" pointIndex="1200" originalElevation="150.0" isOriginalElevationFromOSM="true"><ele>148.1</ele></trkpt>
<trkpt lat="35.600670" lon="129.077148" sectionIndex="0" pointIndex="1201" originalElevation="151.1" isOriginalElevationFromOSM="true"><ele>149.8</ele></trkpt>
<trkpt lat="35.600750" lon="129.076950" sectionIndex="0" pointIndex="1202" originalElevation="151.8" isOriginalElevationFromOSM="true"><ele>151.6</ele></trkpt>
<trkpt lat="35.600930" lon="129.077430" sectionIndex="0" pointIndex="1203" originalElevation="150.3" isOriginalElevationFromOSM="true"><ele>153.5</ele></trkpt>
<trkpt lat="35.601990" lon="129.076670" sectionIndex="0" pointIndex="1204" originalElevation="153.0" isOriginalElevationFromOSM="true"><ele>155.4</ele></trkpt>
<trkpt lat="35.603730" lon="129.075500" sectionIndex="0" pointIndex="1205" originalElevation="156.1" isOriginalElevationFromOSM="true"><ele>157.1</ele></trkpt>
<trkpt lat="35.604390" lon="129.075060" sectionIndex="0" pointIndex="1206" originalElevation="157.8" isOriginalElevationFromOSM="true"><ele>158.4</ele></trkpt>
<trkpt lat="35.604700" lon="129.074930" sectionIndex="0" pointIndex="1207" originalElevation="158.2" isOriginalElevationFromOSM="true"><ele>159.7</ele></trkpt>
<trkpt lat="35.605840" lon="129.074610" sectionIndex="0" pointIndex="1208" originalElevation="160.9" isOriginalElevationFromOSM="true"><ele>161.0</ele></trkpt>
<trkpt lat="35.608140" lon="129.074030" sectionIndex="0" pointIndex="1209" originalElevation="165.0" isOriginalElevationFromOSM="true"><ele>162.2</ele></trkpt>
<trkpt lat="35.609270" lon="129.073828" sectionIndex="0" pointIndex="1210" originalElevation="167.5" isOriginalElevationFromOSM="true"><ele>163.6</ele></trkpt>
<trkpt lat="35.609610" lon="129.073658" sectionIndex="0" pointIndex="1211" originalElevation="168.2" isOriginalElevationFromOSM="true"><ele>165.3</ele></trkpt>
<trkpt lat="35.609800" lon="129.073550" sectionIndex="0" pointIndex="1212" originalElevation="168.5" isOriginalElevationFromOSM="true"><ele>166.7</ele></trkpt>
<trkpt lat="35.609890" lon="129.073550" sectionIndex="0" pointIndex="1213" originalElevation="168.6" isOriginalElevationFromOSM="true"><ele>168.1</ele></trkpt>
<trkpt lat="35.610060" lon="129.073658" sectionIndex="0" pointIndex="1214" originalElevation="168.7" isOriginalElevationFromOSM="true"><ele>169.3</ele></trkpt>
<trkpt lat="35.610140" lon="129.073730" sectionIndex="0" pointIndex="1215" originalElevation="168.9" isOriginalElevationFromOSM="true"><ele>170.6</ele></trkpt>
<trkpt lat="35.610600" lon="129.074289" sectionIndex="0" pointIndex="1216" originalElevation="170.2" isOriginalElevationFromOSM="true"><ele>172.0</ele></trkpt>
<trkpt lat="35.611080" lon="129.074818" sectionIndex="0" pointIndex="1217" originalElevation="172.2" isOriginalElevationFromOSM="true"><ele>173.4</ele></trkpt>
<trkpt lat="35.611740" lon="129.074090" sectionIndex="0" pointIndex="1218" originalElevation="175.1" isOriginalElevationFromOSM="true"><ele>174.7</ele></trkpt>
<trkpt lat="35.612280" lon="129.073468" sectionIndex="0" pointIndex="1219" originalElevation="174.9" isOriginalElevationFromOSM="true"><ele>176.1</ele></trkpt>
<trkpt lat="35.612670" lon="129.072960" sectionIndex="0" pointIndex="1220" originalElevation="176.1" isOriginalElevationFromOSM="true"><ele>177.4</ele></trkpt>
<trkpt lat="35.613110" lon="129.072270" sectionIndex="0" pointIndex="1221" originalElevation="176.7" isOriginalElevationFromOSM="true"><ele>178.7</ele></trkpt>
<trkpt lat="35.613580" lon="129.071470" sectionIndex="0" pointIndex="1222" originalElevation="178.1" isOriginalElevationFromOSM="true"><ele>180.0</ele></trkpt>
<trkpt lat="35.614890" lon="129.069348" sectionIndex="0" pointIndex="1223" originalElevation="181.4" isOriginalElevationFromOSM="true"><ele>181.4</ele></trkpt>
<trkpt lat="35.615710" lon="129.067970" sectionIndex="0" pointIndex="1224" originalElevation="185.6" isOriginalElevationFromOSM="true"><ele>182.6</ele></trkpt>
<trkpt lat="35.616250" lon="129.067190" sectionIndex="0" pointIndex="1225" originalElevation="188.0" isOriginalElevationFromOSM="true"><ele>183.9</ele></trkpt>
<trkpt lat="35.616270" lon="129.067200" sectionIndex="0" pointIndex="1226" originalElevation="188.1" isOriginalElevationFromOSM="true"><ele>185.0</ele></trkpt>
<trkpt lat="35.616310" lon="129.067190" sectionIndex="0" pointIndex="1227" originalElevation="188.2" isOriginalElevationFromOSM="true"><ele>186.5</ele></trkpt>
<trkpt lat="35.616340" lon="129.067129" sectionIndex="0" pointIndex="1228" originalElevation="188.2" isOriginalElevationFromOSM="true"><ele>188.2</ele></trkpt>
<trkpt lat="35.616490" lon="129.067080" sectionIndex="0" pointIndex="1229" originalElevation="188.6" isOriginalElevationFromOSM="true"><ele>189.9</ele></trkpt>
<trkpt lat="35.616680" lon="129.067000" sectionIndex="0" pointIndex="1230" originalElevation="189.0" isOriginalElevationFromOSM="true"><ele>191.6</ele></trkpt>
<trkpt lat="35.616840" lon="129.066890" sectionIndex="0" pointIndex="1231" originalElevation="189.4" isOriginalElevationFromOSM="true"><ele>193.3</ele></trkpt>
<trkpt lat="35.617610" lon="129.066260" sectionIndex="0" pointIndex="1232" originalElevation="191.0" isOriginalElevationFromOSM="true"><ele>195.1</ele></trkpt>
<trkpt lat="35.617990" lon="129.065850" sectionIndex="0" pointIndex="1233" originalElevation="192.4" isOriginalElevationFromOSM="true"><ele>196.9</ele></trkpt>
<trkpt lat="35.618450" lon="129.065280" sectionIndex="0" pointIndex="1234" originalElevation="196.7" isOriginalElevationFromOSM="true"><ele>198.8</ele></trkpt>
<trkpt lat="35.618850" lon="129.064889" sectionIndex="0" pointIndex="1235" originalElevation="200.9" isOriginalElevationFromOSM="true"><ele>200.8</ele></trkpt>
<trkpt lat="35.619070" lon="129.064820" sectionIndex="0" pointIndex="1236" originalElevation="202.3" isOriginalElevationFromOSM="true"><ele>202.7</ele></trkpt>
<trkpt lat="35.619320" lon="129.064799" sectionIndex="0" pointIndex="1237" originalElevation="203.6" isOriginalElevationFromOSM="true"><ele>204.7</ele></trkpt>
<trkpt lat="35.619880" lon="129.064870" sectionIndex="0" pointIndex="1238" originalElevation="207.0" isOriginalElevationFromOSM="true"><ele>206.9</ele></trkpt>
<trkpt lat="35.620260" lon="129.064940" sectionIndex="0" pointIndex="1239" originalElevation="212.4" isOriginalElevationFromOSM="true"><ele>209.3</ele></trkpt>
<trkpt lat="35.620420" lon="129.064930" sectionIndex="0" pointIndex="1240" originalElevation="215.1" isOriginalElevationFromOSM="true"><ele>211.6</ele></trkpt>
<trkpt lat="35.620550" lon="129.064900" sectionIndex="0" pointIndex="1241" originalElevation="217.1" isOriginalElevationFromOSM="true"><ele>213.8</ele></trkpt>
<trkpt lat="35.620630" lon="129.064830" sectionIndex="0" pointIndex="1242" originalElevation="217.9" isOriginalElevationFromOSM="true"><ele>215.8</ele></trkpt>
<trkpt lat="35.620740" lon="129.064640" sectionIndex="0" pointIndex="1243" originalElevation="217.8" isOriginalElevationFromOSM="true"><ele>217.6</ele></trkpt>
<trkpt lat="35.620860" lon="129.064480" sectionIndex="0" pointIndex="1244" originalElevation="218.1" isOriginalElevationFromOSM="true"><ele>219.5</ele></trkpt>
<trkpt lat="35.621180" lon="129.064240" sectionIndex="0" pointIndex="1245" originalElevation="221.6" isOriginalElevationFromOSM="true"><ele>221.5</ele></trkpt>
<trkpt lat="35.621420" lon="129.064090" sectionIndex="0" pointIndex="1246" originalElevation="225.0" isOriginalElevationFromOSM="true"><ele>223.8</ele></trkpt>
<trkpt lat="35.621570" lon="129.063920" sectionIndex="0" pointIndex="1247" originalElevation="226.2" isOriginalElevationFromOSM="true"><ele>225.9</ele></trkpt>
<trkpt lat="35.621630" lon="129.063750" sectionIndex="0" pointIndex="1248" originalElevation="225.6" isOriginalElevationFromOSM="true"><ele>227.9</ele></trkpt>
<trkpt lat="35.621840" lon="129.063320" sectionIndex="0" pointIndex="1249" originalElevation="226.7" isOriginalElevationFromOSM="true"><ele>230.2</ele></trkpt>
<trkpt lat="35.621920" lon="129.063080" sectionIndex="0" pointIndex="1250" originalElevation="228.3" isOriginalElevationFromOSM="true"><ele>232.4</ele></trkpt>
<trkpt lat="35.622090" lon="129.062739" sectionIndex="0" pointIndex="1251" originalElevation="230.5" isOriginalElevationFromOSM="true"><ele>234.7</ele></trkpt>
<trkpt lat="35.622130" lon="129.062670" sectionIndex="0" pointIndex="1252" originalElevation="232.8" isOriginalElevationFromOSM="true"><ele>237.0</ele></trkpt>
<trkpt lat="35.622570" lon="129.061219" sectionIndex="0" pointIndex="1253" originalElevation="241.7" isOriginalElevationFromOSM="true"><ele>239.1</ele></trkpt>
<trkpt lat="35.622710" lon="129.060960" sectionIndex="0" pointIndex="1254" originalElevation="243.8" isOriginalElevationFromOSM="true"><ele>241.0</ele></trkpt>
<trkpt lat="35.622810" lon="129.060859" sectionIndex="0" pointIndex="1255" originalElevation="245.7" isOriginalElevationFromOSM="true"><ele>243.0</ele></trkpt>
<trkpt lat="35.623060" lon="129.060700" sectionIndex="0" pointIndex="1256" originalElevation="250.6" isOriginalElevationFromOSM="true"><ele>245.1</ele></trkpt>
<trkpt lat="35.623200" lon="129.060560" sectionIndex="0" pointIndex="1257" originalElevation="252.0" isOriginalElevationFromOSM="true"><ele>247.2</ele></trkpt>
<trkpt lat="35.623360" lon="129.060290" sectionIndex="0" pointIndex="1258" originalElevation="251.3" isOriginalElevationFromOSM="true"><ele>249.2</ele></trkpt>
<trkpt lat="35.623630" lon="129.059900" sectionIndex="0" pointIndex="1259" originalElevation="253.2" isOriginalElevationFromOSM="true"><ele>251.1</ele></trkpt>
<trkpt lat="35.623820" lon="129.059550" sectionIndex="0" pointIndex="1260" originalElevation="253.2" isOriginalElevationFromOSM="true"><ele>252.9</ele></trkpt>
<trkpt lat="35.624010" lon="129.059270" sectionIndex="0" pointIndex="1261" originalElevation="253.0" isOriginalElevationFromOSM="true"><ele>254.8</ele></trkpt>
<trkpt lat="35.624600" lon="129.058130" sectionIndex="0" pointIndex="1262" originalElevation="256.1" isOriginalElevationFromOSM="true"><ele>255.9</ele></trkpt>
<trkpt lat="35.624940" lon="129.057660" sectionIndex="0" pointIndex="1263" originalElevation="257.5" isOriginalElevationFromOSM="true"><ele>256.9</ele></trkpt>
<trkpt lat="35.626060" lon="129.056379" sectionIndex="0" pointIndex="1264" originalElevation="258.5" isOriginalElevationFromOSM="true"><ele>257.8</ele></trkpt>
<trkpt lat="35.626140" lon="129.056320" sectionIndex="0" pointIndex="1265" originalElevation="258.4" isOriginalElevationFromOSM="true"><ele>259.0</ele></trkpt>
<trkpt lat="35.626230" lon="129.056270" sectionIndex="0" pointIndex="1266" originalElevation="258.6" isOriginalElevationFromOSM="true"><ele>260.4</ele></trkpt>
<trkpt lat="35.626620" lon="129.056120" sectionIndex="0" pointIndex="1267" originalElevation="259.8" isOriginalElevationFromOSM="true"><ele>261.6</ele></trkpt>
<trkpt lat="35.626630" lon="129.056120" sectionIndex="0" pointIndex="1268" originalElevation="270.7" isOriginalElevationFromOSM="true"><ele>262.7</ele></trkpt>
<trkpt lat="35.626620" lon="129.056120" sectionIndex="0" pointIndex="1269" originalElevation="259.8" isOriginalElevationFromOSM="true"><ele>264.0</ele></trkpt>
<trkpt lat="35.626950" lon="129.056000" sectionIndex="0" pointIndex="1270" originalElevation="261.6" isOriginalElevationFromOSM="true"><ele>265.2</ele></trkpt>
<trkpt lat="35.627200" lon="129.055950" sectionIndex="0" pointIndex="1271" originalElevation="263.3" isOriginalElevationFromOSM="true"><ele>266.6</ele></trkpt>
<trkpt lat="35.628320" lon="129.055910" sectionIndex="0" pointIndex="1272" originalElevation="270.4" isOriginalElevationFromOSM="true"><ele>268.4</ele></trkpt>
<trkpt lat="35.628690" lon="129.055918" sectionIndex="0" pointIndex="1273" originalElevation="272.2" isOriginalElevationFromOSM="true"><ele>270.4</ele></trkpt>
<trkpt lat="35.630210" lon="129.055590" sectionIndex="0" pointIndex="1274" originalElevation="270.6" isOriginalElevationFromOSM="true"><ele>272.6</ele></trkpt>
<trkpt lat="35.630870" lon="129.055350" sectionIndex="0" pointIndex="1275" originalElevation="270.2" isOriginalElevationFromOSM="true"><ele>274.9</ele></trkpt>
<trkpt lat="35.631330" lon="129.055240" sectionIndex="0" pointIndex="1276" originalElevation="272.0" isOriginalElevationFromOSM="true"><ele>276.5</ele></trkpt>
<trkpt lat="35.631580" lon="129.055180" sectionIndex="0" pointIndex="1277" originalElevation="273.8" isOriginalElevationFromOSM="true"><ele>279.4</ele></trkpt>
<trkpt lat="35.632140" lon="129.055100" sectionIndex="0" pointIndex="1278" originalElevation="278.4" isOriginalElevationFromOSM="true"><ele>282.3</ele></trkpt>
<trkpt lat="35.633040" lon="129.055170" sectionIndex="0" pointIndex="1279" originalElevation="285.6" isOriginalElevationFromOSM="true"><ele>285.8</ele></trkpt>
<trkpt lat="35.633320" lon="129.055280" sectionIndex="0" pointIndex="1280" originalElevation="289.0" isOriginalElevationFromOSM="true"><ele>288.9</ele></trkpt>
<trkpt lat="35.633610" lon="129.055470" sectionIndex="0" pointIndex="1281" originalElevation="291.9" isOriginalElevationFromOSM="true"><ele>291.8</ele></trkpt>
<trkpt lat="35.633760" lon="129.055590" sectionIndex="0" pointIndex="1282" originalElevation="293.7" isOriginalElevationFromOSM="true"><ele>294.9</ele></trkpt>
<trkpt lat="35.633870" lon="129.055710" sectionIndex="0" pointIndex="1283" originalElevation="295.4" isOriginalElevationFromOSM="true"><ele>298.4</ele></trkpt>
<trkpt lat="35.634240" lon="129.056170" sectionIndex="0" pointIndex="1284" originalElevation="303.1" isOriginalElevationFromOSM="true"><ele>302.1</ele></trkpt>
<trkpt lat="35.634370" lon="129.056288" sectionIndex="0" pointIndex="1285" originalElevation="304.8" isOriginalElevationFromOSM="true"><ele>305.8</ele></trkpt>
<trkpt lat="35.635380" lon="129.056980" sectionIndex="0" pointIndex="1286" originalElevation="316.0" isOriginalElevationFromOSM="true"><ele>309.2</ele></trkpt>
<trkpt lat="35.635820" lon="129.057030" sectionIndex="0" pointIndex="1287" originalElevation="316.3" isOriginalElevationFromOSM="true"><ele>312.3</ele></trkpt>
<trkpt lat="35.636050" lon="129.057060" sectionIndex="0" pointIndex="1288" originalElevation="316.5" isOriginalElevationFromOSM="true"><ele>315.3</ele></trkpt>
<trkpt lat="35.636200" lon="129.057130" sectionIndex="0" pointIndex="1289" originalElevation="317.5" isOriginalElevationFromOSM="true"><ele>318.6</ele></trkpt>
<trkpt lat="35.636570" lon="129.057459" sectionIndex="0" pointIndex="1290" originalElevation="321.9" isOriginalElevationFromOSM="true"><ele>321.8</ele></trkpt>
<trkpt lat="35.636870" lon="129.057770" sectionIndex="0" pointIndex="1291" originalElevation="327.1" isOriginalElevationFromOSM="true"><ele>324.9</ele></trkpt>
<trkpt lat="35.637320" lon="129.057940" sectionIndex="0" pointIndex="1292" originalElevation="330.0" isOriginalElevationFromOSM="true"><ele>327.3</ele></trkpt>
<trkpt lat="35.637780" lon="129.057930" sectionIndex="0" pointIndex="1293" originalElevation="329.6" isOriginalElevationFromOSM="true"><ele>329.9</ele></trkpt>
<trkpt lat="35.638300" lon="129.058000" sectionIndex="0" pointIndex="1294" originalElevation="331.0" isOriginalElevationFromOSM="true"><ele>331.9</ele></trkpt>
<trkpt lat="35.638500" lon="129.058200" sectionIndex="0" pointIndex="1295" originalElevation="334.4" isOriginalElevationFromOSM="true"><ele>334.4</ele></trkpt>
<trkpt lat="35.638660" lon="129.058600" sectionIndex="0" pointIndex="1296" originalElevation="341.2" isOriginalElevationFromOSM="true"><ele>337.2</ele></trkpt>
<trkpt lat="35.638730" lon="129.058720" sectionIndex="0" pointIndex="1297" originalElevation="342.5" isOriginalElevationFromOSM="true"><ele>340.3</ele></trkpt>
<trkpt lat="35.638940" lon="129.058840" sectionIndex="0" pointIndex="1298" originalElevation="341.6" isOriginalElevationFromOSM="true"><ele>343.1</ele></trkpt>
<trkpt lat="35.639210" lon="129.058870" sectionIndex="0" pointIndex="1299" originalElevation="339.2" isOriginalElevationFromOSM="true"><ele>346.3</ele></trkpt>
<trkpt lat="35.639590" lon="129.058820" sectionIndex="0" pointIndex="1300" originalElevation="344.3" isOriginalElevationFromOSM="true"><ele>349.4</ele></trkpt>
<trkpt lat="35.639650" lon="129.058830" sectionIndex="0" pointIndex="1301" originalElevation="345.1" isOriginalElevationFromOSM="true"><ele>353.0</ele></trkpt>
<trkpt lat="35.640270" lon="129.059040" sectionIndex="0" pointIndex="1302" originalElevation="353.6" isOriginalElevationFromOSM="true"><ele>357.1</ele></trkpt>
<trkpt lat="35.640460" lon="129.059180" sectionIndex="0" pointIndex="1303" originalElevation="358.5" isOriginalElevationFromOSM="true"><ele>361.0</ele></trkpt>
<trkpt lat="35.641300" lon="129.059820" sectionIndex="0" pointIndex="1304" originalElevation="364.1" isOriginalElevationFromOSM="true"><ele>364.8</ele></trkpt>
<trkpt lat="35.641590" lon="129.059880" sectionIndex="0" pointIndex="1305" originalElevation="364.5" isOriginalElevationFromOSM="true"><ele>368.8</ele></trkpt>
<trkpt lat="35.642040" lon="129.059768" sectionIndex="0" pointIndex="1306" originalElevation="374.2" isOriginalElevationFromOSM="true"><ele>373.0</ele></trkpt>
<trkpt lat="35.642270" lon="129.059820" sectionIndex="0" pointIndex="1307" originalElevation="377.9" isOriginalElevationFromOSM="true"><ele>377.9</ele></trkpt>
<trkpt lat="35.642790" lon="129.060290" sectionIndex="0" pointIndex="1308" originalElevation="383.5" isOriginalElevationFromOSM="true"><ele>382.9</ele></trkpt>
<trkpt lat="35.643380" lon="129.060480" sectionIndex="0" pointIndex="1309" originalElevation="392.0" isOriginalElevationFromOSM="true"><ele>388.2</ele></trkpt>
<trkpt lat="35.643490" lon="129.060540" sectionIndex="0" pointIndex="1310" originalElevation="393.5" isOriginalElevationFromOSM="true"><ele>393.1</ele></trkpt>
<trkpt lat="35.643940" lon="129.060900" sectionIndex="0" pointIndex="1311" originalElevation="397.5" isOriginalElevationFromOSM="true"><ele>397.6</ele></trkpt>
<trkpt lat="35.644210" lon="129.061060" sectionIndex="0" pointIndex="1312" originalElevation="402.1" isOriginalElevationFromOSM="true"><ele>401.7</ele></trkpt>
<trkpt lat="35.644420" lon="129.061309" sectionIndex="0" pointIndex="1313" originalElevation="405.2" isOriginalElevationFromOSM="true"><ele>405.9</ele></trkpt>
<trkpt lat="35.645260" lon="129.062420" sectionIndex="0" pointIndex="1314" originalElevation="413.2" isOriginalElevationFromOSM="true"><ele>409.7</ele></trkpt>
<trkpt lat="35.645550" lon="129.062710" sectionIndex="0" pointIndex="1315" originalElevation="419.2" isOriginalElevationFromOSM="true"><ele>413.5</ele></trkpt>
<trkpt lat="35.645880" lon="129.062950" sectionIndex="0" pointIndex="1316" originalElevation="423.7" isOriginalElevationFromOSM="true"><ele>417.3</ele></trkpt>
<trkpt lat="35.646130" lon="129.063220" sectionIndex="0" pointIndex="1317" originalElevation="426.9" isOriginalElevationFromOSM="true"><ele>420.6</ele></trkpt>
<trkpt lat="35.646340" lon="129.063740" sectionIndex="0" pointIndex="1318" originalElevation="426.5" isOriginalElevationFromOSM="true"><ele>424.0</ele></trkpt>
<trkpt lat="35.646550" lon="129.064060" sectionIndex="0" pointIndex="1319" originalElevation="425.6" isOriginalElevationFromOSM="true"><ele>427.3</ele></trkpt>
<trkpt lat="35.646860" lon="129.064270" sectionIndex="0" pointIndex="1320" originalElevation="427.8" isOriginalElevationFromOSM="true"><ele>430.4</ele></trkpt>
<trkpt lat="35.647050" lon="129.064290" sectionIndex="0" pointIndex="1321" originalElevation="430.3" isOriginalElevationFromOSM="true"><ele>433.4</ele></trkpt>
<trkpt lat="35.647380" lon="129.064220" sectionIndex="0" pointIndex="1322" originalElevation="435.3" isOriginalElevationFromOSM="true"><ele>436.0</ele></trkpt>
<trkpt lat="35.647660" lon="129.064158" sectionIndex="0" pointIndex="1323" originalElevation="440.3" isOriginalElevationFromOSM="true"><ele>438.3</ele></trkpt>
<trkpt lat="35.647790" lon="129.064158" sectionIndex="0" pointIndex="1324" originalElevation="442.3" isOriginalElevationFromOSM="true"><ele>440.5</ele></trkpt>
<trkpt lat="35.648060" lon="129.064230" sectionIndex="0" pointIndex="1325" originalElevation="444.8" isOriginalElevationFromOSM="true"><ele>443.1</ele></trkpt>
<trkpt lat="35.648350" lon="129.064360" sectionIndex="0" pointIndex="1326" originalElevation="446.1" isOriginalElevationFromOSM="true"><ele>446.0</ele></trkpt>
<trkpt lat="35.649520" lon="129.065159" sectionIndex="0" pointIndex="1327" originalElevation="448.6" isOriginalElevationFromOSM="true"><ele>449.4</ele></trkpt>
<trkpt lat="35.649710" lon="129.065260" sectionIndex="0" pointIndex="1328" originalElevation="450.7" isOriginalElevationFromOSM="true"><ele>453.1</ele></trkpt>
<trkpt lat="35.649820" lon="129.065270" sectionIndex="0" pointIndex="1329" originalElevation="452.0" isOriginalElevationFromOSM="true"><ele>457.0</ele></trkpt>
<trkpt lat="35.649990" lon="129.065280" sectionIndex="0" pointIndex="1330" originalElevation="454.2" isOriginalElevationFromOSM="true"><ele>461.0</ele></trkpt>
<trkpt lat="35.650120" lon="129.065210" sectionIndex="0" pointIndex="1331" originalElevation="456.8" isOriginalElevationFromOSM="true"><ele>464.9</ele></trkpt>
<trkpt lat="35.650400" lon="129.064900" sectionIndex="0" pointIndex="1332" originalElevation="465.7" isOriginalElevationFromOSM="true"><ele>468.6</ele></trkpt>
<trkpt lat="35.650470" lon="129.064799" sectionIndex="0" pointIndex="1333" originalElevation="469.5" isOriginalElevationFromOSM="true"><ele>472.3</ele></trkpt>
<trkpt lat="35.650710" lon="129.064670" sectionIndex="0" pointIndex="1334" originalElevation="476.2" isOriginalElevationFromOSM="true"><ele>475.8</ele></trkpt>
<trkpt lat="35.651200" lon="129.064660" sectionIndex="0" pointIndex="1335" originalElevation="483.6" isOriginalElevationFromOSM="true"><ele>479.3</ele></trkpt>
<trkpt lat="35.651280" lon="129.064670" sectionIndex="0" pointIndex="1336" originalElevation="489.2" isOriginalElevationFromOSM="true"><ele>482.8</ele></trkpt>
<trkpt lat="35.652120" lon="129.064810" sectionIndex="0" pointIndex="1337" originalElevation="494.8" isOriginalElevationFromOSM="true"><ele>486.2</ele></trkpt>
<trkpt lat="35.653010" lon="129.065058" sectionIndex="0" pointIndex="1338" originalElevation="498.8" isOriginalElevationFromOSM="true"><ele>489.5</ele></trkpt>
<trkpt lat="35.653490" lon="129.065120" sectionIndex="0" pointIndex="1339" originalElevation="498.8" isOriginalElevationFromOSM="true"><ele>493.1</ele></trkpt>
<trkpt lat="35.653720" lon="129.065080" sectionIndex="0" pointIndex="1340" originalElevation="499.2" isOriginalElevationFromOSM="true"><ele>496.2</ele></trkpt>
<trkpt lat="35.653970" lon="129.064930" sectionIndex="0" pointIndex="1341" originalElevation="499.5" isOriginalElevationFromOSM="true"><ele>499.0</ele></trkpt>
<trkpt lat="35.654250" lon="129.064690" sectionIndex="0" pointIndex="1342" originalElevation="500.7" isOriginalElevationFromOSM="true"><ele>501.4</ele></trkpt>
<trkpt lat="35.654820" lon="129.064320" sectionIndex="0" pointIndex="1343" originalElevation="502.7" isOriginalElevationFromOSM="true"><ele>503.0</ele></trkpt>
<trkpt lat="35.654950" lon="129.064259" sectionIndex="0" pointIndex="1344" originalElevation="503.0" isOriginalElevationFromOSM="true"><ele>504.1</ele></trkpt>
<trkpt lat="35.655720" lon="129.064130" sectionIndex="0" pointIndex="1345" originalElevation="504.5" isOriginalElevationFromOSM="true"><ele>504.6</ele></trkpt>
<trkpt lat="35.656340" lon="129.064040" sectionIndex="0" pointIndex="1346" originalElevation="510.2" isOriginalElevationFromOSM="true"><ele>504.6</ele></trkpt>
<trkpt lat="35.656970" lon="129.063830" sectionIndex="0" pointIndex="1347" originalElevation="511.9" isOriginalElevationFromOSM="true"><ele>504.3</ele></trkpt>
<trkpt lat="35.657150" lon="129.063740" sectionIndex="0" pointIndex="1348" originalElevation="512.4" isOriginalElevationFromOSM="true"><ele>503.7</ele></trkpt>
<trkpt lat="35.657310" lon="129.063628" sectionIndex="0" pointIndex="1349" originalElevation="512.0" isOriginalElevationFromOSM="true"><ele>502.7</ele></trkpt>
<trkpt lat="35.657760" lon="129.063120" sectionIndex="0" pointIndex="1350" originalElevation="507.2" isOriginalElevationFromOSM="true"><ele>501.2</ele></trkpt>
<trkpt lat="35.657910" lon="129.062990" sectionIndex="0" pointIndex="1351" originalElevation="506.2" isOriginalElevationFromOSM="true"><ele>499.3</ele></trkpt>
<trkpt lat="35.658960" lon="129.062260" sectionIndex="0" pointIndex="1352" originalElevation="501.2" isOriginalElevationFromOSM="true"><ele>497.2</ele></trkpt>
<trkpt lat="35.659190" lon="129.062050" sectionIndex="0" pointIndex="1353" originalElevation="498.9" isOriginalElevationFromOSM="true"><ele>494.6</ele></trkpt>
<trkpt lat="35.659370" lon="129.061820" sectionIndex="0" pointIndex="1354" originalElevation="495.1" isOriginalElevationFromOSM="true"><ele>491.5</ele></trkpt>
<trkpt lat="35.659590" lon="129.061489" sectionIndex="0" pointIndex="1355" originalElevation="489.5" isOriginalElevationFromOSM="true"><ele>488.2</ele></trkpt>
<trkpt lat="35.659860" lon="129.061170" sectionIndex="0" pointIndex="1356" originalElevation="484.6" isOriginalElevationFromOSM="true"><ele>484.6</ele></trkpt>
<trkpt lat="35.660570" lon="129.060720" sectionIndex="0" pointIndex="1357" originalElevation="478.1" isOriginalElevationFromOSM="true"><ele>480.9</ele></trkpt>
<trkpt lat="35.660970" lon="129.060480" sectionIndex="0" pointIndex="1358" originalElevation="474.7" isOriginalElevationFromOSM="true"><ele>477.2</ele></trkpt>
<trkpt lat="35.661230" lon="129.060260" sectionIndex="0" pointIndex="1359" originalElevation="471.3" isOriginalElevationFromOSM="true"><ele>473.3</ele></trkpt>
<trkpt lat="35.661770" lon="129.059598" sectionIndex="0" pointIndex="1360" originalElevation="465.0" isOriginalElevationFromOSM="true"><ele>469.3</ele></trkpt>
<trkpt lat="35.661940" lon="129.059460" sectionIndex="0" pointIndex="1361" originalElevation="464.1" isOriginalElevationFromOSM="true"><ele>465.4</ele></trkpt>
<trkpt lat="35.662180" lon="129.059339" sectionIndex="0" pointIndex="1362" originalElevation="462.2" isOriginalElevationFromOSM="true"><ele>461.9</ele></trkpt>
<trkpt lat="35.662740" lon="129.059310" sectionIndex="0" pointIndex="1363" originalElevation="458.6" isOriginalElevationFromOSM="true"><ele>458.5</ele></trkpt>
<trkpt lat="35.663390" lon="129.059230" sectionIndex="0" pointIndex="1364" originalElevation="456.6" isOriginalElevationFromOSM="true"><ele>455.4</ele></trkpt>
<trkpt lat="35.663810" lon="129.059090" sectionIndex="0" pointIndex="1365" originalElevation="452.6" isOriginalElevationFromOSM="true"><ele>452.5</ele></trkpt>
<trkpt lat="35.665210" lon="129.058510" sectionIndex="0" pointIndex="1366" originalElevation="446.4" isOriginalElevationFromOSM="true"><ele>449.6</ele></trkpt>
<trkpt lat="35.665500" lon="129.058360" sectionIndex="0" pointIndex="1367" originalElevation="441.7" isOriginalElevationFromOSM="true"><ele>446.9</ele></trkpt>
<trkpt lat="35.665650" lon="129.058190" sectionIndex="0" pointIndex="1368" originalElevation="441.1" isOriginalElevationFromOSM="true"><ele>444.6</ele></trkpt>
<trkpt lat="35.665930" lon="129.057729" sectionIndex="0" pointIndex="1369" originalElevation="441.8" isOriginalElevationFromOSM="true"><ele>442.1</ele></trkpt>
<trkpt lat="35.666260" lon="129.057268" sectionIndex="0" pointIndex="1370" originalElevation="439.0" isOriginalElevationFromOSM="true"><ele>439.7</ele></trkpt>
<trkpt lat="35.666350" lon="129.057189" sectionIndex="0" pointIndex="1371" originalElevation="438.2" isOriginalElevationFromOSM="true"><ele>437.5</ele></trkpt>
<trkpt lat="35.666730" lon="129.056900" sectionIndex="0" pointIndex="1372" originalElevation="434.4" isOriginalElevationFromOSM="true"><ele>435.5</ele></trkpt>
<trkpt lat="35.667370" lon="129.056490" sectionIndex="0" pointIndex="1373" originalElevation="430.3" isOriginalElevationFromOSM="true"><ele>433.4</ele></trkpt>
<trkpt lat="35.667810" lon="129.056140" sectionIndex="0" pointIndex="1374" originalElevation="431.2" isOriginalElevationFromOSM="true"><ele>431.3</ele></trkpt>
<trkpt lat="35.668080" lon="129.055990" sectionIndex="0" pointIndex="1375" originalElevation="430.1" isOriginalElevationFromOSM="true"><ele>429.1</ele></trkpt>
<trkpt lat="35.668500" lon="129.055880" sectionIndex="0" pointIndex="1376" originalElevation="427.1" isOriginalElevationFromOSM="true"><ele>426.9</ele></trkpt>
<trkpt lat="35.668710" lon="129.055838" sectionIndex="0" pointIndex="1377" originalElevation="426.1" isOriginalElevationFromOSM="true"><ele>424.5</ele></trkpt>
<trkpt lat="35.669000" lon="129.055720" sectionIndex="0" pointIndex="1378" originalElevation="425.8" isOriginalElevationFromOSM="true"><ele>422.1</ele></trkpt>
<trkpt lat="35.669370" lon="129.055350" sectionIndex="0" pointIndex="1379" originalElevation="426.5" isOriginalElevationFromOSM="true"><ele>419.7</ele></trkpt>
<trkpt lat="35.669800" lon="129.054949" sectionIndex="0" pointIndex="1380" originalElevation="420.8" isOriginalElevationFromOSM="true"><ele>417.6</ele></trkpt>
<trkpt lat="35.671690" lon="129.053210" sectionIndex="0" pointIndex="1381" originalElevation="415.0" isOriginalElevationFromOSM="true"><ele>415.7</ele></trkpt>
<trkpt lat="35.672600" lon="129.052750" sectionIndex="0" pointIndex="1382" originalElevation="409.9" isOriginalElevationFromOSM="true"><ele>413.8</ele></trkpt>
<trkpt lat="35.672970" lon="129.052580" sectionIndex="0" pointIndex="1383" originalElevation="407.9" isOriginalElevationFromOSM="true"><ele>411.8</ele></trkpt>
<trkpt lat="35.673990" lon="129.052220" sectionIndex="0" pointIndex="1384" originalElevation="404.7" isOriginalElevationFromOSM="true"><ele>409.8</ele></trkpt>
<trkpt lat="35.674090" lon="129.052200" sectionIndex="0" pointIndex="1385" originalElevation="403.6" isOriginalElevationFromOSM="true"><ele>407.6</ele></trkpt>
<trkpt lat="35.674440" lon="129.052150" sectionIndex="0" pointIndex="1386" originalElevation="402.5" isOriginalElevationFromOSM="true"><ele>405.6</ele></trkpt>
<trkpt lat="35.674610" lon="129.052078" sectionIndex="0" pointIndex="1387" originalElevation="402.3" isOriginalElevationFromOSM="true"><ele>403.5</ele></trkpt>
<trkpt lat="35.676560" lon="129.050870" sectionIndex="0" pointIndex="1388" originalElevation="401.6" isOriginalElevationFromOSM="true"><ele>401.7</ele></trkpt>
<trkpt lat="35.677040" lon="129.050630" sectionIndex="0" pointIndex="1389" originalElevation="402.9" isOriginalElevationFromOSM="true"><ele>400.3</ele></trkpt>
<trkpt lat="35.677370" lon="129.050670" sectionIndex="0" pointIndex="1390" originalElevation="400.4" isOriginalElevationFromOSM="true"><ele>398.8</ele></trkpt>
<trkpt lat="35.677720" lon="129.050780" sectionIndex="0" pointIndex="1391" originalElevation="396.5" isOriginalElevationFromOSM="true"><ele>397.4</ele></trkpt>
<trkpt lat="35.678060" lon="129.050800" sectionIndex="0" pointIndex="1392" originalElevation="394.1" isOriginalElevationFromOSM="true"><ele>396.1</ele></trkpt>
<trkpt lat="35.678290" lon="129.050710" sectionIndex="0" pointIndex="1393" originalElevation="394.6" isOriginalElevationFromOSM="true"><ele>395.0</ele></trkpt>
<trkpt lat="35.678640" lon="129.050570" sectionIndex="0" pointIndex="1394" originalElevation="395.1" isOriginalElevationFromOSM="true"><ele>393.9</ele></trkpt>
<trkpt lat="35.679360" lon="129.050510" sectionIndex="0" pointIndex="1395" originalElevation="394.6" isOriginalElevationFromOSM="true"><ele>392.9</ele></trkpt>
<trkpt lat="35.680230" lon="129.050520" sectionIndex="0" pointIndex="1396" originalElevation="393.2" isOriginalElevationFromOSM="true"><ele>391.7</ele></trkpt>
<trkpt lat="35.680740" lon="129.050649" sectionIndex="0" pointIndex="1397" originalElevation="387.7" isOriginalElevationFromOSM="true"><ele>390.4</ele></trkpt>
<trkpt lat="35.680900" lon="129.050670" sectionIndex="0" pointIndex="1398" originalElevation="386.5" isOriginalElevationFromOSM="true"><ele>389.1</ele></trkpt>
<trkpt lat="35.681080" lon="129.050630" sectionIndex="0" pointIndex="1399" originalElevation="386.1" isOriginalElevationFromOSM="true"><ele>388.0</ele></trkpt>
<trkpt lat="35.681330" lon="129.050520" sectionIndex="0" pointIndex="1400" originalElevation="386.6" isOriginalElevationFromOSM="true"><ele>387.1</ele></trkpt>
<trkpt lat="35.681510" lon="129.050458" sectionIndex="0" pointIndex="1401" originalElevation="386.6" isOriginalElevationFromOSM="true"><ele>386.0</ele></trkpt>
<trkpt lat="35.681780" lon="129.050420" sectionIndex="0" pointIndex="1402" originalElevation="386.3" isOriginalElevationFromOSM="true"><ele>384.7</ele></trkpt>
<trkpt lat="35.682090" lon="129.050490" sectionIndex="0" pointIndex="1403" originalElevation="385.0" isOriginalElevationFromOSM="true"><ele>383.4</ele></trkpt>
<trkpt lat="35.682470" lon="129.050670" sectionIndex="0" pointIndex="1404" originalElevation="382.3" isOriginalElevationFromOSM="true"><ele>382.1</ele></trkpt>
<trkpt lat="35.682740" lon="129.050680" sectionIndex="0" pointIndex="1405" originalElevation="381.3" isOriginalElevationFromOSM="true"><ele>381.2</ele></trkpt>
<trkpt lat="35.682980" lon="129.050660" sectionIndex="0" pointIndex="1406" originalElevation="380.7" isOriginalElevationFromOSM="true"><ele>380.4</ele></trkpt>
<trkpt lat="35.683320" lon="129.050490" sectionIndex="0" pointIndex="1407" originalElevation="379.5" isOriginalElevationFromOSM="true"><ele>379.5</ele></trkpt>
<trkpt lat="35.683810" lon="129.050260" sectionIndex="0" pointIndex="1408" originalElevation="378.3" isOriginalElevationFromOSM="true"><ele>378.6</ele></trkpt>
<trkpt lat="35.684610" lon="129.049928" sectionIndex="0" pointIndex="1409" originalElevation="375.4" isOriginalElevationFromOSM="true"><ele>377.9</ele></trkpt>
<trkpt lat="35.684770" lon="129.049880" sectionIndex="0" pointIndex="1410" originalElevation="375.6" isOriginalElevationFromOSM="true"><ele>377.4</ele></trkpt>
<trkpt lat="35.685000" lon="129.049890" sectionIndex="0" pointIndex="1411" originalElevation="374.3" isOriginalElevationFromOSM="true"><ele>376.9</ele></trkpt>
<trkpt lat="35.685300" lon="129.049960" sectionIndex="0" pointIndex="1412" originalElevation="374.2" isOriginalElevationFromOSM="true"><ele>376.4</ele></trkpt>
<trkpt lat="35.685480" lon="129.050098" sectionIndex="0" pointIndex="1413" originalElevation="373.3" isOriginalElevationFromOSM="true"><ele>375.6</ele></trkpt>
<trkpt lat="35.685700" lon="129.050198" sectionIndex="0" pointIndex="1414" originalElevation="372.8" isOriginalElevationFromOSM="true"><ele>374.5</ele></trkpt>
<trkpt lat="35.685850" lon="129.050240" sectionIndex="0" pointIndex="1415" originalElevation="372.7" isOriginalElevationFromOSM="true"><ele>373.7</ele></trkpt>
<trkpt lat="35.686280" lon="129.050278" sectionIndex="0" pointIndex="1416" originalElevation="376.8" isOriginalElevationFromOSM="true"><ele>372.9</ele></trkpt>
<trkpt lat="35.686490" lon="129.050320" sectionIndex="0" pointIndex="1417" originalElevation="378.1" isOriginalElevationFromOSM="true"><ele>371.9</ele></trkpt>
<trkpt lat="35.686760" lon="129.050468" sectionIndex="0" pointIndex="1418" originalElevation="378.5" isOriginalElevationFromOSM="true"><ele>370.9</ele></trkpt>
<trkpt lat="35.687090" lon="129.050908" sectionIndex="0" pointIndex="1419" originalElevation="374.4" isOriginalElevationFromOSM="true"><ele>369.7</ele></trkpt>
<trkpt lat="35.687400" lon="129.051590" sectionIndex="0" pointIndex="1420" originalElevation="369.3" isOriginalElevationFromOSM="true"><ele>368.7</ele></trkpt>
<trkpt lat="35.687530" lon="129.051888" sectionIndex="0" pointIndex="1421" originalElevation="364.3" isOriginalElevationFromOSM="true"><ele>367.8</ele></trkpt>
<trkpt lat="35.687820" lon="129.052338" sectionIndex="0" pointIndex="1422" originalElevation="367.2" isOriginalElevationFromOSM="true"><ele>366.7</ele></trkpt>
<trkpt lat="35.688260" lon="129.052910" sectionIndex="0" pointIndex="1423" originalElevation="366.4" isOriginalElevationFromOSM="true"><ele>365.5</ele></trkpt>
<trkpt lat="35.689010" lon="129.053630" sectionIndex="0" pointIndex="1424" originalElevation="361.1" isOriginalElevationFromOSM="true"><ele>363.8</ele></trkpt>
<trkpt lat="35.689840" lon="129.054350" sectionIndex="0" pointIndex="1425" originalElevation="359.7" isOriginalElevationFromOSM="true"><ele>361.8</ele></trkpt>
<trkpt lat="35.690600" lon="129.055150" sectionIndex="0" pointIndex="1426" originalElevation="357.2" isOriginalElevationFromOSM="true"><ele>359.7</ele></trkpt>
<trkpt lat="35.691020" lon="129.055360" sectionIndex="0" pointIndex="1427" originalElevation="359.1" isOriginalElevationFromOSM="true"><ele>357.8</ele></trkpt>
<trkpt lat="35.691190" lon="129.055478" sectionIndex="0" pointIndex="1428" originalElevation="359.0" isOriginalElevationFromOSM="true"><ele>356.2</ele></trkpt>
<trkpt lat="35.691280" lon="129.055630" sectionIndex="0" pointIndex="1429" originalElevation="357.1" isOriginalElevationFromOSM="true"><ele>354.9</ele></trkpt>
<trkpt lat="35.691450" lon="129.056040" sectionIndex="0" pointIndex="1430" originalElevation="354.3" isOriginalElevationFromOSM="true"><ele>353.4</ele></trkpt>
<trkpt lat="35.691490" lon="129.056130" sectionIndex="0" pointIndex="1431" originalElevation="351.6" isOriginalElevationFromOSM="true"><ele>351.7</ele></trkpt>
<trkpt lat="35.691690" lon="129.056450" sectionIndex="0" pointIndex="1432" originalElevation="348.5" isOriginalElevationFromOSM="true"><ele>350.4</ele></trkpt>
<trkpt lat="35.692220" lon="129.057088" sectionIndex="0" pointIndex="1433" originalElevation="346.4" isOriginalElevationFromOSM="true"><ele>349.1</ele></trkpt>
<trkpt lat="35.692410" lon="129.057200" sectionIndex="0" pointIndex="1434" originalElevation="345.9" isOriginalElevationFromOSM="true"><ele>348.1</ele></trkpt>
<trkpt lat="35.692720" lon="129.057240" sectionIndex="0" pointIndex="1435" originalElevation="345.0" isOriginalElevationFromOSM="true"><ele>347.3</ele></trkpt>
<trkpt lat="35.693100" lon="129.057170" sectionIndex="0" pointIndex="1436" originalElevation="344.6" isOriginalElevationFromOSM="true"><ele>346.4</ele></trkpt>
<trkpt lat="35.693460" lon="129.057060" sectionIndex="0" pointIndex="1437" originalElevation="344.9" isOriginalElevationFromOSM="true"><ele>345.8</ele></trkpt>
<trkpt lat="35.694900" lon="129.056500" sectionIndex="0" pointIndex="1438" originalElevation="341.6" isOriginalElevationFromOSM="true"><ele>345.3</ele></trkpt>
<trkpt lat="35.695270" lon="129.056410" sectionIndex="0" pointIndex="1439" originalElevation="340.9" isOriginalElevationFromOSM="true"><ele>344.4</ele></trkpt>
<trkpt lat="35.695580" lon="129.056360" sectionIndex="0" pointIndex="1440" originalElevation="339.8" isOriginalElevationFromOSM="true"><ele>343.6</ele></trkpt>
<trkpt lat="35.696230" lon="129.056320" sectionIndex="0" pointIndex="1441" originalElevation="343.0" isOriginalElevationFromOSM="true"><ele>342.8</ele></trkpt>
<trkpt lat="35.696410" lon="129.056310" sectionIndex="0" pointIndex="1442" originalElevation="346.3" isOriginalElevationFromOSM="true"><ele>342.1</ele></trkpt>
<trkpt lat="35.696620" lon="129.056360" sectionIndex="0" pointIndex="1443" originalElevation="346.9" isOriginalElevationFromOSM="true"><ele>341.6</ele></trkpt>
<trkpt lat="35.696790" lon="129.056440" sectionIndex="0" pointIndex="1444" originalElevation="347.5" isOriginalElevationFromOSM="true"><ele>340.6</ele></trkpt>
<trkpt lat="35.696970" lon="129.056580" sectionIndex="0" pointIndex="1445" originalElevation="346.8" isOriginalElevationFromOSM="true"><ele>339.6</ele></trkpt>
<trkpt lat="35.697390" lon="129.057470" sectionIndex="0" pointIndex="1446" originalElevation="338.0" isOriginalElevationFromOSM="true"><ele>338.9</ele></trkpt>
<trkpt lat="35.697550" lon="129.057760" sectionIndex="0" pointIndex="1447" originalElevation="335.8" isOriginalElevationFromOSM="true"><ele>338.5</ele></trkpt>
<trkpt lat="35.697770" lon="129.058090" sectionIndex="0" pointIndex="1448" originalElevation="335.3" isOriginalElevationFromOSM="true"><ele>338.1</ele></trkpt>
<trkpt lat="35.698040" lon="129.058428" sectionIndex="0" pointIndex="1449" originalElevation="335.3" isOriginalElevationFromOSM="true"><ele>336.9</ele></trkpt>
<trkpt lat="35.698220" lon="129.058570" sectionIndex="0" pointIndex="1450" originalElevation="336.7" isOriginalElevationFromOSM="true"><ele>335.4</ele></trkpt>
<trkpt lat="35.699080" lon="129.059040" sectionIndex="0" pointIndex="1451" originalElevation="330.2" isOriginalElevationFromOSM="true"><ele>333.6</ele></trkpt>
<trkpt lat="35.699320" lon="129.059040" sectionIndex="0" pointIndex="1452" originalElevation="329.8" isOriginalElevationFromOSM="true"><ele>331.8</ele></trkpt>
<trkpt lat="35.699560" lon="129.058960" sectionIndex="0" pointIndex="1453" originalElevation="331.6" isOriginalElevationFromOSM="true"><ele>330.1</ele></trkpt>
<trkpt lat="35.699770" lon="129.058860" sectionIndex="0" pointIndex="1454" originalElevation="334.5" isOriginalElevationFromOSM="true"><ele>328.6</ele></trkpt>
<trkpt lat="35.700000" lon="129.058870" sectionIndex="0" pointIndex="1455" originalElevation="334.4" isOriginalElevationFromOSM="true"><ele>327.2</ele></trkpt>
<trkpt lat="35.701520" lon="129.059320" sectionIndex="0" pointIndex="1456" originalElevation="324.8" isOriginalElevationFromOSM="true"><ele>326.0</ele></trkpt>
<trkpt lat="35.702360" lon="129.059360" sectionIndex="0" pointIndex="1457" originalElevation="322.7" isOriginalElevationFromOSM="true"><ele>324.8</ele></trkpt>
<trkpt lat="35.702450" lon="129.059360" sectionIndex="0" pointIndex="1458" originalElevation="320.6" isOriginalElevationFromOSM="true"><ele>323.4</ele></trkpt>
<trkpt lat="35.702780" lon="129.059270" sectionIndex="0" pointIndex="1459" originalElevation="320.5" isOriginalElevationFromOSM="true"><ele>322.5</ele></trkpt>
<trkpt lat="35.704400" lon="129.058510" sectionIndex="0" pointIndex="1460" originalElevation="321.3" isOriginalElevationFromOSM="true"><ele>321.6</ele></trkpt>
<trkpt lat="35.705020" lon="129.058330" sectionIndex="0" pointIndex="1461" originalElevation="314.8" isOriginalElevationFromOSM="true"><ele>320.7</ele></trkpt>
<trkpt lat="35.705290" lon="129.058158" sectionIndex="0" pointIndex="1462" originalElevation="316.2" isOriginalElevationFromOSM="true"><ele>319.5</ele></trkpt>
<trkpt lat="35.705680" lon="129.057978" sectionIndex="0" pointIndex="1463" originalElevation="317.0" isOriginalElevationFromOSM="true"><ele>318.4</ele></trkpt>
<trkpt lat="35.706140" lon="129.057808" sectionIndex="0" pointIndex="1464" originalElevation="316.9" isOriginalElevationFromOSM="true"><ele>317.9</ele></trkpt>
<trkpt lat="35.706440" lon="129.057670" sectionIndex="0" pointIndex="1465" originalElevation="316.2" isOriginalElevationFromOSM="true"><ele>317.5</ele></trkpt>
<trkpt lat="35.706600" lon="129.057560" sectionIndex="0" pointIndex="1466" originalElevation="315.8" isOriginalElevationFromOSM="true"><ele>317.1</ele></trkpt>
<trkpt lat="35.706780" lon="129.057420" sectionIndex="0" pointIndex="1467" originalElevation="316.3" isOriginalElevationFromOSM="true"><ele>316.6</ele></trkpt>
<trkpt lat="35.707190" lon="129.057009" sectionIndex="0" pointIndex="1468" originalElevation="318.2" isOriginalElevationFromOSM="true"><ele>315.8</ele></trkpt>
<trkpt lat="35.707630" lon="129.056760" sectionIndex="0" pointIndex="1469" originalElevation="316.4" isOriginalElevationFromOSM="true"><ele>315.4</ele></trkpt>
<trkpt lat="35.708140" lon="129.056500" sectionIndex="0" pointIndex="1470" originalElevation="318.2" isOriginalElevationFromOSM="true"><ele>314.9</ele></trkpt>
<trkpt lat="35.708190" lon="129.056500" sectionIndex="0" pointIndex="1471" originalElevation="317.5" isOriginalElevationFromOSM="true"><ele>314.4</ele></trkpt>
<trkpt lat="35.708460" lon="129.056480" sectionIndex="0" pointIndex="1472" originalElevation="316.9" isOriginalElevationFromOSM="true"><ele>313.9</ele></trkpt>
<trkpt lat="35.708880" lon="129.056548" sectionIndex="0" pointIndex="1473" originalElevation="314.4" isOriginalElevationFromOSM="true"><ele>313.3</ele></trkpt>
<trkpt lat="35.709080" lon="129.056600" sectionIndex="0" pointIndex="1474" originalElevation="312.8" isOriginalElevationFromOSM="true"><ele>312.6</ele></trkpt>
<trkpt lat="35.709600" lon="129.056829" sectionIndex="0" pointIndex="1475" originalElevation="308.8" isOriginalElevationFromOSM="true"><ele>311.7</ele></trkpt>
<trkpt lat="35.709930" lon="129.056760" sectionIndex="0" pointIndex="1476" originalElevation="309.6" isOriginalElevationFromOSM="true"><ele>310.6</ele></trkpt>
<trkpt lat="35.710540" lon="129.056510" sectionIndex="0" pointIndex="1477" originalElevation="309.1" isOriginalElevationFromOSM="true"><ele>309.6</ele></trkpt>
<trkpt lat="35.711230" lon="129.056130" sectionIndex="0" pointIndex="1478" originalElevation="309.6" isOriginalElevationFromOSM="true"><ele>308.2</ele></trkpt>
<trkpt lat="35.711610" lon="129.055970" sectionIndex="0" pointIndex="1479" originalElevation="308.1" isOriginalElevationFromOSM="true"><ele>306.7</ele></trkpt>
<trkpt lat="35.712930" lon="129.055230" sectionIndex="0" pointIndex="1480" originalElevation="307.2" isOriginalElevationFromOSM="true"><ele>305.2</ele></trkpt>
<trkpt lat="35.713970" lon="129.054700" sectionIndex="0" pointIndex="1481" originalElevation="305.4" isOriginalElevationFromOSM="true"><ele>303.8</ele></trkpt>
<trkpt lat="35.714190" lon="129.054630" sectionIndex="0" pointIndex="1482" originalElevation="303.3" isOriginalElevationFromOSM="true"><ele>302.5</ele></trkpt>
<trkpt lat="35.714410" lon="129.054610" sectionIndex="0" pointIndex="1483" originalElevation="302.3" isOriginalElevationFromOSM="true"><ele>301.6</ele></trkpt>
<trkpt lat="35.714480" lon="129.054600" sectionIndex="0" pointIndex="1484" originalElevation="301.3" isOriginalElevationFromOSM="true"><ele>300.5</ele></trkpt>
<trkpt lat="35.714930" lon="129.054650" sectionIndex="0" pointIndex="1485" originalElevation="296.4" isOriginalElevationFromOSM="true"><ele>299.6</ele></trkpt>
<trkpt lat="35.715580" lon="129.054890" sectionIndex="0" pointIndex="1486" originalElevation="295.0" isOriginalElevationFromOSM="true"><ele>298.5</ele></trkpt>
<trkpt lat="35.715890" lon="129.054980" sectionIndex="0" pointIndex="1487" originalElevation="294.3" isOriginalElevationFromOSM="true"><ele>297.2</ele></trkpt>
<trkpt lat="35.716160" lon="129.055039" sectionIndex="0" pointIndex="1488" originalElevation="293.7" isOriginalElevationFromOSM="true"><ele>296.3</ele></trkpt>
<trkpt lat="35.716440" lon="129.055060" sectionIndex="0" pointIndex="1489" originalElevation="293.7" isOriginalElevationFromOSM="true"><ele>295.5</ele></trkpt>
<trkpt lat="35.716680" lon="129.055028" sectionIndex="0" pointIndex="1490" originalElevation="294.4" isOriginalElevationFromOSM="true"><ele>294.8</ele></trkpt>
<trkpt lat="35.717090" lon="129.054930" sectionIndex="0" pointIndex="1491" originalElevation="294.4" isOriginalElevationFromOSM="true"><ele>294.0</ele></trkpt>
<trkpt lat="35.717670" lon="129.054769" sectionIndex="0" pointIndex="1492" originalElevation="295.0" isOriginalElevationFromOSM="true"><ele>292.9</ele></trkpt>
<trkpt lat="35.717960" lon="129.054740" sectionIndex="0" pointIndex="1493" originalElevation="292.5" isOriginalElevationFromOSM="true"><ele>291.7</ele></trkpt>
<trkpt lat="35.719020" lon="129.054769" sectionIndex="0" pointIndex="1494" originalElevation="289.4" isOriginalElevationFromOSM="true"><ele>290.6</ele></trkpt>
<trkpt lat="35.719630" lon="129.054758" sectionIndex="0" pointIndex="1495" originalElevation="293.5" isOriginalElevationFromOSM="true"><ele>289.5</ele></trkpt>
<trkpt lat="35.719980" lon="129.054820" sectionIndex="0" pointIndex="1496" originalElevation="293.5" isOriginalElevationFromOSM="true"><ele>288.0</ele></trkpt>
<trkpt lat="35.720260" lon="129.055000" sectionIndex="0" pointIndex="1497" originalElevation="293.1" isOriginalElevationFromOSM="true"><ele>286.3</ele></trkpt>
<trkpt lat="35.720520" lon="129.055399" sectionIndex="0" pointIndex="1498" originalElevation="289.8" isOriginalElevationFromOSM="true"><ele>284.6</ele></trkpt>
<trkpt lat="35.720550" lon="129.055510" sectionIndex="0" pointIndex="1499" originalElevation="284.5" isOriginalElevationFromOSM="true"><ele>282.9</ele></trkpt>
<trkpt lat="35.720650" lon="129.055849" sectionIndex="0" pointIndex="1500" originalElevation="279.3" isOriginalElevationFromOSM="true"><ele>281.1</ele></trkpt>
<trkpt lat="35.720790" lon="129.056018" sectionIndex="0" pointIndex="1501" originalElevation="278.5" isOriginalElevationFromOSM="true"><ele>279.2</ele></trkpt>
<trkpt lat="35.721400" lon="129.056170" sectionIndex="0" pointIndex="1502" originalElevation="277.6" isOriginalElevationFromOSM="true"><ele>277.4</ele></trkpt>
<trkpt lat="35.722270" lon="129.056590" sectionIndex="0" pointIndex="1503" originalElevation="271.0" isOriginalElevationFromOSM="true"><ele>275.3</ele></trkpt>
<trkpt lat="35.723300" lon="129.057170" sectionIndex="0" pointIndex="1504" originalElevation="267.7" isOriginalElevationFromOSM="true"><ele>272.9</ele></trkpt>
<trkpt lat="35.723910" lon="129.057549" sectionIndex="0" pointIndex="1505" originalElevation="268.8" isOriginalElevationFromOSM="true"><ele>270.3</ele></trkpt>
<trkpt lat="35.724430" lon="129.057740" sectionIndex="0" pointIndex="1506" originalElevation="270.1" isOriginalElevationFromOSM="true"><ele>267.9</ele></trkpt>
<trkpt lat="35.725000" lon="129.057808" sectionIndex="0" pointIndex="1507" originalElevation="267.0" isOriginalElevationFromOSM="true"><ele>266.0</ele></trkpt>
<trkpt lat="35.726480" lon="129.057819" sectionIndex="0" pointIndex="1508" originalElevation="264.3" isOriginalElevationFromOSM="true"><ele>264.8</ele></trkpt>
<trkpt lat="35.727790" lon="129.058130" sectionIndex="0" pointIndex="1509" originalElevation="263.0" isOriginalElevationFromOSM="true"><ele>263.7</ele></trkpt>
<trkpt lat="35.728210" lon="129.058200" sectionIndex="0" pointIndex="1510" originalElevation="261.5" isOriginalElevationFromOSM="true"><ele>262.6</ele></trkpt>
<trkpt lat="35.730350" lon="129.058320" sectionIndex="0" pointIndex="1511" originalElevation="257.2" isOriginalElevationFromOSM="true"><ele>261.7</ele></trkpt>
<trkpt lat="35.731400" lon="129.058540" sectionIndex="0" pointIndex="1512" originalElevation="254.3" isOriginalElevationFromOSM="true"><ele>260.5</ele></trkpt>
<trkpt lat="35.731570" lon="129.058540" sectionIndex="0" pointIndex="1513" originalElevation="253.9" isOriginalElevationFromOSM="true"><ele>259.2</ele></trkpt>
<trkpt lat="35.732020" lon="129.058310" sectionIndex="0" pointIndex="1514" originalElevation="256.3" isOriginalElevationFromOSM="true"><ele>257.7</ele></trkpt>
<trkpt lat="35.732250" lon="129.058248" sectionIndex="0" pointIndex="1515" originalElevation="260.4" isOriginalElevationFromOSM="true"><ele>256.5</ele></trkpt>
<trkpt lat="35.733820" lon="129.058230" sectionIndex="0" pointIndex="1516" originalElevation="262.2" isOriginalElevationFromOSM="true"><ele>255.6</ele></trkpt>
<trkpt lat="35.734160" lon="129.058280" sectionIndex="0" pointIndex="1517" originalElevation="260.9" isOriginalElevationFromOSM="true"><ele>254.9</ele></trkpt>
<trkpt lat="35.734450" lon="129.058428" sectionIndex="0" pointIndex="1518" originalElevation="257.5" isOriginalElevationFromOSM="true"><ele>254.3</ele></trkpt>
<trkpt lat="35.735290" lon="129.059040" sectionIndex="0" pointIndex="1519" originalElevation="249.6" isOriginalElevationFromOSM="true"><ele>253.4</ele></trkpt>
<trkpt lat="35.736210" lon="129.059678" sectionIndex="0" pointIndex="1520" originalElevation="249.3" isOriginalElevationFromOSM="true"><ele>252.7</ele></trkpt>
<trkpt lat="35.736990" lon="129.059990" sectionIndex="0" pointIndex="1521" originalElevation="248.0" isOriginalElevationFromOSM="true"><ele>251.9</ele></trkpt>
<trkpt lat="35.737640" lon="129.060150" sectionIndex="0" pointIndex="1522" originalElevation="248.8" isOriginalElevationFromOSM="true"><ele>251.1</ele></trkpt>
<trkpt lat="35.737750" lon="129.060160" sectionIndex="0" pointIndex="1523" originalElevation="251.0" isOriginalElevationFromOSM="true"><ele>249.9</ele></trkpt>
<trkpt lat="35.738450" lon="129.060210" sectionIndex="0" pointIndex="1524" originalElevation="253.3" isOriginalElevationFromOSM="true"><ele>248.7</ele></trkpt>
<trkpt lat="35.738880" lon="129.060300" sectionIndex="0" pointIndex="1525" originalElevation="252.4" isOriginalElevationFromOSM="true"><ele>247.5</ele></trkpt>
<trkpt lat="35.740400" lon="129.060730" sectionIndex="0" pointIndex="1526" originalElevation="243.8" isOriginalElevationFromOSM="true"><ele>246.8</ele></trkpt>
<trkpt lat="35.740710" lon="129.060870" sectionIndex="0" pointIndex="1527" originalElevation="242.7" isOriginalElevationFromOSM="true"><ele>246.6</ele></trkpt>
<trkpt lat="35.741230" lon="129.061200" sectionIndex="0" pointIndex="1528" originalElevation="243.0" isOriginalElevationFromOSM="true"><ele>246.5</ele></trkpt>
<trkpt lat="35.741450" lon="129.061290" sectionIndex="0" pointIndex="1529" originalElevation="243.1" isOriginalElevationFromOSM="true"><ele>246.6</ele></trkpt>
<trkpt lat="35.741680" lon="129.061320" sectionIndex="0" pointIndex="1530" originalElevation="243.4" isOriginalElevationFromOSM="true"><ele>246.5</ele></trkpt>
<trkpt lat="35.741850" lon="129.061309" sectionIndex="0" pointIndex="1531" originalElevation="243.2" isOriginalElevationFromOSM="true"><ele>246.6</ele></trkpt>
<trkpt lat="35.742100" lon="129.061140" sectionIndex="0" pointIndex="1532" originalElevation="244.0" isOriginalElevationFromOSM="true"><ele>246.6</ele></trkpt>
<trkpt lat="35.742450" lon="129.060859" sectionIndex="0" pointIndex="1533" originalElevation="245.8" isOriginalElevationFromOSM="true"><ele>247.1</ele></trkpt>
<trkpt lat="35.742760" lon="129.060690" sectionIndex="0" pointIndex="1534" originalElevation="247.5" isOriginalElevationFromOSM="true"><ele>248.3</ele></trkpt>
<trkpt lat="35.743060" lon="129.060610" sectionIndex="0" pointIndex="1535" originalElevation="248.1" isOriginalElevationFromOSM="true"><ele>249.6</ele></trkpt>
<trkpt lat="35.743430" lon="129.060640" sectionIndex="0" pointIndex="1536" originalElevation="248.3" isOriginalElevationFromOSM="true"><ele>250.5</ele></trkpt>
<trkpt lat="35.743650" lon="129.060660" sectionIndex="0" pointIndex="1537" originalElevation="248.4" isOriginalElevationFromOSM="true"><ele>250.8</ele></trkpt>
<trkpt lat="35.744430" lon="129.060840" sectionIndex="0" pointIndex="1538" originalElevation="251.4" isOriginalElevationFromOSM="true"><ele>251.2</ele></trkpt>
<trkpt lat="35.744990" lon="129.061060" sectionIndex="0" pointIndex="1539" originalElevation="254.4" isOriginalElevationFromOSM="true"><ele>251.5</ele></trkpt>
<trkpt lat="35.745660" lon="129.061450" sectionIndex="0" pointIndex="1540" originalElevation="260.1" isOriginalElevationFromOSM="true"><ele>252.0</ele></trkpt>
<trkpt lat="35.745910" lon="129.061640" sectionIndex="0" pointIndex="1541" originalElevation="261.4" isOriginalElevationFromOSM="true"><ele>252.5</ele></trkpt>
<trkpt lat="35.746310" lon="129.062050" sectionIndex="0" pointIndex="1542" originalElevation="262.2" isOriginalElevationFromOSM="true"><ele>253.1</ele></trkpt>
<trkpt lat="35.746670" lon="129.062450" sectionIndex="0" pointIndex="1543" originalElevation="255.7" isOriginalElevationFromOSM="true"><ele>253.5</ele></trkpt>
<trkpt lat="35.747410" lon="129.063480" sectionIndex="0" pointIndex="1544" originalElevation="248.8" isOriginalElevationFromOSM="true"><ele>253.3</ele></trkpt>
<trkpt lat="35.747510" lon="129.063590" sectionIndex="0" pointIndex="1545" originalElevation="248.0" isOriginalElevationFromOSM="true"><ele>253.0</ele></trkpt>
<trkpt lat="35.747630" lon="129.063650" sectionIndex="0" pointIndex="1546" originalElevation="248.1" isOriginalElevationFromOSM="true"><ele>252.7</ele></trkpt>
<trkpt lat="35.748120" lon="129.063740" sectionIndex="0" pointIndex="1547" originalElevation="251.4" isOriginalElevationFromOSM="true"><ele>252.4</ele></trkpt>
<trkpt lat="35.748900" lon="129.063840" sectionIndex="0" pointIndex="1548" originalElevation="253.8" isOriginalElevationFromOSM="true"><ele>251.8</ele></trkpt>
<trkpt lat="35.749120" lon="129.063880" sectionIndex="0" pointIndex="1549" originalElevation="256.2" isOriginalElevationFromOSM="true"><ele>251.0</ele></trkpt>
<trkpt lat="35.749330" lon="129.063978" sectionIndex="0" pointIndex="1550" originalElevation="254.9" isOriginalElevationFromOSM="true"><ele>250.5</ele></trkpt>
<trkpt lat="35.749800" lon="129.064560" sectionIndex="0" pointIndex="1551" originalElevation="245.2" isOriginalElevationFromOSM="true"><ele>250.4</ele></trkpt>
<trkpt lat="35.749930" lon="129.064670" sectionIndex="0" pointIndex="1552" originalElevation="243.8" isOriginalElevationFromOSM="true"><ele>250.6</ele></trkpt>
<trkpt lat="35.750480" lon="129.064940" sectionIndex="0" pointIndex="1553" originalElevation="246.5" isOriginalElevationFromOSM="true"><ele>250.4</ele></trkpt>
<trkpt lat="35.750980" lon="129.065159" sectionIndex="0" pointIndex="1554" originalElevation="250.1" isOriginalElevationFromOSM="true"><ele>250.2</ele></trkpt>
<trkpt lat="35.751410" lon="129.065400" sectionIndex="0" pointIndex="1555" originalElevation="250.6" isOriginalElevationFromOSM="true"><ele>249.7</ele></trkpt>
<trkpt lat="35.752190" lon="129.065948" sectionIndex="0" pointIndex="1556" originalElevation="250.4" isOriginalElevationFromOSM="true"><ele>248.8</ele></trkpt>
<trkpt lat="35.752630" lon="129.066210" sectionIndex="0" pointIndex="1557" originalElevation="253.7" isOriginalElevationFromOSM="true"><ele>247.7</ele></trkpt>
<trkpt lat="35.752960" lon="129.066450" sectionIndex="0" pointIndex="1558" originalElevation="255.0" isOriginalElevationFromOSM="true"><ele>246.5</ele></trkpt>
<trkpt lat="35.753540" lon="129.067020" sectionIndex="0" pointIndex="1559" originalElevation="251.6" isOriginalElevationFromOSM="true"><ele>246.3</ele></trkpt>
<trkpt lat="35.754130" lon="129.067460" sectionIndex="0" pointIndex="1560" originalElevation="244.9" isOriginalElevationFromOSM="true"><ele>246.2</ele></trkpt>
<trkpt lat="35.754500" lon="129.067648" sectionIndex="0" pointIndex="1561" originalElevation="245.2" isOriginalElevationFromOSM="true"><ele>245.7</ele></trkpt>
<trkpt lat="35.754800" lon="129.067838" sectionIndex="0" pointIndex="1562" originalElevation="243.2" isOriginalElevationFromOSM="true"><ele>244.9</ele></trkpt>
<trkpt lat="35.754950" lon="129.067950" sectionIndex="0" pointIndex="1563" originalElevation="241.2" isOriginalElevationFromOSM="true"><ele>244.3</ele></trkpt>
<trkpt lat="35.755200" lon="129.068040" sectionIndex="0" pointIndex="1564" originalElevation="239.1" isOriginalElevationFromOSM="true"><ele>243.7</ele></trkpt>
<trkpt lat="35.755690" lon="129.068140" sectionIndex="0" pointIndex="1565" originalElevation="237.7" isOriginalElevationFromOSM="true"><ele>242.6</ele></trkpt>
<trkpt lat="35.757000" lon="129.068130" sectionIndex="0" pointIndex="1566" originalElevation="241.7" isOriginalElevationFromOSM="true"><ele>241.5</ele></trkpt>
<trkpt lat="35.757190" lon="129.068170" sectionIndex="0" pointIndex="1567" originalElevation="241.9" isOriginalElevationFromOSM="true"><ele>240.3</ele></trkpt>
<trkpt lat="35.757660" lon="129.068490" sectionIndex="0" pointIndex="1568" originalElevation="238.7" isOriginalElevationFromOSM="true"><ele>239.3</ele></trkpt>
<trkpt lat="35.757910" lon="129.068600" sectionIndex="0" pointIndex="1569" originalElevation="239.4" isOriginalElevationFromOSM="true"><ele>238.0</ele></trkpt>
<trkpt lat="35.758670" lon="129.068850" sectionIndex="0" pointIndex="1570" originalElevation="241.1" isOriginalElevationFromOSM="true"><ele>236.8</ele></trkpt>
<trkpt lat="35.758930" lon="129.068960" sectionIndex="0" pointIndex="1571" originalElevation="240.7" isOriginalElevationFromOSM="true"><ele>235.8</ele></trkpt>
<trkpt lat="35.759290" lon="129.069170" sectionIndex="0" pointIndex="1572" originalElevation="238.1" isOriginalElevationFromOSM="true"><ele>234.9</ele></trkpt>
<trkpt lat="35.759630" lon="129.069430" sectionIndex="0" pointIndex="1573" originalElevation="238.2" isOriginalElevationFromOSM="true"><ele>234.1</ele></trkpt>
<trkpt lat="35.760180" lon="129.069730" sectionIndex="0" pointIndex="1574" originalElevation="234.2" isOriginalElevationFromOSM="true"><ele>233.3</ele></trkpt>
<trkpt lat="35.760850" lon="129.070000" sectionIndex="0" pointIndex="1575" originalElevation="228.9" isOriginalElevationFromOSM="true"><ele>232.5</ele></trkpt>
<trkpt lat="35.761290" lon="129.070060" sectionIndex="0" pointIndex="1576" originalElevation="226.3" isOriginalElevationFromOSM="true"><ele>232.1</ele></trkpt>
<trkpt lat="35.761660" lon="129.069988" sectionIndex="0" pointIndex="1577" originalElevation="225.1" isOriginalElevationFromOSM="true"><ele>231.7</ele></trkpt>
<trkpt lat="35.761880" lon="129.069860" sectionIndex="0" pointIndex="1578" originalElevation="225.8" isOriginalElevationFromOSM="true"><ele>231.2</ele></trkpt>
<trkpt lat="35.762230" lon="129.069459" sectionIndex="0" pointIndex="1579" originalElevation="225.9" isOriginalElevationFromOSM="true"><ele>230.9</ele></trkpt>
<trkpt lat="35.762670" lon="129.068368" sectionIndex="0" pointIndex="1580" originalElevation="225.1" isOriginalElevationFromOSM="true"><ele>230.7</ele></trkpt>
<trkpt lat="35.762970" lon="129.066840" sectionIndex="0" pointIndex="1581" originalElevation="229.8" isOriginalElevationFromOSM="true"><ele>230.3</ele></trkpt>
<trkpt lat="35.763010" lon="129.066170" sectionIndex="0" pointIndex="1582" originalElevation="230.7" isOriginalElevationFromOSM="true"><ele>230.0</ele></trkpt>
<trkpt lat="35.762930" lon="129.065470" sectionIndex="0" pointIndex="1583" originalElevation="232.8" isOriginalElevationFromOSM="true"><ele>230.4</ele></trkpt>
<trkpt lat="35.762740" lon="129.064680" sectionIndex="0" pointIndex="1584" originalElevation="233.5" isOriginalElevationFromOSM="true"><ele>231.2</ele></trkpt>
<trkpt lat="35.762520" lon="129.064110" sectionIndex="0" pointIndex="1585" originalElevation="232.9" isOriginalElevationFromOSM="true"><ele>232.4</ele></trkpt>
<trkpt lat="35.761740" lon="129.062480" sectionIndex="0" pointIndex="1586" originalElevation="236.2" isOriginalElevationFromOSM="true"><ele>233.4</ele></trkpt>
<trkpt lat="35.761450" lon="129.062000" sectionIndex="0" pointIndex="1587" originalElevation="235.3" isOriginalElevationFromOSM="true"><ele>234.3</ele></trkpt>
<trkpt lat="35.760910" lon="129.061250" sectionIndex="0" pointIndex="1588" originalElevation="232.0" isOriginalElevationFromOSM="true"><ele>235.1</ele></trkpt>
<trkpt lat="35.760590" lon="129.060990" sectionIndex="0" pointIndex="1589" originalElevation="229.6" isOriginalElevationFromOSM="true"><ele>235.5</ele></trkpt>
<trkpt lat="35.759480" lon="129.060620" sectionIndex="0" pointIndex="1590" originalElevation="235.5" isOriginalElevationFromOSM="true"><ele>235.5</ele></trkpt>
<trkpt lat="35.758710" lon="129.060120" sectionIndex="0" pointIndex="1591" originalElevation="237.4" isOriginalElevationFromOSM="true"><ele>235.3</ele></trkpt>
<trkpt lat="35.757930" lon="129.059560" sectionIndex="0" pointIndex="1592" originalElevation="243.8" isOriginalElevationFromOSM="true"><ele>235.1</ele></trkpt>
<trkpt lat="35.757590" lon="129.059180" sectionIndex="0" pointIndex="1593" originalElevation="240.6" isOriginalElevationFromOSM="true"><ele>235.0</ele></trkpt>
<trkpt lat="35.757260" lon="129.058730" sectionIndex="0" pointIndex="1594" originalElevation="238.6" isOriginalElevationFromOSM="true"><ele>234.7</ele></trkpt>
<trkpt lat="35.756600" lon="129.058040" sectionIndex="0" pointIndex="1595" originalElevation="237.8" isOriginalElevationFromOSM="true"><ele>235.1</ele></trkpt>
<trkpt lat="35.756340" lon="129.057700" sectionIndex="0" pointIndex="1596" originalElevation="235.7" isOriginalElevationFromOSM="true"><ele>235.9</ele></trkpt>
<trkpt lat="35.756000" lon="129.057030" sectionIndex="0" pointIndex="1597" originalElevation="230.8" isOriginalElevationFromOSM="true"><ele>236.8</ele></trkpt>
<trkpt lat="35.755490" lon="129.056150" sectionIndex="0" pointIndex="1598" originalElevation="229.8" isOriginalElevationFromOSM="true"><ele>237.1</ele></trkpt>
<trkpt lat="35.755030" lon="129.055309" sectionIndex="0" pointIndex="1599" originalElevation="230.4" isOriginalElevationFromOSM="true"><ele>236.5</ele></trkpt>
<trkpt lat="35.754860" lon="129.055110" sectionIndex="0" pointIndex="1600" originalElevation="231.1" isOriginalElevationFromOSM="true"><ele>234.9</ele></trkpt>
<trkpt lat="35.754750" lon="129.055020" sectionIndex="0" pointIndex="1601" originalElevation="231.8" isOriginalElevationFromOSM="true"><ele>233.2</ele></trkpt>
<trkpt lat="35.754180" lon="129.054620" sectionIndex="0" pointIndex="1602" originalElevation="242.2" isOriginalElevationFromOSM="true"><ele>231.3</ele></trkpt>
<trkpt lat="35.753950" lon="129.054370" sectionIndex="0" pointIndex="1603" originalElevation="243.5" isOriginalElevationFromOSM="true"><ele>229.3</ele></trkpt>
<trkpt lat="35.753880" lon="129.054210" sectionIndex="0" pointIndex="1604" originalElevation="243.3" isOriginalElevationFromOSM="true"><ele>227.4</ele></trkpt>
<trkpt lat="35.753860" lon="129.053760" sectionIndex="0" pointIndex="1605" originalElevation="240.4" isOriginalElevationFromOSM="true"><ele>225.5</ele></trkpt>
<trkpt lat="35.753900" lon="129.052608" sectionIndex="0" pointIndex="1606" originalElevation="228.1" isOriginalElevationFromOSM="true"><ele>223.7</ele></trkpt>
<trkpt lat="35.753830" lon="129.051350" sectionIndex="0" pointIndex="1607" originalElevation="219.9" isOriginalElevationFromOSM="true"><ele>221.7</ele></trkpt>
<trkpt lat="35.753820" lon="129.050320" sectionIndex="0" pointIndex="1608" originalElevation="214.3" isOriginalElevationFromOSM="true"><ele>219.5</ele></trkpt>
<trkpt lat="35.753880" lon="129.049470" sectionIndex="0" pointIndex="1609" originalElevation="210.3" isOriginalElevationFromOSM="true"><ele>217.2</ele></trkpt>
<trkpt lat="35.753960" lon="129.049020" sectionIndex="0" pointIndex="1610" originalElevation="208.7" isOriginalElevationFromOSM="true"><ele>214.1</ele></trkpt>
<trkpt lat="35.753960" lon="129.048340" sectionIndex="0" pointIndex="1611" originalElevation="206.0" isOriginalElevationFromOSM="true"><ele>210.9</ele></trkpt>
<trkpt lat="35.753850" lon="129.047080" sectionIndex="0" pointIndex="1612" originalElevation="202.8" isOriginalElevationFromOSM="true"><ele>207.7</ele></trkpt>
<trkpt lat="35.753840" lon="129.046878" sectionIndex="0" pointIndex="1613" originalElevation="202.1" isOriginalElevationFromOSM="true"><ele>204.5</ele></trkpt>
<trkpt lat="35.753860" lon="129.046750" sectionIndex="0" pointIndex="1614" originalElevation="201.5" isOriginalElevationFromOSM="true"><ele>202.3</ele></trkpt>
<trkpt lat="35.754140" lon="129.045978" sectionIndex="0" pointIndex="1615" originalElevation="197.5" isOriginalElevationFromOSM="true"><ele>200.5</ele></trkpt>
<trkpt lat="35.754370" lon="129.045290" sectionIndex="0" pointIndex="1616" originalElevation="196.8" isOriginalElevationFromOSM="true"><ele>199.2</ele></trkpt>
<trkpt lat="35.754570" lon="129.044728" sectionIndex="0" pointIndex="1617" originalElevation="196.2" isOriginalElevationFromOSM="true"><ele>198.3</ele></trkpt>
<trkpt lat="35.754730" lon="129.044480" sectionIndex="0" pointIndex="1618" originalElevation="195.5" isOriginalElevationFromOSM="true"><ele>197.5</ele></trkpt>
<trkpt lat="35.754890" lon="129.044300" sectionIndex="0" pointIndex="1619" originalElevation="194.7" isOriginalElevationFromOSM="true"><ele>197.1</ele></trkpt>
<trkpt lat="35.755100" lon="129.044119" sectionIndex="0" pointIndex="1620" originalElevation="193.8" isOriginalElevationFromOSM="true"><ele>196.5</ele></trkpt>
<trkpt lat="35.755270" lon="129.044040" sectionIndex="0" pointIndex="1621" originalElevation="193.7" isOriginalElevationFromOSM="true"><ele>195.6</ele></trkpt>
<trkpt lat="35.755420" lon="129.043970" sectionIndex="0" pointIndex="1622" originalElevation="193.5" isOriginalElevationFromOSM="true"><ele>194.7</ele></trkpt>
<trkpt lat="35.756250" lon="129.043860" sectionIndex="0" pointIndex="1623" originalElevation="195.4" isOriginalElevationFromOSM="true"><ele>193.9</ele></trkpt>
<trkpt lat="35.756701" lon="129.043848" sectionIndex="0" pointIndex="1624" originalElevation="196.0" isOriginalElevationFromOSM="false"><ele>193.1</ele></trkpt>
<trkpt lat="35.757400" lon="129.043830" sectionIndex="0" pointIndex="1625" originalElevation="197.4" isOriginalElevationFromOSM="true"><ele>192.2</ele></trkpt>
<trkpt lat="35.757720" lon="129.041699" sectionIndex="0" pointIndex="1626" originalElevation="199.9" isOriginalElevationFromOSM="true"><ele>191.1</ele></trkpt>
<trkpt lat="35.757660" lon="129.039410" sectionIndex="0" pointIndex="1627" originalElevation="193.7" isOriginalElevationFromOSM="true"><ele>190.1</ele></trkpt>
<trkpt lat="35.757570" lon="129.035778" sectionIndex="0" pointIndex="1628" originalElevation="187.8" isOriginalElevationFromOSM="true"><ele>189.2</ele></trkpt>
<trkpt lat="35.757640" lon="129.034770" sectionIndex="0" pointIndex="1629" originalElevation="188.3" isOriginalElevationFromOSM="true"><ele>188.4</ele></trkpt>
<trkpt lat="35.758220" lon="129.029390" sectionIndex="0" pointIndex="1630" originalElevation="185.4" isOriginalElevationFromOSM="true"><ele>187.5</ele></trkpt>
<trkpt lat="35.758470" lon="129.027260" sectionIndex="0" pointIndex="1631" originalElevation="185.2" isOriginalElevationFromOSM="true"><ele>186.5</ele></trkpt>
<trkpt lat="35.758590" lon="129.026638" sectionIndex="0" pointIndex="1632" originalElevation="183.1" isOriginalElevationFromOSM="true"><ele>185.6</ele></trkpt>
<trkpt lat="35.759270" lon="129.024090" sectionIndex="0" pointIndex="1633" originalElevation="178.6" isOriginalElevationFromOSM="true"><ele>184.6</ele></trkpt>
<trkpt lat="35.759520" lon="129.023460" sectionIndex="0" pointIndex="1634" originalElevation="179.8" isOriginalElevationFromOSM="true"><ele>183.4</ele></trkpt>
<trkpt lat="35.759970" lon="129.022430" sectionIndex="0" pointIndex="1635" originalElevation="180.8" isOriginalElevationFromOSM="true"><ele>182.6</ele></trkpt>
<trkpt lat="35.760100" lon="129.022040" sectionIndex="0" pointIndex="1636" originalElevation="180.8" isOriginalElevationFromOSM="true"><ele>182.4</ele></trkpt>
<trkpt lat="35.760150" lon="129.021740" sectionIndex="0" pointIndex="1637" originalElevation="180.5" isOriginalElevationFromOSM="true"><ele>182.1</ele></trkpt>
<trkpt lat="35.760190" lon="129.021300" sectionIndex="0" pointIndex="1638" originalElevation="180.9" isOriginalElevationFromOSM="true"><ele>182.0</ele></trkpt>
<trkpt lat="35.760190" lon="129.020659" sectionIndex="0" pointIndex="1639" originalElevation="181.6" isOriginalElevationFromOSM="true"><ele>181.8</ele></trkpt>
<trkpt lat="35.760170" lon="129.019530" sectionIndex="0" pointIndex="1640" originalElevation="182.1" isOriginalElevationFromOSM="true"><ele>181.6</ele></trkpt>
<trkpt lat="35.760180" lon="129.019000" sectionIndex="0" pointIndex="1641" originalElevation="182.4" isOriginalElevationFromOSM="true"><ele>181.4</ele></trkpt>
<trkpt lat="35.760250" lon="129.018620" sectionIndex="0" pointIndex="1642" originalElevation="182.1" isOriginalElevationFromOSM="true"><ele>181.1</ele></trkpt>
<trkpt lat="35.760770" lon="129.016698" sectionIndex="0" pointIndex="1643" originalElevation="184.5" isOriginalElevationFromOSM="true"><ele>180.6</ele></trkpt>
<trkpt lat="35.760820" lon="129.016320" sectionIndex="0" pointIndex="1644" originalElevation="184.0" isOriginalElevationFromOSM="true"><ele>180.1</ele></trkpt>
<trkpt lat="35.760860" lon="129.015420" sectionIndex="0" pointIndex="1645" originalElevation="184.3" isOriginalElevationFromOSM="true"><ele>179.6</ele></trkpt>
<trkpt lat="35.760770" lon="129.014460" sectionIndex="0" pointIndex="1646" originalElevation="181.1" isOriginalElevationFromOSM="true"><ele>179.1</ele></trkpt>
<trkpt lat="35.760810" lon="129.014130" sectionIndex="0" pointIndex="1647" originalElevation="180.5" isOriginalElevationFromOSM="true"><ele>178.4</ele></trkpt>
<trkpt lat="35.761000" lon="129.012880" sectionIndex="0" pointIndex="1648" originalElevation="176.3" isOriginalElevationFromOSM="true"><ele>177.8</ele></trkpt>
<trkpt lat="35.761130" lon="129.012160" sectionIndex="0" pointIndex="1649" originalElevation="174.5" isOriginalElevationFromOSM="true"><ele>177.5</ele></trkpt>
<trkpt lat="35.761220" lon="129.011770" sectionIndex="0" pointIndex="1650" originalElevation="173.7" isOriginalElevationFromOSM="true"><ele>177.1</ele></trkpt>
<trkpt lat="35.761260" lon="129.011300" sectionIndex="0" pointIndex="1651" originalElevation="173.3" isOriginalElevationFromOSM="true"><ele>176.6</ele></trkpt>
<trkpt lat="35.761150" lon="129.010700" sectionIndex="0" pointIndex="1652" originalElevation="172.9" isOriginalElevationFromOSM="true"><ele>176.3</ele></trkpt>
<trkpt lat="35.761110" lon="129.010520" sectionIndex="0" pointIndex="1653" originalElevation="173.0" isOriginalElevationFromOSM="true"><ele>176.1</ele></trkpt>
<trkpt lat="35.760720" lon="129.009750" sectionIndex="0" pointIndex="1654" originalElevation="172.0" isOriginalElevationFromOSM="true"><ele>176.1</ele></trkpt>
<trkpt lat="35.760570" lon="129.009320" sectionIndex="0" pointIndex="1655" originalElevation="172.1" isOriginalElevationFromOSM="true"><ele>176.4</ele></trkpt>
<trkpt lat="35.760090" lon="129.007140" sectionIndex="0" pointIndex="1656" originalElevation="178.1" isOriginalElevationFromOSM="true"><ele>176.9</ele></trkpt>
<trkpt lat="35.759920" lon="129.006149" sectionIndex="0" pointIndex="1657" originalElevation="176.7" isOriginalElevationFromOSM="true"><ele>177.5</ele></trkpt>
<trkpt lat="35.759950" lon="129.005670" sectionIndex="0" pointIndex="1658" originalElevation="176.8" isOriginalElevationFromOSM="true"><ele>178.3</ele></trkpt>
<trkpt lat="35.760100" lon="129.004490" sectionIndex="0" pointIndex="1659" originalElevation="179.2" isOriginalElevationFromOSM="true"><ele>179.1</ele></trkpt>
<trkpt lat="35.760250" lon="129.003620" sectionIndex="0" pointIndex="1660" originalElevation="181.1" isOriginalElevationFromOSM="true"><ele>179.7</ele></trkpt>
<trkpt lat="35.760370" lon="129.003150" sectionIndex="0" pointIndex="1661" originalElevation="181.8" isOriginalElevationFromOSM="true"><ele>180.1</ele></trkpt>
<trkpt lat="35.760710" lon="129.001928" sectionIndex="0" pointIndex="1662" originalElevation="184.5" isOriginalElevationFromOSM="true"><ele>180.1</ele></trkpt>
<trkpt lat="35.760850" lon="129.001200" sectionIndex="0" pointIndex="1663" originalElevation="184.0" isOriginalElevationFromOSM="true"><ele>179.8</ele></trkpt>
<trkpt lat="35.760970" lon="129.000220" sectionIndex="0" pointIndex="1664" originalElevation="184.0" isOriginalElevationFromOSM="true"><ele>179.0</ele></trkpt>
<trkpt lat="35.761210" lon="128.997860" sectionIndex="0" pointIndex="1665" originalElevation="185.6" isOriginalElevationFromOSM="true"><ele>178.3</ele></trkpt>
<trkpt lat="35.761300" lon="128.997350" sectionIndex="0" pointIndex="1666" originalElevation="185.4" isOriginalElevationFromOSM="true"><ele>177.9</ele></trkpt>
<trkpt lat="35.761470" lon="128.996659" sectionIndex="0" pointIndex="1667" originalElevation="180.9" isOriginalElevationFromOSM="true"><ele>177.5</ele></trkpt>
<trkpt lat="35.761510" lon="128.996420" sectionIndex="0" pointIndex="1668" originalElevation="178.7" isOriginalElevationFromOSM="true"><ele>176.9</ele></trkpt>
<trkpt lat="35.761510" lon="128.995950" sectionIndex="0" pointIndex="1669" originalElevation="172.4" isOriginalElevationFromOSM="true"><ele>176.1</ele></trkpt>
<trkpt lat="35.761380" lon="128.994800" sectionIndex="0" pointIndex="1670" originalElevation="167.4" isOriginalElevationFromOSM="true"><ele>175.7</ele></trkpt>
<trkpt lat="35.761360" lon="128.994280" sectionIndex="0" pointIndex="1671" originalElevation="166.4" isOriginalElevationFromOSM="true"><ele>175.6</ele></trkpt>
<trkpt lat="35.761560" lon="128.993670" sectionIndex="0" pointIndex="1672" originalElevation="166.5" isOriginalElevationFromOSM="true"><ele>175.1</ele></trkpt>
<trkpt lat="35.761960" lon="128.992770" sectionIndex="0" pointIndex="1673" originalElevation="170.2" isOriginalElevationFromOSM="true"><ele>174.8</ele></trkpt>
<trkpt lat="35.762250" lon="128.992070" sectionIndex="0" pointIndex="1674" originalElevation="173.1" isOriginalElevationFromOSM="true"><ele>174.1</ele></trkpt>
<trkpt lat="35.762360" lon="128.991490" sectionIndex="0" pointIndex="1675" originalElevation="172.2" isOriginalElevationFromOSM="true"><ele>173.6</ele></trkpt>
<trkpt lat="35.762390" lon="128.990500" sectionIndex="0" pointIndex="1676" originalElevation="170.6" isOriginalElevationFromOSM="true"><ele>173.0</ele></trkpt>
<trkpt lat="35.762380" lon="128.989120" sectionIndex="0" pointIndex="1677" originalElevation="178.6" isOriginalElevationFromOSM="true"><ele>172.7</ele></trkpt>
<trkpt lat="35.762250" lon="128.988610" sectionIndex="0" pointIndex="1678" originalElevation="182.0" isOriginalElevationFromOSM="true"><ele>172.8</ele></trkpt>
<trkpt lat="35.761530" lon="128.987010" sectionIndex="0" pointIndex="1679" originalElevation="177.1" isOriginalElevationFromOSM="true"><ele>172.9</ele></trkpt>
<trkpt lat="35.761270" lon="128.985980" sectionIndex="0" pointIndex="1680" originalElevation="180.8" isOriginalElevationFromOSM="true"><ele>173.0</ele></trkpt>
<trkpt lat="35.760940" lon="128.984490" sectionIndex="0" pointIndex="1681" originalElevation="175.3" isOriginalElevationFromOSM="true"><ele>172.8</ele></trkpt>
<trkpt lat="35.760900" lon="128.983870" sectionIndex="0" pointIndex="1682" originalElevation="172.8" isOriginalElevationFromOSM="true"><ele>172.1</ele></trkpt>
<trkpt lat="35.760920" lon="128.981698" sectionIndex="0" pointIndex="1683" originalElevation="169.6" isOriginalElevationFromOSM="true"><ele>171.5</ele></trkpt>
<trkpt lat="35.760990" lon="128.981310" sectionIndex="0" pointIndex="1684" originalElevation="168.2" isOriginalElevationFromOSM="true"><ele>170.9</ele></trkpt>
<trkpt lat="35.761190" lon="128.981010" sectionIndex="0" pointIndex="1685" originalElevation="168.3" isOriginalElevationFromOSM="true"><ele>169.8</ele></trkpt>
<trkpt lat="35.761690" lon="128.980500" sectionIndex="0" pointIndex="1686" originalElevation="168.2" isOriginalElevationFromOSM="true"><ele>168.5</ele></trkpt>
<trkpt lat="35.762260" lon="128.979950" sectionIndex="0" pointIndex="1687" originalElevation="167.6" isOriginalElevationFromOSM="true"><ele>167.6</ele></trkpt>
<trkpt lat="35.762540" lon="128.979710" sectionIndex="0" pointIndex="1688" originalElevation="167.2" isOriginalElevationFromOSM="true"><ele>166.3</ele></trkpt>
<trkpt lat="35.763050" lon="128.979420" sectionIndex="0" pointIndex="1689" originalElevation="163.4" isOriginalElevationFromOSM="true"><ele>165.5</ele></trkpt>
<trkpt lat="35.763230" lon="128.979368" sectionIndex="0" pointIndex="1690" originalElevation="162.8" isOriginalElevationFromOSM="true"><ele>164.7</ele></trkpt>
<trkpt lat="35.763300" lon="128.979350" sectionIndex="0" pointIndex="1691" originalElevation="162.2" isOriginalElevationFromOSM="true"><ele>164.1</ele></trkpt>
<trkpt lat="35.764070" lon="128.979270" sectionIndex="0" pointIndex="1692" originalElevation="161.0" isOriginalElevationFromOSM="true"><ele>163.4</ele></trkpt>
<trkpt lat="35.764610" lon="128.979420" sectionIndex="0" pointIndex="1693" originalElevation="163.1" isOriginalElevationFromOSM="true"><ele>162.7</ele></trkpt>
<trkpt lat="35.765370" lon="128.979450" sectionIndex="0" pointIndex="1694" originalElevation="163.6" isOriginalElevationFromOSM="true"><ele>162.3</ele></trkpt>
<trkpt lat="35.766940" lon="128.979070" sectionIndex="0" pointIndex="1695" originalElevation="161.9" isOriginalElevationFromOSM="true"><ele>162.1</ele></trkpt>
<trkpt lat="35.767250" lon="128.978929" sectionIndex="0" pointIndex="1696" originalElevation="162.1" isOriginalElevationFromOSM="true"><ele>161.7</ele></trkpt>
<trkpt lat="35.767490" lon="128.978790" sectionIndex="0" pointIndex="1697" originalElevation="161.1" isOriginalElevationFromOSM="true"><ele>161.4</ele></trkpt>
<trkpt lat="35.767790" lon="128.978450" sectionIndex="0" pointIndex="1698" originalElevation="160.5" isOriginalElevationFromOSM="true"><ele>161.1</ele></trkpt>
<trkpt lat="35.767920" lon="128.978180" sectionIndex="0" pointIndex="1699" originalElevation="158.3" isOriginalElevationFromOSM="true"><ele>160.5</ele></trkpt>
<trkpt lat="35.768060" lon="128.976180" sectionIndex="0" pointIndex="1700" originalElevation="158.1" isOriginalElevationFromOSM="true"><ele>160.4</ele></trkpt>
<trkpt lat="35.768040" lon="128.975940" sectionIndex="0" pointIndex="1701" originalElevation="161.1" isOriginalElevationFromOSM="true"><ele>160.4</ele></trkpt>
<trkpt lat="35.768280" lon="128.972659" sectionIndex="0" pointIndex="1702" originalElevation="165.2" isOriginalElevationFromOSM="true"><ele>160.4</ele></trkpt>
<trkpt lat="35.768410" lon="128.972170" sectionIndex="0" pointIndex="1703" originalElevation="161.7" isOriginalElevationFromOSM="true"><ele>160.4</ele></trkpt>
<trkpt lat="35.768590" lon="128.971769" sectionIndex="0" pointIndex="1704" originalElevation="159.0" isOriginalElevationFromOSM="true"><ele>160.4</ele></trkpt>
<trkpt lat="35.768740" lon="128.971530" sectionIndex="0" pointIndex="1705" originalElevation="157.2" isOriginalElevationFromOSM="true"><ele>160.6</ele></trkpt>
<trkpt lat="35.768960" lon="128.971070" sectionIndex="0" pointIndex="1706" originalElevation="153.9" isOriginalElevationFromOSM="true"><ele>160.7</ele></trkpt>
<trkpt lat="35.769540" lon="128.969010" sectionIndex="0" pointIndex="1707" originalElevation="159.9" isOriginalElevationFromOSM="true"><ele>161.0</ele></trkpt>
<trkpt lat="35.769650" lon="128.968528" sectionIndex="0" pointIndex="1708" originalElevation="162.8" isOriginalElevationFromOSM="true"><ele>161.1</ele></trkpt>
<trkpt lat="35.769680" lon="128.968280" sectionIndex="0" pointIndex="1709" originalElevation="163.0" isOriginalElevationFromOSM="true"><ele>161.0</ele></trkpt>
<trkpt lat="35.769800" lon="128.967919" sectionIndex="0" pointIndex="1710" originalElevation="161.9" isOriginalElevationFromOSM="true"><ele>160.5</ele></trkpt>
<trkpt lat="35.769840" lon="128.967930" sectionIndex="0" pointIndex="1711" originalElevation="162.6" isOriginalElevationFromOSM="true"><ele>160.3</ele></trkpt>
<trkpt lat="35.769920" lon="128.967880" sectionIndex="0" pointIndex="1712" originalElevation="163.3" isOriginalElevationFromOSM="true"><ele>160.2</ele></trkpt>
<trkpt lat="35.769940" lon="128.967850" sectionIndex="0" pointIndex="1713" originalElevation="163.2" isOriginalElevationFromOSM="true"><ele>160.0</ele></trkpt>
<trkpt lat="35.769950" lon="128.967750" sectionIndex="0" pointIndex="1714" originalElevation="162.1" isOriginalElevationFromOSM="true"><ele>159.7</ele></trkpt>
<trkpt lat="35.769910" lon="128.967660" sectionIndex="0" pointIndex="1715" originalElevation="160.3" isOriginalElevationFromOSM="true"><ele>159.0</ele></trkpt>
<trkpt lat="35.769840" lon="128.967620" sectionIndex="0" pointIndex="1716" originalElevation="158.9" isOriginalElevationFromOSM="true"><ele>158.2</ele></trkpt>
<trkpt lat="35.769760" lon="128.967649" sectionIndex="0" pointIndex="1717" originalElevation="158.3" isOriginalElevationFromOSM="true"><ele>158.2</ele></trkpt>
<trkpt lat="35.769720" lon="128.967700" sectionIndex="0" pointIndex="1718" originalElevation="158.3" isOriginalElevationFromOSM="true"><ele>158.6</ele></trkpt>
<trkpt lat="35.769650" lon="128.967660" sectionIndex="0" pointIndex="1719" originalElevation="157.0" isOriginalElevationFromOSM="true"><ele>158.8</ele></trkpt>
<trkpt lat="35.769550" lon="128.967410" sectionIndex="0" pointIndex="1720" originalElevation="154.3" isOriginalElevationFromOSM="true"><ele>158.8</ele></trkpt>
<trkpt lat="35.769070" lon="128.966839" sectionIndex="0" pointIndex="1721" originalElevation="150.0" isOriginalElevationFromOSM="true"><ele>158.7</ele></trkpt>
<trkpt lat="35.768650" lon="128.966310" sectionIndex="0" pointIndex="1722" originalElevation="149.5" isOriginalElevationFromOSM="true"><ele>158.4</ele></trkpt>
<trkpt lat="35.768200" lon="128.965800" sectionIndex="0" pointIndex="1723" originalElevation="149.7" isOriginalElevationFromOSM="true"><ele>158.3</ele></trkpt>
<trkpt lat="35.767480" lon="128.964920" sectionIndex="0" pointIndex="1724" originalElevation="164.1" isOriginalElevationFromOSM="true"><ele>158.7</ele></trkpt>
<trkpt lat="35.767350" lon="128.964830" sectionIndex="0" pointIndex="1725" originalElevation="167.0" isOriginalElevationFromOSM="true"><ele>159.3</ele></trkpt>
<trkpt lat="35.766710" lon="128.964650" sectionIndex="0" pointIndex="1726" originalElevation="165.6" isOriginalElevationFromOSM="true"><ele>159.7</ele></trkpt>
<trkpt lat="35.766410" lon="128.964550" sectionIndex="0" pointIndex="1727" originalElevation="164.1" isOriginalElevationFromOSM="true"><ele>160.2</ele></trkpt>
<trkpt lat="35.766100" lon="128.964360" sectionIndex="0" pointIndex="1728" originalElevation="161.9" isOriginalElevationFromOSM="true"><ele>161.2</ele></trkpt>
<trkpt lat="35.765830" lon="128.964160" sectionIndex="0" pointIndex="1729" originalElevation="157.4" isOriginalElevationFromOSM="true"><ele>162.9</ele></trkpt>
<trkpt lat="35.765740" lon="128.964048" sectionIndex="0" pointIndex="1730" originalElevation="158.8" isOriginalElevationFromOSM="true"><ele>164.7</ele></trkpt>
<trkpt lat="35.765540" lon="128.963640" sectionIndex="0" pointIndex="1731" originalElevation="165.0" isOriginalElevationFromOSM="true"><ele>166.4</ele></trkpt>
<trkpt lat="35.764840" lon="128.962618" sectionIndex="0" pointIndex="1732" originalElevation="167.6" isOriginalElevationFromOSM="true"><ele>167.3</ele></trkpt>
<trkpt lat="35.764130" lon="128.961680" sectionIndex="0" pointIndex="1733" originalElevation="163.1" isOriginalElevationFromOSM="true"><ele>168.9</ele></trkpt>
<trkpt lat="35.763840" lon="128.961320" sectionIndex="0" pointIndex="1734" originalElevation="164.7" isOriginalElevationFromOSM="true"><ele>170.5</ele></trkpt>
<trkpt lat="35.763740" lon="128.961220" sectionIndex="0" pointIndex="1735" originalElevation="170.0" isOriginalElevationFromOSM="true"><ele>172.1</ele></trkpt>
<trkpt lat="35.762150" lon="128.959720" sectionIndex="0" pointIndex="1736" originalElevation="175.3" isOriginalElevationFromOSM="true"><ele>173.6</ele></trkpt>
<trkpt lat="35.761890" lon="128.959540" sectionIndex="0" pointIndex="1737" originalElevation="176.1" isOriginalElevationFromOSM="true"><ele>175.2</ele></trkpt>
<trkpt lat="35.761690" lon="128.959450" sectionIndex="0" pointIndex="1738" originalElevation="175.7" isOriginalElevationFromOSM="true"><ele>176.7</ele></trkpt>
<trkpt lat="35.760570" lon="128.959180" sectionIndex="0" pointIndex="1739" originalElevation="177.4" isOriginalElevationFromOSM="true"><ele>178.1</ele></trkpt>
<trkpt lat="35.759380" lon="128.958740" sectionIndex="0" pointIndex="1740" originalElevation="190.6" isOriginalElevationFromOSM="true"><ele>179.4</ele></trkpt>
<trkpt lat="35.759070" lon="128.958730" sectionIndex="0" pointIndex="1741" originalElevation="190.5" isOriginalElevationFromOSM="true"><ele>181.4</ele></trkpt>
<trkpt lat="35.758540" lon="128.958760" sectionIndex="0" pointIndex="1742" originalElevation="187.7" isOriginalElevationFromOSM="true"><ele>183.6</ele></trkpt>
<trkpt lat="35.758040" lon="128.958850" sectionIndex="0" pointIndex="1743" originalElevation="183.5" isOriginalElevationFromOSM="true"><ele>185.4</ele></trkpt>
<trkpt lat="35.757810" lon="128.958858" sectionIndex="0" pointIndex="1744" originalElevation="181.8" isOriginalElevationFromOSM="true"><ele>186.8</ele></trkpt>
<trkpt lat="35.757530" lon="128.958830" sectionIndex="0" pointIndex="1745" originalElevation="182.0" isOriginalElevationFromOSM="true"><ele>188.1</ele></trkpt>
<trkpt lat="35.757330" lon="128.958710" sectionIndex="0" pointIndex="1746" originalElevation="184.8" isOriginalElevationFromOSM="true"><ele>189.4</ele></trkpt>
<trkpt lat="35.757240" lon="128.958620" sectionIndex="0" pointIndex="1747" originalElevation="187.2" isOriginalElevationFromOSM="true"><ele>190.8</ele></trkpt>
<trkpt lat="35.757120" lon="128.958390" sectionIndex="0" pointIndex="1748" originalElevation="194.1" isOriginalElevationFromOSM="true"><ele>191.3</ele></trkpt>
<trkpt lat="35.756970" lon="128.958110" sectionIndex="0" pointIndex="1749" originalElevation="197.5" isOriginalElevationFromOSM="true"><ele>192.2</ele></trkpt>
<trkpt lat="35.756910" lon="128.958040" sectionIndex="0" pointIndex="1750" originalElevation="197.6" isOriginalElevationFromOSM="true"><ele>193.1</ele></trkpt>
<trkpt lat="35.756470" lon="128.957690" sectionIndex="0" pointIndex="1751" originalElevation="195.3" isOriginalElevationFromOSM="true"><ele>194.0</ele></trkpt>
<trkpt lat="35.756410" lon="128.957600" sectionIndex="0" pointIndex="1752" originalElevation="195.4" isOriginalElevationFromOSM="true"><ele>195.1</ele></trkpt>
<trkpt lat="35.756180" lon="128.957169" sectionIndex="0" pointIndex="1753" originalElevation="196.1" isOriginalElevationFromOSM="true"><ele>196.1</ele></trkpt>
<trkpt lat="35.756070" lon="128.956708" sectionIndex="0" pointIndex="1754" originalElevation="197.4" isOriginalElevationFromOSM="true"><ele>196.9</ele></trkpt>
<trkpt lat="35.756060" lon="128.956189" sectionIndex="0" pointIndex="1755" originalElevation="199.3" isOriginalElevationFromOSM="true"><ele>198.0</ele></trkpt>
<trkpt lat="35.756160" lon="128.955800" sectionIndex="0" pointIndex="1756" originalElevation="202.9" isOriginalElevationFromOSM="true"><ele>198.8</ele></trkpt>
<trkpt lat="35.756280" lon="128.955548" sectionIndex="0" pointIndex="1757" originalElevation="201.3" isOriginalElevationFromOSM="true"><ele>199.5</ele></trkpt>
<trkpt lat="35.756470" lon="128.955098" sectionIndex="0" pointIndex="1758" originalElevation="198.0" isOriginalElevationFromOSM="true"><ele>200.5</ele></trkpt>
<trkpt lat="35.756710" lon="128.954738" sectionIndex="0" pointIndex="1759" originalElevation="197.2" isOriginalElevationFromOSM="true"><ele>201.7</ele></trkpt>
<trkpt lat="35.757140" lon="128.954320" sectionIndex="0" pointIndex="1760" originalElevation="197.2" isOriginalElevationFromOSM="true"><ele>203.2</ele></trkpt>
<trkpt lat="35.757300" lon="128.954190" sectionIndex="0" pointIndex="1761" originalElevation="197.4" isOriginalElevationFromOSM="true"><ele>205.0</ele></trkpt>
<trkpt lat="35.757900" lon="128.953890" sectionIndex="0" pointIndex="1762" originalElevation="203.9" isOriginalElevationFromOSM="true"><ele>206.8</ele></trkpt>
<trkpt lat="35.758160" lon="128.953710" sectionIndex="0" pointIndex="1763" originalElevation="206.0" isOriginalElevationFromOSM="true"><ele>208.4</ele></trkpt>
<trkpt lat="35.758370" lon="128.953488" sectionIndex="0" pointIndex="1764" originalElevation="208.2" isOriginalElevationFromOSM="true"><ele>209.5</ele></trkpt>
<trkpt lat="35.758530" lon="128.953300" sectionIndex="0" pointIndex="1765" originalElevation="211.5" isOriginalElevationFromOSM="true"><ele>210.3</ele></trkpt>
<trkpt lat="35.758920" lon="128.952660" sectionIndex="0" pointIndex="1766" originalElevation="213.3" isOriginalElevationFromOSM="true"><ele>211.8</ele></trkpt>
<trkpt lat="35.759630" lon="128.951840" sectionIndex="0" pointIndex="1767" originalElevation="218.4" isOriginalElevationFromOSM="true"><ele>214.2</ele></trkpt>
<trkpt lat="35.760100" lon="128.951360" sectionIndex="0" pointIndex="1768" originalElevation="223.7" isOriginalElevationFromOSM="true"><ele>217.0</ele></trkpt>
<trkpt lat="35.760540" lon="128.950960" sectionIndex="0" pointIndex="1769" originalElevation="224.2" isOriginalElevationFromOSM="true"><ele>219.8</ele></trkpt>
<trkpt lat="35.760770" lon="128.950700" sectionIndex="0" pointIndex="1770" originalElevation="222.5" isOriginalElevationFromOSM="true"><ele>222.2</ele></trkpt>
<trkpt lat="35.760890" lon="128.950480" sectionIndex="0" pointIndex="1771" originalElevation="219.7" isOriginalElevationFromOSM="true"><ele>224.7</ele></trkpt>
<trkpt lat="35.760990" lon="128.950110" sectionIndex="0" pointIndex="1772" originalElevation="212.8" isOriginalElevationFromOSM="true"><ele>227.1</ele></trkpt>
<trkpt lat="35.761050" lon="128.949700" sectionIndex="0" pointIndex="1773" originalElevation="221.7" isOriginalElevationFromOSM="true"><ele>229.6</ele></trkpt>
<trkpt lat="35.761000" lon="128.949360" sectionIndex="0" pointIndex="1774" originalElevation="232.3" isOriginalElevationFromOSM="true"><ele>232.2</ele></trkpt>
<trkpt lat="35.760910" lon="128.949030" sectionIndex="0" pointIndex="1775" originalElevation="239.2" isOriginalElevationFromOSM="true"><ele>234.6</ele></trkpt>
<trkpt lat="35.760750" lon="128.948730" sectionIndex="0" pointIndex="1776" originalElevation="238.9" isOriginalElevationFromOSM="true"><ele>236.6</ele></trkpt>
<trkpt lat="35.760710" lon="128.948520" sectionIndex="0" pointIndex="1777" originalElevation="240.6" isOriginalElevationFromOSM="true"><ele>238.6</ele></trkpt>
<trkpt lat="35.760680" lon="128.948270" sectionIndex="0" pointIndex="1778" originalElevation="242.8" isOriginalElevationFromOSM="true"><ele>240.6</ele></trkpt>
<trkpt lat="35.760680" lon="128.947870" sectionIndex="0" pointIndex="1779" originalElevation="245.3" isOriginalElevationFromOSM="true"><ele>242.8</ele></trkpt>
<trkpt lat="35.760710" lon="128.947550" sectionIndex="0" pointIndex="1780" originalElevation="248.9" isOriginalElevationFromOSM="true"><ele>245.4</ele></trkpt>
<trkpt lat="35.760780" lon="128.946830" sectionIndex="0" pointIndex="1781" originalElevation="252.5" isOriginalElevationFromOSM="true"><ele>247.3</ele></trkpt>
<trkpt lat="35.760850" lon="128.946540" sectionIndex="0" pointIndex="1782" originalElevation="253.6" isOriginalElevationFromOSM="true"><ele>248.3</ele></trkpt>
<trkpt lat="35.760960" lon="128.946270" sectionIndex="0" pointIndex="1783" originalElevation="253.4" isOriginalElevationFromOSM="true"><ele>248.9</ele></trkpt>
<trkpt lat="35.761120" lon="128.946050" sectionIndex="0" pointIndex="1784" originalElevation="255.1" isOriginalElevationFromOSM="true"><ele>249.6</ele></trkpt>
<trkpt lat="35.761150" lon="128.945910" sectionIndex="0" pointIndex="1785" originalElevation="252.5" isOriginalElevationFromOSM="true"><ele>250.6</ele></trkpt>
<trkpt lat="35.761180" lon="128.945540" sectionIndex="0" pointIndex="1786" originalElevation="252.1" isOriginalElevationFromOSM="true"><ele>251.6</ele></trkpt>
<trkpt lat="35.761150" lon="128.945320" sectionIndex="0" pointIndex="1787" originalElevation="252.4" isOriginalElevationFromOSM="true"><ele>252.5</ele></trkpt>
<trkpt lat="35.761040" lon="128.945169" sectionIndex="0" pointIndex="1788" originalElevation="250.2" isOriginalElevationFromOSM="true"><ele>253.2</ele></trkpt>
<trkpt lat="35.760720" lon="128.944850" sectionIndex="0" pointIndex="1789" originalElevation="247.4" isOriginalElevationFromOSM="true"><ele>253.7</ele></trkpt>
<trkpt lat="35.760660" lon="128.944718" sectionIndex="0" pointIndex="1790" originalElevation="248.3" isOriginalElevationFromOSM="true"><ele>253.9</ele></trkpt>
<trkpt lat="35.760620" lon="128.944610" sectionIndex="0" pointIndex="1791" originalElevation="249.3" isOriginalElevationFromOSM="true"><ele>254.1</ele></trkpt>
<trkpt lat="35.760620" lon="128.944268" sectionIndex="0" pointIndex="1792" originalElevation="254.7" isOriginalElevationFromOSM="true"><ele>254.3</ele></trkpt>
<trkpt lat="35.760590" lon="128.943950" sectionIndex="0" pointIndex="1793" originalElevation="258.3" isOriginalElevationFromOSM="true"><ele>254.7</ele></trkpt>
<trkpt lat="35.760500" lon="128.943750" sectionIndex="0" pointIndex="1794" originalElevation="259.4" isOriginalElevationFromOSM="true"><ele>255.2</ele></trkpt>
<trkpt lat="35.760460" lon="128.943690" sectionIndex="0" pointIndex="1795" originalElevation="259.5" isOriginalElevationFromOSM="true"><ele>255.6</ele></trkpt>
<trkpt lat="35.760300" lon="128.943590" sectionIndex="0" pointIndex="1796" originalElevation="258.9" isOriginalElevationFromOSM="true"><ele>256.1</ele></trkpt>
<trkpt lat="35.760030" lon="128.943530" sectionIndex="0" pointIndex="1797" originalElevation="256.4" isOriginalElevationFromOSM="true"><ele>256.8</ele></trkpt>
<trkpt lat="35.759870" lon="128.943660" sectionIndex="0" pointIndex="1798" originalElevation="257.1" isOriginalElevationFromOSM="true"><ele>257.7</ele></trkpt>
<trkpt lat="35.759740" lon="128.943780" sectionIndex="0" pointIndex="1799" originalElevation="258.6" isOriginalElevationFromOSM="true"><ele>259.1</ele></trkpt>
<trkpt lat="35.759630" lon="128.944060" sectionIndex="0" pointIndex="1800" originalElevation="258.6" isOriginalElevationFromOSM="true"><ele>260.1</ele></trkpt>
<trkpt lat="35.759510" lon="128.944470" sectionIndex="0" pointIndex="1801" originalElevation="258.6" isOriginalElevationFromOSM="true"><ele>260.5</ele></trkpt>
<trkpt lat="35.759430" lon="128.944830" sectionIndex="0" pointIndex="1802" originalElevation="258.3" isOriginalElevationFromOSM="true"><ele>260.7</ele></trkpt>
<trkpt lat="35.759300" lon="128.945220" sectionIndex="0" pointIndex="1803" originalElevation="258.1" isOriginalElevationFromOSM="true"><ele>260.9</ele></trkpt>
<trkpt lat="35.759160" lon="128.945540" sectionIndex="0" pointIndex="1804" originalElevation="257.2" isOriginalElevationFromOSM="true"><ele>261.1</ele></trkpt>
<trkpt lat="35.758870" lon="128.945760" sectionIndex="0" pointIndex="1805" originalElevation="262.5" isOriginalElevationFromOSM="true"><ele>261.6</ele></trkpt>
<trkpt lat="35.758480" lon="128.945979" sectionIndex="0" pointIndex="1806" originalElevation="270.2" isOriginalElevationFromOSM="true"><ele>262.2</ele></trkpt>
<trkpt lat="35.758380" lon="128.946190" sectionIndex="0" pointIndex="1807" originalElevation="269.3" isOriginalElevationFromOSM="true"><ele>262.7</ele></trkpt>
<trkpt lat="35.758350" lon="128.946490" sectionIndex="0" pointIndex="1808" originalElevation="264.7" isOriginalElevationFromOSM="true"><ele>263.2</ele></trkpt>
<trkpt lat="35.758290" lon="128.946700" sectionIndex="0" pointIndex="1809" originalElevation="262.2" isOriginalElevationFromOSM="true"><ele>263.9</ele></trkpt>
<trkpt lat="35.758190" lon="128.946840" sectionIndex="0" pointIndex="1810" originalElevation="262.2" isOriginalElevationFromOSM="true"><ele>264.5</ele></trkpt>
<trkpt lat="35.758110" lon="128.946910" sectionIndex="0" pointIndex="1811" originalElevation="262.6" isOriginalElevationFromOSM="true"><ele>265.0</ele></trkpt>
<trkpt lat="35.757930" lon="128.946990" sectionIndex="0" pointIndex="1812" originalElevation="263.9" isOriginalElevationFromOSM="true"><ele>265.5</ele></trkpt>
<trkpt lat="35.757590" lon="128.947100" sectionIndex="0" pointIndex="1813" originalElevation="266.1" isOriginalElevationFromOSM="true"><ele>265.9</ele></trkpt>
<trkpt lat="35.757530" lon="128.947150" sectionIndex="0" pointIndex="1814" originalElevation="266.0" isOriginalElevationFromOSM="true"><ele>266.1</ele></trkpt>
<trkpt lat="35.757460" lon="128.947240" sectionIndex="0" pointIndex="1815" originalElevation="266.7" isOriginalElevationFromOSM="true"><ele>266.7</ele></trkpt>
<trkpt lat="35.757330" lon="128.947470" sectionIndex="0" pointIndex="1816" originalElevation="268.9" isOriginalElevationFromOSM="true"><ele>267.7</ele></trkpt>
<trkpt lat="35.757280" lon="128.947690" sectionIndex="0" pointIndex="1817" originalElevation="267.3" isOriginalElevationFromOSM="true"><ele>269.1</ele></trkpt>
<trkpt lat="35.757120" lon="128.948129" sectionIndex="0" pointIndex="1818" originalElevation="265.0" isOriginalElevationFromOSM="true"><ele>270.5</ele></trkpt>
<trkpt lat="35.757050" lon="128.948280" sectionIndex="0" pointIndex="1819" originalElevation="264.9" isOriginalElevationFromOSM="true"><ele>272.4</ele></trkpt>
<trkpt lat="35.756920" lon="128.948370" sectionIndex="0" pointIndex="1820" originalElevation="268.2" isOriginalElevationFromOSM="true"><ele>274.4</ele></trkpt>
<trkpt lat="35.756760" lon="128.948410" sectionIndex="0" pointIndex="1821" originalElevation="273.5" isOriginalElevationFromOSM="true"><ele>276.4</ele></trkpt>
<trkpt lat="35.756280" lon="128.948410" sectionIndex="0" pointIndex="1822" originalElevation="278.0" isOriginalElevationFromOSM="true"><ele>278.1</ele></trkpt>
<trkpt lat="35.755600" lon="128.948550" sectionIndex="0" pointIndex="1823" originalElevation="280.3" isOriginalElevationFromOSM="true"><ele>279.4</ele></trkpt>
<trkpt lat="35.755190" lon="128.948680" sectionIndex="0" pointIndex="1824" originalElevation="282.3" isOriginalElevationFromOSM="true"><ele>280.1</ele></trkpt>
<trkpt lat="35.754030" lon="128.949250" sectionIndex="0" pointIndex="1825" originalElevation="284.1" isOriginalElevationFromOSM="true"><ele>280.4</ele></trkpt>
<trkpt lat="35.753670" lon="128.949350" sectionIndex="0" pointIndex="1826" originalElevation="291.2" isOriginalElevationFromOSM="true"><ele>280.7</ele></trkpt>
<trkpt lat="35.753530" lon="128.949300" sectionIndex="0" pointIndex="1827" originalElevation="294.0" isOriginalElevationFromOSM="true"><ele>281.0</ele></trkpt>
<trkpt lat="35.753390" lon="128.949180" sectionIndex="0" pointIndex="1828" originalElevation="295.4" isOriginalElevationFromOSM="true"><ele>281.1</ele></trkpt>
<trkpt lat="35.753280" lon="128.948980" sectionIndex="0" pointIndex="1829" originalElevation="292.3" isOriginalElevationFromOSM="true"><ele>280.8</ele></trkpt>
<trkpt lat="35.753240" lon="128.948640" sectionIndex="0" pointIndex="1830" originalElevation="285.7" isOriginalElevationFromOSM="true"><ele>280.2</ele></trkpt>
<trkpt lat="35.753230" lon="128.948190" sectionIndex="0" pointIndex="1831" originalElevation="279.3" isOriginalElevationFromOSM="true"><ele>279.5</ele></trkpt>
<trkpt lat="35.753170" lon="128.947430" sectionIndex="0" pointIndex="1832" originalElevation="272.4" isOriginalElevationFromOSM="true"><ele>278.7</ele></trkpt>
<trkpt lat="35.753200" lon="128.947120" sectionIndex="0" pointIndex="1833" originalElevation="268.7" isOriginalElevationFromOSM="true"><ele>277.9</ele></trkpt>
<trkpt lat="35.753270" lon="128.946980" sectionIndex="0" pointIndex="1834" originalElevation="269.1" isOriginalElevationFromOSM="true"><ele>276.4</ele></trkpt>
<trkpt lat="35.753370" lon="128.946868" sectionIndex="0" pointIndex="1835" originalElevation="270.2" isOriginalElevationFromOSM="true"><ele>274.7</ele></trkpt>
<trkpt lat="35.753580" lon="128.946740" sectionIndex="0" pointIndex="1836" originalElevation="269.0" isOriginalElevationFromOSM="true"><ele>272.4</ele></trkpt>
<trkpt lat="35.753860" lon="128.946688" sectionIndex="0" pointIndex="1837" originalElevation="269.3" isOriginalElevationFromOSM="true"><ele>270.3</ele></trkpt>
<trkpt lat="35.754260" lon="128.946580" sectionIndex="0" pointIndex="1838" originalElevation="269.0" isOriginalElevationFromOSM="true"><ele>268.8</ele></trkpt>
<trkpt lat="35.754580" lon="128.946429" sectionIndex="0" pointIndex="1839" originalElevation="271.4" isOriginalElevationFromOSM="true"><ele>267.5</ele></trkpt>
<trkpt lat="35.754790" lon="128.946159" sectionIndex="0" pointIndex="1840" originalElevation="270.9" isOriginalElevationFromOSM="true"><ele>266.5</ele></trkpt>
<trkpt lat="35.754850" lon="128.945979" sectionIndex="0" pointIndex="1841" originalElevation="269.7" isOriginalElevationFromOSM="true"><ele>265.1</ele></trkpt>
<trkpt lat="35.754880" lon="128.945770" sectionIndex="0" pointIndex="1842" originalElevation="267.9" isOriginalElevationFromOSM="true"><ele>263.5</ele></trkpt>
<trkpt lat="35.754800" lon="128.945310" sectionIndex="0" pointIndex="1843" originalElevation="261.7" isOriginalElevationFromOSM="true"><ele>261.7</ele></trkpt>
<trkpt lat="35.754800" lon="128.944950" sectionIndex="0" pointIndex="1844" originalElevation="260.1" isOriginalElevationFromOSM="true"><ele>259.9</ele></trkpt>
<trkpt lat="35.754790" lon="128.944438" sectionIndex="0" pointIndex="1845" originalElevation="262.6" isOriginalElevationFromOSM="true"><ele>258.0</ele></trkpt>
<trkpt lat="35.754700" lon="128.944110" sectionIndex="0" pointIndex="1846" originalElevation="260.7" isOriginalElevationFromOSM="true"><ele>256.1</ele></trkpt>
<trkpt lat="35.754610" lon="128.943960" sectionIndex="0" pointIndex="1847" originalElevation="257.4" isOriginalElevationFromOSM="true"><ele>254.0</ele></trkpt>
<trkpt lat="35.754370" lon="128.943750" sectionIndex="0" pointIndex="1848" originalElevation="248.1" isOriginalElevationFromOSM="true"><ele>252.2</ele></trkpt>
<trkpt lat="35.754240" lon="128.943580" sectionIndex="0" pointIndex="1849" originalElevation="244.4" isOriginalElevationFromOSM="true"><ele>250.7</ele></trkpt>
<trkpt lat="35.754170" lon="128.943390" sectionIndex="0" pointIndex="1850" originalElevation="243.5" isOriginalElevationFromOSM="true"><ele>249.3</ele></trkpt>
<trkpt lat="35.754190" lon="128.943130" sectionIndex="0" pointIndex="1851" originalElevation="241.8" isOriginalElevationFromOSM="true"><ele>248.1</ele></trkpt>
<trkpt lat="35.754270" lon="128.942900" sectionIndex="0" pointIndex="1852" originalElevation="240.9" isOriginalElevationFromOSM="true"><ele>246.8</ele></trkpt>
<trkpt lat="35.754400" lon="128.942648" sectionIndex="0" pointIndex="1853" originalElevation="240.1" isOriginalElevationFromOSM="true"><ele>245.4</ele></trkpt>
<trkpt lat="35.754530" lon="128.942478" sectionIndex="0" pointIndex="1854" originalElevation="240.1" isOriginalElevationFromOSM="true"><ele>244.4</ele></trkpt>
<trkpt lat="35.754810" lon="128.942320" sectionIndex="0" pointIndex="1855" originalElevation="243.5" isOriginalElevationFromOSM="true"><ele>243.6</ele></trkpt>
<trkpt lat="35.755110" lon="128.942180" sectionIndex="0" pointIndex="1856" originalElevation="247.5" isOriginalElevationFromOSM="true"><ele>243.4</ele></trkpt>
<trkpt lat="35.755240" lon="128.942080" sectionIndex="0" pointIndex="1857" originalElevation="247.3" isOriginalElevationFromOSM="true"><ele>243.4</ele></trkpt>
<trkpt lat="35.755370" lon="128.941830" sectionIndex="0" pointIndex="1858" originalElevation="243.5" isOriginalElevationFromOSM="true"><ele>243.2</ele></trkpt>
<trkpt lat="35.755420" lon="128.941650" sectionIndex="0" pointIndex="1859" originalElevation="239.9" isOriginalElevationFromOSM="true"><ele>243.1</ele></trkpt>
<trkpt lat="35.755440" lon="128.941470" sectionIndex="0" pointIndex="1860" originalElevation="242.7" isOriginalElevationFromOSM="true"><ele>243.2</ele></trkpt>
<trkpt lat="35.755420" lon="128.941250" sectionIndex="0" pointIndex="1861" originalElevation="245.2" isOriginalElevationFromOSM="true"><ele>243.4</ele></trkpt>
<trkpt lat="35.755280" lon="128.940920" sectionIndex="0" pointIndex="1862" originalElevation="244.9" isOriginalElevationFromOSM="true"><ele>243.5</ele></trkpt>
<trkpt lat="35.755130" lon="128.940630" sectionIndex="0" pointIndex="1863" originalElevation="245.8" isOriginalElevationFromOSM="true"><ele>243.2</ele></trkpt>
<trkpt lat="35.754970" lon="128.940418" sectionIndex="0" pointIndex="1864" originalElevation="244.7" isOriginalElevationFromOSM="true"><ele>242.5</ele></trkpt>
<trkpt lat="35.754680" lon="128.940140" sectionIndex="0" pointIndex="1865" originalElevation="240.6" isOriginalElevationFromOSM="true"><ele>241.7</ele></trkpt>
<trkpt lat="35.754570" lon="128.940020" sectionIndex="0" pointIndex="1866" originalElevation="239.5" isOriginalElevationFromOSM="true"><ele>240.8</ele></trkpt>
<trkpt lat="35.754390" lon="128.939480" sectionIndex="0" pointIndex="1867" originalElevation="242.8" isOriginalElevationFromOSM="true"><ele>239.7</ele></trkpt>
<trkpt lat="35.754360" lon="128.939400" sectionIndex="0" pointIndex="1868" originalElevation="243.0" isOriginalElevationFromOSM="true"><ele>238.1</ele></trkpt>
<trkpt lat="35.754260" lon="128.939300" sectionIndex="0" pointIndex="1869" originalElevation="241.5" isOriginalElevationFromOSM="true"><ele>236.3</ele></trkpt>
<trkpt lat="35.754070" lon="128.939210" sectionIndex="0" pointIndex="1870" originalElevation="239.1" isOriginalElevationFromOSM="true"><ele>234.6</ele></trkpt>
<trkpt lat="35.753950" lon="128.939210" sectionIndex="0" pointIndex="1871" originalElevation="237.7" isOriginalElevationFromOSM="true"><ele>232.8</ele></trkpt>
<trkpt lat="35.753780" lon="128.939248" sectionIndex="0" pointIndex="1872" originalElevation="234.7" isOriginalElevationFromOSM="true"><ele>231.1</ele></trkpt>
<trkpt lat="35.753620" lon="128.939338" sectionIndex="0" pointIndex="1873" originalElevation="230.7" isOriginalElevationFromOSM="true"><ele>229.4</ele></trkpt>
<trkpt lat="35.753240" lon="128.939510" sectionIndex="0" pointIndex="1874" originalElevation="222.0" isOriginalElevationFromOSM="true"><ele>227.6</ele></trkpt>
<trkpt lat="35.753020" lon="128.939580" sectionIndex="0" pointIndex="1875" originalElevation="219.2" isOriginalElevationFromOSM="true"><ele>225.4</ele></trkpt>
<trkpt lat="35.752940" lon="128.939570" sectionIndex="0" pointIndex="1876" originalElevation="218.9" isOriginalElevationFromOSM="true"><ele>223.2</ele></trkpt>
<trkpt lat="35.752710" lon="128.939490" sectionIndex="0" pointIndex="1877" originalElevation="218.8" isOriginalElevationFromOSM="true"><ele>221.1</ele></trkpt>
<trkpt lat="35.752690" lon="128.939428" sectionIndex="0" pointIndex="1878" originalElevation="219.3" isOriginalElevationFromOSM="true"><ele>218.8</ele></trkpt>
<trkpt lat="35.752540" lon="128.939338" sectionIndex="0" pointIndex="1879" originalElevation="219.2" isOriginalElevationFromOSM="true"><ele>216.6</ele></trkpt>
<trkpt lat="35.752270" lon="128.939068" sectionIndex="0" pointIndex="1880" originalElevation="214.4" isOriginalElevationFromOSM="true"><ele>215.0</ele></trkpt>
<trkpt lat="35.752180" lon="128.938970" sectionIndex="0" pointIndex="1881" originalElevation="212.3" isOriginalElevationFromOSM="true"><ele>214.1</ele></trkpt>
<trkpt lat="35.752090" lon="128.938798" sectionIndex="0" pointIndex="1882" originalElevation="210.6" isOriginalElevationFromOSM="true"><ele>213.8</ele></trkpt>
<trkpt lat="35.752000" lon="128.938590" sectionIndex="0" pointIndex="1883" originalElevation="209.8" isOriginalElevationFromOSM="true"><ele>213.6</ele></trkpt>
<trkpt lat="35.751950" lon="128.938380" sectionIndex="0" pointIndex="1884" originalElevation="209.2" isOriginalElevationFromOSM="true"><ele>213.4</ele></trkpt>
<trkpt lat="35.751950" lon="128.938080" sectionIndex="0" pointIndex="1885" originalElevation="205.4" isOriginalElevationFromOSM="true"><ele>213.1</ele></trkpt>
<trkpt lat="35.752020" lon="128.936828" sectionIndex="0" pointIndex="1886" originalElevation="204.4" isOriginalElevationFromOSM="true"><ele>212.8</ele></trkpt>
<trkpt lat="35.752090" lon="128.936129" sectionIndex="0" pointIndex="1887" originalElevation="211.2" isOriginalElevationFromOSM="true"><ele>212.3</ele></trkpt>
<trkpt lat="35.752110" lon="128.934800" sectionIndex="0" pointIndex="1888" originalElevation="216.7" isOriginalElevationFromOSM="true"><ele>211.9</ele></trkpt>
<trkpt lat="35.752010" lon="128.934490" sectionIndex="0" pointIndex="1889" originalElevation="217.1" isOriginalElevationFromOSM="true"><ele>211.8</ele></trkpt>
<trkpt lat="35.751880" lon="128.934370" sectionIndex="0" pointIndex="1890" originalElevation="216.5" isOriginalElevationFromOSM="true"><ele>211.2</ele></trkpt>
<trkpt lat="35.751750" lon="128.934300" sectionIndex="0" pointIndex="1891" originalElevation="215.8" isOriginalElevationFromOSM="true"><ele>210.6</ele></trkpt>
<trkpt lat="35.751580" lon="128.934310" sectionIndex="0" pointIndex="1892" originalElevation="214.6" isOriginalElevationFromOSM="true"><ele>209.8</ele></trkpt>
<trkpt lat="35.751390" lon="128.934339" sectionIndex="0" pointIndex="1893" originalElevation="214.4" isOriginalElevationFromOSM="true"><ele>209.2</ele></trkpt>
<trkpt lat="35.751190" lon="128.934429" sectionIndex="0" pointIndex="1894" originalElevation="212.7" isOriginalElevationFromOSM="true"><ele>209.0</ele></trkpt>
<trkpt lat="35.750810" lon="128.934609" sectionIndex="0" pointIndex="1895" originalElevation="208.3" isOriginalElevationFromOSM="true"><ele>208.6</ele></trkpt>
<trkpt lat="35.750570" lon="128.934768" sectionIndex="0" pointIndex="1896" originalElevation="209.6" isOriginalElevationFromOSM="true"><ele>207.7</ele></trkpt>
<trkpt lat="35.749220" lon="128.936060" sectionIndex="0" pointIndex="1897" originalElevation="202.7" isOriginalElevationFromOSM="true"><ele>206.8</ele></trkpt>
<trkpt lat="35.749000" lon="128.936200" sectionIndex="0" pointIndex="1898" originalElevation="199.8" isOriginalElevationFromOSM="true"><ele>205.6</ele></trkpt>
<trkpt lat="35.748800" lon="128.936250" sectionIndex="0" pointIndex="1899" originalElevation="197.5" isOriginalElevationFromOSM="true"><ele>204.3</ele></trkpt>
<trkpt lat="35.748620" lon="128.936240" sectionIndex="0" pointIndex="1900" originalElevation="196.5" isOriginalElevationFromOSM="true"><ele>203.2</ele></trkpt>
<trkpt lat="35.748120" lon="128.935960" sectionIndex="0" pointIndex="1901" originalElevation="202.3" isOriginalElevationFromOSM="true"><ele>202.3</ele></trkpt>
<trkpt lat="35.748020" lon="128.935920" sectionIndex="0" pointIndex="1902" originalElevation="204.0" isOriginalElevationFromOSM="true"><ele>201.9</ele></trkpt>
<trkpt lat="35.747890" lon="128.935949" sectionIndex="0" pointIndex="1903" originalElevation="204.3" isOriginalElevationFromOSM="true"><ele>202.0</ele></trkpt>
<trkpt lat="35.747760" lon="128.936010" sectionIndex="0" pointIndex="1904" originalElevation="203.8" isOriginalElevationFromOSM="true"><ele>202.3</ele></trkpt>
<trkpt lat="35.747420" lon="128.936340" sectionIndex="0" pointIndex="1905" originalElevation="198.3" isOriginalElevationFromOSM="true"><ele>202.7</ele></trkpt>
<trkpt lat="35.747240" lon="128.936460" sectionIndex="0" pointIndex="1906" originalElevation="196.3" isOriginalElevationFromOSM="true"><ele>203.1</ele></trkpt>
<trkpt lat="35.746950" lon="128.936478" sectionIndex="0" pointIndex="1907" originalElevation="197.4" isOriginalElevationFromOSM="true"><ele>204.0</ele></trkpt>
<trkpt lat="35.746720" lon="128.936420" sectionIndex="0" pointIndex="1908" originalElevation="201.2" isOriginalElevationFromOSM="true"><ele>204.6</ele></trkpt>
<trkpt lat="35.746480" lon="128.936298" sectionIndex="0" pointIndex="1909" originalElevation="206.0" isOriginalElevationFromOSM="true"><ele>204.5</ele></trkpt>
<trkpt lat="35.746300" lon="128.936180" sectionIndex="0" pointIndex="1910" originalElevation="211.0" isOriginalElevationFromOSM="true"><ele>204.2</ele></trkpt>
<trkpt lat="35.745980" lon="128.936129" sectionIndex="0" pointIndex="1911" originalElevation="212.7" isOriginalElevationFromOSM="true"><ele>203.9</ele></trkpt>
<trkpt lat="35.745710" lon="128.936230" sectionIndex="0" pointIndex="1912" originalElevation="208.7" isOriginalElevationFromOSM="true"><ele>203.3</ele></trkpt>
<trkpt lat="35.745400" lon="128.936309" sectionIndex="0" pointIndex="1913" originalElevation="206.9" isOriginalElevationFromOSM="true"><ele>202.9</ele></trkpt>
<trkpt lat="35.744290" lon="128.936260" sectionIndex="0" pointIndex="1914" originalElevation="210.1" isOriginalElevationFromOSM="true"><ele>202.3</ele></trkpt>
<trkpt lat="35.743790" lon="128.936170" sectionIndex="0" pointIndex="1915" originalElevation="205.3" isOriginalElevationFromOSM="true"><ele>201.6</ele></trkpt>
<trkpt lat="35.743550" lon="128.936110" sectionIndex="0" pointIndex="1916" originalElevation="202.2" isOriginalElevationFromOSM="true"><ele>200.4</ele></trkpt>
<trkpt lat="35.743230" lon="128.935990" sectionIndex="0" pointIndex="1917" originalElevation="198.7" isOriginalElevationFromOSM="true"><ele>198.7</ele></trkpt>
<trkpt lat="35.743050" lon="128.935848" sectionIndex="0" pointIndex="1918" originalElevation="199.3" isOriginalElevationFromOSM="true"><ele>196.6</ele></trkpt>
<trkpt lat="35.742920" lon="128.935668" sectionIndex="0" pointIndex="1919" originalElevation="195.9" isOriginalElevationFromOSM="true"><ele>194.4</ele></trkpt>
<trkpt lat="35.742840" lon="128.935440" sectionIndex="0" pointIndex="1920" originalElevation="192.0" isOriginalElevationFromOSM="true"><ele>192.4</ele></trkpt>
<trkpt lat="35.742750" lon="128.934810" sectionIndex="0" pointIndex="1921" originalElevation="187.1" isOriginalElevationFromOSM="true"><ele>190.7</ele></trkpt>
<trkpt lat="35.742630" lon="128.934410" sectionIndex="0" pointIndex="1922" originalElevation="186.5" isOriginalElevationFromOSM="true"><ele>189.1</ele></trkpt>
<trkpt lat="35.742490" lon="128.934110" sectionIndex="0" pointIndex="1923" originalElevation="183.3" isOriginalElevationFromOSM="true"><ele>188.2</ele></trkpt>
<trkpt lat="35.742310" lon="128.933780" sectionIndex="0" pointIndex="1924" originalElevation="180.8" isOriginalElevationFromOSM="true"><ele>187.7</ele></trkpt>
<trkpt lat="35.742190" lon="128.933460" sectionIndex="0" pointIndex="1925" originalElevation="179.9" isOriginalElevationFromOSM="true"><ele>187.6</ele></trkpt>
<trkpt lat="35.742150" lon="128.933120" sectionIndex="0" pointIndex="1926" originalElevation="179.3" isOriginalElevationFromOSM="true"><ele>187.2</ele></trkpt>
<trkpt lat="35.742160" lon="128.932850" sectionIndex="0" pointIndex="1927" originalElevation="178.9" isOriginalElevationFromOSM="true"><ele>187.1</ele></trkpt>
<trkpt lat="35.742250" lon="128.932530" sectionIndex="0" pointIndex="1928" originalElevation="180.9" isOriginalElevationFromOSM="true"><ele>187.0</ele></trkpt>
<trkpt lat="35.742450" lon="128.932060" sectionIndex="0" pointIndex="1929" originalElevation="186.9" isOriginalElevationFromOSM="true"><ele>186.5</ele></trkpt>
<trkpt lat="35.742550" lon="128.931720" sectionIndex="0" pointIndex="1930" originalElevation="191.0" isOriginalElevationFromOSM="true"><ele>185.8</ele></trkpt>
<trkpt lat="35.742640" lon="128.931390" sectionIndex="0" pointIndex="1931" originalElevation="195.5" isOriginalElevationFromOSM="true"><ele>185.0</ele></trkpt>
<trkpt lat="35.742640" lon="128.931150" sectionIndex="0" pointIndex="1932" originalElevation="196.1" isOriginalElevationFromOSM="true"><ele>184.3</ele></trkpt>
<trkpt lat="35.742570" lon="128.930790" sectionIndex="0" pointIndex="1933" originalElevation="194.5" isOriginalElevationFromOSM="true"><ele>183.4</ele></trkpt>
<trkpt lat="35.742520" lon="128.930568" sectionIndex="0" pointIndex="1934" originalElevation="193.2" isOriginalElevationFromOSM="true"><ele>182.4</ele></trkpt>
<trkpt lat="35.742460" lon="128.930309" sectionIndex="0" pointIndex="1935" originalElevation="191.8" isOriginalElevationFromOSM="true"><ele>181.4</ele></trkpt>
<trkpt lat="35.741920" lon="128.928540" sectionIndex="0" pointIndex="1936" originalElevation="179.3" isOriginalElevationFromOSM="true"><ele>180.2</ele></trkpt>
<trkpt lat="35.741750" lon="128.928180" sectionIndex="0" pointIndex="1937" originalElevation="175.1" isOriginalElevationFromOSM="true"><ele>178.6</ele></trkpt>
<trkpt lat="35.741600" lon="128.927950" sectionIndex="0" pointIndex="1938" originalElevation="172.2" isOriginalElevationFromOSM="true"><ele>176.8</ele></trkpt>
<trkpt lat="35.741330" lon="128.927720" sectionIndex="0" pointIndex="1939" originalElevation="169.4" isOriginalElevationFromOSM="true"><ele>174.7</ele></trkpt>
<trkpt lat="35.741020" lon="128.927510" sectionIndex="0" pointIndex="1940" originalElevation="166.7" isOriginalElevationFromOSM="true"><ele>172.5</ele></trkpt>
<trkpt lat="35.740650" lon="128.927330" sectionIndex="0" pointIndex="1941" originalElevation="165.3" isOriginalElevationFromOSM="true"><ele>170.4</ele></trkpt>
<trkpt lat="35.738330" lon="128.925990" sectionIndex="0" pointIndex="1942" originalElevation="162.9" isOriginalElevationFromOSM="true"><ele>168.4</ele></trkpt>
<trkpt lat="35.738280" lon="128.925930" sectionIndex="0" pointIndex="1943" originalElevation="163.5" isOriginalElevationFromOSM="true"><ele>167.0</ele></trkpt>
<trkpt lat="35.738160" lon="128.925880" sectionIndex="0" pointIndex="1944" originalElevation="162.8" isOriginalElevationFromOSM="true"><ele>166.4</ele></trkpt>
<trkpt lat="35.737780" lon="128.925630" sectionIndex="0" pointIndex="1945" originalElevation="163.7" isOriginalElevationFromOSM="true"><ele>166.0</ele></trkpt>
<trkpt lat="35.737550" lon="128.925510" sectionIndex="0" pointIndex="1946" originalElevation="164.3" isOriginalElevationFromOSM="true"><ele>165.7</ele></trkpt>
<trkpt lat="35.737160" lon="128.925400" sectionIndex="0" pointIndex="1947" originalElevation="162.9" isOriginalElevationFromOSM="true"><ele>165.6</ele></trkpt>
<trkpt lat="35.736730" lon="128.925250" sectionIndex="0" pointIndex="1948" originalElevation="162.3" isOriginalElevationFromOSM="true"><ele>165.7</ele></trkpt>
<trkpt lat="35.736440" lon="128.925080" sectionIndex="0" pointIndex="1949" originalElevation="164.1" isOriginalElevationFromOSM="true"><ele>165.8</ele></trkpt>
<trkpt lat="35.735700" lon="128.924520" sectionIndex="0" pointIndex="1950" originalElevation="170.3" isOriginalElevationFromOSM="true"><ele>165.9</ele></trkpt>
<trkpt lat="35.735320" lon="128.924170" sectionIndex="0" pointIndex="1951" originalElevation="170.4" isOriginalElevationFromOSM="true"><ele>166.3</ele></trkpt>
<trkpt lat="35.735210" lon="128.924060" sectionIndex="0" pointIndex="1952" originalElevation="169.3" isOriginalElevationFromOSM="true"><ele>166.6</ele></trkpt>
<trkpt lat="35.734990" lon="128.923700" sectionIndex="0" pointIndex="1953" originalElevation="167.9" isOriginalElevationFromOSM="true"><ele>166.7</ele></trkpt>
<trkpt lat="35.734850" lon="128.923380" sectionIndex="0" pointIndex="1954" originalElevation="168.3" isOriginalElevationFromOSM="true"><ele>167.1</ele></trkpt>
<trkpt lat="35.734780" lon="128.922900" sectionIndex="0" pointIndex="1955" originalElevation="167.2" isOriginalElevationFromOSM="true"><ele>167.6</ele></trkpt>
<trkpt lat="35.734830" lon="128.922280" sectionIndex="0" pointIndex="1956" originalElevation="166.4" isOriginalElevationFromOSM="true"><ele>168.4</ele></trkpt>
<trkpt lat="35.734890" lon="128.922030" sectionIndex="0" pointIndex="1957" originalElevation="165.7" isOriginalElevationFromOSM="true"><ele>169.3</ele></trkpt>
<trkpt lat="35.735180" lon="128.921338" sectionIndex="0" pointIndex="1958" originalElevation="168.2" isOriginalElevationFromOSM="true"><ele>169.7</ele></trkpt>
<trkpt lat="35.735240" lon="128.921120" sectionIndex="0" pointIndex="1959" originalElevation="167.4" isOriginalElevationFromOSM="true"><ele>169.6</ele></trkpt>
<trkpt lat="35.735290" lon="128.920790" sectionIndex="0" pointIndex="1960" originalElevation="165.4" isOriginalElevationFromOSM="true"><ele>169.5</ele></trkpt>
<trkpt lat="35.735230" lon="128.920230" sectionIndex="0" pointIndex="1961" originalElevation="171.4" isOriginalElevationFromOSM="true"><ele>168.5</ele></trkpt>
<trkpt lat="35.734950" lon="128.919600" sectionIndex="0" pointIndex="1962" originalElevation="170.1" isOriginalElevationFromOSM="true"><ele>167.6</ele></trkpt>
<trkpt lat="35.734890" lon="128.919040" sectionIndex="0" pointIndex="1963" originalElevation="174.0" isOriginalElevationFromOSM="true"><ele>167.5</ele></trkpt>
<trkpt lat="35.734950" lon="128.918260" sectionIndex="0" pointIndex="1964" originalElevation="177.8" isOriginalElevationFromOSM="true"><ele>166.5</ele></trkpt>
<trkpt lat="35.734750" lon="128.917640" sectionIndex="0" pointIndex="1965" originalElevation="176.2" isOriginalElevationFromOSM="true"><ele>166.2</ele></trkpt>
<trkpt lat="35.734568" lon="128.917327" sectionIndex="0" pointIndex="1966" originalElevation="168.0" isOriginalElevationFromOSM="false"><ele>164.8</ele></trkpt>
<trkpt lat="35.734250" lon="128.916980" sectionIndex="0" pointIndex="1967" originalElevation="168.0" isOriginalElevationFromOSM="false"><ele>164.5</ele></trkpt>
<trkpt lat="35.734039" lon="128.916795" sectionIndex="0" pointIndex="1968" originalElevation="154.0" isOriginalElevationFromOSM="false"><ele>164.3</ele></trkpt>
<trkpt lat="35.734051" lon="128.916775" sectionIndex="0" pointIndex="1969" originalElevation="154.0" isOriginalElevationFromOSM="false"><ele>164.9</ele></trkpt>
<trkpt lat="35.733690" lon="128.916490" sectionIndex="0" pointIndex="1970" originalElevation="166.0" isOriginalElevationFromOSM="false"><ele>164.2</ele></trkpt>
<trkpt lat="35.733060" lon="128.916000" sectionIndex="0" pointIndex="1971" originalElevation="151.0" isOriginalElevationFromOSM="false"><ele>163.7</ele></trkpt>
<trkpt lat="35.732700" lon="128.915660" sectionIndex="0" pointIndex="1972" originalElevation="162.0" isOriginalElevationFromOSM="false"><ele>162.1</ele></trkpt>
<trkpt lat="35.732420" lon="128.915179" sectionIndex="0" pointIndex="1973" originalElevation="146.0" isOriginalElevationFromOSM="false"><ele>161.8</ele></trkpt>
<trkpt lat="35.732130" lon="128.914700" sectionIndex="0" pointIndex="1974" originalElevation="163.0" isOriginalElevationFromOSM="false"><ele>161.8</ele></trkpt>
<trkpt lat="35.731980" lon="128.914538" sectionIndex="0" pointIndex="1975" originalElevation="163.0" isOriginalElevationFromOSM="false"><ele>163.7</ele></trkpt>
<trkpt lat="35.731300" lon="128.914099" sectionIndex="0" pointIndex="1976" originalElevation="180.0" isOriginalElevationFromOSM="false"><ele>166.6</ele></trkpt>
<trkpt lat="35.730520" lon="128.913630" sectionIndex="0" pointIndex="1977" originalElevation="160.0" isOriginalElevationFromOSM="false"><ele>169.5</ele></trkpt>
<trkpt lat="35.729740" lon="128.913160" sectionIndex="0" pointIndex="1978" originalElevation="167.0" isOriginalElevationFromOSM="false"><ele>172.2</ele></trkpt>
<trkpt lat="35.728970" lon="128.912700" sectionIndex="0" pointIndex="1979" originalElevation="154.0" isOriginalElevationFromOSM="false"><ele>174.9</ele></trkpt>
<trkpt lat="35.728190" lon="128.912230" sectionIndex="0" pointIndex="1980" originalElevation="171.0" isOriginalElevationFromOSM="false"><ele>176.9</ele></trkpt>
<trkpt lat="35.727410" lon="128.911757" sectionIndex="0" pointIndex="1981" originalElevation="168.0" isOriginalElevationFromOSM="false"><ele>180.0</ele></trkpt>
<trkpt lat="35.726960" lon="128.911577" sectionIndex="0" pointIndex="1982" originalElevation="197.0" isOriginalElevationFromOSM="false"><ele>181.2</ele></trkpt>
<trkpt lat="35.726610" lon="128.911520" sectionIndex="0" pointIndex="1983" originalElevation="197.0" isOriginalElevationFromOSM="false"><ele>184.3</ele></trkpt>
<trkpt lat="35.725980" lon="128.911540" sectionIndex="0" pointIndex="1984" originalElevation="197.0" isOriginalElevationFromOSM="false"><ele>186.3</ele></trkpt>
<trkpt lat="35.725820" lon="128.911610" sectionIndex="0" pointIndex="1985" originalElevation="207.0" isOriginalElevationFromOSM="false"><ele>187.0</ele></trkpt>
<trkpt lat="35.725510" lon="128.911859" sectionIndex="0" pointIndex="1986" originalElevation="192.0" isOriginalElevationFromOSM="false"><ele>187.9</ele></trkpt>
<trkpt lat="35.725270" lon="128.912150" sectionIndex="0" pointIndex="1987" originalElevation="192.0" isOriginalElevationFromOSM="false"><ele>189.6</ele></trkpt>
<trkpt lat="35.725180" lon="128.912350" sectionIndex="0" pointIndex="1988" originalElevation="192.0" isOriginalElevationFromOSM="false"><ele>189.7</ele></trkpt>
<trkpt lat="35.725020" lon="128.913010" sectionIndex="0" pointIndex="1989" originalElevation="181.0" isOriginalElevationFromOSM="false"><ele>191.2</ele></trkpt>
<trkpt lat="35.724850" lon="128.913660" sectionIndex="0" pointIndex="1990" originalElevation="210.0" isOriginalElevationFromOSM="false"><ele>190.1</ele></trkpt>
<trkpt lat="35.724640" lon="128.914087" sectionIndex="0" pointIndex="1991" originalElevation="210.0" isOriginalElevationFromOSM="false"><ele>189.1</ele></trkpt>
<trkpt lat="35.724510" lon="128.914260" sectionIndex="0" pointIndex="1992" originalElevation="170.0" isOriginalElevationFromOSM="false"><ele>188.0</ele></trkpt>
<trkpt lat="35.724030" lon="128.914580" sectionIndex="0" pointIndex="1993" originalElevation="180.0" isOriginalElevationFromOSM="false"><ele>186.3</ele></trkpt>
<trkpt lat="35.723390" lon="128.914909" sectionIndex="0" pointIndex="1994" originalElevation="180.0" isOriginalElevationFromOSM="false"><ele>184.0</ele></trkpt>
<trkpt lat="35.722880" lon="128.915140" sectionIndex="0" pointIndex="1995" originalElevation="173.0" isOriginalElevationFromOSM="false"><ele>180.8</ele></trkpt>
<trkpt lat="35.722340" lon="128.915427" sectionIndex="0" pointIndex="1996" originalElevation="190.0" isOriginalElevationFromOSM="false"><ele>177.0</ele></trkpt>
<trkpt lat="35.721650" lon="128.915690" sectionIndex="0" pointIndex="1997" originalElevation="181.0" isOriginalElevationFromOSM="false"><ele>173.9</ele></trkpt>
<trkpt lat="35.721430" lon="128.915730" sectionIndex="0" pointIndex="1998" originalElevation="181.0" isOriginalElevationFromOSM="false"><ele>168.2</ele></trkpt>
<trkpt lat="35.721040" lon="128.915780" sectionIndex="0" pointIndex="1999" originalElevation="181.0" isOriginalElevationFromOSM="false"><ele>162.1</ele></trkpt>
<trkpt lat="35.720840" lon="128.915740" sectionIndex="0" pointIndex="2000" originalElevation="181.0" isOriginalElevationFromOSM="false"><ele>158.5</ele></trkpt>
<trkpt lat="35.720280" lon="128.915570" sectionIndex="0" pointIndex="2001" originalElevation="158.0" isOriginalElevationFromOSM="false"><ele>154.3</ele></trkpt>
<trkpt lat="35.719860" lon="128.915528" sectionIndex="0" pointIndex="2002" originalElevation="144.0" isOriginalElevationFromOSM="false"><ele>150.1</ele></trkpt>
<trkpt lat="35.719130" lon="128.915570" sectionIndex="0" pointIndex="2003" originalElevation="135.0" isOriginalElevationFromOSM="false"><ele>146.3</ele></trkpt>
<trkpt lat="35.718400" lon="128.915607" sectionIndex="0" pointIndex="2004" originalElevation="135.0" isOriginalElevationFromOSM="false"><ele>141.3</ele></trkpt>
<trkpt lat="35.717840" lon="128.915607" sectionIndex="0" pointIndex="2005" originalElevation="124.0" isOriginalElevationFromOSM="false"><ele>136.9</ele></trkpt>
<trkpt lat="35.717280" lon="128.915510" sectionIndex="0" pointIndex="2006" originalElevation="119.0" isOriginalElevationFromOSM="false"><ele>132.5</ele></trkpt>
<trkpt lat="35.716660" lon="128.915247" sectionIndex="0" pointIndex="2007" originalElevation="115.0" isOriginalElevationFromOSM="false"><ele>128.0</ele></trkpt>
<trkpt lat="35.716250" lon="128.914860" sectionIndex="0" pointIndex="2008" originalElevation="117.0" isOriginalElevationFromOSM="false"><ele>123.4</ele></trkpt>
<trkpt lat="35.715850" lon="128.914480" sectionIndex="0" pointIndex="2009" originalElevation="117.0" isOriginalElevationFromOSM="false"><ele>120.3</ele></trkpt>
<trkpt lat="35.715400" lon="128.914009" sectionIndex="0" pointIndex="2010" originalElevation="117.0" isOriginalElevationFromOSM="false"><ele>118.3</ele></trkpt>
<trkpt lat="35.714950" lon="128.913540" sectionIndex="0" pointIndex="2011" originalElevation="115.0" isOriginalElevationFromOSM="false"><ele>116.7</ele></trkpt>
<trkpt lat="35.714390" lon="128.913010" sectionIndex="0" pointIndex="2012" originalElevation="115.0" isOriginalElevationFromOSM="false"><ele>114.9</ele></trkpt>
<trkpt lat="35.713860" lon="128.912399" sectionIndex="0" pointIndex="2013" originalElevation="114.0" isOriginalElevationFromOSM="false"><ele>113.9</ele></trkpt>
<trkpt lat="35.713510" lon="128.911859" sectionIndex="0" pointIndex="2014" originalElevation="114.0" isOriginalElevationFromOSM="false"><ele>113.2</ele></trkpt>
<trkpt lat="35.713160" lon="128.911329" sectionIndex="0" pointIndex="2015" originalElevation="112.0" isOriginalElevationFromOSM="false"><ele>112.7</ele></trkpt>
<trkpt lat="35.712870" lon="128.910850" sectionIndex="0" pointIndex="2016" originalElevation="112.0" isOriginalElevationFromOSM="false"><ele>112.1</ele></trkpt>
<trkpt lat="35.712570" lon="128.910380" sectionIndex="0" pointIndex="2017" originalElevation="114.0" isOriginalElevationFromOSM="false"><ele>111.3</ele></trkpt>
<trkpt lat="35.711960" lon="128.911010" sectionIndex="0" pointIndex="2018" originalElevation="111.0" isOriginalElevationFromOSM="false"><ele>110.6</ele></trkpt>
<trkpt lat="35.711350" lon="128.911640" sectionIndex="0" pointIndex="2019" originalElevation="108.0" isOriginalElevationFromOSM="false"><ele>109.9</ele></trkpt>
<trkpt lat="35.710730" lon="128.912260" sectionIndex="0" pointIndex="2020" originalElevation="108.0" isOriginalElevationFromOSM="false"><ele>109.1</ele></trkpt>
<trkpt lat="35.710120" lon="128.912890" sectionIndex="0" pointIndex="2021" originalElevation="109.0" isOriginalElevationFromOSM="false"><ele>108.4</ele></trkpt>
<trkpt lat="35.709500" lon="128.913520" sectionIndex="0" pointIndex="2022" originalElevation="108.0" isOriginalElevationFromOSM="false"><ele>107.8</ele></trkpt>
<trkpt lat="35.708890" lon="128.914150" sectionIndex="0" pointIndex="2023" originalElevation="107.0" isOriginalElevationFromOSM="false"><ele>107.3</ele></trkpt>
<trkpt lat="35.708280" lon="128.914780" sectionIndex="0" pointIndex="2024" originalElevation="106.0" isOriginalElevationFromOSM="false"><ele>106.7</ele></trkpt>
<trkpt lat="35.707930" lon="128.915089" sectionIndex="0" pointIndex="2025" originalElevation="106.0" isOriginalElevationFromOSM="false"><ele>106.1</ele></trkpt>
<trkpt lat="35.707410" lon="128.915380" sectionIndex="0" pointIndex="2026" originalElevation="105.0" isOriginalElevationFromOSM="false"><ele>105.9</ele></trkpt>
<trkpt lat="35.706680" lon="128.915960" sectionIndex="0" pointIndex="2027" originalElevation="102.0" isOriginalElevationFromOSM="false"><ele>105.9</ele></trkpt>
<trkpt lat="35.705950" lon="128.916540" sectionIndex="0" pointIndex="2028" originalElevation="104.0" isOriginalElevationFromOSM="false"><ele>105.9</ele></trkpt>
<trkpt lat="35.705430" lon="128.916650" sectionIndex="0" pointIndex="2029" originalElevation="105.0" isOriginalElevationFromOSM="false"><ele>105.9</ele></trkpt>
<trkpt lat="35.704690" lon="128.916630" sectionIndex="0" pointIndex="2030" originalElevation="105.0" isOriginalElevationFromOSM="false"><ele>106.0</ele></trkpt>
<trkpt lat="35.703960" lon="128.916620" sectionIndex="0" pointIndex="2031" originalElevation="103.0" isOriginalElevationFromOSM="false"><ele>106.0</ele></trkpt>
<trkpt lat="35.703740" lon="128.916699" sectionIndex="0" pointIndex="2032" originalElevation="105.0" isOriginalElevationFromOSM="false"><ele>106.0</ele></trkpt>
<trkpt lat="35.703240" lon="128.917080" sectionIndex="0" pointIndex="2033" originalElevation="108.0" isOriginalElevationFromOSM="false"><ele>106.0</ele></trkpt>
<trkpt lat="35.703090" lon="128.917127" sectionIndex="0" pointIndex="2034" originalElevation="108.0" isOriginalElevationFromOSM="false"><ele>106.1</ele></trkpt>
<trkpt lat="35.702600" lon="128.917080" sectionIndex="0" pointIndex="2035" originalElevation="108.0" isOriginalElevationFromOSM="false"><ele>106.5</ele></trkpt>
<trkpt lat="35.701980" lon="128.917048" sectionIndex="0" pointIndex="2036" originalElevation="108.0" isOriginalElevationFromOSM="false"><ele>106.9</ele></trkpt>
<trkpt lat="35.701300" lon="128.916730" sectionIndex="0" pointIndex="2037" originalElevation="110.0" isOriginalElevationFromOSM="false"><ele>107.1</ele></trkpt>
<trkpt lat="35.701150" lon="128.916540" sectionIndex="0" pointIndex="2038" originalElevation="107.0" isOriginalElevationFromOSM="false"><ele>107.3</ele></trkpt>
<trkpt lat="35.700820" lon="128.916350" sectionIndex="0" pointIndex="2039" originalElevation="106.0" isOriginalElevationFromOSM="false"><ele>107.7</ele></trkpt>
<trkpt lat="35.700280" lon="128.916310" sectionIndex="0" pointIndex="2040" originalElevation="106.0" isOriginalElevationFromOSM="false"><ele>109.3</ele></trkpt>
<trkpt lat="35.700040" lon="128.916339" sectionIndex="0" pointIndex="2041" originalElevation="106.0" isOriginalElevationFromOSM="false"><ele>110.7</ele></trkpt>
<trkpt lat="35.699770" lon="128.916410" sectionIndex="0" pointIndex="2042" originalElevation="109.0" isOriginalElevationFromOSM="false"><ele>111.7</ele></trkpt>
<trkpt lat="35.699750" lon="128.916480" sectionIndex="0" pointIndex="2043" originalElevation="109.0" isOriginalElevationFromOSM="false"><ele>111.5</ele></trkpt>
<trkpt lat="35.699750" lon="128.916480" sectionIndex="0" pointIndex="2044" originalElevation="109.0" isOriginalElevationFromOSM="false"><ele>111.1</ele></trkpt>
<trkpt lat="35.699620" lon="128.916950" sectionIndex="0" pointIndex="2045" originalElevation="108.0" isOriginalElevationFromOSM="false"><ele>110.6</ele></trkpt>
<trkpt lat="35.699530" lon="128.916910" sectionIndex="0" pointIndex="2046" originalElevation="108.0" isOriginalElevationFromOSM="false"><ele>110.3</ele></trkpt>
<trkpt lat="35.699150" lon="128.916230" sectionIndex="0" pointIndex="2047" originalElevation="129.0" isOriginalElevationFromOSM="false"><ele>110.0</ele></trkpt>
<trkpt lat="35.699020" lon="128.915870" sectionIndex="0" pointIndex="2048" originalElevation="129.0" isOriginalElevationFromOSM="false"><ele>109.8</ele></trkpt>
<trkpt lat="35.698880" lon="128.915300" sectionIndex="0" pointIndex="2049" originalElevation="123.0" isOriginalElevationFromOSM="false"><ele>109.6</ele></trkpt>
<trkpt lat="35.698680" lon="128.914710" sectionIndex="0" pointIndex="2050" originalElevation="106.0" isOriginalElevationFromOSM="false"><ele>109.1</ele></trkpt>
<trkpt lat="35.698470" lon="128.914120" sectionIndex="0" pointIndex="2051" originalElevation="102.0" isOriginalElevationFromOSM="false"><ele>108.5</ele></trkpt>
<trkpt lat="35.698450" lon="128.913870" sectionIndex="0" pointIndex="2052" originalElevation="102.0" isOriginalElevationFromOSM="false"><ele>108.0</ele></trkpt>
<trkpt lat="35.698430" lon="128.913860" sectionIndex="0" pointIndex="2053" originalElevation="102.0" isOriginalElevationFromOSM="false"><ele>107.5</ele></trkpt>
<trkpt lat="35.698460" lon="128.912900" sectionIndex="0" pointIndex="2054" originalElevation="102.0" isOriginalElevationFromOSM="false"><ele>107.0</ele></trkpt>
<trkpt lat="35.698310" lon="128.912360" sectionIndex="0" pointIndex="2055" originalElevation="103.0" isOriginalElevationFromOSM="false"><ele>105.0</ele></trkpt>
<trkpt lat="35.698110" lon="128.911820" sectionIndex="0" pointIndex="2056" originalElevation="103.0" isOriginalElevationFromOSM="false"><ele>103.0</ele></trkpt>
<trkpt lat="35.697920" lon="128.911498" sectionIndex="0" pointIndex="2057" originalElevation="101.0" isOriginalElevationFromOSM="false"><ele>101.3</ele></trkpt>
<trkpt lat="35.697530" lon="128.911120" sectionIndex="0" pointIndex="2058" originalElevation="101.0" isOriginalElevationFromOSM="false"><ele>100.9</ele></trkpt>
<trkpt lat="35.697140" lon="128.910740" sectionIndex="0" pointIndex="2059" originalElevation="101.0" isOriginalElevationFromOSM="false"><ele>100.6</ele></trkpt>
<trkpt lat="35.696610" lon="128.910238" sectionIndex="0" pointIndex="2060" originalElevation="101.0" isOriginalElevationFromOSM="false"><ele>100.3</ele></trkpt>
<trkpt lat="35.696080" lon="128.909750" sectionIndex="0" pointIndex="2061" originalElevation="100.0" isOriginalElevationFromOSM="false"><ele>100.1</ele></trkpt>
<trkpt lat="35.695650" lon="128.909390" sectionIndex="0" pointIndex="2062" originalElevation="99.0" isOriginalElevationFromOSM="false"><ele>99.8</ele></trkpt>
<trkpt lat="35.695230" lon="128.909030" sectionIndex="0" pointIndex="2063" originalElevation="99.0" isOriginalElevationFromOSM="false"><ele>99.5</ele></trkpt>
<trkpt lat="35.694860" lon="128.908639" sectionIndex="0" pointIndex="2064" originalElevation="98.0" isOriginalElevationFromOSM="false"><ele>99.1</ele></trkpt>
<trkpt lat="35.694500" lon="128.908240" sectionIndex="0" pointIndex="2065" originalElevation="99.0" isOriginalElevationFromOSM="false"><ele>99.3</ele></trkpt>
<trkpt lat="35.694110" lon="128.907770" sectionIndex="0" pointIndex="2066" originalElevation="98.0" isOriginalElevationFromOSM="false"><ele>99.4</ele></trkpt>
<trkpt lat="35.693810" lon="128.908040" sectionIndex="0" pointIndex="2067" originalElevation="98.0" isOriginalElevationFromOSM="false"><ele>99.3</ele></trkpt>
<trkpt lat="35.693620" lon="128.908130" sectionIndex="0" pointIndex="2068" originalElevation="98.0" isOriginalElevationFromOSM="false"><ele>99.3</ele></trkpt>
<trkpt lat="35.693420" lon="128.908189" sectionIndex="0" pointIndex="2069" originalElevation="98.0" isOriginalElevationFromOSM="false"><ele>99.6</ele></trkpt>
<trkpt lat="35.693120" lon="128.908177" sectionIndex="0" pointIndex="2070" originalElevation="98.0" isOriginalElevationFromOSM="false"><ele>99.7</ele></trkpt>
<trkpt lat="35.692620" lon="128.908120" sectionIndex="0" pointIndex="2071" originalElevation="98.0" isOriginalElevationFromOSM="false"><ele>99.9</ele></trkpt>
<trkpt lat="35.692410" lon="128.908030" sectionIndex="0" pointIndex="2072" originalElevation="103.0" isOriginalElevationFromOSM="false"><ele>100.2</ele></trkpt>
<trkpt lat="35.691900" lon="128.907648" sectionIndex="0" pointIndex="2073" originalElevation="103.0" isOriginalElevationFromOSM="false"><ele>100.1</ele></trkpt>
<trkpt lat="35.691310" lon="128.907420" sectionIndex="0" pointIndex="2074" originalElevation="100.0" isOriginalElevationFromOSM="false"><ele>100.1</ele></trkpt>
<trkpt lat="35.691040" lon="128.907230" sectionIndex="0" pointIndex="2075" originalElevation="100.0" isOriginalElevationFromOSM="false"><ele>100.3</ele></trkpt>
<trkpt lat="35.690700" lon="128.906960" sectionIndex="0" pointIndex="2076" originalElevation="105.0" isOriginalElevationFromOSM="false"><ele>100.3</ele></trkpt>
<trkpt lat="35.690330" lon="128.906620" sectionIndex="0" pointIndex="2077" originalElevation="101.0" isOriginalElevationFromOSM="false"><ele>100.1</ele></trkpt>
<trkpt lat="35.689960" lon="128.906280" sectionIndex="0" pointIndex="2078" originalElevation="102.0" isOriginalElevationFromOSM="false"><ele>100.1</ele></trkpt>
<trkpt lat="35.689610" lon="128.905920" sectionIndex="0" pointIndex="2079" originalElevation="102.0" isOriginalElevationFromOSM="false"><ele>99.8</ele></trkpt>
<trkpt lat="35.689480" lon="128.905810" sectionIndex="0" pointIndex="2080" originalElevation="98.0" isOriginalElevationFromOSM="false"><ele>99.5</ele></trkpt>
<trkpt lat="35.688890" lon="128.905220" sectionIndex="0" pointIndex="2081" originalElevation="98.0" isOriginalElevationFromOSM="false"><ele>99.5</ele></trkpt>
<trkpt lat="35.688300" lon="128.904620" sectionIndex="0" pointIndex="2082" originalElevation="100.0" isOriginalElevationFromOSM="false"><ele>99.7</ele></trkpt>
<trkpt lat="35.687710" lon="128.904020" sectionIndex="0" pointIndex="2083" originalElevation="98.0" isOriginalElevationFromOSM="false"><ele>100.3</ele></trkpt>
<trkpt lat="35.687120" lon="128.903420" sectionIndex="0" pointIndex="2084" originalElevation="96.0" isOriginalElevationFromOSM="false"><ele>100.7</ele></trkpt>
<trkpt lat="35.686570" lon="128.902909" sectionIndex="0" pointIndex="2085" originalElevation="97.0" isOriginalElevationFromOSM="false"><ele>101.1</ele></trkpt>
<trkpt lat="35.686020" lon="128.902400" sectionIndex="0" pointIndex="2086" originalElevation="94.0" isOriginalElevationFromOSM="false"><ele>101.4</ele></trkpt>
<trkpt lat="35.685450" lon="128.901860" sectionIndex="0" pointIndex="2087" originalElevation="98.0" isOriginalElevationFromOSM="false"><ele>101.8</ele></trkpt>
<trkpt lat="35.684880" lon="128.901310" sectionIndex="0" pointIndex="2088" originalElevation="103.0" isOriginalElevationFromOSM="false"><ele>102.2</ele></trkpt>
<trkpt lat="35.684450" lon="128.900870" sectionIndex="0" pointIndex="2089" originalElevation="103.0" isOriginalElevationFromOSM="false"><ele>102.7</ele></trkpt>
<trkpt lat="35.684090" lon="128.900550" sectionIndex="0" pointIndex="2090" originalElevation="110.0" isOriginalElevationFromOSM="false"><ele>103.0</ele></trkpt>
<trkpt lat="35.683610" lon="128.900170" sectionIndex="0" pointIndex="2091" originalElevation="110.0" isOriginalElevationFromOSM="false"><ele>103.5</ele></trkpt>
<trkpt lat="35.683130" lon="128.899790" sectionIndex="0" pointIndex="2092" originalElevation="107.0" isOriginalElevationFromOSM="false"><ele>103.9</ele></trkpt>
<trkpt lat="35.682740" lon="128.899318" sectionIndex="0" pointIndex="2093" originalElevation="107.0" isOriginalElevationFromOSM="false"><ele>104.3</ele></trkpt>
<trkpt lat="35.682130" lon="128.898530" sectionIndex="0" pointIndex="2094" originalElevation="108.0" isOriginalElevationFromOSM="false"><ele>105.0</ele></trkpt>
<trkpt lat="35.681830" lon="128.898170" sectionIndex="0" pointIndex="2095" originalElevation="104.0" isOriginalElevationFromOSM="false"><ele>105.4</ele></trkpt>
<trkpt lat="35.681650" lon="128.897967" sectionIndex="0" pointIndex="2096" originalElevation="105.0" isOriginalElevationFromOSM="false"><ele>105.5</ele></trkpt>
<trkpt lat="35.681440" lon="128.897798" sectionIndex="0" pointIndex="2097" originalElevation="105.0" isOriginalElevationFromOSM="false"><ele>105.5</ele></trkpt>
<trkpt lat="35.681090" lon="128.897570" sectionIndex="0" pointIndex="2098" originalElevation="105.0" isOriginalElevationFromOSM="false"><ele>105.2</ele></trkpt>
<trkpt lat="35.680600" lon="128.897290" sectionIndex="0" pointIndex="2099" originalElevation="103.0" isOriginalElevationFromOSM="false"><ele>104.8</ele></trkpt>
<trkpt lat="35.680290" lon="128.897060" sectionIndex="0" pointIndex="2100" originalElevation="103.0" isOriginalElevationFromOSM="false"><ele>104.6</ele></trkpt>
<trkpt lat="35.679990" lon="128.896819" sectionIndex="0" pointIndex="2101" originalElevation="104.0" isOriginalElevationFromOSM="false"><ele>104.5</ele></trkpt>
<trkpt lat="35.679790" lon="128.896610" sectionIndex="0" pointIndex="2102" originalElevation="104.0" isOriginalElevationFromOSM="false"><ele>104.4</ele></trkpt>
<trkpt lat="35.679720" lon="128.896480" sectionIndex="0" pointIndex="2103" originalElevation="104.0" isOriginalElevationFromOSM="false"><ele>104.5</ele></trkpt>
<trkpt lat="35.679270" lon="128.896380" sectionIndex="0" pointIndex="2104" originalElevation="104.0" isOriginalElevationFromOSM="false"><ele>104.5</ele></trkpt>
<trkpt lat="35.678660" lon="128.896140" sectionIndex="0" pointIndex="2105" originalElevation="105.0" isOriginalElevationFromOSM="false"><ele>104.4</ele></trkpt>
<trkpt lat="35.678030" lon="128.895670" sectionIndex="0" pointIndex="2106" originalElevation="104.0" isOriginalElevationFromOSM="false"><ele>104.1</ele></trkpt>
<trkpt lat="35.677680" lon="128.895330" sectionIndex="0" pointIndex="2107" originalElevation="104.0" isOriginalElevationFromOSM="false"><ele>103.5</ele></trkpt>
<trkpt lat="35.677320" lon="128.894990" sectionIndex="0" pointIndex="2108" originalElevation="106.0" isOriginalElevationFromOSM="false"><ele>103.0</ele></trkpt>
<trkpt lat="35.676850" lon="128.894590" sectionIndex="0" pointIndex="2109" originalElevation="106.0" isOriginalElevationFromOSM="false"><ele>102.5</ele></trkpt>
<trkpt lat="35.676380" lon="128.894190" sectionIndex="0" pointIndex="2110" originalElevation="106.0" isOriginalElevationFromOSM="false"><ele>101.9</ele></trkpt>
<trkpt lat="35.676190" lon="128.894070" sectionIndex="0" pointIndex="2111" originalElevation="105.0" isOriginalElevationFromOSM="false"><ele>101.2</ele></trkpt>
<trkpt lat="35.675480" lon="128.893910" sectionIndex="0" pointIndex="2112" originalElevation="103.0" isOriginalElevationFromOSM="false"><ele>101.1</ele></trkpt>
<trkpt lat="35.674770" lon="128.893750" sectionIndex="0" pointIndex="2113" originalElevation="100.0" isOriginalElevationFromOSM="false"><ele>101.0</ele></trkpt>
<trkpt lat="35.674070" lon="128.893577" sectionIndex="0" pointIndex="2114" originalElevation="95.0" isOriginalElevationFromOSM="false"><ele>100.9</ele></trkpt>
<trkpt lat="35.673360" lon="128.893419" sectionIndex="0" pointIndex="2115" originalElevation="95.0" isOriginalElevationFromOSM="false"><ele>100.6</ele></trkpt>
<trkpt lat="35.672650" lon="128.893260" sectionIndex="0" pointIndex="2116" originalElevation="96.0" isOriginalElevationFromOSM="false"><ele>100.1</ele></trkpt>
<trkpt lat="35.672130" lon="128.893080" sectionIndex="0" pointIndex="2117" originalElevation="95.0" isOriginalElevationFromOSM="false"><ele>100.1</ele></trkpt>
<trkpt lat="35.671380" lon="128.892920" sectionIndex="0" pointIndex="2118" originalElevation="94.0" isOriginalElevationFromOSM="false"><ele>100.0</ele></trkpt>
<trkpt lat="35.670820" lon="128.892930" sectionIndex="0" pointIndex="2119" originalElevation="103.0" isOriginalElevationFromOSM="false"><ele>100.0</ele></trkpt>
<trkpt lat="35.670410" lon="128.892830" sectionIndex="0" pointIndex="2120" originalElevation="103.0" isOriginalElevationFromOSM="false"><ele>99.9</ele></trkpt>
<trkpt lat="35.670280" lon="128.892760" sectionIndex="0" pointIndex="2121" originalElevation="103.0" isOriginalElevationFromOSM="false"><ele>100.1</ele></trkpt>
<trkpt lat="35.669820" lon="128.892429" sectionIndex="0" pointIndex="2122" originalElevation="99.0" isOriginalElevationFromOSM="false"><ele>100.5</ele></trkpt>
<trkpt lat="35.669430" lon="128.892180" sectionIndex="0" pointIndex="2123" originalElevation="99.0" isOriginalElevationFromOSM="false"><ele>100.7</ele></trkpt>
<trkpt lat="35.669010" lon="128.891990" sectionIndex="0" pointIndex="2124" originalElevation="105.0" isOriginalElevationFromOSM="false"><ele>100.4</ele></trkpt>
<trkpt lat="35.668540" lon="128.891860" sectionIndex="0" pointIndex="2125" originalElevation="105.0" isOriginalElevationFromOSM="false"><ele>100.1</ele></trkpt>
<trkpt lat="35.668250" lon="128.891690" sectionIndex="0" pointIndex="2126" originalElevation="105.0" isOriginalElevationFromOSM="false"><ele>100.2</ele></trkpt>
<trkpt lat="35.668080" lon="128.891550" sectionIndex="0" pointIndex="2127" originalElevation="102.0" isOriginalElevationFromOSM="false"><ele>99.3</ele></trkpt>
<trkpt lat="35.667820" lon="128.891220" sectionIndex="0" pointIndex="2128" originalElevation="102.0" isOriginalElevationFromOSM="false"><ele>98.3</ele></trkpt>
<trkpt lat="35.667740" lon="128.891030" sectionIndex="0" pointIndex="2129" originalElevation="102.0" isOriginalElevationFromOSM="false"><ele>97.3</ele></trkpt>
<trkpt lat="35.667520" lon="128.890008" sectionIndex="0" pointIndex="2130" originalElevation="98.0" isOriginalElevationFromOSM="false"><ele>96.6</ele></trkpt>
<trkpt lat="35.667300" lon="128.888980" sectionIndex="0" pointIndex="2131" originalElevation="91.0" isOriginalElevationFromOSM="false"><ele>96.0</ele></trkpt>
<trkpt lat="35.667100" lon="128.887937" sectionIndex="0" pointIndex="2132" originalElevation="91.0" isOriginalElevationFromOSM="false"><ele>96.1</ele></trkpt>
<trkpt lat="35.666900" lon="128.886890" sectionIndex="0" pointIndex="2133" originalElevation="95.0" isOriginalElevationFromOSM="false"><ele>95.1</ele></trkpt>
<trkpt lat="35.666760" lon="128.886280" sectionIndex="0" pointIndex="2134" originalElevation="89.0" isOriginalElevationFromOSM="false"><ele>94.8</ele></trkpt>
<trkpt lat="35.666680" lon="128.886068" sectionIndex="0" pointIndex="2135" originalElevation="89.0" isOriginalElevationFromOSM="false"><ele>94.1</ele></trkpt>
<trkpt lat="35.666460" lon="128.885760" sectionIndex="0" pointIndex="2136" originalElevation="88.0" isOriginalElevationFromOSM="false"><ele>94.2</ele></trkpt>
<trkpt lat="35.666140" lon="128.885520" sectionIndex="0" pointIndex="2137" originalElevation="88.0" isOriginalElevationFromOSM="false"><ele>93.4</ele></trkpt>
<trkpt lat="35.665420" lon="128.884930" sectionIndex="0" pointIndex="2138" originalElevation="90.0" isOriginalElevationFromOSM="false"><ele>92.8</ele></trkpt>
<trkpt lat="35.664700" lon="128.884340" sectionIndex="0" pointIndex="2139" originalElevation="107.0" isOriginalElevationFromOSM="false"><ele>93.1</ele></trkpt>
<trkpt lat="35.664320" lon="128.883970" sectionIndex="0" pointIndex="2140" originalElevation="89.0" isOriginalElevationFromOSM="false"><ele>92.9</ele></trkpt>
<trkpt lat="35.663930" lon="128.883600" sectionIndex="0" pointIndex="2141" originalElevation="101.0" isOriginalElevationFromOSM="false"><ele>92.5</ele></trkpt>
<trkpt lat="35.663620" lon="128.883170" sectionIndex="0" pointIndex="2142" originalElevation="91.0" isOriginalElevationFromOSM="false"><ele>93.0</ele></trkpt>
<trkpt lat="35.663090" lon="128.882530" sectionIndex="0" pointIndex="2143" originalElevation="104.0" isOriginalElevationFromOSM="false"><ele>93.5</ele></trkpt>
<trkpt lat="35.662620" lon="128.882038" sectionIndex="0" pointIndex="2144" originalElevation="90.0" isOriginalElevationFromOSM="false"><ele>94.6</ele></trkpt>
<trkpt lat="35.662150" lon="128.881550" sectionIndex="0" pointIndex="2145" originalElevation="89.0" isOriginalElevationFromOSM="false"><ele>95.7</ele></trkpt>
<trkpt lat="35.661590" lon="128.880980" sectionIndex="0" pointIndex="2146" originalElevation="95.0" isOriginalElevationFromOSM="false"><ele>96.8</ele></trkpt>
<trkpt lat="35.661020" lon="128.880410" sectionIndex="0" pointIndex="2147" originalElevation="89.0" isOriginalElevationFromOSM="false"><ele>96.1</ele></trkpt>
<trkpt lat="35.660870" lon="128.880200" sectionIndex="0" pointIndex="2148" originalElevation="89.0" isOriginalElevationFromOSM="false"><ele>96.4</ele></trkpt>
<trkpt lat="35.660760" lon="128.879940" sectionIndex="0" pointIndex="2149" originalElevation="96.0" isOriginalElevationFromOSM="false"><ele>95.7</ele></trkpt>
<trkpt lat="35.660620" lon="128.879340" sectionIndex="0" pointIndex="2150" originalElevation="96.0" isOriginalElevationFromOSM="false"><ele>96.3</ele></trkpt>
<trkpt lat="35.660610" lon="128.878850" sectionIndex="0" pointIndex="2151" originalElevation="105.0" isOriginalElevationFromOSM="false"><ele>96.1</ele></trkpt>
<trkpt lat="35.660690" lon="128.878368" sectionIndex="0" pointIndex="2152" originalElevation="105.0" isOriginalElevationFromOSM="false"><ele>96.7</ele></trkpt>
<trkpt lat="35.660750" lon="128.878170" sectionIndex="0" pointIndex="2153" originalElevation="106.0" isOriginalElevationFromOSM="false"><ele>98.6</ele></trkpt>
<trkpt lat="35.660970" lon="128.877800" sectionIndex="0" pointIndex="2154" originalElevation="97.0" isOriginalElevationFromOSM="false"><ele>98.0</ele></trkpt>
<trkpt lat="35.661280" lon="128.877430" sectionIndex="0" pointIndex="2155" originalElevation="93.0" isOriginalElevationFromOSM="false"><ele>98.0</ele></trkpt>
<trkpt lat="35.661880" lon="128.876657" sectionIndex="0" pointIndex="2156" originalElevation="90.0" isOriginalElevationFromOSM="false"><ele>97.7</ele></trkpt>
<trkpt lat="35.662100" lon="128.875790" sectionIndex="0" pointIndex="2157" originalElevation="101.0" isOriginalElevationFromOSM="false"><ele>97.5</ele></trkpt>
<trkpt lat="35.662230" lon="128.875360" sectionIndex="0" pointIndex="2158" originalElevation="101.0" isOriginalElevationFromOSM="false"><ele>97.4</ele></trkpt>
<trkpt lat="35.662680" lon="128.874570" sectionIndex="0" pointIndex="2159" originalElevation="98.0" isOriginalElevationFromOSM="false"><ele>96.7</ele></trkpt>
<trkpt lat="35.663040" lon="128.874000" sectionIndex="0" pointIndex="2160" originalElevation="118.0" isOriginalElevationFromOSM="false"><ele>95.7</ele></trkpt>
<trkpt lat="35.663390" lon="128.873430" sectionIndex="0" pointIndex="2161" originalElevation="86.0" isOriginalElevationFromOSM="false"><ele>94.7</ele></trkpt>
<trkpt lat="35.663720" lon="128.873077" sectionIndex="0" pointIndex="2162" originalElevation="89.0" isOriginalElevationFromOSM="false"><ele>94.4</ele></trkpt>
<trkpt lat="35.664330" lon="128.872537" sectionIndex="0" pointIndex="2163" originalElevation="85.0" isOriginalElevationFromOSM="false"><ele>96.9</ele></trkpt>
<trkpt lat="35.664940" lon="128.871990" sectionIndex="0" pointIndex="2164" originalElevation="92.0" isOriginalElevationFromOSM="false"><ele>99.5</ele></trkpt>
<trkpt lat="35.665410" lon="128.871540" sectionIndex="0" pointIndex="2165" originalElevation="95.0" isOriginalElevationFromOSM="false"><ele>99.1</ele></trkpt>
<trkpt lat="35.665790" lon="128.871220" sectionIndex="0" pointIndex="2166" originalElevation="95.0" isOriginalElevationFromOSM="false"><ele>99.8</ele></trkpt>
<trkpt lat="35.666030" lon="128.871080" sectionIndex="0" pointIndex="2167" originalElevation="90.0" isOriginalElevationFromOSM="false"><ele>100.7</ele></trkpt>
<trkpt lat="35.666530" lon="128.870970" sectionIndex="0" pointIndex="2168" originalElevation="90.0" isOriginalElevationFromOSM="false"><ele>100.1</ele></trkpt>
<trkpt lat="35.667230" lon="128.870860" sectionIndex="0" pointIndex="2169" originalElevation="93.0" isOriginalElevationFromOSM="false"><ele>103.9</ele></trkpt>
<trkpt lat="35.667760" lon="128.870820" sectionIndex="0" pointIndex="2170" originalElevation="130.0" isOriginalElevationFromOSM="false"><ele>105.7</ele></trkpt>
<trkpt lat="35.668280" lon="128.870790" sectionIndex="0" pointIndex="2171" originalElevation="130.0" isOriginalElevationFromOSM="false"><ele>106.9</ele></trkpt>
<trkpt lat="35.669110" lon="128.871060" sectionIndex="0" pointIndex="2172" originalElevation="95.0" isOriginalElevationFromOSM="false"><ele>107.0</ele></trkpt>
<trkpt lat="35.669470" lon="128.871160" sectionIndex="0" pointIndex="2173" originalElevation="111.0" isOriginalElevationFromOSM="false"><ele>106.9</ele></trkpt>
<trkpt lat="35.669790" lon="128.871190" sectionIndex="0" pointIndex="2174" originalElevation="111.0" isOriginalElevationFromOSM="false"><ele>106.9</ele></trkpt>
<trkpt lat="35.670130" lon="128.871170" sectionIndex="0" pointIndex="2175" originalElevation="110.0" isOriginalElevationFromOSM="false"><ele>106.9</ele></trkpt>
<trkpt lat="35.670830" lon="128.870810" sectionIndex="0" pointIndex="2176" originalElevation="143.0" isOriginalElevationFromOSM="false"><ele>106.9</ele></trkpt>
<trkpt lat="35.671640" lon="128.870690" sectionIndex="0" pointIndex="2177" originalElevation="116.0" isOriginalElevationFromOSM="false"><ele>106.3</ele></trkpt>
<trkpt lat="35.672050" lon="128.870398" sectionIndex="0" pointIndex="2178" originalElevation="102.0" isOriginalElevationFromOSM="false"><ele>103.3</ele></trkpt>
<trkpt lat="35.672520" lon="128.869980" sectionIndex="0" pointIndex="2179" originalElevation="94.0" isOriginalElevationFromOSM="false"><ele>99.9</ele></trkpt>
<trkpt lat="35.672710" lon="128.869640" sectionIndex="0" pointIndex="2180" originalElevation="94.0" isOriginalElevationFromOSM="false"><ele>99.3</ele></trkpt>
<trkpt lat="35.672740" lon="128.869509" sectionIndex="0" pointIndex="2181" originalElevation="94.0" isOriginalElevationFromOSM="false"><ele>97.7</ele></trkpt>
<trkpt lat="35.672790" lon="128.868730" sectionIndex="0" pointIndex="2182" originalElevation="90.0" isOriginalElevationFromOSM="false"><ele>96.1</ele></trkpt>
<trkpt lat="35.672840" lon="128.868360" sectionIndex="0" pointIndex="2183" originalElevation="90.0" isOriginalElevationFromOSM="false"><ele>94.5</ele></trkpt>
<trkpt lat="35.672980" lon="128.867989" sectionIndex="0" pointIndex="2184" originalElevation="85.0" isOriginalElevationFromOSM="false"><ele>90.5</ele></trkpt>
<trkpt lat="35.673330" lon="128.867269" sectionIndex="0" pointIndex="2185" originalElevation="84.0" isOriginalElevationFromOSM="false"><ele>88.4</ele></trkpt>
<trkpt lat="35.673840" lon="128.866379" sectionIndex="0" pointIndex="2186" originalElevation="79.0" isOriginalElevationFromOSM="false"><ele>87.2</ele></trkpt>
<trkpt lat="35.674360" lon="128.865500" sectionIndex="0" pointIndex="2187" originalElevation="87.0" isOriginalElevationFromOSM="false"><ele>86.5</ele></trkpt>
<trkpt lat="35.674440" lon="128.865370" sectionIndex="0" pointIndex="2188" originalElevation="87.0" isOriginalElevationFromOSM="false"><ele>85.6</ele></trkpt>
<trkpt lat="35.674020" lon="128.864590" sectionIndex="0" pointIndex="2189" originalElevation="86.0" isOriginalElevationFromOSM="false"><ele>84.8</ele></trkpt>
<trkpt lat="35.673820" lon="128.864340" sectionIndex="0" pointIndex="2190" originalElevation="86.0" isOriginalElevationFromOSM="false"><ele>84.8</ele></trkpt>
<trkpt lat="35.673090" lon="128.863760" sectionIndex="0" pointIndex="2191" originalElevation="84.0" isOriginalElevationFromOSM="false"><ele>85.0</ele></trkpt>
<trkpt lat="35.672970" lon="128.863610" sectionIndex="0" pointIndex="2192" originalElevation="84.0" isOriginalElevationFromOSM="false"><ele>85.4</ele></trkpt>
<trkpt lat="35.672890" lon="128.863440" sectionIndex="0" pointIndex="2193" originalElevation="84.0" isOriginalElevationFromOSM="false"><ele>85.5</ele></trkpt>
<trkpt lat="35.672905" lon="128.863425" sectionIndex="0" pointIndex="2194" originalElevation="84.0" isOriginalElevationFromOSM="false"><ele>85.7</ele></trkpt>
<trkpt lat="35.672251" lon="128.862113" sectionIndex="0" pointIndex="2195" originalElevation="80.0" isOriginalElevationFromOSM="false"><ele>85.1</ele></trkpt>
<trkpt lat="35.670526" lon="128.860266" sectionIndex="0" pointIndex="2196" originalElevation="82.0" isOriginalElevationFromOSM="false"><ele>84.3</ele></trkpt>
<trkpt lat="35.670122" lon="128.859407" sectionIndex="0" pointIndex="2197" originalElevation="90.0" isOriginalElevationFromOSM="false"><ele>83.5</ele></trkpt>
<trkpt lat="35.669287" lon="128.859011" sectionIndex="0" pointIndex="2198" originalElevation="93.0" isOriginalElevationFromOSM="false"><ele>83.6</ele></trkpt>
<trkpt lat="35.667803" lon="128.857359" sectionIndex="0" pointIndex="2199" originalElevation="91.0" isOriginalElevationFromOSM="false"><ele>83.5</ele></trkpt>
<trkpt lat="35.667184" lon="128.857092" sectionIndex="0" pointIndex="2200" originalElevation="86.0" isOriginalElevationFromOSM="false"><ele>85.0</ele></trkpt>
<trkpt lat="35.666241" lon="128.856368" sectionIndex="0" pointIndex="2201" originalElevation="82.0" isOriginalElevationFromOSM="false"><ele>84.7</ele></trkpt>
<trkpt lat="35.661175" lon="128.853028" sectionIndex="0" pointIndex="2202" originalElevation="78.0" isOriginalElevationFromOSM="false"><ele>84.2</ele></trkpt>
<trkpt lat="35.658560" lon="128.851081" sectionIndex="0" pointIndex="2203" originalElevation="74.0" isOriginalElevationFromOSM="false"><ele>84.7</ele></trkpt>
<trkpt lat="35.657456" lon="128.850023" sectionIndex="0" pointIndex="2204" originalElevation="75.0" isOriginalElevationFromOSM="false"><ele>85.7</ele></trkpt>
<trkpt lat="35.654841" lon="128.848571" sectionIndex="0" pointIndex="2205" originalElevation="87.0" isOriginalElevationFromOSM="false"><ele>87.0</ele></trkpt>
<trkpt lat="35.653201" lon="128.847951" sectionIndex="0" pointIndex="2206" originalElevation="83.0" isOriginalElevationFromOSM="false"><ele>87.1</ele></trkpt>
<trkpt lat="35.652551" lon="128.847416" sectionIndex="0" pointIndex="2207" originalElevation="106.0" isOriginalElevationFromOSM="false"><ele>86.7</ele></trkpt>
<trkpt lat="35.650961" lon="128.845599" sectionIndex="0" pointIndex="2208" originalElevation="79.0" isOriginalElevationFromOSM="false"><ele>86.1</ele></trkpt>
<trkpt lat="35.650664" lon="128.844806" sectionIndex="0" pointIndex="2209" originalElevation="77.0" isOriginalElevationFromOSM="false"><ele>85.9</ele></trkpt>
<trkpt lat="35.650475" lon="128.840443" sectionIndex="0" pointIndex="2210" originalElevation="88.0" isOriginalElevationFromOSM="false"><ele>85.7</ele></trkpt>
<trkpt lat="35.649963" lon="128.839486" sectionIndex="0" pointIndex="2211" originalElevation="97.0" isOriginalElevationFromOSM="false"><ele>85.6</ele></trkpt>
<trkpt lat="35.649155" lon="128.838860" sectionIndex="0" pointIndex="2212" originalElevation="109.0" isOriginalElevationFromOSM="false"><ele>85.4</ele></trkpt>
<trkpt lat="35.648266" lon="128.838695" sectionIndex="0" pointIndex="2213" originalElevation="94.0" isOriginalElevationFromOSM="false"><ele>84.3</ele></trkpt>
<trkpt lat="35.647242" lon="128.838893" sectionIndex="0" pointIndex="2214" originalElevation="85.0" isOriginalElevationFromOSM="false"><ele>83.3</ele></trkpt>
<trkpt lat="35.645517" lon="128.838596" sectionIndex="0" pointIndex="2215" originalElevation="78.0" isOriginalElevationFromOSM="false"><ele>80.6</ele></trkpt>
<trkpt lat="35.644331" lon="128.837505" sectionIndex="0" pointIndex="2216" originalElevation="79.0" isOriginalElevationFromOSM="false"><ele>79.6</ele></trkpt>
<trkpt lat="35.642957" lon="128.837538" sectionIndex="0" pointIndex="2217" originalElevation="75.0" isOriginalElevationFromOSM="false"><ele>79.1</ele></trkpt>
<trkpt lat="35.641528" lon="128.837208" sectionIndex="0" pointIndex="2218" originalElevation="72.0" isOriginalElevationFromOSM="false"><ele>78.3</ele></trkpt>
<trkpt lat="35.640450" lon="128.836379" sectionIndex="0" pointIndex="2219" originalElevation="72.0" isOriginalElevationFromOSM="false"><ele>75.7</ele></trkpt>
<trkpt lat="35.639426" lon="128.835722" sectionIndex="0" pointIndex="2220" originalElevation="70.0" isOriginalElevationFromOSM="false"><ele>72.9</ele></trkpt>
<trkpt lat="35.638564" lon="128.834431" sectionIndex="0" pointIndex="2221" originalElevation="69.0" isOriginalElevationFromOSM="false"><ele>71.1</ele></trkpt>
<trkpt lat="35.638079" lon="128.832878" sectionIndex="0" pointIndex="2222" originalElevation="65.0" isOriginalElevationFromOSM="false"><ele>69.9</ele></trkpt>
<trkpt lat="35.637998" lon="128.832055" sectionIndex="0" pointIndex="2223" originalElevation="64.0" isOriginalElevationFromOSM="false"><ele>69.9</ele></trkpt>
<trkpt lat="35.638483" lon="128.829411" sectionIndex="0" pointIndex="2224" originalElevation="69.0" isOriginalElevationFromOSM="false"><ele>69.1</ele></trkpt>
<trkpt lat="35.638483" lon="128.828319" sectionIndex="0" pointIndex="2225" originalElevation="76.0" isOriginalElevationFromOSM="false"><ele>69.1</ele></trkpt>
<trkpt lat="35.636650" lon="128.824424" sectionIndex="0" pointIndex="2226" originalElevation="59.0" isOriginalElevationFromOSM="false"><ele>71.1</ele></trkpt>
<trkpt lat="35.635788" lon="128.823268" sectionIndex="0" pointIndex="2227" originalElevation="67.0" isOriginalElevationFromOSM="false"><ele>71.9</ele></trkpt>
<trkpt lat="35.635114" lon="128.822971" sectionIndex="0" pointIndex="2228" originalElevation="67.0" isOriginalElevationFromOSM="false"><ele>72.4</ele></trkpt>
<trkpt lat="35.633066" lon="128.820658" sectionIndex="0" pointIndex="2229" originalElevation="67.0" isOriginalElevationFromOSM="false"><ele>72.8</ele></trkpt>
<trkpt lat="35.630694" lon="128.818907" sectionIndex="0" pointIndex="2230" originalElevation="77.0" isOriginalElevationFromOSM="false"><ele>73.5</ele></trkpt>
<trkpt lat="35.627946" lon="128.818445" sectionIndex="0" pointIndex="2231" originalElevation="68.0" isOriginalElevationFromOSM="false"><ele>73.9</ele></trkpt>
<trkpt lat="35.626275" lon="128.818379" sectionIndex="0" pointIndex="2232" originalElevation="74.0" isOriginalElevationFromOSM="false"><ele>73.6</ele></trkpt>
<trkpt lat="35.624873" lon="128.818907" sectionIndex="0" pointIndex="2233" originalElevation="103.0" isOriginalElevationFromOSM="false"><ele>72.3</ele></trkpt>
<trkpt lat="35.621612" lon="128.820031" sectionIndex="0" pointIndex="2234" originalElevation="84.0" isOriginalElevationFromOSM="false"><ele>72.2</ele></trkpt>
<trkpt lat="35.617920" lon="128.822739" sectionIndex="0" pointIndex="2235" originalElevation="77.0" isOriginalElevationFromOSM="false"><ele>71.4</ele></trkpt>
<trkpt lat="35.617408" lon="128.823466" sectionIndex="0" pointIndex="2236" originalElevation="75.0" isOriginalElevationFromOSM="false"><ele>70.5</ele></trkpt>
<trkpt lat="35.616760" lon="128.823895" sectionIndex="0" pointIndex="2237" originalElevation="75.0" isOriginalElevationFromOSM="false"><ele>70.4</ele></trkpt>
<trkpt lat="35.615010" lon="128.824457" sectionIndex="0" pointIndex="2238" originalElevation="71.0" isOriginalElevationFromOSM="false"><ele>69.9</ele></trkpt>
<trkpt lat="35.612611" lon="128.823332" sectionIndex="0" pointIndex="2239" originalElevation="64.0" isOriginalElevationFromOSM="false"><ele>70.9</ele></trkpt>
<trkpt lat="35.611452" lon="128.821583" sectionIndex="0" pointIndex="2240" originalElevation="57.0" isOriginalElevationFromOSM="false"><ele>71.7</ele></trkpt>
<trkpt lat="35.610078" lon="128.818544" sectionIndex="0" pointIndex="2241" originalElevation="57.0" isOriginalElevationFromOSM="false"><ele>71.1</ele></trkpt>
<trkpt lat="35.609781" lon="128.815967" sectionIndex="0" pointIndex="2242" originalElevation="55.0" isOriginalElevationFromOSM="false"><ele>71.5</ele></trkpt>
<trkpt lat="35.608811" lon="128.814382" sectionIndex="0" pointIndex="2243" originalElevation="53.0" isOriginalElevationFromOSM="false"><ele>70.8</ele></trkpt>
<trkpt lat="35.607652" lon="128.812232" sectionIndex="0" pointIndex="2244" originalElevation="66.0" isOriginalElevationFromOSM="false"><ele>70.3</ele></trkpt>
<trkpt lat="35.606979" lon="128.811408" sectionIndex="0" pointIndex="2245" originalElevation="69.0" isOriginalElevationFromOSM="false"><ele>69.7</ele></trkpt>
<trkpt lat="35.605443" lon="128.810285" sectionIndex="0" pointIndex="2246" originalElevation="83.0" isOriginalElevationFromOSM="false"><ele>68.8</ele></trkpt>
<trkpt lat="35.604688" lon="128.810217" sectionIndex="0" pointIndex="2247" originalElevation="87.0" isOriginalElevationFromOSM="false"><ele>68.9</ele></trkpt>
<trkpt lat="35.603772" lon="128.810682" sectionIndex="0" pointIndex="2248" originalElevation="94.0" isOriginalElevationFromOSM="false"><ele>68.9</ele></trkpt>
<trkpt lat="35.602155" lon="128.810616" sectionIndex="0" pointIndex="2249" originalElevation="89.0" isOriginalElevationFromOSM="false"><ele>68.8</ele></trkpt>
<trkpt lat="35.600726" lon="128.810979" sectionIndex="0" pointIndex="2250" originalElevation="67.0" isOriginalElevationFromOSM="false"><ele>68.4</ele></trkpt>
<trkpt lat="35.599998" lon="128.810946" sectionIndex="0" pointIndex="2251" originalElevation="67.0" isOriginalElevationFromOSM="false"><ele>68.1</ele></trkpt>
<trkpt lat="35.599244" lon="128.811242" sectionIndex="0" pointIndex="2252" originalElevation="67.0" isOriginalElevationFromOSM="false"><ele>66.7</ele></trkpt>
<trkpt lat="35.597977" lon="128.811144" sectionIndex="0" pointIndex="2253" originalElevation="57.0" isOriginalElevationFromOSM="false"><ele>65.5</ele></trkpt>
<trkpt lat="35.596738" lon="128.810746" sectionIndex="0" pointIndex="2254" originalElevation="66.0" isOriginalElevationFromOSM="false"><ele>63.6</ele></trkpt>
<trkpt lat="35.595929" lon="128.810251" sectionIndex="0" pointIndex="2255" originalElevation="56.0" isOriginalElevationFromOSM="false"><ele>61.6</ele></trkpt>
<trkpt lat="35.594205" lon="128.809856" sectionIndex="0" pointIndex="2256" originalElevation="56.0" isOriginalElevationFromOSM="false"><ele>60.5</ele></trkpt>
<trkpt lat="35.591887" lon="128.808601" sectionIndex="0" pointIndex="2257" originalElevation="49.0" isOriginalElevationFromOSM="false"><ele>57.8</ele></trkpt>
<trkpt lat="35.591294" lon="128.807178" sectionIndex="0" pointIndex="2258" originalElevation="48.0" isOriginalElevationFromOSM="false"><ele>57.8</ele></trkpt>
<trkpt lat="35.590647" lon="128.804339" sectionIndex="0" pointIndex="2259" originalElevation="46.0" isOriginalElevationFromOSM="false"><ele>56.2</ele></trkpt>
<trkpt lat="35.590243" lon="128.803315" sectionIndex="0" pointIndex="2260" originalElevation="50.0" isOriginalElevationFromOSM="false"><ele>54.7</ele></trkpt>
<trkpt lat="35.590216" lon="128.802225" sectionIndex="0" pointIndex="2261" originalElevation="55.0" isOriginalElevationFromOSM="false"><ele>53.7</ele></trkpt>
<trkpt lat="35.589973" lon="128.801594" sectionIndex="0" pointIndex="2262" originalElevation="57.0" isOriginalElevationFromOSM="false"><ele>52.0</ele></trkpt>
<trkpt lat="35.589111" lon="128.800637" sectionIndex="0" pointIndex="2263" originalElevation="78.0" isOriginalElevationFromOSM="false"><ele>51.0</ele></trkpt>
<trkpt lat="35.585500" lon="128.798558" sectionIndex="0" pointIndex="2264" originalElevation="48.0" isOriginalElevationFromOSM="false"><ele>50.0</ele></trkpt>
<trkpt lat="35.584691" lon="128.798206" sectionIndex="0" pointIndex="2265" originalElevation="67.0" isOriginalElevationFromOSM="false"><ele>49.8</ele></trkpt>
<trkpt lat="35.582616" lon="128.797641" sectionIndex="0" pointIndex="2266" originalElevation="43.0" isOriginalElevationFromOSM="false"><ele>49.1</ele></trkpt>
<trkpt lat="35.579247" lon="128.796378" sectionIndex="0" pointIndex="2267" originalElevation="44.0" isOriginalElevationFromOSM="false"><ele>48.5</ele></trkpt>
<trkpt lat="35.577819" lon="128.795245" sectionIndex="0" pointIndex="2268" originalElevation="42.0" isOriginalElevationFromOSM="false"><ele>48.1</ele></trkpt>
<trkpt lat="35.574855" lon="128.793284" sectionIndex="0" pointIndex="2269" originalElevation="41.0" isOriginalElevationFromOSM="false"><ele>47.4</ele></trkpt>
<trkpt lat="35.573372" lon="128.790757" sectionIndex="0" pointIndex="2270" originalElevation="41.0" isOriginalElevationFromOSM="false"><ele>46.5</ele></trkpt>
<trkpt lat="35.572456" lon="128.788693" sectionIndex="0" pointIndex="2271" originalElevation="41.0" isOriginalElevationFromOSM="false"><ele>44.1</ele></trkpt>
<trkpt lat="35.570920" lon="128.785733" sectionIndex="0" pointIndex="2272" originalElevation="46.0" isOriginalElevationFromOSM="false"><ele>43.5</ele></trkpt>
<trkpt lat="35.570327" lon="128.782772" sectionIndex="0" pointIndex="2273" originalElevation="37.0" isOriginalElevationFromOSM="false"><ele>41.6</ele></trkpt>
<trkpt lat="35.570650" lon="128.781178" sectionIndex="0" pointIndex="2274" originalElevation="37.0" isOriginalElevationFromOSM="false"><ele>41.3</ele></trkpt>
<trkpt lat="35.570540" lon="128.779210" sectionIndex="0" pointIndex="2275" originalElevation="44.7" isOriginalElevationFromOSM="true"><ele>40.9</ele></trkpt>
<trkpt lat="35.570500" lon="128.778330" sectionIndex="0" pointIndex="2276" originalElevation="44.6" isOriginalElevationFromOSM="true"><ele>40.7</ele></trkpt>
<trkpt lat="35.570420" lon="128.777639" sectionIndex="0" pointIndex="2277" originalElevation="42.9" isOriginalElevationFromOSM="true"><ele>40.6</ele></trkpt>
<trkpt lat="35.570420" lon="128.776950" sectionIndex="0" pointIndex="2278" originalElevation="42.0" isOriginalElevationFromOSM="true"><ele>40.4</ele></trkpt>
<trkpt lat="35.570380" lon="128.775980" sectionIndex="0" pointIndex="2279" originalElevation="39.2" isOriginalElevationFromOSM="true"><ele>40.1</ele></trkpt>
<trkpt lat="35.570460" lon="128.775240" sectionIndex="0" pointIndex="2280" originalElevation="38.4" isOriginalElevationFromOSM="true"><ele>39.5</ele></trkpt>
<trkpt lat="35.570530" lon="128.774700" sectionIndex="0" pointIndex="2281" originalElevation="38.3" isOriginalElevationFromOSM="true"><ele>39.5</ele></trkpt>
<trkpt lat="35.570590" lon="128.774080" sectionIndex="0" pointIndex="2282" originalElevation="38.4" isOriginalElevationFromOSM="true"><ele>39.5</ele></trkpt>
<trkpt lat="35.570570" lon="128.773540" sectionIndex="0" pointIndex="2283" originalElevation="39.3" isOriginalElevationFromOSM="true"><ele>39.0</ele></trkpt>
<trkpt lat="35.570430" lon="128.772590" sectionIndex="0" pointIndex="2284" originalElevation="40.0" isOriginalElevationFromOSM="true"><ele>38.4</ele></trkpt>
<trkpt lat="35.570360" lon="128.771870" sectionIndex="0" pointIndex="2285" originalElevation="37.6" isOriginalElevationFromOSM="true"><ele>37.9</ele></trkpt>
<trkpt lat="35.570340" lon="128.771430" sectionIndex="0" pointIndex="2286" originalElevation="36.6" isOriginalElevationFromOSM="true"><ele>37.6</ele></trkpt>
<trkpt lat="35.570340" lon="128.771300" sectionIndex="0" pointIndex="2287" originalElevation="36.6" isOriginalElevationFromOSM="true"><ele>37.4</ele></trkpt>
<trkpt lat="35.570580" lon="128.770500" sectionIndex="0" pointIndex="2288" originalElevation="36.7" isOriginalElevationFromOSM="true"><ele>37.3</ele></trkpt>
<trkpt lat="35.570840" lon="128.769880" sectionIndex="0" pointIndex="2289" originalElevation="36.9" isOriginalElevationFromOSM="true"><ele>37.2</ele></trkpt>
<trkpt lat="35.570960" lon="128.769590" sectionIndex="0" pointIndex="2290" originalElevation="37.0" isOriginalElevationFromOSM="true"><ele>37.1</ele></trkpt>
<trkpt lat="35.571280" lon="128.768710" sectionIndex="0" pointIndex="2291" originalElevation="36.2" isOriginalElevationFromOSM="true"><ele>36.8</ele></trkpt>
<trkpt lat="35.571616" lon="128.768947" sectionIndex="0" pointIndex="2292" originalElevation="35.0" isOriginalElevationFromOSM="false"><ele>36.5</ele></trkpt>
<trkpt lat="35.571620" lon="128.768948" sectionIndex="0" pointIndex="2293" originalElevation="37.2" isOriginalElevationFromOSM="true"><ele>36.3</ele></trkpt>
<trkpt lat="35.571280" lon="128.768710" sectionIndex="0" pointIndex="2294" originalElevation="36.2" isOriginalElevationFromOSM="true"><ele>36.3</ele></trkpt>
<trkpt lat="35.570950" lon="128.769620" sectionIndex="0" pointIndex="2295" originalElevation="36.9" isOriginalElevationFromOSM="true"><ele>36.2</ele></trkpt>
<trkpt lat="35.570960" lon="128.769590" sectionIndex="0" pointIndex="2296" originalElevation="37.0" isOriginalElevationFromOSM="true"><ele>36.2</ele></trkpt>
<trkpt lat="35.570810" lon="128.769500" sectionIndex="0" pointIndex="2297" originalElevation="36.8" isOriginalElevationFromOSM="true"><ele>36.1</ele></trkpt>
<trkpt lat="35.570789" lon="128.769477" sectionIndex="0" pointIndex="2298" originalElevation="35.0" isOriginalElevationFromOSM="false"><ele>36.1</ele></trkpt>
<trkpt lat="35.569960" lon="128.768938" sectionIndex="0" pointIndex="2299" originalElevation="35.3" isOriginalElevationFromOSM="true"><ele>36.1</ele></trkpt>
<trkpt lat="35.568450" lon="128.767720" sectionIndex="0" pointIndex="2300" originalElevation="35.8" isOriginalElevationFromOSM="true"><ele>36.1</ele></trkpt>
<trkpt lat="35.568280" lon="128.767640" sectionIndex="0" pointIndex="2301" originalElevation="35.8" isOriginalElevationFromOSM="true"><ele>36.0</ele></trkpt>
<trkpt lat="35.568260" lon="128.767550" sectionIndex="0" pointIndex="2302" originalElevation="35.9" isOriginalElevationFromOSM="true"><ele>36.0</ele></trkpt>
<trkpt lat="35.568075" lon="128.767348" sectionIndex="0" pointIndex="2303" originalElevation="36.0" isOriginalElevationFromOSM="false"><ele>36.0</ele></trkpt>
<trkpt lat="35.568035" lon="128.767322" sectionIndex="0" pointIndex="2304" originalElevation="36.0" isOriginalElevationFromOSM="false"><ele>35.9</ele></trkpt>
<trkpt lat="35.567995" lon="128.767294" sectionIndex="0" pointIndex="2305" originalElevation="36.0" isOriginalElevationFromOSM="false"><ele>35.9</ele></trkpt>
<trkpt lat="35.567955" lon="128.767271" sectionIndex="0" pointIndex="2306" originalElevation="36.0" isOriginalElevationFromOSM="false"><ele>35.9</ele></trkpt>
<trkpt lat="35.567915" lon="128.767245" sectionIndex="0" pointIndex="2307" originalElevation="36.0" isOriginalElevationFromOSM="false"><ele>36.0</ele></trkpt>
<trkpt lat="35.567875" lon="128.767220" sectionIndex="0" pointIndex="2308" originalElevation="36.0" isOriginalElevationFromOSM="false"><ele>36.0</ele></trkpt>
<trkpt lat="35.567835" lon="128.767192" sectionIndex="0" pointIndex="2309" originalElevation="36.0" isOriginalElevationFromOSM="false"><ele>36.0</ele></trkpt>
<trkpt lat="35.567833" lon="128.767192" sectionIndex="0" pointIndex="2310" originalElevation="36.0" isOriginalElevationFromOSM="false"><ele>36.0</ele></trkpt>
<trkpt lat="35.567790" lon="128.767177" sectionIndex="0" pointIndex="2311" originalElevation="36.0" isOriginalElevationFromOSM="false"><ele>35.8</ele></trkpt>
<trkpt lat="35.567747" lon="128.767162" sectionIndex="0" pointIndex="2312" originalElevation="36.0" isOriginalElevationFromOSM="false"><ele>35.6</ele></trkpt>
<trkpt lat="35.567704" lon="128.767147" sectionIndex="0" pointIndex="2313" originalElevation="36.0" isOriginalElevationFromOSM="false"><ele>35.4</ele></trkpt>
<trkpt lat="35.567660" lon="128.767131" sectionIndex="0" pointIndex="2314" originalElevation="36.0" isOriginalElevationFromOSM="false"><ele>35.2</ele></trkpt>
<trkpt lat="35.567617" lon="128.767114" sectionIndex="0" pointIndex="2315" originalElevation="36.0" isOriginalElevationFromOSM="false"><ele>35.0</ele></trkpt>
<trkpt lat="35.567574" lon="128.767100" sectionIndex="0" pointIndex="2316" originalElevation="36.0" isOriginalElevationFromOSM="false"><ele>34.8</ele></trkpt>
<trkpt lat="35.567537" lon="128.767087" sectionIndex="0" pointIndex="2317" originalElevation="36.0" isOriginalElevationFromOSM="false"><ele>34.6</ele></trkpt>
<trkpt lat="35.567494" lon="128.767068" sectionIndex="0" pointIndex="2318" originalElevation="33.0" isOriginalElevationFromOSM="false"><ele>34.4</ele></trkpt>
<trkpt lat="35.567452" lon="128.767053" sectionIndex="0" pointIndex="2319" originalElevation="33.0" isOriginalElevationFromOSM="false"><ele>34.2</ele></trkpt>
<trkpt lat="35.567409" lon="128.767035" sectionIndex="0" pointIndex="2320" originalElevation="33.0" isOriginalElevationFromOSM="false"><ele>34.0</ele></trkpt>
<trkpt lat="35.567366" lon="128.767019" sectionIndex="0" pointIndex="2321" originalElevation="33.0" isOriginalElevationFromOSM="false"><ele>33.8</ele></trkpt>
<trkpt lat="35.567323" lon="128.767001" sectionIndex="0" pointIndex="2322" originalElevation="33.0" isOriginalElevationFromOSM="false"><ele>33.6</ele></trkpt>
<trkpt lat="35.567281" lon="128.766985" sectionIndex="0" pointIndex="2323" originalElevation="33.0" isOriginalElevationFromOSM="false"><ele>33.4</ele></trkpt>
<trkpt lat="35.567238" lon="128.766967" sectionIndex="0" pointIndex="2324" originalElevation="33.0" isOriginalElevationFromOSM="false"><ele>33.2</ele></trkpt>
<trkpt lat="35.567215" lon="128.766959" sectionIndex="0" pointIndex="2325" originalElevation="33.0" isOriginalElevationFromOSM="false"><ele>33.0</ele></trkpt>
<trkpt lat="35.567171" lon="128.766945" sectionIndex="0" pointIndex="2326" originalElevation="33.0" isOriginalElevationFromOSM="false"><ele>33.0</ele></trkpt>
<trkpt lat="35.567128" lon="128.766931" sectionIndex="0" pointIndex="2327" originalElevation="33.0" isOriginalElevationFromOSM="false"><ele>33.0</ele></trkpt>
<trkpt lat="35.567084" lon="128.766917" sectionIndex="0" pointIndex="2328" originalElevation="33.0" isOriginalElevationFromOSM="false"><ele>33.0</ele></trkpt>
<trkpt lat="35.567041" lon="128.766903" sectionIndex="0" pointIndex="2329" originalElevation="33.0" isOriginalElevationFromOSM="false"><ele>33.0</ele></trkpt>
<trkpt lat="35.566997" lon="128.766888" sectionIndex="0" pointIndex="2330" originalElevation="33.0" isOriginalElevationFromOSM="false"><ele>33.0</ele></trkpt>
<trkpt lat="35.566954" lon="128.766876" sectionIndex="0" pointIndex="2331" originalElevation="33.0" isOriginalElevationFromOSM="false"><ele>33.1</ele></trkpt>
<trkpt lat="35.566911" lon="128.766863" sectionIndex="0" pointIndex="2332" originalElevation="33.0" isOriginalElevationFromOSM="false"><ele>33.1</ele></trkpt>
<trkpt lat="35.566867" lon="128.766850" sectionIndex="0" pointIndex="2333" originalElevation="33.0" isOriginalElevationFromOSM="false"><ele>33.2</ele></trkpt>
<trkpt lat="35.566823" lon="128.766838" sectionIndex="0" pointIndex="2334" originalElevation="33.0" isOriginalElevationFromOSM="false"><ele>33.3</ele></trkpt>
<trkpt lat="35.566780" lon="128.766825" sectionIndex="0" pointIndex="2335" originalElevation="33.0" isOriginalElevationFromOSM="false"><ele>33.3</ele></trkpt>
<trkpt lat="35.566736" lon="128.766810" sectionIndex="0" pointIndex="2336" originalElevation="33.0" isOriginalElevationFromOSM="false"><ele>33.4</ele></trkpt>
<trkpt lat="35.566708" lon="128.766804" sectionIndex="0" pointIndex="2337" originalElevation="33.0" isOriginalElevationFromOSM="false"><ele>33.5</ele></trkpt>
<trkpt lat="35.566666" lon="128.766783" sectionIndex="0" pointIndex="2338" originalElevation="34.0" isOriginalElevationFromOSM="false"><ele>33.7</ele></trkpt>
<trkpt lat="35.566624" lon="128.766763" sectionIndex="0" pointIndex="2339" originalElevation="34.0" isOriginalElevationFromOSM="false"><ele>33.8</ele></trkpt>
<trkpt lat="35.566583" lon="128.766742" sectionIndex="0" pointIndex="2340" originalElevation="34.0" isOriginalElevationFromOSM="false"><ele>33.9</ele></trkpt>
<trkpt lat="35.566541" lon="128.766719" sectionIndex="0" pointIndex="2341" originalElevation="34.0" isOriginalElevationFromOSM="false"><ele>34.1</ele></trkpt>
<trkpt lat="35.566500" lon="128.766698" sectionIndex="0" pointIndex="2342" originalElevation="34.0" isOriginalElevationFromOSM="false"><ele>34.2</ele></trkpt>
<trkpt lat="35.566488" lon="128.766695" sectionIndex="0" pointIndex="2343" originalElevation="34.0" isOriginalElevationFromOSM="false"><ele>34.3</ele></trkpt>
<trkpt lat="35.566451" lon="128.766663" sectionIndex="0" pointIndex="2344" originalElevation="35.0" isOriginalElevationFromOSM="false"><ele>34.5</ele></trkpt>
<trkpt lat="35.566413" lon="128.766635" sectionIndex="0" pointIndex="2345" originalElevation="35.0" isOriginalElevationFromOSM="false"><ele>34.6</ele></trkpt>
<trkpt lat="35.566375" lon="128.766605" sectionIndex="0" pointIndex="2346" originalElevation="35.0" isOriginalElevationFromOSM="false"><ele>34.7</ele></trkpt>
<trkpt lat="35.566359" lon="128.766592" sectionIndex="0" pointIndex="2347" originalElevation="35.0" isOriginalElevationFromOSM="false"><ele>34.7</ele></trkpt>
<trkpt lat="35.566369" lon="128.766539" sectionIndex="0" pointIndex="2348" originalElevation="35.0" isOriginalElevationFromOSM="false"><ele>34.8</ele></trkpt>
<trkpt lat="35.566379" lon="128.766483" sectionIndex="0" pointIndex="2349" originalElevation="35.0" isOriginalElevationFromOSM="false"><ele>34.9</ele></trkpt>
<trkpt lat="35.566389" lon="128.766431" sectionIndex="0" pointIndex="2350" originalElevation="35.0" isOriginalElevationFromOSM="false"><ele>34.9</ele></trkpt>
<trkpt lat="35.566399" lon="128.766377" sectionIndex="0" pointIndex="2351" originalElevation="35.0" isOriginalElevationFromOSM="false"><ele>35.0</ele></trkpt>
<trkpt lat="35.566403" lon="128.766349" sectionIndex="0" pointIndex="2352" originalElevation="35.0" isOriginalElevationFromOSM="false"><ele>35.0</ele></trkpt>
<trkpt lat="35.566429" lon="128.766303" sectionIndex="0" pointIndex="2353" originalElevation="35.0" isOriginalElevationFromOSM="false"><ele>35.0</ele></trkpt>
<trkpt lat="35.566455" lon="128.766258" sectionIndex="0" pointIndex="2354" originalElevation="35.0" isOriginalElevationFromOSM="false"><ele>35.0</ele></trkpt>
<trkpt lat="35.566480" lon="128.766213" sectionIndex="0" pointIndex="2355" originalElevation="35.0" isOriginalElevationFromOSM="false"><ele>35.0</ele></trkpt>
<trkpt lat="35.566506" lon="128.766168" sectionIndex="0" pointIndex="2356" originalElevation="35.0" isOriginalElevationFromOSM="false"><ele>35.0</ele></trkpt>
<trkpt lat="35.566532" lon="128.766123" sectionIndex="0" pointIndex="2357" originalElevation="35.0" isOriginalElevationFromOSM="false"><ele>35.0</ele></trkpt>
<trkpt lat="35.566542" lon="128.766106" sectionIndex="0" pointIndex="2358" originalElevation="35.0" isOriginalElevationFromOSM="false"><ele>35.0</ele></trkpt>
<trkpt lat="35.566502" lon="128.766078" sectionIndex="0" pointIndex="2359" originalElevation="35.0" isOriginalElevationFromOSM="false"><ele>35.0</ele></trkpt>
<trkpt lat="35.566463" lon="128.766054" sectionIndex="0" pointIndex="2360" originalElevation="35.0" isOriginalElevationFromOSM="false"><ele>35.0</ele></trkpt>
<trkpt lat="35.566423" lon="128.766029" sectionIndex="0" pointIndex="2361" originalElevation="35.0" isOriginalElevationFromOSM="false"><ele>35.0</ele></trkpt>
<trkpt lat="35.566383" lon="128.766003" sectionIndex="0" pointIndex="2362" originalElevation="35.0" isOriginalElevationFromOSM="false"><ele>35.0</ele></trkpt>
<trkpt lat="35.566343" lon="128.765976" sectionIndex="0" pointIndex="2363" originalElevation="35.0" isOriginalElevationFromOSM="false"><ele>35.0</ele></trkpt>
<trkpt lat="35.566304" lon="128.765951" sectionIndex="0" pointIndex="2364" originalElevation="35.0" isOriginalElevationFromOSM="false"><ele>35.0</ele></trkpt>
<trkpt lat="35.566264" lon="128.765926" sectionIndex="0" pointIndex="2365" originalElevation="35.0" isOriginalElevationFromOSM="false"><ele>35.0</ele></trkpt>
<trkpt lat="35.566224" lon="128.765898" sectionIndex="0" pointIndex="2366" originalElevation="35.0" isOriginalElevationFromOSM="false"><ele>35.0</ele></trkpt>
<trkpt lat="35.566184" lon="128.765874" sectionIndex="0" pointIndex="2367" originalElevation="35.0" isOriginalElevationFromOSM="false"><ele>35.0</ele></trkpt>
<trkpt lat="35.566145" lon="128.765849" sectionIndex="0" pointIndex="2368" originalElevation="35.0" isOriginalElevationFromOSM="false"><ele>35.0</ele></trkpt>
<trkpt lat="35.566107" lon="128.765819" sectionIndex="0" pointIndex="2369" originalElevation="35.0" isOriginalElevationFromOSM="false"><ele>35.0</ele></trkpt>
<trkpt lat="35.566069" lon="128.765790" sectionIndex="0" pointIndex="2370" originalElevation="35.0" isOriginalElevationFromOSM="false"><ele>35.1</ele></trkpt>
<trkpt lat="35.566031" lon="128.765761" sectionIndex="0" pointIndex="2371" originalElevation="35.0" isOriginalElevationFromOSM="false"><ele>35.1</ele></trkpt>
<trkpt lat="35.565992" lon="128.765732" sectionIndex="0" pointIndex="2372" originalElevation="35.0" isOriginalElevationFromOSM="false"><ele>35.2</ele></trkpt>
<trkpt lat="35.565954" lon="128.765703" sectionIndex="0" pointIndex="2373" originalElevation="35.0" isOriginalElevationFromOSM="false"><ele>35.3</ele></trkpt>
<trkpt lat="35.565916" lon="128.765672" sectionIndex="0" pointIndex="2374" originalElevation="35.0" isOriginalElevationFromOSM="false"><ele>35.3</ele></trkpt>
<trkpt lat="35.565878" lon="128.765644" sectionIndex="0" pointIndex="2375" originalElevation="35.0" isOriginalElevationFromOSM="false"><ele>35.4</ele></trkpt>
<trkpt lat="35.565840" lon="128.765615" sectionIndex="0" pointIndex="2376" originalElevation="35.0" isOriginalElevationFromOSM="false"><ele>35.5</ele></trkpt>
<trkpt lat="35.565802" lon="128.765586" sectionIndex="0" pointIndex="2377" originalElevation="36.0" isOriginalElevationFromOSM="false"><ele>35.5</ele></trkpt>
<trkpt lat="35.565764" lon="128.765557" sectionIndex="0" pointIndex="2378" originalElevation="36.0" isOriginalElevationFromOSM="false"><ele>35.6</ele></trkpt>
<trkpt lat="35.565726" lon="128.765526" sectionIndex="0" pointIndex="2379" originalElevation="36.0" isOriginalElevationFromOSM="false"><ele>35.7</ele></trkpt>
<trkpt lat="35.565688" lon="128.765498" sectionIndex="0" pointIndex="2380" originalElevation="36.0" isOriginalElevationFromOSM="false"><ele>35.7</ele></trkpt>
<trkpt lat="35.565649" lon="128.765469" sectionIndex="0" pointIndex="2381" originalElevation="36.0" isOriginalElevationFromOSM="false"><ele>35.8</ele></trkpt>
<trkpt lat="35.565611" lon="128.765440" sectionIndex="0" pointIndex="2382" originalElevation="36.0" isOriginalElevationFromOSM="false"><ele>35.9</ele></trkpt>
<trkpt lat="35.565573" lon="128.765411" sectionIndex="0" pointIndex="2383" originalElevation="36.0" isOriginalElevationFromOSM="false"><ele>35.9</ele></trkpt>
<trkpt lat="35.565535" lon="128.765380" sectionIndex="0" pointIndex="2384" originalElevation="36.0" isOriginalElevationFromOSM="false"><ele>36.0</ele></trkpt>
<trkpt lat="35.565497" lon="128.765352" sectionIndex="0" pointIndex="2385" originalElevation="36.0" isOriginalElevationFromOSM="false"><ele>36.0</ele></trkpt>
<trkpt lat="35.565459" lon="128.765323" sectionIndex="0" pointIndex="2386" originalElevation="36.0" isOriginalElevationFromOSM="false"><ele>36.0</ele></trkpt>
<trkpt lat="35.565421" lon="128.765294" sectionIndex="0" pointIndex="2387" originalElevation="36.0" isOriginalElevationFromOSM="false"><ele>36.0</ele></trkpt>
<trkpt lat="35.565383" lon="128.765264" sectionIndex="0" pointIndex="2388" originalElevation="36.0" isOriginalElevationFromOSM="false"><ele>36.0</ele></trkpt>
<trkpt lat="35.565345" lon="128.765233" sectionIndex="0" pointIndex="2389" originalElevation="36.0" isOriginalElevationFromOSM="false"><ele>36.0</ele></trkpt>
<trkpt lat="35.565306" lon="128.765206" sectionIndex="0" pointIndex="2390" originalElevation="36.0" isOriginalElevationFromOSM="false"><ele>36.0</ele></trkpt>
<trkpt lat="35.565268" lon="128.765177" sectionIndex="0" pointIndex="2391" originalElevation="36.0" isOriginalElevationFromOSM="false"><ele>35.9</ele></trkpt>
<trkpt lat="35.565230" lon="128.765148" sectionIndex="0" pointIndex="2392" originalElevation="36.0" isOriginalElevationFromOSM="false"><ele>35.3</ele></trkpt>
<trkpt lat="35.565192" lon="128.765118" sectionIndex="0" pointIndex="2393" originalElevation="36.0" isOriginalElevationFromOSM="false"><ele>34.8</ele></trkpt>
<trkpt lat="35.565154" lon="128.765087" sectionIndex="0" pointIndex="2394" originalElevation="36.0" isOriginalElevationFromOSM="false"><ele>34.3</ele></trkpt>
<trkpt lat="35.565116" lon="128.765060" sectionIndex="0" pointIndex="2395" originalElevation="36.0" isOriginalElevationFromOSM="false"><ele>33.7</ele></trkpt>
<trkpt lat="35.565078" lon="128.765031" sectionIndex="0" pointIndex="2396" originalElevation="36.0" isOriginalElevationFromOSM="false"><ele>33.2</ele></trkpt>
<trkpt lat="35.565040" lon="128.765001" sectionIndex="0" pointIndex="2397" originalElevation="36.0" isOriginalElevationFromOSM="false"><ele>32.7</ele></trkpt>
<trkpt lat="35.565002" lon="128.764972" sectionIndex="0" pointIndex="2398" originalElevation="34.0" isOriginalElevationFromOSM="false"><ele>32.1</ele></trkpt>
<trkpt lat="35.564963" lon="128.764941" sectionIndex="0" pointIndex="2399" originalElevation="28.0" isOriginalElevationFromOSM="false"><ele>31.6</ele></trkpt>
<trkpt lat="35.564925" lon="128.764914" sectionIndex="0" pointIndex="2400" originalElevation="28.0" isOriginalElevationFromOSM="false"><ele>31.1</ele></trkpt>
<trkpt lat="35.564887" lon="128.764884" sectionIndex="0" pointIndex="2401" originalElevation="28.0" isOriginalElevationFromOSM="false"><ele>30.5</ele></trkpt>
<trkpt lat="35.564849" lon="128.764855" sectionIndex="0" pointIndex="2402" originalElevation="28.0" isOriginalElevationFromOSM="false"><ele>30.0</ele></trkpt>
<trkpt lat="35.564811" lon="128.764826" sectionIndex="0" pointIndex="2403" originalElevation="28.0" isOriginalElevationFromOSM="false"><ele>29.5</ele></trkpt>
<trkpt lat="35.564773" lon="128.764795" sectionIndex="0" pointIndex="2404" originalElevation="28.0" isOriginalElevationFromOSM="false"><ele>28.9</ele></trkpt>
<trkpt lat="35.564735" lon="128.764768" sectionIndex="0" pointIndex="2405" originalElevation="28.0" isOriginalElevationFromOSM="false"><ele>28.4</ele></trkpt>
<trkpt lat="35.564697" lon="128.764738" sectionIndex="0" pointIndex="2406" originalElevation="28.0" isOriginalElevationFromOSM="false"><ele>28.0</ele></trkpt>
<trkpt lat="35.564659" lon="128.764709" sectionIndex="0" pointIndex="2407" originalElevation="28.0" isOriginalElevationFromOSM="false"><ele>28.0</ele></trkpt>
<trkpt lat="35.564620" lon="128.764680" sectionIndex="0" pointIndex="2408" originalElevation="28.0" isOriginalElevationFromOSM="false"><ele>28.0</ele></trkpt>
<trkpt lat="35.564590" lon="128.764657" sectionIndex="0" pointIndex="2409" originalElevation="28.0" isOriginalElevationFromOSM="false"><ele>28.0</ele></trkpt>
<trkpt lat="35.564556" lon="128.764621" sectionIndex="0" pointIndex="2410" originalElevation="28.0" isOriginalElevationFromOSM="false"><ele>28.0</ele></trkpt>
<trkpt lat="35.564522" lon="128.764585" sectionIndex="0" pointIndex="2411" originalElevation="28.0" isOriginalElevationFromOSM="false"><ele>28.0</ele></trkpt>
<trkpt lat="35.564488" lon="128.764547" sectionIndex="0" pointIndex="2412" originalElevation="28.0" isOriginalElevationFromOSM="false"><ele>28.0</ele></trkpt>
<trkpt lat="35.564454" lon="128.764513" sectionIndex="0" pointIndex="2413" originalElevation="28.0" isOriginalElevationFromOSM="false"><ele>28.0</ele></trkpt>
<trkpt lat="35.564419" lon="128.764477" sectionIndex="0" pointIndex="2414" originalElevation="28.0" isOriginalElevationFromOSM="false"><ele>28.0</ele></trkpt>
<trkpt lat="35.564385" lon="128.764441" sectionIndex="0" pointIndex="2415" originalElevation="28.0" isOriginalElevationFromOSM="false"><ele>28.2</ele></trkpt>
<trkpt lat="35.564351" lon="128.764405" sectionIndex="0" pointIndex="2416" originalElevation="28.0" isOriginalElevationFromOSM="false"><ele>27.9</ele></trkpt>
<trkpt lat="35.564317" lon="128.764367" sectionIndex="0" pointIndex="2417" originalElevation="28.0" isOriginalElevationFromOSM="false"><ele>27.7</ele></trkpt>
<trkpt lat="35.564283" lon="128.764333" sectionIndex="0" pointIndex="2418" originalElevation="28.0" isOriginalElevationFromOSM="false"><ele>27.4</ele></trkpt>
<trkpt lat="35.564249" lon="128.764297" sectionIndex="0" pointIndex="2419" originalElevation="28.0" isOriginalElevationFromOSM="false"><ele>27.1</ele></trkpt>
<trkpt lat="35.564215" lon="128.764261" sectionIndex="0" pointIndex="2420" originalElevation="28.0" isOriginalElevationFromOSM="false"><ele>26.9</ele></trkpt>
<trkpt lat="35.564181" lon="128.764225" sectionIndex="0" pointIndex="2421" originalElevation="28.0" isOriginalElevationFromOSM="false"><ele>26.6</ele></trkpt>
<trkpt lat="35.564147" lon="128.764187" sectionIndex="0" pointIndex="2422" originalElevation="31.0" isOriginalElevationFromOSM="false"><ele>26.3</ele></trkpt>
<trkpt lat="35.564113" lon="128.764153" sectionIndex="0" pointIndex="2423" originalElevation="24.0" isOriginalElevationFromOSM="false"><ele>26.1</ele></trkpt>
<trkpt lat="35.564079" lon="128.764117" sectionIndex="0" pointIndex="2424" originalElevation="24.0" isOriginalElevationFromOSM="false"><ele>25.8</ele></trkpt>
<trkpt lat="35.564044" lon="128.764081" sectionIndex="0" pointIndex="2425" originalElevation="24.0" isOriginalElevationFromOSM="false"><ele>25.5</ele></trkpt>
<trkpt lat="35.564010" lon="128.764045" sectionIndex="0" pointIndex="2426" originalElevation="24.0" isOriginalElevationFromOSM="false"><ele>25.3</ele></trkpt>
<trkpt lat="35.563976" lon="128.764007" sectionIndex="0" pointIndex="2427" originalElevation="24.0" isOriginalElevationFromOSM="false"><ele>25.0</ele></trkpt>
<trkpt lat="35.563942" lon="128.763973" sectionIndex="0" pointIndex="2428" originalElevation="24.0" isOriginalElevationFromOSM="false"><ele>24.7</ele></trkpt>
<trkpt lat="35.563908" lon="128.763938" sectionIndex="0" pointIndex="2429" originalElevation="24.0" isOriginalElevationFromOSM="false"><ele>24.5</ele></trkpt>
<trkpt lat="35.563907" lon="128.763936" sectionIndex="0" pointIndex="2430" originalElevation="24.0" isOriginalElevationFromOSM="false"><ele>24.0</ele></trkpt>
<trkpt lat="35.563871" lon="128.763902" sectionIndex="0" pointIndex="2431" originalElevation="24.0" isOriginalElevationFromOSM="false"><ele>24.7</ele></trkpt>
<trkpt lat="35.563835" lon="128.763869" sectionIndex="0" pointIndex="2432" originalElevation="24.0" isOriginalElevationFromOSM="false"><ele>25.6</ele></trkpt>
<trkpt lat="35.563799" lon="128.763835" sectionIndex="0" pointIndex="2433" originalElevation="24.0" isOriginalElevationFromOSM="false"><ele>26.9</ele></trkpt>
<trkpt lat="35.563764" lon="128.763802" sectionIndex="0" pointIndex="2434" originalElevation="24.0" isOriginalElevationFromOSM="false"><ele>28.3</ele></trkpt>
<trkpt lat="35.563728" lon="128.763768" sectionIndex="0" pointIndex="2435" originalElevation="24.0" isOriginalElevationFromOSM="false"><ele>29.1</ele></trkpt>
<trkpt lat="35.563702" lon="128.763744" sectionIndex="0" pointIndex="2436" originalElevation="24.0" isOriginalElevationFromOSM="false"><ele>30.0</ele></trkpt>
<trkpt lat="35.563658" lon="128.763579" sectionIndex="0" pointIndex="2437" originalElevation="24.0" isOriginalElevationFromOSM="false"><ele>30.7</ele></trkpt>
<trkpt lat="35.562590" lon="128.762625" sectionIndex="0" pointIndex="2438" originalElevation="34.0" isOriginalElevationFromOSM="false"><ele>31.6</ele></trkpt>
<trkpt lat="35.561816" lon="128.762126" sectionIndex="0" pointIndex="2439" originalElevation="38.0" isOriginalElevationFromOSM="false"><ele>32.3</ele></trkpt>
<trkpt lat="35.561018" lon="128.761800" sectionIndex="0" pointIndex="2440" originalElevation="44.0" isOriginalElevationFromOSM="false"><ele>33.1</ele></trkpt>
<trkpt lat="35.561030" lon="128.761760" sectionIndex="0" pointIndex="2441" originalElevation="44.0" isOriginalElevationFromOSM="false"><ele>33.9</ele></trkpt>
<trkpt lat="35.560640" lon="128.761630" sectionIndex="0" pointIndex="2442" originalElevation="37.0" isOriginalElevationFromOSM="false"><ele>34.7</ele></trkpt>
<trkpt lat="35.560030" lon="128.761440" sectionIndex="0" pointIndex="2443" originalElevation="37.0" isOriginalElevationFromOSM="false"><ele>35.3</ele></trkpt>
<trkpt lat="35.559420" lon="128.761248" sectionIndex="0" pointIndex="2444" originalElevation="35.0" isOriginalElevationFromOSM="false"><ele>36.0</ele></trkpt>
<trkpt lat="35.558980" lon="128.761237" sectionIndex="0" pointIndex="2445" originalElevation="37.0" isOriginalElevationFromOSM="false"><ele>36.7</ele></trkpt>
<trkpt lat="35.558130" lon="128.761440" sectionIndex="0" pointIndex="2446" originalElevation="35.0" isOriginalElevationFromOSM="false"><ele>36.8</ele></trkpt>
<trkpt lat="35.557280" lon="128.761630" sectionIndex="0" pointIndex="2447" originalElevation="36.0" isOriginalElevationFromOSM="false"><ele>36.7</ele></trkpt>
<trkpt lat="35.556770" lon="128.761550" sectionIndex="0" pointIndex="2448" originalElevation="36.0" isOriginalElevationFromOSM="false"><ele>35.9</ele></trkpt>
<trkpt lat="35.556260" lon="128.761480" sectionIndex="0" pointIndex="2449" originalElevation="35.0" isOriginalElevationFromOSM="false"><ele>35.0</ele></trkpt>
<trkpt lat="35.555710" lon="128.761480" sectionIndex="0" pointIndex="2450" originalElevation="34.0" isOriginalElevationFromOSM="false"><ele>34.5</ele></trkpt>
<trkpt lat="35.555260" lon="128.761550" sectionIndex="0" pointIndex="2451" originalElevation="34.0" isOriginalElevationFromOSM="false"><ele>34.1</ele></trkpt>
<trkpt lat="35.554920" lon="128.761687" sectionIndex="0" pointIndex="2452" originalElevation="35.0" isOriginalElevationFromOSM="false"><ele>33.7</ele></trkpt>
<trkpt lat="35.554200" lon="128.762120" sectionIndex="0" pointIndex="2453" originalElevation="35.0" isOriginalElevationFromOSM="false"><ele>33.3</ele></trkpt>
<trkpt lat="35.553490" lon="128.762540" sectionIndex="0" pointIndex="2454" originalElevation="37.0" isOriginalElevationFromOSM="false"><ele>32.9</ele></trkpt>
<trkpt lat="35.552870" lon="128.762880" sectionIndex="0" pointIndex="2455" originalElevation="32.0" isOriginalElevationFromOSM="false"><ele>32.2</ele></trkpt>
<trkpt lat="35.552250" lon="128.763218" sectionIndex="0" pointIndex="2456" originalElevation="30.0" isOriginalElevationFromOSM="false"><ele>31.7</ele></trkpt>
<trkpt lat="35.551640" lon="128.763560" sectionIndex="0" pointIndex="2457" originalElevation="30.0" isOriginalElevationFromOSM="false"><ele>31.3</ele></trkpt>
<trkpt lat="35.551420" lon="128.763770" sectionIndex="0" pointIndex="2458" originalElevation="30.0" isOriginalElevationFromOSM="false"><ele>31.1</ele></trkpt>
<trkpt lat="35.551360" lon="128.763880" sectionIndex="0" pointIndex="2459" originalElevation="30.0" isOriginalElevationFromOSM="false"><ele>30.8</ele></trkpt>
<trkpt lat="35.551160" lon="128.763710" sectionIndex="0" pointIndex="2460" originalElevation="30.0" isOriginalElevationFromOSM="false"><ele>30.5</ele></trkpt>
<trkpt lat="35.550840" lon="128.763520" sectionIndex="0" pointIndex="2461" originalElevation="30.0" isOriginalElevationFromOSM="false"><ele>30.1</ele></trkpt>
<trkpt lat="35.550120" lon="128.763110" sectionIndex="0" pointIndex="2462" originalElevation="25.0" isOriginalElevationFromOSM="false"><ele>29.5</ele></trkpt>
<trkpt lat="35.549400" lon="128.762710" sectionIndex="0" pointIndex="2463" originalElevation="28.0" isOriginalElevationFromOSM="false"><ele>29.3</ele></trkpt>
<trkpt lat="35.548794" lon="128.762363" sectionIndex="0" pointIndex="2464" originalElevation="30.0" isOriginalElevationFromOSM="false"><ele>29.2</ele></trkpt>
<trkpt lat="35.548610" lon="128.762260" sectionIndex="0" pointIndex="2465" originalElevation="30.0" isOriginalElevationFromOSM="false"><ele>29.1</ele></trkpt>
<trkpt lat="35.548429" lon="128.762159" sectionIndex="0" pointIndex="2466" originalElevation="30.0" isOriginalElevationFromOSM="false"><ele>29.1</ele></trkpt>
<trkpt lat="35.548430" lon="128.762160" sectionIndex="0" pointIndex="2467" originalElevation="30.0" isOriginalElevationFromOSM="false"><ele>29.0</ele></trkpt>
<trkpt lat="35.547640" lon="128.761720" sectionIndex="0" pointIndex="2468" originalElevation="29.0" isOriginalElevationFromOSM="false"><ele>28.9</ele></trkpt>
<trkpt lat="35.546860" lon="128.761270" sectionIndex="0" pointIndex="2469" originalElevation="29.0" isOriginalElevationFromOSM="false"><ele>28.9</ele></trkpt>
<trkpt lat="35.546070" lon="128.760820" sectionIndex="0" pointIndex="2470" originalElevation="28.0" isOriginalElevationFromOSM="false"><ele>29.1</ele></trkpt>
<trkpt lat="35.545290" lon="128.760380" sectionIndex="0" pointIndex="2471" originalElevation="29.0" isOriginalElevationFromOSM="false"><ele>29.1</ele></trkpt>
<trkpt lat="35.545080" lon="128.760280" sectionIndex="0" pointIndex="2472" originalElevation="29.0" isOriginalElevationFromOSM="false"><ele>29.0</ele></trkpt>
<trkpt lat="35.544970" lon="128.760250" sectionIndex="0" pointIndex="2473" originalElevation="29.0" isOriginalElevationFromOSM="false"><ele>28.8</ele></trkpt>
<trkpt lat="35.544880" lon="128.760258" sectionIndex="0" pointIndex="2474" originalElevation="29.0" isOriginalElevationFromOSM="false"><ele>28.7</ele></trkpt>
<trkpt lat="35.544550" lon="128.760359" sectionIndex="0" pointIndex="2475" originalElevation="29.0" isOriginalElevationFromOSM="false"><ele>28.6</ele></trkpt>
<trkpt lat="35.544550" lon="128.760359" sectionIndex="0" pointIndex="2476" originalElevation="29.0" isOriginalElevationFromOSM="false"><ele>28.6</ele></trkpt>
<trkpt lat="35.543830" lon="128.760660" sectionIndex="0" pointIndex="2477" originalElevation="29.0" isOriginalElevationFromOSM="false"><ele>28.4</ele></trkpt>
<trkpt lat="35.543120" lon="128.760960" sectionIndex="0" pointIndex="2478" originalElevation="28.0" isOriginalElevationFromOSM="false"><ele>28.3</ele></trkpt>
<trkpt lat="35.542520" lon="128.761230" sectionIndex="0" pointIndex="2479" originalElevation="28.0" isOriginalElevationFromOSM="false"><ele>28.1</ele></trkpt>
<trkpt lat="35.541920" lon="128.761490" sectionIndex="0" pointIndex="2480" originalElevation="27.0" isOriginalElevationFromOSM="false"><ele>27.9</ele></trkpt>
<trkpt lat="35.541350" lon="128.761760" sectionIndex="0" pointIndex="2481" originalElevation="28.0" isOriginalElevationFromOSM="false"><ele>27.7</ele></trkpt>
<trkpt lat="35.540770" lon="128.762030" sectionIndex="0" pointIndex="2482" originalElevation="29.0" isOriginalElevationFromOSM="false"><ele>27.5</ele></trkpt>
<trkpt lat="35.540070" lon="128.762310" sectionIndex="0" pointIndex="2483" originalElevation="29.0" isOriginalElevationFromOSM="false"><ele>27.2</ele></trkpt>
<trkpt lat="35.539370" lon="128.762580" sectionIndex="0" pointIndex="2484" originalElevation="26.0" isOriginalElevationFromOSM="false"><ele>27.0</ele></trkpt>
<trkpt lat="35.538660" lon="128.762858" sectionIndex="0" pointIndex="2485" originalElevation="27.0" isOriginalElevationFromOSM="false"><ele>26.9</ele></trkpt>
<trkpt lat="35.537880" lon="128.763230" sectionIndex="0" pointIndex="2486" originalElevation="26.0" isOriginalElevationFromOSM="false"><ele>26.7</ele></trkpt>
<trkpt lat="35.537330" lon="128.763510" sectionIndex="0" pointIndex="2487" originalElevation="26.0" isOriginalElevationFromOSM="false"><ele>26.5</ele></trkpt>
<trkpt lat="35.536780" lon="128.763800" sectionIndex="0" pointIndex="2488" originalElevation="26.0" isOriginalElevationFromOSM="false"><ele>26.6</ele></trkpt>
<trkpt lat="35.536777" lon="128.763796" sectionIndex="0" pointIndex="2489" originalElevation="26.0" isOriginalElevationFromOSM="false"><ele>26.4</ele></trkpt>
<trkpt lat="35.536170" lon="128.764050" sectionIndex="0" pointIndex="2490" originalElevation="24.0" isOriginalElevationFromOSM="false"><ele>26.0</ele></trkpt>
<trkpt lat="35.535420" lon="128.764370" sectionIndex="0" pointIndex="2491" originalElevation="26.0" isOriginalElevationFromOSM="false"><ele>26.7</ele></trkpt>
<trkpt lat="35.534680" lon="128.764680" sectionIndex="0" pointIndex="2492" originalElevation="27.0" isOriginalElevationFromOSM="false"><ele>27.3</ele></trkpt>
<trkpt lat="35.533930" lon="128.764997" sectionIndex="0" pointIndex="2493" originalElevation="26.0" isOriginalElevationFromOSM="false"><ele>27.9</ele></trkpt>
<trkpt lat="35.533190" lon="128.765320" sectionIndex="0" pointIndex="2494" originalElevation="24.0" isOriginalElevationFromOSM="false"><ele>28.6</ele></trkpt>
<trkpt lat="35.532440" lon="128.765627" sectionIndex="0" pointIndex="2495" originalElevation="29.0" isOriginalElevationFromOSM="false"><ele>28.7</ele></trkpt>
<trkpt lat="35.531740" lon="128.765930" sectionIndex="0" pointIndex="2496" originalElevation="25.0" isOriginalElevationFromOSM="false"><ele>28.7</ele></trkpt>
<trkpt lat="35.531030" lon="128.766240" sectionIndex="0" pointIndex="2497" originalElevation="23.0" isOriginalElevationFromOSM="false"><ele>28.7</ele></trkpt>
<trkpt lat="35.530330" lon="128.766539" sectionIndex="0" pointIndex="2498" originalElevation="39.0" isOriginalElevationFromOSM="false"><ele>28.9</ele></trkpt>
<trkpt lat="35.529620" lon="128.766850" sectionIndex="0" pointIndex="2499" originalElevation="36.0" isOriginalElevationFromOSM="false"><ele>28.9</ele></trkpt>
<trkpt lat="35.529390" lon="128.766930" sectionIndex="0" pointIndex="2500" originalElevation="36.0" isOriginalElevationFromOSM="false"><ele>28.8</ele></trkpt>
<trkpt lat="35.528860" lon="128.767050" sectionIndex="0" pointIndex="2501" originalElevation="36.0" isOriginalElevationFromOSM="false"><ele>28.7</ele></trkpt>
<trkpt lat="35.528120" lon="128.767170" sectionIndex="0" pointIndex="2502" originalElevation="28.0" isOriginalElevationFromOSM="false"><ele>28.7</ele></trkpt>
<trkpt lat="35.527490" lon="128.767180" sectionIndex="0" pointIndex="2503" originalElevation="26.0" isOriginalElevationFromOSM="false"><ele>28.3</ele></trkpt>
<trkpt lat="35.526860" lon="128.767180" sectionIndex="0" pointIndex="2504" originalElevation="26.0" isOriginalElevationFromOSM="false"><ele>28.2</ele></trkpt>
<trkpt lat="35.526600" lon="128.767220" sectionIndex="0" pointIndex="2505" originalElevation="26.0" isOriginalElevationFromOSM="false"><ele>28.2</ele></trkpt>
<trkpt lat="35.526260" lon="128.767320" sectionIndex="0" pointIndex="2506" originalElevation="26.0" isOriginalElevationFromOSM="false"><ele>27.1</ele></trkpt>
<trkpt lat="35.525900" lon="128.767410" sectionIndex="0" pointIndex="2507" originalElevation="26.0" isOriginalElevationFromOSM="false"><ele>26.3</ele></trkpt>
<trkpt lat="35.525800" lon="128.767410" sectionIndex="0" pointIndex="2508" originalElevation="24.0" isOriginalElevationFromOSM="false"><ele>25.5</ele></trkpt>
<trkpt lat="35.525560" lon="128.767360" sectionIndex="0" pointIndex="2509" originalElevation="24.0" isOriginalElevationFromOSM="false"><ele>24.7</ele></trkpt>
<trkpt lat="35.525070" lon="128.767190" sectionIndex="0" pointIndex="2510" originalElevation="24.0" isOriginalElevationFromOSM="false"><ele>24.4</ele></trkpt>
<trkpt lat="35.524580" lon="128.767020" sectionIndex="0" pointIndex="2511" originalElevation="23.0" isOriginalElevationFromOSM="false"><ele>24.3</ele></trkpt>
<trkpt lat="35.524310" lon="128.766960" sectionIndex="0" pointIndex="2512" originalElevation="23.0" isOriginalElevationFromOSM="false"><ele>24.2</ele></trkpt>
<trkpt lat="35.523640" lon="128.766870" sectionIndex="0" pointIndex="2513" originalElevation="22.0" isOriginalElevationFromOSM="false"><ele>24.0</ele></trkpt>
<trkpt lat="35.523110" lon="128.766870" sectionIndex="0" pointIndex="2514" originalElevation="24.0" isOriginalElevationFromOSM="false"><ele>23.8</ele></trkpt>
<trkpt lat="35.522590" lon="128.766877" sectionIndex="0" pointIndex="2515" originalElevation="24.0" isOriginalElevationFromOSM="false"><ele>23.6</ele></trkpt>
<trkpt lat="35.522450" lon="128.766910" sectionIndex="0" pointIndex="2516" originalElevation="24.0" isOriginalElevationFromOSM="false"><ele>23.5</ele></trkpt>
<trkpt lat="35.522170" lon="128.766920" sectionIndex="0" pointIndex="2517" originalElevation="24.0" isOriginalElevationFromOSM="false"><ele>23.3</ele></trkpt>
<trkpt lat="35.521700" lon="128.767010" sectionIndex="0" pointIndex="2518" originalElevation="24.0" isOriginalElevationFromOSM="false"><ele>23.3</ele></trkpt>
<trkpt lat="35.521220" lon="128.767100" sectionIndex="0" pointIndex="2519" originalElevation="25.0" isOriginalElevationFromOSM="false"><ele>23.3</ele></trkpt>
<trkpt lat="35.520410" lon="128.767280" sectionIndex="0" pointIndex="2520" originalElevation="23.0" isOriginalElevationFromOSM="false"><ele>23.3</ele></trkpt>
<trkpt lat="35.520210" lon="128.767327" sectionIndex="0" pointIndex="2521" originalElevation="23.0" isOriginalElevationFromOSM="false"><ele>23.3</ele></trkpt>
<trkpt lat="35.520030" lon="128.767417" sectionIndex="0" pointIndex="2522" originalElevation="23.0" isOriginalElevationFromOSM="false"><ele>23.2</ele></trkpt>
<trkpt lat="35.519860" lon="128.767597" sectionIndex="0" pointIndex="2523" originalElevation="22.0" isOriginalElevationFromOSM="false"><ele>23.1</ele></trkpt>
<trkpt lat="35.519520" lon="128.768080" sectionIndex="0" pointIndex="2524" originalElevation="22.0" isOriginalElevationFromOSM="false"><ele>22.9</ele></trkpt>
<trkpt lat="35.519180" lon="128.768550" sectionIndex="0" pointIndex="2525" originalElevation="23.0" isOriginalElevationFromOSM="false"><ele>22.8</ele></trkpt>
<trkpt lat="35.519060" lon="128.768700" sectionIndex="0" pointIndex="2526" originalElevation="23.0" isOriginalElevationFromOSM="false"><ele>22.7</ele></trkpt>
<trkpt lat="35.518570" lon="128.769070" sectionIndex="0" pointIndex="2527" originalElevation="23.0" isOriginalElevationFromOSM="false"><ele>22.5</ele></trkpt>
<trkpt lat="35.518410" lon="128.769128" sectionIndex="0" pointIndex="2528" originalElevation="23.0" isOriginalElevationFromOSM="false"><ele>22.4</ele></trkpt>
<trkpt lat="35.517700" lon="128.769290" sectionIndex="0" pointIndex="2529" originalElevation="22.0" isOriginalElevationFromOSM="false"><ele>22.4</ele></trkpt>
<trkpt lat="35.516990" lon="128.769440" sectionIndex="0" pointIndex="2530" originalElevation="22.0" isOriginalElevationFromOSM="false"><ele>22.3</ele></trkpt>
<trkpt lat="35.516290" lon="128.769590" sectionIndex="0" pointIndex="2531" originalElevation="22.0" isOriginalElevationFromOSM="false"><ele>22.3</ele></trkpt>
<trkpt lat="35.516140" lon="128.769610" sectionIndex="0" pointIndex="2532" originalElevation="22.2" isOriginalElevationFromOSM="true"><ele>22.5</ele></trkpt>
<trkpt lat="35.515570" lon="128.769740" sectionIndex="0" pointIndex="2533" originalElevation="22.4" isOriginalElevationFromOSM="true"><ele>22.6</ele></trkpt>
<trkpt lat="35.515230" lon="128.769780" sectionIndex="0" pointIndex="2534" originalElevation="22.0" isOriginalElevationFromOSM="true"><ele>22.7</ele></trkpt>
<trkpt lat="35.514970" lon="128.769849" sectionIndex="0" pointIndex="2535" originalElevation="21.8" isOriginalElevationFromOSM="true"><ele>23.0</ele></trkpt>
<trkpt lat="35.514690" lon="128.769890" sectionIndex="0" pointIndex="2536" originalElevation="22.0" isOriginalElevationFromOSM="true"><ele>23.5</ele></trkpt>
<trkpt lat="35.513100" lon="128.770260" sectionIndex="0" pointIndex="2537" originalElevation="21.6" isOriginalElevationFromOSM="true"><ele>24.2</ele></trkpt>
<trkpt lat="35.512250" lon="128.770430" sectionIndex="0" pointIndex="2538" originalElevation="22.9" isOriginalElevationFromOSM="true"><ele>25.0</ele></trkpt>
<trkpt lat="35.509570" lon="128.771020" sectionIndex="0" pointIndex="2539" originalElevation="25.0" isOriginalElevationFromOSM="true"><ele>25.7</ele></trkpt>
<trkpt lat="35.509460" lon="128.771447" sectionIndex="0" pointIndex="2540" originalElevation="24.6" isOriginalElevationFromOSM="true"><ele>26.3</ele></trkpt>
<trkpt lat="35.509300" lon="128.772220" sectionIndex="0" pointIndex="2541" originalElevation="24.4" isOriginalElevationFromOSM="true"><ele>26.9</ele></trkpt>
<trkpt lat="35.509070" lon="128.773789" sectionIndex="0" pointIndex="2542" originalElevation="27.6" isOriginalElevationFromOSM="true"><ele>27.4</ele></trkpt>
<trkpt lat="35.508990" lon="128.774180" sectionIndex="0" pointIndex="2543" originalElevation="30.7" isOriginalElevationFromOSM="true"><ele>27.9</ele></trkpt>
<trkpt lat="35.508840" lon="128.774730" sectionIndex="0" pointIndex="2544" originalElevation="31.6" isOriginalElevationFromOSM="true"><ele>28.3</ele></trkpt>
<trkpt lat="35.508630" lon="128.775100" sectionIndex="0" pointIndex="2545" originalElevation="34.8" isOriginalElevationFromOSM="true"><ele>28.7</ele></trkpt>
<trkpt lat="35.508430" lon="128.775540" sectionIndex="0" pointIndex="2546" originalElevation="32.5" isOriginalElevationFromOSM="true"><ele>28.8</ele></trkpt>
<trkpt lat="35.508270" lon="128.775790" sectionIndex="0" pointIndex="2547" originalElevation="30.3" isOriginalElevationFromOSM="true"><ele>29.1</ele></trkpt>
<trkpt lat="35.507960" lon="128.776209" sectionIndex="0" pointIndex="2548" originalElevation="31.2" isOriginalElevationFromOSM="true"><ele>30.0</ele></trkpt>
<trkpt lat="35.507580" lon="128.776547" sectionIndex="0" pointIndex="2549" originalElevation="29.9" isOriginalElevationFromOSM="true"><ele>31.0</ele></trkpt>
<trkpt lat="35.507330" lon="128.776738" sectionIndex="0" pointIndex="2550" originalElevation="28.8" isOriginalElevationFromOSM="true"><ele>31.7</ele></trkpt>
<trkpt lat="35.507030" lon="128.776930" sectionIndex="0" pointIndex="2551" originalElevation="29.3" isOriginalElevationFromOSM="true"><ele>32.4</ele></trkpt>
<trkpt lat="35.506180" lon="128.777350" sectionIndex="0" pointIndex="2552" originalElevation="27.2" isOriginalElevationFromOSM="true"><ele>32.9</ele></trkpt>
<trkpt lat="35.501760" lon="128.779519" sectionIndex="0" pointIndex="2553" originalElevation="24.8" isOriginalElevationFromOSM="true"><ele>33.2</ele></trkpt>
<trkpt lat="35.501380" lon="128.779640" sectionIndex="0" pointIndex="2554" originalElevation="29.1" isOriginalElevationFromOSM="true"><ele>33.4</ele></trkpt>
<trkpt lat="35.500850" lon="128.779770" sectionIndex="0" pointIndex="2555" originalElevation="37.2" isOriginalElevationFromOSM="true"><ele>33.7</ele></trkpt>
<trkpt lat="35.500670" lon="128.779770" sectionIndex="0" pointIndex="2556" originalElevation="40.1" isOriginalElevationFromOSM="true"><ele>33.7</ele></trkpt>
<trkpt lat="35.497890" lon="128.779418" sectionIndex="0" pointIndex="2557" originalElevation="38.6" isOriginalElevationFromOSM="true"><ele>33.6</ele></trkpt>
<trkpt lat="35.497500" lon="128.779350" sectionIndex="0" pointIndex="2558" originalElevation="40.0" isOriginalElevationFromOSM="true"><ele>32.9</ele></trkpt>
<trkpt lat="35.496700" lon="128.779320" sectionIndex="0" pointIndex="2559" originalElevation="40.4" isOriginalElevationFromOSM="true"><ele>32.0</ele></trkpt>
<trkpt lat="35.496170" lon="128.779390" sectionIndex="0" pointIndex="2560" originalElevation="38.7" isOriginalElevationFromOSM="true"><ele>31.2</ele></trkpt>
<trkpt lat="35.495470" lon="128.779380" sectionIndex="0" pointIndex="2561" originalElevation="35.6" isOriginalElevationFromOSM="true"><ele>30.5</ele></trkpt>
<trkpt lat="35.495270" lon="128.779350" sectionIndex="0" pointIndex="2562" originalElevation="34.4" isOriginalElevationFromOSM="true"><ele>29.5</ele></trkpt>
<trkpt lat="35.494570" lon="128.779100" sectionIndex="0" pointIndex="2563" originalElevation="30.9" isOriginalElevationFromOSM="true"><ele>27.9</ele></trkpt>
<trkpt lat="35.494320" lon="128.778960" sectionIndex="0" pointIndex="2564" originalElevation="29.1" isOriginalElevationFromOSM="true"><ele>26.2</ele></trkpt>
<trkpt lat="35.493180" lon="128.778230" sectionIndex="0" pointIndex="2565" originalElevation="17.4" isOriginalElevationFromOSM="true"><ele>24.6</ele></trkpt>
<trkpt lat="35.492090" lon="128.781478" sectionIndex="0" pointIndex="2566" originalElevation="16.2" isOriginalElevationFromOSM="true"><ele>22.9</ele></trkpt>
<trkpt lat="35.491550" lon="128.781219" sectionIndex="0" pointIndex="2567" originalElevation="15.4" isOriginalElevationFromOSM="true"><ele>21.1</ele></trkpt>
<trkpt lat="35.491200" lon="128.780920" sectionIndex="0" pointIndex="2568" originalElevation="14.6" isOriginalElevationFromOSM="true"><ele>19.4</ele></trkpt>
<trkpt lat="35.491010" lon="128.780780" sectionIndex="0" pointIndex="2569" originalElevation="14.0" isOriginalElevationFromOSM="true"><ele>18.0</ele></trkpt>
<trkpt lat="35.490820" lon="128.780650" sectionIndex="0" pointIndex="2570" originalElevation="13.3" isOriginalElevationFromOSM="true"><ele>16.6</ele></trkpt>
<trkpt lat="35.489580" lon="128.779910" sectionIndex="0" pointIndex="2571" originalElevation="14.4" isOriginalElevationFromOSM="true"><ele>15.5</ele></trkpt>
<trkpt lat="35.488930" lon="128.778760" sectionIndex="0" pointIndex="2572" originalElevation="13.9" isOriginalElevationFromOSM="true"><ele>14.4</ele></trkpt>
<trkpt lat="35.488380" lon="128.777729" sectionIndex="0" pointIndex="2573" originalElevation="15.1" isOriginalElevationFromOSM="true"><ele>14.1</ele></trkpt>
<trkpt lat="35.488080" lon="128.777210" sectionIndex="0" pointIndex="2574" originalElevation="13.9" isOriginalElevationFromOSM="true"><ele>13.9</ele></trkpt>
<trkpt lat="35.487650" lon="128.776738" sectionIndex="0" pointIndex="2575" originalElevation="13.6" isOriginalElevationFromOSM="true"><ele>13.7</ele></trkpt>
<trkpt lat="35.487220" lon="128.776119" sectionIndex="0" pointIndex="2576" originalElevation="13.7" isOriginalElevationFromOSM="true"><ele>13.6</ele></trkpt>
<trkpt lat="35.487120" lon="128.775910" sectionIndex="0" pointIndex="2577" originalElevation="13.8" isOriginalElevationFromOSM="true"><ele>13.5</ele></trkpt>
<trkpt lat="35.486400" lon="128.774290" sectionIndex="0" pointIndex="2578" originalElevation="14.0" isOriginalElevationFromOSM="true"><ele>13.4</ele></trkpt>
<trkpt lat="35.486200" lon="128.773670" sectionIndex="0" pointIndex="2579" originalElevation="13.1" isOriginalElevationFromOSM="true"><ele>13.3</ele></trkpt>
<trkpt lat="35.486130" lon="128.773020" sectionIndex="0" pointIndex="2580" originalElevation="12.9" isOriginalElevationFromOSM="true"><ele>13.1</ele></trkpt>
<trkpt lat="35.486200" lon="128.772438" sectionIndex="0" pointIndex="2581" originalElevation="13.2" isOriginalElevationFromOSM="true"><ele>12.9</ele></trkpt>
<trkpt lat="35.486870" lon="128.768900" sectionIndex="0" pointIndex="2582" originalElevation="12.5" isOriginalElevationFromOSM="true"><ele>12.8</ele></trkpt>
<trkpt lat="35.486870" lon="128.768260" sectionIndex="0" pointIndex="2583" originalElevation="12.9" isOriginalElevationFromOSM="true"><ele>12.8</ele></trkpt>
<trkpt lat="35.486720" lon="128.767778" sectionIndex="0" pointIndex="2584" originalElevation="12.5" isOriginalElevationFromOSM="true"><ele>12.7</ele></trkpt>
<trkpt lat="35.486200" lon="128.767158" sectionIndex="0" pointIndex="2585" originalElevation="12.1" isOriginalElevationFromOSM="true"><ele>13.3</ele></trkpt>
<trkpt lat="35.486060" lon="128.767068" sectionIndex="0" pointIndex="2586" originalElevation="12.0" isOriginalElevationFromOSM="true"><ele>13.8</ele></trkpt>
<trkpt lat="35.485810" lon="128.766900" sectionIndex="0" pointIndex="2587" originalElevation="11.9" isOriginalElevationFromOSM="true"><ele>14.2</ele></trkpt>
<trkpt lat="35.485550" lon="128.766830" sectionIndex="0" pointIndex="2588" originalElevation="12.2" isOriginalElevationFromOSM="true"><ele>14.3</ele></trkpt>
<trkpt lat="35.485460" lon="128.766820" sectionIndex="0" pointIndex="2589" originalElevation="12.4" isOriginalElevationFromOSM="true"><ele>14.2</ele></trkpt>
<trkpt lat="35.484650" lon="128.766930" sectionIndex="0" pointIndex="2590" originalElevation="12.8" isOriginalElevationFromOSM="true"><ele>14.1</ele></trkpt>
<trkpt lat="35.484120" lon="128.767040" sectionIndex="0" pointIndex="2591" originalElevation="11.9" isOriginalElevationFromOSM="true"><ele>14.0</ele></trkpt>
<trkpt lat="35.483650" lon="128.765267" sectionIndex="0" pointIndex="2592" originalElevation="22.5" isOriginalElevationFromOSM="true"><ele>13.9</ele></trkpt>
<trkpt lat="35.483630" lon="128.764828" sectionIndex="0" pointIndex="2593" originalElevation="22.9" isOriginalElevationFromOSM="true"><ele>13.9</ele></trkpt>
<trkpt lat="35.483670" lon="128.764400" sectionIndex="0" pointIndex="2594" originalElevation="17.9" isOriginalElevationFromOSM="true"><ele>14.0</ele></trkpt>
<trkpt lat="35.483680" lon="128.763990" sectionIndex="0" pointIndex="2595" originalElevation="14.1" isOriginalElevationFromOSM="true"><ele>14.1</ele></trkpt>
<trkpt lat="35.483620" lon="128.763730" sectionIndex="0" pointIndex="2596" originalElevation="12.7" isOriginalElevationFromOSM="true"><ele>14.1</ele></trkpt>
<trkpt lat="35.483530" lon="128.763477" sectionIndex="0" pointIndex="2597" originalElevation="11.4" isOriginalElevationFromOSM="true"><ele>14.2</ele></trkpt>
<trkpt lat="35.483400" lon="128.763260" sectionIndex="0" pointIndex="2598" originalElevation="10.6" isOriginalElevationFromOSM="true"><ele>14.1</ele></trkpt>
<trkpt lat="35.483140" lon="128.762970" sectionIndex="0" pointIndex="2599" originalElevation="11.3" isOriginalElevationFromOSM="true"><ele>14.1</ele></trkpt>
<trkpt lat="35.482930" lon="128.762800" sectionIndex="0" pointIndex="2600" originalElevation="12.3" isOriginalElevationFromOSM="true"><ele>13.4</ele></trkpt>
<trkpt lat="35.482200" lon="128.762210" sectionIndex="0" pointIndex="2601" originalElevation="13.4" isOriginalElevationFromOSM="true"><ele>12.7</ele></trkpt>
<trkpt lat="35.481960" lon="128.762048" sectionIndex="0" pointIndex="2602" originalElevation="12.9" isOriginalElevationFromOSM="true"><ele>12.4</ele></trkpt>
<trkpt lat="35.481750" lon="128.761730" sectionIndex="0" pointIndex="2603" originalElevation="12.8" isOriginalElevationFromOSM="true"><ele>12.4</ele></trkpt>
<trkpt lat="35.481640" lon="128.761630" sectionIndex="0" pointIndex="2604" originalElevation="12.8" isOriginalElevationFromOSM="true"><ele>12.5</ele></trkpt>
<trkpt lat="35.481380" lon="128.761470" sectionIndex="0" pointIndex="2605" originalElevation="12.0" isOriginalElevationFromOSM="true"><ele>12.6</ele></trkpt>
<trkpt lat="35.481090" lon="128.761300" sectionIndex="0" pointIndex="2606" originalElevation="11.7" isOriginalElevationFromOSM="true"><ele>12.6</ele></trkpt>
<trkpt lat="35.480870" lon="128.761270" sectionIndex="0" pointIndex="2607" originalElevation="12.0" isOriginalElevationFromOSM="true"><ele>12.6</ele></trkpt>
<trkpt lat="35.480750" lon="128.761290" sectionIndex="0" pointIndex="2608" originalElevation="12.1" isOriginalElevationFromOSM="true"><ele>12.5</ele></trkpt>
<trkpt lat="35.480130" lon="128.761650" sectionIndex="0" pointIndex="2609" originalElevation="13.9" isOriginalElevationFromOSM="true"><ele>12.3</ele></trkpt>
<trkpt lat="35.480150" lon="128.761650" sectionIndex="0" pointIndex="2610" originalElevation="13.9" isOriginalElevationFromOSM="true"><ele>12.0</ele></trkpt>
<trkpt lat="35.480130" lon="128.761650" sectionIndex="0" pointIndex="2611" originalElevation="13.9" isOriginalElevationFromOSM="true"><ele>11.8</ele></trkpt>
<trkpt lat="35.479220" lon="128.761490" sectionIndex="0" pointIndex="2612" originalElevation="13.3" isOriginalElevationFromOSM="true"><ele>11.6</ele></trkpt>
<trkpt lat="35.478420" lon="128.761429" sectionIndex="0" pointIndex="2613" originalElevation="11.3" isOriginalElevationFromOSM="true"><ele>11.5</ele></trkpt>
<trkpt lat="35.477950" lon="128.761429" sectionIndex="0" pointIndex="2614" originalElevation="11.0" isOriginalElevationFromOSM="true"><ele>11.3</ele></trkpt>
<trkpt lat="35.477570" lon="128.761440" sectionIndex="0" pointIndex="2615" originalElevation="10.7" isOriginalElevationFromOSM="true"><ele>11.2</ele></trkpt>
<trkpt lat="35.476880" lon="128.761480" sectionIndex="0" pointIndex="2616" originalElevation="9.8" isOriginalElevationFromOSM="true"><ele>11.2</ele></trkpt>
<trkpt lat="35.476500" lon="128.761530" sectionIndex="0" pointIndex="2617" originalElevation="9.4" isOriginalElevationFromOSM="true"><ele>11.0</ele></trkpt>
<trkpt lat="35.476080" lon="128.761620" sectionIndex="0" pointIndex="2618" originalElevation="9.2" isOriginalElevationFromOSM="true"><ele>10.9</ele></trkpt>
<trkpt lat="35.475330" lon="128.761820" sectionIndex="0" pointIndex="2619" originalElevation="9.9" isOriginalElevationFromOSM="true"><ele>10.7</ele></trkpt>
<trkpt lat="35.475080" lon="128.761920" sectionIndex="0" pointIndex="2620" originalElevation="10.2" isOriginalElevationFromOSM="true"><ele>10.6</ele></trkpt>
<trkpt lat="35.474740" lon="128.762110" sectionIndex="0" pointIndex="2621" originalElevation="9.8" isOriginalElevationFromOSM="true"><ele>10.3</ele></trkpt>
<trkpt lat="35.474520" lon="128.762260" sectionIndex="0" pointIndex="2622" originalElevation="9.9" isOriginalElevationFromOSM="true"><ele>10.2</ele></trkpt>
<trkpt lat="35.474130" lon="128.762588" sectionIndex="0" pointIndex="2623" originalElevation="11.2" isOriginalElevationFromOSM="true"><ele>10.3</ele></trkpt>
<trkpt lat="35.473710" lon="128.763070" sectionIndex="0" pointIndex="2624" originalElevation="11.9" isOriginalElevationFromOSM="true"><ele>10.4</ele></trkpt>
<trkpt lat="35.473610" lon="128.763190" sectionIndex="0" pointIndex="2625" originalElevation="11.9" isOriginalElevationFromOSM="true"><ele>10.1</ele></trkpt>
<trkpt lat="35.473563" lon="128.763279" sectionIndex="0" pointIndex="2626" originalElevation="11.0" isOriginalElevationFromOSM="false"><ele>9.6</ele></trkpt>
<trkpt lat="35.473420" lon="128.763530" sectionIndex="0" pointIndex="2627" originalElevation="12.0" isOriginalElevationFromOSM="false"><ele>9.4</ele></trkpt>
<trkpt lat="35.473140" lon="128.764150" sectionIndex="0" pointIndex="2628" originalElevation="6.0" isOriginalElevationFromOSM="false"><ele>9.3</ele></trkpt>
<trkpt lat="35.472930" lon="128.764790" sectionIndex="0" pointIndex="2629" originalElevation="10.0" isOriginalElevationFromOSM="false"><ele>9.3</ele></trkpt>
<trkpt lat="35.472720" lon="128.765430" sectionIndex="0" pointIndex="2630" originalElevation="12.0" isOriginalElevationFromOSM="false"><ele>9.2</ele></trkpt>
<trkpt lat="35.472590" lon="128.765300" sectionIndex="0" pointIndex="2631" originalElevation="12.0" isOriginalElevationFromOSM="false"><ele>9.1</ele></trkpt>
<trkpt lat="35.471880" lon="128.764648" sectionIndex="0" pointIndex="2632" originalElevation="5.0" isOriginalElevationFromOSM="false"><ele>8.9</ele></trkpt>
<trkpt lat="35.471170" lon="128.764010" sectionIndex="0" pointIndex="2633" originalElevation="1.0" isOriginalElevationFromOSM="false"><ele>8.7</ele></trkpt>
<trkpt lat="35.470450" lon="128.763360" sectionIndex="0" pointIndex="2634" originalElevation="7.0" isOriginalElevationFromOSM="false"><ele>8.5</ele></trkpt>
<trkpt lat="35.469978" lon="128.762934" sectionIndex="0" pointIndex="2635" originalElevation="9.0" isOriginalElevationFromOSM="false"><ele>8.3</ele></trkpt>
<trkpt lat="35.469944" lon="128.762896" sectionIndex="0" pointIndex="2636" originalElevation="9.0" isOriginalElevationFromOSM="false"><ele>8.5</ele></trkpt>
<trkpt lat="35.469911" lon="128.762859" sectionIndex="0" pointIndex="2637" originalElevation="9.0" isOriginalElevationFromOSM="false"><ele>8.5</ele></trkpt>
<trkpt lat="35.469878" lon="128.762821" sectionIndex="0" pointIndex="2638" originalElevation="9.0" isOriginalElevationFromOSM="false"><ele>8.3</ele></trkpt>
<trkpt lat="35.469845" lon="128.762784" sectionIndex="0" pointIndex="2639" originalElevation="9.0" isOriginalElevationFromOSM="false"><ele>8.1</ele></trkpt>
<trkpt lat="35.469812" lon="128.762747" sectionIndex="0" pointIndex="2640" originalElevation="9.0" isOriginalElevationFromOSM="false"><ele>8.3</ele></trkpt>
<trkpt lat="35.469779" lon="128.762709" sectionIndex="0" pointIndex="2641" originalElevation="9.0" isOriginalElevationFromOSM="false"><ele>8.8</ele></trkpt>
<trkpt lat="35.469764" lon="128.762692" sectionIndex="0" pointIndex="2642" originalElevation="9.0" isOriginalElevationFromOSM="false"><ele>8.9</ele></trkpt>
<trkpt lat="35.469790" lon="128.762647" sectionIndex="0" pointIndex="2643" originalElevation="9.0" isOriginalElevationFromOSM="false"><ele>8.9</ele></trkpt>
<trkpt lat="35.469816" lon="128.762602" sectionIndex="0" pointIndex="2644" originalElevation="9.0" isOriginalElevationFromOSM="false"><ele>8.9</ele></trkpt>
<trkpt lat="35.469842" lon="128.762557" sectionIndex="0" pointIndex="2645" originalElevation="9.0" isOriginalElevationFromOSM="false"><ele>8.9</ele></trkpt>
<trkpt lat="35.469868" lon="128.762512" sectionIndex="0" pointIndex="2646" originalElevation="9.0" isOriginalElevationFromOSM="false"><ele>8.9</ele></trkpt>
<trkpt lat="35.469884" lon="128.762483" sectionIndex="0" pointIndex="2647" originalElevation="8.0" isOriginalElevationFromOSM="false"><ele>8.9</ele></trkpt>
<trkpt lat="35.469880" lon="128.762538" sectionIndex="0" pointIndex="2648" originalElevation="9.0" isOriginalElevationFromOSM="false"><ele>8.9</ele></trkpt>
<trkpt lat="35.469876" lon="128.762593" sectionIndex="0" pointIndex="2649" originalElevation="9.0" isOriginalElevationFromOSM="false"><ele>8.9</ele></trkpt>
<trkpt lat="35.469873" lon="128.762637" sectionIndex="0" pointIndex="2650" originalElevation="9.0" isOriginalElevationFromOSM="false"><ele>8.9</ele></trkpt>
<trkpt lat="35.469868" lon="128.762691" sectionIndex="0" pointIndex="2651" originalElevation="9.0" isOriginalElevationFromOSM="false"><ele>8.9</ele></trkpt>
<trkpt lat="35.469868" lon="128.762697" sectionIndex="0" pointIndex="2652" originalElevation="9.0" isOriginalElevationFromOSM="false"><ele>8.9</ele></trkpt>
<trkpt lat="35.469841" lon="128.762742" sectionIndex="0" pointIndex="2653" originalElevation="9.0" isOriginalElevationFromOSM="false"><ele>8.9</ele></trkpt>
<trkpt lat="35.469815" lon="128.762786" sectionIndex="0" pointIndex="2654" originalElevation="9.0" isOriginalElevationFromOSM="false"><ele>8.9</ele></trkpt>
<trkpt lat="35.469788" lon="128.762831" sectionIndex="0" pointIndex="2655" originalElevation="9.0" isOriginalElevationFromOSM="false"><ele>9.0</ele></trkpt>
<trkpt lat="35.469762" lon="128.762876" sectionIndex="0" pointIndex="2656" originalElevation="9.0" isOriginalElevationFromOSM="false"><ele>9.0</ele></trkpt>
<trkpt lat="35.469736" lon="128.762920" sectionIndex="0" pointIndex="2657" originalElevation="9.0" isOriginalElevationFromOSM="false"><ele>9.0</ele></trkpt>
<trkpt lat="35.469709" lon="128.762965" sectionIndex="0" pointIndex="2658" originalElevation="9.0" isOriginalElevationFromOSM="false"><ele>9.0</ele></trkpt>
<trkpt lat="35.469687" lon="128.763002" sectionIndex="0" pointIndex="2659" originalElevation="9.0" isOriginalElevationFromOSM="false"><ele>9.0</ele></trkpt>
<trkpt lat="35.469665" lon="128.763049" sectionIndex="0" pointIndex="2660" originalElevation="9.0" isOriginalElevationFromOSM="false"><ele>9.0</ele></trkpt>
<trkpt lat="35.469643" lon="128.763097" sectionIndex="0" pointIndex="2661" originalElevation="9.0" isOriginalElevationFromOSM="false"><ele>9.0</ele></trkpt>
<trkpt lat="35.469620" lon="128.763145" sectionIndex="0" pointIndex="2662" originalElevation="9.0" isOriginalElevationFromOSM="false"><ele>9.0</ele></trkpt>
<trkpt lat="35.469608" lon="128.763171" sectionIndex="0" pointIndex="2663" originalElevation="9.0" isOriginalElevationFromOSM="false"><ele>9.0</ele></trkpt>
<trkpt lat="35.469566" lon="128.763190" sectionIndex="0" pointIndex="2664" originalElevation="9.0" isOriginalElevationFromOSM="false"><ele>9.0</ele></trkpt>
<trkpt lat="35.469536" lon="128.763205" sectionIndex="0" pointIndex="2665" originalElevation="9.0" isOriginalElevationFromOSM="false"><ele>8.9</ele></trkpt>
<trkpt lat="35.469518" lon="128.763255" sectionIndex="0" pointIndex="2666" originalElevation="9.0" isOriginalElevationFromOSM="false"><ele>8.9</ele></trkpt>
<trkpt lat="35.469500" lon="128.763306" sectionIndex="0" pointIndex="2667" originalElevation="9.0" isOriginalElevationFromOSM="false"><ele>8.9</ele></trkpt>
<trkpt lat="35.469482" lon="128.763357" sectionIndex="0" pointIndex="2668" originalElevation="9.0" isOriginalElevationFromOSM="false"><ele>8.7</ele></trkpt>
<trkpt lat="35.469477" lon="128.763372" sectionIndex="0" pointIndex="2669" originalElevation="9.0" isOriginalElevationFromOSM="false"><ele>8.7</ele></trkpt>
<trkpt lat="35.469465" lon="128.763403" sectionIndex="0" pointIndex="2670" originalElevation="9.0" isOriginalElevationFromOSM="false"><ele>8.7</ele></trkpt>
<trkpt lat="35.469230" lon="128.763928" sectionIndex="0" pointIndex="2671" originalElevation="9.0" isOriginalElevationFromOSM="false"><ele>8.7</ele></trkpt>
<trkpt lat="35.468820" lon="128.764810" sectionIndex="0" pointIndex="2672" originalElevation="8.0" isOriginalElevationFromOSM="false"><ele>8.7</ele></trkpt>
<trkpt lat="35.468420" lon="128.765700" sectionIndex="0" pointIndex="2673" originalElevation="9.0" isOriginalElevationFromOSM="false"><ele>8.5</ele></trkpt>
<trkpt lat="35.468020" lon="128.766590" sectionIndex="0" pointIndex="2674" originalElevation="8.0" isOriginalElevationFromOSM="false"><ele>8.5</ele></trkpt>
<trkpt lat="35.467610" lon="128.767480" sectionIndex="0" pointIndex="2675" originalElevation="7.0" isOriginalElevationFromOSM="false"><ele>8.3</ele></trkpt>
<trkpt lat="35.467210" lon="128.768370" sectionIndex="0" pointIndex="2676" originalElevation="9.0" isOriginalElevationFromOSM="false"><ele>8.2</ele></trkpt>
<trkpt lat="35.466870" lon="128.769140" sectionIndex="0" pointIndex="2677" originalElevation="9.0" isOriginalElevationFromOSM="false"><ele>8.1</ele></trkpt>
<trkpt lat="35.466530" lon="128.769910" sectionIndex="0" pointIndex="2678" originalElevation="9.0" isOriginalElevationFromOSM="false"><ele>8.1</ele></trkpt>
<trkpt lat="35.466190" lon="128.770680" sectionIndex="0" pointIndex="2679" originalElevation="8.0" isOriginalElevationFromOSM="false"><ele>7.9</ele></trkpt>
<trkpt lat="35.466010" lon="128.770997" sectionIndex="0" pointIndex="2680" originalElevation="7.0" isOriginalElevationFromOSM="false"><ele>7.9</ele></trkpt>
<trkpt lat="35.465460" lon="128.771650" sectionIndex="0" pointIndex="2681" originalElevation="8.0" isOriginalElevationFromOSM="false"><ele>7.8</ele></trkpt>
<trkpt lat="35.464780" lon="128.772340" sectionIndex="0" pointIndex="2682" originalElevation="7.0" isOriginalElevationFromOSM="false"><ele>7.8</ele></trkpt>
<trkpt lat="35.464090" lon="128.773020" sectionIndex="0" pointIndex="2683" originalElevation="7.0" isOriginalElevationFromOSM="false"><ele>7.9</ele></trkpt>
<trkpt lat="35.463410" lon="128.773699" sectionIndex="0" pointIndex="2684" originalElevation="8.0" isOriginalElevationFromOSM="false"><ele>7.7</ele></trkpt>
<trkpt lat="35.462730" lon="128.774380" sectionIndex="0" pointIndex="2685" originalElevation="8.0" isOriginalElevationFromOSM="false"><ele>7.5</ele></trkpt>
<trkpt lat="35.462040" lon="128.775060" sectionIndex="0" pointIndex="2686" originalElevation="7.0" isOriginalElevationFromOSM="false"><ele>7.3</ele></trkpt>
<trkpt lat="35.461360" lon="128.775748" sectionIndex="0" pointIndex="2687" originalElevation="7.0" isOriginalElevationFromOSM="false"><ele>7.2</ele></trkpt>
<trkpt lat="35.460680" lon="128.776430" sectionIndex="0" pointIndex="2688" originalElevation="8.0" isOriginalElevationFromOSM="false"><ele>7.1</ele></trkpt>
<trkpt lat="35.460050" lon="128.777040" sectionIndex="0" pointIndex="2689" originalElevation="8.0" isOriginalElevationFromOSM="false"><ele>7.0</ele></trkpt>
<trkpt lat="35.459420" lon="128.777650" sectionIndex="0" pointIndex="2690" originalElevation="8.0" isOriginalElevationFromOSM="false"><ele>7.0</ele></trkpt>
<trkpt lat="35.458790" lon="128.778258" sectionIndex="0" pointIndex="2691" originalElevation="7.0" isOriginalElevationFromOSM="false"><ele>7.0</ele></trkpt>
<trkpt lat="35.458160" lon="128.778870" sectionIndex="0" pointIndex="2692" originalElevation="6.0" isOriginalElevationFromOSM="false"><ele>7.0</ele></trkpt>
<trkpt lat="35.457410" lon="128.779310" sectionIndex="0" pointIndex="2693" originalElevation="6.0" isOriginalElevationFromOSM="false"><ele>6.9</ele></trkpt>
<trkpt lat="35.456820" lon="128.779519" sectionIndex="0" pointIndex="2694" originalElevation="6.0" isOriginalElevationFromOSM="false"><ele>7.1</ele></trkpt>
<trkpt lat="35.456310" lon="128.779630" sectionIndex="0" pointIndex="2695" originalElevation="5.0" isOriginalElevationFromOSM="false"><ele>7.2</ele></trkpt>
<trkpt lat="35.455730" lon="128.779640" sectionIndex="0" pointIndex="2696" originalElevation="7.0" isOriginalElevationFromOSM="false"><ele>7.1</ele></trkpt>
<trkpt lat="35.455060" lon="128.779530" sectionIndex="0" pointIndex="2697" originalElevation="7.0" isOriginalElevationFromOSM="false"><ele>6.9</ele></trkpt>
<trkpt lat="35.454230" lon="128.779180" sectionIndex="0" pointIndex="2698" originalElevation="7.0" isOriginalElevationFromOSM="false"><ele>6.9</ele></trkpt>
<trkpt lat="35.453400" lon="128.778820" sectionIndex="0" pointIndex="2699" originalElevation="8.0" isOriginalElevationFromOSM="false"><ele>6.9</ele></trkpt>
<trkpt lat="35.452570" lon="128.778470" sectionIndex="0" pointIndex="2700" originalElevation="7.0" isOriginalElevationFromOSM="false"><ele>6.9</ele></trkpt>
<trkpt lat="35.451750" lon="128.778110" sectionIndex="0" pointIndex="2701" originalElevation="10.0" isOriginalElevationFromOSM="false"><ele>6.9</ele></trkpt>
<trkpt lat="35.450920" lon="128.777760" sectionIndex="0" pointIndex="2702" originalElevation="8.0" isOriginalElevationFromOSM="false"><ele>6.9</ele></trkpt>
<trkpt lat="35.450090" lon="128.777400" sectionIndex="0" pointIndex="2703" originalElevation="6.0" isOriginalElevationFromOSM="false"><ele>6.8</ele></trkpt>
<trkpt lat="35.449260" lon="128.777050" sectionIndex="0" pointIndex="2704" originalElevation="6.0" isOriginalElevationFromOSM="false"><ele>6.7</ele></trkpt>
<trkpt lat="35.448830" lon="128.777030" sectionIndex="0" pointIndex="2705" originalElevation="7.0" isOriginalElevationFromOSM="false"><ele>6.7</ele></trkpt>
<trkpt lat="35.448300" lon="128.777050" sectionIndex="0" pointIndex="2706" originalElevation="7.0" isOriginalElevationFromOSM="false"><ele>6.7</ele></trkpt>
<trkpt lat="35.447940" lon="128.777140" sectionIndex="0" pointIndex="2707" originalElevation="7.0" isOriginalElevationFromOSM="false"><ele>6.7</ele></trkpt>
<trkpt lat="35.447250" lon="128.777410" sectionIndex="0" pointIndex="2708" originalElevation="5.0" isOriginalElevationFromOSM="false"><ele>6.7</ele></trkpt>
<trkpt lat="35.446510" lon="128.777750" sectionIndex="0" pointIndex="2709" originalElevation="6.0" isOriginalElevationFromOSM="false"><ele>6.4</ele></trkpt>
<trkpt lat="35.445770" lon="128.778089" sectionIndex="0" pointIndex="2710" originalElevation="4.0" isOriginalElevationFromOSM="false"><ele>6.2</ele></trkpt>
<trkpt lat="35.445030" lon="128.778427" sectionIndex="0" pointIndex="2711" originalElevation="6.0" isOriginalElevationFromOSM="false"><ele>6.2</ele></trkpt>
<trkpt lat="35.444290" lon="128.778770" sectionIndex="0" pointIndex="2712" originalElevation="7.0" isOriginalElevationFromOSM="false"><ele>6.1</ele></trkpt>
<trkpt lat="35.443550" lon="128.779110" sectionIndex="0" pointIndex="2713" originalElevation="7.0" isOriginalElevationFromOSM="false"><ele>6.1</ele></trkpt>
<trkpt lat="35.443548" lon="128.779111" sectionIndex="0" pointIndex="2714" originalElevation="7.0" isOriginalElevationFromOSM="false"><ele>6.0</ele></trkpt>
<trkpt lat="35.443550" lon="128.779110" sectionIndex="0" pointIndex="2715" originalElevation="7.0" isOriginalElevationFromOSM="false"><ele>5.9</ele></trkpt>
<trkpt lat="35.442810" lon="128.779450" sectionIndex="0" pointIndex="2716" originalElevation="6.0" isOriginalElevationFromOSM="false"><ele>5.9</ele></trkpt>
<trkpt lat="35.442260" lon="128.779740" sectionIndex="0" pointIndex="2717" originalElevation="5.0" isOriginalElevationFromOSM="false"><ele>5.9</ele></trkpt>
<trkpt lat="35.441710" lon="128.780030" sectionIndex="0" pointIndex="2718" originalElevation="6.0" isOriginalElevationFromOSM="false"><ele>6.0</ele></trkpt>
<trkpt lat="35.441080" lon="128.780440" sectionIndex="0" pointIndex="2719" originalElevation="5.0" isOriginalElevationFromOSM="false"><ele>5.9</ele></trkpt>
<trkpt lat="35.440440" lon="128.780847" sectionIndex="0" pointIndex="2720" originalElevation="6.0" isOriginalElevationFromOSM="false"><ele>5.9</ele></trkpt>
<trkpt lat="35.440020" lon="128.781180" sectionIndex="0" pointIndex="2721" originalElevation="6.0" isOriginalElevationFromOSM="false"><ele>5.7</ele></trkpt>
<trkpt lat="35.439610" lon="128.781520" sectionIndex="0" pointIndex="2722" originalElevation="5.0" isOriginalElevationFromOSM="false"><ele>5.7</ele></trkpt>
<trkpt lat="35.439250" lon="128.781939" sectionIndex="0" pointIndex="2723" originalElevation="6.0" isOriginalElevationFromOSM="false"><ele>5.5</ele></trkpt>
<trkpt lat="35.438880" lon="128.782367" sectionIndex="0" pointIndex="2724" originalElevation="6.0" isOriginalElevationFromOSM="false"><ele>5.5</ele></trkpt>
<trkpt lat="35.438370" lon="128.783267" sectionIndex="0" pointIndex="2725" originalElevation="5.0" isOriginalElevationFromOSM="false"><ele>5.6</ele></trkpt>
<trkpt lat="35.437850" lon="128.784160" sectionIndex="0" pointIndex="2726" originalElevation="5.0" isOriginalElevationFromOSM="false"><ele>5.7</ele></trkpt>
<trkpt lat="35.437340" lon="128.785057" sectionIndex="0" pointIndex="2727" originalElevation="6.0" isOriginalElevationFromOSM="false"><ele>5.8</ele></trkpt>
<trkpt lat="35.436830" lon="128.785950" sectionIndex="0" pointIndex="2728" originalElevation="4.0" isOriginalElevationFromOSM="false"><ele>5.7</ele></trkpt>
<trkpt lat="35.436290" lon="128.786720" sectionIndex="0" pointIndex="2729" originalElevation="7.0" isOriginalElevationFromOSM="false"><ele>5.7</ele></trkpt>
<trkpt lat="35.435750" lon="128.787489" sectionIndex="0" pointIndex="2730" originalElevation="5.0" isOriginalElevationFromOSM="false"><ele>5.7</ele></trkpt>
<trkpt lat="35.435330" lon="128.787960" sectionIndex="0" pointIndex="2731" originalElevation="5.0" isOriginalElevationFromOSM="false"><ele>5.7</ele></trkpt>
<trkpt lat="35.434910" lon="128.788430" sectionIndex="0" pointIndex="2732" originalElevation="7.0" isOriginalElevationFromOSM="false"><ele>5.6</ele></trkpt>
<trkpt lat="35.434250" lon="128.789009" sectionIndex="0" pointIndex="2733" originalElevation="7.0" isOriginalElevationFromOSM="false"><ele>5.7</ele></trkpt>
<trkpt lat="35.433600" lon="128.789590" sectionIndex="0" pointIndex="2734" originalElevation="7.0" isOriginalElevationFromOSM="false"><ele>5.7</ele></trkpt>
<trkpt lat="35.433170" lon="128.789930" sectionIndex="0" pointIndex="2735" originalElevation="5.0" isOriginalElevationFromOSM="false"><ele>5.6</ele></trkpt>
<trkpt lat="35.432740" lon="128.790258" sectionIndex="0" pointIndex="2736" originalElevation="6.0" isOriginalElevationFromOSM="false"><ele>5.7</ele></trkpt>
<trkpt lat="35.432260" lon="128.790590" sectionIndex="0" pointIndex="2737" originalElevation="5.0" isOriginalElevationFromOSM="false"><ele>5.6</ele></trkpt>
<trkpt lat="35.431760" lon="128.790820" sectionIndex="0" pointIndex="2738" originalElevation="5.0" isOriginalElevationFromOSM="false"><ele>5.6</ele></trkpt>
<trkpt lat="35.431240" lon="128.791110" sectionIndex="0" pointIndex="2739" originalElevation="5.0" isOriginalElevationFromOSM="false"><ele>5.7</ele></trkpt>
<trkpt lat="35.430470" lon="128.791320" sectionIndex="0" pointIndex="2740" originalElevation="6.0" isOriginalElevationFromOSM="false"><ele>5.6</ele></trkpt>
<trkpt lat="35.429710" lon="128.791530" sectionIndex="0" pointIndex="2741" originalElevation="5.0" isOriginalElevationFromOSM="false"><ele>5.4</ele></trkpt>
<trkpt lat="35.428820" lon="128.791630" sectionIndex="0" pointIndex="2742" originalElevation="5.0" isOriginalElevationFromOSM="false"><ele>5.1</ele></trkpt>
<trkpt lat="35.428210" lon="128.791650" sectionIndex="0" pointIndex="2743" originalElevation="5.0" isOriginalElevationFromOSM="false"><ele>5.0</ele></trkpt>
<trkpt lat="35.427600" lon="128.791670" sectionIndex="0" pointIndex="2744" originalElevation="6.0" isOriginalElevationFromOSM="false"><ele>4.9</ele></trkpt>
<trkpt lat="35.427000" lon="128.791688" sectionIndex="0" pointIndex="2745" originalElevation="5.0" isOriginalElevationFromOSM="false"><ele>4.8</ele></trkpt>
<trkpt lat="35.426190" lon="128.791688" sectionIndex="0" pointIndex="2746" originalElevation="6.0" isOriginalElevationFromOSM="false"><ele>4.8</ele></trkpt>
<trkpt lat="35.425380" lon="128.791680" sectionIndex="0" pointIndex="2747" originalElevation="6.0" isOriginalElevationFromOSM="false"><ele>4.7</ele></trkpt>
<trkpt lat="35.424570" lon="128.791670" sectionIndex="0" pointIndex="2748" originalElevation="4.0" isOriginalElevationFromOSM="false"><ele>4.7</ele></trkpt>
<trkpt lat="35.423750" lon="128.791660" sectionIndex="0" pointIndex="2749" originalElevation="2.0" isOriginalElevationFromOSM="false"><ele>4.7</ele></trkpt>
<trkpt lat="35.422940" lon="128.791650" sectionIndex="0" pointIndex="2750" originalElevation="4.0" isOriginalElevationFromOSM="false"><ele>4.7</ele></trkpt>
<trkpt lat="35.422130" lon="128.791650" sectionIndex="0" pointIndex="2751" originalElevation="4.0" isOriginalElevationFromOSM="false"><ele>4.7</ele></trkpt>
<trkpt lat="35.421320" lon="128.791640" sectionIndex="0" pointIndex="2752" originalElevation="4.0" isOriginalElevationFromOSM="false"><ele>4.6</ele></trkpt>
<trkpt lat="35.420550" lon="128.791630" sectionIndex="0" pointIndex="2753" originalElevation="5.0" isOriginalElevationFromOSM="false"><ele>4.5</ele></trkpt>
<trkpt lat="35.419770" lon="128.791609" sectionIndex="0" pointIndex="2754" originalElevation="4.0" isOriginalElevationFromOSM="false"><ele>4.4</ele></trkpt>
<trkpt lat="35.419000" lon="128.791598" sectionIndex="0" pointIndex="2755" originalElevation="5.0" isOriginalElevationFromOSM="false"><ele>4.3</ele></trkpt>
<trkpt lat="35.418600" lon="128.791440" sectionIndex="0" pointIndex="2756" originalElevation="5.0" isOriginalElevationFromOSM="false"><ele>4.4</ele></trkpt>
<trkpt lat="35.418360" lon="128.791370" sectionIndex="0" pointIndex="2757" originalElevation="5.0" isOriginalElevationFromOSM="false"><ele>4.7</ele></trkpt>
<trkpt lat="35.418150" lon="128.791360" sectionIndex="0" pointIndex="2758" originalElevation="5.0" isOriginalElevationFromOSM="false"><ele>4.8</ele></trkpt>
<trkpt lat="35.417850" lon="128.791429" sectionIndex="0" pointIndex="2759" originalElevation="5.0" isOriginalElevationFromOSM="false"><ele>4.9</ele></trkpt>
<trkpt lat="35.417220" lon="128.791630" sectionIndex="0" pointIndex="2760" originalElevation="4.0" isOriginalElevationFromOSM="false"><ele>5.0</ele></trkpt>
<trkpt lat="35.416720" lon="128.791598" sectionIndex="0" pointIndex="2761" originalElevation="4.0" isOriginalElevationFromOSM="false"><ele>5.1</ele></trkpt>
<trkpt lat="35.416220" lon="128.791570" sectionIndex="0" pointIndex="2762" originalElevation="4.0" isOriginalElevationFromOSM="false"><ele>5.2</ele></trkpt>
<trkpt lat="35.415630" lon="128.791470" sectionIndex="0" pointIndex="2763" originalElevation="6.0" isOriginalElevationFromOSM="false"><ele>5.3</ele></trkpt>
<trkpt lat="35.415100" lon="128.791380" sectionIndex="0" pointIndex="2764" originalElevation="5.8" isOriginalElevationFromOSM="true"><ele>5.3</ele></trkpt>
<trkpt lat="35.415030" lon="128.791370" sectionIndex="0" pointIndex="2765" originalElevation="5.9" isOriginalElevationFromOSM="true"><ele>5.2</ele></trkpt>
<trkpt lat="35.414540" lon="128.791200" sectionIndex="0" pointIndex="2766" originalElevation="5.5" isOriginalElevationFromOSM="true"><ele>5.3</ele></trkpt>
<trkpt lat="35.414110" lon="128.791010" sectionIndex="0" pointIndex="2767" originalElevation="5.6" isOriginalElevationFromOSM="true"><ele>5.4</ele></trkpt>
<trkpt lat="35.413410" lon="128.790940" sectionIndex="0" pointIndex="2768" originalElevation="6.5" isOriginalElevationFromOSM="true"><ele>5.5</ele></trkpt>
<trkpt lat="35.413280" lon="128.791010" sectionIndex="0" pointIndex="2769" originalElevation="6.3" isOriginalElevationFromOSM="true"><ele>5.7</ele></trkpt>
<trkpt lat="35.413100" lon="128.791159" sectionIndex="0" pointIndex="2770" originalElevation="5.7" isOriginalElevationFromOSM="true"><ele>5.8</ele></trkpt>
<trkpt lat="35.412990" lon="128.791360" sectionIndex="0" pointIndex="2771" originalElevation="5.2" isOriginalElevationFromOSM="true"><ele>5.7</ele></trkpt>
<trkpt lat="35.411470" lon="128.795999" sectionIndex="0" pointIndex="2772" originalElevation="3.9" isOriginalElevationFromOSM="true"><ele>5.8</ele></trkpt>
<trkpt lat="35.411360" lon="128.796380" sectionIndex="0" pointIndex="2773" originalElevation="6.1" isOriginalElevationFromOSM="true"><ele>5.8</ele></trkpt>
<trkpt lat="35.410540" lon="128.796130" sectionIndex="0" pointIndex="2774" originalElevation="6.6" isOriginalElevationFromOSM="true"><ele>5.8</ele></trkpt>
<trkpt lat="35.409810" lon="128.795950" sectionIndex="0" pointIndex="2775" originalElevation="6.0" isOriginalElevationFromOSM="true"><ele>5.7</ele></trkpt>
<trkpt lat="35.406700" lon="128.794108" sectionIndex="0" pointIndex="2776" originalElevation="5.8" isOriginalElevationFromOSM="true"><ele>5.5</ele></trkpt>
<trkpt lat="35.406360" lon="128.793939" sectionIndex="0" pointIndex="2777" originalElevation="5.5" isOriginalElevationFromOSM="true"><ele>5.3</ele></trkpt>
<trkpt lat="35.406060" lon="128.793820" sectionIndex="0" pointIndex="2778" originalElevation="5.7" isOriginalElevationFromOSM="true"><ele>5.3</ele></trkpt>
<trkpt lat="35.404520" lon="128.793320" sectionIndex="0" pointIndex="2779" originalElevation="6.2" isOriginalElevationFromOSM="true"><ele>5.3</ele></trkpt>
<trkpt lat="35.404410" lon="128.793290" sectionIndex="0" pointIndex="2780" originalElevation="6.8" isOriginalElevationFromOSM="true"><ele>5.4</ele></trkpt>
<trkpt lat="35.402420" lon="128.792937" sectionIndex="0" pointIndex="2781" originalElevation="4.5" isOriginalElevationFromOSM="true"><ele>5.3</ele></trkpt>
<trkpt lat="35.400480" lon="128.792640" sectionIndex="0" pointIndex="2782" originalElevation="4.0" isOriginalElevationFromOSM="true"><ele>5.2</ele></trkpt>
<trkpt lat="35.399850" lon="128.792570" sectionIndex="0" pointIndex="2783" originalElevation="4.0" isOriginalElevationFromOSM="true"><ele>5.2</ele></trkpt>
<trkpt lat="35.399540" lon="128.792560" sectionIndex="0" pointIndex="2784" originalElevation="4.0" isOriginalElevationFromOSM="true"><ele>5.1</ele></trkpt>
<trkpt lat="35.398770" lon="128.792650" sectionIndex="0" pointIndex="2785" originalElevation="4.9" isOriginalElevationFromOSM="true"><ele>5.2</ele></trkpt>
<trkpt lat="35.398290" lon="128.792750" sectionIndex="0" pointIndex="2786" originalElevation="5.9" isOriginalElevationFromOSM="true"><ele>5.1</ele></trkpt>
<trkpt lat="35.397850" lon="128.792880" sectionIndex="0" pointIndex="2787" originalElevation="5.1" isOriginalElevationFromOSM="true"><ele>5.0</ele></trkpt>
<trkpt lat="35.397410" lon="128.793020" sectionIndex="0" pointIndex="2788" originalElevation="4.7" isOriginalElevationFromOSM="true"><ele>4.8</ele></trkpt>
<trkpt lat="35.397120" lon="128.793160" sectionIndex="0" pointIndex="2789" originalElevation="5.1" isOriginalElevationFromOSM="true"><ele>5.0</ele></trkpt>
<trkpt lat="35.396580" lon="128.793489" sectionIndex="0" pointIndex="2790" originalElevation="5.4" isOriginalElevationFromOSM="true"><ele>5.0</ele></trkpt>
<trkpt lat="35.396280" lon="128.793720" sectionIndex="0" pointIndex="2791" originalElevation="5.0" isOriginalElevationFromOSM="true"><ele>5.0</ele></trkpt>
<trkpt lat="35.395820" lon="128.794170" sectionIndex="0" pointIndex="2792" originalElevation="6.0" isOriginalElevationFromOSM="true"><ele>5.2</ele></trkpt>
<trkpt lat="35.395350" lon="128.794700" sectionIndex="0" pointIndex="2793" originalElevation="4.6" isOriginalElevationFromOSM="true"><ele>5.2</ele></trkpt>
<trkpt lat="35.395170" lon="128.794990" sectionIndex="0" pointIndex="2794" originalElevation="4.6" isOriginalElevationFromOSM="true"><ele>5.3</ele></trkpt>
<trkpt lat="35.394940" lon="128.795390" sectionIndex="0" pointIndex="2795" originalElevation="4.9" isOriginalElevationFromOSM="true"><ele>5.4</ele></trkpt>
<trkpt lat="35.390350" lon="128.805219" sectionIndex="0" pointIndex="2796" originalElevation="6.1" isOriginalElevationFromOSM="true"><ele>5.6</ele></trkpt>
<trkpt lat="35.389680" lon="128.806610" sectionIndex="0" pointIndex="2797" originalElevation="4.7" isOriginalElevationFromOSM="true"><ele>5.9</ele></trkpt>
<trkpt lat="35.389300" lon="128.807350" sectionIndex="0" pointIndex="2798" originalElevation="4.8" isOriginalElevationFromOSM="true"><ele>6.4</ele></trkpt>
<trkpt lat="35.388800" lon="128.808190" sectionIndex="0" pointIndex="2799" originalElevation="5.5" isOriginalElevationFromOSM="true"><ele>7.1</ele></trkpt>
<trkpt lat="35.388580" lon="128.808619" sectionIndex="0" pointIndex="2800" originalElevation="6.0" isOriginalElevationFromOSM="true"><ele>8.1</ele></trkpt>
<trkpt lat="35.388490" lon="128.808830" sectionIndex="0" pointIndex="2801" originalElevation="6.4" isOriginalElevationFromOSM="true"><ele>9.2</ele></trkpt>
<trkpt lat="35.388440" lon="128.809020" sectionIndex="0" pointIndex="2802" originalElevation="6.8" isOriginalElevationFromOSM="true"><ele>10.3</ele></trkpt>
<trkpt lat="35.388410" lon="128.809210" sectionIndex="0" pointIndex="2803" originalElevation="7.6" isOriginalElevationFromOSM="true"><ele>11.4</ele></trkpt>
<trkpt lat="35.388430" lon="128.809450" sectionIndex="0" pointIndex="2804" originalElevation="9.8" isOriginalElevationFromOSM="true"><ele>12.4</ele></trkpt>
<trkpt lat="35.388470" lon="128.809778" sectionIndex="0" pointIndex="2805" originalElevation="13.7" isOriginalElevationFromOSM="true"><ele>13.9</ele></trkpt>
<trkpt lat="35.388480" lon="128.809890" sectionIndex="0" pointIndex="2806" originalElevation="14.9" isOriginalElevationFromOSM="true"><ele>15.3</ele></trkpt>
<trkpt lat="35.388190" lon="128.810290" sectionIndex="0" pointIndex="2807" originalElevation="21.4" isOriginalElevationFromOSM="true"><ele>16.2</ele></trkpt>
<trkpt lat="35.387710" lon="128.810790" sectionIndex="0" pointIndex="2808" originalElevation="20.5" isOriginalElevationFromOSM="true"><ele>17.0</ele></trkpt>
<trkpt lat="35.387570" lon="128.810960" sectionIndex="0" pointIndex="2809" originalElevation="21.3" isOriginalElevationFromOSM="true"><ele>17.9</ele></trkpt>
<trkpt lat="35.387470" lon="128.811039" sectionIndex="0" pointIndex="2810" originalElevation="21.0" isOriginalElevationFromOSM="true"><ele>18.9</ele></trkpt>
<trkpt lat="35.387320" lon="128.811118" sectionIndex="0" pointIndex="2811" originalElevation="21.6" isOriginalElevationFromOSM="true"><ele>19.7</ele></trkpt>
<trkpt lat="35.387060" lon="128.811470" sectionIndex="0" pointIndex="2812" originalElevation="26.8" isOriginalElevationFromOSM="true"><ele>20.3</ele></trkpt>
<trkpt lat="35.386980" lon="128.811510" sectionIndex="0" pointIndex="2813" originalElevation="25.9" isOriginalElevationFromOSM="true"><ele>20.6</ele></trkpt>
<trkpt lat="35.386710" lon="128.811568" sectionIndex="0" pointIndex="2814" originalElevation="19.7" isOriginalElevationFromOSM="true"><ele>21.1</ele></trkpt>
<trkpt lat="35.386620" lon="128.811610" sectionIndex="0" pointIndex="2815" originalElevation="18.2" isOriginalElevationFromOSM="true"><ele>21.1</ele></trkpt>
<trkpt lat="35.386490" lon="128.811720" sectionIndex="0" pointIndex="2816" originalElevation="19.3" isOriginalElevationFromOSM="true"><ele>21.3</ele></trkpt>
<trkpt lat="35.385990" lon="128.812289" sectionIndex="0" pointIndex="2817" originalElevation="22.4" isOriginalElevationFromOSM="true"><ele>21.6</ele></trkpt>
<trkpt lat="35.385780" lon="128.812500" sectionIndex="0" pointIndex="2818" originalElevation="19.3" isOriginalElevationFromOSM="true"><ele>22.2</ele></trkpt>
<trkpt lat="35.385540" lon="128.812680" sectionIndex="0" pointIndex="2819" originalElevation="18.3" isOriginalElevationFromOSM="true"><ele>22.9</ele></trkpt>
<trkpt lat="35.385470" lon="128.812770" sectionIndex="0" pointIndex="2820" originalElevation="18.6" isOriginalElevationFromOSM="true"><ele>23.3</ele></trkpt>
<trkpt lat="35.385300" lon="128.813080" sectionIndex="0" pointIndex="2821" originalElevation="21.5" isOriginalElevationFromOSM="true"><ele>23.4</ele></trkpt>
<trkpt lat="35.385210" lon="128.813210" sectionIndex="0" pointIndex="2822" originalElevation="22.6" isOriginalElevationFromOSM="true"><ele>23.8</ele></trkpt>
<trkpt lat="35.385120" lon="128.813310" sectionIndex="0" pointIndex="2823" originalElevation="23.2" isOriginalElevationFromOSM="true"><ele>24.1</ele></trkpt>
<trkpt lat="35.384860" lon="128.813459" sectionIndex="0" pointIndex="2824" originalElevation="25.4" isOriginalElevationFromOSM="true"><ele>24.3</ele></trkpt>
<trkpt lat="35.384630" lon="128.813700" sectionIndex="0" pointIndex="2825" originalElevation="30.8" isOriginalElevationFromOSM="true"><ele>24.3</ele></trkpt>
<trkpt lat="35.384510" lon="128.813797" sectionIndex="0" pointIndex="2826" originalElevation="32.3" isOriginalElevationFromOSM="true"><ele>24.6</ele></trkpt>
<trkpt lat="35.384380" lon="128.813860" sectionIndex="0" pointIndex="2827" originalElevation="31.9" isOriginalElevationFromOSM="true"><ele>25.2</ele></trkpt>
<trkpt lat="35.383970" lon="128.813988" sectionIndex="0" pointIndex="2828" originalElevation="28.1" isOriginalElevationFromOSM="true"><ele>25.9</ele></trkpt>
<trkpt lat="35.383680" lon="128.814140" sectionIndex="0" pointIndex="2829" originalElevation="25.0" isOriginalElevationFromOSM="true"><ele>26.6</ele></trkpt>
<trkpt lat="35.383470" lon="128.814270" sectionIndex="0" pointIndex="2830" originalElevation="22.9" isOriginalElevationFromOSM="true"><ele>27.3</ele></trkpt>
<trkpt lat="35.383270" lon="128.814460" sectionIndex="0" pointIndex="2831" originalElevation="22.3" isOriginalElevationFromOSM="true"><ele>28.0</ele></trkpt>
<trkpt lat="35.383190" lon="128.814570" sectionIndex="0" pointIndex="2832" originalElevation="22.8" isOriginalElevationFromOSM="true"><ele>28.5</ele></trkpt>
<trkpt lat="35.383130" lon="128.814690" sectionIndex="0" pointIndex="2833" originalElevation="23.9" isOriginalElevationFromOSM="true"><ele>28.3</ele></trkpt>
<trkpt lat="35.383040" lon="128.815020" sectionIndex="0" pointIndex="2834" originalElevation="27.4" isOriginalElevationFromOSM="true"><ele>27.8</ele></trkpt>
<trkpt lat="35.382990" lon="128.815270" sectionIndex="0" pointIndex="2835" originalElevation="27.7" isOriginalElevationFromOSM="true"><ele>27.2</ele></trkpt>
<trkpt lat="35.383050" lon="128.815587" sectionIndex="0" pointIndex="2836" originalElevation="32.2" isOriginalElevationFromOSM="true"><ele>26.8</ele></trkpt>
<trkpt lat="35.383040" lon="128.815767" sectionIndex="0" pointIndex="2837" originalElevation="33.4" isOriginalElevationFromOSM="true"><ele>26.4</ele></trkpt>
<trkpt lat="35.383010" lon="128.815900" sectionIndex="0" pointIndex="2838" originalElevation="33.8" isOriginalElevationFromOSM="true"><ele>26.1</ele></trkpt>
<trkpt lat="35.382930" lon="128.816000" sectionIndex="0" pointIndex="2839" originalElevation="32.7" isOriginalElevationFromOSM="true"><ele>25.7</ele></trkpt>
<trkpt lat="35.382770" lon="128.816110" sectionIndex="0" pointIndex="2840" originalElevation="28.6" isOriginalElevationFromOSM="true"><ele>25.1</ele></trkpt>
<trkpt lat="35.382600" lon="128.816260" sectionIndex="0" pointIndex="2841" originalElevation="24.4" isOriginalElevationFromOSM="true"><ele>24.4</ele></trkpt>
<trkpt lat="35.382450" lon="128.816460" sectionIndex="0" pointIndex="2842" originalElevation="22.3" isOriginalElevationFromOSM="true"><ele>23.4</ele></trkpt>
<trkpt lat="35.382320" lon="128.816720" sectionIndex="0" pointIndex="2843" originalElevation="22.0" isOriginalElevationFromOSM="true"><ele>22.3</ele></trkpt>
<trkpt lat="35.382190" lon="128.817050" sectionIndex="0" pointIndex="2844" originalElevation="19.9" isOriginalElevationFromOSM="true"><ele>20.9</ele></trkpt>
<trkpt lat="35.382090" lon="128.817460" sectionIndex="0" pointIndex="2845" originalElevation="18.3" isOriginalElevationFromOSM="true"><ele>19.5</ele></trkpt>
<trkpt lat="35.382070" lon="128.817610" sectionIndex="0" pointIndex="2846" originalElevation="16.4" isOriginalElevationFromOSM="true"><ele>18.3</ele></trkpt>
<trkpt lat="35.382080" lon="128.817850" sectionIndex="0" pointIndex="2847" originalElevation="14.0" isOriginalElevationFromOSM="true"><ele>16.9</ele></trkpt>
<trkpt lat="35.382250" lon="128.818170" sectionIndex="0" pointIndex="2848" originalElevation="13.1" isOriginalElevationFromOSM="true"><ele>15.9</ele></trkpt>
<trkpt lat="35.382350" lon="128.818379" sectionIndex="0" pointIndex="2849" originalElevation="11.8" isOriginalElevationFromOSM="true"><ele>15.2</ele></trkpt>
<trkpt lat="35.382460" lon="128.818680" sectionIndex="0" pointIndex="2850" originalElevation="11.5" isOriginalElevationFromOSM="true"><ele>14.7</ele></trkpt>
<trkpt lat="35.382590" lon="128.818990" sectionIndex="0" pointIndex="2851" originalElevation="11.2" isOriginalElevationFromOSM="true"><ele>14.3</ele></trkpt>
<trkpt lat="35.382650" lon="128.819510" sectionIndex="0" pointIndex="2852" originalElevation="12.1" isOriginalElevationFromOSM="true"><ele>13.9</ele></trkpt>
<trkpt lat="35.382760" lon="128.820230" sectionIndex="0" pointIndex="2853" originalElevation="15.6" isOriginalElevationFromOSM="true"><ele>13.4</ele></trkpt>
<trkpt lat="35.382760" lon="128.820670" sectionIndex="0" pointIndex="2854" originalElevation="13.2" isOriginalElevationFromOSM="true"><ele>13.0</ele></trkpt>
<trkpt lat="35.382810" lon="128.820870" sectionIndex="0" pointIndex="2855" originalElevation="13.1" isOriginalElevationFromOSM="true"><ele>12.8</ele></trkpt>
<trkpt lat="35.382890" lon="128.820990" sectionIndex="0" pointIndex="2856" originalElevation="13.4" isOriginalElevationFromOSM="true"><ele>12.7</ele></trkpt>
<trkpt lat="35.383140" lon="128.821200" sectionIndex="0" pointIndex="2857" originalElevation="15.1" isOriginalElevationFromOSM="true"><ele>12.6</ele></trkpt>
<trkpt lat="35.383340" lon="128.821339" sectionIndex="0" pointIndex="2858" originalElevation="16.0" isOriginalElevationFromOSM="true"><ele>12.6</ele></trkpt>
<trkpt lat="35.383430" lon="128.821480" sectionIndex="0" pointIndex="2859" originalElevation="14.2" isOriginalElevationFromOSM="true"><ele>12.5</ele></trkpt>
<trkpt lat="35.383480" lon="128.821750" sectionIndex="0" pointIndex="2860" originalElevation="10.7" isOriginalElevationFromOSM="true"><ele>12.4</ele></trkpt>
<trkpt lat="35.383670" lon="128.821830" sectionIndex="0" pointIndex="2861" originalElevation="10.7" isOriginalElevationFromOSM="true"><ele>12.0</ele></trkpt>
<trkpt lat="35.383830" lon="128.821990" sectionIndex="0" pointIndex="2862" originalElevation="10.4" isOriginalElevationFromOSM="true"><ele>11.7</ele></trkpt>
<trkpt lat="35.384820" lon="128.823370" sectionIndex="0" pointIndex="2863" originalElevation="10.8" isOriginalElevationFromOSM="true"><ele>11.4</ele></trkpt>
<trkpt lat="35.384950" lon="128.823680" sectionIndex="0" pointIndex="2864" originalElevation="10.9" isOriginalElevationFromOSM="true"><ele>11.1</ele></trkpt>
<trkpt lat="35.385000" lon="128.823820" sectionIndex="0" pointIndex="2865" originalElevation="11.0" isOriginalElevationFromOSM="true"><ele>10.7</ele></trkpt>
<trkpt lat="35.385150" lon="128.824620" sectionIndex="0" pointIndex="2866" originalElevation="10.8" isOriginalElevationFromOSM="true"><ele>10.2</ele></trkpt>
<trkpt lat="35.385220" lon="128.825140" sectionIndex="0" pointIndex="2867" originalElevation="9.7" isOriginalElevationFromOSM="true"><ele>9.8</ele></trkpt>
<trkpt lat="35.385270" lon="128.825580" sectionIndex="0" pointIndex="2868" originalElevation="9.5" isOriginalElevationFromOSM="true"><ele>9.7</ele></trkpt>
<trkpt lat="35.385210" lon="128.825940" sectionIndex="0" pointIndex="2869" originalElevation="9.1" isOriginalElevationFromOSM="true"><ele>9.6</ele></trkpt>
<trkpt lat="35.385220" lon="128.826020" sectionIndex="0" pointIndex="2870" originalElevation="8.9" isOriginalElevationFromOSM="true"><ele>9.6</ele></trkpt>
<trkpt lat="35.385260" lon="128.826210" sectionIndex="0" pointIndex="2871" originalElevation="8.7" isOriginalElevationFromOSM="true"><ele>9.4</ele></trkpt>
<trkpt lat="35.385450" lon="128.826529" sectionIndex="0" pointIndex="2872" originalElevation="8.8" isOriginalElevationFromOSM="true"><ele>9.4</ele></trkpt>
<trkpt lat="35.385650" lon="128.826920" sectionIndex="0" pointIndex="2873" originalElevation="8.7" isOriginalElevationFromOSM="true"><ele>9.4</ele></trkpt>
<trkpt lat="35.385950" lon="128.827300" sectionIndex="0" pointIndex="2874" originalElevation="8.7" isOriginalElevationFromOSM="true"><ele>9.3</ele></trkpt>
<trkpt lat="35.386540" lon="128.828330" sectionIndex="0" pointIndex="2875" originalElevation="8.9" isOriginalElevationFromOSM="true"><ele>9.4</ele></trkpt>
<trkpt lat="35.387110" lon="128.829320" sectionIndex="0" pointIndex="2876" originalElevation="9.1" isOriginalElevationFromOSM="true"><ele>9.6</ele></trkpt>
<trkpt lat="35.387750" lon="128.830260" sectionIndex="0" pointIndex="2877" originalElevation="9.7" isOriginalElevationFromOSM="true"><ele>9.7</ele></trkpt>
<trkpt lat="35.388100" lon="128.830840" sectionIndex="0" pointIndex="2878" originalElevation="9.1" isOriginalElevationFromOSM="true"><ele>9.6</ele></trkpt>
<trkpt lat="35.388420" lon="128.831340" sectionIndex="0" pointIndex="2879" originalElevation="10.1" isOriginalElevationFromOSM="true"><ele>9.6</ele></trkpt>
<trkpt lat="35.388760" lon="128.831989" sectionIndex="0" pointIndex="2880" originalElevation="10.7" isOriginalElevationFromOSM="true"><ele>9.5</ele></trkpt>
<trkpt lat="35.388970" lon="128.832338" sectionIndex="0" pointIndex="2881" originalElevation="10.7" isOriginalElevationFromOSM="true"><ele>9.5</ele></trkpt>
<trkpt lat="35.389230" lon="128.832670" sectionIndex="0" pointIndex="2882" originalElevation="11.1" isOriginalElevationFromOSM="true"><ele>9.4</ele></trkpt>
<trkpt lat="35.389474" lon="128.832895" sectionIndex="0" pointIndex="2883" originalElevation="11.0" isOriginalElevationFromOSM="false"><ele>9.4</ele></trkpt>
<trkpt lat="35.389620" lon="128.833030" sectionIndex="0" pointIndex="2884" originalElevation="11.2" isOriginalElevationFromOSM="true"><ele>9.3</ele></trkpt>
<trkpt lat="35.391630" lon="128.834758" sectionIndex="0" pointIndex="2885" originalElevation="8.0" isOriginalElevationFromOSM="false"><ele>9.2</ele></trkpt>
<trkpt lat="35.391594" lon="128.834792" sectionIndex="0" pointIndex="2886" originalElevation="8.0" isOriginalElevationFromOSM="false"><ele>9.1</ele></trkpt>
<trkpt lat="35.391559" lon="128.834825" sectionIndex="0" pointIndex="2887" originalElevation="8.0" isOriginalElevationFromOSM="false"><ele>9.0</ele></trkpt>
<trkpt lat="35.391523" lon="128.834859" sectionIndex="0" pointIndex="2888" originalElevation="8.0" isOriginalElevationFromOSM="false"><ele>8.8</ele></trkpt>
<trkpt lat="35.391488" lon="128.834893" sectionIndex="0" pointIndex="2889" originalElevation="8.0" isOriginalElevationFromOSM="false"><ele>8.6</ele></trkpt>
<trkpt lat="35.391452" lon="128.834927" sectionIndex="0" pointIndex="2890" originalElevation="8.0" isOriginalElevationFromOSM="false"><ele>8.4</ele></trkpt>
<trkpt lat="35.391417" lon="128.834961" sectionIndex="0" pointIndex="2891" originalElevation="8.0" isOriginalElevationFromOSM="false"><ele>8.2</ele></trkpt>
<trkpt lat="35.391381" lon="128.834994" sectionIndex="0" pointIndex="2892" originalElevation="8.0" isOriginalElevationFromOSM="false"><ele>8.0</ele></trkpt>
<trkpt lat="35.391346" lon="128.835028" sectionIndex="0" pointIndex="2893" originalElevation="8.0" isOriginalElevationFromOSM="false"><ele>8.0</ele></trkpt>
<trkpt lat="35.391310" lon="128.835062" sectionIndex="0" pointIndex="2894" originalElevation="8.0" isOriginalElevationFromOSM="false"><ele>8.0</ele></trkpt>
<trkpt lat="35.391275" lon="128.835096" sectionIndex="0" pointIndex="2895" originalElevation="8.0" isOriginalElevationFromOSM="false"><ele>8.0</ele></trkpt>
<trkpt lat="35.391240" lon="128.835129" sectionIndex="0" pointIndex="2896" originalElevation="8.0" isOriginalElevationFromOSM="false"><ele>8.0</ele></trkpt>
<trkpt lat="35.391204" lon="128.835163" sectionIndex="0" pointIndex="2897" originalElevation="8.0" isOriginalElevationFromOSM="false"><ele>8.0</ele></trkpt>
<trkpt lat="35.391169" lon="128.835197" sectionIndex="0" pointIndex="2898" originalElevation="8.0" isOriginalElevationFromOSM="false"><ele>8.0</ele></trkpt>
<trkpt lat="35.391133" lon="128.835231" sectionIndex="0" pointIndex="2899" originalElevation="8.0" isOriginalElevationFromOSM="false"><ele>8.0</ele></trkpt>
<trkpt lat="35.391098" lon="128.835265" sectionIndex="0" pointIndex="2900" originalElevation="8.0" isOriginalElevationFromOSM="false"><ele>8.0</ele></trkpt>
<trkpt lat="35.391062" lon="128.835298" sectionIndex="0" pointIndex="2901" originalElevation="8.0" isOriginalElevationFromOSM="false"><ele>8.0</ele></trkpt>
<trkpt lat="35.391027" lon="128.835332" sectionIndex="0" pointIndex="2902" originalElevation="8.0" isOriginalElevationFromOSM="false"><ele>8.0</ele></trkpt>
<trkpt lat="35.390991" lon="128.835366" sectionIndex="0" pointIndex="2903" originalElevation="8.0" isOriginalElevationFromOSM="false"><ele>8.0</ele></trkpt>
<trkpt lat="35.390956" lon="128.835400" sectionIndex="0" pointIndex="2904" originalElevation="8.0" isOriginalElevationFromOSM="false"><ele>8.0</ele></trkpt>
<trkpt lat="35.390920" lon="128.835433" sectionIndex="0" pointIndex="2905" originalElevation="8.0" isOriginalElevationFromOSM="false"><ele>8.0</ele></trkpt>
<trkpt lat="35.390885" lon="128.835467" sectionIndex="0" pointIndex="2906" originalElevation="8.0" isOriginalElevationFromOSM="false"><ele>8.0</ele></trkpt>
<trkpt lat="35.390850" lon="128.835501" sectionIndex="0" pointIndex="2907" originalElevation="8.0" isOriginalElevationFromOSM="false"><ele>8.0</ele></trkpt>
<trkpt lat="35.390814" lon="128.835538" sectionIndex="0" pointIndex="2908" originalElevation="8.0" isOriginalElevationFromOSM="false"><ele>7.9</ele></trkpt>
<trkpt lat="35.390779" lon="128.835568" sectionIndex="0" pointIndex="2909" originalElevation="8.0" isOriginalElevationFromOSM="false"><ele>7.9</ele></trkpt>
<trkpt lat="35.390743" lon="128.835602" sectionIndex="0" pointIndex="2910" originalElevation="8.0" isOriginalElevationFromOSM="false"><ele>7.8</ele></trkpt>
<trkpt lat="35.390708" lon="128.835636" sectionIndex="0" pointIndex="2911" originalElevation="8.0" isOriginalElevationFromOSM="false"><ele>7.8</ele></trkpt>
<trkpt lat="35.390672" lon="128.835673" sectionIndex="0" pointIndex="2912" originalElevation="8.0" isOriginalElevationFromOSM="false"><ele>7.8</ele></trkpt>
<trkpt lat="35.390637" lon="128.835707" sectionIndex="0" pointIndex="2913" originalElevation="8.0" isOriginalElevationFromOSM="false"><ele>7.8</ele></trkpt>
<trkpt lat="35.390601" lon="128.835737" sectionIndex="0" pointIndex="2914" originalElevation="8.0" isOriginalElevationFromOSM="false"><ele>7.8</ele></trkpt>
<trkpt lat="35.390470" lon="128.835850" sectionIndex="0" pointIndex="2915" originalElevation="7.0" isOriginalElevationFromOSM="true"><ele>7.8</ele></trkpt>
<trkpt lat="35.390600" lon="128.836080" sectionIndex="0" pointIndex="2916" originalElevation="7.0" isOriginalElevationFromOSM="true"><ele>7.8</ele></trkpt>
<trkpt lat="35.391260" lon="128.837550" sectionIndex="0" pointIndex="2917" originalElevation="7.3" isOriginalElevationFromOSM="true"><ele>7.8</ele></trkpt>
<trkpt lat="35.391344" lon="128.837747" sectionIndex="0" pointIndex="2918" originalElevation="8.0" isOriginalElevationFromOSM="false"><ele>7.8</ele></trkpt>
<trkpt lat="35.391350" lon="128.837760" sectionIndex="0" pointIndex="2919" originalElevation="8.0" isOriginalElevationFromOSM="false"><ele>7.7</ele></trkpt>
<trkpt lat="35.391720" lon="128.838590" sectionIndex="0" pointIndex="2920" originalElevation="8.0" isOriginalElevationFromOSM="false"><ele>7.7</ele></trkpt>
<trkpt lat="35.392090" lon="128.839430" sectionIndex="0" pointIndex="2921" originalElevation="7.0" isOriginalElevationFromOSM="false"><ele>7.7</ele></trkpt>
<trkpt lat="35.392480" lon="128.840319" sectionIndex="0" pointIndex="2922" originalElevation="8.0" isOriginalElevationFromOSM="false"><ele>7.6</ele></trkpt>
<trkpt lat="35.392870" lon="128.841220" sectionIndex="0" pointIndex="2923" originalElevation="8.0" isOriginalElevationFromOSM="false"><ele>7.7</ele></trkpt>
<trkpt lat="35.393260" lon="128.842120" sectionIndex="0" pointIndex="2924" originalElevation="8.0" isOriginalElevationFromOSM="false"><ele>7.7</ele></trkpt>
<trkpt lat="35.393650" lon="128.843009" sectionIndex="0" pointIndex="2925" originalElevation="8.0" isOriginalElevationFromOSM="false"><ele>7.6</ele></trkpt>
<trkpt lat="35.394050" lon="128.843920" sectionIndex="0" pointIndex="2926" originalElevation="7.0" isOriginalElevationFromOSM="false"><ele>7.5</ele></trkpt>
<trkpt lat="35.394450" lon="128.844820" sectionIndex="0" pointIndex="2927" originalElevation="8.0" isOriginalElevationFromOSM="false"><ele>7.3</ele></trkpt>
<trkpt lat="35.394850" lon="128.845730" sectionIndex="0" pointIndex="2928" originalElevation="8.0" isOriginalElevationFromOSM="false"><ele>7.3</ele></trkpt>
<trkpt lat="35.395250" lon="128.846630" sectionIndex="0" pointIndex="2929" originalElevation="7.0" isOriginalElevationFromOSM="false"><ele>7.2</ele></trkpt>
<trkpt lat="35.395260" lon="128.847190" sectionIndex="0" pointIndex="2930" originalElevation="8.0" isOriginalElevationFromOSM="false"><ele>7.0</ele></trkpt>
<trkpt lat="35.395280" lon="128.847749" sectionIndex="0" pointIndex="2931" originalElevation="7.0" isOriginalElevationFromOSM="false"><ele>6.7</ele></trkpt>
<trkpt lat="35.395580" lon="128.848420" sectionIndex="0" pointIndex="2932" originalElevation="6.0" isOriginalElevationFromOSM="false"><ele>6.2</ele></trkpt>
<trkpt lat="35.395880" lon="128.849077" sectionIndex="0" pointIndex="2933" originalElevation="6.0" isOriginalElevationFromOSM="false"><ele>5.9</ele></trkpt>
<trkpt lat="35.396180" lon="128.849750" sectionIndex="0" pointIndex="2934" originalElevation="6.0" isOriginalElevationFromOSM="false"><ele>5.7</ele></trkpt>
<trkpt lat="35.396310" lon="128.850338" sectionIndex="0" pointIndex="2935" originalElevation="7.0" isOriginalElevationFromOSM="false"><ele>5.5</ele></trkpt>
<trkpt lat="35.396340" lon="128.851148" sectionIndex="0" pointIndex="2936" originalElevation="6.0" isOriginalElevationFromOSM="false"><ele>5.2</ele></trkpt>
<trkpt lat="35.396370" lon="128.851959" sectionIndex="0" pointIndex="2937" originalElevation="5.0" isOriginalElevationFromOSM="false"><ele>4.9</ele></trkpt>
<trkpt lat="35.396390" lon="128.852758" sectionIndex="0" pointIndex="2938" originalElevation="3.0" isOriginalElevationFromOSM="false"><ele>4.6</ele></trkpt>
<trkpt lat="35.396490" lon="128.853670" sectionIndex="0" pointIndex="2939" originalElevation="1.0" isOriginalElevationFromOSM="false"><ele>4.3</ele></trkpt>
<trkpt lat="35.396710" lon="128.854320" sectionIndex="0" pointIndex="2940" originalElevation="3.0" isOriginalElevationFromOSM="false"><ele>4.1</ele></trkpt>
<trkpt lat="35.397170" lon="128.855210" sectionIndex="0" pointIndex="2941" originalElevation="5.0" isOriginalElevationFromOSM="false"><ele>4.1</ele></trkpt>
<trkpt lat="35.397290" lon="128.855550" sectionIndex="0" pointIndex="2942" originalElevation="5.0" isOriginalElevationFromOSM="false"><ele>4.0</ele></trkpt>
<trkpt lat="35.397410" lon="128.856150" sectionIndex="0" pointIndex="2943" originalElevation="3.0" isOriginalElevationFromOSM="false"><ele>3.8</ele></trkpt>
<trkpt lat="35.397540" lon="128.856760" sectionIndex="0" pointIndex="2944" originalElevation="3.0" isOriginalElevationFromOSM="false"><ele>3.7</ele></trkpt>
<trkpt lat="35.397730" lon="128.856957" sectionIndex="0" pointIndex="2945" originalElevation="3.0" isOriginalElevationFromOSM="false"><ele>3.6</ele></trkpt>
<trkpt lat="35.398090" lon="128.857100" sectionIndex="0" pointIndex="2946" originalElevation="3.0" isOriginalElevationFromOSM="false"><ele>3.8</ele></trkpt>
<trkpt lat="35.398170" lon="128.857130" sectionIndex="0" pointIndex="2947" originalElevation="3.0" isOriginalElevationFromOSM="false"><ele>4.1</ele></trkpt>
<trkpt lat="35.398360" lon="128.857190" sectionIndex="0" pointIndex="2948" originalElevation="5.0" isOriginalElevationFromOSM="false"><ele>4.3</ele></trkpt>
<trkpt lat="35.398930" lon="128.857040" sectionIndex="0" pointIndex="2949" originalElevation="5.0" isOriginalElevationFromOSM="false"><ele>4.3</ele></trkpt>
<trkpt lat="35.399500" lon="128.856900" sectionIndex="0" pointIndex="2950" originalElevation="4.0" isOriginalElevationFromOSM="false"><ele>4.4</ele></trkpt>
<trkpt lat="35.399610" lon="128.856940" sectionIndex="0" pointIndex="2951" originalElevation="4.0" isOriginalElevationFromOSM="false"><ele>4.5</ele></trkpt>
<trkpt lat="35.399890" lon="128.857200" sectionIndex="0" pointIndex="2952" originalElevation="4.0" isOriginalElevationFromOSM="false"><ele>4.5</ele></trkpt>
<trkpt lat="35.400060" lon="128.857509" sectionIndex="0" pointIndex="2953" originalElevation="6.0" isOriginalElevationFromOSM="false"><ele>4.6</ele></trkpt>
<trkpt lat="35.400100" lon="128.858270" sectionIndex="0" pointIndex="2954" originalElevation="6.0" isOriginalElevationFromOSM="false"><ele>4.7</ele></trkpt>
<trkpt lat="35.400140" lon="128.859017" sectionIndex="0" pointIndex="2955" originalElevation="5.0" isOriginalElevationFromOSM="false"><ele>4.7</ele></trkpt>
<trkpt lat="35.400080" lon="128.860019" sectionIndex="0" pointIndex="2956" originalElevation="6.0" isOriginalElevationFromOSM="false"><ele>4.7</ele></trkpt>
<trkpt lat="35.400020" lon="128.861010" sectionIndex="0" pointIndex="2957" originalElevation="6.0" isOriginalElevationFromOSM="false"><ele>4.6</ele></trkpt>
<trkpt lat="35.399860" lon="128.861770" sectionIndex="0" pointIndex="2958" originalElevation="4.0" isOriginalElevationFromOSM="false"><ele>4.5</ele></trkpt>
<trkpt lat="35.399690" lon="128.862529" sectionIndex="0" pointIndex="2959" originalElevation="4.0" isOriginalElevationFromOSM="false"><ele>4.6</ele></trkpt>
<trkpt lat="35.399490" lon="128.863030" sectionIndex="0" pointIndex="2960" originalElevation="4.0" isOriginalElevationFromOSM="false"><ele>4.7</ele></trkpt>
<trkpt lat="35.399280" lon="128.863520" sectionIndex="0" pointIndex="2961" originalElevation="4.0" isOriginalElevationFromOSM="false"><ele>4.5</ele></trkpt>
<trkpt lat="35.399240" lon="128.863610" sectionIndex="0" pointIndex="2962" originalElevation="4.0" isOriginalElevationFromOSM="false"><ele>4.3</ele></trkpt>
<trkpt lat="35.398940" lon="128.864240" sectionIndex="0" pointIndex="2963" originalElevation="4.0" isOriginalElevationFromOSM="false"><ele>4.0</ele></trkpt>
<trkpt lat="35.398650" lon="128.864880" sectionIndex="0" pointIndex="2964" originalElevation="4.0" isOriginalElevationFromOSM="false"><ele>3.7</ele></trkpt>
<trkpt lat="35.398320" lon="128.865360" sectionIndex="0" pointIndex="2965" originalElevation="3.0" isOriginalElevationFromOSM="false"><ele>3.5</ele></trkpt>
<trkpt lat="35.398000" lon="128.865850" sectionIndex="0" pointIndex="2966" originalElevation="5.0" isOriginalElevationFromOSM="false"><ele>3.5</ele></trkpt>
<trkpt lat="35.397640" lon="128.866240" sectionIndex="0" pointIndex="2967" originalElevation="5.0" isOriginalElevationFromOSM="false"><ele>3.3</ele></trkpt>
<trkpt lat="35.397280" lon="128.866627" sectionIndex="0" pointIndex="2968" originalElevation="3.0" isOriginalElevationFromOSM="false"><ele>3.5</ele></trkpt>
<trkpt lat="35.396700" lon="128.867167" sectionIndex="0" pointIndex="2969" originalElevation="3.0" isOriginalElevationFromOSM="false"><ele>3.3</ele></trkpt>
<trkpt lat="35.396120" lon="128.867719" sectionIndex="0" pointIndex="2970" originalElevation="1.0" isOriginalElevationFromOSM="false"><ele>3.9</ele></trkpt>
<trkpt lat="35.395460" lon="128.868010" sectionIndex="0" pointIndex="2971" originalElevation="2.0" isOriginalElevationFromOSM="false"><ele>4.5</ele></trkpt>
<trkpt lat="35.395300" lon="128.868180" sectionIndex="0" pointIndex="2972" originalElevation="2.0" isOriginalElevationFromOSM="false"><ele>4.4</ele></trkpt>
<trkpt lat="35.395190" lon="128.868338" sectionIndex="0" pointIndex="2973" originalElevation="4.0" isOriginalElevationFromOSM="false"><ele>4.3</ele></trkpt>
<trkpt lat="35.394720" lon="128.868910" sectionIndex="0" pointIndex="2974" originalElevation="2.0" isOriginalElevationFromOSM="false"><ele>4.7</ele></trkpt>
<trkpt lat="35.394250" lon="128.869470" sectionIndex="0" pointIndex="2975" originalElevation="6.0" isOriginalElevationFromOSM="false"><ele>5.1</ele></trkpt>
<trkpt lat="35.393920" lon="128.869750" sectionIndex="0" pointIndex="2976" originalElevation="2.0" isOriginalElevationFromOSM="false"><ele>5.1</ele></trkpt>
<trkpt lat="35.393360" lon="128.870010" sectionIndex="0" pointIndex="2977" originalElevation="12.0" isOriginalElevationFromOSM="false"><ele>5.5</ele></trkpt>
<trkpt lat="35.392600" lon="128.870250" sectionIndex="0" pointIndex="2978" originalElevation="14.0" isOriginalElevationFromOSM="false"><ele>5.6</ele></trkpt>
<trkpt lat="35.392340" lon="128.870350" sectionIndex="0" pointIndex="2979" originalElevation="2.0" isOriginalElevationFromOSM="false"><ele>5.6</ele></trkpt>
<trkpt lat="35.392020" lon="128.870630" sectionIndex="0" pointIndex="2980" originalElevation="2.0" isOriginalElevationFromOSM="false"><ele>6.1</ele></trkpt>
<trkpt lat="35.391620" lon="128.870927" sectionIndex="0" pointIndex="2981" originalElevation="11.0" isOriginalElevationFromOSM="false"><ele>5.9</ele></trkpt>
<trkpt lat="35.391200" lon="128.871160" sectionIndex="0" pointIndex="2982" originalElevation="11.0" isOriginalElevationFromOSM="false"><ele>5.9</ele></trkpt>
<trkpt lat="35.390780" lon="128.871389" sectionIndex="0" pointIndex="2983" originalElevation="2.0" isOriginalElevationFromOSM="false"><ele>5.7</ele></trkpt>
<trkpt lat="35.390260" lon="128.871720" sectionIndex="0" pointIndex="2984" originalElevation="10.0" isOriginalElevationFromOSM="false"><ele>5.9</ele></trkpt>
<trkpt lat="35.389740" lon="128.872050" sectionIndex="0" pointIndex="2985" originalElevation="2.0" isOriginalElevationFromOSM="false"><ele>5.3</ele></trkpt>
<trkpt lat="35.388980" lon="128.872380" sectionIndex="0" pointIndex="2986" originalElevation="2.0" isOriginalElevationFromOSM="false"><ele>4.5</ele></trkpt>
<trkpt lat="35.388210" lon="128.872700" sectionIndex="0" pointIndex="2987" originalElevation="9.0" isOriginalElevationFromOSM="false"><ele>4.5</ele></trkpt>
<trkpt lat="35.387450" lon="128.872909" sectionIndex="0" pointIndex="2988" originalElevation="2.0" isOriginalElevationFromOSM="false"><ele>4.5</ele></trkpt>
<trkpt lat="35.386690" lon="128.873120" sectionIndex="0" pointIndex="2989" originalElevation="2.0" isOriginalElevationFromOSM="false"><ele>3.9</ele></trkpt>
<trkpt lat="35.385930" lon="128.873320" sectionIndex="0" pointIndex="2990" originalElevation="2.0" isOriginalElevationFromOSM="false"><ele>3.3</ele></trkpt>
<trkpt lat="35.385320" lon="128.873438" sectionIndex="0" pointIndex="2991" originalElevation="6.0" isOriginalElevationFromOSM="false"><ele>3.3</ele></trkpt>
<trkpt lat="35.384720" lon="128.873550" sectionIndex="0" pointIndex="2992" originalElevation="2.0" isOriginalElevationFromOSM="false"><ele>2.7</ele></trkpt>
<trkpt lat="35.384120" lon="128.873660" sectionIndex="0" pointIndex="2993" originalElevation="2.0" isOriginalElevationFromOSM="false"><ele>2.7</ele></trkpt>
<trkpt lat="35.383680" lon="128.873840" sectionIndex="0" pointIndex="2994" originalElevation="2.0" isOriginalElevationFromOSM="false"><ele>2.7</ele></trkpt>
<trkpt lat="35.383250" lon="128.874010" sectionIndex="0" pointIndex="2995" originalElevation="2.0" isOriginalElevationFromOSM="false"><ele>2.6</ele></trkpt>
<trkpt lat="35.382890" lon="128.874040" sectionIndex="0" pointIndex="2996" originalElevation="2.0" isOriginalElevationFromOSM="false"><ele>2.3</ele></trkpt>
<trkpt lat="35.382570" lon="128.873970" sectionIndex="0" pointIndex="2997" originalElevation="2.0" isOriginalElevationFromOSM="false"><ele>2.3</ele></trkpt>
<trkpt lat="35.382130" lon="128.874020" sectionIndex="0" pointIndex="2998" originalElevation="2.0" isOriginalElevationFromOSM="false"><ele>2.4</ele></trkpt>
<trkpt lat="35.381930" lon="128.874140" sectionIndex="0" pointIndex="2999" originalElevation="2.0" isOriginalElevationFromOSM="false"><ele>2.1</ele></trkpt>
<trkpt lat="35.381620" lon="128.874410" sectionIndex="0" pointIndex="3000" originalElevation="2.0" isOriginalElevationFromOSM="false"><ele>2.3</ele></trkpt>
<trkpt lat="35.380920" lon="128.874730" sectionIndex="0" pointIndex="3001" originalElevation="2.0" isOriginalElevationFromOSM="false"><ele>2.5</ele></trkpt>
<trkpt lat="35.380180" lon="128.875130" sectionIndex="0" pointIndex="3002" originalElevation="7.0" isOriginalElevationFromOSM="false"><ele>2.7</ele></trkpt>
<trkpt lat="35.379430" lon="128.875530" sectionIndex="0" pointIndex="3003" originalElevation="-2.0" isOriginalElevationFromOSM="false"><ele>2.9</ele></trkpt>
<trkpt lat="35.378680" lon="128.875930" sectionIndex="0" pointIndex="3004" originalElevation="2.0" isOriginalElevationFromOSM="false"><ele>3.2</ele></trkpt>
<trkpt lat="35.378020" lon="128.876550" sectionIndex="0" pointIndex="3005" originalElevation="3.0" isOriginalElevationFromOSM="false"><ele>3.5</ele></trkpt>
<trkpt lat="35.377410" lon="128.877230" sectionIndex="0" pointIndex="3006" originalElevation="2.0" isOriginalElevationFromOSM="false"><ele>3.8</ele></trkpt>
<trkpt lat="35.376800" lon="128.877910" sectionIndex="0" pointIndex="3007" originalElevation="5.0" isOriginalElevationFromOSM="false"><ele>4.1</ele></trkpt>
<trkpt lat="35.376190" lon="128.878590" sectionIndex="0" pointIndex="3008" originalElevation="5.0" isOriginalElevationFromOSM="false"><ele>4.5</ele></trkpt>
<trkpt lat="35.375580" lon="128.879269" sectionIndex="0" pointIndex="3009" originalElevation="5.0" isOriginalElevationFromOSM="false"><ele>4.7</ele></trkpt>
<trkpt lat="35.374970" lon="128.879950" sectionIndex="0" pointIndex="3010" originalElevation="5.0" isOriginalElevationFromOSM="false"><ele>4.7</ele></trkpt>
<trkpt lat="35.374370" lon="128.880630" sectionIndex="0" pointIndex="3011" originalElevation="6.0" isOriginalElevationFromOSM="false"><ele>5.3</ele></trkpt>
<trkpt lat="35.373870" lon="128.881329" sectionIndex="0" pointIndex="3012" originalElevation="6.0" isOriginalElevationFromOSM="false"><ele>5.5</ele></trkpt>
<trkpt lat="35.373370" lon="128.882038" sectionIndex="0" pointIndex="3013" originalElevation="7.0" isOriginalElevationFromOSM="false"><ele>5.8</ele></trkpt>
<trkpt lat="35.372980" lon="128.882890" sectionIndex="0" pointIndex="3014" originalElevation="7.0" isOriginalElevationFromOSM="false"><ele>6.1</ele></trkpt>
<trkpt lat="35.372590" lon="128.883749" sectionIndex="0" pointIndex="3015" originalElevation="7.0" isOriginalElevationFromOSM="false"><ele>6.1</ele></trkpt>
<trkpt lat="35.372380" lon="128.884420" sectionIndex="0" pointIndex="3016" originalElevation="6.0" isOriginalElevationFromOSM="false"><ele>6.4</ele></trkpt>
<trkpt lat="35.372180" lon="128.885089" sectionIndex="0" pointIndex="3017" originalElevation="6.0" isOriginalElevationFromOSM="false"><ele>6.7</ele></trkpt>
<trkpt lat="35.372060" lon="128.885940" sectionIndex="0" pointIndex="3018" originalElevation="7.0" isOriginalElevationFromOSM="false"><ele>6.9</ele></trkpt>
<trkpt lat="35.371940" lon="128.886777" sectionIndex="0" pointIndex="3019" originalElevation="6.0" isOriginalElevationFromOSM="false"><ele>7.1</ele></trkpt>
<trkpt lat="35.371820" lon="128.887630" sectionIndex="0" pointIndex="3020" originalElevation="7.0" isOriginalElevationFromOSM="false"><ele>7.1</ele></trkpt>
<trkpt lat="35.371680" lon="128.887959" sectionIndex="0" pointIndex="3021" originalElevation="7.0" isOriginalElevationFromOSM="false"><ele>7.1</ele></trkpt>
<trkpt lat="35.371500" lon="128.888240" sectionIndex="0" pointIndex="3022" originalElevation="5.0" isOriginalElevationFromOSM="false"><ele>7.0</ele></trkpt>
<trkpt lat="35.370820" lon="128.888489" sectionIndex="0" pointIndex="3023" originalElevation="9.0" isOriginalElevationFromOSM="false"><ele>6.9</ele></trkpt>
<trkpt lat="35.370700" lon="128.888650" sectionIndex="0" pointIndex="3024" originalElevation="9.0" isOriginalElevationFromOSM="false"><ele>6.8</ele></trkpt>
<trkpt lat="35.370650" lon="128.888980" sectionIndex="0" pointIndex="3025" originalElevation="9.0" isOriginalElevationFromOSM="false"><ele>6.8</ele></trkpt>
<trkpt lat="35.370700" lon="128.889160" sectionIndex="0" pointIndex="3026" originalElevation="9.0" isOriginalElevationFromOSM="false"><ele>6.7</ele></trkpt>
<trkpt lat="35.371110" lon="128.889378" sectionIndex="0" pointIndex="3027" originalElevation="6.0" isOriginalElevationFromOSM="false"><ele>6.7</ele></trkpt>
<trkpt lat="35.371240" lon="128.889550" sectionIndex="0" pointIndex="3028" originalElevation="6.0" isOriginalElevationFromOSM="false"><ele>6.7</ele></trkpt>
<trkpt lat="35.371360" lon="128.889880" sectionIndex="0" pointIndex="3029" originalElevation="6.0" isOriginalElevationFromOSM="false"><ele>6.6</ele></trkpt>
<trkpt lat="35.371350" lon="128.890210" sectionIndex="0" pointIndex="3030" originalElevation="5.0" isOriginalElevationFromOSM="false"><ele>6.6</ele></trkpt>
<trkpt lat="35.371190" lon="128.891230" sectionIndex="0" pointIndex="3031" originalElevation="5.0" isOriginalElevationFromOSM="false"><ele>6.4</ele></trkpt>
<trkpt lat="35.371030" lon="128.892248" sectionIndex="0" pointIndex="3032" originalElevation="6.0" isOriginalElevationFromOSM="false"><ele>6.2</ele></trkpt>
<trkpt lat="35.370870" lon="128.893270" sectionIndex="0" pointIndex="3033" originalElevation="6.0" isOriginalElevationFromOSM="false"><ele>6.0</ele></trkpt>
<trkpt lat="35.370700" lon="128.894297" sectionIndex="0" pointIndex="3034" originalElevation="6.0" isOriginalElevationFromOSM="false"><ele>5.8</ele></trkpt>
<trkpt lat="35.370540" lon="128.895320" sectionIndex="0" pointIndex="3035" originalElevation="6.0" isOriginalElevationFromOSM="false"><ele>5.8</ele></trkpt>
<trkpt lat="35.370380" lon="128.896340" sectionIndex="0" pointIndex="3036" originalElevation="6.0" isOriginalElevationFromOSM="false"><ele>5.8</ele></trkpt>
<trkpt lat="35.370220" lon="128.897370" sectionIndex="0" pointIndex="3037" originalElevation="5.0" isOriginalElevationFromOSM="false"><ele>5.9</ele></trkpt>
<trkpt lat="35.370060" lon="128.898390" sectionIndex="0" pointIndex="3038" originalElevation="6.0" isOriginalElevationFromOSM="false"><ele>5.9</ele></trkpt>
<trkpt lat="35.369900" lon="128.899408" sectionIndex="0" pointIndex="3039" originalElevation="6.0" isOriginalElevationFromOSM="false"><ele>6.0</ele></trkpt>
<trkpt lat="35.369740" lon="128.900430" sectionIndex="0" pointIndex="3040" originalElevation="6.0" isOriginalElevationFromOSM="false"><ele>6.0</ele></trkpt>
<trkpt lat="35.369580" lon="128.901457" sectionIndex="0" pointIndex="3041" originalElevation="6.0" isOriginalElevationFromOSM="false"><ele>6.0</ele></trkpt>
<trkpt lat="35.369420" lon="128.902480" sectionIndex="0" pointIndex="3042" originalElevation="6.0" isOriginalElevationFromOSM="false"><ele>5.9</ele></trkpt>
<trkpt lat="35.369260" lon="128.903500" sectionIndex="0" pointIndex="3043" originalElevation="6.0" isOriginalElevationFromOSM="false"><ele>6.0</ele></trkpt>
<trkpt lat="35.369100" lon="128.904519" sectionIndex="0" pointIndex="3044" originalElevation="7.0" isOriginalElevationFromOSM="false"><ele>5.9</ele></trkpt>
<trkpt lat="35.368780" lon="128.905010" sectionIndex="0" pointIndex="3045" originalElevation="6.0" isOriginalElevationFromOSM="false"><ele>5.8</ele></trkpt>
<trkpt lat="35.368470" lon="128.905509" sectionIndex="0" pointIndex="3046" originalElevation="6.0" isOriginalElevationFromOSM="false"><ele>5.5</ele></trkpt>
<trkpt lat="35.368400" lon="128.906500" sectionIndex="0" pointIndex="3047" originalElevation="6.0" isOriginalElevationFromOSM="false"><ele>5.3</ele></trkpt>
<trkpt lat="35.368330" lon="128.907490" sectionIndex="0" pointIndex="3048" originalElevation="6.0" isOriginalElevationFromOSM="false"><ele>5.1</ele></trkpt>
<trkpt lat="35.368260" lon="128.908480" sectionIndex="0" pointIndex="3049" originalElevation="5.0" isOriginalElevationFromOSM="false"><ele>5.2</ele></trkpt>
<trkpt lat="35.368190" lon="128.909480" sectionIndex="0" pointIndex="3050" originalElevation="7.0" isOriginalElevationFromOSM="false"><ele>5.2</ele></trkpt>
<trkpt lat="35.368120" lon="128.910470" sectionIndex="0" pointIndex="3051" originalElevation="4.0" isOriginalElevationFromOSM="false"><ele>4.9</ele></trkpt>
<trkpt lat="35.368050" lon="128.911460" sectionIndex="0" pointIndex="3052" originalElevation="4.0" isOriginalElevationFromOSM="false"><ele>4.6</ele></trkpt>
<trkpt lat="35.367850" lon="128.912260" sectionIndex="0" pointIndex="3053" originalElevation="2.0" isOriginalElevationFromOSM="false"><ele>4.1</ele></trkpt>
<trkpt lat="35.367650" lon="128.913060" sectionIndex="0" pointIndex="3054" originalElevation="3.0" isOriginalElevationFromOSM="false"><ele>4.1</ele></trkpt>
<trkpt lat="35.367450" lon="128.913860" sectionIndex="0" pointIndex="3055" originalElevation="2.0" isOriginalElevationFromOSM="false"><ele>3.9</ele></trkpt>
<trkpt lat="35.367200" lon="128.914448" sectionIndex="0" pointIndex="3056" originalElevation="8.0" isOriginalElevationFromOSM="false"><ele>3.8</ele></trkpt>
<trkpt lat="35.366950" lon="128.915030" sectionIndex="0" pointIndex="3057" originalElevation="6.0" isOriginalElevationFromOSM="false"><ele>3.6</ele></trkpt>
<trkpt lat="35.366320" lon="128.915780" sectionIndex="0" pointIndex="3058" originalElevation="2.0" isOriginalElevationFromOSM="false"><ele>3.3</ele></trkpt>
<trkpt lat="35.365690" lon="128.916540" sectionIndex="0" pointIndex="3059" originalElevation="2.0" isOriginalElevationFromOSM="false"><ele>3.1</ele></trkpt>
<trkpt lat="35.365060" lon="128.917290" sectionIndex="0" pointIndex="3060" originalElevation="-1.0" isOriginalElevationFromOSM="false"><ele>3.0</ele></trkpt>
<trkpt lat="35.364430" lon="128.918050" sectionIndex="0" pointIndex="3061" originalElevation="5.0" isOriginalElevationFromOSM="false"><ele>3.0</ele></trkpt>
<trkpt lat="35.364050" lon="128.918520" sectionIndex="0" pointIndex="3062" originalElevation="4.0" isOriginalElevationFromOSM="false"><ele>2.8</ele></trkpt>
<trkpt lat="35.363670" lon="128.919000" sectionIndex="0" pointIndex="3063" originalElevation="4.0" isOriginalElevationFromOSM="false"><ele>2.9</ele></trkpt>
<trkpt lat="35.362980" lon="128.919610" sectionIndex="0" pointIndex="3064" originalElevation="2.0" isOriginalElevationFromOSM="false"><ele>2.8</ele></trkpt>
<trkpt lat="35.362420" lon="128.920268" sectionIndex="0" pointIndex="3065" originalElevation="2.0" isOriginalElevationFromOSM="false"><ele>2.9</ele></trkpt>
<trkpt lat="35.362040" lon="128.920500" sectionIndex="0" pointIndex="3066" originalElevation="2.0" isOriginalElevationFromOSM="false"><ele>3.2</ele></trkpt>
<trkpt lat="35.361660" lon="128.921130" sectionIndex="0" pointIndex="3067" originalElevation="2.0" isOriginalElevationFromOSM="false"><ele>3.5</ele></trkpt>
<trkpt lat="35.361280" lon="128.921500" sectionIndex="0" pointIndex="3068" originalElevation="2.0" isOriginalElevationFromOSM="false"><ele>4.0</ele></trkpt>
<trkpt lat="35.360690" lon="128.922320" sectionIndex="0" pointIndex="3069" originalElevation="0.0" isOriginalElevationFromOSM="false"><ele>4.1</ele></trkpt>
<trkpt lat="35.360100" lon="128.923138" sectionIndex="0" pointIndex="3070" originalElevation="4.0" isOriginalElevationFromOSM="false"><ele>4.1</ele></trkpt>
<trkpt lat="35.359520" lon="128.923960" sectionIndex="0" pointIndex="3071" originalElevation="6.0" isOriginalElevationFromOSM="false"><ele>4.0</ele></trkpt>
<trkpt lat="35.359320" lon="128.924208" sectionIndex="0" pointIndex="3072" originalElevation="7.0" isOriginalElevationFromOSM="false"><ele>4.0</ele></trkpt>
<trkpt lat="35.359180" lon="128.924450" sectionIndex="0" pointIndex="3073" originalElevation="7.0" isOriginalElevationFromOSM="false"><ele>4.0</ele></trkpt>
<trkpt lat="35.358580" lon="128.925140" sectionIndex="0" pointIndex="3074" originalElevation="7.0" isOriginalElevationFromOSM="false"><ele>4.5</ele></trkpt>
<trkpt lat="35.357980" lon="128.925840" sectionIndex="0" pointIndex="3075" originalElevation="6.0" isOriginalElevationFromOSM="false"><ele>4.5</ele></trkpt>
<trkpt lat="35.357550" lon="128.926268" sectionIndex="0" pointIndex="3076" originalElevation="6.0" isOriginalElevationFromOSM="false"><ele>4.5</ele></trkpt>
<trkpt lat="35.357030" lon="128.926690" sectionIndex="0" pointIndex="3077" originalElevation="5.0" isOriginalElevationFromOSM="false"><ele>4.7</ele></trkpt>
<trkpt lat="35.356520" lon="128.927100" sectionIndex="0" pointIndex="3078" originalElevation="2.0" isOriginalElevationFromOSM="false"><ele>4.5</ele></trkpt>
<trkpt lat="35.356050" lon="128.927427" sectionIndex="0" pointIndex="3079" originalElevation="2.0" isOriginalElevationFromOSM="false"><ele>4.6</ele></trkpt>
<trkpt lat="35.355780" lon="128.927680" sectionIndex="0" pointIndex="3080" originalElevation="2.0" isOriginalElevationFromOSM="false"><ele>4.3</ele></trkpt>
<trkpt lat="35.355110" lon="128.928380" sectionIndex="0" pointIndex="3081" originalElevation="10.0" isOriginalElevationFromOSM="false"><ele>4.0</ele></trkpt>
<trkpt lat="35.354440" lon="128.929080" sectionIndex="0" pointIndex="3082" originalElevation="2.0" isOriginalElevationFromOSM="false"><ele>4.0</ele></trkpt>
<trkpt lat="35.354340" lon="128.929120" sectionIndex="0" pointIndex="3083" originalElevation="2.0" isOriginalElevationFromOSM="false"><ele>4.1</ele></trkpt>
<trkpt lat="35.354110" lon="128.929420" sectionIndex="0" pointIndex="3084" originalElevation="2.0" isOriginalElevationFromOSM="false"><ele>4.1</ele></trkpt>
<trkpt lat="35.354080" lon="128.929510" sectionIndex="0" pointIndex="3085" originalElevation="2.0" isOriginalElevationFromOSM="false"><ele>4.3</ele></trkpt>
<trkpt lat="35.353600" lon="128.930150" sectionIndex="0" pointIndex="3086" originalElevation="7.0" isOriginalElevationFromOSM="false"><ele>5.1</ele></trkpt>
<trkpt lat="35.353110" lon="128.930790" sectionIndex="0" pointIndex="3087" originalElevation="2.0" isOriginalElevationFromOSM="false"><ele>5.5</ele></trkpt>
<trkpt lat="35.352630" lon="128.931440" sectionIndex="0" pointIndex="3088" originalElevation="3.0" isOriginalElevationFromOSM="false"><ele>5.9</ele></trkpt>
<trkpt lat="35.352150" lon="128.932080" sectionIndex="0" pointIndex="3089" originalElevation="7.0" isOriginalElevationFromOSM="false"><ele>5.7</ele></trkpt>
<trkpt lat="35.351920" lon="128.932310" sectionIndex="0" pointIndex="3090" originalElevation="7.0" isOriginalElevationFromOSM="false"><ele>6.1</ele></trkpt>
<trkpt lat="35.351850" lon="128.932400" sectionIndex="0" pointIndex="3091" originalElevation="7.0" isOriginalElevationFromOSM="false"><ele>6.4</ele></trkpt>
<trkpt lat="35.351770" lon="128.932448" sectionIndex="0" pointIndex="3092" originalElevation="7.0" isOriginalElevationFromOSM="false"><ele>6.4</ele></trkpt>
<trkpt lat="35.351720" lon="128.932549" sectionIndex="0" pointIndex="3093" originalElevation="14.0" isOriginalElevationFromOSM="false"><ele>6.4</ele></trkpt>
<trkpt lat="35.351650" lon="128.932617" sectionIndex="0" pointIndex="3094" originalElevation="8.0" isOriginalElevationFromOSM="false"><ele>6.1</ele></trkpt>
<trkpt lat="35.351550" lon="128.932670" sectionIndex="0" pointIndex="3095" originalElevation="8.0" isOriginalElevationFromOSM="false"><ele>6.1</ele></trkpt>
<trkpt lat="35.351400" lon="128.932808" sectionIndex="0" pointIndex="3096" originalElevation="8.0" isOriginalElevationFromOSM="false"><ele>6.0</ele></trkpt>
<trkpt lat="35.351340" lon="128.933020" sectionIndex="0" pointIndex="3097" originalElevation="8.0" isOriginalElevationFromOSM="false"><ele>5.7</ele></trkpt>
<trkpt lat="35.351140" lon="128.933370" sectionIndex="0" pointIndex="3098" originalElevation="6.0" isOriginalElevationFromOSM="false"><ele>5.3</ele></trkpt>
<trkpt lat="35.350540" lon="128.934148" sectionIndex="0" pointIndex="3099" originalElevation="2.0" isOriginalElevationFromOSM="false"><ele>5.0</ele></trkpt>
<trkpt lat="35.349940" lon="128.934930" sectionIndex="0" pointIndex="3100" originalElevation="2.0" isOriginalElevationFromOSM="false"><ele>5.1</ele></trkpt>
<trkpt lat="35.349420" lon="128.935550" sectionIndex="0" pointIndex="3101" originalElevation="2.0" isOriginalElevationFromOSM="false"><ele>4.5</ele></trkpt>
<trkpt lat="35.348950" lon="128.935990" sectionIndex="0" pointIndex="3102" originalElevation="2.0" isOriginalElevationFromOSM="false"><ele>4.3</ele></trkpt>
<trkpt lat="35.348470" lon="128.936420" sectionIndex="0" pointIndex="3103" originalElevation="2.0" isOriginalElevationFromOSM="false"><ele>4.1</ele></trkpt>
<trkpt lat="35.348430" lon="128.936450" sectionIndex="0" pointIndex="3104" originalElevation="2.0" isOriginalElevationFromOSM="false"><ele>3.7</ele></trkpt>
<trkpt lat="35.348240" lon="128.936530" sectionIndex="0" pointIndex="3105" originalElevation="2.0" isOriginalElevationFromOSM="false"><ele>3.3</ele></trkpt>
<trkpt lat="35.348110" lon="128.936630" sectionIndex="0" pointIndex="3106" originalElevation="2.0" isOriginalElevationFromOSM="false"><ele>3.3</ele></trkpt>
<trkpt lat="35.347550" lon="128.937210" sectionIndex="0" pointIndex="3107" originalElevation="9.0" isOriginalElevationFromOSM="false"><ele>3.7</ele></trkpt>
<trkpt lat="35.346990" lon="128.937780" sectionIndex="0" pointIndex="3108" originalElevation="4.0" isOriginalElevationFromOSM="false"><ele>4.0</ele></trkpt>
<trkpt lat="35.346430" lon="128.938358" sectionIndex="0" pointIndex="3109" originalElevation="5.0" isOriginalElevationFromOSM="false"><ele>4.0</ele></trkpt>
<trkpt lat="35.345860" lon="128.938940" sectionIndex="0" pointIndex="3110" originalElevation="5.0" isOriginalElevationFromOSM="false"><ele>4.0</ele></trkpt>
<trkpt lat="35.345300" lon="128.939517" sectionIndex="0" pointIndex="3111" originalElevation="3.0" isOriginalElevationFromOSM="false"><ele>4.5</ele></trkpt>
<trkpt lat="35.344910" lon="128.939878" sectionIndex="0" pointIndex="3112" originalElevation="1.0" isOriginalElevationFromOSM="false"><ele>4.9</ele></trkpt>
<trkpt lat="35.344480" lon="128.940328" sectionIndex="0" pointIndex="3113" originalElevation="7.0" isOriginalElevationFromOSM="false"><ele>5.4</ele></trkpt>
<trkpt lat="35.344390" lon="128.940370" sectionIndex="0" pointIndex="3114" originalElevation="7.0" isOriginalElevationFromOSM="false"><ele>5.5</ele></trkpt>
<trkpt lat="35.344210" lon="128.940370" sectionIndex="0" pointIndex="3115" originalElevation="7.0" isOriginalElevationFromOSM="false"><ele>5.1</ele></trkpt>
<trkpt lat="35.344030" lon="128.940410" sectionIndex="0" pointIndex="3116" originalElevation="2.0" isOriginalElevationFromOSM="false"><ele>5.0</ele></trkpt>
<trkpt lat="35.343900" lon="128.940550" sectionIndex="0" pointIndex="3117" originalElevation="2.0" isOriginalElevationFromOSM="false"><ele>5.0</ele></trkpt>
<trkpt lat="35.343470" lon="128.940840" sectionIndex="0" pointIndex="3118" originalElevation="9.0" isOriginalElevationFromOSM="false"><ele>4.8</ele></trkpt>
<trkpt lat="35.343400" lon="128.940910" sectionIndex="0" pointIndex="3119" originalElevation="9.0" isOriginalElevationFromOSM="false"><ele>4.9</ele></trkpt>
<trkpt lat="35.343340" lon="128.941127" sectionIndex="0" pointIndex="3120" originalElevation="9.0" isOriginalElevationFromOSM="false"><ele>4.9</ele></trkpt>
<trkpt lat="35.343320" lon="128.941240" sectionIndex="0" pointIndex="3121" originalElevation="3.0" isOriginalElevationFromOSM="false"><ele>4.9</ele></trkpt>
<trkpt lat="35.343270" lon="128.941460" sectionIndex="0" pointIndex="3122" originalElevation="3.0" isOriginalElevationFromOSM="false"><ele>4.7</ele></trkpt>
<trkpt lat="35.343220" lon="128.941550" sectionIndex="0" pointIndex="3123" originalElevation="3.0" isOriginalElevationFromOSM="false"><ele>4.5</ele></trkpt>
<trkpt lat="35.342740" lon="128.942170" sectionIndex="0" pointIndex="3124" originalElevation="5.0" isOriginalElevationFromOSM="false"><ele>4.7</ele></trkpt>
<trkpt lat="35.342260" lon="128.942800" sectionIndex="0" pointIndex="3125" originalElevation="2.0" isOriginalElevationFromOSM="false"><ele>4.9</ele></trkpt>
<trkpt lat="35.341780" lon="128.943420" sectionIndex="0" pointIndex="3126" originalElevation="5.0" isOriginalElevationFromOSM="false"><ele>4.7</ele></trkpt>
<trkpt lat="35.341380" lon="128.944260" sectionIndex="0" pointIndex="3127" originalElevation="1.0" isOriginalElevationFromOSM="false"><ele>4.4</ele></trkpt>
<trkpt lat="35.340990" lon="128.945110" sectionIndex="0" pointIndex="3128" originalElevation="6.0" isOriginalElevationFromOSM="false"><ele>4.2</ele></trkpt>
<trkpt lat="35.340590" lon="128.945950" sectionIndex="0" pointIndex="3129" originalElevation="4.0" isOriginalElevationFromOSM="false"><ele>4.4</ele></trkpt>
<trkpt lat="35.340440" lon="128.946339" sectionIndex="0" pointIndex="3130" originalElevation="4.0" isOriginalElevationFromOSM="false"><ele>4.6</ele></trkpt>
<trkpt lat="35.340330" lon="128.946720" sectionIndex="0" pointIndex="3131" originalElevation="5.0" isOriginalElevationFromOSM="false"><ele>4.7</ele></trkpt>
<trkpt lat="35.340080" lon="128.947610" sectionIndex="0" pointIndex="3132" originalElevation="6.0" isOriginalElevationFromOSM="false"><ele>4.8</ele></trkpt>
<trkpt lat="35.339830" lon="128.948500" sectionIndex="0" pointIndex="3133" originalElevation="5.0" isOriginalElevationFromOSM="false"><ele>4.9</ele></trkpt>
<trkpt lat="35.339740" lon="128.948737" sectionIndex="0" pointIndex="3134" originalElevation="5.0" isOriginalElevationFromOSM="false"><ele>4.9</ele></trkpt>
<trkpt lat="35.339610" lon="128.949277" sectionIndex="0" pointIndex="3135" originalElevation="6.0" isOriginalElevationFromOSM="false"><ele>5.1</ele></trkpt>
<trkpt lat="35.339340" lon="128.950170" sectionIndex="0" pointIndex="3136" originalElevation="6.0" isOriginalElevationFromOSM="false"><ele>5.0</ele></trkpt>
<trkpt lat="35.339120" lon="128.950760" sectionIndex="0" pointIndex="3137" originalElevation="6.0" isOriginalElevationFromOSM="false"><ele>5.0</ele></trkpt>
<trkpt lat="35.338780" lon="128.951529" sectionIndex="0" pointIndex="3138" originalElevation="5.0" isOriginalElevationFromOSM="false"><ele>5.0</ele></trkpt>
<trkpt lat="35.338480" lon="128.952317" sectionIndex="0" pointIndex="3139" originalElevation="6.0" isOriginalElevationFromOSM="false"><ele>5.0</ele></trkpt>
<trkpt lat="35.338320" lon="128.952810" sectionIndex="0" pointIndex="3140" originalElevation="4.0" isOriginalElevationFromOSM="false"><ele>4.8</ele></trkpt>
<trkpt lat="35.338210" lon="128.953260" sectionIndex="0" pointIndex="3141" originalElevation="4.0" isOriginalElevationFromOSM="false"><ele>4.9</ele></trkpt>
<trkpt lat="35.338040" lon="128.953900" sectionIndex="0" pointIndex="3142" originalElevation="4.0" isOriginalElevationFromOSM="false"><ele>5.0</ele></trkpt>
<trkpt lat="35.337870" lon="128.954550" sectionIndex="0" pointIndex="3143" originalElevation="5.0" isOriginalElevationFromOSM="false"><ele>4.9</ele></trkpt>
<trkpt lat="35.337720" lon="128.955080" sectionIndex="0" pointIndex="3144" originalElevation="4.0" isOriginalElevationFromOSM="false"><ele>4.9</ele></trkpt>
<trkpt lat="35.337570" lon="128.955600" sectionIndex="0" pointIndex="3145" originalElevation="4.0" isOriginalElevationFromOSM="false"><ele>4.9</ele></trkpt>
<trkpt lat="35.337300" lon="128.956460" sectionIndex="0" pointIndex="3146" originalElevation="5.0" isOriginalElevationFromOSM="false"><ele>5.0</ele></trkpt>
<trkpt lat="35.337030" lon="128.957320" sectionIndex="0" pointIndex="3147" originalElevation="3.0" isOriginalElevationFromOSM="false"><ele>5.1</ele></trkpt>
<trkpt lat="35.336860" lon="128.957840" sectionIndex="0" pointIndex="3148" originalElevation="6.0" isOriginalElevationFromOSM="false"><ele>5.2</ele></trkpt>
<trkpt lat="35.336680" lon="128.958360" sectionIndex="0" pointIndex="3149" originalElevation="7.0" isOriginalElevationFromOSM="false"><ele>5.3</ele></trkpt>
<trkpt lat="35.336440" lon="128.959260" sectionIndex="0" pointIndex="3150" originalElevation="5.0" isOriginalElevationFromOSM="false"><ele>5.4</ele></trkpt>
<trkpt lat="35.336310" lon="128.960000" sectionIndex="0" pointIndex="3151" originalElevation="6.0" isOriginalElevationFromOSM="false"><ele>5.4</ele></trkpt>
<trkpt lat="35.336250" lon="128.960208" sectionIndex="0" pointIndex="3152" originalElevation="6.0" isOriginalElevationFromOSM="false"><ele>5.5</ele></trkpt>
<trkpt lat="35.336110" lon="128.960520" sectionIndex="0" pointIndex="3153" originalElevation="6.0" isOriginalElevationFromOSM="false"><ele>5.3</ele></trkpt>
<trkpt lat="35.335900" lon="128.960890" sectionIndex="0" pointIndex="3154" originalElevation="7.0" isOriginalElevationFromOSM="false"><ele>5.1</ele></trkpt>
<trkpt lat="35.335820" lon="128.961080" sectionIndex="0" pointIndex="3155" originalElevation="6.0" isOriginalElevationFromOSM="false"><ele>5.3</ele></trkpt>
<trkpt lat="35.335730" lon="128.961350" sectionIndex="0" pointIndex="3156" originalElevation="6.0" isOriginalElevationFromOSM="false"><ele>5.1</ele></trkpt>
<trkpt lat="35.335590" lon="128.962099" sectionIndex="0" pointIndex="3157" originalElevation="5.0" isOriginalElevationFromOSM="false"><ele>5.1</ele></trkpt>
<trkpt lat="35.335560" lon="128.962320" sectionIndex="0" pointIndex="3158" originalElevation="5.0" isOriginalElevationFromOSM="false"><ele>5.1</ele></trkpt>
<trkpt lat="35.335560" lon="128.962320" sectionIndex="0" pointIndex="3159" originalElevation="5.0" isOriginalElevationFromOSM="false"><ele>5.1</ele></trkpt>
<trkpt lat="35.335540" lon="128.962510" sectionIndex="0" pointIndex="3160" originalElevation="2.0" isOriginalElevationFromOSM="false"><ele>4.8</ele></trkpt>
<trkpt lat="35.335420" lon="128.962989" sectionIndex="0" pointIndex="3161" originalElevation="2.0" isOriginalElevationFromOSM="false"><ele>4.7</ele></trkpt>
<trkpt lat="35.335090" lon="128.963900" sectionIndex="0" pointIndex="3162" originalElevation="5.0" isOriginalElevationFromOSM="false"><ele>4.4</ele></trkpt>
<trkpt lat="35.334870" lon="128.964640" sectionIndex="0" pointIndex="3163" originalElevation="4.0" isOriginalElevationFromOSM="false"><ele>4.2</ele></trkpt>
<trkpt lat="35.334650" lon="128.965390" sectionIndex="0" pointIndex="3164" originalElevation="6.0" isOriginalElevationFromOSM="false"><ele>4.1</ele></trkpt>
<trkpt lat="35.334550" lon="128.965620" sectionIndex="0" pointIndex="3165" originalElevation="6.0" isOriginalElevationFromOSM="false"><ele>3.7</ele></trkpt>
<trkpt lat="35.334280" lon="128.966130" sectionIndex="0" pointIndex="3166" originalElevation="5.0" isOriginalElevationFromOSM="false"><ele>3.6</ele></trkpt>
<trkpt lat="35.334060" lon="128.966659" sectionIndex="0" pointIndex="3167" originalElevation="2.0" isOriginalElevationFromOSM="false"><ele>3.5</ele></trkpt>
<trkpt lat="35.333830" lon="128.967188" sectionIndex="0" pointIndex="3168" originalElevation="4.0" isOriginalElevationFromOSM="false"><ele>3.5</ele></trkpt>
<trkpt lat="35.333600" lon="128.967690" sectionIndex="0" pointIndex="3169" originalElevation="3.0" isOriginalElevationFromOSM="false"><ele>3.6</ele></trkpt>
<trkpt lat="35.333340" lon="128.968130" sectionIndex="0" pointIndex="3170" originalElevation="3.0" isOriginalElevationFromOSM="false"><ele>3.3</ele></trkpt>
<trkpt lat="35.333240" lon="128.968330" sectionIndex="0" pointIndex="3171" originalElevation="4.0" isOriginalElevationFromOSM="false"><ele>3.1</ele></trkpt>
<trkpt lat="35.333080" lon="128.968820" sectionIndex="0" pointIndex="3172" originalElevation="0.0" isOriginalElevationFromOSM="false"><ele>2.8</ele></trkpt>
<trkpt lat="35.332860" lon="128.969640" sectionIndex="0" pointIndex="3173" originalElevation="3.0" isOriginalElevationFromOSM="false"><ele>2.5</ele></trkpt>
<trkpt lat="35.332840" lon="128.969810" sectionIndex="0" pointIndex="3174" originalElevation="3.0" isOriginalElevationFromOSM="false"><ele>2.2</ele></trkpt>
<trkpt lat="35.332840" lon="128.969910" sectionIndex="0" pointIndex="3175" originalElevation="3.0" isOriginalElevationFromOSM="false"><ele>2.3</ele></trkpt>
<trkpt lat="35.332870" lon="128.970000" sectionIndex="0" pointIndex="3176" originalElevation="3.0" isOriginalElevationFromOSM="false"><ele>2.3</ele></trkpt>
<trkpt lat="35.332960" lon="128.970137" sectionIndex="0" pointIndex="3177" originalElevation="1.0" isOriginalElevationFromOSM="false"><ele>2.7</ele></trkpt>
<trkpt lat="35.332980" lon="128.970260" sectionIndex="0" pointIndex="3178" originalElevation="1.0" isOriginalElevationFromOSM="false"><ele>3.1</ele></trkpt>
<trkpt lat="35.332940" lon="128.970390" sectionIndex="0" pointIndex="3179" originalElevation="1.0" isOriginalElevationFromOSM="false"><ele>3.3</ele></trkpt>
<trkpt lat="35.332830" lon="128.970580" sectionIndex="0" pointIndex="3180" originalElevation="1.0" isOriginalElevationFromOSM="false"><ele>3.8</ele></trkpt>
<trkpt lat="35.332730" lon="128.970790" sectionIndex="0" pointIndex="3181" originalElevation="1.0" isOriginalElevationFromOSM="false"><ele>4.1</ele></trkpt>
<trkpt lat="35.332600" lon="128.970920" sectionIndex="0" pointIndex="3182" originalElevation="3.0" isOriginalElevationFromOSM="false"><ele>4.3</ele></trkpt>
<trkpt lat="35.332280" lon="128.971330" sectionIndex="0" pointIndex="3183" originalElevation="5.0" isOriginalElevationFromOSM="false"><ele>4.7</ele></trkpt>
<trkpt lat="35.331970" lon="128.971740" sectionIndex="0" pointIndex="3184" originalElevation="9.0" isOriginalElevationFromOSM="false"><ele>5.0</ele></trkpt>
<trkpt lat="35.331810" lon="128.971900" sectionIndex="0" pointIndex="3185" originalElevation="9.0" isOriginalElevationFromOSM="false"><ele>5.5</ele></trkpt>
<trkpt lat="35.331390" lon="128.972280" sectionIndex="0" pointIndex="3186" originalElevation="6.0" isOriginalElevationFromOSM="false"><ele>5.5</ele></trkpt>
<trkpt lat="35.330970" lon="128.972610" sectionIndex="0" pointIndex="3187" originalElevation="8.0" isOriginalElevationFromOSM="false"><ele>5.6</ele></trkpt>
<trkpt lat="35.330510" lon="128.972918" sectionIndex="0" pointIndex="3188" originalElevation="7.0" isOriginalElevationFromOSM="false"><ele>5.7</ele></trkpt>
<trkpt lat="35.330080" lon="128.973180" sectionIndex="0" pointIndex="3189" originalElevation="7.0" isOriginalElevationFromOSM="false"><ele>6.6</ele></trkpt>
<trkpt lat="35.329490" lon="128.973420" sectionIndex="0" pointIndex="3190" originalElevation="8.0" isOriginalElevationFromOSM="false"><ele>7.2</ele></trkpt>
<trkpt lat="35.328890" lon="128.973660" sectionIndex="0" pointIndex="3191" originalElevation="8.0" isOriginalElevationFromOSM="false"><ele>7.7</ele></trkpt>
<trkpt lat="35.328720" lon="128.973717" sectionIndex="0" pointIndex="3192" originalElevation="8.0" isOriginalElevationFromOSM="false"><ele>7.5</ele></trkpt>
<trkpt lat="35.327930" lon="128.973890" sectionIndex="0" pointIndex="3193" originalElevation="2.0" isOriginalElevationFromOSM="false"><ele>7.4</ele></trkpt>
<trkpt lat="35.327760" lon="128.973890" sectionIndex="0" pointIndex="3194" originalElevation="2.0" isOriginalElevationFromOSM="false"><ele>7.5</ele></trkpt>
<trkpt lat="35.327170" lon="128.974030" sectionIndex="0" pointIndex="3195" originalElevation="2.0" isOriginalElevationFromOSM="false"><ele>7.7</ele></trkpt>
<trkpt lat="35.326730" lon="128.974220" sectionIndex="0" pointIndex="3196" originalElevation="15.0" isOriginalElevationFromOSM="false"><ele>7.9</ele></trkpt>
<trkpt lat="35.326190" lon="128.974320" sectionIndex="0" pointIndex="3197" originalElevation="12.0" isOriginalElevationFromOSM="false"><ele>8.5</ele></trkpt>
<trkpt lat="35.325940" lon="128.974347" sectionIndex="0" pointIndex="3198" originalElevation="12.0" isOriginalElevationFromOSM="false"><ele>9.1</ele></trkpt>
<trkpt lat="35.325790" lon="128.974359" sectionIndex="0" pointIndex="3199" originalElevation="7.0" isOriginalElevationFromOSM="false"><ele>9.6</ele></trkpt>
<trkpt lat="35.325570" lon="128.974340" sectionIndex="0" pointIndex="3200" originalElevation="7.0" isOriginalElevationFromOSM="false"><ele>10.1</ele></trkpt>
<trkpt lat="35.325230" lon="128.974240" sectionIndex="0" pointIndex="3201" originalElevation="7.0" isOriginalElevationFromOSM="false"><ele>10.5</ele></trkpt>
<trkpt lat="35.324920" lon="128.974280" sectionIndex="0" pointIndex="3202" originalElevation="11.0" isOriginalElevationFromOSM="false"><ele>10.8</ele></trkpt>
<trkpt lat="35.324290" lon="128.974257" sectionIndex="0" pointIndex="3203" originalElevation="11.0" isOriginalElevationFromOSM="false"><ele>11.0</ele></trkpt>
<trkpt lat="35.323980" lon="128.974280" sectionIndex="0" pointIndex="3204" originalElevation="16.0" isOriginalElevationFromOSM="false"><ele>10.3</ele></trkpt>
<trkpt lat="35.323870" lon="128.974268" sectionIndex="0" pointIndex="3205" originalElevation="16.0" isOriginalElevationFromOSM="false"><ele>10.5</ele></trkpt>
<trkpt lat="35.323580" lon="128.974190" sectionIndex="0" pointIndex="3206" originalElevation="16.0" isOriginalElevationFromOSM="false"><ele>10.6</ele></trkpt>
<trkpt lat="35.323360" lon="128.974190" sectionIndex="0" pointIndex="3207" originalElevation="16.0" isOriginalElevationFromOSM="false"><ele>10.3</ele></trkpt>
<trkpt lat="35.323210" lon="128.974140" sectionIndex="0" pointIndex="3208" originalElevation="7.0" isOriginalElevationFromOSM="false"><ele>10.7</ele></trkpt>
<trkpt lat="35.322750" lon="128.973897" sectionIndex="0" pointIndex="3209" originalElevation="7.0" isOriginalElevationFromOSM="false"><ele>11.1</ele></trkpt>
<trkpt lat="35.322380" lon="128.973728" sectionIndex="0" pointIndex="3210" originalElevation="5.0" isOriginalElevationFromOSM="false"><ele>11.3</ele></trkpt>
<trkpt lat="35.321900" lon="128.973649" sectionIndex="0" pointIndex="3211" originalElevation="5.0" isOriginalElevationFromOSM="false"><ele>11.4</ele></trkpt>
<trkpt lat="35.321410" lon="128.973559" sectionIndex="0" pointIndex="3212" originalElevation="14.0" isOriginalElevationFromOSM="false"><ele>10.5</ele></trkpt>
<trkpt lat="35.320990" lon="128.973510" sectionIndex="0" pointIndex="3213" originalElevation="14.0" isOriginalElevationFromOSM="false"><ele>9.8</ele></trkpt>
<trkpt lat="35.320320" lon="128.973510" sectionIndex="0" pointIndex="3214" originalElevation="2.0" isOriginalElevationFromOSM="false"><ele>9.1</ele></trkpt>
<trkpt lat="35.319850" lon="128.973469" sectionIndex="0" pointIndex="3215" originalElevation="13.0" isOriginalElevationFromOSM="false"><ele>8.5</ele></trkpt>
<trkpt lat="35.319380" lon="128.973360" sectionIndex="0" pointIndex="3216" originalElevation="13.0" isOriginalElevationFromOSM="false"><ele>8.4</ele></trkpt>
<trkpt lat="35.318830" lon="128.973400" sectionIndex="0" pointIndex="3217" originalElevation="14.0" isOriginalElevationFromOSM="false"><ele>8.3</ele></trkpt>
<trkpt lat="35.318280" lon="128.973400" sectionIndex="0" pointIndex="3218" originalElevation="13.0" isOriginalElevationFromOSM="false"><ele>8.1</ele></trkpt>
<trkpt lat="35.317970" lon="128.973310" sectionIndex="0" pointIndex="3219" originalElevation="2.0" isOriginalElevationFromOSM="false"><ele>7.9</ele></trkpt>
<trkpt lat="35.317410" lon="128.973400" sectionIndex="0" pointIndex="3220" originalElevation="6.0" isOriginalElevationFromOSM="false"><ele>7.3</ele></trkpt>
<trkpt lat="35.317120" lon="128.973520" sectionIndex="0" pointIndex="3221" originalElevation="6.0" isOriginalElevationFromOSM="false"><ele>6.6</ele></trkpt>
<trkpt lat="35.317000" lon="128.973570" sectionIndex="0" pointIndex="3222" originalElevation="6.0" isOriginalElevationFromOSM="false"><ele>6.8</ele></trkpt>
<trkpt lat="35.316940" lon="128.973620" sectionIndex="0" pointIndex="3223" originalElevation="6.0" isOriginalElevationFromOSM="false"><ele>6.4</ele></trkpt>
<trkpt lat="35.316820" lon="128.973800" sectionIndex="0" pointIndex="3224" originalElevation="6.0" isOriginalElevationFromOSM="false"><ele>6.1</ele></trkpt>
<trkpt lat="35.316470" lon="128.973940" sectionIndex="0" pointIndex="3225" originalElevation="2.0" isOriginalElevationFromOSM="false"><ele>5.7</ele></trkpt>
<trkpt lat="35.316320" lon="128.973950" sectionIndex="0" pointIndex="3226" originalElevation="2.0" isOriginalElevationFromOSM="false"><ele>5.3</ele></trkpt>
<trkpt lat="35.315800" lon="128.974240" sectionIndex="0" pointIndex="3227" originalElevation="4.0" isOriginalElevationFromOSM="false"><ele>5.5</ele></trkpt>
<trkpt lat="35.315540" lon="128.974410" sectionIndex="0" pointIndex="3228" originalElevation="4.0" isOriginalElevationFromOSM="false"><ele>5.5</ele></trkpt>
<trkpt lat="35.314800" lon="128.975000" sectionIndex="0" pointIndex="3229" originalElevation="5.0" isOriginalElevationFromOSM="false"><ele>5.9</ele></trkpt>
<trkpt lat="35.314270" lon="128.975428" sectionIndex="0" pointIndex="3230" originalElevation="7.0" isOriginalElevationFromOSM="false"><ele>6.3</ele></trkpt>
<trkpt lat="35.313740" lon="128.975867" sectionIndex="0" pointIndex="3231" originalElevation="9.0" isOriginalElevationFromOSM="false"><ele>6.7</ele></trkpt>
<trkpt lat="35.313330" lon="128.976190" sectionIndex="0" pointIndex="3232" originalElevation="7.0" isOriginalElevationFromOSM="false"><ele>7.0</ele></trkpt>
<trkpt lat="35.312930" lon="128.976509" sectionIndex="0" pointIndex="3233" originalElevation="7.0" isOriginalElevationFromOSM="false"><ele>7.5</ele></trkpt>
<trkpt lat="35.312440" lon="128.976920" sectionIndex="0" pointIndex="3234" originalElevation="6.0" isOriginalElevationFromOSM="false"><ele>7.9</ele></trkpt>
<trkpt lat="35.311970" lon="128.977330" sectionIndex="0" pointIndex="3235" originalElevation="6.0" isOriginalElevationFromOSM="false"><ele>8.1</ele></trkpt>
<trkpt lat="35.311590" lon="128.977569" sectionIndex="0" pointIndex="3236" originalElevation="12.1" isOriginalElevationFromOSM="true"><ele>8.3</ele></trkpt>
<trkpt lat="35.311250" lon="128.977740" sectionIndex="0" pointIndex="3237" originalElevation="12.2" isOriginalElevationFromOSM="true"><ele>8.3</ele></trkpt>
<trkpt lat="35.311140" lon="128.977790" sectionIndex="0" pointIndex="3238" originalElevation="11.8" isOriginalElevationFromOSM="true"><ele>8.1</ele></trkpt>
<trkpt lat="35.310980" lon="128.977740" sectionIndex="0" pointIndex="3239" originalElevation="9.8" isOriginalElevationFromOSM="true"><ele>7.8</ele></trkpt>
<trkpt lat="35.310910" lon="128.977740" sectionIndex="0" pointIndex="3240" originalElevation="9.2" isOriginalElevationFromOSM="true"><ele>7.7</ele></trkpt>
<trkpt lat="35.310800" lon="128.977780" sectionIndex="0" pointIndex="3241" originalElevation="8.6" isOriginalElevationFromOSM="true"><ele>7.6</ele></trkpt>
<trkpt lat="35.310400" lon="128.977980" sectionIndex="0" pointIndex="3242" originalElevation="7.2" isOriginalElevationFromOSM="true"><ele>7.5</ele></trkpt>
<trkpt lat="35.310250" lon="128.977990" sectionIndex="0" pointIndex="3243" originalElevation="6.2" isOriginalElevationFromOSM="true"><ele>7.4</ele></trkpt>
<trkpt lat="35.310080" lon="128.977929" sectionIndex="0" pointIndex="3244" originalElevation="5.0" isOriginalElevationFromOSM="true"><ele>6.9</ele></trkpt>
<trkpt lat="35.309800" lon="128.977939" sectionIndex="0" pointIndex="3245" originalElevation="4.7" isOriginalElevationFromOSM="true"><ele>6.4</ele></trkpt>
<trkpt lat="35.309690" lon="128.977980" sectionIndex="0" pointIndex="3246" originalElevation="4.8" isOriginalElevationFromOSM="true"><ele>5.9</ele></trkpt>
<trkpt lat="35.309450" lon="128.978130" sectionIndex="0" pointIndex="3247" originalElevation="5.3" isOriginalElevationFromOSM="true"><ele>5.5</ele></trkpt>
<trkpt lat="35.306850" lon="128.980449" sectionIndex="0" pointIndex="3248" originalElevation="5.0" isOriginalElevationFromOSM="true"><ele>5.2</ele></trkpt>
<trkpt lat="35.306620" lon="128.980700" sectionIndex="0" pointIndex="3249" originalElevation="4.9" isOriginalElevationFromOSM="true"><ele>5.0</ele></trkpt>
<trkpt lat="35.306550" lon="128.980840" sectionIndex="0" pointIndex="3250" originalElevation="4.8" isOriginalElevationFromOSM="true"><ele>4.8</ele></trkpt>
<trkpt lat="35.306480" lon="128.981030" sectionIndex="0" pointIndex="3251" originalElevation="4.6" isOriginalElevationFromOSM="true"><ele>4.8</ele></trkpt>
<trkpt lat="35.306440" lon="128.981200" sectionIndex="0" pointIndex="3252" originalElevation="4.5" isOriginalElevationFromOSM="true"><ele>4.8</ele></trkpt>
<trkpt lat="35.306390" lon="128.981689" sectionIndex="0" pointIndex="3253" originalElevation="4.3" isOriginalElevationFromOSM="true"><ele>4.8</ele></trkpt>
<trkpt lat="35.306350" lon="128.981760" sectionIndex="0" pointIndex="3254" originalElevation="4.3" isOriginalElevationFromOSM="true"><ele>4.9</ele></trkpt>
<trkpt lat="35.306280" lon="128.981770" sectionIndex="0" pointIndex="3255" originalElevation="4.4" isOriginalElevationFromOSM="true"><ele>4.8</ele></trkpt>
<trkpt lat="35.306100" lon="128.981720" sectionIndex="0" pointIndex="3256" originalElevation="4.7" isOriginalElevationFromOSM="true"><ele>4.7</ele></trkpt>
<trkpt lat="35.305870" lon="128.981650" sectionIndex="0" pointIndex="3257" originalElevation="4.9" isOriginalElevationFromOSM="true"><ele>4.7</ele></trkpt>
<trkpt lat="35.305650" lon="128.981650" sectionIndex="0" pointIndex="3258" originalElevation="5.2" isOriginalElevationFromOSM="true"><ele>4.6</ele></trkpt>
<trkpt lat="35.305500" lon="128.981689" sectionIndex="0" pointIndex="3259" originalElevation="5.4" isOriginalElevationFromOSM="true"><ele>4.6</ele></trkpt>
<trkpt lat="35.305380" lon="128.981750" sectionIndex="0" pointIndex="3260" originalElevation="5.4" isOriginalElevationFromOSM="true"><ele>4.5</ele></trkpt>
<trkpt lat="35.305180" lon="128.981910" sectionIndex="0" pointIndex="3261" originalElevation="5.3" isOriginalElevationFromOSM="true"><ele>4.5</ele></trkpt>
<trkpt lat="35.304810" lon="128.982360" sectionIndex="0" pointIndex="3262" originalElevation="4.3" isOriginalElevationFromOSM="true"><ele>4.5</ele></trkpt>
<trkpt lat="35.304700" lon="128.982460" sectionIndex="0" pointIndex="3263" originalElevation="4.1" isOriginalElevationFromOSM="true"><ele>4.5</ele></trkpt>
<trkpt lat="35.304600" lon="128.982520" sectionIndex="0" pointIndex="3264" originalElevation="4.0" isOriginalElevationFromOSM="true"><ele>4.5</ele></trkpt>
<trkpt lat="35.304420" lon="128.982589" sectionIndex="0" pointIndex="3265" originalElevation="4.2" isOriginalElevationFromOSM="true"><ele>4.4</ele></trkpt>
<trkpt lat="35.303810" lon="128.982779" sectionIndex="0" pointIndex="3266" originalElevation="3.9" isOriginalElevationFromOSM="true"><ele>4.3</ele></trkpt>
<trkpt lat="35.303610" lon="128.982880" sectionIndex="0" pointIndex="3267" originalElevation="3.8" isOriginalElevationFromOSM="true"><ele>4.2</ele></trkpt>
<trkpt lat="35.303360" lon="128.983049" sectionIndex="0" pointIndex="3268" originalElevation="3.7" isOriginalElevationFromOSM="true"><ele>4.1</ele></trkpt>
<trkpt lat="35.303140" lon="128.983270" sectionIndex="0" pointIndex="3269" originalElevation="3.9" isOriginalElevationFromOSM="true"><ele>4.1</ele></trkpt>
<trkpt lat="35.302910" lon="128.983600" sectionIndex="0" pointIndex="3270" originalElevation="4.3" isOriginalElevationFromOSM="true"><ele>4.0</ele></trkpt>
<trkpt lat="35.302810" lon="128.983800" sectionIndex="0" pointIndex="3271" originalElevation="4.4" isOriginalElevationFromOSM="true"><ele>4.0</ele></trkpt>
<trkpt lat="35.302590" lon="128.984400" sectionIndex="0" pointIndex="3272" originalElevation="4.2" isOriginalElevationFromOSM="true"><ele>4.0</ele></trkpt>
<trkpt lat="35.302510" lon="128.984580" sectionIndex="0" pointIndex="3273" originalElevation="4.0" isOriginalElevationFromOSM="true"><ele>3.9</ele></trkpt>
<trkpt lat="35.302410" lon="128.984760" sectionIndex="0" pointIndex="3274" originalElevation="4.0" isOriginalElevationFromOSM="true"><ele>3.9</ele></trkpt>
<trkpt lat="35.302280" lon="128.984929" sectionIndex="0" pointIndex="3275" originalElevation="4.0" isOriginalElevationFromOSM="true"><ele>3.8</ele></trkpt>
<trkpt lat="35.302020" lon="128.985160" sectionIndex="0" pointIndex="3276" originalElevation="4.2" isOriginalElevationFromOSM="true"><ele>3.8</ele></trkpt>
<trkpt lat="35.301430" lon="128.985480" sectionIndex="0" pointIndex="3277" originalElevation="4.1" isOriginalElevationFromOSM="true"><ele>3.9</ele></trkpt>
<trkpt lat="35.301110" lon="128.985710" sectionIndex="0" pointIndex="3278" originalElevation="3.6" isOriginalElevationFromOSM="true"><ele>4.0</ele></trkpt>
<trkpt lat="35.300760" lon="128.986079" sectionIndex="0" pointIndex="3279" originalElevation="3.3" isOriginalElevationFromOSM="true"><ele>4.1</ele></trkpt>
<trkpt lat="35.300540" lon="128.986370" sectionIndex="0" pointIndex="3280" originalElevation="3.4" isOriginalElevationFromOSM="true"><ele>4.3</ele></trkpt>
<trkpt lat="35.300350" lon="128.986730" sectionIndex="0" pointIndex="3281" originalElevation="3.4" isOriginalElevationFromOSM="true"><ele>4.4</ele></trkpt>
<trkpt lat="35.300150" lon="128.987200" sectionIndex="0" pointIndex="3282" originalElevation="3.2" isOriginalElevationFromOSM="true"><ele>4.6</ele></trkpt>
<trkpt lat="35.299940" lon="128.988040" sectionIndex="0" pointIndex="3283" originalElevation="3.7" isOriginalElevationFromOSM="true"><ele>4.7</ele></trkpt>
<trkpt lat="35.299790" lon="128.988450" sectionIndex="0" pointIndex="3284" originalElevation="4.6" isOriginalElevationFromOSM="true"><ele>4.8</ele></trkpt>
<trkpt lat="35.299590" lon="128.988890" sectionIndex="0" pointIndex="3285" originalElevation="5.8" isOriginalElevationFromOSM="true"><ele>4.9</ele></trkpt>
<trkpt lat="35.299210" lon="128.989550" sectionIndex="0" pointIndex="3286" originalElevation="6.5" isOriginalElevationFromOSM="true"><ele>4.9</ele></trkpt>
<trkpt lat="35.298930" lon="128.989920" sectionIndex="0" pointIndex="3287" originalElevation="6.4" isOriginalElevationFromOSM="true"><ele>5.0</ele></trkpt>
<trkpt lat="35.298530" lon="128.990340" sectionIndex="0" pointIndex="3288" originalElevation="6.0" isOriginalElevationFromOSM="true"><ele>5.1</ele></trkpt>
<trkpt lat="35.298290" lon="128.990559" sectionIndex="0" pointIndex="3289" originalElevation="6.3" isOriginalElevationFromOSM="true"><ele>5.2</ele></trkpt>
<trkpt lat="35.297710" lon="128.990980" sectionIndex="0" pointIndex="3290" originalElevation="6.1" isOriginalElevationFromOSM="true"><ele>5.3</ele></trkpt>
<trkpt lat="35.297560" lon="128.991090" sectionIndex="0" pointIndex="3291" originalElevation="5.7" isOriginalElevationFromOSM="true"><ele>5.5</ele></trkpt>
<trkpt lat="35.297260" lon="128.991359" sectionIndex="0" pointIndex="3292" originalElevation="4.9" isOriginalElevationFromOSM="true"><ele>5.6</ele></trkpt>
<trkpt lat="35.297000" lon="128.991660" sectionIndex="0" pointIndex="3293" originalElevation="4.4" isOriginalElevationFromOSM="true"><ele>5.6</ele></trkpt>
<trkpt lat="35.296870" lon="128.991860" sectionIndex="0" pointIndex="3294" originalElevation="4.5" isOriginalElevationFromOSM="true"><ele>5.6</ele></trkpt>
<trkpt lat="35.296620" lon="128.992300" sectionIndex="0" pointIndex="3295" originalElevation="4.7" isOriginalElevationFromOSM="true"><ele>5.6</ele></trkpt>
<trkpt lat="35.296480" lon="128.992619" sectionIndex="0" pointIndex="3296" originalElevation="5.0" isOriginalElevationFromOSM="true"><ele>5.5</ele></trkpt>
<trkpt lat="35.296310" lon="128.993069" sectionIndex="0" pointIndex="3297" originalElevation="5.5" isOriginalElevationFromOSM="true"><ele>5.5</ele></trkpt>
<trkpt lat="35.296200" lon="128.993320" sectionIndex="0" pointIndex="3298" originalElevation="6.0" isOriginalElevationFromOSM="true"><ele>5.4</ele></trkpt>
<trkpt lat="35.295940" lon="128.993760" sectionIndex="0" pointIndex="3299" originalElevation="6.0" isOriginalElevationFromOSM="true"><ele>5.4</ele></trkpt>
<trkpt lat="35.295680" lon="128.994110" sectionIndex="0" pointIndex="3300" originalElevation="6.0" isOriginalElevationFromOSM="true"><ele>5.4</ele></trkpt>
<trkpt lat="35.295450" lon="128.994360" sectionIndex="0" pointIndex="3301" originalElevation="6.0" isOriginalElevationFromOSM="true"><ele>5.4</ele></trkpt>
<trkpt lat="35.295190" lon="128.994599" sectionIndex="0" pointIndex="3302" originalElevation="6.3" isOriginalElevationFromOSM="true"><ele>5.4</ele></trkpt>
<trkpt lat="35.294700" lon="128.994980" sectionIndex="0" pointIndex="3303" originalElevation="5.9" isOriginalElevationFromOSM="true"><ele>5.5</ele></trkpt>
<trkpt lat="35.294360" lon="128.995370" sectionIndex="0" pointIndex="3304" originalElevation="5.3" isOriginalElevationFromOSM="true"><ele>5.6</ele></trkpt>
<trkpt lat="35.294130" lon="128.995669" sectionIndex="0" pointIndex="3305" originalElevation="5.5" isOriginalElevationFromOSM="true"><ele>5.7</ele></trkpt>
<trkpt lat="35.293330" lon="128.996910" sectionIndex="0" pointIndex="3306" originalElevation="5.0" isOriginalElevationFromOSM="true"><ele>5.7</ele></trkpt>
<trkpt lat="35.292660" lon="128.997780" sectionIndex="0" pointIndex="3307" originalElevation="4.5" isOriginalElevationFromOSM="true"><ele>5.7</ele></trkpt>
<trkpt lat="35.292340" lon="128.998330" sectionIndex="0" pointIndex="3308" originalElevation="4.8" isOriginalElevationFromOSM="true"><ele>5.7</ele></trkpt>
<trkpt lat="35.292040" lon="128.998899" sectionIndex="0" pointIndex="3309" originalElevation="5.2" isOriginalElevationFromOSM="true"><ele>5.6</ele></trkpt>
<trkpt lat="35.291840" lon="128.999339" sectionIndex="0" pointIndex="3310" originalElevation="6.0" isOriginalElevationFromOSM="true"><ele>5.5</ele></trkpt>
<trkpt lat="35.291740" lon="128.999519" sectionIndex="0" pointIndex="3311" originalElevation="6.3" isOriginalElevationFromOSM="true"><ele>5.4</ele></trkpt>
<trkpt lat="35.291630" lon="128.999670" sectionIndex="0" pointIndex="3312" originalElevation="6.5" isOriginalElevationFromOSM="true"><ele>5.4</ele></trkpt>
<trkpt lat="35.291400" lon="128.999930" sectionIndex="0" pointIndex="3313" originalElevation="6.3" isOriginalElevationFromOSM="true"><ele>5.4</ele></trkpt>
<trkpt lat="35.291240" lon="129.000130" sectionIndex="0" pointIndex="3314" originalElevation="6.0" isOriginalElevationFromOSM="true"><ele>5.4</ele></trkpt>
<trkpt lat="35.291120" lon="129.000390" sectionIndex="0" pointIndex="3315" originalElevation="5.5" isOriginalElevationFromOSM="true"><ele>5.5</ele></trkpt>
<trkpt lat="35.291040" lon="129.000640" sectionIndex="0" pointIndex="3316" originalElevation="5.1" isOriginalElevationFromOSM="true"><ele>5.6</ele></trkpt>
<trkpt lat="35.290990" lon="129.000940" sectionIndex="0" pointIndex="3317" originalElevation="4.8" isOriginalElevationFromOSM="true"><ele>5.7</ele></trkpt>
<trkpt lat="35.290990" lon="129.001219" sectionIndex="0" pointIndex="3318" originalElevation="4.9" isOriginalElevationFromOSM="true"><ele>5.7</ele></trkpt>
<trkpt lat="35.291010" lon="129.001460" sectionIndex="0" pointIndex="3319" originalElevation="5.0" isOriginalElevationFromOSM="true"><ele>5.7</ele></trkpt>
<trkpt lat="35.291080" lon="129.001749" sectionIndex="0" pointIndex="3320" originalElevation="5.2" isOriginalElevationFromOSM="true"><ele>5.6</ele></trkpt>
<trkpt lat="35.291180" lon="129.001990" sectionIndex="0" pointIndex="3321" originalElevation="5.6" isOriginalElevationFromOSM="true"><ele>5.6</ele></trkpt>
<trkpt lat="35.291310" lon="129.002220" sectionIndex="0" pointIndex="3322" originalElevation="6.0" isOriginalElevationFromOSM="true"><ele>5.5</ele></trkpt>
<trkpt lat="35.291450" lon="129.002400" sectionIndex="0" pointIndex="3323" originalElevation="6.1" isOriginalElevationFromOSM="true"><ele>5.4</ele></trkpt>
<trkpt lat="35.291600" lon="129.002530" sectionIndex="0" pointIndex="3324" originalElevation="6.1" isOriginalElevationFromOSM="true"><ele>5.3</ele></trkpt>
<trkpt lat="35.291900" lon="129.002720" sectionIndex="0" pointIndex="3325" originalElevation="6.1" isOriginalElevationFromOSM="true"><ele>5.3</ele></trkpt>
<trkpt lat="35.292090" lon="129.002780" sectionIndex="0" pointIndex="3326" originalElevation="6.0" isOriginalElevationFromOSM="true"><ele>5.3</ele></trkpt>
<trkpt lat="35.292280" lon="129.002810" sectionIndex="0" pointIndex="3327" originalElevation="5.8" isOriginalElevationFromOSM="true"><ele>5.2</ele></trkpt>
<trkpt lat="35.292620" lon="129.002770" sectionIndex="0" pointIndex="3328" originalElevation="5.2" isOriginalElevationFromOSM="true"><ele>5.0</ele></trkpt>
<trkpt lat="35.292790" lon="129.002730" sectionIndex="0" pointIndex="3329" originalElevation="4.7" isOriginalElevationFromOSM="true"><ele>4.9</ele></trkpt>
<trkpt lat="35.292790" lon="129.002890" sectionIndex="0" pointIndex="3330" originalElevation="4.5" isOriginalElevationFromOSM="true"><ele>4.7</ele></trkpt>
<trkpt lat="35.292760" lon="129.003109" sectionIndex="0" pointIndex="3331" originalElevation="4.3" isOriginalElevationFromOSM="true"><ele>4.6</ele></trkpt>
<trkpt lat="35.292700" lon="129.003350" sectionIndex="0" pointIndex="3332" originalElevation="4.2" isOriginalElevationFromOSM="true"><ele>4.3</ele></trkpt>
<trkpt lat="35.292580" lon="129.003729" sectionIndex="0" pointIndex="3333" originalElevation="4.0" isOriginalElevationFromOSM="true"><ele>4.1</ele></trkpt>
<trkpt lat="35.292490" lon="129.003950" sectionIndex="0" pointIndex="3334" originalElevation="3.5" isOriginalElevationFromOSM="true"><ele>3.9</ele></trkpt>
<trkpt lat="35.292380" lon="129.004160" sectionIndex="0" pointIndex="3335" originalElevation="3.3" isOriginalElevationFromOSM="true"><ele>3.7</ele></trkpt>
<trkpt lat="35.292040" lon="129.004610" sectionIndex="0" pointIndex="3336" originalElevation="4.2" isOriginalElevationFromOSM="true"><ele>3.6</ele></trkpt>
<trkpt lat="35.291390" lon="129.005309" sectionIndex="0" pointIndex="3337" originalElevation="3.0" isOriginalElevationFromOSM="false"><ele>3.4</ele></trkpt>
<trkpt lat="35.290140" lon="129.006620" sectionIndex="0" pointIndex="3338" originalElevation="3.5" isOriginalElevationFromOSM="true"><ele>3.3</ele></trkpt>
<trkpt lat="35.289500" lon="129.007280" sectionIndex="0" pointIndex="3339" originalElevation="2.5" isOriginalElevationFromOSM="true"><ele>3.2</ele></trkpt>
<trkpt lat="35.289340" lon="129.007640" sectionIndex="0" pointIndex="3340" originalElevation="2.5" isOriginalElevationFromOSM="true"><ele>3.1</ele></trkpt>
<trkpt lat="35.289170" lon="129.007910" sectionIndex="0" pointIndex="3341" originalElevation="3.0" isOriginalElevationFromOSM="true"><ele>3.2</ele></trkpt>
<trkpt lat="35.288990" lon="129.008070" sectionIndex="0" pointIndex="3342" originalElevation="3.2" isOriginalElevationFromOSM="true"><ele>3.2</ele></trkpt>
<trkpt lat="35.288780" lon="129.008150" sectionIndex="0" pointIndex="3343" originalElevation="3.0" isOriginalElevationFromOSM="true"><ele>3.5</ele></trkpt>
<trkpt lat="35.288690" lon="129.008220" sectionIndex="0" pointIndex="3344" originalElevation="2.8" isOriginalElevationFromOSM="true"><ele>3.6</ele></trkpt>
<trkpt lat="35.288580" lon="129.008370" sectionIndex="0" pointIndex="3345" originalElevation="2.6" isOriginalElevationFromOSM="true"><ele>3.7</ele></trkpt>
<trkpt lat="35.288520" lon="129.008590" sectionIndex="0" pointIndex="3346" originalElevation="2.5" isOriginalElevationFromOSM="true"><ele>3.8</ele></trkpt>
<trkpt lat="35.288790" lon="129.009170" sectionIndex="0" pointIndex="3347" originalElevation="3.7" isOriginalElevationFromOSM="true"><ele>4.0</ele></trkpt>
<trkpt lat="35.288810" lon="129.009290" sectionIndex="0" pointIndex="3348" originalElevation="4.2" isOriginalElevationFromOSM="true"><ele>4.2</ele></trkpt>
<trkpt lat="35.288780" lon="129.009390" sectionIndex="0" pointIndex="3349" originalElevation="4.4" isOriginalElevationFromOSM="true"><ele>4.5</ele></trkpt>
<trkpt lat="35.288300" lon="129.010200" sectionIndex="0" pointIndex="3350" originalElevation="7.1" isOriginalElevationFromOSM="true"><ele>4.8</ele></trkpt>
<trkpt lat="35.288150" lon="129.010410" sectionIndex="0" pointIndex="3351" originalElevation="6.7" isOriginalElevationFromOSM="true"><ele>5.3</ele></trkpt>
<trkpt lat="35.287520" lon="129.011130" sectionIndex="0" pointIndex="3352" originalElevation="4.3" isOriginalElevationFromOSM="true"><ele>5.8</ele></trkpt>
<trkpt lat="35.286500" lon="129.012260" sectionIndex="0" pointIndex="3353" originalElevation="4.5" isOriginalElevationFromOSM="true"><ele>6.3</ele></trkpt>
<trkpt lat="35.286190" lon="129.012620" sectionIndex="0" pointIndex="3354" originalElevation="5.3" isOriginalElevationFromOSM="true"><ele>6.7</ele></trkpt>
<trkpt lat="35.286030" lon="129.012890" sectionIndex="0" pointIndex="3355" originalElevation="6.0" isOriginalElevationFromOSM="true"><ele>7.0</ele></trkpt>
<trkpt lat="35.285810" lon="129.013128" sectionIndex="0" pointIndex="3356" originalElevation="7.0" isOriginalElevationFromOSM="true"><ele>7.2</ele></trkpt>
<trkpt lat="35.285670" lon="129.013240" sectionIndex="0" pointIndex="3357" originalElevation="7.4" isOriginalElevationFromOSM="true"><ele>7.4</ele></trkpt>
<trkpt lat="35.285010" lon="129.013680" sectionIndex="0" pointIndex="3358" originalElevation="10.3" isOriginalElevationFromOSM="true"><ele>7.2</ele></trkpt>
<trkpt lat="35.284890" lon="129.013710" sectionIndex="0" pointIndex="3359" originalElevation="10.4" isOriginalElevationFromOSM="true"><ele>7.2</ele></trkpt>
<trkpt lat="35.284820" lon="129.013690" sectionIndex="0" pointIndex="3360" originalElevation="10.1" isOriginalElevationFromOSM="true"><ele>7.3</ele></trkpt>
<trkpt lat="35.284770" lon="129.013630" sectionIndex="0" pointIndex="3361" originalElevation="9.4" isOriginalElevationFromOSM="true"><ele>7.5</ele></trkpt>
<trkpt lat="35.284760" lon="129.013530" sectionIndex="0" pointIndex="3362" originalElevation="8.5" isOriginalElevationFromOSM="true"><ele>7.7</ele></trkpt>
<trkpt lat="35.284440" lon="129.013350" sectionIndex="0" pointIndex="3363" originalElevation="6.5" isOriginalElevationFromOSM="true"><ele>7.9</ele></trkpt>
<trkpt lat="35.283990" lon="129.013540" sectionIndex="0" pointIndex="3364" originalElevation="7.0" isOriginalElevationFromOSM="true"><ele>8.1</ele></trkpt>
<trkpt lat="35.282830" lon="129.013990" sectionIndex="0" pointIndex="3365" originalElevation="5.3" isOriginalElevationFromOSM="true"><ele>8.1</ele></trkpt>
<trkpt lat="35.281390" lon="129.014490" sectionIndex="0" pointIndex="3366" originalElevation="5.4" isOriginalElevationFromOSM="true"><ele>7.9</ele></trkpt>
<trkpt lat="35.279750" lon="129.015140" sectionIndex="0" pointIndex="3367" originalElevation="6.1" isOriginalElevationFromOSM="true"><ele>7.8</ele></trkpt>
<trkpt lat="35.276510" lon="129.016340" sectionIndex="0" pointIndex="3368" originalElevation="7.4" isOriginalElevationFromOSM="true"><ele>7.6</ele></trkpt>
<trkpt lat="35.272660" lon="129.017609" sectionIndex="0" pointIndex="3369" originalElevation="8.8" isOriginalElevationFromOSM="true"><ele>7.6</ele></trkpt>
<trkpt lat="35.272360" lon="129.017688" sectionIndex="0" pointIndex="3370" originalElevation="9.3" isOriginalElevationFromOSM="true"><ele>7.6</ele></trkpt>
<trkpt lat="35.272070" lon="129.017740" sectionIndex="0" pointIndex="3371" originalElevation="9.3" isOriginalElevationFromOSM="true"><ele>7.7</ele></trkpt>
<trkpt lat="35.270580" lon="129.017789" sectionIndex="0" pointIndex="3372" originalElevation="7.9" isOriginalElevationFromOSM="true"><ele>7.8</ele></trkpt>
<trkpt lat="35.270090" lon="129.017730" sectionIndex="0" pointIndex="3373" originalElevation="7.7" isOriginalElevationFromOSM="true"><ele>8.1</ele></trkpt>
<trkpt lat="35.269730" lon="129.017630" sectionIndex="0" pointIndex="3374" originalElevation="7.6" isOriginalElevationFromOSM="true"><ele>8.2</ele></trkpt>
<trkpt lat="35.269320" lon="129.017470" sectionIndex="0" pointIndex="3375" originalElevation="7.4" isOriginalElevationFromOSM="true"><ele>8.1</ele></trkpt>
<trkpt lat="35.266890" lon="129.016179" sectionIndex="0" pointIndex="3376" originalElevation="9.7" isOriginalElevationFromOSM="true"><ele>8.0</ele></trkpt>
<trkpt lat="35.265330" lon="129.015290" sectionIndex="0" pointIndex="3377" originalElevation="8.5" isOriginalElevationFromOSM="true"><ele>7.7</ele></trkpt>
<trkpt lat="35.265200" lon="129.015200" sectionIndex="0" pointIndex="3378" originalElevation="8.4" isOriginalElevationFromOSM="true"><ele>7.4</ele></trkpt>
<trkpt lat="35.264790" lon="129.015020" sectionIndex="0" pointIndex="3379" originalElevation="8.9" isOriginalElevationFromOSM="true"><ele>7.3</ele></trkpt>
<trkpt lat="35.264650" lon="129.014940" sectionIndex="0" pointIndex="3380" originalElevation="8.8" isOriginalElevationFromOSM="true"><ele>7.2</ele></trkpt>
<trkpt lat="35.264390" lon="129.014710" sectionIndex="0" pointIndex="3381" originalElevation="7.8" isOriginalElevationFromOSM="true"><ele>7.1</ele></trkpt>
<trkpt lat="35.264060" lon="129.014190" sectionIndex="0" pointIndex="3382" originalElevation="4.7" isOriginalElevationFromOSM="true"><ele>6.9</ele></trkpt>
<trkpt lat="35.263930" lon="129.014070" sectionIndex="0" pointIndex="3383" originalElevation="4.7" isOriginalElevationFromOSM="true"><ele>6.8</ele></trkpt>
<trkpt lat="35.263820" lon="129.014010" sectionIndex="0" pointIndex="3384" originalElevation="4.8" isOriginalElevationFromOSM="true"><ele>6.5</ele></trkpt>
<trkpt lat="35.263680" lon="129.013970" sectionIndex="0" pointIndex="3385" originalElevation="5.2" isOriginalElevationFromOSM="true"><ele>6.3</ele></trkpt>
<trkpt lat="35.263340" lon="129.013990" sectionIndex="0" pointIndex="3386" originalElevation="6.8" isOriginalElevationFromOSM="true"><ele>6.1</ele></trkpt>
<trkpt lat="35.263180" lon="129.013970" sectionIndex="0" pointIndex="3387" originalElevation="6.8" isOriginalElevationFromOSM="true"><ele>5.9</ele></trkpt>
<trkpt lat="35.262890" lon="129.013810" sectionIndex="0" pointIndex="3388" originalElevation="6.0" isOriginalElevationFromOSM="true"><ele>5.8</ele></trkpt>
<trkpt lat="35.262440" lon="129.013620" sectionIndex="0" pointIndex="3389" originalElevation="5.2" isOriginalElevationFromOSM="true"><ele>5.8</ele></trkpt>
<trkpt lat="35.262040" lon="129.013387" sectionIndex="0" pointIndex="3390" originalElevation="5.0" isOriginalElevationFromOSM="true"><ele>6.0</ele></trkpt>
<trkpt lat="35.261150" lon="129.012937" sectionIndex="0" pointIndex="3391" originalElevation="5.4" isOriginalElevationFromOSM="true"><ele>6.2</ele></trkpt>
<trkpt lat="35.261030" lon="129.012890" sectionIndex="0" pointIndex="3392" originalElevation="5.4" isOriginalElevationFromOSM="true"><ele>6.4</ele></trkpt>
<trkpt lat="35.260770" lon="129.012840" sectionIndex="0" pointIndex="3393" originalElevation="5.8" isOriginalElevationFromOSM="true"><ele>6.5</ele></trkpt>
<trkpt lat="35.260360" lon="129.012790" sectionIndex="0" pointIndex="3394" originalElevation="6.7" isOriginalElevationFromOSM="true"><ele>6.5</ele></trkpt>
<trkpt lat="35.260140" lon="129.012710" sectionIndex="0" pointIndex="3395" originalElevation="7.1" isOriginalElevationFromOSM="true"><ele>6.4</ele></trkpt>
<trkpt lat="35.258820" lon="129.012080" sectionIndex="0" pointIndex="3396" originalElevation="7.7" isOriginalElevationFromOSM="true"><ele>6.4</ele></trkpt>
<trkpt lat="35.257510" lon="129.011400" sectionIndex="0" pointIndex="3397" originalElevation="7.5" isOriginalElevationFromOSM="true"><ele>6.3</ele></trkpt>
<trkpt lat="35.256220" lon="129.010760" sectionIndex="0" pointIndex="3398" originalElevation="8.1" isOriginalElevationFromOSM="true"><ele>6.1</ele></trkpt>
<trkpt lat="35.255480" lon="129.010420" sectionIndex="0" pointIndex="3399" originalElevation="7.7" isOriginalElevationFromOSM="true"><ele>5.9</ele></trkpt>
<trkpt lat="35.255160" lon="129.010250" sectionIndex="0" pointIndex="3400" originalElevation="6.8" isOriginalElevationFromOSM="true"><ele>5.6</ele></trkpt>
<trkpt lat="35.253960" lon="129.009790" sectionIndex="0" pointIndex="3401" originalElevation="6.1" isOriginalElevationFromOSM="true"><ele>5.3</ele></trkpt>
<trkpt lat="35.253880" lon="129.009750" sectionIndex="0" pointIndex="3402" originalElevation="6.0" isOriginalElevationFromOSM="true"><ele>5.1</ele></trkpt>
<trkpt lat="35.253450" lon="129.009400" sectionIndex="0" pointIndex="3403" originalElevation="5.0" isOriginalElevationFromOSM="true"><ele>4.9</ele></trkpt>
<trkpt lat="35.253150" lon="129.009267" sectionIndex="0" pointIndex="3404" originalElevation="4.2" isOriginalElevationFromOSM="true"><ele>4.7</ele></trkpt>
<trkpt lat="35.251420" lon="129.008648" sectionIndex="0" pointIndex="3405" originalElevation="2.1" isOriginalElevationFromOSM="true"><ele>4.5</ele></trkpt>
<trkpt lat="35.251370" lon="129.008600" sectionIndex="0" pointIndex="3406" originalElevation="2.0" isOriginalElevationFromOSM="true"><ele>4.3</ele></trkpt>
<trkpt lat="35.251330" lon="129.008410" sectionIndex="0" pointIndex="3407" originalElevation="1.6" isOriginalElevationFromOSM="true"><ele>3.9</ele></trkpt>
<trkpt lat="35.251270" lon="129.008360" sectionIndex="0" pointIndex="3408" originalElevation="1.5" isOriginalElevationFromOSM="true"><ele>3.7</ele></trkpt>
<trkpt lat="35.249200" lon="129.007759" sectionIndex="0" pointIndex="3409" originalElevation="3.2" isOriginalElevationFromOSM="true"><ele>3.5</ele></trkpt>
<trkpt lat="35.246620" lon="129.006959" sectionIndex="0" pointIndex="3410" originalElevation="4.6" isOriginalElevationFromOSM="true"><ele>3.3</ele></trkpt>
<trkpt lat="35.246510" lon="129.006948" sectionIndex="0" pointIndex="3411" originalElevation="4.6" isOriginalElevationFromOSM="true"><ele>3.3</ele></trkpt>
<trkpt lat="35.246100" lon="129.006990" sectionIndex="0" pointIndex="3412" originalElevation="4.5" isOriginalElevationFromOSM="true"><ele>3.2</ele></trkpt>
<trkpt lat="35.245060" lon="129.006720" sectionIndex="0" pointIndex="3413" originalElevation="4.0" isOriginalElevationFromOSM="true"><ele>3.3</ele></trkpt>
<trkpt lat="35.244060" lon="129.006440" sectionIndex="0" pointIndex="3414" originalElevation="3.0" isOriginalElevationFromOSM="true"><ele>3.4</ele></trkpt>
<trkpt lat="35.243930" lon="129.006360" sectionIndex="0" pointIndex="3415" originalElevation="3.1" isOriginalElevationFromOSM="true"><ele>3.5</ele></trkpt>
<trkpt lat="35.243850" lon="129.006180" sectionIndex="0" pointIndex="3416" originalElevation="3.2" isOriginalElevationFromOSM="true"><ele>3.6</ele></trkpt>
<trkpt lat="35.243600" lon="129.005910" sectionIndex="0" pointIndex="3417" originalElevation="3.6" isOriginalElevationFromOSM="true"><ele>3.6</ele></trkpt>
<trkpt lat="35.243440" lon="129.005777" sectionIndex="0" pointIndex="3418" originalElevation="3.8" isOriginalElevationFromOSM="true"><ele>3.5</ele></trkpt>
<trkpt lat="35.243280" lon="129.005710" sectionIndex="0" pointIndex="3419" originalElevation="3.6" isOriginalElevationFromOSM="true"><ele>3.4</ele></trkpt>
<trkpt lat="35.243130" lon="129.005687" sectionIndex="0" pointIndex="3420" originalElevation="3.4" isOriginalElevationFromOSM="true"><ele>3.3</ele></trkpt>
<trkpt lat="35.242970" lon="129.005720" sectionIndex="0" pointIndex="3421" originalElevation="3.3" isOriginalElevationFromOSM="true"><ele>3.3</ele></trkpt>
<trkpt lat="35.242830" lon="129.005850" sectionIndex="0" pointIndex="3422" originalElevation="3.4" isOriginalElevationFromOSM="true"><ele>3.3</ele></trkpt>
<trkpt lat="35.242710" lon="129.006080" sectionIndex="0" pointIndex="3423" originalElevation="3.2" isOriginalElevationFromOSM="true"><ele>3.3</ele></trkpt>
<trkpt lat="35.242640" lon="129.006170" sectionIndex="0" pointIndex="3424" originalElevation="3.1" isOriginalElevationFromOSM="true"><ele>3.3</ele></trkpt>
<trkpt lat="35.242590" lon="129.006200" sectionIndex="0" pointIndex="3425" originalElevation="3.1" isOriginalElevationFromOSM="true"><ele>3.3</ele></trkpt>
<trkpt lat="35.242520" lon="129.006210" sectionIndex="0" pointIndex="3426" originalElevation="3.0" isOriginalElevationFromOSM="true"><ele>3.3</ele></trkpt>
<trkpt lat="35.242110" lon="129.006080" sectionIndex="0" pointIndex="3427" originalElevation="3.3" isOriginalElevationFromOSM="true"><ele>3.4</ele></trkpt>
<trkpt lat="35.242050" lon="129.006040" sectionIndex="0" pointIndex="3428" originalElevation="3.4" isOriginalElevationFromOSM="true"><ele>3.5</ele></trkpt>
<trkpt lat="35.242000" lon="129.005940" sectionIndex="0" pointIndex="3429" originalElevation="3.5" isOriginalElevationFromOSM="true"><ele>3.6</ele></trkpt>
<trkpt lat="35.241790" lon="129.005360" sectionIndex="0" pointIndex="3430" originalElevation="2.7" isOriginalElevationFromOSM="true"><ele>3.6</ele></trkpt>
<trkpt lat="35.241700" lon="129.005230" sectionIndex="0" pointIndex="3431" originalElevation="2.5" isOriginalElevationFromOSM="true"><ele>3.7</ele></trkpt>
<trkpt lat="35.237890" lon="129.004310" sectionIndex="0" pointIndex="3432" originalElevation="4.3" isOriginalElevationFromOSM="true"><ele>3.8</ele></trkpt>
<trkpt lat="35.237450" lon="129.004250" sectionIndex="0" pointIndex="3433" originalElevation="4.0" isOriginalElevationFromOSM="true"><ele>3.8</ele></trkpt>
<trkpt lat="35.236560" lon="129.004310" sectionIndex="0" pointIndex="3434" originalElevation="4.8" isOriginalElevationFromOSM="true"><ele>4.0</ele></trkpt>
<trkpt lat="35.236100" lon="129.004040" sectionIndex="0" pointIndex="3435" originalElevation="4.8" isOriginalElevationFromOSM="true"><ele>4.0</ele></trkpt>
<trkpt lat="35.235910" lon="129.003988" sectionIndex="0" pointIndex="3436" originalElevation="4.6" isOriginalElevationFromOSM="true"><ele>4.1</ele></trkpt>
<trkpt lat="35.235360" lon="129.003897" sectionIndex="0" pointIndex="3437" originalElevation="4.2" isOriginalElevationFromOSM="true"><ele>4.0</ele></trkpt>
<trkpt lat="35.235060" lon="129.003819" sectionIndex="0" pointIndex="3438" originalElevation="4.0" isOriginalElevationFromOSM="true"><ele>4.1</ele></trkpt>
<trkpt lat="35.234700" lon="129.003670" sectionIndex="0" pointIndex="3439" originalElevation="4.2" isOriginalElevationFromOSM="true"><ele>4.2</ele></trkpt>
<trkpt lat="35.234500" lon="129.003610" sectionIndex="0" pointIndex="3440" originalElevation="4.4" isOriginalElevationFromOSM="true"><ele>4.1</ele></trkpt>
<trkpt lat="35.234140" lon="129.003548" sectionIndex="0" pointIndex="3441" originalElevation="4.7" isOriginalElevationFromOSM="true"><ele>4.1</ele></trkpt>
<trkpt lat="35.233990" lon="129.003537" sectionIndex="0" pointIndex="3442" originalElevation="4.4" isOriginalElevationFromOSM="true"><ele>4.1</ele></trkpt>
<trkpt lat="35.233760" lon="129.003560" sectionIndex="0" pointIndex="3443" originalElevation="3.9" isOriginalElevationFromOSM="true"><ele>4.0</ele></trkpt>
<trkpt lat="35.233330" lon="129.003650" sectionIndex="0" pointIndex="3444" originalElevation="3.0" isOriginalElevationFromOSM="true"><ele>4.0</ele></trkpt>
<trkpt lat="35.233120" lon="129.003740" sectionIndex="0" pointIndex="3445" originalElevation="3.4" isOriginalElevationFromOSM="true"><ele>4.0</ele></trkpt>
<trkpt lat="35.232940" lon="129.003840" sectionIndex="0" pointIndex="3446" originalElevation="3.6" isOriginalElevationFromOSM="true"><ele>3.9</ele></trkpt>
<trkpt lat="35.232710" lon="129.003999" sectionIndex="0" pointIndex="3447" originalElevation="3.9" isOriginalElevationFromOSM="true"><ele>3.8</ele></trkpt>
<trkpt lat="35.232630" lon="129.004030" sectionIndex="0" pointIndex="3448" originalElevation="4.0" isOriginalElevationFromOSM="true"><ele>3.7</ele></trkpt>
<trkpt lat="35.232520" lon="129.004020" sectionIndex="0" pointIndex="3449" originalElevation="4.1" isOriginalElevationFromOSM="true"><ele>3.6</ele></trkpt>
<trkpt lat="35.232200" lon="129.003930" sectionIndex="0" pointIndex="3450" originalElevation="4.1" isOriginalElevationFromOSM="true"><ele>3.5</ele></trkpt>
<trkpt lat="35.232030" lon="129.003800" sectionIndex="0" pointIndex="3451" originalElevation="3.9" isOriginalElevationFromOSM="true"><ele>3.3</ele></trkpt>
<trkpt lat="35.231890" lon="129.003620" sectionIndex="0" pointIndex="3452" originalElevation="3.7" isOriginalElevationFromOSM="true"><ele>3.3</ele></trkpt>
<trkpt lat="35.231750" lon="129.003300" sectionIndex="0" pointIndex="3453" originalElevation="3.2" isOriginalElevationFromOSM="true"><ele>3.3</ele></trkpt>
<trkpt lat="35.231680" lon="129.003220" sectionIndex="0" pointIndex="3454" originalElevation="3.0" isOriginalElevationFromOSM="true"><ele>3.2</ele></trkpt>
<trkpt lat="35.231590" lon="129.003170" sectionIndex="0" pointIndex="3455" originalElevation="2.9" isOriginalElevationFromOSM="true"><ele>3.2</ele></trkpt>
<trkpt lat="35.231520" lon="129.003160" sectionIndex="0" pointIndex="3456" originalElevation="2.9" isOriginalElevationFromOSM="true"><ele>3.2</ele></trkpt>
<trkpt lat="35.230980" lon="129.003278" sectionIndex="0" pointIndex="3457" originalElevation="2.2" isOriginalElevationFromOSM="true"><ele>3.2</ele></trkpt>
<trkpt lat="35.230120" lon="129.003330" sectionIndex="0" pointIndex="3458" originalElevation="2.0" isOriginalElevationFromOSM="true"><ele>3.1</ele></trkpt>
<trkpt lat="35.229680" lon="129.003310" sectionIndex="0" pointIndex="3459" originalElevation="2.4" isOriginalElevationFromOSM="true"><ele>3.1</ele></trkpt>
<trkpt lat="35.229170" lon="129.003240" sectionIndex="0" pointIndex="3460" originalElevation="3.0" isOriginalElevationFromOSM="true"><ele>3.2</ele></trkpt>
<trkpt lat="35.228630" lon="129.003109" sectionIndex="0" pointIndex="3461" originalElevation="3.2" isOriginalElevationFromOSM="true"><ele>3.2</ele></trkpt>
<trkpt lat="35.228240" lon="129.002980" sectionIndex="0" pointIndex="3462" originalElevation="3.5" isOriginalElevationFromOSM="true"><ele>3.3</ele></trkpt>
<trkpt lat="35.227960" lon="129.002940" sectionIndex="0" pointIndex="3463" originalElevation="3.7" isOriginalElevationFromOSM="true"><ele>3.4</ele></trkpt>
<trkpt lat="35.227790" lon="129.002940" sectionIndex="0" pointIndex="3464" originalElevation="3.8" isOriginalElevationFromOSM="true"><ele>3.4</ele></trkpt>
<trkpt lat="35.227210" lon="129.003070" sectionIndex="0" pointIndex="3465" originalElevation="3.8" isOriginalElevationFromOSM="true"><ele>3.5</ele></trkpt>
<trkpt lat="35.226920" lon="129.003030" sectionIndex="0" pointIndex="3466" originalElevation="3.9" isOriginalElevationFromOSM="true"><ele>3.6</ele></trkpt>
<trkpt lat="35.226630" lon="129.002940" sectionIndex="0" pointIndex="3467" originalElevation="4.0" isOriginalElevationFromOSM="true"><ele>3.6</ele></trkpt>
<trkpt lat="35.226500" lon="129.002950" sectionIndex="0" pointIndex="3468" originalElevation="4.0" isOriginalElevationFromOSM="true"><ele>3.6</ele></trkpt>
<trkpt lat="35.226300" lon="129.003008" sectionIndex="0" pointIndex="3469" originalElevation="4.0" isOriginalElevationFromOSM="true"><ele>3.7</ele></trkpt>
<trkpt lat="35.226140" lon="129.003098" sectionIndex="0" pointIndex="3470" originalElevation="4.0" isOriginalElevationFromOSM="true"><ele>3.7</ele></trkpt>
<trkpt lat="35.225760" lon="129.003490" sectionIndex="0" pointIndex="3471" originalElevation="3.7" isOriginalElevationFromOSM="true"><ele>3.7</ele></trkpt>
<trkpt lat="35.225640" lon="129.003570" sectionIndex="0" pointIndex="3472" originalElevation="3.5" isOriginalElevationFromOSM="true"><ele>3.7</ele></trkpt>
<trkpt lat="35.225510" lon="129.003610" sectionIndex="0" pointIndex="3473" originalElevation="3.4" isOriginalElevationFromOSM="true"><ele>3.8</ele></trkpt>
<trkpt lat="35.225290" lon="129.003627" sectionIndex="0" pointIndex="3474" originalElevation="3.2" isOriginalElevationFromOSM="true"><ele>3.7</ele></trkpt>
<trkpt lat="35.225110" lon="129.003590" sectionIndex="0" pointIndex="3475" originalElevation="3.1" isOriginalElevationFromOSM="true"><ele>3.7</ele></trkpt>
<trkpt lat="35.224750" lon="129.003590" sectionIndex="0" pointIndex="3476" originalElevation="3.4" isOriginalElevationFromOSM="true"><ele>3.7</ele></trkpt>
<trkpt lat="35.224560" lon="129.003627" sectionIndex="0" pointIndex="3477" originalElevation="3.7" isOriginalElevationFromOSM="true"><ele>3.7</ele></trkpt>
<trkpt lat="35.224310" lon="129.003717" sectionIndex="0" pointIndex="3478" originalElevation="3.9" isOriginalElevationFromOSM="true"><ele>3.8</ele></trkpt>
<trkpt lat="35.224190" lon="129.003717" sectionIndex="0" pointIndex="3479" originalElevation="4.0" isOriginalElevationFromOSM="true"><ele>3.8</ele></trkpt>
<trkpt lat="35.223310" lon="129.003530" sectionIndex="0" pointIndex="3480" originalElevation="4.5" isOriginalElevationFromOSM="true"><ele>3.8</ele></trkpt>
<trkpt lat="35.222760" lon="129.003380" sectionIndex="0" pointIndex="3481" originalElevation="3.6" isOriginalElevationFromOSM="true"><ele>3.8</ele></trkpt>
<trkpt lat="35.222350" lon="129.003230" sectionIndex="0" pointIndex="3482" originalElevation="3.4" isOriginalElevationFromOSM="true"><ele>3.7</ele></trkpt>
<trkpt lat="35.222030" lon="129.003050" sectionIndex="0" pointIndex="3483" originalElevation="4.0" isOriginalElevationFromOSM="true"><ele>3.8</ele></trkpt>
<trkpt lat="35.221850" lon="129.002910" sectionIndex="0" pointIndex="3484" originalElevation="4.4" isOriginalElevationFromOSM="true"><ele>3.8</ele></trkpt>
<trkpt lat="35.221640" lon="129.002659" sectionIndex="0" pointIndex="3485" originalElevation="4.8" isOriginalElevationFromOSM="true"><ele>3.8</ele></trkpt>
<trkpt lat="35.221310" lon="129.002108" sectionIndex="0" pointIndex="3486" originalElevation="3.9" isOriginalElevationFromOSM="true"><ele>3.8</ele></trkpt>
<trkpt lat="35.221140" lon="129.001870" sectionIndex="0" pointIndex="3487" originalElevation="3.4" isOriginalElevationFromOSM="true"><ele>3.8</ele></trkpt>
<trkpt lat="35.220860" lon="129.001630" sectionIndex="0" pointIndex="3488" originalElevation="3.0" isOriginalElevationFromOSM="true"><ele>3.8</ele></trkpt>
<trkpt lat="35.220700" lon="129.001530" sectionIndex="0" pointIndex="3489" originalElevation="3.1" isOriginalElevationFromOSM="true"><ele>3.7</ele></trkpt>
<trkpt lat="35.220500" lon="129.001488" sectionIndex="0" pointIndex="3490" originalElevation="3.3" isOriginalElevationFromOSM="true"><ele>3.6</ele></trkpt>
<trkpt lat="35.219960" lon="129.001440" sectionIndex="0" pointIndex="3491" originalElevation="3.8" isOriginalElevationFromOSM="true"><ele>3.6</ele></trkpt>
<trkpt lat="35.219700" lon="129.001380" sectionIndex="0" pointIndex="3492" originalElevation="3.9" isOriginalElevationFromOSM="true"><ele>3.5</ele></trkpt>
<trkpt lat="35.219470" lon="129.001297" sectionIndex="0" pointIndex="3493" originalElevation="4.1" isOriginalElevationFromOSM="true"><ele>3.4</ele></trkpt>
<trkpt lat="35.219030" lon="129.001117" sectionIndex="0" pointIndex="3494" originalElevation="4.2" isOriginalElevationFromOSM="true"><ele>3.4</ele></trkpt>
<trkpt lat="35.218800" lon="129.001000" sectionIndex="0" pointIndex="3495" originalElevation="3.6" isOriginalElevationFromOSM="true"><ele>3.4</ele></trkpt>
<trkpt lat="35.218430" lon="129.000730" sectionIndex="0" pointIndex="3496" originalElevation="2.5" isOriginalElevationFromOSM="true"><ele>3.5</ele></trkpt>
<trkpt lat="35.218210" lon="129.000588" sectionIndex="0" pointIndex="3497" originalElevation="2.6" isOriginalElevationFromOSM="true"><ele>3.6</ele></trkpt>
<trkpt lat="35.217940" lon="129.000460" sectionIndex="0" pointIndex="3498" originalElevation="2.9" isOriginalElevationFromOSM="true"><ele>3.8</ele></trkpt>
<trkpt lat="35.217520" lon="129.000280" sectionIndex="0" pointIndex="3499" originalElevation="3.3" isOriginalElevationFromOSM="true"><ele>3.8</ele></trkpt>
<trkpt lat="35.216990" lon="129.000138" sectionIndex="0" pointIndex="3500" originalElevation="3.4" isOriginalElevationFromOSM="true"><ele>3.2</ele></trkpt>
<trkpt lat="35.216570" lon="129.000090" sectionIndex="0" pointIndex="3501" originalElevation="3.4" isOriginalElevationFromOSM="true"><ele>2.6</ele></trkpt>
<trkpt lat="35.216280" lon="129.000120" sectionIndex="0" pointIndex="3502" originalElevation="4.5" isOriginalElevationFromOSM="true"><ele>2.1</ele></trkpt>
<trkpt lat="35.216250" lon="129.000138" sectionIndex="0" pointIndex="3503" originalElevation="4.6" isOriginalElevationFromOSM="true"><ele>1.8</ele></trkpt>
<trkpt lat="35.216190" lon="129.000280" sectionIndex="0" pointIndex="3504" originalElevation="4.8" isOriginalElevationFromOSM="true"><ele>1.6</ele></trkpt>
<trkpt lat="35.216080" lon="129.000678" sectionIndex="0" pointIndex="3505" originalElevation="5.3" isOriginalElevationFromOSM="true"><ele>1.4</ele></trkpt>
<trkpt lat="35.215930" lon="129.001680" sectionIndex="0" pointIndex="3506" originalElevation="3.6" isOriginalElevationFromOSM="true"><ele>1.3</ele></trkpt>
<trkpt lat="35.215750" lon="129.002430" sectionIndex="0" pointIndex="3507" originalElevation="-4.7" isOriginalElevationFromOSM="true"><ele>1.1</ele></trkpt>
<trkpt lat="35.215700" lon="129.002490" sectionIndex="0" pointIndex="3508" originalElevation="-4.9" isOriginalElevationFromOSM="true"><ele>1.0</ele></trkpt>
<trkpt lat="35.215480" lon="129.002558" sectionIndex="0" pointIndex="3509" originalElevation="-2.9" isOriginalElevationFromOSM="true"><ele>0.8</ele></trkpt>
<trkpt lat="35.215330" lon="129.002558" sectionIndex="0" pointIndex="3510" originalElevation="-1.7" isOriginalElevationFromOSM="true"><ele>0.5</ele></trkpt>
<trkpt lat="35.215220" lon="129.002540" sectionIndex="0" pointIndex="3511" originalElevation="-0.8" isOriginalElevationFromOSM="true"><ele>0.3</ele></trkpt>
<trkpt lat="35.215050" lon="129.002460" sectionIndex="0" pointIndex="3512" originalElevation="0.6" isOriginalElevationFromOSM="true"><ele>-0.1</ele></trkpt>
<trkpt lat="35.214750" lon="129.002209" sectionIndex="0" pointIndex="3513" originalElevation="1.0" isOriginalElevationFromOSM="true"><ele>-0.4</ele></trkpt>
<trkpt lat="35.214680" lon="129.002160" sectionIndex="0" pointIndex="3514" originalElevation="1.0" isOriginalElevationFromOSM="true"><ele>-0.6</ele></trkpt>
<trkpt lat="35.214620" lon="129.002160" sectionIndex="0" pointIndex="3515" originalElevation="0.9" isOriginalElevationFromOSM="true"><ele>-0.2</ele></trkpt>
<trkpt lat="35.214440" lon="129.002190" sectionIndex="0" pointIndex="3516" originalElevation="0.7" isOriginalElevationFromOSM="true"><ele>0.1</ele></trkpt>
<trkpt lat="35.214330" lon="129.002180" sectionIndex="0" pointIndex="3517" originalElevation="0.6" isOriginalElevationFromOSM="true"><ele>0.3</ele></trkpt>
<trkpt lat="35.213930" lon="129.002000" sectionIndex="0" pointIndex="3518" originalElevation="0.8" isOriginalElevationFromOSM="true"><ele>0.4</ele></trkpt>
<trkpt lat="35.213400" lon="129.001720" sectionIndex="0" pointIndex="3519" originalElevation="-0.5" isOriginalElevationFromOSM="true"><ele>0.5</ele></trkpt>
<trkpt lat="35.212940" lon="129.001440" sectionIndex="0" pointIndex="3520" originalElevation="0.6" isOriginalElevationFromOSM="true"><ele>0.5</ele></trkpt>
<trkpt lat="35.212640" lon="129.001250" sectionIndex="0" pointIndex="3521" originalElevation="1.2" isOriginalElevationFromOSM="true"><ele>0.5</ele></trkpt>
<trkpt lat="35.212120" lon="129.000850" sectionIndex="0" pointIndex="3522" originalElevation="0.1" isOriginalElevationFromOSM="true"><ele>0.7</ele></trkpt>
<trkpt lat="35.212020" lon="129.000779" sectionIndex="0" pointIndex="3523" originalElevation="0.0" isOriginalElevationFromOSM="true"><ele>0.9</ele></trkpt>
<trkpt lat="35.211960" lon="129.000779" sectionIndex="0" pointIndex="3524" originalElevation="-0.2" isOriginalElevationFromOSM="true"><ele>1.2</ele></trkpt>
<trkpt lat="35.211910" lon="129.000800" sectionIndex="0" pointIndex="3525" originalElevation="-0.3" isOriginalElevationFromOSM="true"><ele>1.5</ele></trkpt>
<trkpt lat="35.211630" lon="129.001190" sectionIndex="0" pointIndex="3526" originalElevation="0.4" isOriginalElevationFromOSM="true"><ele>1.8</ele></trkpt>
<trkpt lat="35.211550" lon="129.001240" sectionIndex="0" pointIndex="3527" originalElevation="0.9" isOriginalElevationFromOSM="true"><ele>2.3</ele></trkpt>
<trkpt lat="35.211480" lon="129.001240" sectionIndex="0" pointIndex="3528" originalElevation="1.1" isOriginalElevationFromOSM="true"><ele>2.6</ele></trkpt>
<trkpt lat="35.210670" lon="129.000470" sectionIndex="0" pointIndex="3529" originalElevation="3.7" isOriginalElevationFromOSM="true"><ele>3.0</ele></trkpt>
<trkpt lat="35.210630" lon="129.000408" sectionIndex="0" pointIndex="3530" originalElevation="3.8" isOriginalElevationFromOSM="true"><ele>3.3</ele></trkpt>
<trkpt lat="35.210190" lon="129.000000" sectionIndex="0" pointIndex="3531" originalElevation="5.3" isOriginalElevationFromOSM="true"><ele>3.7</ele></trkpt>
<trkpt lat="35.210060" lon="128.999920" sectionIndex="0" pointIndex="3532" originalElevation="5.5" isOriginalElevationFromOSM="true"><ele>4.1</ele></trkpt>
<trkpt lat="35.210000" lon="128.999920" sectionIndex="0" pointIndex="3533" originalElevation="5.7" isOriginalElevationFromOSM="true"><ele>4.5</ele></trkpt>
<trkpt lat="35.209950" lon="128.999950" sectionIndex="0" pointIndex="3534" originalElevation="6.0" isOriginalElevationFromOSM="true"><ele>4.8</ele></trkpt>
<trkpt lat="35.209840" lon="128.999990" sectionIndex="0" pointIndex="3535" originalElevation="6.3" isOriginalElevationFromOSM="true"><ele>5.0</ele></trkpt>
<trkpt lat="35.209780" lon="128.999957" sectionIndex="0" pointIndex="3536" originalElevation="6.4" isOriginalElevationFromOSM="true"><ele>5.1</ele></trkpt>
<trkpt lat="35.209480" lon="128.999440" sectionIndex="0" pointIndex="3537" originalElevation="5.6" isOriginalElevationFromOSM="true"><ele>5.1</ele></trkpt>
<trkpt lat="35.209400" lon="128.999300" sectionIndex="0" pointIndex="3538" originalElevation="5.5" isOriginalElevationFromOSM="true"><ele>5.0</ele></trkpt>
<trkpt lat="35.209230" lon="128.999100" sectionIndex="0" pointIndex="3539" originalElevation="5.5" isOriginalElevationFromOSM="true"><ele>4.9</ele></trkpt>
<trkpt lat="35.208930" lon="128.998770" sectionIndex="0" pointIndex="3540" originalElevation="5.8" isOriginalElevationFromOSM="true"><ele>4.7</ele></trkpt>
<trkpt lat="35.207860" lon="128.997690" sectionIndex="0" pointIndex="3541" originalElevation="4.7" isOriginalElevationFromOSM="true"><ele>4.5</ele></trkpt>
<trkpt lat="35.207290" lon="128.996980" sectionIndex="0" pointIndex="3542" originalElevation="4.0" isOriginalElevationFromOSM="true"><ele>4.3</ele></trkpt>
<trkpt lat="35.203960" lon="128.993698" sectionIndex="0" pointIndex="3543" originalElevation="3.2" isOriginalElevationFromOSM="true"><ele>4.1</ele></trkpt>
<trkpt lat="35.203300" lon="128.993237" sectionIndex="0" pointIndex="3544" originalElevation="2.7" isOriginalElevationFromOSM="true"><ele>3.9</ele></trkpt>
<trkpt lat="35.202310" lon="128.992470" sectionIndex="0" pointIndex="3545" originalElevation="3.5" isOriginalElevationFromOSM="true"><ele>3.8</ele></trkpt>
<trkpt lat="35.201870" lon="128.992040" sectionIndex="0" pointIndex="3546" originalElevation="3.2" isOriginalElevationFromOSM="true"><ele>3.8</ele></trkpt>
<trkpt lat="35.201070" lon="128.991379" sectionIndex="0" pointIndex="3547" originalElevation="2.5" isOriginalElevationFromOSM="true"><ele>3.7</ele></trkpt>
<trkpt lat="35.200250" lon="128.990569" sectionIndex="0" pointIndex="3548" originalElevation="2.1" isOriginalElevationFromOSM="true"><ele>3.6</ele></trkpt>
<trkpt lat="35.199060" lon="128.989510" sectionIndex="0" pointIndex="3549" originalElevation="3.3" isOriginalElevationFromOSM="true"><ele>3.6</ele></trkpt>
<trkpt lat="35.197870" lon="128.988419" sectionIndex="0" pointIndex="3550" originalElevation="2.9" isOriginalElevationFromOSM="true"><ele>3.6</ele></trkpt>
<trkpt lat="35.197390" lon="128.987867" sectionIndex="0" pointIndex="3551" originalElevation="3.9" isOriginalElevationFromOSM="true"><ele>3.7</ele></trkpt>
<trkpt lat="35.196090" lon="128.986340" sectionIndex="0" pointIndex="3552" originalElevation="4.4" isOriginalElevationFromOSM="true"><ele>3.8</ele></trkpt>
<trkpt lat="35.193980" lon="128.983650" sectionIndex="0" pointIndex="3553" originalElevation="5.8" isOriginalElevationFromOSM="true"><ele>3.8</ele></trkpt>
<trkpt lat="35.193500" lon="128.982970" sectionIndex="0" pointIndex="3554" originalElevation="4.0" isOriginalElevationFromOSM="true"><ele>3.8</ele></trkpt>
<trkpt lat="35.193300" lon="128.982730" sectionIndex="0" pointIndex="3555" originalElevation="3.7" isOriginalElevationFromOSM="true"><ele>3.8</ele></trkpt>
<trkpt lat="35.192950" lon="128.982260" sectionIndex="0" pointIndex="3556" originalElevation="4.2" isOriginalElevationFromOSM="true"><ele>3.8</ele></trkpt>
<trkpt lat="35.192780" lon="128.982070" sectionIndex="0" pointIndex="3557" originalElevation="4.6" isOriginalElevationFromOSM="true"><ele>3.7</ele></trkpt>
<trkpt lat="35.192240" lon="128.981630" sectionIndex="0" pointIndex="3558" originalElevation="5.0" isOriginalElevationFromOSM="true"><ele>3.7</ele></trkpt>
<trkpt lat="35.190700" lon="128.980257" sectionIndex="0" pointIndex="3559" originalElevation="3.5" isOriginalElevationFromOSM="true"><ele>3.5</ele></trkpt>
<trkpt lat="35.188970" lon="128.978760" sectionIndex="0" pointIndex="3560" originalElevation="3.6" isOriginalElevationFromOSM="true"><ele>3.3</ele></trkpt>
<trkpt lat="35.188060" lon="128.978130" sectionIndex="0" pointIndex="3561" originalElevation="2.8" isOriginalElevationFromOSM="true"><ele>2.9</ele></trkpt>
<trkpt lat="35.187380" lon="128.977630" sectionIndex="0" pointIndex="3562" originalElevation="3.6" isOriginalElevationFromOSM="true"><ele>2.6</ele></trkpt>
<trkpt lat="35.186120" lon="128.976980" sectionIndex="0" pointIndex="3563" originalElevation="1.8" isOriginalElevationFromOSM="true"><ele>2.7</ele></trkpt>
<trkpt lat="35.184940" lon="128.976430" sectionIndex="0" pointIndex="3564" originalElevation="2.3" isOriginalElevationFromOSM="true"><ele>2.7</ele></trkpt>
<trkpt lat="35.184550" lon="128.976270" sectionIndex="0" pointIndex="3565" originalElevation="2.6" isOriginalElevationFromOSM="true"><ele>2.5</ele></trkpt>
<trkpt lat="35.183420" lon="128.975920" sectionIndex="0" pointIndex="3566" originalElevation="1.5" isOriginalElevationFromOSM="true"><ele>2.5</ele></trkpt>
<trkpt lat="35.182330" lon="128.975687" sectionIndex="0" pointIndex="3567" originalElevation="0.5" isOriginalElevationFromOSM="true"><ele>2.5</ele></trkpt>
<trkpt lat="35.181960" lon="128.975640" sectionIndex="0" pointIndex="3568" originalElevation="0.2" isOriginalElevationFromOSM="true"><ele>2.5</ele></trkpt>
<trkpt lat="35.181060" lon="128.975580" sectionIndex="0" pointIndex="3569" originalElevation="-0.1" isOriginalElevationFromOSM="true"><ele>2.6</ele></trkpt>
<trkpt lat="35.180030" lon="128.975580" sectionIndex="0" pointIndex="3570" originalElevation="4.6" isOriginalElevationFromOSM="true"><ele>2.4</ele></trkpt>
<trkpt lat="35.179600" lon="128.975597" sectionIndex="0" pointIndex="3571" originalElevation="3.9" isOriginalElevationFromOSM="true"><ele>2.5</ele></trkpt>
<trkpt lat="35.177540" lon="128.975850" sectionIndex="0" pointIndex="3572" originalElevation="2.0" isOriginalElevationFromOSM="true"><ele>2.6</ele></trkpt>
<trkpt lat="35.176270" lon="128.975980" sectionIndex="0" pointIndex="3573" originalElevation="4.7" isOriginalElevationFromOSM="true"><ele>2.6</ele></trkpt>
<trkpt lat="35.175720" lon="128.976010" sectionIndex="0" pointIndex="3574" originalElevation="4.2" isOriginalElevationFromOSM="true"><ele>2.7</ele></trkpt>
<trkpt lat="35.175260" lon="128.976080" sectionIndex="0" pointIndex="3575" originalElevation="2.6" isOriginalElevationFromOSM="true"><ele>2.8</ele></trkpt>
<trkpt lat="35.173520" lon="128.976280" sectionIndex="0" pointIndex="3576" originalElevation="4.2" isOriginalElevationFromOSM="true"><ele>2.7</ele></trkpt>
<trkpt lat="35.172430" lon="128.976329" sectionIndex="0" pointIndex="3577" originalElevation="0.4" isOriginalElevationFromOSM="true"><ele>2.7</ele></trkpt>
<trkpt lat="35.170350" lon="128.976450" sectionIndex="0" pointIndex="3578" originalElevation="4.0" isOriginalElevationFromOSM="true"><ele>2.3</ele></trkpt>
<trkpt lat="35.169610" lon="128.976407" sectionIndex="0" pointIndex="3579" originalElevation="3.9" isOriginalElevationFromOSM="true"><ele>2.0</ele></trkpt>
<trkpt lat="35.168380" lon="128.976400" sectionIndex="0" pointIndex="3580" originalElevation="2.7" isOriginalElevationFromOSM="true"><ele>1.8</ele></trkpt>
<trkpt lat="35.167650" lon="128.976280" sectionIndex="0" pointIndex="3581" originalElevation="2.5" isOriginalElevationFromOSM="true"><ele>1.4</ele></trkpt>
<trkpt lat="35.166880" lon="128.976200" sectionIndex="0" pointIndex="3582" originalElevation="1.6" isOriginalElevationFromOSM="true"><ele>1.1</ele></trkpt>
<trkpt lat="35.166707" lon="128.976171" sectionIndex="0" pointIndex="3583" originalElevation="0.0" isOriginalElevationFromOSM="false"><ele>0.8</ele></trkpt>
<trkpt lat="35.165799" lon="128.976022" sectionIndex="0" pointIndex="3584" originalElevation="-1.0" isOriginalElevationFromOSM="false"><ele>0.5</ele></trkpt>
<trkpt lat="35.165755" lon="128.976013" sectionIndex="0" pointIndex="3585" originalElevation="-1.0" isOriginalElevationFromOSM="false"><ele>0.4</ele></trkpt>
<trkpt lat="35.165711" lon="128.976002" sectionIndex="0" pointIndex="3586" originalElevation="-1.0" isOriginalElevationFromOSM="false"><ele>0.0</ele></trkpt>
<trkpt lat="35.165666" lon="128.975995" sectionIndex="0" pointIndex="3587" originalElevation="-1.0" isOriginalElevationFromOSM="false"><ele>-0.3</ele></trkpt>
<trkpt lat="35.165622" lon="128.975986" sectionIndex="0" pointIndex="3588" originalElevation="-1.0" isOriginalElevationFromOSM="false"><ele>-0.5</ele></trkpt>
<trkpt lat="35.165578" lon="128.975976" sectionIndex="0" pointIndex="3589" originalElevation="-1.0" isOriginalElevationFromOSM="false"><ele>-0.8</ele></trkpt>
<trkpt lat="35.165533" lon="128.975967" sectionIndex="0" pointIndex="3590" originalElevation="-1.0" isOriginalElevationFromOSM="false"><ele>-0.9</ele></trkpt>
<trkpt lat="35.165489" lon="128.975957" sectionIndex="0" pointIndex="3591" originalElevation="-1.0" isOriginalElevationFromOSM="false"><ele>-1.0</ele></trkpt>
<trkpt lat="35.165445" lon="128.975949" sectionIndex="0" pointIndex="3592" originalElevation="-1.0" isOriginalElevationFromOSM="false"><ele>-1.0</ele></trkpt>
<trkpt lat="35.165401" lon="128.975940" sectionIndex="0" pointIndex="3593" originalElevation="-1.0" isOriginalElevationFromOSM="false"><ele>-1.0</ele></trkpt>
<trkpt lat="35.165356" lon="128.975931" sectionIndex="0" pointIndex="3594" originalElevation="-1.0" isOriginalElevationFromOSM="false"><ele>-1.0</ele></trkpt>
<trkpt lat="35.165312" lon="128.975921" sectionIndex="0" pointIndex="3595" originalElevation="-1.0" isOriginalElevationFromOSM="false"><ele>-1.0</ele></trkpt>
<trkpt lat="35.165268" lon="128.975912" sectionIndex="0" pointIndex="3596" originalElevation="-1.0" isOriginalElevationFromOSM="false"><ele>-0.7</ele></trkpt>
<trkpt lat="35.165223" lon="128.975901" sectionIndex="0" pointIndex="3597" originalElevation="-1.0" isOriginalElevationFromOSM="false"><ele>-0.3</ele></trkpt>
<trkpt lat="35.165179" lon="128.975894" sectionIndex="0" pointIndex="3598" originalElevation="-1.0" isOriginalElevationFromOSM="false"><ele>-0.3</ele></trkpt>
<trkpt lat="35.165135" lon="128.975885" sectionIndex="0" pointIndex="3599" originalElevation="-1.0" isOriginalElevationFromOSM="false"><ele>-0.2</ele></trkpt>
<trkpt lat="35.165091" lon="128.975876" sectionIndex="0" pointIndex="3600" originalElevation="-1.0" isOriginalElevationFromOSM="false"><ele>-0.1</ele></trkpt>
<trkpt lat="35.165046" lon="128.975866" sectionIndex="0" pointIndex="3601" originalElevation="-1.0" isOriginalElevationFromOSM="false"><ele>-0.1</ele></trkpt>
<trkpt lat="35.165002" lon="128.975856" sectionIndex="0" pointIndex="3602" originalElevation="-1.0" isOriginalElevationFromOSM="false"><ele>0.0</ele></trkpt>
<trkpt lat="35.164958" lon="128.975848" sectionIndex="0" pointIndex="3603" originalElevation="4.0" isOriginalElevationFromOSM="false"><ele>0.1</ele></trkpt>
<trkpt lat="35.164913" lon="128.975839" sectionIndex="0" pointIndex="3604" originalElevation="4.0" isOriginalElevationFromOSM="false"><ele>0.1</ele></trkpt>
<trkpt lat="35.164869" lon="128.975830" sectionIndex="0" pointIndex="3605" originalElevation="0.0" isOriginalElevationFromOSM="false"><ele>0.2</ele></trkpt>
<trkpt lat="35.164825" lon="128.975820" sectionIndex="0" pointIndex="3606" originalElevation="0.0" isOriginalElevationFromOSM="false"><ele>0.3</ele></trkpt>
<trkpt lat="35.164781" lon="128.975811" sectionIndex="0" pointIndex="3607" originalElevation="0.0" isOriginalElevationFromOSM="false"><ele>0.3</ele></trkpt>
<trkpt lat="35.164736" lon="128.975800" sectionIndex="0" pointIndex="3608" originalElevation="0.0" isOriginalElevationFromOSM="false"><ele>0.4</ele></trkpt>
<trkpt lat="35.164692" lon="128.975793" sectionIndex="0" pointIndex="3609" originalElevation="0.0" isOriginalElevationFromOSM="false"><ele>0.5</ele></trkpt>
<trkpt lat="35.164648" lon="128.975784" sectionIndex="0" pointIndex="3610" originalElevation="0.0" isOriginalElevationFromOSM="false"><ele>0.5</ele></trkpt>
<trkpt lat="35.164603" lon="128.975775" sectionIndex="0" pointIndex="3611" originalElevation="0.0" isOriginalElevationFromOSM="false"><ele>0.3</ele></trkpt>
<trkpt lat="35.164559" lon="128.975765" sectionIndex="0" pointIndex="3612" originalElevation="0.0" isOriginalElevationFromOSM="false"><ele>0.0</ele></trkpt>
<trkpt lat="35.164515" lon="128.975754" sectionIndex="0" pointIndex="3613" originalElevation="0.0" isOriginalElevationFromOSM="false"><ele>0.0</ele></trkpt>
<trkpt lat="35.164471" lon="128.975747" sectionIndex="0" pointIndex="3614" originalElevation="0.0" isOriginalElevationFromOSM="false"><ele>0.5</ele></trkpt>
<trkpt lat="35.164426" lon="128.975738" sectionIndex="0" pointIndex="3615" originalElevation="0.0" isOriginalElevationFromOSM="false"><ele>0.9</ele></trkpt>
<trkpt lat="35.164382" lon="128.975729" sectionIndex="0" pointIndex="3616" originalElevation="0.0" isOriginalElevationFromOSM="false"><ele>1.4</ele></trkpt>
<trkpt lat="35.164338" lon="128.975720" sectionIndex="0" pointIndex="3617" originalElevation="0.0" isOriginalElevationFromOSM="false"><ele>1.9</ele></trkpt>
<trkpt lat="35.164293" lon="128.975709" sectionIndex="0" pointIndex="3618" originalElevation="0.0" isOriginalElevationFromOSM="false"><ele>2.3</ele></trkpt>
<trkpt lat="35.164249" lon="128.975699" sectionIndex="0" pointIndex="3619" originalElevation="0.0" isOriginalElevationFromOSM="false"><ele>2.8</ele></trkpt>
<trkpt lat="35.164205" lon="128.975692" sectionIndex="0" pointIndex="3620" originalElevation="0.0" isOriginalElevationFromOSM="false"><ele>3.3</ele></trkpt>
<trkpt lat="35.164161" lon="128.975683" sectionIndex="0" pointIndex="3621" originalElevation="7.0" isOriginalElevationFromOSM="false"><ele>3.7</ele></trkpt>
<trkpt lat="35.164116" lon="128.975674" sectionIndex="0" pointIndex="3622" originalElevation="7.0" isOriginalElevationFromOSM="false"><ele>4.2</ele></trkpt>
<trkpt lat="35.164072" lon="128.975664" sectionIndex="0" pointIndex="3623" originalElevation="7.0" isOriginalElevationFromOSM="false"><ele>4.7</ele></trkpt>
<trkpt lat="35.164028" lon="128.975653" sectionIndex="0" pointIndex="3624" originalElevation="7.0" isOriginalElevationFromOSM="false"><ele>5.1</ele></trkpt>
<trkpt lat="35.163983" lon="128.975646" sectionIndex="0" pointIndex="3625" originalElevation="7.0" isOriginalElevationFromOSM="false"><ele>5.6</ele></trkpt>
<trkpt lat="35.163939" lon="128.975637" sectionIndex="0" pointIndex="3626" originalElevation="7.0" isOriginalElevationFromOSM="false"><ele>6.1</ele></trkpt>
<trkpt lat="35.163895" lon="128.975628" sectionIndex="0" pointIndex="3627" originalElevation="7.0" isOriginalElevationFromOSM="false"><ele>6.5</ele></trkpt>
<trkpt lat="35.163851" lon="128.975619" sectionIndex="0" pointIndex="3628" originalElevation="7.0" isOriginalElevationFromOSM="false"><ele>7.0</ele></trkpt>
<trkpt lat="35.163806" lon="128.975608" sectionIndex="0" pointIndex="3629" originalElevation="7.0" isOriginalElevationFromOSM="false"><ele>7.0</ele></trkpt>
<trkpt lat="35.163762" lon="128.975598" sectionIndex="0" pointIndex="3630" originalElevation="7.0" isOriginalElevationFromOSM="false"><ele>7.0</ele></trkpt>
<trkpt lat="35.163718" lon="128.975591" sectionIndex="0" pointIndex="3631" originalElevation="7.0" isOriginalElevationFromOSM="false"><ele>7.0</ele></trkpt>
<trkpt lat="35.163673" lon="128.975582" sectionIndex="0" pointIndex="3632" originalElevation="7.0" isOriginalElevationFromOSM="false"><ele>6.7</ele></trkpt>
<trkpt lat="35.163629" lon="128.975573" sectionIndex="0" pointIndex="3633" originalElevation="7.0" isOriginalElevationFromOSM="false"><ele>6.3</ele></trkpt>
<trkpt lat="35.163594" lon="128.975564" sectionIndex="0" pointIndex="3634" originalElevation="7.0" isOriginalElevationFromOSM="false"><ele>6.0</ele></trkpt>
<trkpt lat="35.163585" lon="128.975619" sectionIndex="0" pointIndex="3635" originalElevation="7.0" isOriginalElevationFromOSM="false"><ele>5.7</ele></trkpt>
<trkpt lat="35.163575" lon="128.975673" sectionIndex="0" pointIndex="3636" originalElevation="7.0" isOriginalElevationFromOSM="false"><ele>5.3</ele></trkpt>
<trkpt lat="35.163565" lon="128.975727" sectionIndex="0" pointIndex="3637" originalElevation="7.0" isOriginalElevationFromOSM="false"><ele>5.0</ele></trkpt>
<trkpt lat="35.163556" lon="128.975778" sectionIndex="0" pointIndex="3638" originalElevation="7.0" isOriginalElevationFromOSM="false"><ele>4.7</ele></trkpt>
<trkpt lat="35.163546" lon="128.975833" sectionIndex="0" pointIndex="3639" originalElevation="2.0" isOriginalElevationFromOSM="false"><ele>4.3</ele></trkpt>
<trkpt lat="35.163537" lon="128.975888" sectionIndex="0" pointIndex="3640" originalElevation="2.0" isOriginalElevationFromOSM="false"><ele>4.0</ele></trkpt>
<trkpt lat="35.163527" lon="128.975941" sectionIndex="0" pointIndex="3641" originalElevation="2.0" isOriginalElevationFromOSM="false"><ele>3.7</ele></trkpt>
<trkpt lat="35.163517" lon="128.975995" sectionIndex="0" pointIndex="3642" originalElevation="2.0" isOriginalElevationFromOSM="false"><ele>3.2</ele></trkpt>
<trkpt lat="35.163508" lon="128.976047" sectionIndex="0" pointIndex="3643" originalElevation="2.0" isOriginalElevationFromOSM="false"><ele>2.7</ele></trkpt>
<trkpt lat="35.163498" lon="128.976102" sectionIndex="0" pointIndex="3644" originalElevation="2.0" isOriginalElevationFromOSM="false"><ele>2.3</ele></trkpt>
<trkpt lat="35.163493" lon="128.976134" sectionIndex="0" pointIndex="3645" originalElevation="2.0" isOriginalElevationFromOSM="false"><ele>1.8</ele></trkpt>
<trkpt lat="35.163449" lon="128.976122" sectionIndex="0" pointIndex="3646" originalElevation="2.0" isOriginalElevationFromOSM="false"><ele>1.3</ele></trkpt>
<trkpt lat="35.163405" lon="128.976111" sectionIndex="0" pointIndex="3647" originalElevation="2.0" isOriginalElevationFromOSM="false"><ele>1.2</ele></trkpt>
<trkpt lat="35.163361" lon="128.976100" sectionIndex="0" pointIndex="3648" originalElevation="2.0" isOriginalElevationFromOSM="false"><ele>1.1</ele></trkpt>
<trkpt lat="35.163317" lon="128.976088" sectionIndex="0" pointIndex="3649" originalElevation="0.0" isOriginalElevationFromOSM="false"><ele>0.9</ele></trkpt>
<trkpt lat="35.163273" lon="128.976077" sectionIndex="0" pointIndex="3650" originalElevation="0.0" isOriginalElevationFromOSM="false"><ele>0.8</ele></trkpt>
<trkpt lat="35.163229" lon="128.976065" sectionIndex="0" pointIndex="3651" originalElevation="0.0" isOriginalElevationFromOSM="false"><ele>0.7</ele></trkpt>
<trkpt lat="35.163185" lon="128.976054" sectionIndex="0" pointIndex="3652" originalElevation="0.0" isOriginalElevationFromOSM="false"><ele>0.5</ele></trkpt>
<trkpt lat="35.163178" lon="128.976052" sectionIndex="0" pointIndex="3653" originalElevation="0.0" isOriginalElevationFromOSM="false"><ele>0.4</ele></trkpt>
<trkpt lat="35.163172" lon="128.976104" sectionIndex="0" pointIndex="3654" originalElevation="0.0" isOriginalElevationFromOSM="false"><ele>0.3</ele></trkpt>
<trkpt lat="35.163165" lon="128.976160" sectionIndex="0" pointIndex="3655" originalElevation="0.0" isOriginalElevationFromOSM="false"><ele>0.1</ele></trkpt>
<trkpt lat="35.163159" lon="128.976215" sectionIndex="0" pointIndex="3656" originalElevation="0.0" isOriginalElevationFromOSM="false"><ele>0.0</ele></trkpt>
<trkpt lat="35.163152" lon="128.976270" sectionIndex="0" pointIndex="3657" originalElevation="0.0" isOriginalElevationFromOSM="false"><ele>0.0</ele></trkpt>
<trkpt lat="35.163146" lon="128.976324" sectionIndex="0" pointIndex="3658" originalElevation="0.0" isOriginalElevationFromOSM="false"><ele>0.3</ele></trkpt>
<trkpt lat="35.163139" lon="128.976378" sectionIndex="0" pointIndex="3659" originalElevation="0.0" isOriginalElevationFromOSM="false"><ele>0.5</ele></trkpt>
<trkpt lat="35.163133" lon="128.976431" sectionIndex="0" pointIndex="3660" originalElevation="0.0" isOriginalElevationFromOSM="false"><ele>0.7</ele></trkpt>
<trkpt lat="35.163126" lon="128.976486" sectionIndex="0" pointIndex="3661" originalElevation="0.0" isOriginalElevationFromOSM="false"><ele>0.8</ele></trkpt>
<trkpt lat="35.163120" lon="128.976541" sectionIndex="0" pointIndex="3662" originalElevation="0.0" isOriginalElevationFromOSM="false"><ele>0.9</ele></trkpt>
<trkpt lat="35.163113" lon="128.976596" sectionIndex="0" pointIndex="3663" originalElevation="0.0" isOriginalElevationFromOSM="false"><ele>1.1</ele></trkpt>
<trkpt lat="35.163107" lon="128.976650" sectionIndex="0" pointIndex="3664" originalElevation="0.0" isOriginalElevationFromOSM="false"><ele>1.5</ele></trkpt>
<trkpt lat="35.163100" lon="128.976704" sectionIndex="0" pointIndex="3665" originalElevation="4.0" isOriginalElevationFromOSM="false"><ele>1.8</ele></trkpt>
<trkpt lat="35.163080" lon="128.976750" sectionIndex="0" pointIndex="3666" originalElevation="3.1" isOriginalElevationFromOSM="true"><ele>2.3</ele></trkpt>
<trkpt lat="35.162920" lon="128.976689" sectionIndex="0" pointIndex="3667" originalElevation="3.1" isOriginalElevationFromOSM="true"><ele>2.6</ele></trkpt>
<trkpt lat="35.162030" lon="128.976470" sectionIndex="0" pointIndex="3668" originalElevation="2.5" isOriginalElevationFromOSM="true"><ele>3.0</ele></trkpt>
<trkpt lat="35.160320" lon="128.976040" sectionIndex="0" pointIndex="3669" originalElevation="0.4" isOriginalElevationFromOSM="true"><ele>3.4</ele></trkpt>
<trkpt lat="35.158720" lon="128.975640" sectionIndex="0" pointIndex="3670" originalElevation="4.3" isOriginalElevationFromOSM="true"><ele>3.9</ele></trkpt>
<trkpt lat="35.157640" lon="128.975370" sectionIndex="0" pointIndex="3671" originalElevation="4.6" isOriginalElevationFromOSM="true"><ele>4.3</ele></trkpt>
<trkpt lat="35.157000" lon="128.975240" sectionIndex="0" pointIndex="3672" originalElevation="5.5" isOriginalElevationFromOSM="true"><ele>4.7</ele></trkpt>
<trkpt lat="35.156100" lon="128.975060" sectionIndex="0" pointIndex="3673" originalElevation="6.4" isOriginalElevationFromOSM="true"><ele>5.0</ele></trkpt>
<trkpt lat="35.155620" lon="128.977838" sectionIndex="0" pointIndex="3674" originalElevation="6.0" isOriginalElevationFromOSM="true"><ele>5.7</ele></trkpt>
<trkpt lat="35.154170" lon="128.986230" sectionIndex="0" pointIndex="3675" originalElevation="4.7" isOriginalElevationFromOSM="true"><ele>6.1</ele></trkpt>
<trkpt lat="35.153090" lon="128.992500" sectionIndex="0" pointIndex="3676" originalElevation="6.3" isOriginalElevationFromOSM="true"><ele>6.2</ele></trkpt>
<trkpt lat="35.153070" lon="128.992618" sectionIndex="0" pointIndex="3677" originalElevation="7.3" isOriginalElevationFromOSM="true"><ele>6.7</ele></trkpt>
<trkpt lat="35.151930" lon="128.995010" sectionIndex="0" pointIndex="3678" originalElevation="6.6" isOriginalElevationFromOSM="true"><ele>6.6</ele></trkpt>
</trkseg>
</trk>   
</gpx>