<?xml version="1.0" encoding="UTF-8" standalone="no" ?>
<gpx xmlns="http://www.topografix.com/GPX/1/1" creator="MapSource 6.16.2" version="1.1" xmlns:xsi="http://www.w3.org/2001/XMLSchema-instance" xsi:schemaLocation="http://www.topografix.com/GPX/1/1 http://www.topografix.com/GPX/1/1/gpx.xsd">

  <metadata>
    <link href="http://www.garmin.com">
      <text>Garmin International</text>
    </link>
    <time>2018-09-11T02:54:29Z</time>
    <bounds maxlat="37.443766593933105" maxlon="129.47590528987348" minlat="35.84092291072011" minlon="128.37798611260951"/>
  </metadata>

  <wpt lat="35.932374000549316" lon="128.87731075286865">
    <time>2015-12-09T10:27:12Z</time>
    <name>CP 1 Geumho</name>
    <sym>Bike Trail</sym>
    <extensions>
      <gpxx:WaypointExtension xmlns:gpxx="http://www.garmin.com/xmlschemas/GpxExtensions/v3">
        <gpxx:DisplayMode>SymbolAndName</gpxx:DisplayMode>
      </gpxx:WaypointExtension>
    </extensions>
  </wpt>

  <wpt lat="36.35999514721334" lon="129.3876198772341">
    <time>2013-10-24T00:56:41Z</time>
    <name>CP 2 Ganggu</name>
    <sym>Bike Trail</sym>
    <extensions>
      <gpxx:WaypointExtension xmlns:gpxx="http://www.garmin.com/xmlschemas/GpxExtensions/v3">
        <gpxx:DisplayMode>SymbolAndName</gpxx:DisplayMode>
      </gpxx:WaypointExtension>
    </extensions>
  </wpt>

  <wpt lat="36.963887214660645" lon="129.39761638641357">
    <time>2017-06-08T00:32:18Z</time>
    <name>CP 3 Geunnam</name>
    <sym>Bike Trail</sym>
    <extensions>
      <gpxx:WaypointExtension xmlns:gpxx="http://www.garmin.com/xmlschemas/GpxExtensions/v3">
        <gpxx:DisplayMode>SymbolAndName</gpxx:DisplayMode>
      </gpxx:WaypointExtension>
    </extensions>
  </wpt>

  <wpt lat="37.439575893804431" lon="129.16837418451905">
    <time>2015-12-09T10:34:03Z</time>
    <name>CP 4 Samcheok</name>
    <sym>Bike Trail</sym>
    <extensions>
      <gpxx:WaypointExtension xmlns:gpxx="http://www.garmin.com/xmlschemas/GpxExtensions/v3">
        <gpxx:DisplayMode>SymbolAndName</gpxx:DisplayMode>
      </gpxx:WaypointExtension>
    </extensions>
  </wpt>

  <wpt lat="36.56677552498877" lon="128.72505976818502">
    <time>2015-12-09T11:53:19Z</time>
    <name>CP 5 Andong</name>
    <sym>Bike Trail</sym>
    <extensions>
      <gpxx:WaypointExtension xmlns:gpxx="http://www.garmin.com/xmlschemas/GpxExtensions/v3">
        <gpxx:DisplayMode>SymbolAndName</gpxx:DisplayMode>
      </gpxx:WaypointExtension>
    </extensions>
  </wpt>

  <wpt lat="36.385952644050121" lon="128.43533056788146">
    <time>2015-12-09T10:40:05Z</time>
    <name>CP 6 Angye</name>
    <sym>Bike Trail</sym>
    <extensions>
      <gpxx:WaypointExtension xmlns:gpxx="http://www.garmin.com/xmlschemas/GpxExtensions/v3">
        <gpxx:DisplayMode>SymbolAndName</gpxx:DisplayMode>
      </gpxx:WaypointExtension>
    </extensions>
  </wpt>

  <wpt lat="36.015462214127183" lon="128.40077977627516">
    <time>2014-11-09T12:34:09Z</time>
    <name>CP 7 Chilgokbo</name>
    <cmt>sadaegang stamp</cmt>
    <desc>sadaegang stamp</desc>
    <sym>Bike Trail</sym>
    <extensions>
      <gpxx:WaypointExtension xmlns:gpxx="http://www.garmin.com/xmlschemas/GpxExtensions/v3">
        <gpxx:DisplayMode>SymbolAndName</gpxx:DisplayMode>
      </gpxx:WaypointExtension>
    </extensions>
  </wpt>

  <wpt lat="35.841249637305737" lon="128.46502664498985">
    <time>2015-12-09T10:26:09Z</time>
    <name>Start / Finish</name>
    <sym>Flag, Blue</sym>
    <extensions>
      <gpxx:WaypointExtension xmlns:gpxx="http://www.garmin.com/xmlschemas/GpxExtensions/v3">
        <gpxx:DisplayMode>SymbolAndName</gpxx:DisplayMode>
      </gpxx:WaypointExtension>
    </extensions>
  </wpt>

  <trk>
    <name>D-600K</name>
    <extensions>
      <gpxx:TrackExtension xmlns:gpxx="http://www.garmin.com/xmlschemas/GpxExtensions/v3">
        <gpxx:DisplayColor>Green</gpxx:DisplayColor>
      </gpxx:TrackExtension>
    </extensions>
    <trkseg>
      <trkpt lat="35.841249637305737" lon="128.46502664498985">
        <ele>17.600000000000001</ele>
      </trkpt>
      <trkpt lat="35.841082585975528" lon="128.4672898426652">
        <ele>19.699999999999999</ele>
      </trkpt>
      <trkpt lat="35.841051153838634" lon="128.46797280013561">
        <ele>17.5</ele>
      </trkpt>
      <trkpt lat="35.841189455240965" lon="128.4681823477149">
        <ele>17.300000000000001</ele>
      </trkpt>
      <trkpt lat="35.846408782526851" lon="128.46872566267848">
        <ele>23.5</ele>
      </trkpt>
      <trkpt lat="35.846742046996951" lon="128.46828326582909">
        <ele>25.300000000000001</ele>
      </trkpt>
      <trkpt lat="35.847062738612294" lon="128.4683065675199">
        <ele>24.199999999999999</ele>
      </trkpt>
      <trkpt lat="35.84713825955987" lon="128.46872566267848">
        <ele>22</ele>
      </trkpt>
      <trkpt lat="35.847289133816957" lon="128.46892741508782">
        <ele>20.800000000000001</ele>
      </trkpt>
      <trkpt lat="35.847521815448999" lon="128.46940082497895">
        <ele>17.300000000000001</ele>
      </trkpt>
      <trkpt lat="35.851672114804387" lon="128.47061921842396">
        <ele>13.5</ele>
      </trkpt>
      <trkpt lat="35.852093389257789" lon="128.4707123413682">
        <ele>13.6</ele>
      </trkpt>
      <trkpt lat="35.855816127732396" lon="128.47123235464096">
        <ele>18</ele>
      </trkpt>
      <trkpt lat="35.858564050868154" lon="128.47165136598051">
        <ele>16.399999999999999</ele>
      </trkpt>
      <trkpt lat="35.859155142679811" lon="128.47169017419219">
        <ele>16.899999999999999</ele>
      </trkpt>
      <trkpt lat="35.859872046858072" lon="128.47141860052943">
        <ele>19.100000000000001</ele>
      </trkpt>
      <trkpt lat="35.861022882163525" lon="128.47151943482459">
        <ele>21.899999999999999</ele>
      </trkpt>
      <trkpt lat="35.861557396128774" lon="128.47141080535948">
        <ele>17.199999999999999</ele>
      </trkpt>
      <trkpt lat="35.863104276359081" lon="128.4706502314657">
        <ele>17.399999999999999</ele>
      </trkpt>
      <trkpt lat="35.863531837239861" lon="128.47038636915386">
        <ele>18.399999999999999</ele>
      </trkpt>
      <trkpt lat="35.864173304289579" lon="128.46984313800931">
        <ele>20.5</ele>
      </trkpt>
      <trkpt lat="35.864481423050165" lon="128.46971900202334">
        <ele>18.899999999999999</ele>
      </trkpt>
      <trkpt lat="35.864732880145311" lon="128.46949394792318">
        <ele>18.699999999999999</ele>
      </trkpt>
      <trkpt lat="35.866009527817369" lon="128.46787925809622">
        <ele>18.5</ele>
      </trkpt>
      <trkpt lat="35.869725896045566" lon="128.46304440870881">
        <ele>23</ele>
      </trkpt>
      <trkpt lat="35.869335969910026" lon="128.46285036765039">
        <ele>33.5</ele>
      </trkpt>
      <trkpt lat="35.868631722405553" lon="128.46333157271147">
        <ele>31.100000000000001</ele>
      </trkpt>
      <trkpt lat="35.867260862141848" lon="128.46389810554683">
        <ele>33.200000000000003</ele>
      </trkpt>
      <trkpt lat="35.867015607655048" lon="128.46461207605898">
        <ele>24.399999999999999</ele>
      </trkpt>
      <trkpt lat="35.86672006174922" lon="128.46501558087766">
        <ele>22.899999999999999</ele>
      </trkpt>
      <trkpt lat="35.86936111561954" lon="128.46734382212162">
        <ele>21.899999999999999</ele>
      </trkpt>
      <trkpt lat="35.870725773274899" lon="128.46604747697711">
        <ele>20.800000000000001</ele>
      </trkpt>
      <trkpt lat="35.870920652523637" lon="128.46558965742588">
        <ele>20.5</ele>
      </trkpt>
      <trkpt lat="35.871543260291219" lon="128.46458072774112">
        <ele>21.100000000000001</ele>
      </trkpt>
      <trkpt lat="35.871568406000733" lon="128.46406079828739">
        <ele>21.5</ele>
      </trkpt>
      <trkpt lat="35.871782144531608" lon="128.46344766207039">
        <ele>22.100000000000001</ele>
      </trkpt>
      <trkpt lat="35.873310165479779" lon="128.46167053095996">
        <ele>20.800000000000001</ele>
      </trkpt>
      <trkpt lat="35.873781815171242" lon="128.46117381937802">
        <ele>19.300000000000001</ele>
      </trkpt>
      <trkpt lat="35.874247178435326" lon="128.46080132760108">
        <ele>21</ele>
      </trkpt>
      <trkpt lat="35.8748132083565" lon="128.46053729765117">
        <ele>19.699999999999999</ele>
      </trkpt>
      <trkpt lat="35.875328779220581" lon="128.46040536649525">
        <ele>18.399999999999999</ele>
      </trkpt>
      <trkpt lat="35.876209130510688" lon="128.46042858436704">
        <ele>18.399999999999999</ele>
      </trkpt>
      <trkpt lat="35.876812795177102" lon="128.46054500900209">
        <ele>18.399999999999999</ele>
      </trkpt>
      <trkpt lat="35.877598850056529" lon="128.46078556962311">
        <ele>13</ele>
      </trkpt>
      <trkpt lat="35.879271542653441" lon="128.46139870584011">
        <ele>13</ele>
      </trkpt>
      <trkpt lat="35.880271419882774" lon="128.461919054389">
        <ele>13</ele>
      </trkpt>
      <trkpt lat="35.880944235250354" lon="128.46242347732186">
        <ele>13.1</ele>
      </trkpt>
      <trkpt lat="35.881591904908419" lon="128.46308313310146">
        <ele>13.6</ele>
      </trkpt>
      <trkpt lat="35.881944112479687" lon="128.46365746110678">
        <ele>13</ele>
      </trkpt>
      <trkpt lat="35.882182996720076" lon="128.46435592509806">
        <ele>13.800000000000001</ele>
      </trkpt>
      <trkpt lat="35.882346527650952" lon="128.46536477096379">
        <ele>14.6</ele>
      </trkpt>
      <trkpt lat="35.882415678352118" lon="128.46662976779044">
        <ele>13.800000000000001</ele>
      </trkpt>
      <trkpt lat="35.882428251206875" lon="128.46746016293764">
        <ele>18.800000000000001</ele>
      </trkpt>
      <trkpt lat="35.882321381941438" lon="128.46899673342705">
        <ele>17.399999999999999</ele>
      </trkpt>
      <trkpt lat="35.882214512676001" lon="128.47076699137688">
        <ele>16.399999999999999</ele>
      </trkpt>
      <trkpt lat="35.882107559591532" lon="128.47201639786363">
        <ele>15.699999999999999</ele>
      </trkpt>
      <trkpt lat="35.881881164386868" lon="128.47324258647859">
        <ele>13</ele>
      </trkpt>
      <trkpt lat="35.881522754207253" lon="128.47457740455866">
        <ele>15.6</ele>
      </trkpt>
      <trkpt lat="35.881057474762201" lon="128.47599763423204">
        <ele>19.699999999999999</ele>
      </trkpt>
      <trkpt lat="35.880403937771916" lon="128.47791474312544">
        <ele>20.5</ele>
      </trkpt>
      <trkpt lat="35.879844278097153" lon="128.47929616458714">
        <ele>21.800000000000001</ele>
      </trkpt>
      <trkpt lat="35.879580248147249" lon="128.47976957447827">
        <ele>22.100000000000001</ele>
      </trkpt>
      <trkpt lat="35.878844484686852" lon="128.48029729910195">
        <ele>27.5</ele>
      </trkpt>
      <trkpt lat="35.878435783088207" lon="128.48066199570894">
        <ele>26.300000000000001</ele>
      </trkpt>
      <trkpt lat="35.87793898768723" lon="128.48150789737701">
        <ele>26.199999999999999</ele>
      </trkpt>
      <trkpt lat="35.87764972820878" lon="128.4818416647613">
        <ele>27.600000000000001</ele>
      </trkpt>
      <trkpt lat="35.877285031601787" lon="128.48217534832656">
        <ele>29.899999999999999</ele>
      </trkpt>
      <trkpt lat="35.876417253166437" lon="128.48281170241535">
        <ele>31.699999999999999</ele>
      </trkpt>
      <trkpt lat="35.87615305557847" lon="128.48315376788378">
        <ele>29.100000000000001</ele>
      </trkpt>
      <trkpt lat="35.875712921842933" lon="128.48443427123129">
        <ele>22.600000000000001</ele>
      </trkpt>
      <trkpt lat="35.875731781125069" lon="128.484713640064">
        <ele>22.300000000000001</ele>
      </trkpt>
      <trkpt lat="35.875694062560797" lon="128.48508613184094">
        <ele>22.399999999999999</ele>
      </trkpt>
      <trkpt lat="35.875794645398855" lon="128.48581560887396">
        <ele>23</ele>
      </trkpt>
      <trkpt lat="35.875738067552447" lon="128.48647526465356">
        <ele>21.600000000000001</ele>
      </trkpt>
      <trkpt lat="35.875738067552447" lon="128.48718923516572">
        <ele>21.399999999999999</ele>
      </trkpt>
      <trkpt lat="35.875977035611868" lon="128.48792650736868">
        <ele>20.100000000000001</ele>
      </trkpt>
      <trkpt lat="35.876083904877305" lon="128.48849304020405">
        <ele>19.800000000000001</ele>
      </trkpt>
      <trkpt lat="35.87644231505692" lon="128.48918370902538">
        <ele>18.899999999999999</ele>
      </trkpt>
      <trkpt lat="35.876536695286632" lon="128.48950968123972">
        <ele>20</ele>
      </trkpt>
      <trkpt lat="35.876605845987797" lon="128.48998309113085">
        <ele>22</ele>
      </trkpt>
      <trkpt lat="35.876869959756732" lon="128.49057351239026">
        <ele>23.100000000000001</ele>
      </trkpt>
      <trkpt lat="35.877228453755379" lon="128.49118656478822">
        <ele>23.800000000000001</ele>
      </trkpt>
      <trkpt lat="35.8775554317981" lon="128.49164446815848">
        <ele>23.699999999999999</ele>
      </trkpt>
      <trkpt lat="35.877618296071887" lon="128.49186172708869">
        <ele>23.699999999999999</ele>
      </trkpt>
      <trkpt lat="35.877593150362372" lon="128.49236623384058">
        <ele>24.600000000000001</ele>
      </trkpt>
      <trkpt lat="35.877832118421793" lon="128.49310350604355">
        <ele>21.600000000000001</ele>
      </trkpt>
      <trkpt lat="35.878115091472864" lon="128.49367775022984">
        <ele>17.399999999999999</ele>
      </trkpt>
      <trkpt lat="35.878328830003738" lon="128.49452365189791">
        <ele>17.800000000000001</ele>
      </trkpt>
      <trkpt lat="35.878636948764324" lon="128.49508238956332">
        <ele>20.699999999999999</ele>
      </trkpt>
      <trkpt lat="35.878844484686852" lon="128.49564892239869">
        <ele>21.800000000000001</ele>
      </trkpt>
      <trkpt lat="35.879196608439088" lon="128.49614563398063">
        <ele>22.699999999999999</ele>
      </trkpt>
      <trkpt lat="35.879423003643751" lon="128.49637068808079">
        <ele>22.699999999999999</ele>
      </trkpt>
      <trkpt lat="35.879938742145896" lon="128.49680579267442">
        <ele>23</ele>
      </trkpt>
      <trkpt lat="35.880234288051724" lon="128.49713947623968">
        <ele>23</ele>
      </trkpt>
      <trkpt lat="35.880699567496777" lon="128.49763610400259">
        <ele>24</ele>
      </trkpt>
      <trkpt lat="35.882177297025919" lon="128.49899422377348">
        <ele>25.699999999999999</ele>
      </trkpt>
      <trkpt lat="35.882472842931747" lon="128.49940552376211">
        <ele>28.699999999999999</ele>
      </trkpt>
      <trkpt lat="35.882906774058938" lon="128.499785810709">
        <ele>27.600000000000001</ele>
      </trkpt>
      <trkpt lat="35.883202319964767" lon="128.50008848123252">
        <ele>22.100000000000001</ele>
      </trkpt>
      <trkpt lat="35.883787125349045" lon="128.50089557468891">
        <ele>24.600000000000001</ele>
      </trkpt>
      <trkpt lat="35.884170681238174" lon="128.50147761404514">
        <ele>21.199999999999999</ele>
      </trkpt>
      <trkpt lat="35.88496939279139" lon="128.50235511548817">
        <ele>22.699999999999999</ele>
      </trkpt>
      <trkpt lat="35.888069439679384" lon="128.50459014996886">
        <ele>19.600000000000001</ele>
      </trkpt>
      <trkpt lat="35.888490797951818" lon="128.50490832701325">
        <ele>21.100000000000001</ele>
      </trkpt>
      <trkpt lat="35.888956161215901" lon="128.50540520623326">
        <ele>20.800000000000001</ele>
      </trkpt>
      <trkpt lat="35.889151124283671" lon="128.50559924729168">
        <ele>21.800000000000001</ele>
      </trkpt>
      <trkpt lat="35.889346087351441" lon="128.50570787675679">
        <ele>22.199999999999999</ele>
      </trkpt>
      <trkpt lat="35.889905747026205" lon="128.50586310960352">
        <ele>21.399999999999999</ele>
      </trkpt>
      <trkpt lat="35.890798671171069" lon="128.50656928494573">
        <ele>22.199999999999999</ele>
      </trkpt>
      <trkpt lat="35.891238804906607" lon="128.50690305233002">
        <ele>20.699999999999999</ele>
      </trkpt>
      <trkpt lat="35.891647506505251" lon="128.5074307769537">
        <ele>21.600000000000001</ele>
      </trkpt>
      <trkpt lat="35.891917906701565" lon="128.50806713104248">
        <ele>22.100000000000001</ele>
      </trkpt>
      <trkpt lat="35.892056291922927" lon="128.50892853923142">
        <ele>21.300000000000001</ele>
      </trkpt>
      <trkpt lat="35.891949338838458" lon="128.509371438995">
        <ele>22.300000000000001</ele>
      </trkpt>
      <trkpt lat="35.891943052411079" lon="128.50952667184174">
        <ele>22.100000000000001</ele>
      </trkpt>
      <trkpt lat="35.892024859786034" lon="128.50979053415358">
        <ele>20.800000000000001</ele>
      </trkpt>
      <trkpt lat="35.892112869769335" lon="128.51035706698895">
        <ele>20.300000000000001</ele>
      </trkpt>
      <trkpt lat="35.89208772405982" lon="128.51123398169875">
        <ele>21.199999999999999</ele>
      </trkpt>
      <trkpt lat="35.892018573358655" lon="128.51234382949769">
        <ele>21.300000000000001</ele>
      </trkpt>
      <trkpt lat="35.891861328855157" lon="128.51349240168929">
        <ele>21.699999999999999</ele>
      </trkpt>
      <trkpt lat="35.891440054401755" lon="128.51557999849319">
        <ele>23</ele>
      </trkpt>
      <trkpt lat="35.891219945624471" lon="128.51599900983274">
        <ele>24.100000000000001</ele>
      </trkpt>
      <trkpt lat="35.891031268984079" lon="128.51680677384138">
        <ele>23.199999999999999</ele>
      </trkpt>
      <trkpt lat="35.890924399718642" lon="128.51710173301399">
        <ele>23.5</ele>
      </trkpt>
      <trkpt lat="35.89088031090796" lon="128.51745092310011">
        <ele>22.800000000000001</ele>
      </trkpt>
      <trkpt lat="35.890572192147374" lon="128.51842875592411">
        <ele>23.300000000000001</ele>
      </trkpt>
      <trkpt lat="35.889962241053581" lon="128.52033790200949">
        <ele>20.399999999999999</ele>
      </trkpt>
      <trkpt lat="35.888685677200556" lon="128.5237530246377">
        <ele>24.699999999999999</ele>
      </trkpt>
      <trkpt lat="35.888383844867349" lon="128.52448250167072">
        <ele>24.600000000000001</ele>
      </trkpt>
      <trkpt lat="35.887981429696083" lon="128.52496362291276">
        <ele>28.100000000000001</ele>
      </trkpt>
      <trkpt lat="35.887830555438995" lon="128.52549914270639">
        <ele>25.399999999999999</ele>
      </trkpt>
      <trkpt lat="35.887352619320154" lon="128.52689607068896">
        <ele>22.5</ele>
      </trkpt>
      <trkpt lat="35.887453202158213" lon="128.52753242477775">
        <ele>16.699999999999999</ele>
      </trkpt>
      <trkpt lat="35.887264609336853" lon="128.52906966581941">
        <ele>19.600000000000001</ele>
      </trkpt>
      <trkpt lat="35.88708221912384" lon="128.5302026476711">
        <ele>20.100000000000001</ele>
      </trkpt>
      <trkpt lat="35.886868396773934" lon="128.53097872808576">
        <ele>19.899999999999999</ele>
      </trkpt>
      <trkpt lat="35.886616939678788" lon="128.5315219592303">
        <ele>20.600000000000001</ele>
      </trkpt>
      <trkpt lat="35.887075932696462" lon="128.53195656090975">
        <ele>20.800000000000001</ele>
      </trkpt>
      <trkpt lat="35.887333760038018" lon="128.53164617903531">
        <ele>17.600000000000001</ele>
      </trkpt>
      <trkpt lat="35.887484718114138" lon="128.53156076744199">
        <ele>17.100000000000001</ele>
      </trkpt>
      <trkpt lat="35.887685883790255" lon="128.53163067251444">
        <ele>17.199999999999999</ele>
      </trkpt>
      <trkpt lat="35.887805409729481" lon="128.53186343796551">
        <ele>18.300000000000001</ele>
      </trkpt>
      <trkpt lat="35.88857252150774" lon="128.53483574464917">
        <ele>20.300000000000001</ele>
      </trkpt>
      <trkpt lat="35.888855578377843" lon="128.53566681034863">
        <ele>20.399999999999999</ele>
      </trkpt>
      <trkpt lat="35.889239134266973" lon="128.53671446442604">
        <ele>20.899999999999999</ele>
      </trkpt>
      <trkpt lat="35.889654122292995" lon="128.53759137913585">
        <ele>20.5</ele>
      </trkpt>
      <trkpt lat="35.890132058411837" lon="128.53853048756719">
        <ele>21.199999999999999</ele>
      </trkpt>
      <trkpt lat="35.891050128266215" lon="128.54029211215675">
        <ele>19</ele>
      </trkpt>
      <trkpt lat="35.891452627256513" lon="128.54124664328992">
        <ele>19.5</ele>
      </trkpt>
      <trkpt lat="35.891855042427778" lon="128.54239588603377">
        <ele>19.899999999999999</ele>
      </trkpt>
      <trkpt lat="35.892125442624092" lon="128.54355216957629">
        <ele>20.199999999999999</ele>
      </trkpt>
      <trkpt lat="35.892452420666814" lon="128.54496460407972">
        <ele>20.300000000000001</ele>
      </trkpt>
      <trkpt lat="35.893005793914199" lon="128.54702898301184">
        <ele>22.800000000000001</ele>
      </trkpt>
      <trkpt lat="35.893848426640034" lon="128.55004060082138">
        <ele>23.699999999999999</ele>
      </trkpt>
      <trkpt lat="35.894238352775574" lon="128.55159267783165">
        <ele>21</ele>
      </trkpt>
      <trkpt lat="35.894842017441988" lon="128.55317585170269">
        <ele>22.699999999999999</ele>
      </trkpt>
      <trkpt lat="35.89516899548471" lon="128.55427840724587">
        <ele>21</ele>
      </trkpt>
      <trkpt lat="35.895835608243942" lon="128.55668418109417">
        <ele>21</ele>
      </trkpt>
      <trkpt lat="35.896269455552101" lon="128.55783275328577">
        <ele>21.600000000000001</ele>
      </trkpt>
      <trkpt lat="35.896791396662593" lon="128.55895031243563">
        <ele>20.899999999999999</ele>
      </trkpt>
      <trkpt lat="35.897332197055221" lon="128.55988933704793">
        <ele>21</ele>
      </trkpt>
      <trkpt lat="35.897917002439499" lon="128.56072744354606">
        <ele>21</ele>
      </trkpt>
      <trkpt lat="35.898633906617761" lon="128.56158164329827">
        <ele>21</ele>
      </trkpt>
      <trkpt lat="35.899287862703204" lon="128.56238882057369">
        <ele>21</ele>
      </trkpt>
      <trkpt lat="35.901256101205945" lon="128.56472468934953">
        <ele>21</ele>
      </trkpt>
      <trkpt lat="35.9023377019912" lon="128.56617651879787">
        <ele>21</ele>
      </trkpt>
      <trkpt lat="35.902828210964799" lon="128.56689048931003">
        <ele>21</ele>
      </trkpt>
      <trkpt lat="35.9032494854182" lon="128.56781400740147">
        <ele>21.199999999999999</ele>
      </trkpt>
      <trkpt lat="35.90353874489665" lon="128.56872973032296">
        <ele>21</ele>
      </trkpt>
      <trkpt lat="35.903771426528692" lon="128.5696532484144">
        <ele>21</ele>
      </trkpt>
      <trkpt lat="35.904211644083261" lon="128.57231517322361">
        <ele>21</ele>
      </trkpt>
      <trkpt lat="35.904331086203456" lon="128.57324707321823">
        <ele>21</ele>
      </trkpt>
      <trkpt lat="35.904375091195107" lon="128.57399985194206">
        <ele>21</ele>
      </trkpt>
      <trkpt lat="35.904293367639184" lon="128.57697215862572">
        <ele>23.399999999999999</ele>
      </trkpt>
      <trkpt lat="35.904305940493941" lon="128.5775619931519">
        <ele>25.600000000000001</ele>
      </trkpt>
      <trkpt lat="35.904620345681906" lon="128.57881969772279">
        <ele>21</ele>
      </trkpt>
      <trkpt lat="35.904777590185404" lon="128.57968890108168">
        <ele>21</ele>
      </trkpt>
      <trkpt lat="35.904827881604433" lon="128.58061241917312">
        <ele>21</ele>
      </trkpt>
      <trkpt lat="35.904783876612782" lon="128.58147382736206">
        <ele>21</ele>
      </trkpt>
      <trkpt lat="35.904419180005789" lon="128.586635151878">
        <ele>21</ele>
      </trkpt>
      <trkpt lat="35.904337372630835" lon="128.58695332892239">
        <ele>21.300000000000001</ele>
      </trkpt>
      <trkpt lat="35.903991535305977" lon="128.58774491585791">
        <ele>23.600000000000001</ele>
      </trkpt>
      <trkpt lat="35.903934957459569" lon="128.58809410594404">
        <ele>24</ele>
      </trkpt>
      <trkpt lat="35.90378399938345" lon="128.58854421414435">
        <ele>24.899999999999999</ele>
      </trkpt>
      <trkpt lat="35.903765140101314" lon="128.58900991268456">
        <ele>24.199999999999999</ele>
      </trkpt>
      <trkpt lat="35.903739994391799" lon="128.5892116650939">
        <ele>24.100000000000001</ele>
      </trkpt>
      <trkpt lat="35.903507396578789" lon="128.59011188149452">
        <ele>27.300000000000001</ele>
      </trkpt>
      <trkpt lat="35.903337579220533" lon="128.59038412570953">
        <ele>28</ele>
      </trkpt>
      <trkpt lat="35.90272762812674" lon="128.5909971781075">
        <ele>27.199999999999999</ele>
      </trkpt>
      <trkpt lat="35.901897568255663" lon="128.59155591577291">
        <ele>26.699999999999999</ele>
      </trkpt>
      <trkpt lat="35.900980085134506" lon="128.59214885160327">
        <ele>28.199999999999999</ele>
      </trkpt>
      <trkpt lat="35.900782523676753" lon="128.59218212775886">
        <ele>28.5</ele>
      </trkpt>
      <trkpt lat="35.899839224293828" lon="128.59212110750377">
        <ele>28.100000000000001</ele>
      </trkpt>
      <trkpt lat="35.899848276749253" lon="128.59197702258825">
        <ele>28.699999999999999</ele>
      </trkpt>
      <trkpt lat="35.900270473212004" lon="128.59192715026438">
        <ele>29.5</ele>
      </trkpt>
      <trkpt lat="35.90070616453886" lon="128.59192715026438">
        <ele>29.699999999999999</ele>
      </trkpt>
      <trkpt lat="35.900863325223327" lon="128.59204910695553">
        <ele>29.100000000000001</ele>
      </trkpt>
      <trkpt lat="35.900926189497113" lon="128.59225421212614">
        <ele>27.800000000000001</ele>
      </trkpt>
      <trkpt lat="35.90207333676517" lon="128.59837400726974">
        <ele>42.200000000000003</ele>
      </trkpt>
      <trkpt lat="35.902500981464982" lon="128.60470661893487">
        <ele>41</ele>
      </trkpt>
      <trkpt lat="35.902431830763817" lon="128.60520324669778">
        <ele>40.200000000000003</ele>
      </trkpt>
      <trkpt lat="35.901457099243999" lon="128.6073297355324">
        <ele>53.700000000000003</ele>
      </trkpt>
      <trkpt lat="35.899891359731555" lon="128.6096733994782">
        <ele>51.700000000000003</ele>
      </trkpt>
      <trkpt lat="35.89865880087018" lon="128.61247496679425">
        <ele>47</ele>
      </trkpt>
      <trkpt lat="35.898363254964352" lon="128.61287847161293">
        <ele>45.600000000000001</ele>
      </trkpt>
      <trkpt lat="35.897533195093274" lon="128.6148729454726">
        <ele>38</ele>
      </trkpt>
      <trkpt lat="35.897684153169394" lon="128.61531534232199">
        <ele>38.200000000000003</ele>
      </trkpt>
      <trkpt lat="35.899583157151937" lon="128.6246279720217">
        <ele>44.799999999999997</ele>
      </trkpt>
      <trkpt lat="35.899451142176986" lon="128.62492293119431">
        <ele>44.200000000000003</ele>
      </trkpt>
      <trkpt lat="35.899463715031743" lon="128.6251789983362">
        <ele>42.399999999999999</ele>
      </trkpt>
      <trkpt lat="35.89957058429718" lon="128.62529542297125">
        <ele>40.799999999999997</ele>
      </trkpt>
      <trkpt lat="35.899828411638737" lon="128.62520230002701">
        <ele>39.899999999999999</ele>
      </trkpt>
      <trkpt lat="35.900155724957585" lon="128.62664490938187">
        <ele>28.100000000000001</ele>
      </trkpt>
      <trkpt lat="35.898652682080865" lon="128.62714153714478">
        <ele>30.100000000000001</ele>
      </trkpt>
      <trkpt lat="35.897696893662214" lon="128.62747530452907">
        <ele>28.300000000000001</ele>
      </trkpt>
      <trkpt lat="35.896992646157742" lon="128.62780898809433">
        <ele>28.800000000000001</ele>
      </trkpt>
      <trkpt lat="35.896187731996179" lon="128.62836001440883">
        <ele>30.199999999999999</ele>
      </trkpt>
      <trkpt lat="35.895508630201221" lon="128.62897306680679">
        <ele>29.100000000000001</ele>
      </trkpt>
      <trkpt lat="35.894754007458687" lon="128.62974914722145">
        <ele>30.199999999999999</ele>
      </trkpt>
      <trkpt lat="35.894093764945865" lon="128.63061055541039">
        <ele>38.5</ele>
      </trkpt>
      <trkpt lat="35.89348373003304" lon="128.63156558945775">
        <ele>37.700000000000003</ele>
      </trkpt>
      <trkpt lat="35.892848633229733" lon="128.63241920247674">
        <ele>36</ele>
      </trkpt>
      <trkpt lat="35.891276523470879" lon="128.63467753864825">
        <ele>34</ele>
      </trkpt>
      <trkpt lat="35.889792423695326" lon="128.63695180043578">
        <ele>35.399999999999999</ele>
      </trkpt>
      <trkpt lat="35.889176186174154" lon="128.63808486610651">
        <ele>29.800000000000001</ele>
      </trkpt>
      <trkpt lat="35.888987593352795" lon="128.63848837092519">
        <ele>30.300000000000001</ele>
      </trkpt>
      <trkpt lat="35.888276975601912" lon="128.64052986726165">
        <ele>28.800000000000001</ele>
      </trkpt>
      <trkpt lat="35.887308614328504" lon="128.64285802468657">
        <ele>34.200000000000003</ele>
      </trkpt>
      <trkpt lat="35.886447038501501" lon="128.64468988962471">
        <ele>30.899999999999999</ele>
      </trkpt>
      <trkpt lat="35.886145206168294" lon="128.64487621933222">
        <ele>34</ele>
      </trkpt>
      <trkpt lat="35.885722087696195" lon="128.64536731503904">
        <ele>35</ele>
      </trkpt>
      <trkpt lat="35.885404162108898" lon="128.64591943100095">
        <ele>39.399999999999999</ele>
      </trkpt>
      <trkpt lat="35.88518581353128" lon="128.6462121270597">
        <ele>42.700000000000003</ele>
      </trkpt>
      <trkpt lat="35.88518581353128" lon="128.64620877429843">
        <ele>42.700000000000003</ele>
      </trkpt>
      <trkpt lat="35.88527474552393" lon="128.64645821973681">
        <ele>38.899999999999999</ele>
      </trkpt>
      <trkpt lat="35.88499722070992" lon="128.64691721275449">
        <ele>39.600000000000001</ele>
      </trkpt>
      <trkpt lat="35.884799994528294" lon="128.64730001427233">
        <ele>37.700000000000003</ele>
      </trkpt>
      <trkpt lat="35.884409984573722" lon="128.64782002754509">
        <ele>36.700000000000003</ele>
      </trkpt>
      <trkpt lat="35.884110582992435" lon="128.64802152849734">
        <ele>37.5</ele>
      </trkpt>
      <trkpt lat="35.884084012359381" lon="128.64828203804791">
        <ele>35.700000000000003</ele>
      </trkpt>
      <trkpt lat="35.884114019572735" lon="128.64835697226226">
        <ele>35</ele>
      </trkpt>
      <trkpt lat="35.884227007627487" lon="128.64829301834106">
        <ele>34.799999999999997</ele>
      </trkpt>
      <trkpt lat="35.884292973205447" lon="128.64834699779749">
        <ele>33.899999999999999</ele>
      </trkpt>
      <trkpt lat="35.884278975427151" lon="128.64843199029565">
        <ele>33.399999999999999</ele>
      </trkpt>
      <trkpt lat="35.884192977100611" lon="128.64843802526593">
        <ele>34</ele>
      </trkpt>
      <trkpt lat="35.884140003472567" lon="128.64834699779749">
        <ele>35</ele>
      </trkpt>
      <trkpt lat="35.88418803177774" lon="128.64824499003589">
        <ele>35.5</ele>
      </trkpt>
      <trkpt lat="35.884278975427151" lon="128.64822302944958">
        <ele>34.799999999999997</ele>
      </trkpt>
      <trkpt lat="35.884471004828811" lon="128.64837298169732">
        <ele>32.299999999999997</ele>
      </trkpt>
      <trkpt lat="35.884652975946665" lon="128.6484810244292">
        <ele>30.5</ele>
      </trkpt>
      <trkpt lat="35.884862020611763" lon="128.648646986112">
        <ele>28.800000000000001</ele>
      </trkpt>
      <trkpt lat="35.88509202003479" lon="128.64888302050531">
        <ele>28</ele>
      </trkpt>
      <trkpt lat="35.885513965040445" lon="128.6491509899497">
        <ele>28</ele>
      </trkpt>
      <trkpt lat="35.885753016918898" lon="128.64939800463617">
        <ele>30</ele>
      </trkpt>
      <trkpt lat="35.885978993028402" lon="128.64960202015936">
        <ele>33.100000000000001</ele>
      </trkpt>
      <trkpt lat="35.885627036914229" lon="128.65030501037836">
        <ele>34.100000000000001</ele>
      </trkpt>
      <trkpt lat="35.885556964203715" lon="128.65031498484313">
        <ele>33.600000000000001</ele>
      </trkpt>
      <trkpt lat="35.885679004713893" lon="128.6499610170722">
        <ele>34.200000000000003</ele>
      </trkpt>
      <trkpt lat="35.885399971157312" lon="128.65031003952026">
        <ele>32.399999999999999</ele>
      </trkpt>
      <trkpt lat="35.884750038385391" lon="128.6515099927783">
        <ele>32.899999999999999</ele>
      </trkpt>
      <trkpt lat="35.884649958461523" lon="128.65153999999166">
        <ele>32.700000000000003</ele>
      </trkpt>
      <trkpt lat="35.884479973465204" lon="128.65140002220869">
        <ele>31.699999999999999</ele>
      </trkpt>
      <trkpt lat="35.882369996979833" lon="128.65456997416914">
        <ele>30</ele>
      </trkpt>
      <trkpt lat="35.88227997533977" lon="128.65492000244558">
        <ele>31.300000000000001</ele>
      </trkpt>
      <trkpt lat="35.882119964808226" lon="128.6555199790746">
        <ele>31.100000000000001</ele>
      </trkpt>
      <trkpt lat="35.882049975916743" lon="128.65573002956808">
        <ele>30.699999999999999</ele>
      </trkpt>
      <trkpt lat="35.881879990920424" lon="128.65587000735104">
        <ele>29.800000000000001</ele>
      </trkpt>
      <trkpt lat="35.881670024245977" lon="128.65597997792065">
        <ele>29.300000000000001</ele>
      </trkpt>
      <trkpt lat="35.881229974329472" lon="128.6559499707073">
        <ele>28.5</ele>
      </trkpt>
      <trkpt lat="35.881110029295087" lon="128.65606002509594">
        <ele>28.600000000000001</ele>
      </trkpt>
      <trkpt lat="35.8804099727422" lon="128.65686996839941">
        <ele>28.699999999999999</ele>
      </trkpt>
      <trkpt lat="35.880339983850718" lon="128.65698002278805">
        <ele>28.899999999999999</ele>
      </trkpt>
      <trkpt lat="35.880300002172589" lon="128.65712000057101">
        <ele>29.199999999999999</ele>
      </trkpt>
      <trkpt lat="35.880360016599298" lon="128.65738000720739">
        <ele>30.199999999999999</ele>
      </trkpt>
      <trkpt lat="35.880360016599298" lon="128.65750003606081">
        <ele>30.600000000000001</ele>
      </trkpt>
      <trkpt lat="35.880309976637363" lon="128.657630039379">
        <ele>30.5</ele>
      </trkpt>
      <trkpt lat="35.880200006067753" lon="128.65780999884009">
        <ele>30.199999999999999</ele>
      </trkpt>
      <trkpt lat="35.876569971442223" lon="128.66141002625227">
        <ele>32.299999999999997</ele>
      </trkpt>
      <trkpt lat="35.876150038093328" lon="128.66184999234974">
        <ele>31.800000000000001</ele>
      </trkpt>
      <trkpt lat="35.875819958746433" lon="128.66239003837109">
        <ele>34</ele>
      </trkpt>
      <trkpt lat="35.875770002603531" lon="128.66253999061882">
        <ele>34.5</ele>
      </trkpt>
      <trkpt lat="35.875760028138757" lon="128.66266001947224">
        <ele>34.399999999999999</ele>
      </trkpt>
      <trkpt lat="35.875560035929084" lon="128.66283997893333">
        <ele>33</ele>
      </trkpt>
      <trkpt lat="35.875170025974512" lon="128.66338999941945">
        <ele>31.300000000000001</ele>
      </trkpt>
      <trkpt lat="35.874550016596913" lon="128.66457997821271">
        <ele>31.800000000000001</ele>
      </trkpt>
      <trkpt lat="35.874499976634979" lon="128.66495003923774">
        <ele>31.800000000000001</ele>
      </trkpt>
      <trkpt lat="35.87430995889008" lon="128.6655699647963">
        <ele>33.700000000000003</ele>
      </trkpt>
      <trkpt lat="35.87419998832047" lon="128.6665700096637">
        <ele>35.100000000000001</ele>
      </trkpt>
      <trkpt lat="35.874229995533824" lon="128.66674996912479">
        <ele>35.200000000000003</ele>
      </trkpt>
      <trkpt lat="35.874229995533824" lon="128.66690000519156">
        <ele>35.200000000000003</ele>
      </trkpt>
      <trkpt lat="35.874160006642342" lon="128.6670000012964">
        <ele>35</ele>
      </trkpt>
      <trkpt lat="35.874009970575571" lon="128.66706001572311">
        <ele>34.100000000000001</ele>
      </trkpt>
      <trkpt lat="35.872619999572635" lon="128.66703000850976">
        <ele>32.100000000000001</ele>
      </trkpt>
      <trkpt lat="35.872280029579997" lon="128.66713997907937">
        <ele>34.799999999999997</ele>
      </trkpt>
      <trkpt lat="35.871909968554974" lon="128.66746997460723">
        <ele>36.700000000000003</ele>
      </trkpt>
      <trkpt lat="35.87160000577569" lon="128.66799996234477">
        <ele>39.399999999999999</ele>
      </trkpt>
      <trkpt lat="35.871419962495565" lon="128.66821998730302">
        <ele>43.899999999999999</ele>
      </trkpt>
      <trkpt lat="35.871289959177375" lon="128.66847001947463">
        <ele>47.399999999999999</ele>
      </trkpt>
      <trkpt lat="35.871240003034472" lon="128.6689099855721">
        <ele>48.399999999999999</ele>
      </trkpt>
      <trkpt lat="35.871249977499247" lon="128.6692900210619">
        <ele>48</ele>
      </trkpt>
      <trkpt lat="35.871669994667172" lon="128.67271997965872">
        <ele>36</ele>
      </trkpt>
      <trkpt lat="35.871720034629107" lon="128.6733499635011">
        <ele>36.100000000000001</ele>
      </trkpt>
      <trkpt lat="35.871700001880527" lon="128.67372999899089">
        <ele>36.5</ele>
      </trkpt>
      <trkpt lat="35.871639987453818" lon="128.67409997619689">
        <ele>36.899999999999999</ele>
      </trkpt>
      <trkpt lat="35.871430020779371" lon="128.67462996393442">
        <ele>35.100000000000001</ele>
      </trkpt>
      <trkpt lat="35.871140006929636" lon="128.67513002827764">
        <ele>34.299999999999997</ele>
      </trkpt>
      <trkpt lat="35.870689982548356" lon="128.67559002712369">
        <ele>33.399999999999999</ele>
      </trkpt>
      <trkpt lat="35.870129987597466" lon="128.6759399715811">
        <ele>33.399999999999999</ele>
      </trkpt>
      <trkpt lat="35.867699990049005" lon="128.67671999149024">
        <ele>35.700000000000003</ele>
      </trkpt>
      <trkpt lat="35.863620014861226" lon="128.67718996480107">
        <ele>36.299999999999997</ele>
      </trkpt>
      <trkpt lat="35.862119989469647" lon="128.67787996307015">
        <ele>35.5</ele>
      </trkpt>
      <trkpt lat="35.861640041694045" lon="128.67816997691989">
        <ele>35.399999999999999</ele>
      </trkpt>
      <trkpt lat="35.861179959028959" lon="128.67849997244775">
        <ele>35.600000000000001</ele>
      </trkpt>
      <trkpt lat="35.86044997908175" lon="128.67924001067877">
        <ele>34.299999999999997</ele>
      </trkpt>
      <trkpt lat="35.859750006347895" lon="128.68005003780127">
        <ele>34.399999999999999</ele>
      </trkpt>
      <trkpt lat="35.85918003693223" lon="128.68085998110473">
        <ele>34.799999999999997</ele>
      </trkpt>
      <trkpt lat="35.858449973165989" lon="128.68262998759747">
        <ele>34.399999999999999</ele>
      </trkpt>
      <trkpt lat="35.858349977061152" lon="128.68288999423385">
        <ele>34</ele>
      </trkpt>
      <trkpt lat="35.858119977638125" lon="128.68390998803079">
        <ele>34.700000000000003</ele>
      </trkpt>
      <trkpt lat="35.857940018177032" lon="128.68429002352059">
        <ele>37.100000000000001</ele>
      </trkpt>
      <trkpt lat="35.857780007645488" lon="128.68465002626181">
        <ele>38.299999999999997</ele>
      </trkpt>
      <trkpt lat="35.857320008799434" lon="128.68541998788714">
        <ele>40.100000000000001</ele>
      </trkpt>
      <trkpt lat="35.857069976627827" lon="128.68597000837326">
        <ele>41.700000000000003</ele>
      </trkpt>
      <trkpt lat="35.856630010530353" lon="128.68771000765264">
        <ele>41</ele>
      </trkpt>
      <trkpt lat="35.856219967827201" lon="128.68819003924727">
        <ele>45.899999999999999</ele>
      </trkpt>
      <trkpt lat="35.856170011684299" lon="128.68830998428166">
        <ele>45.899999999999999</ele>
      </trkpt>
      <trkpt lat="35.855970019474626" lon="128.68850000202656">
        <ele>47.299999999999997</ele>
      </trkpt>
      <trkpt lat="35.855789976194501" lon="128.6903799790889">
        <ele>36.5</ele>
      </trkpt>
      <trkpt lat="35.855759968981147" lon="128.69133995845914">
        <ele>36.899999999999999</ele>
      </trkpt>
      <trkpt lat="35.855719987303019" lon="128.6969799734652">
        <ele>33.100000000000001</ele>
      </trkpt>
      <trkpt lat="35.85565997287631" lon="128.69975002482533">
        <ele>37.100000000000001</ele>
      </trkpt>
      <trkpt lat="35.855640023946762" lon="128.70255997404456">
        <ele>35.200000000000003</ele>
      </trkpt>
      <trkpt lat="35.855599958449602" lon="128.70470004156232">
        <ele>38.799999999999997</ele>
      </trkpt>
      <trkpt lat="35.855440031737089" lon="128.70559003204107">
        <ele>38.600000000000001</ele>
      </trkpt>
      <trkpt lat="35.855269962921739" lon="128.70616997592151">
        <ele>38</ele>
      </trkpt>
      <trkpt lat="35.855039963498712" lon="128.70667004026473">
        <ele>37.799999999999997</ele>
      </trkpt>
      <trkpt lat="35.854780040681362" lon="128.70713003911078">
        <ele>36.899999999999999</ele>
      </trkpt>
      <trkpt lat="35.854449961334467" lon="128.70754997245967">
        <ele>36.899999999999999</ele>
      </trkpt>
      <trkpt lat="35.854030027985573" lon="128.70790000073612">
        <ele>36.899999999999999</ele>
      </trkpt>
      <trkpt lat="35.854309983551502" lon="128.70782003737986">
        <ele>36.700000000000003</ele>
      </trkpt>
      <trkpt lat="35.854400005191565" lon="128.70780000463128">
        <ele>36.700000000000003</ele>
      </trkpt>
      <trkpt lat="35.854430012404919" lon="128.70789002627134">
        <ele>36.5</ele>
      </trkpt>
      <trkpt lat="35.85434996522963" lon="128.70805003680289">
        <ele>36.200000000000003</ele>
      </trkpt>
      <trkpt lat="35.854089958593249" lon="128.70828003622591">
        <ele>35.5</ele>
      </trkpt>
      <trkpt lat="35.854190038517118" lon="128.70892996899784">
        <ele>35.799999999999997</ele>
      </trkpt>
      <trkpt lat="35.854279976338148" lon="128.70898998342454">
        <ele>36.100000000000001</ele>
      </trkpt>
      <trkpt lat="35.854309983551502" lon="128.70908997952938">
        <ele>36.299999999999997</ele>
      </trkpt>
      <trkpt lat="35.855189999565482" lon="128.70947001501918">
        <ele>38.100000000000001</ele>
      </trkpt>
      <trkpt lat="35.855269962921739" lon="128.70869996957481">
        <ele>38.100000000000001</ele>
      </trkpt>
      <trkpt lat="35.855359984561801" lon="128.70838003233075">
        <ele>38</ele>
      </trkpt>
      <trkpt lat="35.8555500023067" lon="128.70793998241425">
        <ele>37.200000000000003</ele>
      </trkpt>
      <trkpt lat="35.85568000562489" lon="128.7077300157398">
        <ele>37</ele>
      </trkpt>
      <trkpt lat="35.855789976194501" lon="128.70764996856451">
        <ele>37.100000000000001</ele>
      </trkpt>
      <trkpt lat="35.855879997834563" lon="128.70760998688638">
        <ele>37</ele>
      </trkpt>
      <trkpt lat="35.856040008366108" lon="128.70759003795683">
        <ele>36.700000000000003</ele>
      </trkpt>
      <trkpt lat="35.856189960613847" lon="128.70761996135116">
        <ele>36.399999999999999</ele>
      </trkpt>
      <trkpt lat="35.856300015002489" lon="128.70770998299122">
        <ele>36.399999999999999</ele>
      </trkpt>
      <trkpt lat="35.8564099855721" lon="128.70783998630941">
        <ele>36.600000000000001</ele>
      </trkpt>
      <trkpt lat="35.85729000158608" lon="128.7092599645257">
        <ele>34.5</ele>
      </trkpt>
      <trkpt lat="35.860690036788583" lon="128.71475002728403">
        <ele>37.600000000000001</ele>
      </trkpt>
      <trkpt lat="35.86082917638123" lon="128.7150499317795">
        <ele>38.100000000000001</ele>
      </trkpt>
      <trkpt lat="35.860986337065697" lon="128.71574068441987">
        <ele>37.299999999999997</ele>
      </trkpt>
      <trkpt lat="35.860948618501425" lon="128.71606657281518">
        <ele>37.399999999999999</ele>
      </trkpt>
      <trkpt lat="35.860747369006276" lon="128.71643135324121">
        <ele>37.899999999999999</ele>
      </trkpt>
      <trkpt lat="35.860560033470392" lon="128.7168600037694">
        <ele>38.100000000000001</ele>
      </trkpt>
      <trkpt lat="35.860419971868396" lon="128.71744003146887">
        <ele>38.100000000000001</ele>
      </trkpt>
      <trkpt lat="35.860330034047365" lon="128.7179599609226">
        <ele>36.899999999999999</ele>
      </trkpt>
      <trkpt lat="35.859420010820031" lon="128.72215996496379">
        <ele>37.399999999999999</ele>
      </trkpt>
      <trkpt lat="35.85916000418365" lon="128.72257000766695">
        <ele>36.799999999999997</ele>
      </trkpt>
      <trkpt lat="35.857383375987411" lon="128.72506882064044">
        <ele>35.399999999999999</ele>
      </trkpt>
      <trkpt lat="35.855489987879992" lon="128.72829996049404">
        <ele>38.100000000000001</ele>
      </trkpt>
      <trkpt lat="35.854999981820583" lon="128.72910998761654">
        <ele>37.299999999999997</ele>
      </trkpt>
      <trkpt lat="35.854560015723109" lon="128.72989000752568">
        <ele>39.899999999999999</ele>
      </trkpt>
      <trkpt lat="35.85423999466002" lon="128.73038001358509">
        <ele>39.5</ele>
      </trkpt>
      <trkpt lat="35.853800028562546" lon="128.7308700196445">
        <ele>39.200000000000003</ele>
      </trkpt>
      <trkpt lat="35.853099972009659" lon="128.73159002512693">
        <ele>39.299999999999997</ele>
      </trkpt>
      <trkpt lat="35.852969968691468" lon="128.73205002397299">
        <ele>38.399999999999999</ele>
      </trkpt>
      <trkpt lat="35.852969968691468" lon="128.73245998285711">
        <ele>36.899999999999999</ele>
      </trkpt>
      <trkpt lat="35.853020008653402" lon="128.73288997448981">
        <ele>37.399999999999999</ele>
      </trkpt>
      <trkpt lat="35.853270040825009" lon="128.73324000276625">
        <ele>37.799999999999997</ele>
      </trkpt>
      <trkpt lat="35.853559970855713" lon="128.73326003551483">
        <ele>38</ele>
      </trkpt>
      <trkpt lat="35.854290034621954" lon="128.73268000781536">
        <ele>37.600000000000001</ele>
      </trkpt>
      <trkpt lat="35.854569990187883" lon="128.7325899861753">
        <ele>37.799999999999997</ele>
      </trkpt>
      <trkpt lat="35.854739975184202" lon="128.73259996064007">
        <ele>38</ele>
      </trkpt>
      <trkpt lat="35.854909960180521" lon="128.73270004056394">
        <ele>38.600000000000001</ele>
      </trkpt>
      <trkpt lat="35.854999981820583" lon="128.73284001834691">
        <ele>39.200000000000003</ele>
      </trkpt>
      <trkpt lat="35.855010040104389" lon="128.73301000334322">
        <ele>39.799999999999997</ele>
      </trkpt>
      <trkpt lat="35.854590022936463" lon="128.73540001921356">
        <ele>40.299999999999997</ele>
      </trkpt>
      <trkpt lat="35.854539982974529" lon="128.73629000969231">
        <ele>39.600000000000001</ele>
      </trkpt>
      <trkpt lat="35.854569990187883" lon="128.73711001127958">
        <ele>40.299999999999997</ele>
      </trkpt>
      <trkpt lat="35.854650037363172" lon="128.73773002065718">
        <ele>39.700000000000003</ele>
      </trkpt>
      <trkpt lat="35.85479998961091" lon="128.73835003003478">
        <ele>39.299999999999997</ele>
      </trkpt>
      <trkpt lat="35.855059996247292" lon="128.73909995891154">
        <ele>39.899999999999999</ele>
      </trkpt>
      <trkpt lat="35.855859965085983" lon="128.74039999209344">
        <ele>41</ele>
      </trkpt>
      <trkpt lat="35.858530020341277" lon="128.74465003609657">
        <ele>42.299999999999997</ele>
      </trkpt>
      <trkpt lat="35.859229993075132" lon="128.74662003479898">
        <ele>40.799999999999997</ele>
      </trkpt>
      <trkpt lat="35.860890028998256" lon="128.75047001056373">
        <ele>41.399999999999999</ele>
      </trkpt>
      <trkpt lat="35.862905625253916" lon="128.75488308258355">
        <ele>39.5</ele>
      </trkpt>
      <trkpt lat="35.863363780081272" lon="128.75635268166661">
        <ele>40.600000000000001</ele>
      </trkpt>
      <trkpt lat="35.863565867766738" lon="128.75721140764654">
        <ele>40</ele>
      </trkpt>
      <trkpt lat="35.863741049543023" lon="128.75816912390292">
        <ele>41.100000000000001</ele>
      </trkpt>
      <trkpt lat="35.864239605143666" lon="128.76140562817454">
        <ele>42</ele>
      </trkpt>
      <trkpt lat="35.864401292055845" lon="128.76229737885296">
        <ele>41.899999999999999</ele>
      </trkpt>
      <trkpt lat="35.864764647558331" lon="128.76350227743387">
        <ele>41</ele>
      </trkpt>
      <trkpt lat="35.865155411884189" lon="128.76457566395402">
        <ele>40.899999999999999</ele>
      </trkpt>
      <trkpt lat="35.865654051303864" lon="128.76548384316266">
        <ele>39.799999999999997</ele>
      </trkpt>
      <trkpt lat="35.867378795519471" lon="128.76786170527339">
        <ele>40.600000000000001</ele>
      </trkpt>
      <trkpt lat="35.868362411856651" lon="128.76911664381623">
        <ele>41.799999999999997</ele>
      </trkpt>
      <trkpt lat="35.869938964024186" lon="128.77068540081382">
        <ele>43</ele>
      </trkpt>
      <trkpt lat="35.872404417023063" lon="128.77286486327648">
        <ele>41.299999999999997</ele>
      </trkpt>
      <trkpt lat="35.873185945674777" lon="128.77370699308813">
        <ele>43.100000000000001</ele>
      </trkpt>
      <trkpt lat="35.875988686457276" lon="128.77743895165622">
        <ele>43.799999999999997</ele>
      </trkpt>
      <trkpt lat="35.878225062042475" lon="128.77989904023707">
        <ele>45</ele>
      </trkpt>
      <trkpt lat="35.878508035093546" lon="128.7800146266818">
        <ele>44</ele>
      </trkpt>
      <trkpt lat="35.878696711733937" lon="128.7804604601115">
        <ele>44.700000000000003</ele>
      </trkpt>
      <trkpt lat="35.879626432433724" lon="128.78143468871713">
        <ele>44.399999999999999</ele>
      </trkpt>
      <trkpt lat="35.881688045337796" lon="128.7831355445087">
        <ele>45.700000000000003</ele>
      </trkpt>
      <trkpt lat="35.882523553445935" lon="128.78359789028764">
        <ele>43.899999999999999</ele>
      </trkpt>
      <trkpt lat="35.883655361831188" lon="128.78414279781282">
        <ele>43.700000000000003</ele>
      </trkpt>
      <trkpt lat="35.884396489709616" lon="128.78445653244853">
        <ele>45.5</ele>
      </trkpt>
      <trkpt lat="35.884895045310259" lon="128.78434094600379">
        <ele>44.700000000000003</ele>
      </trkpt>
      <trkpt lat="35.885837841778994" lon="128.78448955714703">
        <ele>44.799999999999997</ele>
      </trkpt>
      <trkpt lat="35.887710861861706" lon="128.78495190292597">
        <ele>44.299999999999997</ele>
      </trkpt>
      <trkpt lat="35.888923555612564" lon="128.78541433252394">
        <ele>44.799999999999997</ele>
      </trkpt>
      <trkpt lat="35.889826370403171" lon="128.78595924004912">
        <ele>46.399999999999999</ele>
      </trkpt>
      <trkpt lat="35.890810070559382" lon="128.78678485751152">
        <ele>43.299999999999997</ele>
      </trkpt>
      <trkpt lat="35.891551114618778" lon="128.78754442557693">
        <ele>44.100000000000001</ele>
      </trkpt>
      <trkpt lat="35.894124526530504" lon="128.79121008329093">
        <ele>46.399999999999999</ele>
      </trkpt>
      <trkpt lat="35.89474436827004" lon="128.7922668736428">
        <ele>45.5</ele>
      </trkpt>
      <trkpt lat="35.894973445683718" lon="128.79289434291422">
        <ele>45.5</ele>
      </trkpt>
      <trkpt lat="35.895296903327107" lon="128.79388516768813">
        <ele>46.899999999999999</ele>
      </trkpt>
      <trkpt lat="35.895593287423253" lon="128.79520615562797">
        <ele>49.600000000000001</ele>
      </trkpt>
      <trkpt lat="35.896913437172771" lon="128.80314842797816">
        <ele>47.799999999999997</ele>
      </trkpt>
      <trkpt lat="35.897196410223842" lon="128.80432088859379">
        <ele>47.600000000000001</ele>
      </trkpt>
      <trkpt lat="35.897681470960379" lon="128.80555931478739">
        <ele>49.600000000000001</ele>
      </trkpt>
      <trkpt lat="35.898301312699914" lon="128.80655005574226">
        <ele>49.700000000000003</ele>
      </trkpt>
      <trkpt lat="35.899217622354627" lon="128.80767297931015">
        <ele>50.200000000000003</ele>
      </trkpt>
      <trkpt lat="35.902963159605861" lon="128.81175136193633">
        <ele>48.700000000000003</ele>
      </trkpt>
      <trkpt lat="35.903677297756076" lon="128.81265954114497">
        <ele>47.600000000000001</ele>
      </trkpt>
      <trkpt lat="35.904445415362716" lon="128.8138320017606">
        <ele>46.799999999999997</ele>
      </trkpt>
      <trkpt lat="35.904890075325966" lon="128.81483925506473">
        <ele>47.899999999999999</ele>
      </trkpt>
      <trkpt lat="35.90522694401443" lon="128.81592907011509">
        <ele>49.899999999999999</ele>
      </trkpt>
      <trkpt lat="35.906250961124897" lon="128.81976010277867">
        <ele>48.799999999999997</ele>
      </trkpt>
      <trkpt lat="35.906709115952253" lon="128.82038757205009">
        <ele>49.200000000000003</ele>
      </trkpt>
      <trkpt lat="35.907787112519145" lon="128.8246148172766">
        <ele>52.799999999999997</ele>
      </trkpt>
      <trkpt lat="35.907328790053725" lon="128.82392121478915">
        <ele>52.200000000000003</ele>
      </trkpt>
      <trkpt lat="35.909942854195833" lon="128.82372306659818">
        <ele>52.299999999999997</ele>
      </trkpt>
      <trkpt lat="35.910562695935369" lon="128.82725679315627">
        <ele>58.399999999999999</ele>
      </trkpt>
      <trkpt lat="35.910630086436868" lon="128.82808249443769">
        <ele>58.299999999999997</ele>
      </trkpt>
      <trkpt lat="35.910562695935369" lon="128.82948604412377">
        <ele>55.799999999999997</ele>
      </trkpt>
      <trkpt lat="35.910683982074261" lon="128.83003095164895">
        <ele>54.399999999999999</ele>
      </trkpt>
      <trkpt lat="35.910630086436868" lon="128.8339934963733">
        <ele>52.200000000000003</ele>
      </trkpt>
      <trkpt lat="35.911155547946692" lon="128.83988857269287">
        <ele>54.100000000000001</ele>
      </trkpt>
      <trkpt lat="35.911398120224476" lon="128.84157283231616">
        <ele>52.600000000000001</ele>
      </trkpt>
      <trkpt lat="35.911842780187726" lon="128.84314158931375">
        <ele>51.899999999999999</ele>
      </trkpt>
      <trkpt lat="35.912408726289868" lon="128.84457816369832">
        <ele>54.5</ele>
      </trkpt>
      <trkpt lat="35.912947682663798" lon="128.84570108726621">
        <ele>54.799999999999997</ele>
      </trkpt>
      <trkpt lat="35.913621420040727" lon="128.84672485291958">
        <ele>54.5</ele>
      </trkpt>
      <trkpt lat="35.914240842685103" lon="128.84759967215359">
        <ele>51.700000000000003</ele>
      </trkpt>
      <trkpt lat="35.915184058248997" lon="128.84857390075922">
        <ele>53.100000000000001</ele>
      </trkpt>
      <trkpt lat="35.916127357631922" lon="128.84933346882463">
        <ele>53.600000000000001</ele>
      </trkpt>
      <trkpt lat="35.917205270379782" lon="128.85007660835981">
        <ele>55.5</ele>
      </trkpt>
      <trkpt lat="35.91928037814796" lon="128.85121596045792">
        <ele>52.899999999999999</ele>
      </trkpt>
      <trkpt lat="35.92236558906734" lon="128.85304891504347">
        <ele>55.100000000000001</ele>
      </trkpt>
      <trkpt lat="35.923942141234875" lon="128.85422129184008">
        <ele>55.100000000000001</ele>
      </trkpt>
      <trkpt lat="35.924710175022483" lon="128.85498085990548">
        <ele>54.899999999999999</ele>
      </trkpt>
      <trkpt lat="35.925141340121627" lon="128.85559190064669">
        <ele>56.5</ele>
      </trkpt>
      <trkpt lat="35.92545130290091" lon="128.85616983287036">
        <ele>55.5</ele>
      </trkpt>
      <trkpt lat="35.925343511626124" lon="128.85641751810908">
        <ele>54.799999999999997</ele>
      </trkpt>
      <trkpt lat="35.926569448783994" lon="128.8607269898057">
        <ele>55.700000000000003</ele>
      </trkpt>
      <trkpt lat="35.928159411996603" lon="128.86495431885123">
        <ele>53.899999999999999</ele>
      </trkpt>
      <trkpt lat="35.929372189566493" lon="128.86830640956759">
        <ele>57.5</ele>
      </trkpt>
      <trkpt lat="35.930463597178459" lon="128.87180711142719">
        <ele>58.100000000000001</ele>
      </trkpt>
      <trkpt lat="35.930975647643209" lon="128.87395338155329">
        <ele>57.399999999999999</ele>
      </trkpt>
      <trkpt lat="35.930962152779102" lon="128.87469643726945">
        <ele>57.399999999999999</ele>
      </trkpt>
      <trkpt lat="35.93125862069428" lon="128.87720639817417">
        <ele>57.200000000000003</ele>
      </trkpt>
      <trkpt lat="35.931838061660528" lon="128.87826318852603">
        <ele>59.700000000000003</ele>
      </trkpt>
      <trkpt lat="35.932363523170352" lon="128.87869250960648">
        <ele>61.100000000000001</ele>
      </trkpt>
      <trkpt lat="35.932269226759672" lon="128.87720639817417">
        <ele>61.100000000000001</ele>
      </trkpt>
      <trkpt lat="35.933374129235744" lon="128.89464352279902">
        <ele>62.600000000000001</ele>
      </trkpt>
      <trkpt lat="35.932673485949636" lon="128.89698836021125">
        <ele>63.399999999999999</ele>
      </trkpt>
      <trkpt lat="35.932606095448136" lon="128.89887076802552">
        <ele>65.900000000000006</ele>
      </trkpt>
      <trkpt lat="35.932403923943639" lon="128.89951483346522">
        <ele>67.099999999999994</ele>
      </trkpt>
      <trkpt lat="35.929426336660981" lon="128.90501336194575">
        <ele>66</ele>
      </trkpt>
      <trkpt lat="35.925990343093872" lon="128.91591126099229">
        <ele>64.900000000000006</ele>
      </trkpt>
      <trkpt lat="35.925801666453481" lon="128.91672036610544">
        <ele>65.099999999999994</ele>
      </trkpt>
      <trkpt lat="35.925801666453481" lon="128.9176616538316">
        <ele>65.799999999999997</ele>
      </trkpt>
      <trkpt lat="35.926044238731265" lon="128.91853680834174">
        <ele>66.299999999999997</ele>
      </trkpt>
      <trkpt lat="35.927755488082767" lon="128.92147609032691">
        <ele>67.599999999999994</ele>
      </trkpt>
      <trkpt lat="35.934088099747896" lon="128.92690873704851">
        <ele>68.700000000000003</ele>
      </trkpt>
      <trkpt lat="35.934654045850039" lon="128.92707394436002">
        <ele>67.599999999999994</ele>
      </trkpt>
      <trkpt lat="35.934640550985932" lon="128.92682617530227">
        <ele>67.799999999999997</ele>
      </trkpt>
      <trkpt lat="35.933791631832719" lon="128.92628126777709">
        <ele>68.5</ele>
      </trkpt>
      <trkpt lat="35.936850104480982" lon="128.92482818104327">
        <ele>66.5</ele>
      </trkpt>
      <trkpt lat="35.937456451356411" lon="128.92463003285229">
        <ele>62.200000000000003</ele>
      </trkpt>
      <trkpt lat="35.93838625587523" lon="128.92443188466132">
        <ele>67</ele>
      </trkpt>
      <trkpt lat="35.941930124536157" lon="128.92446490935981">
        <ele>68.299999999999997</ele>
      </trkpt>
      <trkpt lat="35.943291010335088" lon="128.92461352050304">
        <ele>70</ele>
      </trkpt>
      <trkpt lat="35.944611579179764" lon="128.92467956990004">
        <ele>69.099999999999994</ele>
      </trkpt>
      <trkpt lat="35.945783201605082" lon="128.92464654520154">
        <ele>66.200000000000003</ele>
      </trkpt>
      <trkpt lat="35.947211477905512" lon="128.92472910694778">
        <ele>68.900000000000006</ele>
      </trkpt>
      <trkpt lat="35.94865333288908" lon="128.9245309587568">
        <ele>69.200000000000003</ele>
      </trkpt>
      <trkpt lat="35.950310686603189" lon="128.92421722412109">
        <ele>69.400000000000006</ele>
      </trkpt>
      <trkpt lat="35.951968040317297" lon="128.92411815002561">
        <ele>69.599999999999994</ele>
      </trkpt>
      <trkpt lat="35.953261284157634" lon="128.92337501049042">
        <ele>69.099999999999994</ele>
      </trkpt>
      <trkpt lat="35.954056307673454" lon="128.92355664633214">
        <ele>69.799999999999997</ele>
      </trkpt>
      <trkpt lat="35.954514378681779" lon="128.9235071092844">
        <ele>70</ele>
      </trkpt>
      <trkpt lat="35.954851247370243" lon="128.92311081290245">
        <ele>69.200000000000003</ele>
      </trkpt>
      <trkpt lat="35.9552420116961" lon="128.92283010296524">
        <ele>68.799999999999997</ele>
      </trkpt>
      <trkpt lat="35.955794546753168" lon="128.92301173880696">
        <ele>69.200000000000003</ele>
      </trkpt>
      <trkpt lat="35.95610442571342" lon="128.92322639934719">
        <ele>70.400000000000006</ele>
      </trkpt>
      <trkpt lat="35.956306513398886" lon="128.92324291169643">
        <ele>70.900000000000006</ele>
      </trkpt>
      <trkpt lat="35.956629971042275" lon="128.92287964001298">
        <ele>70.799999999999997</ele>
      </trkpt>
      <trkpt lat="35.95696683973074" lon="128.92291266471148">
        <ele>70.799999999999997</ele>
      </trkpt>
      <trkpt lat="35.957532785832882" lon="128.92311081290245">
        <ele>70.700000000000003</ele>
      </trkpt>
      <trkpt lat="35.958139132708311" lon="128.92360618337989">
        <ele>69.700000000000003</ele>
      </trkpt>
      <trkpt lat="35.958408610895276" lon="128.92368874512613">
        <ele>69.599999999999994</ele>
      </trkpt>
      <trkpt lat="35.958812870085239" lon="128.92396945506334">
        <ele>69.400000000000006</ele>
      </trkpt>
      <trkpt lat="35.95970219001174" lon="128.92434932291508">
        <ele>70.700000000000003</ele>
      </trkpt>
      <trkpt lat="35.959863876923919" lon="128.92461352050304">
        <ele>71.900000000000006</ele>
      </trkpt>
      <trkpt lat="35.96059150993824" lon="128.92499330453575">
        <ele>72.299999999999997</ele>
      </trkpt>
      <trkpt lat="35.961722983047366" lon="128.9257691334933">
        <ele>71.200000000000003</ele>
      </trkpt>
      <trkpt lat="35.962127158418298" lon="128.92628101631999">
        <ele>73</ele>
      </trkpt>
      <trkpt lat="35.962450616061687" lon="128.92713965848088">
        <ele>71.900000000000006</ele>
      </trkpt>
      <trkpt lat="35.96257190220058" lon="128.92839468084276">
        <ele>72.599999999999994</ele>
      </trkpt>
      <trkpt lat="35.962464027106762" lon="128.93001289106905">
        <ele>73.099999999999994</ele>
      </trkpt>
      <trkpt lat="35.964593114331365" lon="128.93300171010196">
        <ele>72.799999999999997</ele>
      </trkpt>
      <trkpt lat="35.967395855113864" lon="128.93721252679825">
        <ele>70.099999999999994</ele>
      </trkpt>
      <trkpt lat="35.967732723802328" lon="128.93787302076817">
        <ele>72</ele>
      </trkpt>
      <trkpt lat="35.967231150716543" lon="128.93816404044628">
        <ele>74.900000000000006</ele>
      </trkpt>
      <trkpt lat="35.967392921447754" lon="128.93885135650635">
        <ele>77</ele>
      </trkpt>
      <trkpt lat="35.970568656921387" lon="128.93867969512939">
        <ele>81.799999999999997</ele>
      </trkpt>
      <trkpt lat="35.971083641052246" lon="128.93889427185059">
        <ele>85.099999999999994</ele>
      </trkpt>
      <trkpt lat="35.971813201904297" lon="128.94039630889893">
        <ele>87.799999999999997</ele>
      </trkpt>
      <trkpt lat="35.973916053771973" lon="128.94515991210937">
        <ele>92.299999999999997</ele>
      </trkpt>
      <trkpt lat="35.975117683410645" lon="128.9479923248291">
        <ele>88.400000000000006</ele>
      </trkpt>
      <trkpt lat="35.975589752197266" lon="128.9500093460083">
        <ele>94.799999999999997</ele>
      </trkpt>
      <trkpt lat="35.978035926818848" lon="128.96288394927979">
        <ele>87.299999999999997</ele>
      </trkpt>
      <trkpt lat="35.981168746948242" lon="128.96305561065674">
        <ele>85.799999999999997</ele>
      </trkpt>
      <trkpt lat="35.981769561767578" lon="128.96305561065674">
        <ele>89.099999999999994</ele>
      </trkpt>
      <trkpt lat="35.982799530029297" lon="128.96296977996826">
        <ele>89.599999999999994</ele>
      </trkpt>
      <trkpt lat="35.984601974487305" lon="128.96271228790283">
        <ele>88.700000000000003</ele>
      </trkpt>
      <trkpt lat="35.98546028137207" lon="128.96288394927979">
        <ele>90.299999999999997</ele>
      </trkpt>
      <trkpt lat="35.986146926879883" lon="128.96335601806641">
        <ele>92.799999999999997</ele>
      </trkpt>
      <trkpt lat="35.987262725830078" lon="128.96434307098389">
        <ele>92.099999999999994</ele>
      </trkpt>
      <trkpt lat="35.988936424255371" lon="128.96550178527832">
        <ele>92.200000000000003</ele>
      </trkpt>
      <trkpt lat="35.99146842956543" lon="128.96640300750732">
        <ele>94.400000000000006</ele>
      </trkpt>
      <trkpt lat="35.995931625366211" lon="128.96717548370361">
        <ele>97.799999999999997</ele>
      </trkpt>
      <trkpt lat="35.997047424316406" lon="128.96743297576904">
        <ele>95.599999999999994</ele>
      </trkpt>
      <trkpt lat="36.004557609558105" lon="128.97090911865234">
        <ele>104</ele>
      </trkpt>
      <trkpt lat="36.007990837097168" lon="128.97249698638916">
        <ele>95.700000000000003</ele>
      </trkpt>
      <trkpt lat="36.014213562011719" lon="128.97438526153564">
        <ele>107.3</ele>
      </trkpt>
      <trkpt lat="36.02318286895752" lon="128.97429943084717">
        <ele>99.799999999999997</ele>
      </trkpt>
      <trkpt lat="36.025843620300293" lon="128.97271156311035">
        <ele>116.09999999999999</ele>
      </trkpt>
      <trkpt lat="36.027774810791016" lon="128.97387027740479">
        <ele>102.7</ele>
      </trkpt>
      <trkpt lat="36.02867603302002" lon="128.97468566894531">
        <ele>103.8</ele>
      </trkpt>
      <trkpt lat="36.030735969543457" lon="128.97532939910889">
        <ele>106.3</ele>
      </trkpt>
      <trkpt lat="36.038331985473633" lon="128.97841930389404">
        <ele>106.3</ele>
      </trkpt>
      <trkpt lat="36.040091514587402" lon="128.97992134094238">
        <ele>110.90000000000001</ele>
      </trkpt>
      <trkpt lat="36.040692329406738" lon="128.98073673248291">
        <ele>110.8</ele>
      </trkpt>
      <trkpt lat="36.041164398193359" lon="128.98163795471191">
        <ele>112.59999999999999</ele>
      </trkpt>
      <trkpt lat="36.041851043701172" lon="128.98313999176025">
        <ele>113.5</ele>
      </trkpt>
      <trkpt lat="36.042709350585937" lon="128.98464202880859">
        <ele>113.09999999999999</ele>
      </trkpt>
      <trkpt lat="36.046957969665527" lon="128.98949146270752">
        <ele>115.5</ele>
      </trkpt>
      <trkpt lat="36.048331260681152" lon="128.99163722991943">
        <ele>114</ele>
      </trkpt>
      <trkpt lat="36.050906181335449" lon="128.99773120880127">
        <ele>119.3</ele>
      </trkpt>
      <trkpt lat="36.052236557006836" lon="129.00103569030762">
        <ele>118</ele>
      </trkpt>
      <trkpt lat="36.05438232421875" lon="129.0084171295166">
        <ele>122.09999999999999</ele>
      </trkpt>
      <trkpt lat="36.054811477661133" lon="129.00927543640137">
        <ele>124.09999999999999</ele>
      </trkpt>
      <trkpt lat="36.055970191955566" lon="129.01030540466309">
        <ele>122.59999999999999</ele>
      </trkpt>
      <trkpt lat="36.059060096740723" lon="129.01086330413818">
        <ele>141.80000000000001</ele>
      </trkpt>
      <trkpt lat="36.060090065002441" lon="129.01129245758057">
        <ele>151.40000000000001</ele>
      </trkpt>
      <trkpt lat="36.061463356018066" lon="129.01219367980957">
        <ele>163.09999999999999</ele>
      </trkpt>
      <trkpt lat="36.0626220703125" lon="129.012451171875">
        <ele>163.40000000000001</ele>
      </trkpt>
      <trkpt lat="36.064767837524414" lon="129.01193618774414">
        <ele>174.19999999999999</ele>
      </trkpt>
      <trkpt lat="36.065583229064941" lon="129.01180744171143">
        <ele>170</ele>
      </trkpt>
      <trkpt lat="36.065926551818848" lon="129.01163578033447">
        <ele>169.30000000000001</ele>
      </trkpt>
      <trkpt lat="36.066570281982422" lon="129.01112079620361">
        <ele>170.40000000000001</ele>
      </trkpt>
      <trkpt lat="36.067171096801758" lon="129.01026248931885">
        <ele>180.69999999999999</ele>
      </trkpt>
      <trkpt lat="36.06785774230957" lon="129.0095329284668">
        <ele>174.59999999999999</ele>
      </trkpt>
      <trkpt lat="36.068072319030762" lon="129.00901794433594">
        <ele>176.59999999999999</ele>
      </trkpt>
      <trkpt lat="36.068415641784668" lon="129.00867462158203">
        <ele>174.59999999999999</ele>
      </trkpt>
      <trkpt lat="36.068758964538574" lon="129.00764465332031">
        <ele>184.19999999999999</ele>
      </trkpt>
      <trkpt lat="36.069231033325195" lon="129.0069580078125">
        <ele>177</ele>
      </trkpt>
      <trkpt lat="36.069746017456055" lon="129.00652885437012">
        <ele>176.19999999999999</ele>
      </trkpt>
      <trkpt lat="36.070303916931152" lon="129.00627136230469">
        <ele>168.59999999999999</ele>
      </trkpt>
      <trkpt lat="36.070432662963867" lon="129.00567054748535">
        <ele>171.90000000000001</ele>
      </trkpt>
      <trkpt lat="36.070389747619629" lon="129.00416851043701">
        <ele>180.09999999999999</ele>
      </trkpt>
      <trkpt lat="36.070561408996582" lon="129.00322437286377">
        <ele>184.90000000000001</ele>
      </trkpt>
      <trkpt lat="36.071462631225586" lon="129.00146484375">
        <ele>176.19999999999999</ele>
      </trkpt>
      <trkpt lat="36.072664260864258" lon="129.00009155273437">
        <ele>175.5</ele>
      </trkpt>
      <trkpt lat="36.074209213256836" lon="128.99893283843994">
        <ele>174.5</ele>
      </trkpt>
      <trkpt lat="36.07459545135498" lon="128.99871826171875">
        <ele>184.69999999999999</ele>
      </trkpt>
      <trkpt lat="36.075410842895508" lon="128.99884700775146">
        <ele>179.5</ele>
      </trkpt>
      <trkpt lat="36.076269149780273" lon="128.99846076965332">
        <ele>188.5</ele>
      </trkpt>
      <trkpt lat="36.07759952545166" lon="128.99824619293213">
        <ele>182.90000000000001</ele>
      </trkpt>
      <trkpt lat="36.07785701751709" lon="128.99824619293213">
        <ele>180.69999999999999</ele>
      </trkpt>
      <trkpt lat="36.07811450958252" lon="128.99837493896484">
        <ele>173.59999999999999</ele>
      </trkpt>
      <trkpt lat="36.078243255615234" lon="128.9985466003418">
        <ele>170.19999999999999</ele>
      </trkpt>
      <trkpt lat="36.078071594238281" lon="128.99949073791504">
        <ele>168</ele>
      </trkpt>
      <trkpt lat="36.076054573059082" lon="129.000563621521">
        <ele>182.90000000000001</ele>
      </trkpt>
      <trkpt lat="36.075067520141602" lon="129.00086402893066">
        <ele>158.5</ele>
      </trkpt>
      <trkpt lat="36.07485294342041" lon="129.00107860565186">
        <ele>164.30000000000001</ele>
      </trkpt>
      <trkpt lat="36.07459545135498" lon="129.00150775909424">
        <ele>175</ele>
      </trkpt>
      <trkpt lat="36.074466705322266" lon="129.00176525115967">
        <ele>176.40000000000001</ele>
      </trkpt>
      <trkpt lat="36.074295043945313" lon="129.00331020355225">
        <ele>180.90000000000001</ele>
      </trkpt>
      <trkpt lat="36.073436737060547" lon="129.00665760040283">
        <ele>174.30000000000001</ele>
      </trkpt>
      <trkpt lat="36.073093414306641" lon="129.00743007659912">
        <ele>176.30000000000001</ele>
      </trkpt>
      <trkpt lat="36.072707176208496" lon="129.00803089141846">
        <ele>170.19999999999999</ele>
      </trkpt>
      <trkpt lat="36.072578430175781" lon="129.00910377502441">
        <ele>168.19999999999999</ele>
      </trkpt>
      <trkpt lat="36.072449684143066" lon="129.00979042053223">
        <ele>159.59999999999999</ele>
      </trkpt>
      <trkpt lat="36.073179244995117" lon="129.01000499725342">
        <ele>169.30000000000001</ele>
      </trkpt>
      <trkpt lat="36.073565483093262" lon="129.01000499725342">
        <ele>170.5</ele>
      </trkpt>
      <trkpt lat="36.074166297912598" lon="129.00940418243408">
        <ele>177</ele>
      </trkpt>
      <trkpt lat="36.07459545135498" lon="129.00936126708984">
        <ele>180.69999999999999</ele>
      </trkpt>
      <trkpt lat="36.075067520141602" lon="129.00970458984375">
        <ele>176.40000000000001</ele>
      </trkpt>
      <trkpt lat="36.075668334960938" lon="129.01056289672852">
        <ele>165.69999999999999</ele>
      </trkpt>
      <trkpt lat="36.075839996337891" lon="129.01219367980957">
        <ele>167.59999999999999</ele>
      </trkpt>
      <trkpt lat="36.076655387878418" lon="129.01485443115234">
        <ele>167.59999999999999</ele>
      </trkpt>
      <trkpt lat="36.076869964599609" lon="129.01515483856201">
        <ele>168.40000000000001</ele>
      </trkpt>
      <trkpt lat="36.078071594238281" lon="129.01601314544678">
        <ele>171.30000000000001</ele>
      </trkpt>
      <trkpt lat="36.078286170959473" lon="129.01627063751221">
        <ele>170.30000000000001</ele>
      </trkpt>
      <trkpt lat="36.078457832336426" lon="129.01687145233154">
        <ele>167</ele>
      </trkpt>
      <trkpt lat="36.078414916992187" lon="129.01734352111816">
        <ele>165.80000000000001</ele>
      </trkpt>
      <trkpt lat="36.077427864074707" lon="129.01974678039551">
        <ele>170.59999999999999</ele>
      </trkpt>
      <trkpt lat="36.077470779418945" lon="129.02069091796875">
        <ele>175.09999999999999</ele>
      </trkpt>
      <trkpt lat="36.076869964599609" lon="129.02279376983643">
        <ele>169.90000000000001</ele>
      </trkpt>
      <trkpt lat="36.077170372009277" lon="129.02416706085205">
        <ele>162.80000000000001</ele>
      </trkpt>
      <trkpt lat="36.077728271484375" lon="129.02528285980225">
        <ele>167.69999999999999</ele>
      </trkpt>
      <trkpt lat="36.078543663024902" lon="129.02575492858887">
        <ele>167.59999999999999</ele>
      </trkpt>
      <trkpt lat="36.078886985778809" lon="129.02639865875244">
        <ele>165.40000000000001</ele>
      </trkpt>
      <trkpt lat="36.079487800598145" lon="129.0269136428833">
        <ele>168.09999999999999</ele>
      </trkpt>
      <trkpt lat="36.079573631286621" lon="129.02717113494873">
        <ele>168</ele>
      </trkpt>
      <trkpt lat="36.07935905456543" lon="129.02824401855469">
        <ele>165</ele>
      </trkpt>
      <trkpt lat="36.079401969909668" lon="129.02863025665283">
        <ele>163</ele>
      </trkpt>
      <trkpt lat="36.08060359954834" lon="129.02974605560303">
        <ele>166.5</ele>
      </trkpt>
      <trkpt lat="36.08086109161377" lon="129.0303897857666">
        <ele>166.80000000000001</ele>
      </trkpt>
      <trkpt lat="36.080818176269531" lon="129.03111934661865">
        <ele>164.90000000000001</ele>
      </trkpt>
      <trkpt lat="36.080045700073242" lon="129.03172016143799">
        <ele>162.40000000000001</ele>
      </trkpt>
      <trkpt lat="36.08008861541748" lon="129.03244972229004">
        <ele>164.90000000000001</ele>
      </trkpt>
      <trkpt lat="36.080732345581055" lon="129.03287887573242">
        <ele>163.30000000000001</ele>
      </trkpt>
      <trkpt lat="36.08159065246582" lon="129.03313636779785">
        <ele>168.30000000000001</ele>
      </trkpt>
      <trkpt lat="36.081976890563965" lon="129.03369426727295">
        <ele>171.30000000000001</ele>
      </trkpt>
      <trkpt lat="36.082320213317871" lon="129.03545379638672">
        <ele>169.90000000000001</ele>
      </trkpt>
      <trkpt lat="36.082577705383301" lon="129.0358829498291">
        <ele>173.5</ele>
      </trkpt>
      <trkpt lat="36.083521842956543" lon="129.03626918792725">
        <ele>175.5</ele>
      </trkpt>
      <trkpt lat="36.084380149841309" lon="129.03601169586182">
        <ele>185.59999999999999</ele>
      </trkpt>
      <trkpt lat="36.084766387939453" lon="129.03596878051758">
        <ele>181.80000000000001</ele>
      </trkpt>
      <trkpt lat="36.084980964660645" lon="129.03605461120605">
        <ele>176.69999999999999</ele>
      </trkpt>
      <trkpt lat="36.085453033447266" lon="129.0364408493042">
        <ele>166.30000000000001</ele>
      </trkpt>
      <trkpt lat="36.085882186889648" lon="129.0369987487793">
        <ele>162.59999999999999</ele>
      </trkpt>
      <trkpt lat="36.086139678955078" lon="129.03768539428711">
        <ele>162.90000000000001</ele>
      </trkpt>
      <trkpt lat="36.086139678955078" lon="129.03820037841797">
        <ele>166.19999999999999</ele>
      </trkpt>
      <trkpt lat="36.085667610168457" lon="129.03867244720459">
        <ele>170.19999999999999</ele>
      </trkpt>
      <trkpt lat="36.08360767364502" lon="129.03961658477783">
        <ele>165.69999999999999</ele>
      </trkpt>
      <trkpt lat="36.083221435546875" lon="129.04013156890869">
        <ele>166.69999999999999</ele>
      </trkpt>
      <trkpt lat="36.082963943481445" lon="129.0408182144165">
        <ele>168.5</ele>
      </trkpt>
      <trkpt lat="36.082577705383301" lon="129.04360771179199">
        <ele>163.80000000000001</ele>
      </trkpt>
      <trkpt lat="36.083436012268066" lon="129.04536724090576">
        <ele>167.5</ele>
      </trkpt>
      <trkpt lat="36.08360767364502" lon="129.0459680557251">
        <ele>169.30000000000001</ele>
      </trkpt>
      <trkpt lat="36.084551811218262" lon="129.04772758483887">
        <ele>169.19999999999999</ele>
      </trkpt>
      <trkpt lat="36.085324287414551" lon="129.04802799224854">
        <ele>169.69999999999999</ele>
      </trkpt>
      <trkpt lat="36.088542938232422" lon="129.04781341552734">
        <ele>179.40000000000001</ele>
      </trkpt>
      <trkpt lat="36.08983039855957" lon="129.04708385467529">
        <ele>200.69999999999999</ele>
      </trkpt>
      <trkpt lat="36.090860366821289" lon="129.04704093933105">
        <ele>198.5</ele>
      </trkpt>
      <trkpt lat="36.092319488525391" lon="129.04759883880615">
        <ele>187.19999999999999</ele>
      </trkpt>
      <trkpt lat="36.094207763671875" lon="129.04875755310059">
        <ele>188.90000000000001</ele>
      </trkpt>
      <trkpt lat="36.094722747802734" lon="129.04953002929687">
        <ele>180.5</ele>
      </trkpt>
      <trkpt lat="36.095066070556641" lon="129.05025959014893">
        <ele>171.19999999999999</ele>
      </trkpt>
      <trkpt lat="36.095366477966309" lon="129.05051708221436">
        <ele>171.30000000000001</ele>
      </trkpt>
      <trkpt lat="36.096053123474121" lon="129.05073165893555">
        <ele>171.19999999999999</ele>
      </trkpt>
      <trkpt lat="36.096010208129883" lon="129.05128955841064">
        <ele>171.69999999999999</ele>
      </trkpt>
      <trkpt lat="36.095452308654785" lon="129.05176162719727">
        <ele>164</ele>
      </trkpt>
      <trkpt lat="36.095280647277832" lon="129.05210494995117">
        <ele>162.80000000000001</ele>
      </trkpt>
      <trkpt lat="36.094980239868164" lon="129.05459403991699">
        <ele>167.19999999999999</ele>
      </trkpt>
      <trkpt lat="36.095151901245117" lon="129.05648231506348">
        <ele>169.5</ele>
      </trkpt>
      <trkpt lat="36.095495223999023" lon="129.05734062194824">
        <ele>170.80000000000001</ele>
      </trkpt>
      <trkpt lat="36.095538139343262" lon="129.05794143676758">
        <ele>175.40000000000001</ele>
      </trkpt>
      <trkpt lat="36.095280647277832" lon="129.06128883361816">
        <ele>177.90000000000001</ele>
      </trkpt>
      <trkpt lat="36.095495223999023" lon="129.06266212463379">
        <ele>185.09999999999999</ele>
      </trkpt>
      <trkpt lat="36.096396446228027" lon="129.0659236907959">
        <ele>174.30000000000001</ele>
      </trkpt>
      <trkpt lat="36.097126007080078" lon="129.06630992889404">
        <ele>176.5</ele>
      </trkpt>
      <trkpt lat="36.098799705505371" lon="129.06643867492676">
        <ele>177.30000000000001</ele>
      </trkpt>
      <trkpt lat="36.099529266357422" lon="129.06618118286133">
        <ele>187.19999999999999</ele>
      </trkpt>
      <trkpt lat="36.101031303405762" lon="129.06600952148437">
        <ele>194</ele>
      </trkpt>
      <trkpt lat="36.10206127166748" lon="129.06570911407471">
        <ele>195.90000000000001</ele>
      </trkpt>
      <trkpt lat="36.103005409240723" lon="129.06588077545166">
        <ele>183.69999999999999</ele>
      </trkpt>
      <trkpt lat="36.103305816650391" lon="129.06609535217285">
        <ele>178.40000000000001</ele>
      </trkpt>
      <trkpt lat="36.106524467468262" lon="129.07124519348145">
        <ele>166.09999999999999</ele>
      </trkpt>
      <trkpt lat="36.107082366943359" lon="129.07588005065918">
        <ele>164.09999999999999</ele>
      </trkpt>
      <trkpt lat="36.107468605041504" lon="129.07660961151123">
        <ele>166.80000000000001</ele>
      </trkpt>
      <trkpt lat="36.107897758483887" lon="129.07699584960937">
        <ele>167</ele>
      </trkpt>
      <trkpt lat="36.111116409301758" lon="129.07849788665771">
        <ele>179.59999999999999</ele>
      </trkpt>
      <trkpt lat="36.111674308776855" lon="129.07862663269043">
        <ele>184.30000000000001</ele>
      </trkpt>
      <trkpt lat="36.112961769104004" lon="129.07922744750977">
        <ele>170.80000000000001</ele>
      </trkpt>
      <trkpt lat="36.115193367004395" lon="129.07957077026367">
        <ele>168.69999999999999</ele>
      </trkpt>
      <trkpt lat="36.118154525756836" lon="129.08064365386963">
        <ele>172.90000000000001</ele>
      </trkpt>
      <trkpt lat="36.118712425231934" lon="129.08081531524658">
        <ele>173.09999999999999</ele>
      </trkpt>
      <trkpt lat="36.121416091918945" lon="129.08205986022949">
        <ele>173.40000000000001</ele>
      </trkpt>
      <trkpt lat="36.124720573425293" lon="129.08261775970459">
        <ele>179.40000000000001</ele>
      </trkpt>
      <trkpt lat="36.126008033752441" lon="129.08369064331055">
        <ele>176.69999999999999</ele>
      </trkpt>
      <trkpt lat="36.126308441162109" lon="129.08377647399902">
        <ele>177.40000000000001</ele>
      </trkpt>
      <trkpt lat="36.129612922668457" lon="129.08300399780273">
        <ele>181.09999999999999</ele>
      </trkpt>
      <trkpt lat="36.131458282470703" lon="129.08287525177002">
        <ele>181.69999999999999</ele>
      </trkpt>
      <trkpt lat="36.132574081420898" lon="129.08416271209717">
        <ele>185.90000000000001</ele>
      </trkpt>
      <trkpt lat="36.133003234863281" lon="129.08450603485107">
        <ele>188.19999999999999</ele>
      </trkpt>
      <trkpt lat="36.134333610534668" lon="129.08514976501465">
        <ele>193.90000000000001</ele>
      </trkpt>
      <trkpt lat="36.134848594665527" lon="129.08510684967041">
        <ele>195.80000000000001</ele>
      </trkpt>
      <trkpt lat="36.135363578796387" lon="129.08527851104736">
        <ele>197.5</ele>
      </trkpt>
      <trkpt lat="36.137080192565918" lon="129.08660888671875">
        <ele>212.19999999999999</ele>
      </trkpt>
      <trkpt lat="36.139097213745117" lon="129.08798217773437">
        <ele>209.40000000000001</ele>
      </trkpt>
      <trkpt lat="36.142487525939941" lon="129.08759593963623">
        <ele>200.59999999999999</ele>
      </trkpt>
      <trkpt lat="36.142873764038086" lon="129.08738136291504">
        <ele>207.30000000000001</ele>
      </trkpt>
      <trkpt lat="36.145534515380859" lon="129.08510684967041">
        <ele>209</ele>
      </trkpt>
      <trkpt lat="36.146092414855957" lon="129.08437728881836">
        <ele>217.5</ele>
      </trkpt>
      <trkpt lat="36.147208213806152" lon="129.08175945281982">
        <ele>212.90000000000001</ele>
      </trkpt>
      <trkpt lat="36.147465705871582" lon="129.08042907714844">
        <ele>204.5</ele>
      </trkpt>
      <trkpt lat="36.147637367248535" lon="129.07819747924805">
        <ele>199.09999999999999</ele>
      </trkpt>
      <trkpt lat="36.148195266723633" lon="129.07665252685547">
        <ele>205.40000000000001</ele>
      </trkpt>
      <trkpt lat="36.148452758789063" lon="129.07626628875732">
        <ele>205.30000000000001</ele>
      </trkpt>
      <trkpt lat="36.148838996887207" lon="129.07596588134766">
        <ele>207.80000000000001</ele>
      </trkpt>
      <trkpt lat="36.149439811706543" lon="129.07592296600342">
        <ele>210.5</ele>
      </trkpt>
      <trkpt lat="36.150126457214355" lon="129.07600879669189">
        <ele>206.30000000000001</ele>
      </trkpt>
      <trkpt lat="36.15077018737793" lon="129.07626628875732">
        <ele>200</ele>
      </trkpt>
      <trkpt lat="36.151156425476074" lon="129.07660961151123">
        <ele>200.30000000000001</ele>
      </trkpt>
      <trkpt lat="36.152701377868652" lon="129.07905578613281">
        <ele>215.5</ele>
      </trkpt>
      <trkpt lat="36.153216361999512" lon="129.08077239990234">
        <ele>220.5</ele>
      </trkpt>
      <trkpt lat="36.153559684753418" lon="129.08133029937744">
        <ele>225.19999999999999</ele>
      </trkpt>
      <trkpt lat="36.154890060424805" lon="129.08223152160645">
        <ele>218.19999999999999</ele>
      </trkpt>
      <trkpt lat="36.155791282653809" lon="129.08261775970459">
        <ele>212</ele>
      </trkpt>
      <trkpt lat="36.15626335144043" lon="129.08304691314697">
        <ele>214.30000000000001</ele>
      </trkpt>
      <trkpt lat="36.156477928161621" lon="129.08334732055664">
        <ele>210.59999999999999</ele>
      </trkpt>
      <trkpt lat="36.15725040435791" lon="129.08630847930908">
        <ele>219.59999999999999</ele>
      </trkpt>
      <trkpt lat="36.157636642456055" lon="129.08759593963623">
        <ele>216.19999999999999</ele>
      </trkpt>
      <trkpt lat="36.15776538848877" lon="129.08896923065186">
        <ele>221.90000000000001</ele>
      </trkpt>
      <trkpt lat="36.158580780029297" lon="129.09124374389648">
        <ele>218</ele>
      </trkpt>
      <trkpt lat="36.159095764160156" lon="129.09218788146973">
        <ele>214.19999999999999</ele>
      </trkpt>
      <trkpt lat="36.15973949432373" lon="129.09300327301025">
        <ele>212.90000000000001</ele>
      </trkpt>
      <trkpt lat="36.160683631896973" lon="129.09544944763184">
        <ele>212.30000000000001</ele>
      </trkpt>
      <trkpt lat="36.161231473088264" lon="129.0967980120331">
        <ele>212.09999999999999</ele>
      </trkpt>
      <trkpt lat="36.161541938781738" lon="129.09716606140137">
        <ele>212.09999999999999</ele>
      </trkpt>
      <trkpt lat="36.162185668945313" lon="129.0974235534668">
        <ele>213.19999999999999</ele>
      </trkpt>
      <trkpt lat="36.16274356842041" lon="129.09819602966309">
        <ele>216.90000000000001</ele>
      </trkpt>
      <trkpt lat="36.163387298583984" lon="129.09974098205566">
        <ele>214.80000000000001</ele>
      </trkpt>
      <trkpt lat="36.163730621337891" lon="129.10132884979248">
        <ele>220</ele>
      </trkpt>
      <trkpt lat="36.163129806518555" lon="129.10231590270996">
        <ele>222.30000000000001</ele>
      </trkpt>
      <trkpt lat="36.163172721862793" lon="129.10356044769287">
        <ele>228.19999999999999</ele>
      </trkpt>
      <trkpt lat="36.163215637207031" lon="129.10523414611816">
        <ele>227.09999999999999</ele>
      </trkpt>
      <trkpt lat="36.163601875305176" lon="129.10617828369141">
        <ele>226.59999999999999</ele>
      </trkpt>
      <trkpt lat="36.164760589599609" lon="129.10763740539551">
        <ele>243</ele>
      </trkpt>
      <trkpt lat="36.164889335632324" lon="129.10789489746094">
        <ele>243.90000000000001</ele>
      </trkpt>
      <trkpt lat="36.164975166320801" lon="129.10862445831299">
        <ele>238</ele>
      </trkpt>
      <trkpt lat="36.164717674255371" lon="129.1098690032959">
        <ele>238</ele>
      </trkpt>
      <trkpt lat="36.164803504943848" lon="129.11016941070557">
        <ele>236.90000000000001</ele>
      </trkpt>
      <trkpt lat="36.164975166320801" lon="129.11051273345947">
        <ele>231.40000000000001</ele>
      </trkpt>
      <trkpt lat="36.165575981140137" lon="129.1107702255249">
        <ele>232.19999999999999</ele>
      </trkpt>
      <trkpt lat="36.166820526123047" lon="129.110426902771">
        <ele>244.80000000000001</ele>
      </trkpt>
      <trkpt lat="36.167721748352051" lon="129.10999774932861">
        <ele>239.59999999999999</ele>
      </trkpt>
      <trkpt lat="36.16875171661377" lon="129.10982608795166">
        <ele>233.80000000000001</ele>
      </trkpt>
      <trkpt lat="36.169652938842773" lon="129.10982608795166">
        <ele>235.30000000000001</ele>
      </trkpt>
      <trkpt lat="36.170468330383301" lon="129.11016941070557">
        <ele>237.19999999999999</ele>
      </trkpt>
      <trkpt lat="36.170940399169922" lon="129.11051273345947">
        <ele>238</ele>
      </trkpt>
      <trkpt lat="36.171584129333496" lon="129.11145687103271">
        <ele>238.09999999999999</ele>
      </trkpt>
      <trkpt lat="36.171841621398926" lon="129.11227226257324">
        <ele>238.09999999999999</ele>
      </trkpt>
      <trkpt lat="36.172571182250977" lon="129.11304473876953">
        <ele>242.90000000000001</ele>
      </trkpt>
      <trkpt lat="36.172828674316406" lon="129.11351680755615">
        <ele>247.5</ele>
      </trkpt>
      <trkpt lat="36.173644065856934" lon="129.11544799804687">
        <ele>247.19999999999999</ele>
      </trkpt>
      <trkpt lat="36.175274848937988" lon="129.11652088165283">
        <ele>249.30000000000001</ele>
      </trkpt>
      <trkpt lat="36.175961494445801" lon="129.11746501922607">
        <ele>248.69999999999999</ele>
      </trkpt>
      <trkpt lat="36.176819801330566" lon="129.11819458007813">
        <ele>249.80000000000001</ele>
      </trkpt>
      <trkpt lat="36.177377700805664" lon="129.12016868591309">
        <ele>249.5</ele>
      </trkpt>
      <trkpt lat="36.17772102355957" lon="129.12076950073242">
        <ele>250.5</ele>
      </trkpt>
      <trkpt lat="36.179695129394531" lon="129.12270069122314">
        <ele>252.5</ele>
      </trkpt>
      <trkpt lat="36.180896759033203" lon="129.12424564361572">
        <ele>255</ele>
      </trkpt>
      <trkpt lat="36.181755065917969" lon="129.12617683410645">
        <ele>255.69999999999999</ele>
      </trkpt>
      <trkpt lat="36.182312965393066" lon="129.12832260131836">
        <ele>259.39999999999998</ele>
      </trkpt>
      <trkpt lat="36.18248462677002" lon="129.1298246383667">
        <ele>256.10000000000002</ele>
      </trkpt>
      <trkpt lat="36.182827949523926" lon="129.13085460662842">
        <ele>271</ele>
      </trkpt>
      <trkpt lat="36.183128356933594" lon="129.13248538970947">
        <ele>279.80000000000001</ele>
      </trkpt>
      <trkpt lat="36.183600425720215" lon="129.13321495056152">
        <ele>280.69999999999999</ele>
      </trkpt>
      <trkpt lat="36.18372917175293" lon="129.1347599029541">
        <ele>265.10000000000002</ele>
      </trkpt>
      <trkpt lat="36.18445873260498" lon="129.13574695587158">
        <ele>269</ele>
      </trkpt>
      <trkpt lat="36.185059547424316" lon="129.1376781463623">
        <ele>267.80000000000001</ele>
      </trkpt>
      <trkpt lat="36.185188293457031" lon="129.13866519927979">
        <ele>266.60000000000002</ele>
      </trkpt>
      <trkpt lat="36.18621826171875" lon="129.13995265960693">
        <ele>282.69999999999999</ele>
      </trkpt>
      <trkpt lat="36.186518669128418" lon="129.14046764373779">
        <ele>286.10000000000002</ele>
      </trkpt>
      <trkpt lat="36.186990737915039" lon="129.14098262786865">
        <ele>291.60000000000002</ele>
      </trkpt>
      <trkpt lat="36.188921928405762" lon="129.1428279876709">
        <ele>289.5</ele>
      </trkpt>
      <trkpt lat="36.189565658569336" lon="129.14390087127686">
        <ele>288.5</ele>
      </trkpt>
      <trkpt lat="36.190938949584961" lon="129.14450168609619">
        <ele>295.89999999999998</ele>
      </trkpt>
      <trkpt lat="36.191411018371582" lon="129.14475917816162">
        <ele>295.10000000000002</ele>
      </trkpt>
      <trkpt lat="36.192355155944824" lon="129.14578914642334">
        <ele>292.5</ele>
      </trkpt>
      <trkpt lat="36.192483901977539" lon="129.14621829986572">
        <ele>289.19999999999999</ele>
      </trkpt>
      <trkpt lat="36.192269325256348" lon="129.14759159088135">
        <ele>282.39999999999998</ele>
      </trkpt>
      <trkpt lat="36.192312240600586" lon="129.14823532104492">
        <ele>283.19999999999999</ele>
      </trkpt>
      <trkpt lat="36.193170547485352" lon="129.14930820465088">
        <ele>283.5</ele>
      </trkpt>
      <trkpt lat="36.193342208862305" lon="129.14995193481445">
        <ele>281.30000000000001</ele>
      </trkpt>
      <trkpt lat="36.193728446960449" lon="129.15059566497803">
        <ele>284.19999999999999</ele>
      </trkpt>
      <trkpt lat="36.195058822631836" lon="129.15175437927246">
        <ele>289.5</ele>
      </trkpt>
      <trkpt lat="36.19544506072998" lon="129.15252685546875">
        <ele>293.60000000000002</ele>
      </trkpt>
      <trkpt lat="36.195745468139648" lon="129.15291309356689">
        <ele>292.10000000000002</ele>
      </trkpt>
      <trkpt lat="36.197633743286133" lon="129.15351390838623">
        <ele>293.19999999999999</ele>
      </trkpt>
      <trkpt lat="36.198320388793945" lon="129.15668964385986">
        <ele>294.89999999999998</ele>
      </trkpt>
      <trkpt lat="36.198663711547852" lon="129.15737628936768">
        <ele>306.80000000000001</ele>
      </trkpt>
      <trkpt lat="36.198921203613281" lon="129.15759086608887">
        <ele>310.10000000000002</ele>
      </trkpt>
      <trkpt lat="36.199479103088379" lon="129.15789127349854">
        <ele>312.39999999999998</ele>
      </trkpt>
      <trkpt lat="36.199736595153809" lon="129.15806293487549">
        <ele>311</ele>
      </trkpt>
      <trkpt lat="36.200337409973145" lon="129.15883541107178">
        <ele>312.5</ele>
      </trkpt>
      <trkpt lat="36.200551986694336" lon="129.15943622589111">
        <ele>312.30000000000001</ele>
      </trkpt>
      <trkpt lat="36.200509071350098" lon="129.16046619415283">
        <ele>324</ele>
      </trkpt>
      <trkpt lat="36.200723648071289" lon="129.16098117828369">
        <ele>323.39999999999998</ele>
      </trkpt>
      <trkpt lat="36.201152801513672" lon="129.16149616241455">
        <ele>324.30000000000001</ele>
      </trkpt>
      <trkpt lat="36.201796531677246" lon="129.16196823120117">
        <ele>316.89999999999998</ele>
      </trkpt>
      <trkpt lat="36.202654838562012" lon="129.1627836227417">
        <ele>321.80000000000001</ele>
      </trkpt>
      <trkpt lat="36.202826499938965" lon="129.16308403015137">
        <ele>326.30000000000001</ele>
      </trkpt>
      <trkpt lat="36.20394229888916" lon="129.16402816772461">
        <ele>324.60000000000002</ele>
      </trkpt>
      <trkpt lat="36.204113960266113" lon="129.16522979736328">
        <ele>327.19999999999999</ele>
      </trkpt>
      <trkpt lat="36.203856468200684" lon="129.16754722595215">
        <ele>341.60000000000002</ele>
      </trkpt>
      <trkpt lat="36.20368480682373" lon="129.16793346405029">
        <ele>341.89999999999998</ele>
      </trkpt>
      <trkpt lat="36.202912330627441" lon="129.1688346862793">
        <ele>351.5</ele>
      </trkpt>
      <trkpt lat="36.203126907348633" lon="129.16939258575439">
        <ele>342.69999999999999</ele>
      </trkpt>
      <trkpt lat="36.203427314758301" lon="129.16965007781982">
        <ele>338</ele>
      </trkpt>
      <trkpt lat="36.205530166625977" lon="129.17055130004883">
        <ele>349.69999999999999</ele>
      </trkpt>
      <trkpt lat="36.205830574035645" lon="129.17128086090088">
        <ele>341.5</ele>
      </trkpt>
      <trkpt lat="36.205744743347168" lon="129.17201042175293">
        <ele>344.80000000000001</ele>
      </trkpt>
      <trkpt lat="36.206216812133789" lon="129.1726541519165">
        <ele>350.30000000000001</ele>
      </trkpt>
      <trkpt lat="36.206860542297363" lon="129.17252540588379">
        <ele>349.10000000000002</ele>
      </trkpt>
      <trkpt lat="36.207504272460938" lon="129.17145252227783">
        <ele>362</ele>
      </trkpt>
      <trkpt lat="36.20844841003418" lon="129.17183876037598">
        <ele>362.60000000000002</ele>
      </trkpt>
      <trkpt lat="36.208748817443848" lon="129.17269706726074">
        <ele>374</ele>
      </trkpt>
      <trkpt lat="36.209607124328613" lon="129.17398452758789">
        <ele>375.89999999999998</ele>
      </trkpt>
      <trkpt lat="36.210336685180664" lon="129.17518615722656">
        <ele>371.60000000000002</ele>
      </trkpt>
      <trkpt lat="36.210637092590332" lon="129.17767524719238">
        <ele>370.89999999999998</ele>
      </trkpt>
      <trkpt lat="36.211066246032715" lon="129.17857646942139">
        <ele>373.19999999999999</ele>
      </trkpt>
      <trkpt lat="36.211237907409668" lon="129.17964935302734">
        <ele>372.30000000000001</ele>
      </trkpt>
      <trkpt lat="36.212053298950195" lon="129.18029308319092">
        <ele>374.60000000000002</ele>
      </trkpt>
      <trkpt lat="36.212396621704102" lon="129.1807222366333">
        <ele>371</ele>
      </trkpt>
      <trkpt lat="36.212782859802246" lon="129.1812801361084">
        <ele>371</ele>
      </trkpt>
      <trkpt lat="36.213469505310059" lon="129.18282508850098">
        <ele>375.60000000000002</ele>
      </trkpt>
      <trkpt lat="36.213726997375488" lon="129.18299674987793">
        <ele>377.5</ele>
      </trkpt>
      <trkpt lat="36.214542388916016" lon="129.18321132659912">
        <ele>376.60000000000002</ele>
      </trkpt>
      <trkpt lat="36.214885711669922" lon="129.18346881866455">
        <ele>376.80000000000001</ele>
      </trkpt>
      <trkpt lat="36.215658187866211" lon="129.18449878692627">
        <ele>388.19999999999999</ele>
      </trkpt>
      <trkpt lat="36.2164306640625" lon="129.18600082397461">
        <ele>399.80000000000001</ele>
      </trkpt>
      <trkpt lat="36.216988563537598" lon="129.18651580810547">
        <ele>397.19999999999999</ele>
      </trkpt>
      <trkpt lat="36.217160224914551" lon="129.18673038482666">
        <ele>394.10000000000002</ele>
      </trkpt>
      <trkpt lat="36.21741771697998" lon="129.18754577636719">
        <ele>389.30000000000001</ele>
      </trkpt>
      <trkpt lat="36.218361854553223" lon="129.18818950653076">
        <ele>393.30000000000001</ele>
      </trkpt>
      <trkpt lat="36.218748092651367" lon="129.18930530548096">
        <ele>405</ele>
      </trkpt>
      <trkpt lat="36.219005584716797" lon="129.1902494430542">
        <ele>405.60000000000002</ele>
      </trkpt>
      <trkpt lat="36.219134330749512" lon="129.19106483459473">
        <ele>402.60000000000002</ele>
      </trkpt>
      <trkpt lat="36.219520568847656" lon="129.19179439544678">
        <ele>413.19999999999999</ele>
      </trkpt>
      <trkpt lat="36.220207214355469" lon="129.19235229492188">
        <ele>419.5</ele>
      </trkpt>
      <trkpt lat="36.220636367797852" lon="129.19303894042969">
        <ele>420.89999999999998</ele>
      </trkpt>
      <trkpt lat="36.221795082092285" lon="129.19346809387207">
        <ele>425.80000000000001</ele>
      </trkpt>
      <trkpt lat="36.222138404846191" lon="129.19419765472412">
        <ele>434.10000000000002</ele>
      </trkpt>
      <trkpt lat="36.222996711730957" lon="129.19531345367432">
        <ele>443.10000000000002</ele>
      </trkpt>
      <trkpt lat="36.223812103271484" lon="129.19642925262451">
        <ele>443.89999999999998</ele>
      </trkpt>
      <trkpt lat="36.224541664123535" lon="129.19707298278809">
        <ele>451.89999999999998</ele>
      </trkpt>
      <trkpt lat="36.225399971008301" lon="129.19733047485352">
        <ele>459.89999999999998</ele>
      </trkpt>
      <trkpt lat="36.22591495513916" lon="129.19771671295166">
        <ele>470.19999999999999</ele>
      </trkpt>
      <trkpt lat="36.226859092712402" lon="129.19733047485352">
        <ele>464</ele>
      </trkpt>
      <trkpt lat="36.227803230285645" lon="129.19745922088623">
        <ele>465.80000000000001</ele>
      </trkpt>
      <trkpt lat="36.228446960449219" lon="129.19827461242676">
        <ele>483.39999999999998</ele>
      </trkpt>
      <trkpt lat="36.228961944580078" lon="129.19887542724609">
        <ele>493.10000000000002</ele>
      </trkpt>
      <trkpt lat="36.230764389038086" lon="129.20042037963867">
        <ele>505.39999999999998</ele>
      </trkpt>
      <trkpt lat="36.230978965759277" lon="129.20076370239258">
        <ele>514</ele>
      </trkpt>
      <trkpt lat="36.231193542480469" lon="129.20170783996582">
        <ele>535.20000000000005</ele>
      </trkpt>
      <trkpt lat="36.231107711791992" lon="129.20248031616211">
        <ele>524.89999999999998</ele>
      </trkpt>
      <trkpt lat="36.230506896972656" lon="129.20303821563721">
        <ele>505.10000000000002</ele>
      </trkpt>
      <trkpt lat="36.23016357421875" lon="129.2035961151123">
        <ele>490.39999999999998</ele>
      </trkpt>
      <trkpt lat="36.229777336120605" lon="129.20351028442383">
        <ele>490.5</ele>
      </trkpt>
      <trkpt lat="36.229562759399414" lon="129.20282363891602">
        <ele>507.69999999999999</ele>
      </trkpt>
      <trkpt lat="36.229476928710937" lon="129.20273780822754">
        <ele>509.19999999999999</ele>
      </trkpt>
      <trkpt lat="36.229004859924316" lon="129.20372486114502">
        <ele>477.89999999999998</ele>
      </trkpt>
      <trkpt lat="36.228618621826172" lon="129.20411109924316">
        <ele>473.39999999999998</ele>
      </trkpt>
      <trkpt lat="36.225957870483398" lon="129.20484066009521">
        <ele>459.60000000000002</ele>
      </trkpt>
      <trkpt lat="36.225314140319824" lon="129.20479774475098">
        <ele>463.19999999999999</ele>
      </trkpt>
      <trkpt lat="36.225142478942871" lon="129.20496940612793">
        <ele>459.19999999999999</ele>
      </trkpt>
      <trkpt lat="36.22441291809082" lon="129.20797348022461">
        <ele>427.5</ele>
      </trkpt>
      <trkpt lat="36.224541664123535" lon="129.20887470245361">
        <ele>427.89999999999998</ele>
      </trkpt>
      <trkpt lat="36.225872039794922" lon="129.20973300933838">
        <ele>429.60000000000002</ele>
      </trkpt>
      <trkpt lat="36.227245330810547" lon="129.21003341674805">
        <ele>425.89999999999998</ele>
      </trkpt>
      <trkpt lat="36.228747367858887" lon="129.20990467071533">
        <ele>417.19999999999999</ele>
      </trkpt>
      <trkpt lat="36.230721473693848" lon="129.21003341674805">
        <ele>413.80000000000001</ele>
      </trkpt>
      <trkpt lat="36.231236457824707" lon="129.20994758605957">
        <ele>411.30000000000001</ele>
      </trkpt>
      <trkpt lat="36.232953071594238" lon="129.20896053314209">
        <ele>406.5</ele>
      </trkpt>
      <trkpt lat="36.233940124511719" lon="129.20904636383057">
        <ele>404.39999999999998</ele>
      </trkpt>
      <trkpt lat="36.234540939331055" lon="129.20921802520752">
        <ele>401.10000000000002</ele>
      </trkpt>
      <trkpt lat="36.234583854675293" lon="129.21089172363281">
        <ele>398.5</ele>
      </trkpt>
      <trkpt lat="36.23415470123291" lon="129.2116641998291">
        <ele>400.10000000000002</ele>
      </trkpt>
      <trkpt lat="36.233811378479004" lon="129.21196460723877">
        <ele>404.19999999999999</ele>
      </trkpt>
      <trkpt lat="36.233682632446289" lon="129.2127799987793">
        <ele>408.5</ele>
      </trkpt>
      <trkpt lat="36.23316764831543" lon="129.21428203582764">
        <ele>420.89999999999998</ele>
      </trkpt>
      <trkpt lat="36.232867240905762" lon="129.21621322631836">
        <ele>433.80000000000001</ele>
      </trkpt>
      <trkpt lat="36.232824325561523" lon="129.21840190887451">
        <ele>448.89999999999998</ele>
      </trkpt>
      <trkpt lat="36.232609748840332" lon="129.21857357025146">
        <ele>453.39999999999998</ele>
      </trkpt>
      <trkpt lat="36.232094764709473" lon="129.21870231628418">
        <ele>457.69999999999999</ele>
      </trkpt>
      <trkpt lat="36.232051849365234" lon="129.21895980834961">
        <ele>460.80000000000001</ele>
      </trkpt>
      <trkpt lat="36.233038902282715" lon="129.22059059143066">
        <ele>489.30000000000001</ele>
      </trkpt>
      <trkpt lat="36.234111785888672" lon="129.22106266021729">
        <ele>484.19999999999999</ele>
      </trkpt>
      <trkpt lat="36.23415470123291" lon="129.22149181365967">
        <ele>491.19999999999999</ele>
      </trkpt>
      <trkpt lat="36.23389720916748" lon="129.22183513641357">
        <ele>503.60000000000002</ele>
      </trkpt>
      <trkpt lat="36.23389720916748" lon="129.222092628479">
        <ele>507</ele>
      </trkpt>
      <trkpt lat="36.234068870544434" lon="129.22239303588867">
        <ele>504.60000000000002</ele>
      </trkpt>
      <trkpt lat="36.234369277954102" lon="129.22260761260986">
        <ele>500.30000000000001</ele>
      </trkpt>
      <trkpt lat="36.234455108642578" lon="129.22312259674072">
        <ele>510.30000000000001</ele>
      </trkpt>
      <trkpt lat="36.234712600708008" lon="129.22346591949463">
        <ele>512.70000000000005</ele>
      </trkpt>
      <trkpt lat="36.234841346740723" lon="129.22441005706787">
        <ele>529.5</ele>
      </trkpt>
      <trkpt lat="36.235527992248535" lon="129.22415256500244">
        <ele>518.89999999999998</ele>
      </trkpt>
      <trkpt lat="36.235742568969727" lon="129.22432422637939">
        <ele>521.79999999999995</ele>
      </trkpt>
      <trkpt lat="36.23591423034668" lon="129.22496795654297">
        <ele>532.5</ele>
      </trkpt>
      <trkpt lat="36.23690128326416" lon="129.22513961791992">
        <ele>538.20000000000005</ele>
      </trkpt>
      <trkpt lat="36.23715877532959" lon="129.22535419464111">
        <ele>542.39999999999998</ele>
      </trkpt>
      <trkpt lat="36.237244606018066" lon="129.22604084014893">
        <ele>543.89999999999998</ele>
      </trkpt>
      <trkpt lat="36.236858367919922" lon="129.22732830047607">
        <ele>556.20000000000005</ele>
      </trkpt>
      <trkpt lat="36.236944198608398" lon="129.2281436920166">
        <ele>559.20000000000005</ele>
      </trkpt>
      <trkpt lat="36.236772537231445" lon="129.22883033752441">
        <ele>575.29999999999995</ele>
      </trkpt>
      <trkpt lat="36.237072944641113" lon="129.22947406768799">
        <ele>565.29999999999995</ele>
      </trkpt>
      <trkpt lat="36.237030029296875" lon="129.22977447509766">
        <ele>569.79999999999995</ele>
      </trkpt>
      <trkpt lat="36.236729621887207" lon="129.23046112060547">
        <ele>574.79999999999995</ele>
      </trkpt>
      <trkpt lat="36.236343383789063" lon="129.23050403594971">
        <ele>586.70000000000005</ele>
      </trkpt>
      <trkpt lat="36.236085891723633" lon="129.2316198348999">
        <ele>579.70000000000005</ele>
      </trkpt>
      <trkpt lat="36.235828399658203" lon="129.23196315765381">
        <ele>581.79999999999995</ele>
      </trkpt>
      <trkpt lat="36.235313415527344" lon="129.23222064971924">
        <ele>582</ele>
      </trkpt>
      <trkpt lat="36.234455108642578" lon="129.23196315765381">
        <ele>597.20000000000005</ele>
      </trkpt>
      <trkpt lat="36.234197616577148" lon="129.23192024230957">
        <ele>599.10000000000002</ele>
      </trkpt>
      <trkpt lat="36.233854293823242" lon="129.23204898834229">
        <ele>596.70000000000005</ele>
      </trkpt>
      <trkpt lat="36.233296394348145" lon="129.23234939575195">
        <ele>584.39999999999998</ele>
      </trkpt>
      <trkpt lat="36.23265266418457" lon="129.23234939575195">
        <ele>587.79999999999995</ele>
      </trkpt>
      <trkpt lat="36.232266426086426" lon="129.23269271850586">
        <ele>575.29999999999995</ele>
      </trkpt>
      <trkpt lat="36.231708526611328" lon="129.23277854919434">
        <ele>582.39999999999998</ele>
      </trkpt>
      <trkpt lat="36.230978965759277" lon="129.23333644866943">
        <ele>569.5</ele>
      </trkpt>
      <trkpt lat="36.229948997497559" lon="129.23337936401367">
        <ele>577.79999999999995</ele>
      </trkpt>
      <trkpt lat="36.229605674743652" lon="129.23406600952148">
        <ele>568.70000000000005</ele>
      </trkpt>
      <trkpt lat="36.22891902923584" lon="129.23449516296387">
        <ele>572</ele>
      </trkpt>
      <trkpt lat="36.2274169921875" lon="129.23629760742187">
        <ele>559.60000000000002</ele>
      </trkpt>
      <trkpt lat="36.226902008056641" lon="129.23758506774902">
        <ele>549</ele>
      </trkpt>
      <trkpt lat="36.226215362548828" lon="129.23861503601074">
        <ele>558.39999999999998</ele>
      </trkpt>
      <trkpt lat="36.225357055664063" lon="129.24011707305908">
        <ele>566.5</ele>
      </trkpt>
      <trkpt lat="36.224627494812012" lon="129.24080371856689">
        <ele>567.79999999999995</ele>
      </trkpt>
      <trkpt lat="36.223382949829102" lon="129.24153327941895">
        <ele>570.5</ele>
      </trkpt>
      <trkpt lat="36.222996711730957" lon="129.24179077148437">
        <ele>570.60000000000002</ele>
      </trkpt>
      <trkpt lat="36.222610473632812" lon="129.24213409423828">
        <ele>569.5</ele>
      </trkpt>
      <trkpt lat="36.222395896911621" lon="129.24367904663086">
        <ele>573.20000000000005</ele>
      </trkpt>
      <trkpt lat="36.221537590026855" lon="129.24513816833496">
        <ele>574.60000000000002</ele>
      </trkpt>
      <trkpt lat="36.221280097961426" lon="129.24591064453125">
        <ele>579.89999999999998</ele>
      </trkpt>
      <trkpt lat="36.220550537109375" lon="129.24694061279297">
        <ele>586</ele>
      </trkpt>
      <trkpt lat="36.220335960388184" lon="129.24767017364502">
        <ele>587.10000000000002</ele>
      </trkpt>
      <trkpt lat="36.220035552978516" lon="129.24831390380859">
        <ele>582.89999999999998</ele>
      </trkpt>
      <trkpt lat="36.21891975402832" lon="129.24968719482422">
        <ele>582.29999999999995</ele>
      </trkpt>
      <trkpt lat="36.218748092651367" lon="129.2501163482666">
        <ele>586.70000000000005</ele>
      </trkpt>
      <trkpt lat="36.218490600585938" lon="129.25432205200195">
        <ele>607.60000000000002</ele>
      </trkpt>
      <trkpt lat="36.218576431274414" lon="129.25539493560791">
        <ele>614.10000000000002</ele>
      </trkpt>
      <trkpt lat="36.218490600585938" lon="129.25668239593506">
        <ele>614.29999999999995</ele>
      </trkpt>
      <trkpt lat="36.217803955078125" lon="129.25796985626221">
        <ele>622.79999999999995</ele>
      </trkpt>
      <trkpt lat="36.217074394226074" lon="129.25869941711426">
        <ele>629.70000000000005</ele>
      </trkpt>
      <trkpt lat="36.216473579406738" lon="129.25917148590088">
        <ele>626.89999999999998</ele>
      </trkpt>
      <trkpt lat="36.215100288391113" lon="129.25942897796631">
        <ele>636</ele>
      </trkpt>
      <trkpt lat="36.214199066162109" lon="129.25938606262207">
        <ele>637.60000000000002</ele>
      </trkpt>
      <trkpt lat="36.213512420654297" lon="129.25960063934326">
        <ele>631.5</ele>
      </trkpt>
      <trkpt lat="36.213212013244629" lon="129.25977230072021">
        <ele>626.10000000000002</ele>
      </trkpt>
      <trkpt lat="36.212010383605957" lon="129.2607593536377">
        <ele>601.20000000000005</ele>
      </trkpt>
      <trkpt lat="36.210637092590332" lon="129.26093101501465">
        <ele>574.10000000000002</ele>
      </trkpt>
      <trkpt lat="36.209049224853516" lon="129.26161766052246">
        <ele>579.29999999999995</ele>
      </trkpt>
      <trkpt lat="36.208362579345703" lon="129.26234722137451">
        <ele>583.89999999999998</ele>
      </trkpt>
      <trkpt lat="36.207675933837891" lon="129.26286220550537">
        <ele>575.29999999999995</ele>
      </trkpt>
      <trkpt lat="36.207375526428223" lon="129.26316261291504">
        <ele>568.79999999999995</ele>
      </trkpt>
      <trkpt lat="36.206731796264648" lon="129.26406383514404">
        <ele>558.79999999999995</ele>
      </trkpt>
      <trkpt lat="36.206173896789551" lon="129.26530838012695">
        <ele>543.39999999999998</ele>
      </trkpt>
      <trkpt lat="36.20570182800293" lon="129.26762580871582">
        <ele>537.70000000000005</ele>
      </trkpt>
      <trkpt lat="36.205744743347168" lon="129.2695140838623">
        <ele>521.70000000000005</ele>
      </trkpt>
      <trkpt lat="36.205487251281738" lon="129.26990032196045">
        <ele>517.89999999999998</ele>
      </trkpt>
      <trkpt lat="36.204500198364258" lon="129.27054405212402">
        <ele>493.89999999999998</ele>
      </trkpt>
      <trkpt lat="36.20419979095459" lon="129.27127361297607">
        <ele>489.69999999999999</ele>
      </trkpt>
      <trkpt lat="36.204242706298828" lon="129.27170276641846">
        <ele>492.69999999999999</ele>
      </trkpt>
      <trkpt lat="36.204757690429688" lon="129.27273273468018">
        <ele>496.30000000000001</ele>
      </trkpt>
      <trkpt lat="36.204800605773926" lon="129.2732048034668">
        <ele>491.10000000000002</ele>
      </trkpt>
      <trkpt lat="36.204586029052734" lon="129.27376270294189">
        <ele>480.69999999999999</ele>
      </trkpt>
      <trkpt lat="36.203813552856445" lon="129.27470684051514">
        <ele>459.60000000000002</ele>
      </trkpt>
      <trkpt lat="36.203727722167969" lon="129.27509307861328">
        <ele>462.39999999999998</ele>
      </trkpt>
      <trkpt lat="36.203727722167969" lon="129.27547931671143">
        <ele>456.89999999999998</ele>
      </trkpt>
      <trkpt lat="36.204028129577637" lon="129.27625179290771">
        <ele>454.69999999999999</ele>
      </trkpt>
      <trkpt lat="36.204071044921875" lon="129.27676677703857">
        <ele>443.5</ele>
      </trkpt>
      <trkpt lat="36.203770637512207" lon="129.27886962890625">
        <ele>413.5</ele>
      </trkpt>
      <trkpt lat="36.203169822692871" lon="129.28062915802002">
        <ele>395.80000000000001</ele>
      </trkpt>
      <trkpt lat="36.203255653381348" lon="129.28191661834717">
        <ele>398.89999999999998</ele>
      </trkpt>
      <trkpt lat="36.203212738037109" lon="129.2821741104126">
        <ele>394.80000000000001</ele>
      </trkpt>
      <trkpt lat="36.202783584594727" lon="129.28290367126465">
        <ele>382.89999999999998</ele>
      </trkpt>
      <trkpt lat="36.202011108398437" lon="129.28354740142822">
        <ele>366.30000000000001</ele>
      </trkpt>
      <trkpt lat="36.201839447021484" lon="129.2841911315918">
        <ele>372.30000000000001</ele>
      </trkpt>
      <trkpt lat="36.201496124267578" lon="129.28466320037842">
        <ele>359</ele>
      </trkpt>
      <trkpt lat="36.20145320892334" lon="129.28530693054199">
        <ele>364.60000000000002</ele>
      </trkpt>
      <trkpt lat="36.201281547546387" lon="129.28560733795166">
        <ele>361.30000000000001</ele>
      </trkpt>
      <trkpt lat="36.201066970825195" lon="129.28582191467285">
        <ele>357.19999999999999</ele>
      </trkpt>
      <trkpt lat="36.200079917907715" lon="129.28637981414795">
        <ele>325.60000000000002</ele>
      </trkpt>
      <trkpt lat="36.200079917907715" lon="129.28715229034424">
        <ele>330.39999999999998</ele>
      </trkpt>
      <trkpt lat="36.199779510498047" lon="129.28775310516357">
        <ele>314</ele>
      </trkpt>
      <trkpt lat="36.199865341186523" lon="129.28805351257324">
        <ele>317.10000000000002</ele>
      </trkpt>
      <trkpt lat="36.200079917907715" lon="129.28809642791748">
        <ele>321.69999999999999</ele>
      </trkpt>
      <trkpt lat="36.200466156005859" lon="129.288010597229">
        <ele>319.5</ele>
      </trkpt>
      <trkpt lat="36.200852394104004" lon="129.28732395172119">
        <ele>338.60000000000002</ele>
      </trkpt>
      <trkpt lat="36.200981140136719" lon="129.28736686706543">
        <ele>337.60000000000002</ele>
      </trkpt>
      <trkpt lat="36.201367378234863" lon="129.28779602050781">
        <ele>323.80000000000001</ele>
      </trkpt>
      <trkpt lat="36.201839447021484" lon="129.28981304168701">
        <ele>286</ele>
      </trkpt>
      <trkpt lat="36.201667785644531" lon="129.29049968719482">
        <ele>282.5</ele>
      </trkpt>
      <trkpt lat="36.201152801513672" lon="129.29071426391602">
        <ele>271.69999999999999</ele>
      </trkpt>
      <trkpt lat="36.200981140136719" lon="129.29054260253906">
        <ele>271.60000000000002</ele>
      </trkpt>
      <trkpt lat="36.200981140136719" lon="129.28852558135986">
        <ele>301</ele>
      </trkpt>
      <trkpt lat="36.200509071350098" lon="129.28886890411377">
        <ele>293.39999999999998</ele>
      </trkpt>
      <trkpt lat="36.20020866394043" lon="129.28925514221191">
        <ele>282.69999999999999</ele>
      </trkpt>
      <trkpt lat="36.199479103088379" lon="129.28972721099854">
        <ele>266.69999999999999</ele>
      </trkpt>
      <trkpt lat="36.199178695678711" lon="129.29015636444092">
        <ele>252.19999999999999</ele>
      </trkpt>
      <trkpt lat="36.198878288269043" lon="129.28998470306396">
        <ele>249.80000000000001</ele>
      </trkpt>
      <trkpt lat="36.19844913482666" lon="129.28938388824463">
        <ele>251.69999999999999</ele>
      </trkpt>
      <trkpt lat="36.197805404663086" lon="129.28946971893311">
        <ele>238.40000000000001</ele>
      </trkpt>
      <trkpt lat="36.197590827941895" lon="129.28989887237549">
        <ele>237.69999999999999</ele>
      </trkpt>
      <trkpt lat="36.197633743286133" lon="129.29127216339111">
        <ele>223.80000000000001</ele>
      </trkpt>
      <trkpt lat="36.197376251220703" lon="129.29191589355469">
        <ele>216.30000000000001</ele>
      </trkpt>
      <trkpt lat="36.197118759155273" lon="129.2920446395874">
        <ele>214.5</ele>
      </trkpt>
      <trkpt lat="36.196990013122559" lon="129.29294586181641">
        <ele>203.30000000000001</ele>
      </trkpt>
      <trkpt lat="36.196560859680176" lon="129.29311752319336">
        <ele>206.40000000000001</ele>
      </trkpt>
      <trkpt lat="36.196303367614746" lon="129.29333209991455">
        <ele>199.69999999999999</ele>
      </trkpt>
      <trkpt lat="36.196174621582031" lon="129.29303169250488">
        <ele>196.69999999999999</ele>
      </trkpt>
      <trkpt lat="36.196475028991699" lon="129.29238796234131">
        <ele>207</ele>
      </trkpt>
      <trkpt lat="36.196475028991699" lon="129.29191589355469">
        <ele>211.09999999999999</ele>
      </trkpt>
      <trkpt lat="36.196088790893555" lon="129.29161548614502">
        <ele>199.80000000000001</ele>
      </trkpt>
      <trkpt lat="36.195874214172363" lon="129.29105758666992">
        <ele>191.09999999999999</ele>
      </trkpt>
      <trkpt lat="36.195788383483887" lon="129.29105758666992">
        <ele>187.59999999999999</ele>
      </trkpt>
      <trkpt lat="36.195788383483887" lon="129.29152965545654">
        <ele>188.90000000000001</ele>
      </trkpt>
      <trkpt lat="36.196174621582031" lon="129.29200172424316">
        <ele>200.40000000000001</ele>
      </trkpt>
      <trkpt lat="36.19621753692627" lon="129.29217338562012">
        <ele>200.5</ele>
      </trkpt>
      <trkpt lat="36.196131706237793" lon="129.29238796234131">
        <ele>196.09999999999999</ele>
      </trkpt>
      <trkpt lat="36.195659637451172" lon="129.29273128509521">
        <ele>180.59999999999999</ele>
      </trkpt>
      <trkpt lat="36.195745468139648" lon="129.29333209991455">
        <ele>185.5</ele>
      </trkpt>
      <trkpt lat="36.19570255279541" lon="129.2935037612915">
        <ele>184</ele>
      </trkpt>
      <trkpt lat="36.195144653320312" lon="129.29401874542236">
        <ele>164.40000000000001</ele>
      </trkpt>
      <trkpt lat="36.195015907287598" lon="129.29466247558594">
        <ele>159.80000000000001</ele>
      </trkpt>
      <trkpt lat="36.195573806762695" lon="129.29479122161865">
        <ele>173</ele>
      </trkpt>
      <trkpt lat="36.195616722106934" lon="129.29491996765137">
        <ele>172.5</ele>
      </trkpt>
      <trkpt lat="36.195659637451172" lon="129.2955207824707">
        <ele>164.69999999999999</ele>
      </trkpt>
      <trkpt lat="36.195530891418457" lon="129.29594993591309">
        <ele>155.19999999999999</ele>
      </trkpt>
      <trkpt lat="36.194930076599121" lon="129.297194480896">
        <ele>138.19999999999999</ele>
      </trkpt>
      <trkpt lat="36.195058822631836" lon="129.29736614227295">
        <ele>137.80000000000001</ele>
      </trkpt>
      <trkpt lat="36.195359230041504" lon="129.29732322692871">
        <ele>135.5</ele>
      </trkpt>
      <trkpt lat="36.195659637451172" lon="129.2966365814209">
        <ele>144.5</ele>
      </trkpt>
      <trkpt lat="36.195831298828125" lon="129.29655075073242">
        <ele>147.59999999999999</ele>
      </trkpt>
      <trkpt lat="36.196088790893555" lon="129.29676532745361">
        <ele>142.30000000000001</ele>
      </trkpt>
      <trkpt lat="36.196389198303223" lon="129.29766654968262">
        <ele>123.40000000000001</ele>
      </trkpt>
      <trkpt lat="36.196088790893555" lon="129.30024147033691">
        <ele>103.59999999999999</ele>
      </trkpt>
      <trkpt lat="36.196045875549316" lon="129.30346012115479">
        <ele>88.400000000000006</ele>
      </trkpt>
      <trkpt lat="36.195487976074219" lon="129.30444717407227">
        <ele>86.599999999999994</ele>
      </trkpt>
      <trkpt lat="36.193428039550781" lon="129.30491924285889">
        <ele>86.5</ele>
      </trkpt>
      <trkpt lat="36.191926002502441" lon="129.30624961853027">
        <ele>79.099999999999994</ele>
      </trkpt>
      <trkpt lat="36.191349411383271" lon="129.30745678022504">
        <ele>78.700000000000003</ele>
      </trkpt>
      <trkpt lat="36.190298907458782" lon="129.30881766602397">
        <ele>75.5</ele>
      </trkpt>
      <trkpt lat="36.190613145008683" lon="129.31364027783275">
        <ele>70.099999999999994</ele>
      </trkpt>
      <trkpt lat="36.191547391936183" lon="129.3178753182292">
        <ele>60</ele>
      </trkpt>
      <trkpt lat="36.193343969061971" lon="129.32268694974482">
        <ele>53.600000000000001</ele>
      </trkpt>
      <trkpt lat="36.193900946527719" lon="129.32454949244857">
        <ele>51.5</ele>
      </trkpt>
      <trkpt lat="36.194350132718682" lon="129.32565816678107">
        <ele>52.799999999999997</ele>
      </trkpt>
      <trkpt lat="36.194960922002792" lon="129.32902844622731">
        <ele>48.100000000000001</ele>
      </trkpt>
      <trkpt lat="36.195859294384718" lon="129.33040324598551">
        <ele>49</ele>
      </trkpt>
      <trkpt lat="36.19778168387711" lon="129.33100188151002">
        <ele>57.200000000000003</ele>
      </trkpt>
      <trkpt lat="36.198877701535821" lon="129.33259846642613">
        <ele>59</ele>
      </trkpt>
      <trkpt lat="36.199542386457324" lon="129.33395105414093">
        <ele>56.899999999999999</ele>
      </trkpt>
      <trkpt lat="36.199937677010894" lon="129.33432798832655">
        <ele>57.200000000000003</ele>
      </trkpt>
      <trkpt lat="36.20354893617332" lon="129.33627921156585">
        <ele>57.200000000000003</ele>
      </trkpt>
      <trkpt lat="36.203854372724891" lon="129.33672269806266">
        <ele>54.700000000000003</ele>
      </trkpt>
      <trkpt lat="36.203872309997678" lon="129.33736575767398">
        <ele>55</ele>
      </trkpt>
      <trkpt lat="36.20315364561975" lon="129.33907306753099">
        <ele>55.299999999999997</ele>
      </trkpt>
      <trkpt lat="36.202057711780071" lon="129.34117952361703">
        <ele>50.100000000000001</ele>
      </trkpt>
      <trkpt lat="36.201806170865893" lon="129.34217730537057">
        <ele>50</ele>
      </trkpt>
      <trkpt lat="36.203926205635071" lon="129.34408418834209">
        <ele>48.700000000000003</ele>
      </trkpt>
      <trkpt lat="36.208076421171427" lon="129.34672281146049">
        <ele>31.600000000000001</ele>
      </trkpt>
      <trkpt lat="36.208759127184749" lon="129.34760978445411">
        <ele>32.700000000000003</ele>
      </trkpt>
      <trkpt lat="36.21109482832253" lon="129.35155665501952">
        <ele>30.199999999999999</ele>
      </trkpt>
      <trkpt lat="36.213969485834241" lon="129.3522883951664">
        <ele>30.5</ele>
      </trkpt>
      <trkpt lat="36.217023683711886" lon="129.35410659760237">
        <ele>30.399999999999999</ele>
      </trkpt>
      <trkpt lat="36.219269530847669" lon="129.35543697327375">
        <ele>37.899999999999999</ele>
      </trkpt>
      <trkpt lat="36.220383401960135" lon="129.35601348057389">
        <ele>43.5</ele>
      </trkpt>
      <trkpt lat="36.221515294164419" lon="129.35639041475952">
        <ele>45.799999999999997</ele>
      </trkpt>
      <trkpt lat="36.22564765624702" lon="129.35741040855646">
        <ele>31.899999999999999</ele>
      </trkpt>
      <trkpt lat="36.226617777720094" lon="129.35809780843556">
        <ele>28.399999999999999</ele>
      </trkpt>
      <trkpt lat="36.227390337735415" lon="129.35916214250028">
        <ele>28</ele>
      </trkpt>
      <trkpt lat="36.22789341956377" lon="129.35998256318271">
        <ele>27</ele>
      </trkpt>
      <trkpt lat="36.22929478995502" lon="129.36235506087542">
        <ele>29.699999999999999</ele>
      </trkpt>
      <trkpt lat="36.229725955054164" lon="129.36302024871111">
        <ele>30.199999999999999</ele>
      </trkpt>
      <trkpt lat="36.230516536161304" lon="129.36386288143694">
        <ele>30.199999999999999</ele>
      </trkpt>
      <trkpt lat="36.2312351167202" lon="129.3643728364259">
        <ele>30.100000000000001</ele>
      </trkpt>
      <trkpt lat="36.234810501337051" lon="129.36592499725521">
        <ele>30.800000000000001</ele>
      </trkpt>
      <trkpt lat="36.237900741398335" lon="129.36785409227014">
        <ele>37.100000000000001</ele>
      </trkpt>
      <trkpt lat="36.238601384684443" lon="129.36805366538465">
        <ele>33.700000000000003</ele>
      </trkpt>
      <trkpt lat="36.2418173532933" lon="129.36867451295257">
        <ele>21.699999999999999</ele>
      </trkpt>
      <trkpt lat="36.244494365528226" lon="129.36987186782062">
        <ele>7.5</ele>
      </trkpt>
      <trkpt lat="36.245195008814335" lon="129.37009356915951">
        <ele>6.5</ele>
      </trkpt>
      <trkpt lat="36.246111318469048" lon="129.37016012147069">
        <ele>10.9</ele>
      </trkpt>
      <trkpt lat="36.250117952004075" lon="129.37000488862395">
        <ele>8.6</ele>
      </trkpt>
      <trkpt lat="36.251411531120539" lon="129.37040403485298">
        <ele>13.800000000000001</ele>
      </trkpt>
      <trkpt lat="36.256388202309608" lon="129.37284308485687">
        <ele>20.899999999999999</ele>
      </trkpt>
      <trkpt lat="36.261670226231217" lon="129.3740847799927">
        <ele>16.899999999999999</ele>
      </trkpt>
      <trkpt lat="36.266269711777568" lon="129.37399609945714">
        <ele>22.199999999999999</ele>
      </trkpt>
      <trkpt lat="36.268138205632567" lon="129.37426214106381">
        <ele>12.6</ele>
      </trkpt>
      <trkpt lat="36.269342014566064" lon="129.37474996782839">
        <ele>12.6</ele>
      </trkpt>
      <trkpt lat="36.270725363865495" lon="129.37550392001867">
        <ele>21.100000000000001</ele>
      </trkpt>
      <trkpt lat="36.273761708289385" lon="129.37787641771138">
        <ele>22</ele>
      </trkpt>
      <trkpt lat="36.274552205577493" lon="129.37829769216478">
        <ele>22.800000000000001</ele>
      </trkpt>
      <trkpt lat="36.275432556867599" lon="129.37849726527929">
        <ele>22.300000000000001</ele>
      </trkpt>
      <trkpt lat="36.276438636705279" lon="129.37838637270033">
        <ele>18.600000000000001</ele>
      </trkpt>
      <trkpt lat="36.277247155085206" lon="129.37794297002256">
        <ele>15.6</ele>
      </trkpt>
      <trkpt lat="36.278253234922886" lon="129.37718901783228">
        <ele>14.800000000000001</ele>
      </trkpt>
      <trkpt lat="36.28064283169806" lon="129.37483864836395">
        <ele>8.9</ele>
      </trkpt>
      <trkpt lat="36.281936410814524" lon="129.37421780079603">
        <ele>7.8</ele>
      </trkpt>
      <trkpt lat="36.282671419903636" lon="129.37418276444077">
        <ele>9.6</ele>
      </trkpt>
      <trkpt lat="36.28431536257267" lon="129.37456523068249">
        <ele>9.699999999999999</ele>
      </trkpt>
      <trkpt lat="36.284962110221386" lon="129.37454863451421">
        <ele>10.1</ele>
      </trkpt>
      <trkpt lat="36.288709742948413" lon="129.37392954714596">
        <ele>9.4</ele>
      </trkpt>
      <trkpt lat="36.28975186496973" lon="129.37419567257166">
        <ele>7.2</ele>
      </trkpt>
      <trkpt lat="36.290470529347658" lon="129.37466128729284">
        <ele>11.800000000000001</ele>
      </trkpt>
      <trkpt lat="36.291386839002371" lon="129.37572562135756">
        <ele>21.399999999999999</ele>
      </trkpt>
      <trkpt lat="36.292249169200659" lon="129.37647948972881">
        <ele>24.699999999999999</ele>
      </trkpt>
      <trkpt lat="36.293147541582584" lon="129.3769895285368">
        <ele>25.800000000000001</ele>
      </trkpt>
      <trkpt lat="36.294584786519408" lon="129.37725557014346">
        <ele>27.100000000000001</ele>
      </trkpt>
      <trkpt lat="36.296543134376407" lon="129.37734425067902">
        <ele>27.300000000000001</ele>
      </trkpt>
      <trkpt lat="36.300028581172228" lon="129.37756603583694">
        <ele>25.800000000000001</ele>
      </trkpt>
      <trkpt lat="36.305184960365295" lon="129.37663472257555">
        <ele>31.399999999999999</ele>
      </trkpt>
      <trkpt lat="36.306119207292795" lon="129.37661259435117">
        <ele>15.4</ele>
      </trkpt>
      <trkpt lat="36.306999558582902" lon="129.37678995542228">
        <ele>10.800000000000001</ele>
      </trkpt>
      <trkpt lat="36.307933805510402" lon="129.37736646272242">
        <ele>23.100000000000001</ele>
      </trkpt>
      <trkpt lat="36.309191510081291" lon="129.37814254313707">
        <ele>29.5</ele>
      </trkpt>
      <trkpt lat="36.310305381193757" lon="129.37858594581485">
        <ele>28.399999999999999</ele>
      </trkpt>
      <trkpt lat="36.311275586485863" lon="129.37867471016943">
        <ele>25.699999999999999</ele>
      </trkpt>
      <trkpt lat="36.318875374272466" lon="129.3780982028693">
        <ele>23</ele>
      </trkpt>
      <trkpt lat="36.31946831010282" lon="129.37820901162922">
        <ele>15.800000000000001</ele>
      </trkpt>
      <trkpt lat="36.320079183205962" lon="129.37860815785825">
        <ele>9.6</ele>
      </trkpt>
      <trkpt lat="36.320779826492071" lon="129.37929555773735">
        <ele>18.100000000000001</ele>
      </trkpt>
      <trkpt lat="36.321498490869999" lon="129.38013810664415">
        <ele>21.699999999999999</ele>
      </trkpt>
      <trkpt lat="36.32219921797514" lon="129.38062593340874">
        <ele>20.600000000000001</ele>
      </trkpt>
      <trkpt lat="36.322971694171429" lon="129.38075895421207">
        <ele>17.800000000000001</ele>
      </trkpt>
      <trkpt lat="36.323923962190747" lon="129.38058159314096">
        <ele>19.300000000000001</ele>
      </trkpt>
      <trkpt lat="36.328002344816923" lon="129.3793620262295">
        <ele>20.899999999999999</ele>
      </trkpt>
      <trkpt lat="36.331308167427778" lon="129.37800943851471">
        <ele>9.9</ele>
      </trkpt>
      <trkpt lat="36.331901103258133" lon="129.37798731029034">
        <ele>8.199999999999999</ele>
      </trkpt>
      <trkpt lat="36.332547850906849" lon="129.37814254313707">
        <ele>10.4</ele>
      </trkpt>
      <trkpt lat="36.333266515284777" lon="129.37856381759048">
        <ele>16.399999999999999</ele>
      </trkpt>
      <trkpt lat="36.334380386397243" lon="129.37976117245853">
        <ele>19.199999999999999</ele>
      </trkpt>
      <trkpt lat="36.334919426590204" lon="129.38011589460075">
        <ele>17.5</ele>
      </trkpt>
      <trkpt lat="36.335781756788492" lon="129.3804929126054">
        <ele>18.600000000000001</ele>
      </trkpt>
      <trkpt lat="36.337794000282884" lon="129.38113588839769">
        <ele>13.9</ele>
      </trkpt>
      <trkpt lat="36.339087663218379" lon="129.3813132494688">
        <ele>12.9</ele>
      </trkpt>
      <trkpt lat="36.341351447626948" lon="129.38126890920103">
        <ele>10.9</ele>
      </trkpt>
      <trkpt lat="36.345771141350269" lon="129.3815571628511">
        <ele>31.199999999999999</ele>
      </trkpt>
      <trkpt lat="36.346651492640376" lon="129.3813132494688">
        <ele>39.5</ele>
      </trkpt>
      <trkpt lat="36.347513906657696" lon="129.38084763474762">
        <ele>29.399999999999999</ele>
      </trkpt>
      <trkpt lat="36.349400337785482" lon="129.37933989800513">
        <ele>20.100000000000001</ele>
      </trkpt>
      <trkpt lat="36.350424522534013" lon="129.37876339070499">
        <ele>11.199999999999999</ele>
      </trkpt>
      <trkpt lat="36.351430602371693" lon="129.3785194773227">
        <ele>8.4</ele>
      </trkpt>
      <trkpt lat="36.352346912026405" lon="129.37854160554707">
        <ele>7.8</ele>
      </trkpt>
      <trkpt lat="36.353299096226692" lon="129.37891853973269">
        <ele>8.699999999999999</ele>
      </trkpt>
      <trkpt lat="36.354197384789586" lon="129.37956159934402">
        <ele>8.9</ele>
      </trkpt>
      <trkpt lat="36.355401193723083" lon="129.38051504082978">
        <ele>8.1</ele>
      </trkpt>
      <trkpt lat="36.356119774281979" lon="129.38075895421207">
        <ele>8.5</ele>
      </trkpt>
      <trkpt lat="36.356982188299298" lon="129.38064806163311">
        <ele>8.800000000000001</ele>
      </trkpt>
      <trkpt lat="36.357517624273896" lon="129.38031764701009">
        <ele>7.5</ele>
      </trkpt>
      <trkpt lat="36.358892004936934" lon="129.38251278363168">
        <ele>6</ele>
      </trkpt>
      <trkpt lat="36.358541725203395" lon="129.38314469531178">
        <ele>2.3</ele>
      </trkpt>
      <trkpt lat="36.35846083983779" lon="129.38400945626199">
        <ele>6.8</ele>
      </trkpt>
      <trkpt lat="36.358649516478181" lon="129.38480766490102">
        <ele>8.800000000000001</ele>
      </trkpt>
      <trkpt lat="36.359377149492502" lon="129.38580544665456">
        <ele>10.1</ele>
      </trkpt>
      <trkpt lat="36.359941251575947" lon="129.3876198772341">
        <ele>10.6</ele>
      </trkpt>
      <trkpt lat="36.359916105866432" lon="129.38843300566077">
        <ele>13</ele>
      </trkpt>
      <trkpt lat="36.359511846676469" lon="129.39026227220893">
        <ele>14.300000000000001</ele>
      </trkpt>
      <trkpt lat="36.360509041696787" lon="129.39202507026494">
        <ele>12.800000000000001</ele>
      </trkpt>
      <trkpt lat="36.361128883436322" lon="129.39242421649396">
        <ele>14.5</ele>
      </trkpt>
      <trkpt lat="36.362314587458968" lon="129.39355501905084">
        <ele>9.300000000000001</ele>
      </trkpt>
      <trkpt lat="36.363662062212825" lon="129.39398744143546">
        <ele>12.1</ele>
      </trkpt>
      <trkpt lat="36.36517122387886" lon="129.39402063377202">
        <ele>14.6</ele>
      </trkpt>
      <trkpt lat="36.365710264071822" lon="129.39412046223879">
        <ele>16.300000000000001</ele>
      </trkpt>
      <trkpt lat="36.366357011720538" lon="129.39461935311556">
        <ele>9.800000000000001</ele>
      </trkpt>
      <trkpt lat="36.3668960519135" lon="129.39441978000104">
        <ele>11.300000000000001</ele>
      </trkpt>
      <trkpt lat="36.367866173386574" lon="129.39481892623007">
        <ele>10</ele>
      </trkpt>
      <trkpt lat="36.368593974038959" lon="129.39561696723104">
        <ele>11.6</ele>
      </trkpt>
      <trkpt lat="36.369806751608849" lon="129.39628215506673">
        <ele>20.899999999999999</ele>
      </trkpt>
      <trkpt lat="36.370318802073598" lon="129.39777882769704">
        <ele>12.6</ele>
      </trkpt>
      <trkpt lat="36.370776873081923" lon="129.39817797392607">
        <ele>13.6</ele>
      </trkpt>
      <trkpt lat="36.372205233201385" lon="129.3983109947294">
        <ele>24.399999999999999</ele>
      </trkpt>
      <trkpt lat="36.373013751581311" lon="129.39884316176176">
        <ele>20.899999999999999</ele>
      </trkpt>
      <trkpt lat="36.373768290504813" lon="129.39997396431863">
        <ele>10.9</ele>
      </trkpt>
      <trkpt lat="36.374873192980886" lon="129.40033983439207">
        <ele>12.5</ele>
      </trkpt>
      <trkpt lat="36.376624926924706" lon="129.40160374157131">
        <ele>11.4</ele>
      </trkpt>
      <trkpt lat="36.378134088590741" lon="129.40320015884936">
        <ele>6.4</ele>
      </trkpt>
      <trkpt lat="36.379265980795026" lon="129.40376560203731">
        <ele>10</ele>
      </trkpt>
      <trkpt lat="36.380128394812346" lon="129.40459708683193">
        <ele>7.9</ele>
      </trkpt>
      <trkpt lat="36.381907034665346" lon="129.40582771785557">
        <ele>7.1</ele>
      </trkpt>
      <trkpt lat="36.384925357997417" lon="129.40609375946224">
        <ele>14.1</ele>
      </trkpt>
      <trkpt lat="36.387108257040381" lon="129.40672575496137">
        <ele>16.100000000000001</ele>
      </trkpt>
      <trkpt lat="36.389048667624593" lon="129.40682549960911">
        <ele>12.800000000000001</ele>
      </trkpt>
      <trkpt lat="36.390450038015842" lon="129.40892089158297">
        <ele>12.1</ele>
      </trkpt>
      <trkpt lat="36.390180559828877" lon="129.41098300740123">
        <ele>16.600000000000001</ele>
      </trkpt>
      <trkpt lat="36.390503933653235" lon="129.4121138099581">
        <ele>15.199999999999999</ele>
      </trkpt>
      <trkpt lat="36.391474222764373" lon="129.41297823563218">
        <ele>17.600000000000001</ele>
      </trkpt>
      <trkpt lat="36.392255751416087" lon="129.4140425696969">
        <ele>13.6</ele>
      </trkpt>
      <trkpt lat="36.394896805286407" lon="129.41563907079399">
        <ele>13.199999999999999</ele>
      </trkpt>
      <trkpt lat="36.398373283445835" lon="129.41706927493215">
        <ele>20.399999999999999</ele>
      </trkpt>
      <trkpt lat="36.399020114913583" lon="129.41793395206332">
        <ele>23.899999999999999</ele>
      </trkpt>
      <trkpt lat="36.399370478466153" lon="129.41949717700481">
        <ele>13.4</ele>
      </trkpt>
      <trkpt lat="36.400125017389655" lon="129.42026219330728">
        <ele>12.4</ele>
      </trkpt>
      <trkpt lat="36.40039449557662" lon="129.42116023041308">
        <ele>11</ele>
      </trkpt>
      <trkpt lat="36.401768960058689" lon="129.4219584390521">
        <ele>11.6</ele>
      </trkpt>
      <trkpt lat="36.403844067826867" lon="129.42355494014919">
        <ele>9.4</ele>
      </trkpt>
      <trkpt lat="36.405164552852511" lon="129.42362140864134">
        <ele>14.300000000000001</ele>
      </trkpt>
      <trkpt lat="36.406889380887151" lon="129.42551722750068">
        <ele>17.800000000000001</ele>
      </trkpt>
      <trkpt lat="36.406781505793333" lon="129.42724674940109">
        <ele>9.300000000000001</ele>
      </trkpt>
      <trkpt lat="36.408236855641007" lon="129.42787866108119">
        <ele>11.300000000000001</ele>
      </trkpt>
      <trkpt lat="36.409072279930115" lon="129.42917584441602">
        <ele>7</ele>
      </trkpt>
      <trkpt lat="36.410823930054903" lon="129.42960818298161">
        <ele>9.199999999999999</ele>
      </trkpt>
      <trkpt lat="36.415189811959863" lon="129.43010707385838">
        <ele>14.9</ele>
      </trkpt>
      <trkpt lat="36.417669346556067" lon="129.43047286011279">
        <ele>14.800000000000001</ele>
      </trkpt>
      <trkpt lat="36.418316094204783" lon="129.43113804794848">
        <ele>17.199999999999999</ele>
      </trkpt>
      <trkpt lat="36.419151518493891" lon="129.43163693882525">
        <ele>17.800000000000001</ele>
      </trkpt>
      <trkpt lat="36.420256420969963" lon="129.43266799673438">
        <ele>9.699999999999999</ele>
      </trkpt>
      <trkpt lat="36.421927353367209" lon="129.43276774138212">
        <ele>30.899999999999999</ele>
      </trkpt>
      <trkpt lat="36.422789683565497" lon="129.43329990841448">
        <ele>34.5</ele>
      </trkpt>
      <trkpt lat="36.423301734030247" lon="129.43393182009459">
        <ele>33.299999999999997</ele>
      </trkpt>
      <trkpt lat="36.423894669860601" lon="129.43363250233233">
        <ele>52.799999999999997</ele>
      </trkpt>
      <trkpt lat="36.425269050523639" lon="129.43453053943813">
        <ele>46</ele>
      </trkpt>
      <trkpt lat="36.425592424347997" lon="129.43396509625018">
        <ele>63.799999999999997</ele>
      </trkpt>
      <trkpt lat="36.42653563991189" lon="129.43409820087254">
        <ele>63.100000000000001</ele>
      </trkpt>
      <trkpt lat="36.426912993192673" lon="129.43466356024146">
        <ele>50.200000000000003</ele>
      </trkpt>
      <trkpt lat="36.428179582580924" lon="129.43479658104479">
        <ele>55.299999999999997</ele>
      </trkpt>
      <trkpt lat="36.428745528683066" lon="129.43383207544684">
        <ele>61.200000000000003</ele>
      </trkpt>
      <trkpt lat="36.429473161697388" lon="129.43366577848792">
        <ele>55.100000000000001</ele>
      </trkpt>
      <trkpt lat="36.430173888802528" lon="129.43406492471695">
        <ele>46.100000000000001</ele>
      </trkpt>
      <trkpt lat="36.430712845176458" lon="129.43399837240577">
        <ele>47.600000000000001</ele>
      </trkpt>
      <trkpt lat="36.431305697187781" lon="129.43423122167587">
        <ele>33.100000000000001</ele>
      </trkpt>
      <trkpt lat="36.432572370395064" lon="129.43316688761115">
        <ele>24.600000000000001</ele>
      </trkpt>
      <trkpt lat="36.433704262599349" lon="129.43369905464351">
        <ele>25.899999999999999</ele>
      </trkpt>
      <trkpt lat="36.434916956350207" lon="129.43353275768459">
        <ele>20.5</ele>
      </trkpt>
      <trkpt lat="36.435348121449351" lon="129.43313361145556">
        <ele>17.399999999999999</ele>
      </trkpt>
      <trkpt lat="36.436129650101066" lon="129.43320016376674">
        <ele>8.1</ele>
      </trkpt>
      <trkpt lat="36.437072949483991" lon="129.43250169977546">
        <ele>12</ele>
      </trkpt>
      <trkpt lat="36.437908373773098" lon="129.43226885050535">
        <ele>24.300000000000001</ele>
      </trkpt>
      <trkpt lat="36.439121067523956" lon="129.4328342936933">
        <ele>19.600000000000001</ele>
      </trkpt>
      <trkpt lat="36.440118178725243" lon="129.43223557434976">
        <ele>20.699999999999999</ele>
      </trkpt>
      <trkpt lat="36.44176228903234" lon="129.43280101753771">
        <ele>12.6</ele>
      </trkpt>
      <trkpt lat="36.441816184669733" lon="129.43423113785684">
        <ele>17.300000000000001</ele>
      </trkpt>
      <trkpt lat="36.442436026409268" lon="129.43489632569253">
        <ele>13.699999999999999</ele>
      </trkpt>
      <trkpt lat="36.445238767191768" lon="129.43366577848792">
        <ele>23.300000000000001</ele>
      </trkpt>
      <trkpt lat="36.445912504568696" lon="129.4326014444232">
        <ele>16.600000000000001</ele>
      </trkpt>
      <trkpt lat="36.446747928857803" lon="129.43280101753771">
        <ele>15.9</ele>
      </trkpt>
      <trkpt lat="36.449200306087732" lon="129.43466356024146">
        <ele>46</ele>
      </trkpt>
      <trkpt lat="36.450763363391161" lon="129.43459700793028">
        <ele>52.700000000000003</ele>
      </trkpt>
      <trkpt lat="36.451383205130696" lon="129.43433096632361">
        <ele>60.799999999999997</ele>
      </trkpt>
      <trkpt lat="36.454536309465766" lon="129.43449726328254">
        <ele>39.299999999999997</ele>
      </trkpt>
      <trkpt lat="36.454940568655729" lon="129.43399837240577">
        <ele>48.600000000000001</ele>
      </trkpt>
      <trkpt lat="36.455371733754873" lon="129.4341313932091">
        <ele>49.600000000000001</ele>
      </trkpt>
      <trkpt lat="36.455802982673049" lon="129.43512917496264">
        <ele>27.399999999999999</ele>
      </trkpt>
      <trkpt lat="36.458497932180762" lon="129.43529547192156">
        <ele>12.6</ele>
      </trkpt>
      <trkpt lat="36.45914476364851" lon="129.43586083129048">
        <ele>23</ele>
      </trkpt>
      <trkpt lat="36.461273767054081" lon="129.43599385209382">
        <ele>52.5</ele>
      </trkpt>
      <trkpt lat="36.462378669530153" lon="129.43576108664274">
        <ele>63.5</ele>
      </trkpt>
      <trkpt lat="36.464399881660938" lon="129.43582755513489">
        <ele>77.099999999999994</ele>
      </trkpt>
      <trkpt lat="36.465235389769077" lon="129.43509589880705">
        <ele>79.099999999999994</ele>
      </trkpt>
      <trkpt lat="36.4686309825629" lon="129.43502934649587">
        <ele>91</ele>
      </trkpt>
      <trkpt lat="36.469466406852007" lon="129.43423113785684">
        <ele>95</ele>
      </trkpt>
      <trkpt lat="36.471514608711004" lon="129.43356595002115">
        <ele>73</ele>
      </trkpt>
      <trkpt lat="36.47162239998579" lon="129.43256808444858">
        <ele>82.5</ele>
      </trkpt>
      <trkpt lat="36.472646417096257" lon="129.43196944892406">
        <ele>61.299999999999997</ele>
      </trkpt>
      <trkpt lat="36.473427945747972" lon="129.43220229819417">
        <ele>46.799999999999997</ele>
      </trkpt>
      <trkpt lat="36.474505942314863" lon="129.43223549053073">
        <ele>34.399999999999999</ele>
      </trkpt>
      <trkpt lat="36.475152773782611" lon="129.43190289661288">
        <ele>31.300000000000001</ele>
      </trkpt>
      <trkpt lat="36.476904507726431" lon="129.43193617276847">
        <ele>37.100000000000001</ele>
      </trkpt>
      <trkpt lat="36.477524265646935" lon="129.43240178748965">
        <ele>25.600000000000001</ele>
      </trkpt>
      <trkpt lat="36.480219382792711" lon="129.43260136060417">
        <ele>21.699999999999999</ele>
      </trkpt>
      <trkpt lat="36.480920109897852" lon="129.43216902203858">
        <ele>29.899999999999999</ele>
      </trkpt>
      <trkpt lat="36.481917221099138" lon="129.43246833980083">
        <ele>22.300000000000001</ele>
      </trkpt>
      <trkpt lat="36.482321480289102" lon="129.43310025148094">
        <ele>13.4</ele>
      </trkpt>
      <trkpt lat="36.483803652226925" lon="129.43413130939007">
        <ele>7</ele>
      </trkpt>
      <trkpt lat="36.484531285241246" lon="129.43532866425812">
        <ele>18.100000000000001</ele>
      </trkpt>
      <trkpt lat="36.484315702691674" lon="129.43642627447844">
        <ele>13.300000000000001</ele>
      </trkpt>
      <trkpt lat="36.484612170606852" lon="129.43702491000295">
        <ele>14.9</ele>
      </trkpt>
      <trkpt lat="36.485178116708994" lon="129.43742405623198">
        <ele>19.5</ele>
      </trkpt>
      <trkpt lat="36.485851854085922" lon="129.43818907253444">
        <ele>14.4</ele>
      </trkpt>
      <trkpt lat="36.486606393009424" lon="129.43925332278013">
        <ele>14.9</ele>
      </trkpt>
      <trkpt lat="36.487307120114565" lon="129.43991851061583">
        <ele>24.800000000000001</ele>
      </trkpt>
      <trkpt lat="36.488088648766279" lon="129.44237977266312">
        <ele>19.800000000000001</ele>
      </trkpt>
      <trkpt lat="36.488762386143208" lon="129.44291193969548">
        <ele>24.300000000000001</ele>
      </trkpt>
      <trkpt lat="36.491053076460958" lon="129.44324453361332">
        <ele>20.899999999999999</ele>
      </trkpt>
      <trkpt lat="36.492697019129992" lon="129.44274564273655">
        <ele>37.100000000000001</ele>
      </trkpt>
      <trkpt lat="36.493613244965672" lon="129.44301168434322">
        <ele>39.100000000000001</ele>
      </trkpt>
      <trkpt lat="36.495472770184278" lon="129.44148173555732">
        <ele>11.6</ele>
      </trkpt>
      <trkpt lat="36.496442975476384" lon="129.44005161523819">
        <ele>14.699999999999999</ele>
      </trkpt>
      <trkpt lat="36.497628763318062" lon="129.44118241779506">
        <ele>6.4</ele>
      </trkpt>
      <trkpt lat="36.499380497261882" lon="129.44191415794194">
        <ele>8.5</ele>
      </trkpt>
      <trkpt lat="36.501159304752946" lon="129.44204709492624">
        <ele>7.5</ele>
      </trkpt>
      <trkpt lat="36.506037153303623" lon="129.44208037108183">
        <ele>7.6</ele>
      </trkpt>
      <trkpt lat="36.507088160142303" lon="129.44397618994117">
        <ele>7.8</ele>
      </trkpt>
      <trkpt lat="36.507842699065804" lon="129.4432111736387">
        <ele>5.8</ele>
      </trkpt>
      <trkpt lat="36.508624227717519" lon="129.44294513203204">
        <ele>6.9</ele>
      </trkpt>
      <trkpt lat="36.509567527100444" lon="129.44380989298224">
        <ele>7.4</ele>
      </trkpt>
      <trkpt lat="36.510807210579515" lon="129.4443753361702">
        <ele>11.4</ele>
      </trkpt>
      <trkpt lat="36.511642634868622" lon="129.4437101483345">
        <ele>23.399999999999999</ele>
      </trkpt>
      <trkpt lat="36.512828338891268" lon="129.44354376755655">
        <ele>27.100000000000001</ele>
      </trkpt>
      <trkpt lat="36.515415497124195" lon="129.44380989298224">
        <ele>28.5</ele>
      </trkpt>
      <trkpt lat="36.516143130138516" lon="129.44434206001461">
        <ele>20.300000000000001</ele>
      </trkpt>
      <trkpt lat="36.517086429521441" lon="129.44444180466235">
        <ele>18.399999999999999</ele>
      </trkpt>
      <trkpt lat="36.517733177170157" lon="129.44384316913784">
        <ele>31.899999999999999</ele>
      </trkpt>
      <trkpt lat="36.519377203658223" lon="129.44377661682665">
        <ele>21.699999999999999</ele>
      </trkpt>
      <trkpt lat="36.520751668140292" lon="129.44277883507311">
        <ele>13.5</ele>
      </trkpt>
      <trkpt lat="36.521479301154613" lon="129.44271228276193">
        <ele>7.1</ele>
      </trkpt>
      <trkpt lat="36.521829664707184" lon="129.4419473502785">
        <ele>12.6</ele>
      </trkpt>
      <trkpt lat="36.522449506446719" lon="129.44161475636065">
        <ele>15</ele>
      </trkpt>
      <trkpt lat="36.526114577427506" lon="129.44154820404947">
        <ele>18.399999999999999</ele>
      </trkpt>
      <trkpt lat="36.528189685195684" lon="129.44081646390259">
        <ele>19.300000000000001</ele>
      </trkpt>
      <trkpt lat="36.529375473037362" lon="129.43985195830464">
        <ele>20.100000000000001</ele>
      </trkpt>
      <trkpt lat="36.530884634703398" lon="129.43971893750131">
        <ele>17.300000000000001</ele>
      </trkpt>
      <trkpt lat="36.531423674896359" lon="129.44001825526357">
        <ele>12.199999999999999</ele>
      </trkpt>
      <trkpt lat="36.532393796369433" lon="129.43941961973906">
        <ele>16.699999999999999</ele>
      </trkpt>
      <trkpt lat="36.533067533746362" lon="129.43981868214905">
        <ele>11</ele>
      </trkpt>
      <trkpt lat="36.533795166760683" lon="129.43935306742787">
        <ele>20.600000000000001</ele>
      </trkpt>
      <trkpt lat="36.536058951169252" lon="129.43941961973906">
        <ele>16.5</ele>
      </trkpt>
      <trkpt lat="36.536571001634002" lon="129.4388541765511">
        <ele>23.399999999999999</ele>
      </trkpt>
      <trkpt lat="36.538268839940429" lon="129.43878762423992">
        <ele>16.899999999999999</ele>
      </trkpt>
      <trkpt lat="36.538888681679964" lon="129.43842175416648">
        <ele>23.800000000000001</ele>
      </trkpt>
      <trkpt lat="36.539212055504322" lon="129.43802269175649">
        <ele>30.100000000000001</ele>
      </trkpt>
      <trkpt lat="36.539778001606464" lon="129.43818898871541">
        <ele>35</ele>
      </trkpt>
      <trkpt lat="36.540748290717602" lon="129.4391203019768">
        <ele>21.199999999999999</ele>
      </trkpt>
      <trkpt lat="36.542500024661422" lon="129.43928659893572">
        <ele>20.399999999999999</ele>
      </trkpt>
      <trkpt lat="36.543146772310138" lon="129.43955272436142">
        <ele>17</ele>
      </trkpt>
      <trkpt lat="36.544736819341779" lon="129.43888745270669">
        <ele>24.100000000000001</ele>
      </trkpt>
      <trkpt lat="36.545410556718707" lon="129.43892072886229">
        <ele>33.100000000000001</ele>
      </trkpt>
      <trkpt lat="36.546165179461241" lon="129.43981876596808">
        <ele>15.699999999999999</ele>
      </trkpt>
      <trkpt lat="36.548563661053777" lon="129.43955272436142">
        <ele>12.6</ele>
      </trkpt>
      <trkpt lat="36.549560772255063" lon="129.4400183390826">
        <ele>4.5</ele>
      </trkpt>
      <trkpt lat="36.551339412108064" lon="129.43998506292701">
        <ele>4.6</ele>
      </trkpt>
      <trkpt lat="36.552228732034564" lon="129.43961919285357">
        <ele>9.9</ele>
      </trkpt>
      <trkpt lat="36.55268688686192" lon="129.43842183798552">
        <ele>19.699999999999999</ele>
      </trkpt>
      <trkpt lat="36.553603196516633" lon="129.43775665014982">
        <ele>21.100000000000001</ele>
      </trkpt>
      <trkpt lat="36.556028667837381" lon="129.43479649722576">
        <ele>23.100000000000001</ele>
      </trkpt>
      <trkpt lat="36.557160560041666" lon="129.43376543931663">
        <ele>7.3</ele>
      </trkpt>
      <trkpt lat="36.556944893673062" lon="129.43293395452201">
        <ele>14.6</ele>
      </trkpt>
      <trkpt lat="36.557160560041666" lon="129.43150383420289">
        <ele>11</ele>
      </trkpt>
      <trkpt lat="36.55794208869338" lon="129.43127098493278">
        <ele>13.5</ele>
      </trkpt>
      <trkpt lat="36.558427149429917" lon="129.43226876668632">
        <ele>6.5</ele>
      </trkpt>
      <trkpt lat="36.560151893645525" lon="129.43246833980083">
        <ele>5.5</ele>
      </trkpt>
      <trkpt lat="36.560367476195097" lon="129.4314372818917">
        <ele>12.199999999999999</ele>
      </trkpt>
      <trkpt lat="36.563871027901769" lon="129.42930886521935">
        <ele>9.9</ele>
      </trkpt>
      <trkpt lat="36.564194485545158" lon="129.42867686972022">
        <ele>9.300000000000001</ele>
      </trkpt>
      <trkpt lat="36.563790226355195" lon="129.42741304636002">
        <ele>17.899999999999999</ele>
      </trkpt>
      <trkpt lat="36.563951913267374" lon="129.42594956606627">
        <ele>13.4</ele>
      </trkpt>
      <trkpt lat="36.566970236599445" lon="129.4226236268878">
        <ele>6.5</ele>
      </trkpt>
      <trkpt lat="36.569018438458443" lon="129.42062797956169">
        <ele>8</ele>
      </trkpt>
      <trkpt lat="36.571201337501407" lon="129.41886526532471">
        <ele>4.8</ele>
      </trkpt>
      <trkpt lat="36.579097509384155" lon="129.41321108490229">
        <ele>8.699999999999999</ele>
      </trkpt>
      <trkpt lat="36.584622273221612" lon="129.41015127114952">
        <ele>5.5</ele>
      </trkpt>
      <trkpt lat="36.58791015855968" lon="129.40928651019931">
        <ele>5.3</ele>
      </trkpt>
      <trkpt lat="36.591036273166537" lon="129.4086878746748">
        <ele>6.7</ele>
      </trkpt>
      <trkpt lat="36.594863114878535" lon="129.40878761932254">
        <ele>7.3</ele>
      </trkpt>
      <trkpt lat="36.598177906125784" lon="129.40965238027275">
        <ele>5.5</ele>
      </trkpt>
      <trkpt lat="36.599740963429213" lon="129.41081654280424">
        <ele>5.7</ele>
      </trkpt>
      <trkpt lat="36.600630283355713" lon="129.41178104840219">
        <ele>5.2</ele>
      </trkpt>
      <trkpt lat="36.601115427911282" lon="129.41081654280424">
        <ele>5.4</ele>
      </trkpt>
      <trkpt lat="36.60213952884078" lon="129.41144845448434">
        <ele>6.1</ele>
      </trkpt>
      <trkpt lat="36.602705474942923" lon="129.41148173063993">
        <ele>6.4</ele>
      </trkpt>
      <trkpt lat="36.604753592982888" lon="129.4123796839267">
        <ele>11.6</ele>
      </trkpt>
      <trkpt lat="36.605912474915385" lon="129.41218019463122">
        <ele>16.899999999999999</ele>
      </trkpt>
      <trkpt lat="36.608041478320956" lon="129.41344401799142">
        <ele>9.300000000000001</ele>
      </trkpt>
      <trkpt lat="36.614051219075918" lon="129.41178104840219">
        <ele>5.8</ele>
      </trkpt>
      <trkpt lat="36.622082255780697" lon="129.41184760071337">
        <ele>6.5</ele>
      </trkpt>
      <trkpt lat="36.623699208721519" lon="129.4126458093524">
        <ele>7</ele>
      </trkpt>
      <trkpt lat="36.624399935826659" lon="129.4126458093524">
        <ele>9</ele>
      </trkpt>
      <trkpt lat="36.625450942665339" lon="129.41337754949927">
        <ele>8.9</ele>
      </trkpt>
      <trkpt lat="36.627283478155732" lon="129.41404273733497">
        <ele>12.5</ele>
      </trkpt>
      <trkpt lat="36.629304690286517" lon="129.41590528003871">
        <ele>11.4</ele>
      </trkpt>
      <trkpt lat="36.631218111142516" lon="129.41673676483333">
        <ele>10.4</ele>
      </trkpt>
      <trkpt lat="36.635583909228444" lon="129.41613804548979">
        <ele>11.4</ele>
      </trkpt>
      <trkpt lat="36.637263558804989" lon="129.41584828309715">
        <ele>6.4</ele>
      </trkpt>
      <trkpt lat="36.637802515178919" lon="129.41594802774489">
        <ele>5.8</ele>
      </trkpt>
      <trkpt lat="36.638279026374221" lon="129.41553932614625">
        <ele>9.1</ele>
      </trkpt>
      <trkpt lat="36.639168346300721" lon="129.41640408709645">
        <ele>14.699999999999999</ele>
      </trkpt>
      <trkpt lat="36.639357022941113" lon="129.41730212420225">
        <ele>17.100000000000001</ele>
      </trkpt>
      <trkpt lat="36.643183864653111" lon="129.42182541824877">
        <ele>26</ele>
      </trkpt>
      <trkpt lat="36.643857602030039" lon="129.4222245644778">
        <ele>25.800000000000001</ele>
      </trkpt>
      <trkpt lat="36.645609252154827" lon="129.42282328382134">
        <ele>25.800000000000001</ele>
      </trkpt>
      <trkpt lat="36.646202187985182" lon="129.42362149246037">
        <ele>23.600000000000001</ele>
      </trkpt>
      <trkpt lat="36.646714238449931" lon="129.42508488893509">
        <ele>13.699999999999999</ele>
      </trkpt>
      <trkpt lat="36.648977939039469" lon="129.42784546874464">
        <ele>11.9</ele>
      </trkpt>
      <trkpt lat="36.649732561782002" lon="129.42824461497366">
        <ele>8.9</ele>
      </trkpt>
      <trkpt lat="36.65048249065876" lon="129.42826154641807">
        <ele>12.199999999999999</ele>
      </trkpt>
      <trkpt lat="36.65285867638886" lon="129.42954171448946">
        <ele>20.300000000000001</ele>
      </trkpt>
      <trkpt lat="36.654691295698285" lon="129.43004060536623">
        <ele>15.4</ele>
      </trkpt>
      <trkpt lat="36.658612350001931" lon="129.43002459593117">
        <ele>19.899999999999999</ele>
      </trkpt>
      <trkpt lat="36.659326488152146" lon="129.43029072135687">
        <ele>14.699999999999999</ele>
      </trkpt>
      <trkpt lat="36.660229302942753" lon="129.43117207847536">
        <ele>15.800000000000001</ele>
      </trkpt>
      <trkpt lat="36.661239909008145" lon="129.43190381862223">
        <ele>13.9</ele>
      </trkpt>
      <trkpt lat="36.661994699388742" lon="129.43223557434976">
        <ele>13.199999999999999</ele>
      </trkpt>
      <trkpt lat="36.663261288776994" lon="129.43216902203858">
        <ele>11</ele>
      </trkpt>
      <trkpt lat="36.6651208139956" lon="129.43286748602986">
        <ele>8</ele>
      </trkpt>
      <trkpt lat="36.666764756664634" lon="129.43399828858674">
        <ele>7.8</ele>
      </trkpt>
      <trkpt lat="36.669985000044107" lon="129.43621303886175">
        <ele>9.4</ele>
      </trkpt>
      <trkpt lat="36.670685978606343" lon="129.43686800077558">
        <ele>6.9</ele>
      </trkpt>
      <trkpt lat="36.672132024541497" lon="129.43776897154748">
        <ele>10.5</ele>
      </trkpt>
      <trkpt lat="36.672278037294745" lon="129.4385039806366">
        <ele>7</ele>
      </trkpt>
      <trkpt lat="36.672851024195552" lon="129.4397490285337">
        <ele>4.2</ele>
      </trkpt>
      <trkpt lat="36.675927685573697" lon="129.44311142899096">
        <ele>9.4</ele>
      </trkpt>
      <trkpt lat="36.676951786503196" lon="129.44467465393245">
        <ele>8.800000000000001</ele>
      </trkpt>
      <trkpt lat="36.678568739444017" lon="129.4478010199964">
        <ele>4.6</ele>
      </trkpt>
      <trkpt lat="36.679377257823944" lon="129.45049504749477">
        <ele>6.8</ele>
      </trkpt>
      <trkpt lat="36.67948504909873" lon="129.45169240236282">
        <ele>7</ele>
      </trkpt>
      <trkpt lat="36.682153008878231" lon="129.45724683813751">
        <ele>6.2</ele>
      </trkpt>
      <trkpt lat="36.682287789881229" lon="129.45877678692341">
        <ele>5.9</ele>
      </trkpt>
      <trkpt lat="36.681937426328659" lon="129.45957499556243">
        <ele>6.2</ele>
      </trkpt>
      <trkpt lat="36.680077901110053" lon="129.46060605347157">
        <ele>6.7</ele>
      </trkpt>
      <trkpt lat="36.67948504909873" lon="129.46180340833962">
        <ele>10</ele>
      </trkpt>
      <trkpt lat="36.678972998633981" lon="129.46356620639563">
        <ele>7.4</ele>
      </trkpt>
      <trkpt lat="36.679970109835267" lon="129.46433122269809">
        <ele>9.5</ele>
      </trkpt>
      <trkpt lat="36.681102002039552" lon="129.46416484192014">
        <ele>11</ele>
      </trkpt>
      <trkpt lat="36.681640958413482" lon="129.46443096734583">
        <ele>9.1</ele>
      </trkpt>
      <trkpt lat="36.682368591427803" lon="129.46399854496121">
        <ele>11.800000000000001</ele>
      </trkpt>
      <trkpt lat="36.685872059315443" lon="129.46433122269809">
        <ele>5.9</ele>
      </trkpt>
      <trkpt lat="36.68845921754837" lon="129.46539547294378">
        <ele>11.199999999999999</ele>
      </trkpt>
      <trkpt lat="36.688701706007123" lon="129.46592763997614">
        <ele>13.4</ele>
      </trkpt>
      <trkpt lat="36.688513197004795" lon="129.46675878949463">
        <ele>13.1</ele>
      </trkpt>
      <trkpt lat="36.688567092642188" lon="129.46759027428925">
        <ele>8.6</ele>
      </trkpt>
      <trkpt lat="36.689186934381723" lon="129.46772329509258">
        <ele>13</ele>
      </trkpt>
      <trkpt lat="36.689887577667832" lon="129.46759027428925">
        <ele>21.199999999999999</ele>
      </trkpt>
      <trkpt lat="36.693229358643293" lon="129.46798942051828">
        <ele>21.399999999999999</ele>
      </trkpt>
      <trkpt lat="36.695331372320652" lon="129.46885418146849">
        <ele>35.799999999999997</ele>
      </trkpt>
      <trkpt lat="36.69600510969758" lon="129.47028430178761">
        <ele>29.399999999999999</ele>
      </trkpt>
      <trkpt lat="36.696059005334973" lon="129.47141518816352">
        <ele>19.899999999999999</ele>
      </trkpt>
      <trkpt lat="36.697056200355291" lon="129.47307815775275">
        <ele>11.9</ele>
      </trkpt>
      <trkpt lat="36.698214998468757" lon="129.47384317405522">
        <ele>12.5</ele>
      </trkpt>
      <trkpt lat="36.698673153296113" lon="129.4752068258822">
        <ele>7</ele>
      </trkpt>
      <trkpt lat="36.699427692219615" lon="129.47590528987348">
        <ele>5.7</ele>
      </trkpt>
      <trkpt lat="36.701206415891647" lon="129.47537312284112">
        <ele>18.199999999999999</ele>
      </trkpt>
      <trkpt lat="36.701987944543362" lon="129.47557269595563">
        <ele>9.9</ele>
      </trkpt>
      <trkpt lat="36.704736789688468" lon="129.47444180957973">
        <ele>10.199999999999999</ele>
      </trkpt>
      <trkpt lat="36.70810547657311" lon="129.47400947101414">
        <ele>11.5</ele>
      </trkpt>
      <trkpt lat="36.708914078772068" lon="129.47444180957973">
        <ele>12.9</ele>
      </trkpt>
      <trkpt lat="36.709776408970356" lon="129.47524001821876">
        <ele>8.5</ele>
      </trkpt>
      <trkpt lat="36.710800509899855" lon="129.47537312284112">
        <ele>9.300000000000001</ele>
      </trkpt>
      <trkpt lat="36.712336661294103" lon="129.47427551262081">
        <ele>4.8</ele>
      </trkpt>
      <trkpt lat="36.716675469651818" lon="129.47231322526932">
        <ele>10.5</ele>
      </trkpt>
      <trkpt lat="36.719586001709104" lon="129.47168122977018">
        <ele>7.9</ele>
      </trkpt>
      <trkpt lat="36.721203038468957" lon="129.47151493281126">
        <ele>6.4</ele>
      </trkpt>
      <trkpt lat="36.723385937511921" lon="129.47174778208137">
        <ele>8.4</ele>
      </trkpt>
      <trkpt lat="36.723844092339277" lon="129.47088302113116">
        <ele>21.600000000000001</ele>
      </trkpt>
      <trkpt lat="36.725029796361923" lon="129.47015128098428">
        <ele>29.300000000000001</ele>
      </trkpt>
      <trkpt lat="36.726215584203601" lon="129.46855486370623">
        <ele>11.199999999999999</ele>
      </trkpt>
      <trkpt lat="36.728533264249563" lon="129.46655921638012">
        <ele>7.8</ele>
      </trkpt>
      <trkpt lat="36.729584438726306" lon="129.46772329509258">
        <ele>7.6</ele>
      </trkpt>
      <trkpt lat="36.730689341202378" lon="129.46862133219838">
        <ele>5.6</ele>
      </trkpt>
      <trkpt lat="36.732360189780593" lon="129.46935307234526">
        <ele>5.1</ele>
      </trkpt>
      <trkpt lat="36.735917553305626" lon="129.46270102635026">
        <ele>4.9</ele>
      </trkpt>
      <trkpt lat="36.737103341147304" lon="129.46359906345606">
        <ele>5.4</ele>
      </trkpt>
      <trkpt lat="36.7377769947052" lon="129.46366561576724">
        <ele>5</ele>
      </trkpt>
      <trkpt lat="36.743247779086232" lon="129.46196937002242">
        <ele>6.9</ele>
      </trkpt>
      <trkpt lat="36.744271963834763" lon="129.46196937002242">
        <ele>10.800000000000001</ele>
      </trkpt>
      <trkpt lat="36.747074704617262" lon="129.46223541162908">
        <ele>5.9</ele>
      </trkpt>
      <trkpt lat="36.74774844199419" lon="129.46276757866144">
        <ele>7</ele>
      </trkpt>
      <trkpt lat="36.748637761920691" lon="129.46479641832411">
        <ele>8.199999999999999</ele>
      </trkpt>
      <trkpt lat="36.749365478754044" lon="129.46546160615981">
        <ele>9.199999999999999</ele>
      </trkpt>
      <trkpt lat="36.752410707995296" lon="129.46582747623324">
        <ele>8.1</ele>
      </trkpt>
      <trkpt lat="36.759444549679756" lon="129.4639649335295">
        <ele>39.5</ele>
      </trkpt>
      <trkpt lat="36.76176231354475" lon="129.46443063206971">
        <ele>43.600000000000001</ele>
      </trkpt>
      <trkpt lat="36.762328259646893" lon="129.46416459046304">
        <ele>36.899999999999999</ele>
      </trkpt>
      <trkpt lat="36.763594849035144" lon="129.46280093863606">
        <ele>24.199999999999999</ele>
      </trkpt>
      <trkpt lat="36.764942323789001" lon="129.46236851625144">
        <ele>27.399999999999999</ele>
      </trkpt>
      <trkpt lat="36.767637273296714" lon="129.46240179240704">
        <ele>29.199999999999999</ele>
      </trkpt>
      <trkpt lat="36.768499687314034" lon="129.46206919848919">
        <ele>30.800000000000001</ele>
      </trkpt>
      <trkpt lat="36.769874067977071" lon="129.46070554666221">
        <ele>34.100000000000001</ele>
      </trkpt>
      <trkpt lat="36.771086845546961" lon="129.45917559787631">
        <ele>41.799999999999997</ele>
      </trkpt>
      <trkpt lat="36.772082028910518" lon="129.45822400040925">
        <ele>39.5</ele>
      </trkpt>
      <trkpt lat="36.776850996538997" lon="129.45563801564276">
        <ele>71.299999999999997</ele>
      </trkpt>
      <trkpt lat="36.777563961222768" lon="129.45542301982641">
        <ele>64.799999999999997</ele>
      </trkpt>
      <trkpt lat="36.778887966647744" lon="129.45449003018439">
        <ele>48.5</ele>
      </trkpt>
      <trkpt lat="36.78008196875453" lon="129.45394302718341">
        <ele>38.899999999999999</ele>
      </trkpt>
      <trkpt lat="36.783510586246848" lon="129.45199155248702">
        <ele>26.399999999999999</ele>
      </trkpt>
      <trkpt lat="36.785235414281487" lon="129.45175870321691">
        <ele>24.899999999999999</ele>
      </trkpt>
      <trkpt lat="36.786663690581918" lon="129.4508939422667">
        <ele>16.199999999999999</ele>
      </trkpt>
      <trkpt lat="36.788065060973167" lon="129.44982969202101">
        <ele>20.800000000000001</ele>
      </trkpt>
      <trkpt lat="36.790167158469558" lon="129.44926424883306">
        <ele>14.9</ele>
      </trkpt>
      <trkpt lat="36.791487643495202" lon="129.44953029043972">
        <ele>8.1</ele>
      </trkpt>
      <trkpt lat="36.793670542538166" lon="129.45029530674219">
        <ele>10.9</ele>
      </trkpt>
      <trkpt lat="36.79496412165463" lon="129.45169223472476">
        <ele>8.800000000000001</ele>
      </trkpt>
      <trkpt lat="36.79809040389955" lon="129.45318907499313">
        <ele>6.2</ele>
      </trkpt>
      <trkpt lat="36.798898922279477" lon="129.45322235114872">
        <ele>6.5</ele>
      </trkpt>
      <trkpt lat="36.801728568971157" lon="129.45275673642755">
        <ele>9.800000000000001</ele>
      </trkpt>
      <trkpt lat="36.803480302914977" lon="129.45059479214251">
        <ele>20.5</ele>
      </trkpt>
      <trkpt lat="36.804962558671832" lon="129.44956373423338">
        <ele>20.399999999999999</ele>
      </trkpt>
      <trkpt lat="36.80617525242269" lon="129.44796731695533">
        <ele>25.5</ele>
      </trkpt>
      <trkpt lat="36.80703766644001" lon="129.44557260721922">
        <ele>27.5</ele>
      </trkpt>
      <trkpt lat="36.807308988645673" lon="129.44344997406006">
        <ele>28.699999999999999</ele>
      </trkpt>
      <trkpt lat="36.807532031089067" lon="129.44312802515924">
        <ele>30.100000000000001</ele>
      </trkpt>
      <trkpt lat="36.808846984058619" lon="129.44271001964808">
        <ele>38.399999999999999</ele>
      </trkpt>
      <trkpt lat="36.809860020875931" lon="129.44218397140503">
        <ele>37</ele>
      </trkpt>
      <trkpt lat="36.811183020472527" lon="129.44179798476398">
        <ele>45.899999999999999</ele>
      </trkpt>
      <trkpt lat="36.812016014009714" lon="129.44166898727417">
        <ele>50.799999999999997</ele>
      </trkpt>
      <trkpt lat="36.812506020069122" lon="129.44145399145782">
        <ele>54.799999999999997</ele>
      </trkpt>
      <trkpt lat="36.814911039546132" lon="129.44073599763215">
        <ele>65.799999999999997</ele>
      </trkpt>
      <trkpt lat="36.816009990870953" lon="129.44033903069794">
        <ele>65</ele>
      </trkpt>
      <trkpt lat="36.819514967501163" lon="129.43871897645295">
        <ele>59.600000000000001</ele>
      </trkpt>
      <trkpt lat="36.820982974022627" lon="129.43809603340924">
        <ele>40.600000000000001</ele>
      </trkpt>
      <trkpt lat="36.821550009772182" lon="129.43793501704931">
        <ele>36.299999999999997</ele>
      </trkpt>
      <trkpt lat="36.822469001635909" lon="129.43781699985266">
        <ele>31.5</ele>
      </trkpt>
      <trkpt lat="36.824091989547014" lon="129.43791397847235">
        <ele>19</ele>
      </trkpt>
      <trkpt lat="36.824152003973722" lon="129.43757099099457">
        <ele>20.699999999999999</ele>
      </trkpt>
      <trkpt lat="36.826252760365605" lon="129.43775656633079">
        <ele>11.5</ele>
      </trkpt>
      <trkpt lat="36.829897966235876" lon="129.43590802140534">
        <ele>15.4</ele>
      </trkpt>
      <trkpt lat="36.831933008506894" lon="129.43536001257598">
        <ele>26</ele>
      </trkpt>
      <trkpt lat="36.835514008998871" lon="129.43495298735797">
        <ele>39.600000000000001</ele>
      </trkpt>
      <trkpt lat="36.835960010066628" lon="129.4349099881947">
        <ele>39.600000000000001</ele>
      </trkpt>
      <trkpt lat="36.837625997141004" lon="129.4345769751817">
        <ele>36</ele>
      </trkpt>
      <trkpt lat="36.838030004873872" lon="129.43449097685516">
        <ele>35.200000000000003</ele>
      </trkpt>
      <trkpt lat="36.838730312883854" lon="129.43449709564447">
        <ele>36.399999999999999</ele>
      </trkpt>
      <trkpt lat="36.840158840641379" lon="129.43346628919244">
        <ele>27.300000000000001</ele>
      </trkpt>
      <trkpt lat="36.842045271769166" lon="129.43349956534803">
        <ele>10.6</ele>
      </trkpt>
      <trkpt lat="36.847812440246344" lon="129.42871014587581">
        <ele>19.899999999999999</ele>
      </trkpt>
      <trkpt lat="36.848432281985879" lon="129.42837755195796">
        <ele>17.800000000000001</ele>
      </trkpt>
      <trkpt lat="36.84967196546495" lon="129.42821125499904">
        <ele>8.1</ele>
      </trkpt>
      <trkpt lat="36.850696066394448" lon="129.42724666558206">
        <ele>6.9</ele>
      </trkpt>
      <trkpt lat="36.851396709680557" lon="129.42684760317206">
        <ele>5.9</ele>
      </trkpt>
      <trkpt lat="36.852771174162626" lon="129.42674777470529">
        <ele>7.2</ele>
      </trkpt>
      <trkpt lat="36.85724476352334" lon="129.42441961728036">
        <ele>7.5</ele>
      </trkpt>
      <trkpt lat="36.858322760090232" lon="129.42342183552682">
        <ele>17.5</ele>
      </trkpt>
      <trkpt lat="36.859885817393661" lon="129.4230226892978">
        <ele>9.1</ele>
      </trkpt>
      <trkpt lat="36.861071605235338" lon="129.42202490754426">
        <ele>11.5</ele>
      </trkpt>
      <trkpt lat="36.865599257871509" lon="129.42079436033964">
        <ele>12.4</ele>
      </trkpt>
      <trkpt lat="36.868698466569185" lon="129.41949717700481">
        <ele>20.600000000000001</ele>
      </trkpt>
      <trkpt lat="36.870261523872614" lon="129.41969675011933">
        <ele>25.699999999999999</ele>
      </trkpt>
      <trkpt lat="36.871608998626471" lon="129.42016236484051">
        <ele>32.100000000000001</ele>
      </trkpt>
      <trkpt lat="36.872686995193362" lon="129.42102712579072">
        <ele>21.300000000000001</ele>
      </trkpt>
      <trkpt lat="36.873818803578615" lon="129.42022891715169">
        <ele>26.100000000000001</ele>
      </trkpt>
      <trkpt lat="36.874438645318151" lon="129.42006262019277">
        <ele>25</ele>
      </trkpt>
      <trkpt lat="36.876001702621579" lon="129.42039521411061">
        <ele>13.4</ele>
      </trkpt>
      <trkpt lat="36.876891106367111" lon="129.41933088004589">
        <ele>10.6</ele>
      </trkpt>
      <trkpt lat="36.879586055874825" lon="129.41836637444794">
        <ele>8.699999999999999</ele>
      </trkpt>
      <trkpt lat="36.881553456187248" lon="129.41639302298427">
        <ele>7.7</ele>
      </trkpt>
      <trkpt lat="36.88379930332303" lon="129.41517345607281">
        <ele>8.699999999999999</ele>
      </trkpt>
      <trkpt lat="36.885640807449818" lon="129.41572783514857">
        <ele>3.2</ele>
      </trkpt>
      <trkpt lat="36.890851082280278" lon="129.41489626653492">
        <ele>3.6</ele>
      </trkpt>
      <trkpt lat="36.892827367410064" lon="129.41622672602534">
        <ele>8.9</ele>
      </trkpt>
      <trkpt lat="36.893725655972958" lon="129.41822228953242">
        <ele>7.4</ele>
      </trkpt>
      <trkpt lat="36.89471379853785" lon="129.41955266520381">
        <ele>2.6</ele>
      </trkpt>
      <trkpt lat="36.89758837223053" lon="129.42032874561846">
        <ele>3.8</ele>
      </trkpt>
      <trkpt lat="36.898711295798421" lon="129.41999615170062">
        <ele>3.4</ele>
      </trkpt>
      <trkpt lat="36.899924073368311" lon="129.41888747736812">
        <ele>18.699999999999999</ele>
      </trkpt>
      <trkpt lat="36.907469881698489" lon="129.41545064561069">
        <ele>3.3</ele>
      </trkpt>
      <trkpt lat="36.909356312826276" lon="129.41539524123073">
        <ele>14.9</ele>
      </trkpt>
      <trkpt lat="36.910748714581132" lon="129.41644842736423">
        <ele>13.1</ele>
      </trkpt>
      <trkpt lat="36.913353810086846" lon="129.41594953648746">
        <ele>14.300000000000001</ele>
      </trkpt>
      <trkpt lat="36.914117401465774" lon="129.41545064561069">
        <ele>15.9</ele>
      </trkpt>
      <trkpt lat="36.916632894426584" lon="129.41545064561069">
        <ele>7.5</ele>
      </trkpt>
      <trkpt lat="36.91748633980751" lon="129.41622672602534">
        <ele>9.4</ele>
      </trkpt>
      <trkpt lat="36.918654106557369" lon="129.41678102128208">
        <ele>9.300000000000001</ele>
      </trkpt>
      <trkpt lat="36.919148219749331" lon="129.41800058819354">
        <ele>16.100000000000001</ele>
      </trkpt>
      <trkpt lat="36.92206772044301" lon="129.41888747736812">
        <ele>16.699999999999999</ele>
      </trkpt>
      <trkpt lat="36.92265160381794" lon="129.41960815340281">
        <ele>9.4</ele>
      </trkpt>
      <trkpt lat="36.923549976199865" lon="129.41872118040919">
        <ele>13</ele>
      </trkpt>
      <trkpt lat="36.925750812515616" lon="129.41838858649135">
        <ele>11.199999999999999</ele>
      </trkpt>
      <trkpt lat="36.92664910107851" lon="129.41783429123461">
        <ele>17.699999999999999</ele>
      </trkpt>
      <trkpt lat="36.931544970721006" lon="129.41689191386104">
        <ele>10.800000000000001</ele>
      </trkpt>
      <trkpt lat="36.933161923661828" lon="129.41883207298815">
        <ele>14.199999999999999</ele>
      </trkpt>
      <trkpt lat="36.93599165417254" lon="129.419164666906">
        <ele>20.399999999999999</ele>
      </trkpt>
      <trkpt lat="36.936171278357506" lon="129.42049504257739">
        <ele>9</ele>
      </trkpt>
      <trkpt lat="36.940168775618076" lon="129.42071674391627">
        <ele>15.9</ele>
      </trkpt>
      <trkpt lat="36.941516250371933" lon="129.41999615170062">
        <ele>15.5</ele>
      </trkpt>
      <trkpt lat="36.943312911316752" lon="129.42016244865954">
        <ele>13.6</ele>
      </trkpt>
      <trkpt lat="36.947220806032419" lon="129.41811139695346">
        <ele>3.6</ele>
      </trkpt>
      <trkpt lat="36.948343645781279" lon="129.41794509999454">
        <ele>5.8</ele>
      </trkpt>
      <trkpt lat="36.949691120535135" lon="129.41827769391239">
        <ele>19.699999999999999</ele>
      </trkpt>
      <trkpt lat="36.950589492917061" lon="129.41888747736812">
        <ele>11.800000000000001</ele>
      </trkpt>
      <trkpt lat="36.952610705047846" lon="129.41816688515246">
        <ele>13.5</ele>
      </trkpt>
      <trkpt lat="36.954497136175632" lon="129.41816688515246">
        <ele>8.699999999999999</ele>
      </trkpt>
      <trkpt lat="36.955889537930489" lon="129.41683642566204">
        <ele>5.7</ele>
      </trkpt>
      <trkpt lat="36.956518348306417" lon="129.416947318241">
        <ele>3.7</ele>
      </trkpt>
      <trkpt lat="36.962267579510808" lon="129.41461916081607">
        <ele>4.4</ele>
      </trkpt>
      <trkpt lat="36.965007456019521" lon="129.414785457775">
        <ele>5.6</ele>
      </trkpt>
      <trkpt lat="36.967567624524236" lon="129.4136767834425">
        <ele>5.2</ele>
      </trkpt>
      <trkpt lat="36.968331215903163" lon="129.41229091957211">
        <ele>7</ele>
      </trkpt>
      <trkpt lat="36.968286288902164" lon="129.41018446348608">
        <ele>11.9</ele>
      </trkpt>
      <trkpt lat="36.967657478526235" lon="129.40857689827681">
        <ele>8</ele>
      </trkpt>
      <trkpt lat="36.965681193396449" lon="129.40835519693792">
        <ele>10.1</ele>
      </trkpt>
      <trkpt lat="36.964737894013524" lon="129.40746830776334">
        <ele>8.6</ele>
      </trkpt>
      <trkpt lat="36.964064156636596" lon="129.39782291650772">
        <ele>9.1</ele>
      </trkpt>
      <trkpt lat="36.968106580898166" lon="129.39826640300453">
        <ele>8.4</ele>
      </trkpt>
      <trkpt lat="36.972193932160735" lon="129.39970767125487">
        <ele>7.2</ele>
      </trkpt>
      <trkpt lat="36.973810885101557" lon="129.39931958913803">
        <ele>8.800000000000001</ele>
      </trkpt>
      <trkpt lat="36.978437276557088" lon="129.39660334959626">
        <ele>9.800000000000001</ele>
      </trkpt>
      <trkpt lat="36.980054397135973" lon="129.39615994691849">
        <ele>8.9</ele>
      </trkpt>
      <trkpt lat="36.982255317270756" lon="129.39621535129845">
        <ele>6.6</ele>
      </trkpt>
      <trkpt lat="36.990385092794895" lon="129.39959677867591">
        <ele>11.300000000000001</ele>
      </trkpt>
      <trkpt lat="36.991687640547752" lon="129.40114893950522">
        <ele>13.6</ele>
      </trkpt>
      <trkpt lat="36.994382590055466" lon="129.40131523646414">
        <ele>13</ele>
      </trkpt>
      <trkpt lat="36.996807977557182" lon="129.40170323476195">
        <ele>14.699999999999999</ele>
      </trkpt>
      <trkpt lat="36.999098751693964" lon="129.40137064084411">
        <ele>16.199999999999999</ele>
      </trkpt>
      <trkpt lat="37.001344515010715" lon="129.40059456042945">
        <ele>22</ele>
      </trkpt>
      <trkpt lat="37.004219088703394" lon="129.40059456042945">
        <ele>23.5</ele>
      </trkpt>
      <trkpt lat="37.007408151403069" lon="129.39992937259376">
        <ele>29.5</ele>
      </trkpt>
      <trkpt lat="37.012483645230532" lon="129.40192493610084">
        <ele>44.799999999999997</ele>
      </trkpt>
      <trkpt lat="37.013786192983389" lon="129.40347709693015">
        <ele>48.5</ele>
      </trkpt>
      <trkpt lat="37.014909284189343" lon="129.4086323864758">
        <ele>52.399999999999999</ele>
      </trkpt>
      <trkpt lat="37.015897426754236" lon="129.41184751689434">
        <ele>24.5</ele>
      </trkpt>
      <trkpt lat="37.016975423321128" lon="129.41195832565427">
        <ele>19.699999999999999</ele>
      </trkpt>
      <trkpt lat="37.024296680465341" lon="129.40902038477361">
        <ele>6.6</ele>
      </trkpt>
      <trkpt lat="37.025734009221196" lon="129.40940846689045">
        <ele>4.9</ele>
      </trkpt>
      <trkpt lat="37.029147623106837" lon="129.40913127735257">
        <ele>26.5</ele>
      </trkpt>
      <trkpt lat="37.030989127233624" lon="129.41007365472615">
        <ele>25.899999999999999</ele>
      </trkpt>
      <trkpt lat="37.031438313424587" lon="129.41118224523962">
        <ele>12.4</ele>
      </trkpt>
      <trkpt lat="37.032875642180443" lon="129.41240181215107">
        <ele>24.899999999999999</ele>
      </trkpt>
      <trkpt lat="37.033414598554373" lon="129.41389848478138">
        <ele>12.300000000000001</ele>
      </trkpt>
      <trkpt lat="37.034851927310228" lon="129.41539524123073">
        <ele>14.4</ele>
      </trkpt>
      <trkpt lat="37.037636647000909" lon="129.41423107869923">
        <ele>11.800000000000001</ele>
      </trkpt>
      <trkpt lat="37.041274895891547" lon="129.41345508210361">
        <ele>14.1</ele>
      </trkpt>
      <trkpt lat="37.043790137395263" lon="129.41229091957211">
        <ele>7.3</ele>
      </trkpt>
      <trkpt lat="37.050572438165545" lon="129.41323329694569">
        <ele>12.800000000000001</ele>
      </trkpt>
      <trkpt lat="37.052009934559464" lon="129.4141202699393">
        <ele>14.4</ele>
      </trkpt>
      <trkpt lat="37.054255781695247" lon="129.414785457775">
        <ele>4.4</ele>
      </trkpt>
      <trkpt lat="37.057265136390924" lon="129.41716901957989">
        <ele>10.9</ele>
      </trkpt>
      <trkpt lat="37.058702381327748" lon="129.41977445036173">
        <ele>11.699999999999999</ele>
      </trkpt>
      <trkpt lat="37.059465972706676" lon="129.42121563479304">
        <ele>9</ele>
      </trkpt>
      <trkpt lat="37.06153211183846" lon="129.42093852907419">
        <ele>14.5</ele>
      </trkpt>
      <trkpt lat="37.062610108405352" lon="129.42071674391627">
        <ele>17.899999999999999</ele>
      </trkpt>
      <trkpt lat="37.063418542966247" lon="129.41988525912166">
        <ele>21.699999999999999</ele>
      </trkpt>
      <trkpt lat="37.064451612532139" lon="129.41755710169673">
        <ele>28.600000000000001</ele>
      </trkpt>
      <trkpt lat="37.064296714961529" lon="129.41612211987376">
        <ele>30.300000000000001</ele>
      </trkpt>
      <trkpt lat="37.065150076523423" lon="129.41268528811634">
        <ele>28.300000000000001</ele>
      </trkpt>
      <trkpt lat="37.065823813900352" lon="129.41185380332172">
        <ele>34.299999999999997</ele>
      </trkpt>
      <trkpt lat="37.066758060827851" lon="129.4114435929805">
        <ele>35.600000000000001</ele>
      </trkpt>
      <trkpt lat="37.067189309746027" lon="129.41041253507137">
        <ele>36</ele>
      </trkpt>
      <trkpt lat="37.069021845236421" lon="129.40948122180998">
        <ele>34.799999999999997</ele>
      </trkpt>
      <trkpt lat="37.070989161729813" lon="129.40921518020332">
        <ele>20.100000000000001</ele>
      </trkpt>
      <trkpt lat="37.072282740846276" lon="129.4083836954087">
        <ele>20</ele>
      </trkpt>
      <trkpt lat="37.072848686948419" lon="129.40542354248464">
        <ele>19.199999999999999</ele>
      </trkpt>
      <trkpt lat="37.073549330234528" lon="129.40316185355186">
        <ele>24.699999999999999</ele>
      </trkpt>
      <trkpt lat="37.074142266064882" lon="129.40063412301242">
        <ele>15.6</ele>
      </trkpt>
      <trkpt lat="37.075651427730918" lon="129.39787354320288">
        <ele>6</ele>
      </trkpt>
      <trkpt lat="37.075732229277492" lon="129.39694231376052">
        <ele>5</ele>
      </trkpt>
      <trkpt lat="37.075139377266169" lon="129.38570042140782">
        <ele>17.5</ele>
      </trkpt>
      <trkpt lat="37.07654083147645" lon="129.38041244633496">
        <ele>26.199999999999999</ele>
      </trkpt>
      <trkpt lat="37.076998986303806" lon="129.37785143963993">
        <ele>34.5</ele>
      </trkpt>
      <trkpt lat="37.077322360128164" lon="129.37711969949305">
        <ele>35.399999999999999</ele>
      </trkpt>
      <trkpt lat="37.077915295958519" lon="129.37685365788639">
        <ele>34.700000000000003</ele>
      </trkpt>
      <trkpt lat="37.079343572258949" lon="129.37682038173079">
        <ele>42.200000000000003</ele>
      </trkpt>
      <trkpt lat="37.079909518361092" lon="129.37645451165736">
        <ele>39.200000000000003</ele>
      </trkpt>
      <trkpt lat="37.081634346395731" lon="129.3739933334291">
        <ele>49.799999999999997</ele>
      </trkpt>
      <trkpt lat="37.08408672362566" lon="129.37252985313535">
        <ele>50.5</ele>
      </trkpt>
      <trkpt lat="37.08672777749598" lon="129.37196449376643">
        <ele>61.5</ele>
      </trkpt>
      <trkpt lat="37.087617097422481" lon="129.37213079072535">
        <ele>73.5</ele>
      </trkpt>
      <trkpt lat="37.089773006737232" lon="129.3733281455934">
        <ele>51.5</ele>
      </trkpt>
      <trkpt lat="37.090554619207978" lon="129.3733281455934">
        <ele>44.600000000000001</ele>
      </trkpt>
      <trkpt lat="37.095378572121263" lon="129.37000212259591">
        <ele>17.699999999999999</ele>
      </trkpt>
      <trkpt lat="37.096267892047763" lon="129.36983582563698">
        <ele>14.5</ele>
      </trkpt>
      <trkpt lat="37.096860744059086" lon="129.37006867490709">
        <ele>10.9</ele>
      </trkpt>
      <trkpt lat="37.099232403561473" lon="129.37173164449632">
        <ele>7.9</ele>
      </trkpt>
      <trkpt lat="37.101576989516616" lon="129.37262968160212">
        <ele>8.199999999999999</ele>
      </trkpt>
      <trkpt lat="37.102493299171329" lon="129.3730952963233">
        <ele>9</ele>
      </trkpt>
      <trkpt lat="37.103517400100827" lon="129.37422609888017">
        <ele>6.3</ele>
      </trkpt>
      <trkpt lat="37.104945676401258" lon="129.37425937503576">
        <ele>8.800000000000001</ele>
      </trkpt>
      <trkpt lat="37.105457726866007" lon="129.37382703647017">
        <ele>12.699999999999999</ele>
      </trkpt>
      <trkpt lat="37.105888891965151" lon="129.37326159328222">
        <ele>16.100000000000001</ele>
      </trkpt>
      <trkpt lat="37.106347046792507" lon="129.37226381152868">
        <ele>24.5</ele>
      </trkpt>
      <trkpt lat="37.106859097257257" lon="129.37183138914406">
        <ele>27.199999999999999</ele>
      </trkpt>
      <trkpt lat="37.107532834634185" lon="129.37183138914406">
        <ele>27</ele>
      </trkpt>
      <trkpt lat="37.109419349581003" lon="129.3733281455934">
        <ele>9.699999999999999</ele>
      </trkpt>
      <trkpt lat="37.110632043331861" lon="129.37352763488889">
        <ele>8.5</ele>
      </trkpt>
      <trkpt lat="37.113030524924397" lon="129.37356091104448">
        <ele>12.1</ele>
      </trkpt>
      <trkpt lat="37.114405073225498" lon="129.37286244705319">
        <ele>11.5</ele>
      </trkpt>
      <trkpt lat="37.117531271651387" lon="129.3724633846432">
        <ele>13.800000000000001</ele>
      </trkpt>
      <trkpt lat="37.118474487215281" lon="129.37199768610299">
        <ele>15.199999999999999</ele>
      </trkpt>
      <trkpt lat="37.119309911504388" lon="129.37056756578386">
        <ele>15.800000000000001</ele>
      </trkpt>
      <trkpt lat="37.120145335793495" lon="129.37020169571042">
        <ele>15.699999999999999</ele>
      </trkpt>
      <trkpt lat="37.122436026111245" lon="129.37083360739052">
        <ele>15.199999999999999</ele>
      </trkpt>
      <trkpt lat="37.123756594955921" lon="129.37023497186601">
        <ele>18.300000000000001</ele>
      </trkpt>
      <trkpt lat="37.12499619461596" lon="129.37010195106268">
        <ele>13.4</ele>
      </trkpt>
      <trkpt lat="37.125508245080709" lon="129.36956978403032">
        <ele>11.4</ele>
      </trkpt>
      <trkpt lat="37.126101180911064" lon="129.36840562149882">
        <ele>17.399999999999999</ele>
      </trkpt>
      <trkpt lat="37.127852914854884" lon="129.36817285604775">
        <ele>21.800000000000001</ele>
      </trkpt>
      <trkpt lat="37.128607453778386" lon="129.3636494781822">
        <ele>17.100000000000001</ele>
      </trkpt>
      <trkpt lat="37.129092514514923" lon="129.36305084265769">
        <ele>26.100000000000001</ele>
      </trkpt>
      <trkpt lat="37.13043998926878" lon="129.36245212331414">
        <ele>32</ele>
      </trkpt>
      <trkpt lat="37.131922245025635" lon="129.36238565482199">
        <ele>44.399999999999999</ele>
      </trkpt>
      <trkpt lat="37.133027147501707" lon="129.36191995628178">
        <ele>57.700000000000003</ele>
      </trkpt>
      <trkpt lat="37.133485469967127" lon="129.36198684386909">
        <ele>63.5</ele>
      </trkpt>
      <trkpt lat="37.134240008890629" lon="129.36248573474586">
        <ele>74.099999999999994</ele>
      </trkpt>
      <trkpt lat="37.135452786460519" lon="129.3623526301235">
        <ele>81.200000000000003</ele>
      </trkpt>
      <trkpt lat="37.137527894228697" lon="129.36052336357534">
        <ele>101.09999999999999</ele>
      </trkpt>
      <trkpt lat="37.138255527243018" lon="129.36012421734631">
        <ele>113</ele>
      </trkpt>
      <trkpt lat="37.13936042971909" lon="129.36045681126416">
        <ele>106.8</ele>
      </trkpt>
      <trkpt lat="37.140627019107342" lon="129.35902669094503">
        <ele>105.09999999999999</ele>
      </trkpt>
      <trkpt lat="37.140438426285982" lon="129.35719742439687">
        <ele>111.59999999999999</ele>
      </trkpt>
      <trkpt lat="37.141678109765053" lon="129.35596679337323">
        <ele>117</ele>
      </trkpt>
      <trkpt lat="37.141785901039839" lon="129.35536807402968">
        <ele>123.90000000000001</ele>
      </trkpt>
      <trkpt lat="37.141732005402446" lon="129.3542705476284">
        <ele>127.3</ele>
      </trkpt>
      <trkpt lat="37.143160281702876" lon="129.3518425617367">
        <ele>156.59999999999999</ele>
      </trkpt>
      <trkpt lat="37.143995705991983" lon="129.34998001903296">
        <ele>176</ele>
      </trkpt>
      <trkpt lat="37.144750328734517" lon="129.34934802353382">
        <ele>174.09999999999999</ele>
      </trkpt>
      <trkpt lat="37.145639648661017" lon="129.34888240881264">
        <ele>168.19999999999999</ele>
      </trkpt>
      <trkpt lat="37.146717645227909" lon="129.3487826641649">
        <ele>174</ele>
      </trkpt>
      <trkpt lat="37.148819658905268" lon="129.35054537840188">
        <ele>145.5</ele>
      </trkpt>
      <trkpt lat="37.149601187556982" lon="129.35177600942552">
        <ele>124.2</ele>
      </trkpt>
      <trkpt lat="37.1505983825773" lon="129.35280706733465">
        <ele>117</ele>
      </trkpt>
      <trkpt lat="37.151218224316835" lon="129.35377165675163">
        <ele>108.8</ele>
      </trkpt>
      <trkpt lat="37.151972763240337" lon="129.35430373996496">
        <ele>99.799999999999997</ele>
      </trkpt>
      <trkpt lat="37.152943052351475" lon="129.35437029227614">
        <ele>95.400000000000006</ele>
      </trkpt>
      <trkpt lat="37.155368523672223" lon="129.35350553132594">
        <ele>68.5</ele>
      </trkpt>
      <trkpt lat="37.156662102788687" lon="129.35180928558111">
        <ele>65.900000000000006</ele>
      </trkpt>
      <trkpt lat="37.158359941095114" lon="129.34888240881264">
        <ele>57.799999999999997</ele>
      </trkpt>
      <trkpt lat="37.158548617735505" lon="129.34771833010018">
        <ele>46.5</ele>
      </trkpt>
      <trkpt lat="37.159976894035935" lon="129.3448247294873">
        <ele>8.5</ele>
      </trkpt>
      <trkpt lat="37.160569746047258" lon="129.34269606135786">
        <ele>7.6</ele>
      </trkpt>
      <trkpt lat="37.161054890602827" lon="129.34173155575991">
        <ele>5.7</ele>
      </trkpt>
      <trkpt lat="37.16197120025754" lon="129.34040118008852">
        <ele>7.2</ele>
      </trkpt>
      <trkpt lat="37.162564052268863" lon="129.34013505466282">
        <ele>7.8</ele>
      </trkpt>
      <trkpt lat="37.165797958150506" lon="129.3410996440798">
        <ele>12.5</ele>
      </trkpt>
      <trkpt lat="37.166956840083003" lon="129.34026815928519">
        <ele>19.699999999999999</ele>
      </trkpt>
      <trkpt lat="37.167388005182147" lon="129.33970271609724">
        <ele>21.300000000000001</ele>
      </trkpt>
      <trkpt lat="37.168088648468256" lon="129.33953641913831">
        <ele>29.5</ele>
      </trkpt>
      <trkpt lat="37.169031947851181" lon="129.33983573690057">
        <ele>23.899999999999999</ele>
      </trkpt>
      <trkpt lat="37.169490018859506" lon="129.33900425210595">
        <ele>32</ele>
      </trkpt>
      <trkpt lat="37.17161918990314" lon="129.33780714869499">
        <ele>9.5</ele>
      </trkpt>
      <trkpt lat="37.173316944390535" lon="129.33800672180951">
        <ele>8.300000000000001</ele>
      </trkpt>
      <trkpt lat="37.174987876787782" lon="129.33720842935145">
        <ele>10</ele>
      </trkpt>
      <trkpt lat="37.175513254478574" lon="129.33626051992178">
        <ele>10.4</ele>
      </trkpt>
      <trkpt lat="37.175513254478574" lon="129.33626051992178">
        <ele>10.4</ele>
      </trkpt>
      <trkpt lat="37.178545156493783" lon="129.33105535805225">
        <ele>12.6</ele>
      </trkpt>
      <trkpt lat="37.179218893870711" lon="129.33025714941323">
        <ele>13.6</ele>
      </trkpt>
      <trkpt lat="37.180620264261961" lon="129.32925936765969">
        <ele>23.699999999999999</ele>
      </trkpt>
      <trkpt lat="37.181563479825854" lon="129.32829477824271">
        <ele>22.5</ele>
      </trkpt>
      <trkpt lat="37.183234412223101" lon="129.32879375293851">
        <ele>36.799999999999997</ele>
      </trkpt>
      <trkpt lat="37.18568678945303" lon="129.32756312191486">
        <ele>27.300000000000001</ele>
      </trkpt>
      <trkpt lat="37.18622574582696" lon="129.3276961427182">
        <ele>29</ele>
      </trkpt>
      <trkpt lat="37.187708169221878" lon="129.32962523773313">
        <ele>42</ele>
      </trkpt>
      <trkpt lat="37.191427135840058" lon="129.33052319101989">
        <ele>40</ele>
      </trkpt>
      <trkpt lat="37.193124974146485" lon="129.33042344637215">
        <ele>48.600000000000001</ele>
      </trkpt>
      <trkpt lat="37.193637024611235" lon="129.33075604029">
        <ele>54.200000000000003</ele>
      </trkpt>
      <trkpt lat="37.194229876622558" lon="129.3316540773958">
        <ele>61.200000000000003</ele>
      </trkpt>
      <trkpt lat="37.194391563534737" lon="129.33388249017298">
        <ele>76.200000000000003</ele>
      </trkpt>
      <trkpt lat="37.196763139218092" lon="129.3368758354336">
        <ele>91.099999999999994</ele>
      </trkpt>
      <trkpt lat="37.199323391541839" lon="129.33764085173607">
        <ele>81.099999999999994</ele>
      </trkpt>
      <trkpt lat="37.201075041666627" lon="129.33667626231909">
        <ele>80.599999999999994</ele>
      </trkpt>
      <trkpt lat="37.201587092131376" lon="129.33684255927801">
        <ele>72.200000000000003</ele>
      </trkpt>
      <trkpt lat="37.202638098970056" lon="129.33833931572735">
        <ele>47</ele>
      </trkpt>
      <trkpt lat="37.20376999117434" lon="129.33883820660412">
        <ele>52.200000000000003</ele>
      </trkpt>
      <trkpt lat="37.204686300829053" lon="129.34026832692325">
        <ele>71.200000000000003</ele>
      </trkpt>
      <trkpt lat="37.207408156245947" lon="129.34096679091454">
        <ele>85.599999999999994</ele>
      </trkpt>
      <trkpt lat="37.208135789260268" lon="129.34076721780002">
        <ele>95.400000000000006</ele>
      </trkpt>
      <trkpt lat="37.209995482116938" lon="129.33913744054735">
        <ele>90.5</ele>
      </trkpt>
      <trkpt lat="37.210777010768652" lon="129.33767404407263">
        <ele>82.900000000000006</ele>
      </trkpt>
      <trkpt lat="37.213579751551151" lon="129.33667617850006">
        <ele>97.799999999999997</ele>
      </trkpt>
      <trkpt lat="37.215762650594115" lon="129.33833923190832">
        <ele>65.299999999999997</ele>
      </trkpt>
      <trkpt lat="37.216759761795402" lon="129.33923718519509">
        <ele>62.399999999999999</ele>
      </trkpt>
      <trkpt lat="37.217622175812721" lon="129.33956977911294">
        <ele>74</ele>
      </trkpt>
      <trkpt lat="37.21829591318965" lon="129.3394367583096">
        <ele>84</ele>
      </trkpt>
      <trkpt lat="37.219508606940508" lon="129.33807310648263">
        <ele>96.5</ele>
      </trkpt>
      <trkpt lat="37.221961067989469" lon="129.33870501816273">
        <ele>74.400000000000006</ele>
      </trkpt>
      <trkpt lat="37.224656017497182" lon="129.34006875380874">
        <ele>50.5</ele>
      </trkpt>
      <trkpt lat="37.225410556420684" lon="129.3401019461453">
        <ele>41.100000000000001</ele>
      </trkpt>
      <trkpt lat="37.225895700976253" lon="129.33953658677638">
        <ele>42.600000000000001</ele>
      </trkpt>
      <trkpt lat="37.226299876347184" lon="129.33847225271165">
        <ele>46.399999999999999</ele>
      </trkpt>
      <trkpt lat="37.22673112526536" lon="129.3385719973594">
        <ele>37.799999999999997</ele>
      </trkpt>
      <trkpt lat="37.226811926811934" lon="129.34050109237432">
        <ele>19.800000000000001</ele>
      </trkpt>
      <trkpt lat="37.227135384455323" lon="129.34116628021002">
        <ele>16.899999999999999</ele>
      </trkpt>
      <trkpt lat="37.23045009188354" lon="129.34256320819259">
        <ele>12.199999999999999</ele>
      </trkpt>
      <trkpt lat="37.231123829260468" lon="129.34243018738925">
        <ele>12</ele>
      </trkpt>
      <trkpt lat="37.233118303120136" lon="129.34326167218387">
        <ele>9.800000000000001</ele>
      </trkpt>
      <trkpt lat="37.235786262899637" lon="129.34103325940669">
        <ele>12.4</ele>
      </trkpt>
      <trkpt lat="37.23756498657167" lon="129.34043454006314">
        <ele>13.199999999999999</ele>
      </trkpt>
      <trkpt lat="37.240529414266348" lon="129.33883812278509">
        <ele>18.5</ele>
      </trkpt>
      <trkpt lat="37.242254158481956" lon="129.33847225271165">
        <ele>25.5</ele>
      </trkpt>
      <trkpt lat="37.244976013898849" lon="129.33823940344155">
        <ele>33.5</ele>
      </trkpt>
      <trkpt lat="37.245838427916169" lon="129.33740791864693">
        <ele>37.5</ele>
      </trkpt>
      <trkpt lat="37.247239798307419" lon="129.3379068095237">
        <ele>46.399999999999999</ele>
      </trkpt>
      <trkpt lat="37.24761706776917" lon="129.3385719973594">
        <ele>53.700000000000003</ele>
      </trkpt>
      <trkpt lat="37.248129118233919" lon="129.33870501816273">
        <ele>52.5</ele>
      </trkpt>
      <trkpt lat="37.249099323526025" lon="129.33843897655606">
        <ele>57.600000000000001</ele>
      </trkpt>
      <trkpt lat="37.250339007005095" lon="129.3379068095237">
        <ele>71.599999999999994</ele>
      </trkpt>
      <trkpt lat="37.250339007005095" lon="129.33737464249134">
        <ele>71.5</ele>
      </trkpt>
      <trkpt lat="37.249584384262562" lon="129.33734136633575">
        <ele>66.599999999999994</ele>
      </trkpt>
      <trkpt lat="37.249395791441202" lon="129.33687575161457">
        <ele>67.5</ele>
      </trkpt>
      <trkpt lat="37.251093545928597" lon="129.33564512059093">
        <ele>84.799999999999997</ele>
      </trkpt>
      <trkpt lat="37.252710582688451" lon="129.33524605818093">
        <ele>105.2</ele>
      </trkpt>
      <trkpt lat="37.252791384235024" lon="129.33461406268179">
        <ele>102.90000000000001</ele>
      </trkpt>
      <trkpt lat="37.253087852150202" lon="129.33411517180502">
        <ele>103.90000000000001</ele>
      </trkpt>
      <trkpt lat="37.254031067714095" lon="129.33348326012492">
        <ele>95.099999999999994</ele>
      </trkpt>
      <trkpt lat="37.253869380801916" lon="129.33261849917471">
        <ele>96.400000000000006</ele>
      </trkpt>
      <trkpt lat="37.254408337175846" lon="129.3317870143801">
        <ele>100.09999999999999</ele>
      </trkpt>
      <trkpt lat="37.255540229380131" lon="129.33211960829794">
        <ele>91.599999999999994</ele>
      </trkpt>
      <trkpt lat="37.256294852122664" lon="129.33308411389589">
        <ele>77.099999999999994</ele>
      </trkpt>
      <trkpt lat="37.256267862394452" lon="129.33398215100169">
        <ele>64.700000000000003</ele>
      </trkpt>
      <trkpt lat="37.25659123621881" lon="129.33458087034523">
        <ele>61.200000000000003</ele>
      </trkpt>
      <trkpt lat="37.259717518463731" lon="129.33311755768955">
        <ele>35</ele>
      </trkpt>
      <trkpt lat="37.260660817846656" lon="129.32999110780656">
        <ele>47.5</ele>
      </trkpt>
      <trkpt lat="37.261226763948798" lon="129.33015740476549">
        <ele>31.100000000000001</ele>
      </trkpt>
      <trkpt lat="37.261900501325727" lon="129.32929264381528">
        <ele>33.200000000000003</ele>
      </trkpt>
      <trkpt lat="37.2619813028723" lon="129.32859417982399">
        <ele>41.700000000000003</ele>
      </trkpt>
      <trkpt lat="37.262682029977441" lon="129.32799554429948">
        <ele>27.399999999999999</ele>
      </trkpt>
      <trkpt lat="37.262601144611835" lon="129.3266651686281">
        <ele>34.200000000000003</ele>
      </trkpt>
      <trkpt lat="37.265323083847761" lon="129.32453650049865">
        <ele>21.300000000000001</ele>
      </trkpt>
      <trkpt lat="37.265457781031728" lon="129.32290680706501">
        <ele>28.800000000000001</ele>
      </trkpt>
      <trkpt lat="37.265862040221691" lon="129.32264068163931">
        <ele>28.600000000000001</ele>
      </trkpt>
      <trkpt lat="37.266751360148191" lon="129.3248690944165">
        <ele>29.899999999999999</ele>
      </trkpt>
      <trkpt lat="37.26742509752512" lon="129.32493564672768">
        <ele>38.299999999999997</ele>
      </trkpt>
      <trkpt lat="37.267910158261657" lon="129.32427045889199">
        <ele>49.399999999999999</ele>
      </trkpt>
      <trkpt lat="37.268395302817225" lon="129.32224161922932">
        <ele>70.200000000000003</ele>
      </trkpt>
      <trkpt lat="37.269769683480263" lon="129.32134358212352">
        <ele>82.099999999999994</ele>
      </trkpt>
      <trkpt lat="37.269985266029835" lon="129.32164289988577">
        <ele>76.400000000000006</ele>
      </trkpt>
      <trkpt lat="37.269661892205477" lon="129.32230808772147">
        <ele>75</ele>
      </trkpt>
      <trkpt lat="37.269823579117656" lon="129.32280697859824">
        <ele>73.599999999999994</ele>
      </trkpt>
      <trkpt lat="37.270335629582405" lon="129.32280697859824">
        <ele>76.599999999999994</ele>
      </trkpt>
      <trkpt lat="37.271548407152295" lon="129.32200876995921">
        <ele>89</ele>
      </trkpt>
      <trkpt lat="37.272114269435406" lon="129.32214179076254">
        <ele>90.599999999999994</ele>
      </trkpt>
      <trkpt lat="37.27270720526576" lon="129.32290680706501">
        <ele>86.700000000000003</ele>
      </trkpt>
      <trkpt lat="37.274270262569189" lon="129.32427045889199">
        <ele>67.599999999999994</ele>
      </trkpt>
      <trkpt lat="37.275968100875616" lon="129.32430365122855">
        <ele>58</ele>
      </trkpt>
      <trkpt lat="37.276507057249546" lon="129.32566738687456">
        <ele>42.700000000000003</ele>
      </trkpt>
      <trkpt lat="37.27833959273994" lon="129.32560083456337">
        <ele>29.800000000000001</ele>
      </trkpt>
      <trkpt lat="37.279121289029717" lon="129.32500236667693">
        <ele>27.899999999999999</ele>
      </trkpt>
      <trkpt lat="37.27971414104104" lon="129.32383828796446">
        <ele>25.399999999999999</ele>
      </trkpt>
      <trkpt lat="37.281007720157504" lon="129.32264093309641">
        <ele>26.100000000000001</ele>
      </trkpt>
      <trkpt lat="37.28146587498486" lon="129.32067856192589">
        <ele>27.399999999999999</ele>
      </trkpt>
      <trkpt lat="37.282624756917357" lon="129.31958103552461">
        <ele>29.199999999999999</ele>
      </trkpt>
      <trkpt lat="37.283621868118644" lon="129.31958103552461">
        <ele>25.100000000000001</ele>
      </trkpt>
      <trkpt lat="37.28515793569386" lon="129.31805108673871">
        <ele>27.899999999999999</ele>
      </trkpt>
      <trkpt lat="37.285238821059465" lon="129.31682045571506">
        <ele>35</ele>
      </trkpt>
      <trkpt lat="37.285562194883823" lon="129.31592241860926">
        <ele>29.800000000000001</ele>
      </trkpt>
      <trkpt lat="37.285184925422072" lon="129.31505765765905">
        <ele>18.100000000000001</ele>
      </trkpt>
      <trkpt lat="37.283891346305609" lon="129.31462531909347">
        <ele>14.300000000000001</ele>
      </trkpt>
      <trkpt lat="37.283594878390431" lon="129.31402659974992">
        <ele>10.699999999999999</ele>
      </trkpt>
      <trkpt lat="37.283648774027824" lon="129.31262967176735">
        <ele>18</ele>
      </trkpt>
      <trkpt lat="37.284861551597714" lon="129.31139904074371">
        <ele>19.199999999999999</ele>
      </trkpt>
      <trkpt lat="37.285966454073787" lon="129.30963632650673">
        <ele>31.399999999999999</ele>
      </trkpt>
      <trkpt lat="37.28672107681632" lon="129.30690902285278">
        <ele>35.799999999999997</ele>
      </trkpt>
      <trkpt lat="37.289173454046249" lon="129.30291781201959">
        <ele>6</ele>
      </trkpt>
      <trkpt lat="37.289173454046249" lon="129.30225262418389">
        <ele>7.3</ele>
      </trkpt>
      <trkpt lat="37.288823090493679" lon="129.30112182162702">
        <ele>8.1</ele>
      </trkpt>
      <trkpt lat="37.287879874929786" lon="129.29982463829219">
        <ele>12.699999999999999</ele>
      </trkpt>
      <trkpt lat="37.287852885201573" lon="129.2991594504565">
        <ele>19.800000000000001</ele>
      </trkpt>
      <trkpt lat="37.288230238482356" lon="129.29869383573532">
        <ele>25.300000000000001</ele>
      </trkpt>
      <trkpt lat="37.290251450613141" lon="129.29812839254737">
        <ele>41.799999999999997</ele>
      </trkpt>
      <trkpt lat="37.29095209389925" lon="129.29742992855608">
        <ele>54.5</ele>
      </trkpt>
      <trkpt lat="37.291895309463143" lon="129.29796209558845">
        <ele>61.100000000000001</ele>
      </trkpt>
      <trkpt lat="37.291652821004391" lon="129.29886013269424">
        <ele>54</ele>
      </trkpt>
      <trkpt lat="37.291895309463143" lon="129.29935902357101">
        <ele>51.799999999999997</ele>
      </trkpt>
      <trkpt lat="37.293458366766572" lon="129.29925919510424">
        <ele>65.799999999999997</ele>
      </trkpt>
      <trkpt lat="37.294320948421955" lon="129.2993925511837">
        <ele>65.900000000000006</ele>
      </trkpt>
      <trkpt lat="37.295668423175812" lon="129.29975833743811">
        <ele>61.600000000000001</ele>
      </trkpt>
      <trkpt lat="37.296692440286279" lon="129.29929272271693">
        <ele>67.700000000000003</ele>
      </trkpt>
      <trkpt lat="37.296854127198458" lon="129.29886038415134">
        <ele>67</ele>
      </trkpt>
      <trkpt lat="37.296422962099314" lon="129.2975964769721">
        <ele>76.799999999999997</ele>
      </trkpt>
      <trkpt lat="37.297096699476242" lon="129.29726388305426">
        <ele>70.599999999999994</ele>
      </trkpt>
      <trkpt lat="37.297258386388421" lon="129.29613308049738">
        <ele>81.299999999999997</ele>
      </trkpt>
      <trkpt lat="37.297716541215777" lon="129.29593350738287">
        <ele>78.200000000000003</ele>
      </trkpt>
      <trkpt lat="37.298228591680527" lon="129.29609980434179">
        <ele>73.299999999999997</ele>
      </trkpt>
      <trkpt lat="37.298767548054457" lon="129.29546780884266">
        <ele>80</ele>
      </trkpt>
      <trkpt lat="37.300492376089096" lon="129.29450330324471">
        <ele>92.900000000000006</ele>
      </trkpt>
      <trkpt lat="37.301516393199563" lon="129.29500219412148">
        <ele>88.299999999999997</ele>
      </trkpt>
      <trkpt lat="37.303510699421167" lon="129.29227489046752">
        <ele>74.200000000000003</ele>
      </trkpt>
      <trkpt lat="37.305019861087203" lon="129.28884912282228">
        <ele>57.100000000000001</ele>
      </trkpt>
      <trkpt lat="37.305100662633777" lon="129.2875187471509">
        <ele>54.100000000000001</ele>
      </trkpt>
      <trkpt lat="37.30550492182374" lon="129.2875187471509">
        <ele>50.100000000000001</ele>
      </trkpt>
      <trkpt lat="37.306421231478453" lon="129.28838350810111">
        <ele>38.5</ele>
      </trkpt>
      <trkpt lat="37.307633925229311" lon="129.28682028315961">
        <ele>20.699999999999999</ele>
      </trkpt>
      <trkpt lat="37.307337541133165" lon="129.28592224605381">
        <ele>20.399999999999999</ele>
      </trkpt>
      <trkpt lat="37.307633925229311" lon="129.28558965213597">
        <ele>18</ele>
      </trkpt>
      <trkpt lat="37.30900838971138" lon="129.28582250140607">
        <ele>12.699999999999999</ele>
      </trkpt>
      <trkpt lat="37.310221083462238" lon="129.28502429276705">
        <ele>18.5</ele>
      </trkpt>
      <trkpt lat="37.311164299026132" lon="129.28472489118576">
        <ele>15</ele>
      </trkpt>
      <trkpt lat="37.311891932040453" lon="129.28366064094007">
        <ele>14.800000000000001</ele>
      </trkpt>
      <trkpt lat="37.312296191230416" lon="129.28123265504837">
        <ele>12.1</ele>
      </trkpt>
      <trkpt lat="37.314398372545838" lon="129.27847232669592">
        <ele>15.9</ele>
      </trkpt>
      <trkpt lat="37.315449379384518" lon="129.27667633630335">
        <ele>12.199999999999999</ele>
      </trkpt>
      <trkpt lat="37.316042231395841" lon="129.27607761695981">
        <ele>16.800000000000001</ele>
      </trkpt>
      <trkpt lat="37.317039342597127" lon="129.27517957985401">
        <ele>15.5</ele>
      </trkpt>
      <trkpt lat="37.317659184336662" lon="129.27391575649381">
        <ele>10.4</ele>
      </trkpt>
      <trkpt lat="37.317874850705266" lon="129.27298444323242">
        <ele>8.4</ele>
      </trkpt>
      <trkpt lat="37.318359911441803" lon="129.26979152485728">
        <ele>5.2</ele>
      </trkpt>
      <trkpt lat="37.318871961906552" lon="129.26899331621826">
        <ele>4.8</ele>
      </trkpt>
      <trkpt lat="37.320273332297802" lon="129.2672969866544">
        <ele>4.2</ele>
      </trkpt>
      <trkpt lat="37.32199807651341" lon="129.26580031402409">
        <ele>9.300000000000001</ele>
      </trkpt>
      <trkpt lat="37.323561133816838" lon="129.26570056937635">
        <ele>14.1</ele>
      </trkpt>
      <trkpt lat="37.325231982395053" lon="129.26347215659916">
        <ele>24.600000000000001</ele>
      </trkpt>
      <trkpt lat="37.326633520424366" lon="129.26230824552476">
        <ele>24.699999999999999</ele>
      </trkpt>
      <trkpt lat="37.328169587999582" lon="129.26061199977994">
        <ele>34.5</ele>
      </trkpt>
      <trkpt lat="37.329463167116046" lon="129.25894903019071">
        <ele>51.600000000000001</ele>
      </trkpt>
      <trkpt lat="37.329463167116046" lon="129.25715303979814">
        <ele>66.700000000000003</ele>
      </trkpt>
      <trkpt lat="37.330083008855581" lon="129.25286251120269">
        <ele>78.900000000000006</ele>
      </trkpt>
      <trkpt lat="37.331295786425471" lon="129.25143230706453">
        <ele>77.5</ele>
      </trkpt>
      <trkpt lat="37.332131210714579" lon="129.25076711922884">
        <ele>76</ele>
      </trkpt>
      <trkpt lat="37.332939645275474" lon="129.24717505462468">
        <ele>43.899999999999999</ele>
      </trkpt>
      <trkpt lat="37.333505591377616" lon="129.24637684598565">
        <ele>38.600000000000001</ele>
      </trkpt>
      <trkpt lat="37.340081362053752" lon="129.23935918137431">
        <ele>22.300000000000001</ele>
      </trkpt>
      <trkpt lat="37.340647308155894" lon="129.23919288441539">
        <ele>22.899999999999999</ele>
      </trkpt>
      <trkpt lat="37.342857196927071" lon="129.24002436921">
        <ele>20.600000000000001</ele>
      </trkpt>
      <trkpt lat="37.344743628054857" lon="129.24055653624237">
        <ele>17.600000000000001</ele>
      </trkpt>
      <trkpt lat="37.348193200305104" lon="129.23969177529216">
        <ele>22.300000000000001</ele>
      </trkpt>
      <trkpt lat="37.348947739228606" lon="129.23886029049754">
        <ele>26.899999999999999</ele>
      </trkpt>
      <trkpt lat="37.350295213982463" lon="129.23723051324487">
        <ele>24</ele>
      </trkpt>
      <trkpt lat="37.351265419274569" lon="129.23636575229466">
        <ele>17.699999999999999</ele>
      </trkpt>
      <trkpt lat="37.352666789665818" lon="129.23536797054112">
        <ele>18.699999999999999</ele>
      </trkpt>
      <trkpt lat="37.355523426085711" lon="129.23370500095189">
        <ele>16.899999999999999</ele>
      </trkpt>
      <trkpt lat="37.357948897406459" lon="129.23137684352696">
        <ele>23.899999999999999</ele>
      </trkpt>
      <trkpt lat="37.358649540692568" lon="129.23107744194567">
        <ele>22.800000000000001</ele>
      </trkpt>
      <trkpt lat="37.35967380926013" lon="129.23104441724718">
        <ele>24.699999999999999</ele>
      </trkpt>
      <trkpt lat="37.361317668110132" lon="129.23067854717374">
        <ele>20.5</ele>
      </trkpt>
      <trkpt lat="37.362934704869986" lon="129.22961421310902">
        <ele>21.699999999999999</ele>
      </trkpt>
      <trkpt lat="37.36390482634306" lon="129.23014638014138">
        <ele>14.9</ele>
      </trkpt>
      <trkpt lat="37.365440977737308" lon="129.22944791615009">
        <ele>19.199999999999999</ele>
      </trkpt>
      <trkpt lat="37.36654588021338" lon="129.22845013439655">
        <ele>20.100000000000001</ele>
      </trkpt>
      <trkpt lat="37.368701873347163" lon="129.22848341055214">
        <ele>6.7</ele>
      </trkpt>
      <trkpt lat="37.370615294203162" lon="129.22818409278989">
        <ele>6</ele>
      </trkpt>
      <trkpt lat="37.375385351479053" lon="129.22628827393055">
        <ele>7</ele>
      </trkpt>
      <trkpt lat="37.377083105966449" lon="129.22588912770152">
        <ele>8</ele>
      </trkpt>
      <trkpt lat="37.380101596936584" lon="129.22612206079066">
        <ele>10.4</ele>
      </trkpt>
      <trkpt lat="37.381529957056046" lon="129.22539032064378">
        <ele>10.199999999999999</ele>
      </trkpt>
      <trkpt lat="37.383524179458618" lon="129.22495798207819">
        <ele>9.5</ele>
      </trkpt>
      <trkpt lat="37.385787963867188" lon="129.22299561090767">
        <ele>22.5</ele>
      </trkpt>
      <trkpt lat="37.386623388156295" lon="129.22199782915413">
        <ele>26.899999999999999</ele>
      </trkpt>
      <trkpt lat="37.387377927079797" lon="129.22060090117157">
        <ele>9.300000000000001</ele>
      </trkpt>
      <trkpt lat="37.388051664456725" lon="129.21993571333587">
        <ele>8</ele>
      </trkpt>
      <trkpt lat="37.388725401833653" lon="129.21960311941803">
        <ele>7.8</ele>
      </trkpt>
      <trkpt lat="37.392740920186043" lon="129.2185387853533">
        <ele>10.300000000000001</ele>
      </trkpt>
      <trkpt lat="37.395462775602937" lon="129.21601105481386">
        <ele>10.699999999999999</ele>
      </trkpt>
      <trkpt lat="37.399316690862179" lon="129.2112550791353">
        <ele>8.9</ele>
      </trkpt>
      <trkpt lat="37.404922256246209" lon="129.20476958155632">
        <ele>11</ele>
      </trkpt>
      <trkpt lat="37.404922256246209" lon="129.20357222668827">
        <ele>19.399999999999999</ele>
      </trkpt>
      <trkpt lat="37.40529952570796" lon="129.20310661196709">
        <ele>26.399999999999999</ele>
      </trkpt>
      <trkpt lat="37.406754791736603" lon="129.20264099724591">
        <ele>19.5</ele>
      </trkpt>
      <trkpt lat="37.409503636881709" lon="129.20104449614882">
        <ele>34.799999999999997</ele>
      </trkpt>
      <trkpt lat="37.410096572712064" lon="129.20021301135421">
        <ele>42.299999999999997</ele>
      </trkpt>
      <trkpt lat="37.410905007272959" lon="129.20001343823969">
        <ele>37.799999999999997</ele>
      </trkpt>
      <trkpt lat="37.411282360553741" lon="129.19951454736292">
        <ele>42.100000000000001</ele>
      </trkpt>
      <trkpt lat="37.412198586389422" lon="129.19761872850358">
        <ele>41.399999999999999</ele>
      </trkpt>
      <trkpt lat="37.412144690752029" lon="129.19635490514338">
        <ele>59.700000000000003</ele>
      </trkpt>
      <trkpt lat="37.415109118446708" lon="129.19612205587327">
        <ele>74.400000000000006</ele>
      </trkpt>
      <trkpt lat="37.415890647098422" lon="129.19622180052102">
        <ele>68.799999999999997</ele>
      </trkpt>
      <trkpt lat="37.41688784211874" lon="129.19588920660317">
        <ele>82.599999999999994</ele>
      </trkpt>
      <trkpt lat="37.418558690696955" lon="129.19622180052102">
        <ele>69.900000000000006</ele>
      </trkpt>
      <trkpt lat="37.419016845524311" lon="129.1956231649965">
        <ele>82.5</ele>
      </trkpt>
      <trkpt lat="37.419582791626453" lon="129.19509099796414">
        <ele>82.599999999999994</ele>
      </trkpt>
      <trkpt lat="37.42060680873692" lon="129.19472512789071">
        <ele>60.100000000000001</ele>
      </trkpt>
      <trkpt lat="37.421334441751242" lon="129.19369406998158">
        <ele>64.099999999999994</ele>
      </trkpt>
      <trkpt lat="37.422951478511095" lon="129.19389364309609">
        <ele>37.5</ele>
      </trkpt>
      <trkpt lat="37.423355653882027" lon="129.19336147606373">
        <ele>39.700000000000003</ele>
      </trkpt>
      <trkpt lat="37.423463445156813" lon="129.19252999126911">
        <ele>38.600000000000001</ele>
      </trkpt>
      <trkpt lat="37.42340954951942" lon="129.1916652303189">
        <ele>41.899999999999999</ele>
      </trkpt>
      <trkpt lat="37.424487546086311" lon="129.18983596377075">
        <ele>29.100000000000001</ele>
      </trkpt>
      <trkpt lat="37.42462232708931" lon="129.18893792666495">
        <ele>16</ele>
      </trkpt>
      <trkpt lat="37.425592532381415" lon="129.18820643797517">
        <ele>12.6</ele>
      </trkpt>
      <trkpt lat="37.427344266325235" lon="129.18747478164732">
        <ele>10</ele>
      </trkpt>
      <trkpt lat="37.427991097792983" lon="129.18667648918927">
        <ele>10.6</ele>
      </trkpt>
      <trkpt lat="37.429985320195556" lon="129.17982495389879">
        <ele>9.800000000000001</ele>
      </trkpt>
      <trkpt lat="37.430551266297698" lon="129.17942589148879">
        <ele>6.9</ele>
      </trkpt>
      <trkpt lat="37.432780265808105" lon="129.18033599853516">
        <ele>9.5</ele>
      </trkpt>
      <trkpt lat="37.433037757873535" lon="129.17960643768311">
        <ele>7.5</ele>
      </trkpt>
      <trkpt lat="37.435956001281738" lon="129.17407035827637">
        <ele>10.4</ele>
      </trkpt>
      <trkpt lat="37.437114715576172" lon="129.17269706726074">
        <ele>13.800000000000001</ele>
      </trkpt>
      <trkpt lat="37.438874244689941" lon="129.17068004608154">
        <ele>11.1</ele>
      </trkpt>
      <trkpt lat="37.439947128295898" lon="129.16660308837891">
        <ele>17.399999999999999</ele>
      </trkpt>
      <trkpt lat="37.44239330291748" lon="129.16025161743164">
        <ele>26.800000000000001</ele>
      </trkpt>
      <trkpt lat="37.442436218261719" lon="129.15977954864502">
        <ele>27.600000000000001</ele>
      </trkpt>
      <trkpt lat="37.442007064819336" lon="129.1581916809082">
        <ele>28.600000000000001</ele>
      </trkpt>
      <trkpt lat="37.441878318786621" lon="129.15690422058105">
        <ele>29.800000000000001</ele>
      </trkpt>
      <trkpt lat="37.441492080688477" lon="129.15570259094238">
        <ele>30.899999999999999</ele>
      </trkpt>
      <trkpt lat="37.440290451049805" lon="129.15372848510742">
        <ele>22.399999999999999</ele>
      </trkpt>
      <trkpt lat="37.439475059509277" lon="129.15256977081299">
        <ele>34.700000000000003</ele>
      </trkpt>
      <trkpt lat="37.439131736755371" lon="129.15214061737061">
        <ele>33.399999999999999</ele>
      </trkpt>
      <trkpt lat="37.438874244689941" lon="129.15175437927246">
        <ele>35.799999999999997</ele>
      </trkpt>
      <trkpt lat="37.438573837280273" lon="129.15098190307617">
        <ele>34.899999999999999</ele>
      </trkpt>
      <trkpt lat="37.438874244689941" lon="129.14733409881592">
        <ele>36.200000000000003</ele>
      </trkpt>
      <trkpt lat="37.439045906066895" lon="129.14475917816162">
        <ele>29.5</ele>
      </trkpt>
      <trkpt lat="37.441878318786621" lon="129.1362190246582">
        <ele>21.300000000000001</ele>
      </trkpt>
      <trkpt lat="37.442564964294434" lon="129.13501739501953">
        <ele>21.699999999999999</ele>
      </trkpt>
      <trkpt lat="37.442779541015625" lon="129.13428783416748">
        <ele>32.700000000000003</ele>
      </trkpt>
      <trkpt lat="37.443037033081055" lon="129.13227081298828">
        <ele>31.600000000000001</ele>
      </trkpt>
      <trkpt lat="37.44290828704834" lon="129.13154125213623">
        <ele>33.200000000000003</ele>
      </trkpt>
      <trkpt lat="37.442049980163574" lon="129.13012504577637">
        <ele>41.299999999999997</ele>
      </trkpt>
      <trkpt lat="37.441921234130859" lon="129.12991046905518">
        <ele>39.799999999999997</ele>
      </trkpt>
      <trkpt lat="37.441835403442383" lon="129.12952423095703">
        <ele>41.700000000000003</ele>
      </trkpt>
      <trkpt lat="37.441878318786621" lon="129.12815093994141">
        <ele>39.200000000000003</ele>
      </trkpt>
      <trkpt lat="37.442092895507813" lon="129.12746429443359">
        <ele>38</ele>
      </trkpt>
      <trkpt lat="37.442307472229004" lon="129.12716388702393">
        <ele>41.299999999999997</ele>
      </trkpt>
      <trkpt lat="37.443337440490723" lon="129.12604808807373">
        <ele>45.299999999999997</ele>
      </trkpt>
      <trkpt lat="37.443594932556152" lon="129.12553310394287">
        <ele>49.299999999999997</ele>
      </trkpt>
      <trkpt lat="37.443766593933105" lon="129.12368774414062">
        <ele>56.799999999999997</ele>
      </trkpt>
      <trkpt lat="37.443509101867676" lon="129.12265777587891">
        <ele>56.700000000000003</ele>
      </trkpt>
      <trkpt lat="37.442994117736816" lon="129.1217565536499">
        <ele>73.200000000000003</ele>
      </trkpt>
      <trkpt lat="37.442307472229004" lon="129.12042617797852">
        <ele>78.900000000000006</ele>
      </trkpt>
      <trkpt lat="37.441835403442383" lon="129.11991119384766">
        <ele>67.599999999999994</ele>
      </trkpt>
      <trkpt lat="37.441277503967285" lon="129.11969661712646">
        <ele>57.299999999999997</ele>
      </trkpt>
      <trkpt lat="37.440633773803711" lon="129.1197395324707">
        <ele>47.5</ele>
      </trkpt>
      <trkpt lat="37.440204620361328" lon="129.11999702453613">
        <ele>43.100000000000001</ele>
      </trkpt>
      <trkpt lat="37.43964672088623" lon="129.12059783935547">
        <ele>38</ele>
      </trkpt>
      <trkpt lat="37.439174652099609" lon="129.12081241607666">
        <ele>32.899999999999999</ele>
      </trkpt>
      <trkpt lat="37.438745498657227" lon="129.12076950073242">
        <ele>29.100000000000001</ele>
      </trkpt>
      <trkpt lat="37.437758445739746" lon="129.12025451660156">
        <ele>22.399999999999999</ele>
      </trkpt>
      <trkpt lat="37.435741424560547" lon="129.11879539489746">
        <ele>23.199999999999999</ele>
      </trkpt>
      <trkpt lat="37.434453964233398" lon="129.11858081817627">
        <ele>31.699999999999999</ele>
      </trkpt>
      <trkpt lat="37.434067726135254" lon="129.11866664886475">
        <ele>34.299999999999997</ele>
      </trkpt>
      <trkpt lat="37.430977821350098" lon="129.11995410919189">
        <ele>34.5</ele>
      </trkpt>
      <trkpt lat="37.43016242980957" lon="129.12038326263428">
        <ele>33.799999999999997</ele>
      </trkpt>
      <trkpt lat="37.428188323974609" lon="129.12205696105957">
        <ele>26.199999999999999</ele>
      </trkpt>
      <trkpt lat="37.427630424499512" lon="129.12214279174805">
        <ele>28.399999999999999</ele>
      </trkpt>
      <trkpt lat="37.42741584777832" lon="129.12205696105957">
        <ele>30.399999999999999</ele>
      </trkpt>
      <trkpt lat="37.427201271057129" lon="129.12171363830566">
        <ele>32.799999999999997</ele>
      </trkpt>
      <trkpt lat="37.426128387451172" lon="129.1193962097168">
        <ele>41.899999999999999</ele>
      </trkpt>
      <trkpt lat="37.425484657287598" lon="129.11849498748779">
        <ele>45.700000000000003</ele>
      </trkpt>
      <trkpt lat="37.424154281616211" lon="129.1179370880127">
        <ele>27.300000000000001</ele>
      </trkpt>
      <trkpt lat="37.422695159912109" lon="129.11660671234131">
        <ele>27.899999999999999</ele>
      </trkpt>
      <trkpt lat="37.422480583190918" lon="129.1157054901123">
        <ele>30.800000000000001</ele>
      </trkpt>
      <trkpt lat="37.422566413879395" lon="129.11514759063721">
        <ele>32.799999999999997</ele>
      </trkpt>
      <trkpt lat="37.422523498535156" lon="129.11471843719482">
        <ele>30.800000000000001</ele>
      </trkpt>
      <trkpt lat="37.422266006469727" lon="129.1142463684082">
        <ele>28.199999999999999</ele>
      </trkpt>
      <trkpt lat="37.421836853027344" lon="129.11398887634277">
        <ele>26.600000000000001</ele>
      </trkpt>
      <trkpt lat="37.417588233947754" lon="129.11325931549072">
        <ele>30.300000000000001</ele>
      </trkpt>
      <trkpt lat="37.414240837097168" lon="129.11338806152344">
        <ele>28.699999999999999</ele>
      </trkpt>
      <trkpt lat="37.413339614868164" lon="129.11287307739258">
        <ele>28.300000000000001</ele>
      </trkpt>
      <trkpt lat="37.41295337677002" lon="129.1118860244751">
        <ele>27.699999999999999</ele>
      </trkpt>
      <trkpt lat="37.412567138671875" lon="129.10879611968994">
        <ele>34.600000000000001</ele>
      </trkpt>
      <trkpt lat="37.412395477294922" lon="129.10806655883789">
        <ele>32.299999999999997</ele>
      </trkpt>
      <trkpt lat="37.412052154541016" lon="129.10733699798584">
        <ele>27.100000000000001</ele>
      </trkpt>
      <trkpt lat="37.409090995788574" lon="129.10270214080811">
        <ele>31.899999999999999</ele>
      </trkpt>
      <trkpt lat="37.408447265625" lon="129.10261631011963">
        <ele>37.600000000000001</ele>
      </trkpt>
      <trkpt lat="37.408103942871094" lon="129.10295963287354">
        <ele>50.899999999999999</ele>
      </trkpt>
      <trkpt lat="37.407975196838379" lon="129.10321712493896">
        <ele>57.799999999999997</ele>
      </trkpt>
      <trkpt lat="37.407717704772949" lon="129.10489082336426">
        <ele>55.299999999999997</ele>
      </trkpt>
      <trkpt lat="37.407717704772949" lon="129.10665035247803">
        <ele>60.399999999999999</ele>
      </trkpt>
      <trkpt lat="37.407546043395996" lon="129.10712242126465">
        <ele>64.299999999999997</ele>
      </trkpt>
      <trkpt lat="37.406988143920898" lon="129.10793781280518">
        <ele>79</ele>
      </trkpt>
      <trkpt lat="37.406730651855469" lon="129.10883903503418">
        <ele>85.299999999999997</ele>
      </trkpt>
      <trkpt lat="37.405786514282227" lon="129.10905361175537">
        <ele>72.599999999999994</ele>
      </trkpt>
      <trkpt lat="37.403812408447266" lon="129.10913944244385">
        <ele>65.700000000000003</ele>
      </trkpt>
      <trkpt lat="37.401924133300781" lon="129.10952568054199">
        <ele>55.399999999999999</ele>
      </trkpt>
      <trkpt lat="37.40119457244873" lon="129.10926818847656">
        <ele>48.700000000000003</ele>
      </trkpt>
      <trkpt lat="37.400937080383301" lon="129.1087532043457">
        <ele>46.200000000000003</ele>
      </trkpt>
      <trkpt lat="37.400979995727539" lon="129.1084098815918">
        <ele>48.399999999999999</ele>
      </trkpt>
      <trkpt lat="37.401623725891113" lon="129.10755157470703">
        <ele>55.700000000000003</ele>
      </trkpt>
      <trkpt lat="37.401537895202637" lon="129.10669326782227">
        <ele>41.799999999999997</ele>
      </trkpt>
      <trkpt lat="37.39870548248291" lon="129.10433292388916">
        <ele>39.100000000000001</ele>
      </trkpt>
      <trkpt lat="37.397332191467285" lon="129.10338878631592">
        <ele>41.299999999999997</ele>
      </trkpt>
      <trkpt lat="37.395572662353516" lon="129.10154342651367">
        <ele>49.100000000000001</ele>
      </trkpt>
      <trkpt lat="37.39497184753418" lon="129.10141468048096">
        <ele>48.399999999999999</ele>
      </trkpt>
      <trkpt lat="37.392611503601074" lon="129.10231590270996">
        <ele>43.100000000000001</ele>
      </trkpt>
      <trkpt lat="37.390766143798828" lon="129.10253047943115">
        <ele>47.299999999999997</ele>
      </trkpt>
      <trkpt lat="37.389907836914062" lon="129.10300254821777">
        <ele>49</ele>
      </trkpt>
      <trkpt lat="37.387633323669434" lon="129.10334587097168">
        <ele>44</ele>
      </trkpt>
      <trkpt lat="37.386817932128906" lon="129.1029167175293">
        <ele>50.5</ele>
      </trkpt>
      <trkpt lat="37.385830879211426" lon="129.10201549530029">
        <ele>69.900000000000006</ele>
      </trkpt>
      <trkpt lat="37.385573387145996" lon="129.10158634185791">
        <ele>69.099999999999994</ele>
      </trkpt>
      <trkpt lat="37.385444641113281" lon="129.10128593444824">
        <ele>65.200000000000003</ele>
      </trkpt>
      <trkpt lat="37.385358810424805" lon="129.10059928894043">
        <ele>61.600000000000001</ele>
      </trkpt>
      <trkpt lat="37.385530471801758" lon="129.09896850585937">
        <ele>70.299999999999997</ele>
      </trkpt>
      <trkpt lat="37.385444641113281" lon="129.09845352172852">
        <ele>69.400000000000006</ele>
      </trkpt>
      <trkpt lat="37.385187149047852" lon="129.09806728363037">
        <ele>64.400000000000006</ele>
      </trkpt>
      <trkpt lat="37.384800910949707" lon="129.09789562225342">
        <ele>56.5</ele>
      </trkpt>
      <trkpt lat="37.381410598754883" lon="129.09772396087646">
        <ele>55.100000000000001</ele>
      </trkpt>
      <trkpt lat="37.380123138427734" lon="129.09716606140137">
        <ele>56</ele>
      </trkpt>
      <trkpt lat="37.377676963806152" lon="129.09828186035156">
        <ele>67.900000000000006</ele>
      </trkpt>
      <trkpt lat="37.377376556396484" lon="129.09823894500732">
        <ele>70.200000000000003</ele>
      </trkpt>
      <trkpt lat="37.377076148986816" lon="129.09802436828613">
        <ele>70.700000000000003</ele>
      </trkpt>
      <trkpt lat="37.376689910888672" lon="129.09750938415527">
        <ele>67.900000000000006</ele>
      </trkpt>
      <trkpt lat="37.376346588134766" lon="129.09733772277832">
        <ele>70.900000000000006</ele>
      </trkpt>
      <trkpt lat="37.371582984924316" lon="129.09609317779541">
        <ele>62</ele>
      </trkpt>
      <trkpt lat="37.370681762695313" lon="129.09532070159912">
        <ele>61.100000000000001</ele>
      </trkpt>
      <trkpt lat="37.370209693908691" lon="129.09450531005859">
        <ele>60.799999999999997</ele>
      </trkpt>
      <trkpt lat="37.3699951171875" lon="129.09343242645264">
        <ele>66.599999999999994</ele>
      </trkpt>
      <trkpt lat="37.3699951171875" lon="129.09244537353516">
        <ele>75.200000000000003</ele>
      </trkpt>
      <trkpt lat="37.369909286499023" lon="129.09167289733887">
        <ele>78</ele>
      </trkpt>
      <trkpt lat="37.369523048400879" lon="129.09102916717529">
        <ele>77.400000000000006</ele>
      </trkpt>
      <trkpt lat="37.368192672729492" lon="129.090256690979">
        <ele>68.700000000000003</ele>
      </trkpt>
      <trkpt lat="37.366905212402344" lon="129.09012794494629">
        <ele>67.400000000000006</ele>
      </trkpt>
      <trkpt lat="37.366132736206055" lon="129.09034252166748">
        <ele>76.599999999999994</ele>
      </trkpt>
      <trkpt lat="37.364587783813477" lon="129.09098625183105">
        <ele>74.400000000000006</ele>
      </trkpt>
      <trkpt lat="37.363343238830566" lon="129.09077167510986">
        <ele>73.400000000000006</ele>
      </trkpt>
      <trkpt lat="37.362313270568848" lon="129.09004211425781">
        <ele>73.5</ele>
      </trkpt>
      <trkpt lat="37.361969947814941" lon="129.08961296081543">
        <ele>75.799999999999997</ele>
      </trkpt>
      <trkpt lat="37.36175537109375" lon="129.08888339996338">
        <ele>79.5</ele>
      </trkpt>
      <trkpt lat="37.360382080078125" lon="129.08751010894775">
        <ele>79.799999999999997</ele>
      </trkpt>
      <trkpt lat="37.360038757324219" lon="129.08699512481689">
        <ele>83</ele>
      </trkpt>
      <trkpt lat="37.359867095947266" lon="129.08630847930908">
        <ele>80</ele>
      </trkpt>
      <trkpt lat="37.359695434570313" lon="129.0858793258667">
        <ele>75.299999999999997</ele>
      </trkpt>
      <trkpt lat="37.359094619750977" lon="129.08536434173584">
        <ele>73.5</ele>
      </trkpt>
      <trkpt lat="37.358536720275879" lon="129.08527851104736">
        <ele>80</ele>
      </trkpt>
      <trkpt lat="37.357935905456543" lon="129.08557891845703">
        <ele>92.299999999999997</ele>
      </trkpt>
      <trkpt lat="37.357592582702637" lon="129.08605098724365">
        <ele>93.900000000000006</ele>
      </trkpt>
      <trkpt lat="37.356605529785156" lon="129.08781051635742">
        <ele>86</ele>
      </trkpt>
      <trkpt lat="37.356390953063965" lon="129.08806800842285">
        <ele>82.299999999999997</ele>
      </trkpt>
      <trkpt lat="37.355575561523438" lon="129.08819675445557">
        <ele>80.5</ele>
      </trkpt>
      <trkpt lat="37.355318069458008" lon="129.08802509307861">
        <ele>80.5</ele>
      </trkpt>
      <trkpt lat="37.351412773132324" lon="129.08343315124512">
        <ele>95.5</ele>
      </trkpt>
      <trkpt lat="37.350854873657227" lon="129.0829610824585">
        <ele>100</ele>
      </trkpt>
      <trkpt lat="37.348923683166504" lon="129.08163070678711">
        <ele>96.099999999999994</ele>
      </trkpt>
      <trkpt lat="37.348322868347168" lon="129.08141613006592">
        <ele>103.40000000000001</ele>
      </trkpt>
      <trkpt lat="37.347979545593262" lon="129.08150196075439">
        <ele>109</ele>
      </trkpt>
      <trkpt lat="37.347550392150879" lon="129.08171653747559">
        <ele>109.09999999999999</ele>
      </trkpt>
      <trkpt lat="37.345104217529297" lon="129.0838623046875">
        <ele>128.09999999999999</ele>
      </trkpt>
      <trkpt lat="37.344417572021484" lon="129.08420562744141">
        <ele>133.90000000000001</ele>
      </trkpt>
      <trkpt lat="37.344117164611816" lon="129.08390522003174">
        <ele>146.40000000000001</ele>
      </trkpt>
      <trkpt lat="37.343473434448242" lon="129.08171653747559">
        <ele>170.30000000000001</ele>
      </trkpt>
      <trkpt lat="37.343087196350098" lon="129.08107280731201">
        <ele>166.09999999999999</ele>
      </trkpt>
      <trkpt lat="37.340641021728516" lon="129.07999992370605">
        <ele>121.5</ele>
      </trkpt>
      <trkpt lat="37.339482307434082" lon="129.07901287078857">
        <ele>131.40000000000001</ele>
      </trkpt>
      <trkpt lat="37.338495254516602" lon="129.07888412475586">
        <ele>122.3</ele>
      </trkpt>
      <trkpt lat="37.337465286254883" lon="129.079270362854">
        <ele>114</ele>
      </trkpt>
      <trkpt lat="37.336091995239258" lon="129.08055782318115">
        <ele>110.2</ele>
      </trkpt>
      <trkpt lat="37.334890365600586" lon="129.08133029937744">
        <ele>118.59999999999999</ele>
      </trkpt>
      <trkpt lat="37.33403205871582" lon="129.08175945281982">
        <ele>117</ele>
      </trkpt>
      <trkpt lat="37.332487106323242" lon="129.08227443695068">
        <ele>114.2</ele>
      </trkpt>
      <trkpt lat="37.329568862915039" lon="129.08278942108154">
        <ele>124.09999999999999</ele>
      </trkpt>
      <trkpt lat="37.327466011047363" lon="129.08248901367187">
        <ele>117.09999999999999</ele>
      </trkpt>
      <trkpt lat="37.32630729675293" lon="129.08188819885254">
        <ele>124.40000000000001</ele>
      </trkpt>
      <trkpt lat="37.323517799377441" lon="129.08047199249268">
        <ele>121.40000000000001</ele>
      </trkpt>
      <trkpt lat="37.323174476623535" lon="129.08017158508301">
        <ele>120.40000000000001</ele>
      </trkpt>
      <trkpt lat="37.322831153869629" lon="129.07952785491943">
        <ele>121.90000000000001</ele>
      </trkpt>
      <trkpt lat="37.32231616973877" lon="129.07789707183838">
        <ele>133.59999999999999</ele>
      </trkpt>
      <trkpt lat="37.321586608886719" lon="129.07613754272461">
        <ele>120.8</ele>
      </trkpt>
      <trkpt lat="37.320384979248047" lon="129.07394886016846">
        <ele>122.8</ele>
      </trkpt>
      <trkpt lat="37.319526672363281" lon="129.07300472259521">
        <ele>133.09999999999999</ele>
      </trkpt>
      <trkpt lat="37.318282127380371" lon="129.07253265380859">
        <ele>133</ele>
      </trkpt>
      <trkpt lat="37.316479682922363" lon="129.07218933105469">
        <ele>144.80000000000001</ele>
      </trkpt>
      <trkpt lat="37.315106391906738" lon="129.07180309295654">
        <ele>149.59999999999999</ele>
      </trkpt>
      <trkpt lat="37.311458587646484" lon="129.07115936279297">
        <ele>135.40000000000001</ele>
      </trkpt>
      <trkpt lat="37.310729026794434" lon="129.07124519348145">
        <ele>133.09999999999999</ele>
      </trkpt>
      <trkpt lat="37.309012413024902" lon="129.07193183898926">
        <ele>122.3</ele>
      </trkpt>
      <trkpt lat="37.307682037353516" lon="129.07218933105469">
        <ele>129</ele>
      </trkpt>
      <trkpt lat="37.305793762207031" lon="129.07188892364502">
        <ele>135.69999999999999</ele>
      </trkpt>
      <trkpt lat="37.303476333618164" lon="129.07098770141602">
        <ele>131.40000000000001</ele>
      </trkpt>
      <trkpt lat="37.30283260345459" lon="129.07090187072754">
        <ele>131.19999999999999</ele>
      </trkpt>
      <trkpt lat="37.302360534667969" lon="129.07103061676025">
        <ele>131.5</ele>
      </trkpt>
      <trkpt lat="37.299313545227051" lon="129.07291889190674">
        <ele>141.19999999999999</ele>
      </trkpt>
      <trkpt lat="37.299056053161621" lon="129.07317638397217">
        <ele>142.5</ele>
      </trkpt>
      <trkpt lat="37.298927307128906" lon="129.07351970672607">
        <ele>147</ele>
      </trkpt>
      <trkpt lat="37.298498153686523" lon="129.07386302947998">
        <ele>146.19999999999999</ele>
      </trkpt>
      <trkpt lat="37.297296524047852" lon="129.07454967498779">
        <ele>149.5</ele>
      </trkpt>
      <trkpt lat="37.296695709228516" lon="129.07463550567627">
        <ele>149.80000000000001</ele>
      </trkpt>
      <trkpt lat="37.296009063720703" lon="129.07429218292236">
        <ele>152</ele>
      </trkpt>
      <trkpt lat="37.295494079589844" lon="129.07356262207031">
        <ele>162</ele>
      </trkpt>
      <trkpt lat="37.295236587524414" lon="129.07201766967773">
        <ele>168.19999999999999</ele>
      </trkpt>
      <trkpt lat="37.295494079589844" lon="129.06991481781006">
        <ele>168.19999999999999</ele>
      </trkpt>
      <trkpt lat="37.295494079589844" lon="129.06918525695801">
        <ele>165.80000000000001</ele>
      </trkpt>
      <trkpt lat="37.295150756835938" lon="129.06819820404053">
        <ele>164.5</ele>
      </trkpt>
      <trkpt lat="37.294549942016602" lon="129.06755447387695">
        <ele>161.69999999999999</ele>
      </trkpt>
      <trkpt lat="37.293863296508789" lon="129.06729698181152">
        <ele>162.69999999999999</ele>
      </trkpt>
      <trkpt lat="37.293562889099121" lon="129.06721115112305">
        <ele>160.90000000000001</ele>
      </trkpt>
      <trkpt lat="37.292747497558594" lon="129.06721115112305">
        <ele>157.19999999999999</ele>
      </trkpt>
      <trkpt lat="37.291374206542969" lon="129.06811237335205">
        <ele>163.19999999999999</ele>
      </trkpt>
      <trkpt lat="37.289614677429199" lon="129.06957149505615">
        <ele>161.5</ele>
      </trkpt>
      <trkpt lat="37.287940979003906" lon="129.07021522521973">
        <ele>179.69999999999999</ele>
      </trkpt>
      <trkpt lat="37.287297248840332" lon="129.07017230987549">
        <ele>178.69999999999999</ele>
      </trkpt>
      <trkpt lat="37.286396026611328" lon="129.06982898712158">
        <ele>182.59999999999999</ele>
      </trkpt>
      <trkpt lat="37.285966873168945" lon="129.06948566436768">
        <ele>181.30000000000001</ele>
      </trkpt>
      <trkpt lat="37.285537719726563" lon="129.06901359558105">
        <ele>172.80000000000001</ele>
      </trkpt>
      <trkpt lat="37.284164428710938" lon="129.06708240509033">
        <ele>176.09999999999999</ele>
      </trkpt>
      <trkpt lat="37.283906936645508" lon="129.066481590271">
        <ele>178.90000000000001</ele>
      </trkpt>
      <trkpt lat="37.283391952514648" lon="129.06459331512451">
        <ele>171.40000000000001</ele>
      </trkpt>
      <trkpt lat="37.282834053039551" lon="129.06377792358398">
        <ele>175.09999999999999</ele>
      </trkpt>
      <trkpt lat="37.282533645629883" lon="129.06347751617432">
        <ele>173.90000000000001</ele>
      </trkpt>
      <trkpt lat="37.2821044921875" lon="129.0633487701416">
        <ele>172.69999999999999</ele>
      </trkpt>
      <trkpt lat="37.281503677368164" lon="129.06352043151855">
        <ele>174.40000000000001</ele>
      </trkpt>
      <trkpt lat="37.280817031860352" lon="129.06403541564941">
        <ele>170.69999999999999</ele>
      </trkpt>
      <trkpt lat="37.279658317565918" lon="129.06412124633789">
        <ele>168.40000000000001</ele>
      </trkpt>
      <trkpt lat="37.279014587402344" lon="129.06450748443604">
        <ele>172.5</ele>
      </trkpt>
      <trkpt lat="37.27837085723877" lon="129.06459331512451">
        <ele>181.30000000000001</ele>
      </trkpt>
      <trkpt lat="37.277469635009766" lon="129.06450748443604">
        <ele>177.19999999999999</ele>
      </trkpt>
      <trkpt lat="37.275581359863281" lon="129.06609535217285">
        <ele>192.80000000000001</ele>
      </trkpt>
      <trkpt lat="37.274594306945801" lon="129.066481590271">
        <ele>191</ele>
      </trkpt>
      <trkpt lat="37.273263931274414" lon="129.06665325164795">
        <ele>184.80000000000001</ele>
      </trkpt>
      <trkpt lat="37.272062301635742" lon="129.06639575958252">
        <ele>196.19999999999999</ele>
      </trkpt>
      <trkpt lat="37.270474433898926" lon="129.06506538391113">
        <ele>188.59999999999999</ele>
      </trkpt>
      <trkpt lat="37.268800735473633" lon="129.06433582305908">
        <ele>197.69999999999999</ele>
      </trkpt>
      <trkpt lat="37.265110015869141" lon="129.06231880187988">
        <ele>195.90000000000001</ele>
      </trkpt>
      <trkpt lat="37.264080047607422" lon="129.06137466430664">
        <ele>189</ele>
      </trkpt>
      <trkpt lat="37.262492179870605" lon="129.06051635742187">
        <ele>191.5</ele>
      </trkpt>
      <trkpt lat="37.258543968200684" lon="129.05927181243896">
        <ele>203.40000000000001</ele>
      </trkpt>
      <trkpt lat="37.258028984069824" lon="129.05914306640625">
        <ele>203.59999999999999</ele>
      </trkpt>
      <trkpt lat="37.256612777709961" lon="129.05845642089844">
        <ele>200.30000000000001</ele>
      </trkpt>
      <trkpt lat="37.25339412689209" lon="129.0558385848999">
        <ele>202.59999999999999</ele>
      </trkpt>
      <trkpt lat="37.251806259155273" lon="129.05352115631104">
        <ele>213.90000000000001</ele>
      </trkpt>
      <trkpt lat="37.251420021057129" lon="129.05227661132812">
        <ele>220.59999999999999</ele>
      </trkpt>
      <trkpt lat="37.251033782958984" lon="129.05150413513184">
        <ele>219.5</ele>
      </trkpt>
      <trkpt lat="37.25013256072998" lon="129.05038833618164">
        <ele>219.5</ele>
      </trkpt>
      <trkpt lat="37.248973846435547" lon="129.04957294464111">
        <ele>215.90000000000001</ele>
      </trkpt>
      <trkpt lat="37.248330116271973" lon="129.04884338378906">
        <ele>216.90000000000001</ele>
      </trkpt>
      <trkpt lat="37.246999740600586" lon="129.04828548431396">
        <ele>228.30000000000001</ele>
      </trkpt>
      <trkpt lat="37.245883941650391" lon="129.04880046844482">
        <ele>224.40000000000001</ele>
      </trkpt>
      <trkpt lat="37.24515438079834" lon="129.04862880706787">
        <ele>223.09999999999999</ele>
      </trkpt>
      <trkpt lat="37.24390983581543" lon="129.04777050018311">
        <ele>227</ele>
      </trkpt>
      <trkpt lat="37.242922782897949" lon="129.04626846313477">
        <ele>234.80000000000001</ele>
      </trkpt>
      <trkpt lat="37.24215030670166" lon="129.04553890228271">
        <ele>234.09999999999999</ele>
      </trkpt>
      <trkpt lat="37.238502502441406" lon="129.04365062713623">
        <ele>250.69999999999999</ele>
      </trkpt>
      <trkpt lat="37.236270904541016" lon="129.04335021972656">
        <ele>241.5</ele>
      </trkpt>
      <trkpt lat="37.235541343688965" lon="129.04304981231689">
        <ele>244</ele>
      </trkpt>
      <trkpt lat="37.234683036804199" lon="129.04236316680908">
        <ele>247.5</ele>
      </trkpt>
      <trkpt lat="37.232193946838379" lon="129.04171943664551">
        <ele>253.09999999999999</ele>
      </trkpt>
      <trkpt lat="37.230992317199707" lon="129.04171943664551">
        <ele>251.30000000000001</ele>
      </trkpt>
      <trkpt lat="37.229790687561035" lon="129.04120445251465">
        <ele>264.19999999999999</ele>
      </trkpt>
      <trkpt lat="37.229232788085938" lon="129.04094696044922">
        <ele>266</ele>
      </trkpt>
      <trkpt lat="37.22867488861084" lon="129.04090404510498">
        <ele>263.60000000000002</ele>
      </trkpt>
      <trkpt lat="37.225112915039062" lon="129.04159069061279">
        <ele>258.10000000000002</ele>
      </trkpt>
      <trkpt lat="37.224297523498535" lon="129.04154777526855">
        <ele>260.80000000000001</ele>
      </trkpt>
      <trkpt lat="37.223482131958008" lon="129.04124736785889">
        <ele>262.5</ele>
      </trkpt>
      <trkpt lat="37.222409248352051" lon="129.0404748916626">
        <ele>274.19999999999999</ele>
      </trkpt>
      <trkpt lat="37.219963073730469" lon="129.04038906097412">
        <ele>284.69999999999999</ele>
      </trkpt>
      <trkpt lat="37.219018936157227" lon="129.04013156890869">
        <ele>284.80000000000001</ele>
      </trkpt>
      <trkpt lat="37.217774391174316" lon="129.03948783874512">
        <ele>281.39999999999998</ele>
      </trkpt>
      <trkpt lat="37.216658592224121" lon="129.03918743133545">
        <ele>268.10000000000002</ele>
      </trkpt>
      <trkpt lat="37.215671539306641" lon="129.03862953186035">
        <ele>275.60000000000002</ele>
      </trkpt>
      <trkpt lat="37.213525772094727" lon="129.03704166412354">
        <ele>301.60000000000002</ele>
      </trkpt>
      <trkpt lat="37.213139533996582" lon="129.03712749481201">
        <ele>298</ele>
      </trkpt>
      <trkpt lat="37.212324142456055" lon="129.03768539428711">
        <ele>287.10000000000002</ele>
      </trkpt>
      <trkpt lat="37.211594581604004" lon="129.03725624084473">
        <ele>299.60000000000002</ele>
      </trkpt>
      <trkpt lat="37.211165428161621" lon="129.03738498687744">
        <ele>300.10000000000002</ele>
      </trkpt>
      <trkpt lat="37.210350036621094" lon="129.03785705566406">
        <ele>299.19999999999999</ele>
      </trkpt>
      <trkpt lat="37.209963798522949" lon="129.03764247894287">
        <ele>299.10000000000002</ele>
      </trkpt>
      <trkpt lat="37.20970630645752" lon="129.03708457946777">
        <ele>309.80000000000001</ele>
      </trkpt>
      <trkpt lat="37.209405899047852" lon="129.03687000274658">
        <ele>312.5</ele>
      </trkpt>
      <trkpt lat="37.208847999572754" lon="129.03695583343506">
        <ele>310.60000000000002</ele>
      </trkpt>
      <trkpt lat="37.208504676818848" lon="129.03751373291016">
        <ele>298.19999999999999</ele>
      </trkpt>
      <trkpt lat="37.207474708557129" lon="129.03764247894287">
        <ele>308.30000000000001</ele>
      </trkpt>
      <trkpt lat="37.20695972442627" lon="129.03802871704102">
        <ele>305.39999999999998</ele>
      </trkpt>
      <trkpt lat="37.205972671508789" lon="129.03768539428711">
        <ele>314</ele>
      </trkpt>
      <trkpt lat="37.204470634460449" lon="129.03794288635254">
        <ele>315.5</ele>
      </trkpt>
      <trkpt lat="37.203783988952637" lon="129.03785705566406">
        <ele>319.5</ele>
      </trkpt>
      <trkpt lat="37.20344066619873" lon="129.03772830963135">
        <ele>320.80000000000001</ele>
      </trkpt>
      <trkpt lat="37.203011512756348" lon="129.03721332550049">
        <ele>323.69999999999999</ele>
      </trkpt>
      <trkpt lat="37.202153205871582" lon="129.03541088104248">
        <ele>342.10000000000002</ele>
      </trkpt>
      <trkpt lat="37.199878692626953" lon="129.03493881225586">
        <ele>331.19999999999999</ele>
      </trkpt>
      <trkpt lat="37.199492454528809" lon="129.0338659286499">
        <ele>341</ele>
      </trkpt>
      <trkpt lat="37.199320793151855" lon="129.03369426727295">
        <ele>343.69999999999999</ele>
      </trkpt>
      <trkpt lat="37.198119163513184" lon="129.03335094451904">
        <ele>350.19999999999999</ele>
      </trkpt>
      <trkpt lat="37.197818756103516" lon="129.03313636779785">
        <ele>351.19999999999999</ele>
      </trkpt>
      <trkpt lat="37.197475433349609" lon="129.03257846832275">
        <ele>362</ele>
      </trkpt>
      <trkpt lat="37.196745872497559" lon="129.03210639953613">
        <ele>363.80000000000001</ele>
      </trkpt>
      <trkpt lat="37.196359634399414" lon="129.03202056884766">
        <ele>371.60000000000002</ele>
      </trkpt>
      <trkpt lat="37.19597339630127" lon="129.03227806091309">
        <ele>376.60000000000002</ele>
      </trkpt>
      <trkpt lat="37.195544242858887" lon="129.03313636779785">
        <ele>383</ele>
      </trkpt>
      <trkpt lat="37.194943428039551" lon="129.03446674346924">
        <ele>384.10000000000002</ele>
      </trkpt>
      <trkpt lat="37.194128036499023" lon="129.03408050537109">
        <ele>396.60000000000002</ele>
      </trkpt>
      <trkpt lat="37.193784713745117" lon="129.03365135192871">
        <ele>404.69999999999999</ele>
      </trkpt>
      <trkpt lat="37.192668914794922" lon="129.03347969055176">
        <ele>414</ele>
      </trkpt>
      <trkpt lat="37.192111015319824" lon="129.0329647064209">
        <ele>425.5</ele>
      </trkpt>
      <trkpt lat="37.191939353942871" lon="129.0329647064209">
        <ele>426.10000000000002</ele>
      </trkpt>
      <trkpt lat="37.191596031188965" lon="129.03326511383057">
        <ele>422.19999999999999</ele>
      </trkpt>
      <trkpt lat="37.19146728515625" lon="129.03317928314209">
        <ele>425.39999999999998</ele>
      </trkpt>
      <trkpt lat="37.191510200500488" lon="129.0329647064209">
        <ele>429</ele>
      </trkpt>
      <trkpt lat="37.191939353942871" lon="129.03249263763428">
        <ele>434.89999999999998</ele>
      </trkpt>
      <trkpt lat="37.192754745483398" lon="129.03197765350342">
        <ele>438.69999999999999</ele>
      </trkpt>
      <trkpt lat="37.193055152893066" lon="129.03111934661865">
        <ele>448</ele>
      </trkpt>
      <trkpt lat="37.193655967712402" lon="129.0303897857666">
        <ele>449.60000000000002</ele>
      </trkpt>
      <trkpt lat="37.193698883056641" lon="129.02987480163574">
        <ele>457</ele>
      </trkpt>
      <trkpt lat="37.1942138671875" lon="129.02927398681641">
        <ele>451.5</ele>
      </trkpt>
      <trkpt lat="37.1942138671875" lon="129.02888774871826">
        <ele>455.10000000000002</ele>
      </trkpt>
      <trkpt lat="37.19395637512207" lon="129.02863025665283">
        <ele>464.19999999999999</ele>
      </trkpt>
      <trkpt lat="37.193441390991211" lon="129.02867317199707">
        <ele>477</ele>
      </trkpt>
      <trkpt lat="37.193312644958496" lon="129.0289306640625">
        <ele>479.30000000000001</ele>
      </trkpt>
      <trkpt lat="37.193183898925781" lon="129.02944564819336">
        <ele>476.69999999999999</ele>
      </trkpt>
      <trkpt lat="37.192926406860352" lon="129.02978897094727">
        <ele>476.10000000000002</ele>
      </trkpt>
      <trkpt lat="37.192497253417969" lon="129.0298318862915">
        <ele>482.89999999999998</ele>
      </trkpt>
      <trkpt lat="37.19048023223877" lon="129.0303897857666">
        <ele>495.39999999999998</ele>
      </trkpt>
      <trkpt lat="37.190093994140625" lon="129.0303897857666">
        <ele>500.5</ele>
      </trkpt>
      <trkpt lat="37.189321517944336" lon="129.03090476989746">
        <ele>505.19999999999999</ele>
      </trkpt>
      <trkpt lat="37.188720703125" lon="129.03099060058594">
        <ele>515</ele>
      </trkpt>
      <trkpt lat="37.188549041748047" lon="129.03111934661865">
        <ele>516.70000000000005</ele>
      </trkpt>
      <trkpt lat="37.188334465026855" lon="129.03167724609375">
        <ele>517.79999999999995</ele>
      </trkpt>
      <trkpt lat="37.188291549682617" lon="129.03227806091309">
        <ele>508.30000000000001</ele>
      </trkpt>
      <trkpt lat="37.188076972961426" lon="129.03244972229004">
        <ele>507.60000000000002</ele>
      </trkpt>
      <trkpt lat="37.18721866607666" lon="129.03193473815918">
        <ele>530.60000000000002</ele>
      </trkpt>
      <trkpt lat="37.186317443847656" lon="129.03154850006104">
        <ele>536.89999999999998</ele>
      </trkpt>
      <trkpt lat="37.185373306274414" lon="129.03043270111084">
        <ele>563.20000000000005</ele>
      </trkpt>
      <trkpt lat="37.184514999389648" lon="129.03043270111084">
        <ele>564.29999999999995</ele>
      </trkpt>
      <trkpt lat="37.183871269226074" lon="129.03021812438965">
        <ele>577.89999999999998</ele>
      </trkpt>
      <trkpt lat="37.183270454406738" lon="129.03176307678223">
        <ele>577.5</ele>
      </trkpt>
      <trkpt lat="37.18297004699707" lon="129.03189182281494">
        <ele>579.20000000000005</ele>
      </trkpt>
      <trkpt lat="37.182626724243164" lon="129.03176307678223">
        <ele>586.60000000000002</ele>
      </trkpt>
      <trkpt lat="37.181854248046875" lon="129.03172016143799">
        <ele>597.39999999999998</ele>
      </trkpt>
      <trkpt lat="37.181553840637207" lon="129.03189182281494">
        <ele>599.89999999999998</ele>
      </trkpt>
      <trkpt lat="37.181081771850586" lon="129.03253555297852">
        <ele>599.89999999999998</ele>
      </trkpt>
      <trkpt lat="37.180652618408203" lon="129.03257846832275">
        <ele>609.60000000000002</ele>
      </trkpt>
      <trkpt lat="37.179965972900391" lon="129.03253555297852">
        <ele>619.29999999999995</ele>
      </trkpt>
      <trkpt lat="37.179751396179199" lon="129.03257846832275">
        <ele>623.10000000000002</ele>
      </trkpt>
      <trkpt lat="37.179579734802246" lon="129.03275012969971">
        <ele>625.39999999999998</ele>
      </trkpt>
      <trkpt lat="37.179450988769531" lon="129.03412342071533">
        <ele>629</ele>
      </trkpt>
      <trkpt lat="37.17923641204834" lon="129.03455257415771">
        <ele>626.79999999999995</ele>
      </trkpt>
      <trkpt lat="37.177863121032715" lon="129.035325050354">
        <ele>643.39999999999998</ele>
      </trkpt>
      <trkpt lat="37.177562713623047" lon="129.03631210327148">
        <ele>637.89999999999998</ele>
      </trkpt>
      <trkpt lat="37.176876068115234" lon="129.0369987487793">
        <ele>651.29999999999995</ele>
      </trkpt>
      <trkpt lat="37.176661491394043" lon="129.03759956359863">
        <ele>650.89999999999998</ele>
      </trkpt>
      <trkpt lat="37.176146507263184" lon="129.03811454772949">
        <ele>659.70000000000005</ele>
      </trkpt>
      <trkpt lat="37.17498779296875" lon="129.04056072235107">
        <ele>666.79999999999995</ele>
      </trkpt>
      <trkpt lat="37.17400074005127" lon="129.04034614562988">
        <ele>681.39999999999998</ele>
      </trkpt>
      <trkpt lat="37.173528671264648" lon="129.04034614562988">
        <ele>683.89999999999998</ele>
      </trkpt>
      <trkpt lat="37.172026634216309" lon="129.03995990753174">
        <ele>691.70000000000005</ele>
      </trkpt>
      <trkpt lat="37.168593406677246" lon="129.03747081756592">
        <ele>688.60000000000002</ele>
      </trkpt>
      <trkpt lat="37.16799259185791" lon="129.03669834136963">
        <ele>681.39999999999998</ele>
      </trkpt>
      <trkpt lat="37.167844735085964" lon="129.03640313073993">
        <ele>678.89999999999998</ele>
      </trkpt>
      <trkpt lat="37.167838448658586" lon="129.03621688485146">
        <ele>677.39999999999998</ele>
      </trkpt>
      <trkpt lat="37.168071130290627" lon="129.03604614548385">
        <ele>676.29999999999995</ele>
      </trkpt>
      <trkpt lat="37.167605767026544" lon="129.03499069623649">
        <ele>673.89999999999998</ele>
      </trkpt>
      <trkpt lat="37.167027248069644" lon="129.0333997271955">
        <ele>672.20000000000005</ele>
      </trkpt>
      <trkpt lat="37.16700553894043" lon="129.03275012969971">
        <ele>674.89999999999998</ele>
      </trkpt>
      <trkpt lat="37.166662216186523" lon="129.03275012969971">
        <ele>671.39999999999998</ele>
      </trkpt>
      <trkpt lat="37.164430618286133" lon="129.03124809265137">
        <ele>667.10000000000002</ele>
      </trkpt>
      <trkpt lat="37.164130210876465" lon="129.03116226196289">
        <ele>665.79999999999995</ele>
      </trkpt>
      <trkpt lat="37.163529396057129" lon="129.03137683868408">
        <ele>666.20000000000005</ele>
      </trkpt>
      <trkpt lat="37.161383628845215" lon="129.03313636779785">
        <ele>661.20000000000005</ele>
      </trkpt>
      <trkpt lat="37.155075073242187" lon="129.03450965881348">
        <ele>644.79999999999995</ele>
      </trkpt>
      <trkpt lat="37.153573036193848" lon="129.03450965881348">
        <ele>643.5</ele>
      </trkpt>
      <trkpt lat="37.15125560760498" lon="129.03390884399414">
        <ele>641.20000000000005</ele>
      </trkpt>
      <trkpt lat="37.150440216064453" lon="129.03313636779785">
        <ele>638.70000000000005</ele>
      </trkpt>
      <trkpt lat="37.150096893310547" lon="129.03309345245361">
        <ele>635.5</ele>
      </trkpt>
      <trkpt lat="37.146062850952148" lon="129.03365135192871">
        <ele>638.89999999999998</ele>
      </trkpt>
      <trkpt lat="37.144217491149902" lon="129.03365135192871">
        <ele>630.5</ele>
      </trkpt>
      <trkpt lat="37.143230438232422" lon="129.03408050537109">
        <ele>627.29999999999995</ele>
      </trkpt>
      <trkpt lat="37.141385078430176" lon="129.03416633605957">
        <ele>627</ele>
      </trkpt>
      <trkpt lat="37.137222290039063" lon="129.03262138366699">
        <ele>624.60000000000002</ele>
      </trkpt>
      <trkpt lat="37.136492729187012" lon="129.03266429901123">
        <ele>626.89999999999998</ele>
      </trkpt>
      <trkpt lat="37.135891914367676" lon="129.03309345245361">
        <ele>626.5</ele>
      </trkpt>
      <trkpt lat="37.134003639221191" lon="129.03558254241943">
        <ele>633</ele>
      </trkpt>
      <trkpt lat="37.13202953338623" lon="129.03841495513916">
        <ele>621.20000000000005</ele>
      </trkpt>
      <trkpt lat="37.131128311157227" lon="129.0388011932373">
        <ele>620.39999999999998</ele>
      </trkpt>
      <trkpt lat="37.130398750305176" lon="129.03888702392578">
        <ele>617.39999999999998</ele>
      </trkpt>
      <trkpt lat="37.130012512207031" lon="129.03927326202393">
        <ele>615.5</ele>
      </trkpt>
      <trkpt lat="37.129840850830078" lon="129.04167652130127">
        <ele>614.89999999999998</ele>
      </trkpt>
      <trkpt lat="37.12928295135498" lon="129.04446601867676">
        <ele>610.60000000000002</ele>
      </trkpt>
      <trkpt lat="37.128639221191406" lon="129.04528141021729">
        <ele>609.89999999999998</ele>
      </trkpt>
      <trkpt lat="37.127995491027832" lon="129.04549598693848">
        <ele>609.79999999999995</ele>
      </trkpt>
      <trkpt lat="37.126879692077637" lon="129.04528141021729">
        <ele>608.70000000000005</ele>
      </trkpt>
      <trkpt lat="37.126193046569824" lon="129.04463768005371">
        <ele>608.60000000000002</ele>
      </trkpt>
      <trkpt lat="37.125678062438965" lon="129.04390811920166">
        <ele>607.79999999999995</ele>
      </trkpt>
      <trkpt lat="37.124648094177246" lon="129.04184818267822">
        <ele>608.5</ele>
      </trkpt>
      <trkpt lat="37.124476432800293" lon="129.04176235198975">
        <ele>607.89999999999998</ele>
      </trkpt>
      <trkpt lat="37.122287750244141" lon="129.04184818267822">
        <ele>604.60000000000002</ele>
      </trkpt>
      <trkpt lat="37.121729850769043" lon="129.04227733612061">
        <ele>603.39999999999998</ele>
      </trkpt>
      <trkpt lat="37.120270729064941" lon="129.04532432556152">
        <ele>604.70000000000005</ele>
      </trkpt>
      <trkpt lat="37.119369506835938" lon="129.04571056365967">
        <ele>604.60000000000002</ele>
      </trkpt>
      <trkpt lat="37.11829662322998" lon="129.04575347900391">
        <ele>605.20000000000005</ele>
      </trkpt>
      <trkpt lat="37.117824554443359" lon="129.04553890228271">
        <ele>602.89999999999998</ele>
      </trkpt>
      <trkpt lat="37.117438316345215" lon="129.04515266418457">
        <ele>601.20000000000005</ele>
      </trkpt>
      <trkpt lat="37.117137908935547" lon="129.04459476470947">
        <ele>602.60000000000002</ele>
      </trkpt>
      <trkpt lat="37.116966247558594" lon="129.04390811920166">
        <ele>601</ele>
      </trkpt>
      <trkpt lat="37.117009162902832" lon="129.04335021972656">
        <ele>603.39999999999998</ele>
      </trkpt>
      <trkpt lat="37.117094993591309" lon="129.04270648956299">
        <ele>602.5</ele>
      </trkpt>
      <trkpt lat="37.117781639099121" lon="129.04000282287598">
        <ele>587.39999999999998</ele>
      </trkpt>
      <trkpt lat="37.11756706237793" lon="129.03974533081055">
        <ele>586.20000000000005</ele>
      </trkpt>
      <trkpt lat="37.117438316345215" lon="129.03892993927002">
        <ele>588.10000000000002</ele>
      </trkpt>
      <trkpt lat="37.117009162902832" lon="129.03794288635254">
        <ele>588.10000000000002</ele>
      </trkpt>
      <trkpt lat="37.116622924804688" lon="129.03751373291016">
        <ele>585.79999999999995</ele>
      </trkpt>
      <trkpt lat="37.115850448608398" lon="129.03708457946777">
        <ele>584.10000000000002</ele>
      </trkpt>
      <trkpt lat="37.11482048034668" lon="129.03712749481201">
        <ele>585.20000000000005</ele>
      </trkpt>
      <trkpt lat="37.112503051757813" lon="129.03678417205811">
        <ele>580.79999999999995</ele>
      </trkpt>
      <trkpt lat="37.109928131103516" lon="129.03579711914062">
        <ele>574.70000000000005</ele>
      </trkpt>
      <trkpt lat="37.109713554382324" lon="129.03584003448486">
        <ele>574.70000000000005</ele>
      </trkpt>
      <trkpt lat="37.109284400939941" lon="129.03631210327148">
        <ele>576.89999999999998</ele>
      </trkpt>
      <trkpt lat="37.108511924743652" lon="129.03777122497559">
        <ele>588.89999999999998</ele>
      </trkpt>
      <trkpt lat="37.107396125793457" lon="129.03871536254883">
        <ele>581.70000000000005</ele>
      </trkpt>
      <trkpt lat="37.107181549072266" lon="129.03910160064697">
        <ele>583.70000000000005</ele>
      </trkpt>
      <trkpt lat="37.107009887695313" lon="129.03953075408936">
        <ele>581.39999999999998</ele>
      </trkpt>
      <trkpt lat="37.106838226318359" lon="129.04026031494141">
        <ele>578.79999999999995</ele>
      </trkpt>
      <trkpt lat="37.106924057006836" lon="129.04129028320312">
        <ele>583.60000000000002</ele>
      </trkpt>
      <trkpt lat="37.107396125793457" lon="129.04407978057861">
        <ele>580.5</ele>
      </trkpt>
      <trkpt lat="37.107224464416504" lon="129.0448522567749">
        <ele>584.39999999999998</ele>
      </trkpt>
      <trkpt lat="37.10658073425293" lon="129.04528141021729">
        <ele>580.70000000000005</ele>
      </trkpt>
      <trkpt lat="37.103018760681152" lon="129.04545307159424">
        <ele>569.29999999999995</ele>
      </trkpt>
      <trkpt lat="37.102203369140625" lon="129.04592514038086">
        <ele>566.70000000000005</ele>
      </trkpt>
      <trkpt lat="37.101173400878906" lon="129.04695510864258">
        <ele>560.79999999999995</ele>
      </trkpt>
      <trkpt lat="37.100443840026855" lon="129.04708385467529">
        <ele>565.10000000000002</ele>
      </trkpt>
      <trkpt lat="37.098298072814941" lon="129.04674053192139">
        <ele>547.29999999999995</ele>
      </trkpt>
      <trkpt lat="37.097482681274414" lon="129.04682636260986">
        <ele>549.39999999999998</ele>
      </trkpt>
      <trkpt lat="37.093191146850586" lon="129.04953002929687">
        <ele>546.20000000000005</ele>
      </trkpt>
      <trkpt lat="37.09284782409668" lon="129.04961585998535">
        <ele>542.79999999999995</ele>
      </trkpt>
      <trkpt lat="37.09233283996582" lon="129.04957294464111">
        <ele>542.20000000000005</ele>
      </trkpt>
      <trkpt lat="37.092032432556152" lon="129.04935836791992">
        <ele>541.29999999999995</ele>
      </trkpt>
      <trkpt lat="37.091860771179199" lon="129.04905796051025">
        <ele>537.70000000000005</ele>
      </trkpt>
      <trkpt lat="37.091817855834961" lon="129.04811382293701">
        <ele>540.70000000000005</ele>
      </trkpt>
      <trkpt lat="37.092032432556152" lon="129.04772758483887">
        <ele>545.70000000000005</ele>
      </trkpt>
      <trkpt lat="37.092890739440918" lon="129.04562473297119">
        <ele>541.60000000000002</ele>
      </trkpt>
      <trkpt lat="37.092933654785156" lon="129.04510974884033">
        <ele>542.60000000000002</ele>
      </trkpt>
      <trkpt lat="37.092761993408203" lon="129.04407978057861">
        <ele>538.20000000000005</ele>
      </trkpt>
      <trkpt lat="37.092118263244629" lon="129.04227733612061">
        <ele>536</ele>
      </trkpt>
      <trkpt lat="37.091646194458008" lon="129.04236316680908">
        <ele>532.39999999999998</ele>
      </trkpt>
      <trkpt lat="37.090315818786621" lon="129.04309272766113">
        <ele>525.60000000000002</ele>
      </trkpt>
      <trkpt lat="37.089200019836426" lon="129.04403686523438">
        <ele>524.70000000000005</ele>
      </trkpt>
      <trkpt lat="37.088041305541992" lon="129.0442943572998">
        <ele>529.79999999999995</ele>
      </trkpt>
      <trkpt lat="37.086882591247559" lon="129.04510974884033">
        <ele>544.10000000000002</ele>
      </trkpt>
      <trkpt lat="37.085037231445313" lon="129.04626846313477">
        <ele>528.79999999999995</ele>
      </trkpt>
      <trkpt lat="37.08284854888916" lon="129.04665470123291">
        <ele>525.70000000000005</ele>
      </trkpt>
      <trkpt lat="37.081947326660156" lon="129.04716968536377">
        <ele>531.60000000000002</ele>
      </trkpt>
      <trkpt lat="37.081646919250488" lon="129.04751300811768">
        <ele>529.70000000000005</ele>
      </trkpt>
      <trkpt lat="37.081003189086914" lon="129.04910087585449">
        <ele>531.10000000000002</ele>
      </trkpt>
      <trkpt lat="37.080874443054199" lon="129.0494441986084">
        <ele>530.20000000000005</ele>
      </trkpt>
      <trkpt lat="37.080960273742676" lon="129.05030250549316">
        <ele>536.79999999999995</ele>
      </trkpt>
      <trkpt lat="37.081389427185059" lon="129.05124664306641">
        <ele>541.79999999999995</ele>
      </trkpt>
      <trkpt lat="37.081475257873535" lon="129.05206203460693">
        <ele>535.29999999999995</ele>
      </trkpt>
      <trkpt lat="37.081003189086914" lon="129.05450820922852">
        <ele>531.10000000000002</ele>
      </trkpt>
      <trkpt lat="37.080831527709961" lon="129.05485153198242">
        <ele>521.10000000000002</ele>
      </trkpt>
      <trkpt lat="37.080531120300293" lon="129.05506610870361">
        <ele>519.79999999999995</ele>
      </trkpt>
      <trkpt lat="37.079758644104004" lon="129.05446529388428">
        <ele>529.89999999999998</ele>
      </trkpt>
      <trkpt lat="37.078986167907715" lon="129.05189037322998">
        <ele>537.79999999999995</ele>
      </trkpt>
      <trkpt lat="37.078342437744141" lon="129.05017375946045">
        <ele>539.79999999999995</ele>
      </trkpt>
      <trkpt lat="37.078042030334473" lon="129.04974460601807">
        <ele>552</ele>
      </trkpt>
      <trkpt lat="37.077012062072754" lon="129.04935836791992">
        <ele>538.39999999999998</ele>
      </trkpt>
      <trkpt lat="37.075810432434082" lon="129.04983043670654">
        <ele>538.20000000000005</ele>
      </trkpt>
      <trkpt lat="37.074565887451172" lon="129.05128955841064">
        <ele>540</ele>
      </trkpt>
      <trkpt lat="37.074007987976074" lon="129.05270576477051">
        <ele>526.70000000000005</ele>
      </trkpt>
      <trkpt lat="37.073149681091309" lon="129.0534782409668">
        <ele>525.29999999999995</ele>
      </trkpt>
      <trkpt lat="37.072505950927734" lon="129.05356407165527">
        <ele>531.60000000000002</ele>
      </trkpt>
      <trkpt lat="37.072076797485352" lon="129.05343532562256">
        <ele>528.20000000000005</ele>
      </trkpt>
      <trkpt lat="37.071647644042969" lon="129.05317783355713">
        <ele>528.39999999999998</ele>
      </trkpt>
      <trkpt lat="37.069330215454102" lon="129.0509033203125">
        <ele>522.39999999999998</ele>
      </trkpt>
      <trkpt lat="37.068386077880859" lon="129.05098915100098">
        <ele>519.89999999999998</ele>
      </trkpt>
      <trkpt lat="37.067956924438477" lon="129.05073165893555">
        <ele>516.39999999999998</ele>
      </trkpt>
      <trkpt lat="37.067742347717285" lon="129.05043125152588">
        <ele>514</ele>
      </trkpt>
      <trkpt lat="37.067356109619141" lon="129.04644012451172">
        <ele>520.89999999999998</ele>
      </trkpt>
      <trkpt lat="37.067012786865234" lon="129.0459680557251">
        <ele>520.79999999999995</ele>
      </trkpt>
      <trkpt lat="37.06538200378418" lon="129.04442310333252">
        <ele>517.39999999999998</ele>
      </trkpt>
      <trkpt lat="37.064480781555176" lon="129.04330730438232">
        <ele>503.69999999999999</ele>
      </trkpt>
      <trkpt lat="37.065768241882324" lon="129.04180526733398">
        <ele>522.39999999999998</ele>
      </trkpt>
      <trkpt lat="37.06611156463623" lon="129.04094696044922">
        <ele>532</ele>
      </trkpt>
      <trkpt lat="37.066068649291992" lon="129.04051780700684">
        <ele>530.60000000000002</ele>
      </trkpt>
      <trkpt lat="37.065725326538086" lon="129.04026031494141">
        <ele>526</ele>
      </trkpt>
      <trkpt lat="37.064695358276367" lon="129.04038906097412">
        <ele>521.20000000000005</ele>
      </trkpt>
      <trkpt lat="37.064480781555176" lon="129.04021739959717">
        <ele>519.20000000000005</ele>
      </trkpt>
      <trkpt lat="37.064824104309082" lon="129.03871536254883">
        <ele>534.60000000000002</ele>
      </trkpt>
      <trkpt lat="37.064995765686035" lon="129.03841495513916">
        <ele>534.20000000000005</ele>
      </trkpt>
      <trkpt lat="37.065639495849609" lon="129.03824329376221">
        <ele>537.10000000000002</ele>
      </trkpt>
      <trkpt lat="37.066841125488281" lon="129.03914451599121">
        <ele>524.70000000000005</ele>
      </trkpt>
      <trkpt lat="37.067141532897949" lon="129.03910160064697">
        <ele>526.10000000000002</ele>
      </trkpt>
      <trkpt lat="37.067270278930664" lon="129.03867244720459">
        <ele>529</ele>
      </trkpt>
      <trkpt lat="37.06636905670166" lon="129.03772830963135">
        <ele>533</ele>
      </trkpt>
      <trkpt lat="37.066283226013184" lon="129.03691291809082">
        <ele>540</ele>
      </trkpt>
      <trkpt lat="37.066240310668945" lon="129.03575420379639">
        <ele>545.20000000000005</ele>
      </trkpt>
      <trkpt lat="37.065553665161133" lon="129.03313636779785">
        <ele>541.10000000000002</ele>
      </trkpt>
      <trkpt lat="37.064309120178223" lon="129.03146266937256">
        <ele>547.20000000000005</ele>
      </trkpt>
      <trkpt lat="37.063064575195313" lon="129.03081893920898">
        <ele>545.79999999999995</ele>
      </trkpt>
      <trkpt lat="37.062678337097168" lon="129.03060436248779">
        <ele>540</ele>
      </trkpt>
      <trkpt lat="37.062249183654785" lon="129.03017520904541">
        <ele>542.70000000000005</ele>
      </trkpt>
      <trkpt lat="37.062163352966309" lon="129.02991771697998">
        <ele>543.89999999999998</ele>
      </trkpt>
      <trkpt lat="37.062206268310547" lon="129.02931690216064">
        <ele>546.10000000000002</ele>
      </trkpt>
      <trkpt lat="37.062549591064453" lon="129.02841567993164">
        <ele>549.89999999999998</ele>
      </trkpt>
      <trkpt lat="37.063236236572266" lon="129.02712821960449">
        <ele>561.70000000000005</ele>
      </trkpt>
      <trkpt lat="37.063322067260742" lon="129.02674198150635">
        <ele>559.70000000000005</ele>
      </trkpt>
      <trkpt lat="37.063064575195313" lon="129.02584075927734">
        <ele>552.60000000000002</ele>
      </trkpt>
      <trkpt lat="37.061991691589355" lon="129.02412414550781">
        <ele>553.29999999999995</ele>
      </trkpt>
      <trkpt lat="37.06212043762207" lon="129.02339458465576">
        <ele>553.89999999999998</ele>
      </trkpt>
      <trkpt lat="37.062463760375977" lon="129.02245044708252">
        <ele>550.20000000000005</ele>
      </trkpt>
      <trkpt lat="37.06212043762207" lon="129.02112007141113">
        <ele>567.29999999999995</ele>
      </trkpt>
      <trkpt lat="37.06263542175293" lon="129.02060508728027">
        <ele>567.10000000000002</ele>
      </trkpt>
      <trkpt lat="37.063708305358887" lon="129.01918888092041">
        <ele>583.10000000000002</ele>
      </trkpt>
      <trkpt lat="37.064266204833984" lon="129.0190601348877">
        <ele>572.89999999999998</ele>
      </trkpt>
      <trkpt lat="37.064909934997559" lon="129.01953220367432">
        <ele>563.39999999999998</ele>
      </trkpt>
      <trkpt lat="37.065253257751465" lon="129.01953220367432">
        <ele>564</ele>
      </trkpt>
      <trkpt lat="37.065339088439941" lon="129.01918888092041">
        <ele>559.29999999999995</ele>
      </trkpt>
      <trkpt lat="37.065210342407227" lon="129.0185022354126">
        <ele>565.70000000000005</ele>
      </trkpt>
      <trkpt lat="37.065210342407227" lon="129.01807308197021">
        <ele>566.70000000000005</ele>
      </trkpt>
      <trkpt lat="37.065081596374512" lon="129.01627063751221">
        <ele>567.20000000000005</ele>
      </trkpt>
      <trkpt lat="37.064352035522461" lon="129.01579856872559">
        <ele>563.89999999999998</ele>
      </trkpt>
      <trkpt lat="37.062678337097168" lon="129.01511192321777">
        <ele>569.60000000000002</ele>
      </trkpt>
      <trkpt lat="37.061948776245117" lon="129.01429653167725">
        <ele>586.89999999999998</ele>
      </trkpt>
      <trkpt lat="37.061734199523926" lon="129.01382446289062">
        <ele>589.89999999999998</ele>
      </trkpt>
      <trkpt lat="37.062249183654785" lon="129.01176452636719">
        <ele>583.5</ele>
      </trkpt>
      <trkpt lat="37.062420845031738" lon="129.01064872741699">
        <ele>577.29999999999995</ele>
      </trkpt>
      <trkpt lat="37.062420845031738" lon="129.0084171295166">
        <ele>577.10000000000002</ele>
      </trkpt>
      <trkpt lat="37.062206268310547" lon="129.00730133056641">
        <ele>585.10000000000002</ele>
      </trkpt>
      <trkpt lat="37.062077522277832" lon="129.00700092315674">
        <ele>584.79999999999995</ele>
      </trkpt>
      <trkpt lat="37.06087589263916" lon="129.00528430938721">
        <ele>580.79999999999995</ele>
      </trkpt>
      <trkpt lat="37.05838680267334" lon="129.00451183319092">
        <ele>587.39999999999998</ele>
      </trkpt>
      <trkpt lat="37.055940628051758" lon="129.00481224060059">
        <ele>602.5</ele>
      </trkpt>
      <trkpt lat="37.054953575134277" lon="129.00442600250244">
        <ele>613.20000000000005</ele>
      </trkpt>
      <trkpt lat="37.052850723266602" lon="129.00434017181396">
        <ele>607.5</ele>
      </trkpt>
      <trkpt lat="37.052421569824219" lon="129.00412559509277">
        <ele>606.60000000000002</ele>
      </trkpt>
      <trkpt lat="37.049460411071777" lon="129.00193691253662">
        <ele>622.70000000000005</ele>
      </trkpt>
      <trkpt lat="37.047700881958008" lon="129.00009155273437">
        <ele>636.60000000000002</ele>
      </trkpt>
      <trkpt lat="37.04714298248291" lon="128.99923324584961">
        <ele>649.89999999999998</ele>
      </trkpt>
      <trkpt lat="37.04564094543457" lon="128.99863243103027">
        <ele>663.29999999999995</ele>
      </trkpt>
      <trkpt lat="37.04465389251709" lon="128.99841785430908">
        <ele>665.20000000000005</ele>
      </trkpt>
      <trkpt lat="37.044310569763184" lon="128.99816036224365">
        <ele>665.5</ele>
      </trkpt>
      <trkpt lat="37.043709754943848" lon="128.9979887008667">
        <ele>661.70000000000005</ele>
      </trkpt>
      <trkpt lat="37.04289436340332" lon="128.99657249450684">
        <ele>678</ele>
      </trkpt>
      <trkpt lat="37.042765617370605" lon="128.9965295791626">
        <ele>678.60000000000002</ele>
      </trkpt>
      <trkpt lat="37.042679786682129" lon="128.99691581726074">
        <ele>672.39999999999998</ele>
      </trkpt>
      <trkpt lat="37.042465209960938" lon="128.99700164794922">
        <ele>670.79999999999995</ele>
      </trkpt>
      <trkpt lat="37.041864395141602" lon="128.99618625640869">
        <ele>689.39999999999998</ele>
      </trkpt>
      <trkpt lat="37.041134834289551" lon="128.99588584899902">
        <ele>698.10000000000002</ele>
      </trkpt>
      <trkpt lat="37.040619850158691" lon="128.99580001831055">
        <ele>697</ele>
      </trkpt>
      <trkpt lat="37.040104866027832" lon="128.99481296539307">
        <ele>716.79999999999995</ele>
      </trkpt>
      <trkpt lat="37.039847373962402" lon="128.99494171142578">
        <ele>711.10000000000002</ele>
      </trkpt>
      <trkpt lat="37.039761543273926" lon="128.99567127227783">
        <ele>693.10000000000002</ele>
      </trkpt>
      <trkpt lat="37.039632797241211" lon="128.99567127227783">
        <ele>692.60000000000002</ele>
      </trkpt>
      <trkpt lat="37.039117813110352" lon="128.99472713470459">
        <ele>714.39999999999998</ele>
      </trkpt>
      <trkpt lat="37.038216590881348" lon="128.99335384368896">
        <ele>732.39999999999998</ele>
      </trkpt>
      <trkpt lat="37.037787437438965" lon="128.99206638336182">
        <ele>738.70000000000005</ele>
      </trkpt>
      <trkpt lat="37.037615776062012" lon="128.99022102355957">
        <ele>752.79999999999995</ele>
      </trkpt>
      <trkpt lat="37.037315368652344" lon="128.98906230926514">
        <ele>763.10000000000002</ele>
      </trkpt>
      <trkpt lat="37.037572860717773" lon="128.98811817169189">
        <ele>769.70000000000005</ele>
      </trkpt>
      <trkpt lat="37.037529945373535" lon="128.98798942565918">
        <ele>769.10000000000002</ele>
      </trkpt>
      <trkpt lat="37.036929130554199" lon="128.98777484893799">
        <ele>779.60000000000002</ele>
      </trkpt>
      <trkpt lat="37.036499977111816" lon="128.98854732513428">
        <ele>778.60000000000002</ele>
      </trkpt>
      <trkpt lat="37.036542892456055" lon="128.9890193939209">
        <ele>772.5</ele>
      </trkpt>
      <trkpt lat="37.036070823669434" lon="128.98974895477295">
        <ele>787</ele>
      </trkpt>
      <trkpt lat="37.035984992980957" lon="128.99043560028076">
        <ele>778.60000000000002</ele>
      </trkpt>
      <trkpt lat="37.035083770751953" lon="128.99017810821533">
        <ele>792.39999999999998</ele>
      </trkpt>
      <trkpt lat="37.034611701965332" lon="128.98914813995361">
        <ele>814</ele>
      </trkpt>
      <trkpt lat="37.033753395080566" lon="128.98953437805176">
        <ele>807.70000000000005</ele>
      </trkpt>
      <trkpt lat="37.033195495605469" lon="128.98906230926514">
        <ele>815.20000000000005</ele>
      </trkpt>
      <trkpt lat="37.032980918884277" lon="128.98786067962646">
        <ele>831.79999999999995</ele>
      </trkpt>
      <trkpt lat="37.03216552734375" lon="128.98734569549561">
        <ele>829</ele>
      </trkpt>
      <trkpt lat="37.03190803527832" lon="128.98657321929932">
        <ele>842.5</ele>
      </trkpt>
      <trkpt lat="37.031822204589844" lon="128.98562908172607">
        <ele>858.60000000000002</ele>
      </trkpt>
      <trkpt lat="37.031521797180176" lon="128.9855432510376">
        <ele>856.5</ele>
      </trkpt>
      <trkpt lat="37.031221389770508" lon="128.98597240447998">
        <ele>848.20000000000005</ele>
      </trkpt>
      <trkpt lat="37.031049728393555" lon="128.9858865737915">
        <ele>849.39999999999998</ele>
      </trkpt>
      <trkpt lat="37.030792236328125" lon="128.98541450500488">
        <ele>859.60000000000002</ele>
      </trkpt>
      <trkpt lat="37.03066349029541" lon="128.98537158966064">
        <ele>862.29999999999995</ele>
      </trkpt>
      <trkpt lat="37.030491828918457" lon="128.9855432510376">
        <ele>860.89999999999998</ele>
      </trkpt>
      <trkpt lat="37.03040599822998" lon="128.9861011505127">
        <ele>851.29999999999995</ele>
      </trkpt>
      <trkpt lat="37.030277252197266" lon="128.98618698120117">
        <ele>851.39999999999998</ele>
      </trkpt>
      <trkpt lat="37.029762268066406" lon="128.9855432510376">
        <ele>867.29999999999995</ele>
      </trkpt>
      <trkpt lat="37.028861045837402" lon="128.98528575897217">
        <ele>872.89999999999998</ele>
      </trkpt>
      <trkpt lat="37.028131484985352" lon="128.98485660552979">
        <ele>880.29999999999995</ele>
      </trkpt>
      <trkpt lat="37.027788162231445" lon="128.9844274520874">
        <ele>887</ele>
      </trkpt>
      <trkpt lat="37.027058601379395" lon="128.98395538330078">
        <ele>889</ele>
      </trkpt>
      <trkpt lat="37.026758193969727" lon="128.98344039916992">
        <ele>894.20000000000005</ele>
      </trkpt>
      <trkpt lat="37.026543617248535" lon="128.98331165313721">
        <ele>896.39999999999998</ele>
      </trkpt>
      <trkpt lat="37.025599479675293" lon="128.98356914520264">
        <ele>905</ele>
      </trkpt>
      <trkpt lat="37.025213241577148" lon="128.98331165313721">
        <ele>905.70000000000005</ele>
      </trkpt>
      <trkpt lat="37.024397850036621" lon="128.98305416107178">
        <ele>896.89999999999998</ele>
      </trkpt>
      <trkpt lat="37.02366828918457" lon="128.98249626159668">
        <ele>886.10000000000002</ele>
      </trkpt>
      <trkpt lat="37.022895812988281" lon="128.98271083831787">
        <ele>875.20000000000005</ele>
      </trkpt>
      <trkpt lat="37.022595405578613" lon="128.98262500762939">
        <ele>870</ele>
      </trkpt>
      <trkpt lat="37.021994590759277" lon="128.98211002349854">
        <ele>862.79999999999995</ele>
      </trkpt>
      <trkpt lat="37.021007537841797" lon="128.9820671081543">
        <ele>845.60000000000002</ele>
      </trkpt>
      <trkpt lat="37.019805908203125" lon="128.98077964782715">
        <ele>821</ele>
      </trkpt>
      <trkpt lat="37.019376754760742" lon="128.98013591766357">
        <ele>813.39999999999998</ele>
      </trkpt>
      <trkpt lat="37.018561363220215" lon="128.98013591766357">
        <ele>805.20000000000005</ele>
      </trkpt>
      <trkpt lat="37.018346786499023" lon="128.98026466369629">
        <ele>803.5</ele>
      </trkpt>
      <trkpt lat="37.017917633056641" lon="128.98086547851563">
        <ele>802.29999999999995</ele>
      </trkpt>
      <trkpt lat="37.017574310302734" lon="128.98099422454834">
        <ele>805</ele>
      </trkpt>
      <trkpt lat="37.017230987548828" lon="128.98090839385986">
        <ele>803.60000000000002</ele>
      </trkpt>
      <trkpt lat="37.01693058013916" lon="128.98069381713867">
        <ele>799.89999999999998</ele>
      </trkpt>
      <trkpt lat="37.015171051025391" lon="128.97871971130371">
        <ele>776.60000000000002</ele>
      </trkpt>
      <trkpt lat="37.012939453125" lon="128.97743225097656">
        <ele>763.29999999999995</ele>
      </trkpt>
      <trkpt lat="37.012596130371094" lon="128.97704601287842">
        <ele>759.60000000000002</ele>
      </trkpt>
      <trkpt lat="37.012295722961426" lon="128.97648811340332">
        <ele>752.29999999999995</ele>
      </trkpt>
      <trkpt lat="37.011265754699707" lon="128.97597312927246">
        <ele>742.39999999999998</ele>
      </trkpt>
      <trkpt lat="37.009162902832031" lon="128.97412776947021">
        <ele>721.70000000000005</ele>
      </trkpt>
      <trkpt lat="37.008605003356934" lon="128.97382736206055">
        <ele>716.70000000000005</ele>
      </trkpt>
      <trkpt lat="37.007360458374023" lon="128.97356986999512">
        <ele>707.5</ele>
      </trkpt>
      <trkpt lat="37.006072998046875" lon="128.97296905517578">
        <ele>694.70000000000005</ele>
      </trkpt>
      <trkpt lat="37.004227638244629" lon="128.9734411239624">
        <ele>676.60000000000002</ele>
      </trkpt>
      <trkpt lat="37.003240585327148" lon="128.97404193878174">
        <ele>679.70000000000005</ele>
      </trkpt>
      <trkpt lat="37.002468109130859" lon="128.97421360015869">
        <ele>669</ele>
      </trkpt>
      <trkpt lat="37.002339363098145" lon="128.97447109222412">
        <ele>673.20000000000005</ele>
      </trkpt>
      <trkpt lat="37.002339363098145" lon="128.9749002456665">
        <ele>674.70000000000005</ele>
      </trkpt>
      <trkpt lat="37.002553939819336" lon="128.97610187530518">
        <ele>671</ele>
      </trkpt>
      <trkpt lat="37.002081871032715" lon="128.97665977478027">
        <ele>668.60000000000002</ele>
      </trkpt>
      <trkpt lat="37.001180648803711" lon="128.97734642028809">
        <ele>667.10000000000002</ele>
      </trkpt>
      <trkpt lat="37.000150680541992" lon="128.97781848907471">
        <ele>656.79999999999995</ele>
      </trkpt>
      <trkpt lat="36.999421119689941" lon="128.97773265838623">
        <ele>649.5</ele>
      </trkpt>
      <trkpt lat="36.998562812805176" lon="128.97756099700928">
        <ele>637.79999999999995</ele>
      </trkpt>
      <trkpt lat="36.998047828674316" lon="128.97781848907471">
        <ele>639.39999999999998</ele>
      </trkpt>
      <trkpt lat="36.996803283691406" lon="128.9789342880249">
        <ele>622.60000000000002</ele>
      </trkpt>
      <trkpt lat="36.995558738708496" lon="128.9794921875">
        <ele>620.20000000000005</ele>
      </trkpt>
      <trkpt lat="36.993026733398438" lon="128.98099422454834">
        <ele>589.20000000000005</ele>
      </trkpt>
      <trkpt lat="36.992511749267578" lon="128.98112297058105">
        <ele>587.20000000000005</ele>
      </trkpt>
      <trkpt lat="36.991481781005859" lon="128.98112297058105">
        <ele>572.5</ele>
      </trkpt>
      <trkpt lat="36.991310119628906" lon="128.98125171661377">
        <ele>573.60000000000002</ele>
      </trkpt>
      <trkpt lat="36.990752220153809" lon="128.98193836212158">
        <ele>565.79999999999995</ele>
      </trkpt>
      <trkpt lat="36.990237236022949" lon="128.98236751556396">
        <ele>563.20000000000005</ele>
      </trkpt>
      <trkpt lat="36.98997974395752" lon="128.98266792297363">
        <ele>559.29999999999995</ele>
      </trkpt>
      <trkpt lat="36.989078521728516" lon="128.98416996002197">
        <ele>549.29999999999995</ele>
      </trkpt>
      <trkpt lat="36.98796272277832" lon="128.98532867431641">
        <ele>543.39999999999998</ele>
      </trkpt>
      <trkpt lat="36.986761093139648" lon="128.98678779602051">
        <ele>536.89999999999998</ele>
      </trkpt>
      <trkpt lat="36.985688209533691" lon="128.98721694946289">
        <ele>530.29999999999995</ele>
      </trkpt>
      <trkpt lat="36.984443664550781" lon="128.98807525634766">
        <ele>517.70000000000005</ele>
      </trkpt>
      <trkpt lat="36.98272705078125" lon="128.98893356323242">
        <ele>492.10000000000002</ele>
      </trkpt>
      <trkpt lat="36.981997489929199" lon="128.98970603942871">
        <ele>492.5</ele>
      </trkpt>
      <trkpt lat="36.981310844421387" lon="128.99069309234619">
        <ele>478.89999999999998</ele>
      </trkpt>
      <trkpt lat="36.980323791503906" lon="128.99146556854248">
        <ele>476.5</ele>
      </trkpt>
      <trkpt lat="36.979508399963379" lon="128.99275302886963">
        <ele>463.19999999999999</ele>
      </trkpt>
      <trkpt lat="36.978693008422852" lon="128.99352550506592">
        <ele>467.60000000000002</ele>
      </trkpt>
      <trkpt lat="36.977019309997559" lon="128.99472713470459">
        <ele>458.80000000000001</ele>
      </trkpt>
      <trkpt lat="36.97624683380127" lon="128.99554252624512">
        <ele>451.80000000000001</ele>
      </trkpt>
      <trkpt lat="36.97624683380127" lon="128.9970874786377">
        <ele>443</ele>
      </trkpt>
      <trkpt lat="36.975431442260742" lon="128.99768829345703">
        <ele>439.19999999999999</ele>
      </trkpt>
      <trkpt lat="36.974916458129883" lon="128.99828910827637">
        <ele>430.10000000000002</ele>
      </trkpt>
      <trkpt lat="36.974830627441406" lon="128.99897575378418">
        <ele>432.80000000000001</ele>
      </trkpt>
      <trkpt lat="36.974959373474121" lon="128.99983406066895">
        <ele>429.39999999999998</ele>
      </trkpt>
      <trkpt lat="36.974787712097168" lon="129.00112152099609">
        <ele>432.69999999999999</ele>
      </trkpt>
      <trkpt lat="36.9744873046875" lon="129.00176525115967">
        <ele>426.30000000000001</ele>
      </trkpt>
      <trkpt lat="36.974315643310547" lon="129.00322437286377">
        <ele>402.30000000000001</ele>
      </trkpt>
      <trkpt lat="36.974186897277832" lon="129.00356769561768">
        <ele>402.39999999999998</ele>
      </trkpt>
      <trkpt lat="36.973972320556641" lon="129.00373935699463">
        <ele>404.19999999999999</ele>
      </trkpt>
      <trkpt lat="36.973757743835449" lon="129.00386810302734">
        <ele>404.60000000000002</ele>
      </trkpt>
      <trkpt lat="36.972513198852539" lon="129.00421142578125">
        <ele>399.39999999999998</ele>
      </trkpt>
      <trkpt lat="36.971654891967773" lon="129.0040397644043">
        <ele>400.60000000000002</ele>
      </trkpt>
      <trkpt lat="36.970152854919434" lon="129.00322437286377">
        <ele>398.39999999999998</ele>
      </trkpt>
      <trkpt lat="36.969637870788574" lon="129.00313854217529">
        <ele>398.69999999999999</ele>
      </trkpt>
      <trkpt lat="36.967964172363281" lon="129.00326728820801">
        <ele>391</ele>
      </trkpt>
      <trkpt lat="36.965861320495605" lon="129.00386810302734">
        <ele>387.30000000000001</ele>
      </trkpt>
      <trkpt lat="36.965045928955078" lon="129.00365352630615">
        <ele>383.80000000000001</ele>
      </trkpt>
      <trkpt lat="36.962728500366211" lon="129.00206565856934">
        <ele>394.5</ele>
      </trkpt>
      <trkpt lat="36.962428092956543" lon="129.00193691253662">
        <ele>392.39999999999998</ele>
      </trkpt>
      <trkpt lat="36.961226463317871" lon="129.00210857391357">
        <ele>391.60000000000002</ele>
      </trkpt>
      <trkpt lat="36.959381103515625" lon="129.00288105010986">
        <ele>391.10000000000002</ele>
      </trkpt>
      <trkpt lat="36.958823204040527" lon="129.00288105010986">
        <ele>390.19999999999999</ele>
      </trkpt>
      <trkpt lat="36.957578659057617" lon="129.00266647338867">
        <ele>379.10000000000002</ele>
      </trkpt>
      <trkpt lat="36.955733299255371" lon="129.00197982788086">
        <ele>369.30000000000001</ele>
      </trkpt>
      <trkpt lat="36.955218315124512" lon="129.00155067443848">
        <ele>369.80000000000001</ele>
      </trkpt>
      <trkpt lat="36.955132484436035" lon="129.00107860565186">
        <ele>366.39999999999998</ele>
      </trkpt>
      <trkpt lat="36.955304145812988" lon="129.00060653686523">
        <ele>364.60000000000002</ele>
      </trkpt>
      <trkpt lat="36.955604553222656" lon="129.00017738342285">
        <ele>362.10000000000002</ele>
      </trkpt>
      <trkpt lat="36.956849098205566" lon="128.99919033050537">
        <ele>364.80000000000001</ele>
      </trkpt>
      <trkpt lat="36.956977844238281" lon="128.99876117706299">
        <ele>367.89999999999998</ele>
      </trkpt>
      <trkpt lat="36.956076622009277" lon="128.99622917175293">
        <ele>375.60000000000002</ele>
      </trkpt>
      <trkpt lat="36.956119537353516" lon="128.99434089660645">
        <ele>366.10000000000002</ele>
      </trkpt>
      <trkpt lat="36.955862045288086" lon="128.99296760559082">
        <ele>351.5</ele>
      </trkpt>
      <trkpt lat="36.955690383911133" lon="128.99275302886963">
        <ele>349.19999999999999</ele>
      </trkpt>
      <trkpt lat="36.954917907714844" lon="128.99279594421387">
        <ele>351.30000000000001</ele>
      </trkpt>
      <trkpt lat="36.952900886535645" lon="128.99288177490234">
        <ele>345.19999999999999</ele>
      </trkpt>
      <trkpt lat="36.952471733093262" lon="128.99322509765625">
        <ele>341.19999999999999</ele>
      </trkpt>
      <trkpt lat="36.951999664306641" lon="128.99421215057373">
        <ele>344</ele>
      </trkpt>
      <trkpt lat="36.951227188110352" lon="128.99785995483398">
        <ele>351</ele>
      </trkpt>
      <trkpt lat="36.950712203979492" lon="128.99841785430908">
        <ele>353.69999999999999</ele>
      </trkpt>
      <trkpt lat="36.950368881225586" lon="128.99846076965332">
        <ele>355.89999999999998</ele>
      </trkpt>
      <trkpt lat="36.949725151062012" lon="128.99846076965332">
        <ele>355.80000000000001</ele>
      </trkpt>
      <trkpt lat="36.948308944702148" lon="128.99751663208008">
        <ele>333.30000000000001</ele>
      </trkpt>
      <trkpt lat="36.948094367980957" lon="128.99751663208008">
        <ele>332.69999999999999</ele>
      </trkpt>
      <trkpt lat="36.947793960571289" lon="128.99781703948975">
        <ele>334.39999999999998</ele>
      </trkpt>
      <trkpt lat="36.94826602935791" lon="128.9994478225708">
        <ele>349.30000000000001</ele>
      </trkpt>
      <trkpt lat="36.948823928833008" lon="129.00180816650391">
        <ele>350.19999999999999</ele>
      </trkpt>
      <trkpt lat="36.948695182800293" lon="129.00266647338867">
        <ele>347.39999999999998</ele>
      </trkpt>
      <trkpt lat="36.948351860046387" lon="129.00339603424072">
        <ele>343.30000000000001</ele>
      </trkpt>
      <trkpt lat="36.947879791259766" lon="129.0040397644043">
        <ele>343</ele>
      </trkpt>
      <trkpt lat="36.945219039916992" lon="129.00571346282959">
        <ele>328.5</ele>
      </trkpt>
      <trkpt lat="36.944403648376465" lon="129.00579929351807">
        <ele>331.89999999999998</ele>
      </trkpt>
      <trkpt lat="36.943888664245605" lon="129.00558471679687">
        <ele>337.30000000000001</ele>
      </trkpt>
      <trkpt lat="36.942815780639648" lon="129.00489807128906">
        <ele>342.80000000000001</ele>
      </trkpt>
      <trkpt lat="36.942172050476074" lon="129.00399684906006">
        <ele>354.39999999999998</ele>
      </trkpt>
      <trkpt lat="36.941828727722168" lon="129.0029239654541">
        <ele>345.10000000000002</ele>
      </trkpt>
      <trkpt lat="36.940970420837402" lon="129.00086402893066">
        <ele>317.60000000000002</ele>
      </trkpt>
      <trkpt lat="36.939468383789063" lon="129.00142192840576">
        <ele>316.5</ele>
      </trkpt>
      <trkpt lat="36.939253807067871" lon="129.00155067443848">
        <ele>316.10000000000002</ele>
      </trkpt>
      <trkpt lat="36.937751770019531" lon="129.00356769561768">
        <ele>320.10000000000002</ele>
      </trkpt>
      <trkpt lat="36.936550140380859" lon="129.00515556335449">
        <ele>314.39999999999998</ele>
      </trkpt>
      <trkpt lat="36.935348510742187" lon="129.00730133056641">
        <ele>316.80000000000001</ele>
      </trkpt>
      <trkpt lat="36.935091018676758" lon="129.00755882263184">
        <ele>316.89999999999998</ele>
      </trkpt>
      <trkpt lat="36.934661865234375" lon="129.00781631469727">
        <ele>320.89999999999998</ele>
      </trkpt>
      <trkpt lat="36.93354606628418" lon="129.00790214538574">
        <ele>318</ele>
      </trkpt>
      <trkpt lat="36.932601928710938" lon="129.00687217712402">
        <ele>323.80000000000001</ele>
      </trkpt>
      <trkpt lat="36.932172775268555" lon="129.00652885437012">
        <ele>323.69999999999999</ele>
      </trkpt>
      <trkpt lat="36.93178653717041" lon="129.00631427764893">
        <ele>320.69999999999999</ele>
      </trkpt>
      <trkpt lat="36.931486129760742" lon="129.00635719299316">
        <ele>319.39999999999998</ele>
      </trkpt>
      <trkpt lat="36.930756568908691" lon="129.00730133056641">
        <ele>321.60000000000002</ele>
      </trkpt>
      <trkpt lat="36.929769515991211" lon="129.00803089141846">
        <ele>308.10000000000002</ele>
      </trkpt>
      <trkpt lat="36.928567886352539" lon="129.00790214538574">
        <ele>306.10000000000002</ele>
      </trkpt>
      <trkpt lat="36.928267478942871" lon="129.00803089141846">
        <ele>311.80000000000001</ele>
      </trkpt>
      <trkpt lat="36.927881240844727" lon="129.00863170623779">
        <ele>330.39999999999998</ele>
      </trkpt>
      <trkpt lat="36.927409172058105" lon="129.01073455810547">
        <ele>347.30000000000001</ele>
      </trkpt>
      <trkpt lat="36.928138732910156" lon="129.012451171875">
        <ele>361.89999999999998</ele>
      </trkpt>
      <trkpt lat="36.928224563598633" lon="129.01322364807129">
        <ele>365.80000000000001</ele>
      </trkpt>
      <trkpt lat="36.927838325500488" lon="129.01511192321777">
        <ele>354.60000000000002</ele>
      </trkpt>
      <trkpt lat="36.927666664123535" lon="129.01575565338135">
        <ele>346.30000000000001</ele>
      </trkpt>
      <trkpt lat="36.927323341369629" lon="129.01618480682373">
        <ele>338.39999999999998</ele>
      </trkpt>
      <trkpt lat="36.926980018615723" lon="129.01635646820068">
        <ele>327.69999999999999</ele>
      </trkpt>
      <trkpt lat="36.926593780517578" lon="129.01627063751221">
        <ele>313.30000000000001</ele>
      </trkpt>
      <trkpt lat="36.92629337310791" lon="129.01532649993896">
        <ele>316.69999999999999</ele>
      </trkpt>
      <trkpt lat="36.925907135009766" lon="129.01489734649658">
        <ele>311.30000000000001</ele>
      </trkpt>
      <trkpt lat="36.925435066223145" lon="129.01399612426758">
        <ele>311.19999999999999</ele>
      </trkpt>
      <trkpt lat="36.924490928649902" lon="129.01279449462891">
        <ele>301.5</ele>
      </trkpt>
      <trkpt lat="36.922259330749512" lon="129.01326656341553">
        <ele>304.39999999999998</ele>
      </trkpt>
      <trkpt lat="36.921958923339844" lon="129.01352405548096">
        <ele>308.60000000000002</ele>
      </trkpt>
      <trkpt lat="36.919984817504883" lon="129.01549816131592">
        <ele>296.80000000000001</ele>
      </trkpt>
      <trkpt lat="36.916337013244629" lon="129.02043342590332">
        <ele>277.10000000000002</ele>
      </trkpt>
      <trkpt lat="36.914577484130859" lon="129.02184963226318">
        <ele>277.30000000000001</ele>
      </trkpt>
      <trkpt lat="36.911230087280273" lon="129.02403831481934">
        <ele>295.30000000000001</ele>
      </trkpt>
      <trkpt lat="36.910586357116699" lon="129.02459621429443">
        <ele>294.30000000000001</ele>
      </trkpt>
      <trkpt lat="36.909642219543457" lon="129.02493953704834">
        <ele>286.10000000000002</ele>
      </trkpt>
      <trkpt lat="36.909127235412598" lon="129.02476787567139">
        <ele>287.39999999999998</ele>
      </trkpt>
      <trkpt lat="36.908783912658691" lon="129.024338722229">
        <ele>289.30000000000001</ele>
      </trkpt>
      <trkpt lat="36.90831184387207" lon="129.02348041534424">
        <ele>287.60000000000002</ele>
      </trkpt>
      <trkpt lat="36.908097267150879" lon="129.02193546295166">
        <ele>286.19999999999999</ele>
      </trkpt>
      <trkpt lat="36.908483505249023" lon="129.02069091796875">
        <ele>284.10000000000002</ele>
      </trkpt>
      <trkpt lat="36.908998489379883" lon="129.01987552642822">
        <ele>283.19999999999999</ele>
      </trkpt>
      <trkpt lat="36.909170150756836" lon="129.01948928833008">
        <ele>279.69999999999999</ele>
      </trkpt>
      <trkpt lat="36.909685134887695" lon="129.01751518249512">
        <ele>289.89999999999998</ele>
      </trkpt>
      <trkpt lat="36.910586357116699" lon="129.01669979095459">
        <ele>288.10000000000002</ele>
      </trkpt>
      <trkpt lat="36.911273002624512" lon="129.01584148406982">
        <ele>282.89999999999998</ele>
      </trkpt>
      <trkpt lat="36.911916732788086" lon="129.01352405548096">
        <ele>282</ele>
      </trkpt>
      <trkpt lat="36.912260055541992" lon="129.01288032531738">
        <ele>281.89999999999998</ele>
      </trkpt>
      <trkpt lat="36.912217140197754" lon="129.01249408721924">
        <ele>283.69999999999999</ele>
      </trkpt>
      <trkpt lat="36.912088394165039" lon="129.01215076446533">
        <ele>282.69999999999999</ele>
      </trkpt>
      <trkpt lat="36.911358833312988" lon="129.01129245758057">
        <ele>281.60000000000002</ele>
      </trkpt>
      <trkpt lat="36.91105842590332" lon="129.01077747344971">
        <ele>279</ele>
      </trkpt>
      <trkpt lat="36.910457611083984" lon="129.01039123535156">
        <ele>277.5</ele>
      </trkpt>
      <trkpt lat="36.909470558166504" lon="129.01026248931885">
        <ele>280.80000000000001</ele>
      </trkpt>
      <trkpt lat="36.908011436462402" lon="129.01030540466309">
        <ele>279.5</ele>
      </trkpt>
      <trkpt lat="36.906595230102539" lon="129.01056289672852">
        <ele>273.39999999999998</ele>
      </trkpt>
      <trkpt lat="36.902689933776855" lon="129.01223659515381">
        <ele>266.80000000000001</ele>
      </trkpt>
      <trkpt lat="36.902432441711426" lon="129.01236534118652">
        <ele>266</ele>
      </trkpt>
      <trkpt lat="36.900844573974609" lon="129.01270866394043">
        <ele>268.5</ele>
      </trkpt>
      <trkpt lat="36.899900436401367" lon="129.01296615600586">
        <ele>264.60000000000002</ele>
      </trkpt>
      <trkpt lat="36.898797964677215" lon="129.01302541606128">
        <ele>266.10000000000002</ele>
      </trkpt>
      <trkpt lat="36.897846031934023" lon="129.01289281435311">
        <ele>270.89999999999998</ele>
      </trkpt>
      <trkpt lat="36.895043291151524" lon="129.01258234865963">
        <ele>263.69999999999999</ele>
      </trkpt>
      <trkpt lat="36.89335442148149" lon="129.01222762651742">
        <ele>263</ele>
      </trkpt>
      <trkpt lat="36.893548965454102" lon="129.01051998138428">
        <ele>271.10000000000002</ele>
      </trkpt>
      <trkpt lat="36.893162727355957" lon="129.00931835174561">
        <ele>276.89999999999998</ele>
      </trkpt>
      <trkpt lat="36.893205642700195" lon="129.00815963745117">
        <ele>275.69999999999999</ele>
      </trkpt>
      <trkpt lat="36.893377304077148" lon="129.00755882263184">
        <ele>270.39999999999998</ele>
      </trkpt>
      <trkpt lat="36.893506050109863" lon="129.0058422088623">
        <ele>264.89999999999998</ele>
      </trkpt>
      <trkpt lat="36.894021034240723" lon="129.00369644165039">
        <ele>276.30000000000001</ele>
      </trkpt>
      <trkpt lat="36.893935203552246" lon="129.00339603424072">
        <ele>278.5</ele>
      </trkpt>
      <trkpt lat="36.893420219421387" lon="129.00215148925781">
        <ele>278</ele>
      </trkpt>
      <trkpt lat="36.891703605651855" lon="129.00343894958496">
        <ele>266.69999999999999</ele>
      </trkpt>
      <trkpt lat="36.891188621520996" lon="129.00343894958496">
        <ele>269.60000000000002</ele>
      </trkpt>
      <trkpt lat="36.890931129455566" lon="129.00326728820801">
        <ele>271.30000000000001</ele>
      </trkpt>
      <trkpt lat="36.890759468078613" lon="129.00313854217529">
        <ele>272.10000000000002</ele>
      </trkpt>
      <trkpt lat="36.889514923095703" lon="129.00159358978271">
        <ele>267.39999999999998</ele>
      </trkpt>
      <trkpt lat="36.888313293457031" lon="129.00137901306152">
        <ele>265.80000000000001</ele>
      </trkpt>
      <trkpt lat="36.885523796081543" lon="129.00167942047119">
        <ele>264.39999999999998</ele>
      </trkpt>
      <trkpt lat="36.880030632019043" lon="129.00356769561768">
        <ele>263.80000000000001</ele>
      </trkpt>
      <trkpt lat="36.877884864807129" lon="129.00331020355225">
        <ele>268.39999999999998</ele>
      </trkpt>
      <trkpt lat="36.877198219299316" lon="129.00305271148682">
        <ele>275</ele>
      </trkpt>
      <trkpt lat="36.875267028808594" lon="129.00159358978271">
        <ele>280.60000000000002</ele>
      </trkpt>
      <trkpt lat="36.874537467956543" lon="129.00009155273437">
        <ele>301.60000000000002</ele>
      </trkpt>
      <trkpt lat="36.874408721923828" lon="128.99923324584961">
        <ele>291.80000000000001</ele>
      </trkpt>
      <trkpt lat="36.874022483825684" lon="128.99807453155518">
        <ele>300.80000000000001</ele>
      </trkpt>
      <trkpt lat="36.873550415039063" lon="128.99747371673584">
        <ele>303.69999999999999</ele>
      </trkpt>
      <trkpt lat="36.871919631958008" lon="128.99721622467041">
        <ele>299.60000000000002</ele>
      </trkpt>
      <trkpt lat="36.87037467956543" lon="128.9968729019165">
        <ele>291.30000000000001</ele>
      </trkpt>
      <trkpt lat="36.870074272155762" lon="128.99588584899902">
        <ele>287.5</ele>
      </trkpt>
      <trkpt lat="36.869258880615234" lon="128.99438381195068">
        <ele>304.39999999999998</ele>
      </trkpt>
      <trkpt lat="36.869044303894043" lon="128.99343967437744">
        <ele>310</ele>
      </trkpt>
      <trkpt lat="36.868443489074707" lon="128.99283885955811">
        <ele>322.60000000000002</ele>
      </trkpt>
      <trkpt lat="36.868314743041992" lon="128.99271011352539">
        <ele>322.80000000000001</ele>
      </trkpt>
      <trkpt lat="36.867885589599609" lon="128.99258136749268">
        <ele>320.30000000000001</ele>
      </trkpt>
      <trkpt lat="36.867327690124512" lon="128.99206638336182">
        <ele>327.30000000000001</ele>
      </trkpt>
      <trkpt lat="36.866898536682129" lon="128.99189472198486">
        <ele>328.39999999999998</ele>
      </trkpt>
      <trkpt lat="36.866340637207031" lon="128.99198055267334">
        <ele>330.30000000000001</ele>
      </trkpt>
      <trkpt lat="36.865739822387695" lon="128.99163722991943">
        <ele>330.39999999999998</ele>
      </trkpt>
      <trkpt lat="36.865525245666504" lon="128.99133682250977">
        <ele>335.69999999999999</ele>
      </trkpt>
      <trkpt lat="36.865096092224121" lon="128.99090766906738">
        <ele>333.19999999999999</ele>
      </trkpt>
      <trkpt lat="36.863937377929688" lon="128.99099349975586">
        <ele>345.19999999999999</ele>
      </trkpt>
      <trkpt lat="36.86161994934082" lon="128.98987770080566">
        <ele>363.39999999999998</ele>
      </trkpt>
      <trkpt lat="36.860589981079102" lon="128.98910522460937">
        <ele>370.89999999999998</ele>
      </trkpt>
      <trkpt lat="36.859645843505859" lon="128.98910522460937">
        <ele>388</ele>
      </trkpt>
      <trkpt lat="36.858787536621094" lon="128.98837566375732">
        <ele>395.89999999999998</ele>
      </trkpt>
      <trkpt lat="36.857757568359375" lon="128.98803234100342">
        <ele>409</ele>
      </trkpt>
      <trkpt lat="36.858100891113281" lon="128.98683071136475">
        <ele>424.30000000000001</ele>
      </trkpt>
      <trkpt lat="36.85814380645752" lon="128.98631572723389">
        <ele>424.89999999999998</ele>
      </trkpt>
      <trkpt lat="36.858057975769043" lon="128.98592948913574">
        <ele>424.5</ele>
      </trkpt>
      <trkpt lat="36.857671737670898" lon="128.98537158966064">
        <ele>431.60000000000002</ele>
      </trkpt>
      <trkpt lat="36.857843399047852" lon="128.98528575897217">
        <ele>431.89999999999998</ele>
      </trkpt>
      <trkpt lat="36.858615875244141" lon="128.98567199707031">
        <ele>430.80000000000001</ele>
      </trkpt>
      <trkpt lat="36.858787536621094" lon="128.98550033569336">
        <ele>437.39999999999998</ele>
      </trkpt>
      <trkpt lat="36.858744621276855" lon="128.98528575897217">
        <ele>439.5</ele>
      </trkpt>
      <trkpt lat="36.857671737670898" lon="128.98455619812012">
        <ele>445.19999999999999</ele>
      </trkpt>
      <trkpt lat="36.857328414916992" lon="128.98412704467773">
        <ele>457.19999999999999</ele>
      </trkpt>
      <trkpt lat="36.856555938720703" lon="128.98369789123535">
        <ele>472.30000000000001</ele>
      </trkpt>
      <trkpt lat="36.85488224029541" lon="128.98356914520264">
        <ele>449.10000000000002</ele>
      </trkpt>
      <trkpt lat="36.854152679443359" lon="128.98275375366211">
        <ele>434.89999999999998</ele>
      </trkpt>
      <trkpt lat="36.852092742919922" lon="128.98133754730225">
        <ele>408.80000000000001</ele>
      </trkpt>
      <trkpt lat="36.851706504821777" lon="128.98069381713867">
        <ele>396.89999999999998</ele>
      </trkpt>
      <trkpt lat="36.850976943969727" lon="128.98099422454834">
        <ele>399.5</ele>
      </trkpt>
      <trkpt lat="36.850676536560059" lon="128.9809513092041">
        <ele>400.89999999999998</ele>
      </trkpt>
      <trkpt lat="36.850504875183105" lon="128.98073673248291">
        <ele>399.39999999999998</ele>
      </trkpt>
      <trkpt lat="36.850247383117676" lon="128.98009300231934">
        <ele>389.10000000000002</ele>
      </trkpt>
      <trkpt lat="36.849474906921387" lon="128.9794921875">
        <ele>394.10000000000002</ele>
      </trkpt>
      <trkpt lat="36.849174499511719" lon="128.97820472717285">
        <ele>393</ele>
      </trkpt>
      <trkpt lat="36.848316192626953" lon="128.97751808166504">
        <ele>386.80000000000001</ele>
      </trkpt>
      <trkpt lat="36.847286224365234" lon="128.97623062133789">
        <ele>382.80000000000001</ele>
      </trkpt>
      <trkpt lat="36.846170425415039" lon="128.97567272186279">
        <ele>362.60000000000002</ele>
      </trkpt>
      <trkpt lat="36.845226287841797" lon="128.97558689117432">
        <ele>353.89999999999998</ele>
      </trkpt>
      <trkpt lat="36.844282150268555" lon="128.97472858428955">
        <ele>338.69999999999999</ele>
      </trkpt>
      <trkpt lat="36.842994689941406" lon="128.97412776947021">
        <ele>329.60000000000002</ele>
      </trkpt>
      <trkpt lat="36.8426513671875" lon="128.97378444671631">
        <ele>328</ele>
      </trkpt>
      <trkpt lat="36.842136383056641" lon="128.9728832244873">
        <ele>315.80000000000001</ele>
      </trkpt>
      <trkpt lat="36.841235160827637" lon="128.97262573242187">
        <ele>313.69999999999999</ele>
      </trkpt>
      <trkpt lat="36.840505599975586" lon="128.97275447845459">
        <ele>311.89999999999998</ele>
      </trkpt>
      <trkpt lat="36.839389801025391" lon="128.97241115570068">
        <ele>302.5</ele>
      </trkpt>
      <trkpt lat="36.83866024017334" lon="128.9719820022583">
        <ele>297.30000000000001</ele>
      </trkpt>
      <trkpt lat="36.836814880371094" lon="128.97236824035645">
        <ele>296</ele>
      </trkpt>
      <trkpt lat="36.835312843322754" lon="128.97223949432373">
        <ele>296</ele>
      </trkpt>
      <trkpt lat="36.833639144897461" lon="128.97262573242187">
        <ele>296.30000000000001</ele>
      </trkpt>
      <trkpt lat="36.832523345947266" lon="128.9719820022583">
        <ele>300</ele>
      </trkpt>
      <trkpt lat="36.830935478210449" lon="128.97159576416016">
        <ele>306.69999999999999</ele>
      </trkpt>
      <trkpt lat="36.829476356506348" lon="128.97159576416016">
        <ele>308.10000000000002</ele>
      </trkpt>
      <trkpt lat="36.828145980834961" lon="128.97120952606201">
        <ele>316.89999999999998</ele>
      </trkpt>
      <trkpt lat="36.827287673950195" lon="128.96987915039063">
        <ele>315.39999999999998</ele>
      </trkpt>
      <trkpt lat="36.827201843261719" lon="128.96914958953857">
        <ele>316.10000000000002</ele>
      </trkpt>
      <trkpt lat="36.827073097229004" lon="128.96867752075195">
        <ele>313.39999999999998</ele>
      </trkpt>
      <trkpt lat="36.824841499328613" lon="128.96623134613037">
        <ele>312.69999999999999</ele>
      </trkpt>
      <trkpt lat="36.823596954345703" lon="128.96610260009766">
        <ele>308.10000000000002</ele>
      </trkpt>
      <trkpt lat="36.817846298217773" lon="128.96296977996826">
        <ele>316.69999999999999</ele>
      </trkpt>
      <trkpt lat="36.81617259979248" lon="128.96254062652588">
        <ele>313.69999999999999</ele>
      </trkpt>
      <trkpt lat="36.811923980712891" lon="128.96000862121582">
        <ele>316.30000000000001</ele>
      </trkpt>
      <trkpt lat="36.811237335205078" lon="128.95923614501953">
        <ele>318.19999999999999</ele>
      </trkpt>
      <trkpt lat="36.810164451599121" lon="128.958420753479">
        <ele>318.19999999999999</ele>
      </trkpt>
      <trkpt lat="36.8096923828125" lon="128.95786285400391">
        <ele>325.19999999999999</ele>
      </trkpt>
      <trkpt lat="36.808362007141113" lon="128.95769119262695">
        <ele>325.69999999999999</ele>
      </trkpt>
      <trkpt lat="36.80668830871582" lon="128.95846366882324">
        <ele>325.30000000000001</ele>
      </trkpt>
      <trkpt lat="36.805830001831055" lon="128.95859241485596">
        <ele>324.19999999999999</ele>
      </trkpt>
      <trkpt lat="36.805486679077148" lon="128.95889282226562">
        <ele>321.80000000000001</ele>
      </trkpt>
      <trkpt lat="36.803855895996094" lon="128.96095275878906">
        <ele>321.89999999999998</ele>
      </trkpt>
      <trkpt lat="36.800894737243652" lon="128.96292686462402">
        <ele>338.19999999999999</ele>
      </trkpt>
      <trkpt lat="36.800379753112793" lon="128.96318435668945">
        <ele>336.69999999999999</ele>
      </trkpt>
      <trkpt lat="36.796088218688965" lon="128.96395683288574">
        <ele>338.39999999999998</ele>
      </trkpt>
      <trkpt lat="36.795229911804199" lon="128.96399974822998">
        <ele>335.60000000000002</ele>
      </trkpt>
      <trkpt lat="36.791324615478516" lon="128.96305561065674">
        <ele>340.19999999999999</ele>
      </trkpt>
      <trkpt lat="36.786646842956543" lon="128.96078109741211">
        <ele>351.10000000000002</ele>
      </trkpt>
      <trkpt lat="36.78647518157959" lon="128.96048069000244">
        <ele>351.30000000000001</ele>
      </trkpt>
      <trkpt lat="36.786389350891113" lon="128.95979404449463">
        <ele>352.30000000000001</ele>
      </trkpt>
      <trkpt lat="36.78596019744873" lon="128.95872116088867">
        <ele>348.19999999999999</ele>
      </trkpt>
      <trkpt lat="36.78471565246582" lon="128.95644664764404">
        <ele>354.19999999999999</ele>
      </trkpt>
      <trkpt lat="36.784157752990723" lon="128.9560604095459">
        <ele>352.89999999999998</ele>
      </trkpt>
      <trkpt lat="36.782913208007813" lon="128.95576000213623">
        <ele>355.69999999999999</ele>
      </trkpt>
      <trkpt lat="36.781840324401855" lon="128.95515918731689">
        <ele>370.89999999999998</ele>
      </trkpt>
      <trkpt lat="36.780767440795898" lon="128.95473003387451">
        <ele>379.19999999999999</ele>
      </trkpt>
      <trkpt lat="36.780424118041992" lon="128.95382881164551">
        <ele>396.80000000000001</ele>
      </trkpt>
      <trkpt lat="36.780037879943848" lon="128.95305633544922">
        <ele>392.39999999999998</ele>
      </trkpt>
      <trkpt lat="36.77947998046875" lon="128.95129680633545">
        <ele>410.30000000000001</ele>
      </trkpt>
      <trkpt lat="36.779265403747559" lon="128.95082473754883">
        <ele>410.80000000000001</ele>
      </trkpt>
      <trkpt lat="36.779007911682129" lon="128.94962310791016">
        <ele>430.5</ele>
      </trkpt>
      <trkpt lat="36.778750419616699" lon="128.94936561584473">
        <ele>432.30000000000001</ele>
      </trkpt>
      <trkpt lat="36.778407096862793" lon="128.95048141479492">
        <ele>426.30000000000001</ele>
      </trkpt>
      <trkpt lat="36.778407096862793" lon="128.95125389099121">
        <ele>420</ele>
      </trkpt>
      <trkpt lat="36.777806282043457" lon="128.95164012908936">
        <ele>440.19999999999999</ele>
      </trkpt>
      <trkpt lat="36.777763366699219" lon="128.95185470581055">
        <ele>443.69999999999999</ele>
      </trkpt>
      <trkpt lat="36.777806282043457" lon="128.9520263671875">
        <ele>444.10000000000002</ele>
      </trkpt>
      <trkpt lat="36.777892112731934" lon="128.95219802856445">
        <ele>443.10000000000002</ele>
      </trkpt>
      <trkpt lat="36.778535842895508" lon="128.95275592803955">
        <ele>427.39999999999998</ele>
      </trkpt>
      <trkpt lat="36.778664588928223" lon="128.95309925079346">
        <ele>426.80000000000001</ele>
      </trkpt>
      <trkpt lat="36.778578758239746" lon="128.95331382751465">
        <ele>432.60000000000002</ele>
      </trkpt>
      <trkpt lat="36.77849292755127" lon="128.95344257354736">
        <ele>433.39999999999998</ele>
      </trkpt>
      <trkpt lat="36.778192520141602" lon="128.95361423492432">
        <ele>435.80000000000001</ele>
      </trkpt>
      <trkpt lat="36.777548789978027" lon="128.9534854888916">
        <ele>448</ele>
      </trkpt>
      <trkpt lat="36.777033805847168" lon="128.95339965820313">
        <ele>448.60000000000002</ele>
      </trkpt>
      <trkpt lat="36.776003837585449" lon="128.95271301269531">
        <ele>465</ele>
      </trkpt>
      <trkpt lat="36.775317192077637" lon="128.95262718200684">
        <ele>464.5</ele>
      </trkpt>
      <trkpt lat="36.774544715881348" lon="128.95224094390869">
        <ele>474</ele>
      </trkpt>
      <trkpt lat="36.774029731750488" lon="128.95249843597412">
        <ele>469.80000000000001</ele>
      </trkpt>
      <trkpt lat="36.773386001586914" lon="128.95206928253174">
        <ele>481</ele>
      </trkpt>
      <trkpt lat="36.772913932800293" lon="128.95241260528564">
        <ele>483.69999999999999</ele>
      </trkpt>
      <trkpt lat="36.771883964538574" lon="128.95254135131836">
        <ele>501.10000000000002</ele>
      </trkpt>
      <trkpt lat="36.771411895751953" lon="128.95279884338379">
        <ele>496.69999999999999</ele>
      </trkpt>
      <trkpt lat="36.77098274230957" lon="128.95267009735107">
        <ele>497.69999999999999</ele>
      </trkpt>
      <trkpt lat="36.770853996276855" lon="128.95245552062988">
        <ele>497.19999999999999</ele>
      </trkpt>
      <trkpt lat="36.770811080932617" lon="128.95108222961426">
        <ele>503</ele>
      </trkpt>
      <trkpt lat="36.770167350769043" lon="128.95026683807373">
        <ele>484.39999999999998</ele>
      </trkpt>
      <trkpt lat="36.769824028015137" lon="128.94992351531982">
        <ele>472</ele>
      </trkpt>
      <trkpt lat="36.770124435424805" lon="128.94872188568115">
        <ele>485.5</ele>
      </trkpt>
      <trkpt lat="36.770081520080566" lon="128.94867897033691">
        <ele>484.30000000000001</ele>
      </trkpt>
      <trkpt lat="36.769523620605469" lon="128.94876480102539">
        <ele>468.30000000000001</ele>
      </trkpt>
      <trkpt lat="36.768536567687988" lon="128.94923686981201">
        <ele>436.5</ele>
      </trkpt>
      <trkpt lat="36.768364906311035" lon="128.94915103912354">
        <ele>434.60000000000002</ele>
      </trkpt>
      <trkpt lat="36.768321990966797" lon="128.94885063171387">
        <ele>432.30000000000001</ele>
      </trkpt>
      <trkpt lat="36.76849365234375" lon="128.94846439361572">
        <ele>438</ele>
      </trkpt>
      <trkpt lat="36.76849365234375" lon="128.9479923248291">
        <ele>431.89999999999998</ele>
      </trkpt>
      <trkpt lat="36.769094467163086" lon="128.947434425354">
        <ele>444.69999999999999</ele>
      </trkpt>
      <trkpt lat="36.769094467163086" lon="128.94644737243652">
        <ele>443.5</ele>
      </trkpt>
      <trkpt lat="36.768536567687988" lon="128.946533203125">
        <ele>439.5</ele>
      </trkpt>
      <trkpt lat="36.767163276672363" lon="128.94786357879639">
        <ele>403.19999999999999</ele>
      </trkpt>
      <trkpt lat="36.766777038574219" lon="128.94794940948486">
        <ele>398.5</ele>
      </trkpt>
      <trkpt lat="36.766605377197266" lon="128.9479923248291">
        <ele>394.89999999999998</ele>
      </trkpt>
      <trkpt lat="36.766090393066406" lon="128.94691944122314">
        <ele>407.5</ele>
      </trkpt>
      <trkpt lat="36.765103340148926" lon="128.94782066345215">
        <ele>381.39999999999998</ele>
      </trkpt>
      <trkpt lat="36.76424503326416" lon="128.947434425354">
        <ele>386.10000000000002</ele>
      </trkpt>
      <trkpt lat="36.76398754119873" lon="128.94777774810791">
        <ele>373.10000000000002</ele>
      </trkpt>
      <trkpt lat="36.763300895690918" lon="128.94773483276367">
        <ele>370.69999999999999</ele>
      </trkpt>
      <trkpt lat="36.762828826904297" lon="128.94782066345215">
        <ele>360.69999999999999</ele>
      </trkpt>
      <trkpt lat="36.762571334838867" lon="128.94704818725586">
        <ele>369.5</ele>
      </trkpt>
      <trkpt lat="36.762399673461914" lon="128.94691944122314">
        <ele>372.80000000000001</ele>
      </trkpt>
      <trkpt lat="36.762313842773438" lon="128.94696235656738">
        <ele>374.69999999999999</ele>
      </trkpt>
      <trkpt lat="36.76201343536377" lon="128.94897937774658">
        <ele>350.19999999999999</ele>
      </trkpt>
      <trkpt lat="36.76149845123291" lon="128.94915103912354">
        <ele>345</ele>
      </trkpt>
      <trkpt lat="36.761155128479004" lon="128.94906520843506">
        <ele>344.30000000000001</ele>
      </trkpt>
      <trkpt lat="36.760811805725098" lon="128.94867897033691">
        <ele>352</ele>
      </trkpt>
      <trkpt lat="36.760554313659668" lon="128.94867897033691">
        <ele>353.39999999999998</ele>
      </trkpt>
      <trkpt lat="36.760296821594238" lon="128.94872188568115">
        <ele>353.10000000000002</ele>
      </trkpt>
      <trkpt lat="36.759438514709473" lon="128.94979476928711">
        <ele>335.69999999999999</ele>
      </trkpt>
      <trkpt lat="36.759181022644043" lon="128.94992351531982">
        <ele>330.19999999999999</ele>
      </trkpt>
      <trkpt lat="36.758451461791992" lon="128.95005226135254">
        <ele>332.89999999999998</ele>
      </trkpt>
      <trkpt lat="36.75776481628418" lon="128.94992351531982">
        <ele>345.60000000000002</ele>
      </trkpt>
      <trkpt lat="36.757421493530273" lon="128.9500093460083">
        <ele>346.80000000000001</ele>
      </trkpt>
      <trkpt lat="36.757035255432129" lon="128.95039558410645">
        <ele>340.89999999999998</ele>
      </trkpt>
      <trkpt lat="36.756563186645508" lon="128.9511251449585">
        <ele>318.69999999999999</ele>
      </trkpt>
      <trkpt lat="36.754932403564453" lon="128.95035266876221">
        <ele>318.80000000000001</ele>
      </trkpt>
      <trkpt lat="36.754374504089355" lon="128.94979476928711">
        <ele>312.30000000000001</ele>
      </trkpt>
      <trkpt lat="36.753902435302734" lon="128.94953727722168">
        <ele>308.10000000000002</ele>
      </trkpt>
      <trkpt lat="36.752915382385254" lon="128.94829273223877">
        <ele>301.60000000000002</ele>
      </trkpt>
      <trkpt lat="36.75201416015625" lon="128.94700527191162">
        <ele>296.10000000000002</ele>
      </trkpt>
      <trkpt lat="36.751370429992676" lon="128.94546031951904">
        <ele>289</ele>
      </trkpt>
      <trkpt lat="36.750040054321289" lon="128.94473075866699">
        <ele>291.69999999999999</ele>
      </trkpt>
      <trkpt lat="36.748795509338379" lon="128.94327163696289">
        <ele>297</ele>
      </trkpt>
      <trkpt lat="36.748580932617188" lon="128.94288539886475">
        <ele>293.39999999999998</ele>
      </trkpt>
      <trkpt lat="36.748366355895996" lon="128.94237041473389">
        <ele>284.19999999999999</ele>
      </trkpt>
      <trkpt lat="36.748065948486328" lon="128.94073963165283">
        <ele>274.39999999999998</ele>
      </trkpt>
      <trkpt lat="36.747379302978516" lon="128.93945217132568">
        <ele>273</ele>
      </trkpt>
      <trkpt lat="36.746821403503418" lon="128.93867969512939">
        <ele>270.89999999999998</ele>
      </trkpt>
      <trkpt lat="36.744933128356934" lon="128.93696308135986">
        <ele>261</ele>
      </trkpt>
      <trkpt lat="36.74351692199707" lon="128.93601894378662">
        <ele>262.69999999999999</ele>
      </trkpt>
      <trkpt lat="36.742315292358398" lon="128.93619060516357">
        <ele>259.30000000000001</ele>
      </trkpt>
      <trkpt lat="36.741671562194824" lon="128.9361047744751">
        <ele>259.19999999999999</ele>
      </trkpt>
      <trkpt lat="36.738624572753906" lon="128.93649101257324">
        <ele>240.5</ele>
      </trkpt>
      <trkpt lat="36.737809181213379" lon="128.93606185913086">
        <ele>241.30000000000001</ele>
      </trkpt>
      <trkpt lat="36.737422943115234" lon="128.935546875">
        <ele>245.69999999999999</ele>
      </trkpt>
      <trkpt lat="36.73677921295166" lon="128.93490314483643">
        <ele>246</ele>
      </trkpt>
      <trkpt lat="36.735234260559082" lon="128.93438816070557">
        <ele>247</ele>
      </trkpt>
      <trkpt lat="36.733303070068359" lon="128.93434524536133">
        <ele>242.09999999999999</ele>
      </trkpt>
      <trkpt lat="36.732444763183594" lon="128.93455982208252">
        <ele>244.80000000000001</ele>
      </trkpt>
      <trkpt lat="36.731972694396973" lon="128.93477439880371">
        <ele>238.09999999999999</ele>
      </trkpt>
      <trkpt lat="36.731500625610352" lon="128.934645652771">
        <ele>240.40000000000001</ele>
      </trkpt>
      <trkpt lat="36.730642318725586" lon="128.93370151519775">
        <ele>236.59999999999999</ele>
      </trkpt>
      <trkpt lat="36.728668212890625" lon="128.93258571624756">
        <ele>231.5</ele>
      </trkpt>
      <trkpt lat="36.727166175842285" lon="128.93108367919922">
        <ele>221.59999999999999</ele>
      </trkpt>
      <trkpt lat="36.724891662597656" lon="128.92799377441406">
        <ele>229</ele>
      </trkpt>
      <trkpt lat="36.724848747253418" lon="128.92760753631592">
        <ele>228.59999999999999</ele>
      </trkpt>
      <trkpt lat="36.724891662597656" lon="128.92692089080811">
        <ele>222.90000000000001</ele>
      </trkpt>
      <trkpt lat="36.724419593811035" lon="128.92559051513672">
        <ele>227.5</ele>
      </trkpt>
      <trkpt lat="36.723775863647461" lon="128.92447471618652">
        <ele>216.19999999999999</ele>
      </trkpt>
      <trkpt lat="36.723260879516602" lon="128.92417430877686">
        <ele>211.09999999999999</ele>
      </trkpt>
      <trkpt lat="36.721758842468262" lon="128.92486095428467">
        <ele>210</ele>
      </trkpt>
      <trkpt lat="36.720600128173828" lon="128.92460346221924">
        <ele>213.59999999999999</ele>
      </trkpt>
      <trkpt lat="36.717724800109863" lon="128.92520427703857">
        <ele>219.30000000000001</ele>
      </trkpt>
      <trkpt lat="36.716694831848145" lon="128.92597675323486">
        <ele>209.59999999999999</ele>
      </trkpt>
      <trkpt lat="36.715450286865234" lon="128.92563343048096">
        <ele>219.5</ele>
      </trkpt>
      <trkpt lat="36.712918281555176" lon="128.92559051513672">
        <ele>207.30000000000001</ele>
      </trkpt>
      <trkpt lat="36.709527969360352" lon="128.92640590667725">
        <ele>198.19999999999999</ele>
      </trkpt>
      <trkpt lat="36.70708179473877" lon="128.92606258392334">
        <ele>196.69999999999999</ele>
      </trkpt>
      <trkpt lat="36.705493927001953" lon="128.92610549926758">
        <ele>197</ele>
      </trkpt>
      <trkpt lat="36.704592704772949" lon="128.92563343048096">
        <ele>200.30000000000001</ele>
      </trkpt>
      <trkpt lat="36.704034805297852" lon="128.92537593841553">
        <ele>200.09999999999999</ele>
      </trkpt>
      <trkpt lat="36.70081615447998" lon="128.92520427703857">
        <ele>196.69999999999999</ele>
      </trkpt>
      <trkpt lat="36.699228286743164" lon="128.92490386962891">
        <ele>192.69999999999999</ele>
      </trkpt>
      <trkpt lat="36.697297096252441" lon="128.92503261566162">
        <ele>189.40000000000001</ele>
      </trkpt>
      <trkpt lat="36.69682502746582" lon="128.92477512359619">
        <ele>190.59999999999999</ele>
      </trkpt>
      <trkpt lat="36.695923805236816" lon="128.92391681671143">
        <ele>192.80000000000001</ele>
      </trkpt>
      <trkpt lat="36.695494651794434" lon="128.92323017120361">
        <ele>191.69999999999999</ele>
      </trkpt>
      <trkpt lat="36.694722175598145" lon="128.92031192779541">
        <ele>189.69999999999999</ele>
      </trkpt>
      <trkpt lat="36.693820953369141" lon="128.91868114471436">
        <ele>187.90000000000001</ele>
      </trkpt>
      <trkpt lat="36.692962646484375" lon="128.91619205474854">
        <ele>188.40000000000001</ele>
      </trkpt>
      <trkpt lat="36.691975593566895" lon="128.91473293304443">
        <ele>186.69999999999999</ele>
      </trkpt>
      <trkpt lat="36.691632270812988" lon="128.91361713409424">
        <ele>196.69999999999999</ele>
      </trkpt>
      <trkpt lat="36.690173149108887" lon="128.91275882720947">
        <ele>205.19999999999999</ele>
      </trkpt>
      <trkpt lat="36.688971519470215" lon="128.91241550445557">
        <ele>191.5</ele>
      </trkpt>
      <trkpt lat="36.687726974487305" lon="128.91284465789795">
        <ele>200.59999999999999</ele>
      </trkpt>
      <trkpt lat="36.685967445373535" lon="128.91305923461914">
        <ele>202</ele>
      </trkpt>
      <trkpt lat="36.682019233703613" lon="128.91327381134033">
        <ele>181.80000000000001</ele>
      </trkpt>
      <trkpt lat="36.681160926818848" lon="128.91232967376709">
        <ele>193.09999999999999</ele>
      </trkpt>
      <trkpt lat="36.680259704589844" lon="128.91177177429199">
        <ele>184.80000000000001</ele>
      </trkpt>
      <trkpt lat="36.677899360656738" lon="128.90911102294922">
        <ele>174.30000000000001</ele>
      </trkpt>
      <trkpt lat="36.677255630493164" lon="128.90803813934326">
        <ele>186.30000000000001</ele>
      </trkpt>
      <trkpt lat="36.675882339477539" lon="128.90692234039307">
        <ele>181.40000000000001</ele>
      </trkpt>
      <trkpt lat="36.675581932067871" lon="128.90640735626221">
        <ele>184.30000000000001</ele>
      </trkpt>
      <trkpt lat="36.675238609313965" lon="128.90529155731201">
        <ele>180.40000000000001</ele>
      </trkpt>
      <trkpt lat="36.674723625183105" lon="128.90301704406738">
        <ele>168.09999999999999</ele>
      </trkpt>
      <trkpt lat="36.674723625183105" lon="128.90237331390381">
        <ele>171.09999999999999</ele>
      </trkpt>
      <trkpt lat="36.674895286560059" lon="128.901686668396">
        <ele>168.69999999999999</ele>
      </trkpt>
      <trkpt lat="36.675324440002441" lon="128.90108585357666">
        <ele>173</ele>
      </trkpt>
      <trkpt lat="36.67759895324707" lon="128.89889717102051">
        <ele>163.69999999999999</ele>
      </trkpt>
      <trkpt lat="36.677513122558594" lon="128.89838218688965">
        <ele>162.19999999999999</ele>
      </trkpt>
      <trkpt lat="36.67686939239502" lon="128.8970947265625">
        <ele>173.90000000000001</ele>
      </trkpt>
      <trkpt lat="36.67686939239502" lon="128.89610767364502">
        <ele>171.09999999999999</ele>
      </trkpt>
      <trkpt lat="36.676740646362305" lon="128.89576435089111">
        <ele>170.19999999999999</ele>
      </trkpt>
      <trkpt lat="36.676268577575684" lon="128.89503479003906">
        <ele>172.80000000000001</ele>
      </trkpt>
      <trkpt lat="36.675667762756348" lon="128.8945198059082">
        <ele>178.90000000000001</ele>
      </trkpt>
      <trkpt lat="36.675539016723633" lon="128.89430522918701">
        <ele>179</ele>
      </trkpt>
      <trkpt lat="36.67536735534668" lon="128.89293193817139">
        <ele>181.80000000000001</ele>
      </trkpt>
      <trkpt lat="36.675152778625488" lon="128.892502784729">
        <ele>182</ele>
      </trkpt>
      <trkpt lat="36.673564910888672" lon="128.89211654663086">
        <ele>191</ele>
      </trkpt>
      <trkpt lat="36.671290397644043" lon="128.89087200164795">
        <ele>198.09999999999999</ele>
      </trkpt>
      <trkpt lat="36.666827201843262" lon="128.88889789581299">
        <ele>244.40000000000001</ele>
      </trkpt>
      <trkpt lat="36.665925979614258" lon="128.88773918151855">
        <ele>255.19999999999999</ele>
      </trkpt>
      <trkpt lat="36.665582656860352" lon="128.8875675201416">
        <ele>255.19999999999999</ele>
      </trkpt>
      <trkpt lat="36.664295196533203" lon="128.88709545135498">
        <ele>241.19999999999999</ele>
      </trkpt>
      <trkpt lat="36.661591529846191" lon="128.8849925994873">
        <ele>209.40000000000001</ele>
      </trkpt>
      <trkpt lat="36.66262149810791" lon="128.88258934020996">
        <ele>216.19999999999999</ele>
      </trkpt>
      <trkpt lat="36.663479804992676" lon="128.88125896453857">
        <ele>222.80000000000001</ele>
      </trkpt>
      <trkpt lat="36.664338111877441" lon="128.88048648834229">
        <ele>221.59999999999999</ele>
      </trkpt>
      <trkpt lat="36.664681434631348" lon="128.8800573348999">
        <ele>217.40000000000001</ele>
      </trkpt>
      <trkpt lat="36.665282249450684" lon="128.87889862060547">
        <ele>221.19999999999999</ele>
      </trkpt>
      <trkpt lat="36.665539741516113" lon="128.8780403137207">
        <ele>232.19999999999999</ele>
      </trkpt>
      <trkpt lat="36.665582656860352" lon="128.87748241424561">
        <ele>235.19999999999999</ele>
      </trkpt>
      <trkpt lat="36.665453910827637" lon="128.87507915496826">
        <ele>238.69999999999999</ele>
      </trkpt>
      <trkpt lat="36.665925979614258" lon="128.87387752532959">
        <ele>259.60000000000002</ele>
      </trkpt>
      <trkpt lat="36.666183471679688" lon="128.87271881103516">
        <ele>270.19999999999999</ele>
      </trkpt>
      <trkpt lat="36.666998863220215" lon="128.86937141418457">
        <ele>290.89999999999998</ele>
      </trkpt>
      <trkpt lat="36.668243408203125" lon="128.86692523956299">
        <ele>314.39999999999998</ele>
      </trkpt>
      <trkpt lat="36.668930053710937" lon="128.8655948638916">
        <ele>316.10000000000002</ele>
      </trkpt>
      <trkpt lat="36.668887138366699" lon="128.86473655700684">
        <ele>305.30000000000001</ele>
      </trkpt>
      <trkpt lat="36.668415069580078" lon="128.86392116546631">
        <ele>306.39999999999998</ele>
      </trkpt>
      <trkpt lat="36.668415069580078" lon="128.8635778427124">
        <ele>303.39999999999998</ele>
      </trkpt>
      <trkpt lat="36.668672561645508" lon="128.86194705963135">
        <ele>282.80000000000001</ele>
      </trkpt>
      <trkpt lat="36.668157577514648" lon="128.86035919189453">
        <ele>268.60000000000002</ele>
      </trkpt>
      <trkpt lat="36.668157577514648" lon="128.85984420776367">
        <ele>263.69999999999999</ele>
      </trkpt>
      <trkpt lat="36.668243408203125" lon="128.85932922363281">
        <ele>258.10000000000002</ele>
      </trkpt>
      <trkpt lat="36.667985916137695" lon="128.85817050933838">
        <ele>243.30000000000001</ele>
      </trkpt>
      <trkpt lat="36.666269302368164" lon="128.85653972625732">
        <ele>223.09999999999999</ele>
      </trkpt>
      <trkpt lat="36.665711402893066" lon="128.85495185852051">
        <ele>216.69999999999999</ele>
      </trkpt>
      <trkpt lat="36.664681434631348" lon="128.85327816009521">
        <ele>215.59999999999999</ele>
      </trkpt>
      <trkpt lat="36.66386604309082" lon="128.85297775268555">
        <ele>222.30000000000001</ele>
      </trkpt>
      <trkpt lat="36.663565635681152" lon="128.85250568389893">
        <ele>226.5</ele>
      </trkpt>
      <trkpt lat="36.663694381713867" lon="128.85147571563721">
        <ele>219.69999999999999</ele>
      </trkpt>
      <trkpt lat="36.663565635681152" lon="128.85100364685059">
        <ele>216.19999999999999</ele>
      </trkpt>
      <trkpt lat="36.662578582763672" lon="128.84958744049072">
        <ele>197.80000000000001</ele>
      </trkpt>
      <trkpt lat="36.660990715026855" lon="128.84817123413086">
        <ele>188.09999999999999</ele>
      </trkpt>
      <trkpt lat="36.660346984863281" lon="128.84782791137695">
        <ele>174.80000000000001</ele>
      </trkpt>
      <trkpt lat="36.654810905456543" lon="128.84761333465576">
        <ele>174</ele>
      </trkpt>
      <trkpt lat="36.654167175292969" lon="128.84739875793457">
        <ele>176.19999999999999</ele>
      </trkpt>
      <trkpt lat="36.652965545654297" lon="128.8465404510498">
        <ele>187</ele>
      </trkpt>
      <trkpt lat="36.652235984802246" lon="128.84615421295166">
        <ele>183</ele>
      </trkpt>
      <trkpt lat="36.652107238769531" lon="128.84598255157471">
        <ele>180.09999999999999</ele>
      </trkpt>
      <trkpt lat="36.651678085327148" lon="128.84422302246094">
        <ele>175</ele>
      </trkpt>
      <trkpt lat="36.650562286376953" lon="128.8427209854126">
        <ele>183.69999999999999</ele>
      </trkpt>
      <trkpt lat="36.650261878967285" lon="128.84203433990479">
        <ele>187.69999999999999</ele>
      </trkpt>
      <trkpt lat="36.650218963623047" lon="128.84151935577393">
        <ele>189.69999999999999</ele>
      </trkpt>
      <trkpt lat="36.650545438751578" lon="128.83935682475567">
        <ele>216.69999999999999</ele>
      </trkpt>
      <trkpt lat="36.650819778442383" lon="128.8352108001709">
        <ele>253.80000000000001</ele>
      </trkpt>
      <trkpt lat="36.651420593261719" lon="128.83267879486084">
        <ele>258.89999999999998</ele>
      </trkpt>
      <trkpt lat="36.652021408081055" lon="128.8311767578125">
        <ele>227.90000000000001</ele>
      </trkpt>
      <trkpt lat="36.654510498046875" lon="128.82838726043701">
        <ele>237.69999999999999</ele>
      </trkpt>
      <trkpt lat="36.654682159423828" lon="128.82795810699463">
        <ele>242.09999999999999</ele>
      </trkpt>
      <trkpt lat="36.654682159423828" lon="128.82740020751953">
        <ele>245.69999999999999</ele>
      </trkpt>
      <trkpt lat="36.654596328735352" lon="128.82692813873291">
        <ele>245.19999999999999</ele>
      </trkpt>
      <trkpt lat="36.654510498046875" lon="128.82662773132324">
        <ele>243.30000000000001</ele>
      </trkpt>
      <trkpt lat="36.653480529785156" lon="128.82529735565186">
        <ele>224.80000000000001</ele>
      </trkpt>
      <trkpt lat="36.653094291687012" lon="128.82461071014404">
        <ele>221.09999999999999</ele>
      </trkpt>
      <trkpt lat="36.65287971496582" lon="128.82375240325928">
        <ele>218.69999999999999</ele>
      </trkpt>
      <trkpt lat="36.652793884277344" lon="128.82139205932617">
        <ele>209.90000000000001</ele>
      </trkpt>
      <trkpt lat="36.652665138244629" lon="128.82104873657227">
        <ele>208.19999999999999</ele>
      </trkpt>
      <trkpt lat="36.652235984802246" lon="128.82057666778564">
        <ele>210</ele>
      </trkpt>
      <trkpt lat="36.649875640869141" lon="128.81989002227783">
        <ele>214.09999999999999</ele>
      </trkpt>
      <trkpt lat="36.649575233459473" lon="128.8196325302124">
        <ele>214.5</ele>
      </trkpt>
      <trkpt lat="36.648545265197754" lon="128.81808757781982">
        <ele>225.80000000000001</ele>
      </trkpt>
      <trkpt lat="36.648373603820801" lon="128.81688594818115">
        <ele>234.90000000000001</ele>
      </trkpt>
      <trkpt lat="36.648116111755371" lon="128.81624221801758">
        <ele>238.80000000000001</ele>
      </trkpt>
      <trkpt lat="36.648159027099609" lon="128.81521224975586">
        <ele>246.80000000000001</ele>
      </trkpt>
      <trkpt lat="36.647858619689941" lon="128.81448268890381">
        <ele>246</ele>
      </trkpt>
      <trkpt lat="36.647214889526367" lon="128.81388187408447">
        <ele>243.40000000000001</ele>
      </trkpt>
      <trkpt lat="36.64639949798584" lon="128.81349563598633">
        <ele>245.90000000000001</ele>
      </trkpt>
      <trkpt lat="36.645455360412598" lon="128.81259441375732">
        <ele>252</ele>
      </trkpt>
      <trkpt lat="36.643867492675781" lon="128.81229400634766">
        <ele>253.5</ele>
      </trkpt>
      <trkpt lat="36.643266677856445" lon="128.81237983703613">
        <ele>247.40000000000001</ele>
      </trkpt>
      <trkpt lat="36.642451286315918" lon="128.81310939788818">
        <ele>242.5</ele>
      </trkpt>
      <trkpt lat="36.641378402709961" lon="128.81310939788818">
        <ele>234.90000000000001</ele>
      </trkpt>
      <trkpt lat="36.640605926513672" lon="128.81263732910156">
        <ele>223.30000000000001</ele>
      </trkpt>
      <trkpt lat="36.639189720153809" lon="128.8112211227417">
        <ele>212.30000000000001</ele>
      </trkpt>
      <trkpt lat="36.638588905334473" lon="128.81036281585693">
        <ele>210</ele>
      </trkpt>
      <trkpt lat="36.63790225982666" lon="128.80989074707031">
        <ele>201.09999999999999</ele>
      </trkpt>
      <trkpt lat="36.637558937072754" lon="128.80941867828369">
        <ele>195.19999999999999</ele>
      </trkpt>
      <trkpt lat="36.637558937072754" lon="128.80551338195801">
        <ele>193.30000000000001</ele>
      </trkpt>
      <trkpt lat="36.636443138122559" lon="128.802809715271">
        <ele>199.59999999999999</ele>
      </trkpt>
      <trkpt lat="36.635627746582031" lon="128.80199432373047">
        <ele>203.19999999999999</ele>
      </trkpt>
      <trkpt lat="36.635284423828125" lon="128.80173683166504">
        <ele>201.90000000000001</ele>
      </trkpt>
      <trkpt lat="36.634597778320312" lon="128.80152225494385">
        <ele>204.5</ele>
      </trkpt>
      <trkpt lat="36.633696556091309" lon="128.80053520202637">
        <ele>203</ele>
      </trkpt>
      <trkpt lat="36.632580757141113" lon="128.80019187927246">
        <ele>213.19999999999999</ele>
      </trkpt>
      <trkpt lat="36.631679534912109" lon="128.80027770996094">
        <ele>222.90000000000001</ele>
      </trkpt>
      <trkpt lat="36.631336212158203" lon="128.80006313323975">
        <ele>223.90000000000001</ele>
      </trkpt>
      <trkpt lat="36.629705429077148" lon="128.79830360412598">
        <ele>244.30000000000001</ele>
      </trkpt>
      <trkpt lat="36.628289222717285" lon="128.79727363586426">
        <ele>254.5</ele>
      </trkpt>
      <trkpt lat="36.627302169799805" lon="128.7962007522583">
        <ele>255.59999999999999</ele>
      </trkpt>
      <trkpt lat="36.626787185668945" lon="128.79482746124268">
        <ele>243.80000000000001</ele>
      </trkpt>
      <trkpt lat="36.626701354980469" lon="128.79293918609619">
        <ele>246</ele>
      </trkpt>
      <trkpt lat="36.626143455505371" lon="128.79246711730957">
        <ele>244.69999999999999</ele>
      </trkpt>
      <trkpt lat="36.62468433380127" lon="128.79233837127686">
        <ele>234.30000000000001</ele>
      </trkpt>
      <trkpt lat="36.623525619506836" lon="128.79169464111328">
        <ele>236.80000000000001</ele>
      </trkpt>
      <trkpt lat="36.621508598327637" lon="128.79087924957275">
        <ele>229.09999999999999</ele>
      </trkpt>
      <trkpt lat="36.617517471313477" lon="128.78542900085449">
        <ele>223.19999999999999</ele>
      </trkpt>
      <trkpt lat="36.616659164428711" lon="128.78401279449463">
        <ele>216.69999999999999</ele>
      </trkpt>
      <trkpt lat="36.616530418395996" lon="128.78075122833252">
        <ele>220</ele>
      </trkpt>
      <trkpt lat="36.61567211151123" lon="128.77873420715332">
        <ele>212.19999999999999</ele>
      </trkpt>
      <trkpt lat="36.615586280822754" lon="128.7782621383667">
        <ele>213.30000000000001</ele>
      </trkpt>
      <trkpt lat="36.616144180297852" lon="128.77727508544922">
        <ele>220</ele>
      </trkpt>
      <trkpt lat="36.616272926330566" lon="128.7768030166626">
        <ele>217.30000000000001</ele>
      </trkpt>
      <trkpt lat="36.616015434265137" lon="128.7756872177124">
        <ele>210.5</ele>
      </trkpt>
      <trkpt lat="36.615242958068848" lon="128.7751293182373">
        <ele>211.90000000000001</ele>
      </trkpt>
      <trkpt lat="36.61494255065918" lon="128.77461433410645">
        <ele>210.80000000000001</ele>
      </trkpt>
      <trkpt lat="36.614513397216797" lon="128.77203941345215">
        <ele>210.19999999999999</ele>
      </trkpt>
      <trkpt lat="36.613955497741699" lon="128.77100944519043">
        <ele>208</ele>
      </trkpt>
      <trkpt lat="36.613740921020508" lon="128.77027988433838">
        <ele>210.40000000000001</ele>
      </trkpt>
      <trkpt lat="36.613268852233887" lon="128.76972198486328">
        <ele>210.09999999999999</ele>
      </trkpt>
      <trkpt lat="36.61318302154541" lon="128.76933574676514">
        <ele>213.30000000000001</ele>
      </trkpt>
      <trkpt lat="36.61292552947998" lon="128.76894950866699">
        <ele>213.40000000000001</ele>
      </trkpt>
      <trkpt lat="36.612753868103027" lon="128.76787662506104">
        <ele>212.5</ele>
      </trkpt>
      <trkpt lat="36.612067222595215" lon="128.76757621765137">
        <ele>207.90000000000001</ele>
      </trkpt>
      <trkpt lat="36.611294746398926" lon="128.76770496368408">
        <ele>203.09999999999999</ele>
      </trkpt>
      <trkpt lat="36.611723899841309" lon="128.76594543457031">
        <ele>195.69999999999999</ele>
      </trkpt>
      <trkpt lat="36.611638069152832" lon="128.76513004302979">
        <ele>197.59999999999999</ele>
      </trkpt>
      <trkpt lat="36.610822677612305" lon="128.76440048217773">
        <ele>199.40000000000001</ele>
      </trkpt>
      <trkpt lat="36.60944938659668" lon="128.7637996673584">
        <ele>196.19999999999999</ele>
      </trkpt>
      <trkpt lat="36.60893440246582" lon="128.76328468322754">
        <ele>199.5</ele>
      </trkpt>
      <trkpt lat="36.608805656433105" lon="128.76276969909668">
        <ele>200.09999999999999</ele>
      </trkpt>
      <trkpt lat="36.608805656433105" lon="128.76139640808105">
        <ele>195.59999999999999</ele>
      </trkpt>
      <trkpt lat="36.608633995056152" lon="128.76062393188477">
        <ele>193.30000000000001</ele>
      </trkpt>
      <trkpt lat="36.607561111450195" lon="128.75895023345947">
        <ele>186</ele>
      </trkpt>
      <trkpt lat="36.606788635253906" lon="128.7562894821167">
        <ele>191.30000000000001</ele>
      </trkpt>
      <trkpt lat="36.606101989746094" lon="128.75500202178955">
        <ele>203.59999999999999</ele>
      </trkpt>
      <trkpt lat="36.605973243713379" lon="128.75470161437988">
        <ele>204.5</ele>
      </trkpt>
      <trkpt lat="36.605801582336426" lon="128.75328540802002">
        <ele>206</ele>
      </trkpt>
      <trkpt lat="36.605501174926758" lon="128.75259876251221">
        <ele>206.5</ele>
      </trkpt>
      <trkpt lat="36.605157852172852" lon="128.75161170959473">
        <ele>193.19999999999999</ele>
      </trkpt>
      <trkpt lat="36.604771614074707" lon="128.75131130218506">
        <ele>187.59999999999999</ele>
      </trkpt>
      <trkpt lat="36.60344123840332" lon="128.75083923339844">
        <ele>185.30000000000001</ele>
      </trkpt>
      <trkpt lat="36.601080894470215" lon="128.74912261962891">
        <ele>170.19999999999999</ele>
      </trkpt>
      <trkpt lat="36.598377227783203" lon="128.74770641326904">
        <ele>162</ele>
      </trkpt>
      <trkpt lat="36.597132682800293" lon="128.74744892120361">
        <ele>155.09999999999999</ele>
      </trkpt>
      <trkpt lat="36.594858169555664" lon="128.74749183654785">
        <ele>144.5</ele>
      </trkpt>
      <trkpt lat="36.594429016113281" lon="128.74727725982666">
        <ele>147.5</ele>
      </trkpt>
      <trkpt lat="36.593871116638184" lon="128.74689102172852">
        <ele>149.19999999999999</ele>
      </trkpt>
      <trkpt lat="36.593399047851562" lon="128.74616146087646">
        <ele>147.90000000000001</ele>
      </trkpt>
      <trkpt lat="36.593012809753418" lon="128.74521732330322">
        <ele>149.59999999999999</ele>
      </trkpt>
      <trkpt lat="36.59296989440918" lon="128.74448776245117">
        <ele>154.69999999999999</ele>
      </trkpt>
      <trkpt lat="36.593184471130371" lon="128.74337196350098">
        <ele>155.30000000000001</ele>
      </trkpt>
      <trkpt lat="36.592926979064941" lon="128.74289989471436">
        <ele>159.90000000000001</ele>
      </trkpt>
      <trkpt lat="36.59245491027832" lon="128.74229907989502">
        <ele>162.5</ele>
      </trkpt>
      <trkpt lat="36.591939926147461" lon="128.74212741851807">
        <ele>170.59999999999999</ele>
      </trkpt>
      <trkpt lat="36.591167449951172" lon="128.74234199523926">
        <ele>175.19999999999999</ele>
      </trkpt>
      <trkpt lat="36.590695381164551" lon="128.74225616455078">
        <ele>178.80000000000001</ele>
      </trkpt>
      <trkpt lat="36.589922904968262" lon="128.74178409576416">
        <ele>183.69999999999999</ele>
      </trkpt>
      <trkpt lat="36.587562561035156" lon="128.74135494232178">
        <ele>191.30000000000001</ele>
      </trkpt>
      <trkpt lat="36.586103439331055" lon="128.74058246612549">
        <ele>211</ele>
      </trkpt>
      <trkpt lat="36.585416793823242" lon="128.73993873596191">
        <ele>218.19999999999999</ele>
      </trkpt>
      <trkpt lat="36.58348560333252" lon="128.73800754547119">
        <ele>201.19999999999999</ele>
      </trkpt>
      <trkpt lat="36.583099365234375" lon="128.73753547668457">
        <ele>187.80000000000001</ele>
      </trkpt>
      <trkpt lat="36.581811904907227" lon="128.73444557189941">
        <ele>158.30000000000001</ele>
      </trkpt>
      <trkpt lat="36.58048152923584" lon="128.73345851898193">
        <ele>148.30000000000001</ele>
      </trkpt>
      <trkpt lat="36.579408645629883" lon="128.73354434967041">
        <ele>145</ele>
      </trkpt>
      <trkpt lat="36.577606201171875" lon="128.7328577041626">
        <ele>144.30000000000001</ele>
      </trkpt>
      <trkpt lat="36.577391624450684" lon="128.73294353485107">
        <ele>145.59999999999999</ele>
      </trkpt>
      <trkpt lat="36.576576232910156" lon="128.7334156036377">
        <ele>141.69999999999999</ele>
      </trkpt>
      <trkpt lat="36.576104164123535" lon="128.73371601104736">
        <ele>131.30000000000001</ele>
      </trkpt>
      <trkpt lat="36.575675010681152" lon="128.73380184173584">
        <ele>125.2</ele>
      </trkpt>
      <trkpt lat="36.573529243469238" lon="128.73255729675293">
        <ele>114.7</ele>
      </trkpt>
      <trkpt lat="36.572027206420898" lon="128.7322998046875">
        <ele>115.2</ele>
      </trkpt>
      <trkpt lat="36.570954322814941" lon="128.73212814331055">
        <ele>112.8</ele>
      </trkpt>
      <trkpt lat="36.569323539733887" lon="128.73161315917969">
        <ele>104.7</ele>
      </trkpt>
      <trkpt lat="36.5679931640625" lon="128.73058319091797">
        <ele>101.90000000000001</ele>
      </trkpt>
      <trkpt lat="36.566678965464234" lon="128.72880203649402">
        <ele>99</ele>
      </trkpt>
      <trkpt lat="36.566738979890943" lon="128.72807297855616">
        <ele>99.700000000000003</ele>
      </trkpt>
      <trkpt lat="36.566743003204465" lon="128.72679599560797">
        <ele>98.700000000000003</ele>
      </trkpt>
      <trkpt lat="36.566748032346368" lon="128.72551901265979">
        <ele>98.900000000000006</ele>
      </trkpt>
      <trkpt lat="36.566748032346368" lon="128.72430698946118">
        <ele>100.3</ele>
      </trkpt>
      <trkpt lat="36.566748032346368" lon="128.7230939604342">
        <ele>102.2</ele>
      </trkpt>
      <trkpt lat="36.566748032346368" lon="128.72188202105463">
        <ele>102</ele>
      </trkpt>
      <trkpt lat="36.566748032346368" lon="128.72066999785602">
        <ele>100.5</ele>
      </trkpt>
      <trkpt lat="36.566376965492964" lon="128.72073403559625">
        <ele>99.299999999999997</ele>
      </trkpt>
      <trkpt lat="36.565364012494683" lon="128.72073898091912">
        <ele>97.400000000000006</ele>
      </trkpt>
      <trkpt lat="36.564350975677371" lon="128.72074300423265">
        <ele>95.599999999999994</ele>
      </trkpt>
      <trkpt lat="36.56333802267909" lon="128.72074803337455">
        <ele>94</ele>
      </trkpt>
      <trkpt lat="36.562324985861778" lon="128.72075297869742">
        <ele>95.5</ele>
      </trkpt>
      <trkpt lat="36.561311027035117" lon="128.72075700201094">
        <ele>95</ele>
      </trkpt>
      <trkpt lat="36.560297990217805" lon="128.72076203115284">
        <ele>97.799999999999997</ele>
      </trkpt>
      <trkpt lat="36.559285037219524" lon="128.72076597064734">
        <ele>99</ele>
      </trkpt>
      <trkpt lat="36.558284992352128" lon="128.72085196897388">
        <ele>98.400000000000006</ele>
      </trkpt>
      <trkpt lat="36.552972793579102" lon="128.72088432312012">
        <ele>95.299999999999997</ele>
      </trkpt>
      <trkpt lat="36.552543640136719" lon="128.72066974639893">
        <ele>99</ele>
      </trkpt>
      <trkpt lat="36.552329063415527" lon="128.7204122543335">
        <ele>98.299999999999997</ele>
      </trkpt>
      <trkpt lat="36.552071571350098" lon="128.71951103210449">
        <ele>99</ele>
      </trkpt>
      <trkpt lat="36.552566606551409" lon="128.71926317922771">
        <ele>95.599999999999994</ele>
      </trkpt>
      <trkpt lat="36.552692418918014" lon="128.71804369613528">
        <ele>92.5</ele>
      </trkpt>
      <trkpt lat="36.552530648186803" lon="128.71638064272702">
        <ele>90</ele>
      </trkpt>
      <trkpt lat="36.552836084738374" lon="128.71625315397978">
        <ele>90</ele>
      </trkpt>
      <trkpt lat="36.552768694236875" lon="128.7153385207057">
        <ele>90</ele>
      </trkpt>
      <trkpt lat="36.552607007324696" lon="128.71454031206667">
        <ele>90</ele>
      </trkpt>
      <trkpt lat="36.552593512460589" lon="128.71379197575152">
        <ele>90</ele>
      </trkpt>
      <trkpt lat="36.552243232727051" lon="128.711829604581">
        <ele>91.799999999999997</ele>
      </trkpt>
      <trkpt lat="36.552202748134732" lon="128.70948510244489">
        <ele>90.599999999999994</ele>
      </trkpt>
      <trkpt lat="36.55189286917448" lon="128.70873676612973">
        <ele>91.5</ele>
      </trkpt>
      <trkpt lat="36.551906364038587" lon="128.70820459909737">
        <ele>91.200000000000003</ele>
      </trkpt>
      <trkpt lat="36.551380818709731" lon="128.70551057159901">
        <ele>90</ele>
      </trkpt>
      <trkpt lat="36.550760976970196" lon="128.70391407050192">
        <ele>90</ele>
      </trkpt>
      <trkpt lat="36.550222020596266" lon="128.70301611721516">
        <ele>90</ele>
      </trkpt>
      <trkpt lat="36.549386596307158" lon="128.70223450474441">
        <ele>91.5</ele>
      </trkpt>
      <trkpt lat="36.549090128391981" lon="128.70126991532743">
        <ele>90</ele>
      </trkpt>
      <trkpt lat="36.548631973564625" lon="128.70045511052012">
        <ele>90.099999999999994</ele>
      </trkpt>
      <trkpt lat="36.547338394448161" lon="128.69862576015294">
        <ele>88</ele>
      </trkpt>
      <trkpt lat="36.54686682857573" lon="128.69840959087014">
        <ele>88.599999999999994</ele>
      </trkpt>
      <trkpt lat="36.543808523565531" lon="128.6945020314306">
        <ele>89.400000000000006</ele>
      </trkpt>
      <trkpt lat="36.543215587735176" lon="128.69363727048039">
        <ele>90.099999999999994</ele>
      </trkpt>
      <trkpt lat="36.542582334950566" lon="128.6925730202347">
        <ele>89.099999999999994</ele>
      </trkpt>
      <trkpt lat="36.542083695530891" lon="128.69139226153493">
        <ele>89</ele>
      </trkpt>
      <trkpt lat="36.541692931205034" lon="128.68982903659344">
        <ele>89</ele>
      </trkpt>
      <trkpt lat="36.541369557380676" lon="128.688382236287">
        <ele>91.400000000000006</ele>
      </trkpt>
      <trkpt lat="36.541409958153963" lon="128.68785006925464">
        <ele>93.5</ele>
      </trkpt>
      <trkpt lat="36.54177381657064" lon="128.6861870996654">
        <ele>89</ele>
      </trkpt>
      <trkpt lat="36.542016388848424" lon="128.68540548719466">
        <ele>91.099999999999994</ele>
      </trkpt>
      <trkpt lat="36.542326267808676" lon="128.68490659631789">
        <ele>90.799999999999997</ele>
      </trkpt>
      <trkpt lat="36.542973099276423" lon="128.68317707441747">
        <ele>92.400000000000006</ele>
      </trkpt>
      <trkpt lat="36.54310779646039" lon="128.68269477970898">
        <ele>93.5</ele>
      </trkpt>
      <trkpt lat="36.543700732290745" lon="128.68207954801619">
        <ele>92.900000000000006</ele>
      </trkpt>
      <trkpt lat="36.543956715613604" lon="128.68169699795544">
        <ele>92.400000000000006</ele>
      </trkpt>
      <trkpt lat="36.544360974803567" lon="128.68139768019319">
        <ele>91.200000000000003</ele>
      </trkpt>
      <trkpt lat="36.544724749401212" lon="128.68074908852577">
        <ele>93.400000000000006</ele>
      </trkpt>
      <trkpt lat="36.544724749401212" lon="128.6800844874233">
        <ele>104.5</ele>
      </trkpt>
      <trkpt lat="36.545129008591175" lon="128.67943589575589">
        <ele>109.59999999999999</ele>
      </trkpt>
      <trkpt lat="36.545681459829211" lon="128.67793922312558">
        <ele>104.3</ele>
      </trkpt>
      <trkpt lat="36.545681459829211" lon="128.67737377993762">
        <ele>107.7</ele>
      </trkpt>
      <trkpt lat="36.545977927744389" lon="128.67635940201581">
        <ele>107.2</ele>
      </trkpt>
      <trkpt lat="36.54593744315207" lon="128.67576068267226">
        <ele>105.3</ele>
      </trkpt>
      <trkpt lat="36.546435998752713" lon="128.67446358315647">
        <ele>120.5</ele>
      </trkpt>
      <trkpt lat="36.547055840492249" lon="128.67361541837454">
        <ele>125.59999999999999</ele>
      </trkpt>
      <trkpt lat="36.547460099682212" lon="128.67286708205938">
        <ele>127.3</ele>
      </trkpt>
      <trkpt lat="36.547810463234782" lon="128.67253448814154">
        <ele>130.30000000000001</ele>
      </trkpt>
      <trkpt lat="36.547985645011067" lon="128.67196904495358">
        <ele>133.19999999999999</ele>
      </trkpt>
      <trkpt lat="36.548295523971319" lon="128.67168640717864">
        <ele>131.40000000000001</ele>
      </trkpt>
      <trkpt lat="36.548268618062139" lon="128.67138700559735">
        <ele>134.59999999999999</ele>
      </trkpt>
      <trkpt lat="36.547810463234782" lon="128.67040590383112">
        <ele>147.90000000000001</ele>
      </trkpt>
      <trkpt lat="36.547540985047817" lon="128.66930829361081">
        <ele>159.19999999999999</ele>
      </trkpt>
      <trkpt lat="36.545991338789463" lon="128.66854327730834">
        <ele>172.59999999999999</ele>
      </trkpt>
      <trkpt lat="36.545331096276641" lon="128.66846012882888">
        <ele>163.19999999999999</ele>
      </trkpt>
      <trkpt lat="36.544805550947785" lon="128.66819408722222">
        <ele>153.09999999999999</ele>
      </trkpt>
      <trkpt lat="36.544077917933464" lon="128.66832710802555">
        <ele>141.69999999999999</ele>
      </trkpt>
      <trkpt lat="36.543390769511461" lon="128.6679945141077">
        <ele>132.19999999999999</ele>
      </trkpt>
      <trkpt lat="36.542973015457392" lon="128.66746234707534">
        <ele>129.59999999999999</ele>
      </trkpt>
      <trkpt lat="36.541652530431747" lon="128.66689698770642">
        <ele>118</ele>
      </trkpt>
      <trkpt lat="36.541410209611058" lon="128.66656447760761">
        <ele>110</ele>
      </trkpt>
      <trkpt lat="36.541275512427092" lon="128.66601571440697">
        <ele>111.40000000000001</ele>
      </trkpt>
      <trkpt lat="36.54099253937602" lon="128.66571639664471">
        <ele>108.40000000000001</ele>
      </trkpt>
      <trkpt lat="36.539362091571093" lon="128.66523410193622">
        <ele>97.299999999999997</ele>
      </trkpt>
      <trkpt lat="36.538863535970449" lon="128.66478508338332">
        <ele>90.400000000000006</ele>
      </trkpt>
      <trkpt lat="36.538513172417879" lon="128.66473521105945">
        <ele>90.299999999999997</ele>
      </trkpt>
      <trkpt lat="36.538499677553773" lon="128.66473521105945">
        <ele>90.299999999999997</ele>
      </trkpt>
      <trkpt lat="36.537206098437309" lon="128.66531725041568">
        <ele>92.599999999999994</ele>
      </trkpt>
      <trkpt lat="36.536006899550557" lon="128.66526737809181">
        <ele>89.400000000000006</ele>
      </trkpt>
      <trkpt lat="36.535589145496488" lon="128.66616533137858">
        <ele>91</ele>
      </trkpt>
      <trkpt lat="36.53519838117063" lon="128.6665977537632">
        <ele>87.599999999999994</ele>
      </trkpt>
      <trkpt lat="36.534794121980667" lon="128.66611545905471">
        <ele>83.799999999999997</ele>
      </trkpt>
      <trkpt lat="36.534093478694558" lon="128.66548354737461">
        <ele>83.900000000000006</ele>
      </trkpt>
      <trkpt lat="36.533621829003096" lon="128.66446908563375">
        <ele>83.799999999999997</ele>
      </trkpt>
      <trkpt lat="36.533433236181736" lon="128.66383717395365">
        <ele>83.099999999999994</ele>
      </trkpt>
      <trkpt lat="36.533433236181736" lon="128.66317198611796">
        <ele>82.200000000000003</ele>
      </trkpt>
      <trkpt lat="36.533689219504595" lon="128.66255667060614">
        <ele>82.900000000000006</ele>
      </trkpt>
      <trkpt lat="36.535575650632381" lon="128.66057770326734">
        <ele>84.400000000000006</ele>
      </trkpt>
      <trkpt lat="36.535589145496488" lon="128.66057770326734">
        <ele>84.299999999999997</ele>
      </trkpt>
      <trkpt lat="36.537246583029628" lon="128.65974621847272">
        <ele>83</ele>
      </trkpt>
      <trkpt lat="36.539079118520021" lon="128.65834929049015">
        <ele>83.599999999999994</ele>
      </trkpt>
      <trkpt lat="36.540615186095238" lon="128.65751780569553">
        <ele>82.700000000000003</ele>
      </trkpt>
      <trkpt lat="36.540763461962342" lon="128.65700231865048">
        <ele>82.799999999999997</ele>
      </trkpt>
      <trkpt lat="36.540615186095238" lon="128.65563866682351">
        <ele>84.599999999999994</ele>
      </trkpt>
      <trkpt lat="36.540857758373022" lon="128.65528939291835">
        <ele>85.799999999999997</ele>
      </trkpt>
      <trkpt lat="36.541315661743283" lon="128.65490742959082">
        <ele>83.400000000000006</ele>
      </trkpt>
      <trkpt lat="36.541517833247781" lon="128.65440853871405">
        <ele>82</ele>
      </trkpt>
      <trkpt lat="36.541504338383675" lon="128.65377654321492">
        <ele>80.799999999999997</ele>
      </trkpt>
      <trkpt lat="36.541342651471496" lon="128.65262914448977">
        <ele>82.900000000000006</ele>
      </trkpt>
      <trkpt lat="36.541032688692212" lon="128.65159808658063">
        <ele>87.200000000000003</ele>
      </trkpt>
      <trkpt lat="36.54158522374928" lon="128.64868780598044">
        <ele>92.200000000000003</ele>
      </trkpt>
      <trkpt lat="36.541881607845426" lon="128.64739070646465">
        <ele>89.700000000000003</ele>
      </trkpt>
      <trkpt lat="36.54256884008646" lon="128.645478207618">
        <ele>84.5</ele>
      </trkpt>
      <trkpt lat="36.542946109548211" lon="128.64368221722543">
        <ele>88.200000000000003</ele>
      </trkpt>
      <trkpt lat="36.54301350004971" lon="128.64216886460781">
        <ele>94.900000000000006</ele>
      </trkpt>
      <trkpt lat="36.542905708774924" lon="128.64047261886299">
        <ele>94.099999999999994</ele>
      </trkpt>
      <trkpt lat="36.542636230587959" lon="128.63952470943332">
        <ele>89.799999999999997</ele>
      </trkpt>
      <trkpt lat="36.543120956048369" lon="128.63739654421806">
        <ele>89.700000000000003</ele>
      </trkpt>
      <trkpt lat="36.54347131960094" lon="128.63683118484914">
        <ele>109.3</ele>
      </trkpt>
      <trkpt lat="36.544118067249656" lon="128.63606616854668">
        <ele>118.09999999999999</ele>
      </trkpt>
      <trkpt lat="36.545115178450942" lon="128.63445307128131">
        <ele>120.7</ele>
      </trkpt>
      <trkpt lat="36.545384740456939" lon="128.63368805497885">
        <ele>137.19999999999999</ele>
      </trkpt>
      <trkpt lat="36.545937191694975" lon="128.63313929177821">
        <ele>137.40000000000001</ele>
      </trkpt>
      <trkpt lat="36.546327956020832" lon="128.63270695321262">
        <ele>140.59999999999999</ele>
      </trkpt>
      <trkpt lat="36.547392457723618" lon="128.63185878843069">
        <ele>134.80000000000001</ele>
      </trkpt>
      <trkpt lat="36.549373185262084" lon="128.63086100667715">
        <ele>142.40000000000001</ele>
      </trkpt>
      <trkpt lat="36.550100818276405" lon="128.63026228733361">
        <ele>133.5</ele>
      </trkpt>
      <trkpt lat="36.551205804571509" lon="128.62996296957135">
        <ele>115.7</ele>
      </trkpt>
      <trkpt lat="36.551758255809546" lon="128.62954722717404">
        <ele>109.3</ele>
      </trkpt>
      <trkpt lat="36.55368466861546" lon="128.62881548702717">
        <ele>106.2</ele>
      </trkpt>
      <trkpt lat="36.554237119853497" lon="128.62843302078545">
        <ele>104.7</ele>
      </trkpt>
      <trkpt lat="36.555301621556282" lon="128.62738536670804">
        <ele>94.099999999999994</ele>
      </trkpt>
      <trkpt lat="36.555934958159924" lon="128.62695294432342">
        <ele>91.400000000000006</ele>
      </trkpt>
      <trkpt lat="36.55648740939796" lon="128.6267866473645">
        <ele>89.700000000000003</ele>
      </trkpt>
      <trkpt lat="36.557578900828958" lon="128.62667022272944">
        <ele>85.900000000000006</ele>
      </trkpt>
      <trkpt lat="36.557646207511425" lon="128.62730221822858">
        <ele>87.400000000000006</ele>
      </trkpt>
      <trkpt lat="36.558858985081315" lon="128.62720238976181">
        <ele>84.799999999999997</ele>
      </trkpt>
      <trkpt lat="36.559182358905673" lon="128.62731881439686">
        <ele>83.900000000000006</ele>
      </trkpt>
      <trkpt lat="36.56163414940238" lon="128.62474154680967">
        <ele>79.200000000000003</ele>
      </trkpt>
      <trkpt lat="36.562159694731236" lon="128.62386018969119">
        <ele>79.900000000000006</ele>
      </trkpt>
      <trkpt lat="36.562563953921199" lon="128.62264615483582">
        <ele>82</ele>
      </trkpt>
      <trkpt lat="36.562766041606665" lon="128.62134905532002">
        <ele>83.799999999999997</ele>
      </trkpt>
      <trkpt lat="36.562752546742558" lon="128.61986897885799">
        <ele>82</ele>
      </trkpt>
      <trkpt lat="36.562833432108164" lon="128.61883792094886">
        <ele>83</ele>
      </trkpt>
      <trkpt lat="36.563412873074412" lon="128.61539555713534">
        <ele>79</ele>
      </trkpt>
      <trkpt lat="36.56329158693552" lon="128.6133168451488">
        <ele>80.200000000000003</ele>
      </trkpt>
      <trkpt lat="36.563183963298798" lon="128.60827831551433">
        <ele>79.200000000000003</ele>
      </trkpt>
      <trkpt lat="36.562874000519514" lon="128.60671509057283">
        <ele>78</ele>
      </trkpt>
      <trkpt lat="36.561782592907548" lon="128.60338915139437">
        <ele>80.5</ele>
      </trkpt>
      <trkpt lat="36.561297532171011" lon="128.6024412419647">
        <ele>82.099999999999994</ele>
      </trkpt>
      <trkpt lat="36.560731586068869" lon="128.60174277797341">
        <ele>81.900000000000006</ele>
      </trkpt>
      <trkpt lat="36.559411017224193" lon="128.60052874311805">
        <ele>78.599999999999994</ele>
      </trkpt>
      <trkpt lat="36.55884507112205" lon="128.60022942535579">
        <ele>79</ele>
      </trkpt>
      <trkpt lat="36.558360010385513" lon="128.60011300072074">
        <ele>79</ele>
      </trkpt>
      <trkpt lat="36.557901855558157" lon="128.6001961492002">
        <ele>84.900000000000006</ele>
      </trkpt>
      <trkpt lat="36.557821054011583" lon="128.60092788934708">
        <ele>88</ele>
      </trkpt>
      <trkpt lat="36.557632377371192" lon="128.6015432048589">
        <ele>84.400000000000006</ele>
      </trkpt>
      <trkpt lat="36.557430205866694" lon="128.60182592645288">
        <ele>83.900000000000006</ele>
      </trkpt>
      <trkpt lat="36.557228118181229" lon="128.60185920260847">
        <ele>84.400000000000006</ele>
      </trkpt>
      <trkpt lat="36.556918239220977" lon="128.60204209573567">
        <ele>84.900000000000006</ele>
      </trkpt>
      <trkpt lat="36.556635266169906" lon="128.60200881958008">
        <ele>86</ele>
      </trkpt>
      <trkpt lat="36.555732954293489" lon="128.6009282246232">
        <ele>90.5</ele>
      </trkpt>
      <trkpt lat="36.555409580469131" lon="128.60022976063192">
        <ele>88.599999999999994</ele>
      </trkpt>
      <trkpt lat="36.552404752001166" lon="128.59845036640763">
        <ele>86.400000000000006</ele>
      </trkpt>
      <trkpt lat="36.552269970998168" lon="128.5980844963342">
        <ele>86.299999999999997</ele>
      </trkpt>
      <trkpt lat="36.552633745595813" lon="128.59016862697899">
        <ele>84.599999999999994</ele>
      </trkpt>
      <trkpt lat="36.552539449185133" lon="128.58754115179181">
        <ele>81.299999999999997</ele>
      </trkpt>
      <trkpt lat="36.554250447079539" lon="128.58426542021334">
        <ele>77.700000000000003</ele>
      </trkpt>
      <trkpt lat="36.555692218244076" lon="128.58221998438239">
        <ele>77</ele>
      </trkpt>
      <trkpt lat="36.556837605312467" lon="128.58153811655939">
        <ele>78.099999999999994</ele>
      </trkpt>
      <trkpt lat="36.557053187862039" lon="128.58127207495272">
        <ele>78.900000000000006</ele>
      </trkpt>
      <trkpt lat="36.557605639100075" lon="128.58027429319918">
        <ele>77</ele>
      </trkpt>
      <trkpt lat="36.559357373043895" lon="128.57877753674984">
        <ele>77.200000000000003</ele>
      </trkpt>
      <trkpt lat="36.559761632233858" lon="128.57792945578694">
        <ele>76</ele>
      </trkpt>
      <trkpt lat="36.56329158693552" lon="128.57205927371979">
        <ele>78.200000000000003</ele>
      </trkpt>
      <trkpt lat="36.563709257170558" lon="128.57162685133517">
        <ele>77.299999999999997</ele>
      </trkpt>
      <trkpt lat="36.564261792227626" lon="128.57144395820796">
        <ele>77.200000000000003</ele>
      </trkpt>
      <trkpt lat="36.564800748601556" lon="128.57154370285571">
        <ele>77.099999999999994</ele>
      </trkpt>
      <trkpt lat="36.5652319137007" lon="128.57172667980194">
        <ele>76</ele>
      </trkpt>
      <trkpt lat="36.565743964165449" lon="128.57082864269614">
        <ele>78.799999999999997</ele>
      </trkpt>
      <trkpt lat="36.565272398293018" lon="128.56934856623411">
        <ele>78.200000000000003</ele>
      </trkpt>
      <trkpt lat="36.564881550148129" lon="128.56813461519778">
        <ele>79.799999999999997</ele>
      </trkpt>
      <trkpt lat="36.564760347828269" lon="128.56707028113306">
        <ele>77.400000000000006</ele>
      </trkpt>
      <trkpt lat="36.564733358100057" lon="128.56600636616349">
        <ele>79</ele>
      </trkpt>
      <trkpt lat="36.564881550148129" lon="128.565125009045">
        <ele>79.700000000000003</ele>
      </trkpt>
      <trkpt lat="36.56567657366395" lon="128.56105064973235">
        <ele>75.900000000000006</ele>
      </trkpt>
      <trkpt lat="36.565770953893661" lon="128.55996971949935">
        <ele>79.599999999999994</ele>
      </trkpt>
      <trkpt lat="36.565690068528056" lon="128.55867253616452">
        <ele>81</ele>
      </trkpt>
      <trkpt lat="36.565326293930411" lon="128.55677671730518">
        <ele>78.599999999999994</ele>
      </trkpt>
      <trkpt lat="36.564989425241947" lon="128.5554463416338">
        <ele>78.400000000000006</ele>
      </trkpt>
      <trkpt lat="36.563925091177225" lon="128.55288575403392">
        <ele>78</ele>
      </trkpt>
      <trkpt lat="36.563628623262048" lon="128.55207086540759">
        <ele>78.799999999999997</ele>
      </trkpt>
      <trkpt lat="36.563601633533835" lon="128.55145554989576">
        <ele>78.799999999999997</ele>
      </trkpt>
      <trkpt lat="36.563871195539832" lon="128.55085691437125">
        <ele>76.799999999999997</ele>
      </trkpt>
      <trkpt lat="36.564208064228296" lon="128.55054091662169">
        <ele>76</ele>
      </trkpt>
      <trkpt lat="36.564571838825941" lon="128.55034134350717">
        <ele>75.700000000000003</ele>
      </trkpt>
      <trkpt lat="36.564585333690047" lon="128.54972602799535">
        <ele>76.200000000000003</ele>
      </trkpt>
      <trkpt lat="36.563197458162904" lon="128.54954313486814">
        <ele>76.099999999999994</ele>
      </trkpt>
      <trkpt lat="36.562685407698154" lon="128.5493934340775">
        <ele>76.599999999999994</ele>
      </trkpt>
      <trkpt lat="36.562308138236403" lon="128.54916066862643">
        <ele>76.799999999999997</ele>
      </trkpt>
      <trkpt lat="36.561863394454122" lon="128.54866177774966">
        <ele>75.799999999999997</ele>
      </trkpt>
      <trkpt lat="36.56056989915669" lon="128.54669940657914">
        <ele>75.299999999999997</ele>
      </trkpt>
      <trkpt lat="36.560044353827834" lon="128.54626706801355">
        <ele>76.400000000000006</ele>
      </trkpt>
      <trkpt lat="36.559438006952405" lon="128.54583464562893">
        <ele>77</ele>
      </trkpt>
      <trkpt lat="36.55875077471137" lon="128.5454854555428">
        <ele>75.400000000000006</ele>
      </trkpt>
      <trkpt lat="36.557901855558157" lon="128.54515286162496">
        <ele>75.400000000000006</ele>
      </trkpt>
      <trkpt lat="36.557026030495763" lon="128.54496988467872">
        <ele>76</ele>
      </trkpt>
      <trkpt lat="36.557026030495763" lon="128.54498656466603">
        <ele>76</ele>
      </trkpt>
      <trkpt lat="36.556056244298816" lon="128.54500349611044">
        <ele>74.5</ele>
      </trkpt>
      <trkpt lat="36.555247725918889" lon="128.54497021995485">
        <ele>91</ele>
      </trkpt>
      <trkpt lat="36.555315116420388" lon="128.54420528747141">
        <ele>92</ele>
      </trkpt>
      <trkpt lat="36.555193830281496" lon="128.54305780492723">
        <ele>101.09999999999999</ele>
      </trkpt>
      <trkpt lat="36.556514399126172" lon="128.5369878821075">
        <ele>80.700000000000003</ele>
      </trkpt>
      <trkpt lat="36.556554799899459" lon="128.53602337650955">
        <ele>82.5</ele>
      </trkpt>
      <trkpt lat="36.556244837120175" lon="128.53312977589667">
        <ele>89.700000000000003</ele>
      </trkpt>
      <trkpt lat="36.556123634800315" lon="128.53076825849712">
        <ele>79.400000000000006</ele>
      </trkpt>
      <trkpt lat="36.556271826848388" lon="128.5302028991282">
        <ele>79.900000000000006</ele>
      </trkpt>
      <trkpt lat="36.557673113420606" lon="128.52835712023079">
        <ele>80.900000000000006</ele>
      </trkpt>
      <trkpt lat="36.557996487244964" lon="128.5280909948051">
        <ele>82.299999999999997</ele>
      </trkpt>
      <trkpt lat="36.558535443618894" lon="128.52799125015736">
        <ele>82.900000000000006</ele>
      </trkpt>
      <trkpt lat="36.559074483811855" lon="128.52667747065425">
        <ele>86.599999999999994</ele>
      </trkpt>
      <trkpt lat="36.56093392521143" lon="128.52513092570007">
        <ele>87</ele>
      </trkpt>
      <trkpt lat="36.56109569594264" lon="128.52459875866771">
        <ele>86.700000000000003</ele>
      </trkpt>
      <trkpt lat="36.561163002625108" lon="128.52207144722342">
        <ele>85.099999999999994</ele>
      </trkpt>
      <trkpt lat="36.560098500922322" lon="128.52055817842484">
        <ele>83.900000000000006</ele>
      </trkpt>
      <trkpt lat="36.559505648910999" lon="128.51990958675742">
        <ele>86.5</ele>
      </trkpt>
      <trkpt lat="36.558912713080645" lon="128.51901154965162">
        <ele>85.900000000000006</ele>
      </trkpt>
      <trkpt lat="36.558333272114396" lon="128.51721555925906">
        <ele>85.299999999999997</ele>
      </trkpt>
      <trkpt lat="36.557929096743464" lon="128.51625096984208">
        <ele>88.900000000000006</ele>
      </trkpt>
      <trkpt lat="36.557942507788539" lon="128.51625096984208">
        <ele>88.799999999999997</ele>
      </trkpt>
      <trkpt lat="36.55724186450243" lon="128.5139892809093">
        <ele>92.900000000000006</ele>
      </trkpt>
      <trkpt lat="36.556972386315465" lon="128.51242613978684">
        <ele>93.099999999999994</ele>
      </trkpt>
      <trkpt lat="36.556648928672075" lon="128.51141167804599">
        <ele>91.099999999999994</ele>
      </trkpt>
      <trkpt lat="36.556487241759896" lon="128.50983185693622">
        <ele>88</ele>
      </trkpt>
      <trkpt lat="36.555988686159253" lon="128.50745374336839">
        <ele>85</ele>
      </trkpt>
      <trkpt lat="36.555121745914221" lon="128.5076570045203">
        <ele>84.5</ele>
      </trkpt>
      <trkpt lat="36.554097644984722" lon="128.5076570045203">
        <ele>83.200000000000003</ele>
      </trkpt>
      <trkpt lat="36.551429685205221" lon="128.50915367715061">
        <ele>79.400000000000006</ele>
      </trkpt>
      <trkpt lat="36.547117782756686" lon="128.51128234528005">
        <ele>70.799999999999997</ele>
      </trkpt>
      <trkpt lat="36.547036897391081" lon="128.51294531486928">
        <ele>70.099999999999994</ele>
      </trkpt>
      <trkpt lat="36.546767419204116" lon="128.51444198749959">
        <ele>76.5</ele>
      </trkpt>
      <trkpt lat="36.54754894785583" lon="128.51490768603981">
        <ele>76.700000000000003</ele>
      </trkpt>
      <trkpt lat="36.548249591141939" lon="128.5133777372539">
        <ele>65.400000000000006</ele>
      </trkpt>
      <trkpt lat="36.548492163419724" lon="128.51154838688672">
        <ele>68.400000000000006</ele>
      </trkpt>
      <trkpt lat="36.548626944422722" lon="128.50922022946179">
        <ele>71.5</ele>
      </trkpt>
      <trkpt lat="36.548357382416725" lon="128.50556161254644">
        <ele>69.299999999999997</ele>
      </trkpt>
      <trkpt lat="36.54808790422976" lon="128.50413149222732">
        <ele>68.5</ele>
      </trkpt>
      <trkpt lat="36.540029961615801" lon="128.47998448647559">
        <ele>72.700000000000003</ele>
      </trkpt>
      <trkpt lat="36.539437025785446" lon="128.47795564681292">
        <ele>68.200000000000003</ele>
      </trkpt>
      <trkpt lat="36.539086662232876" lon="128.47612629644573">
        <ele>67</ele>
      </trkpt>
      <trkpt lat="36.53703854419291" lon="128.46425257623196">
        <ele>68.200000000000003</ele>
      </trkpt>
      <trkpt lat="36.535502392798662" lon="128.46488423645496">
        <ele>68.599999999999994</ele>
      </trkpt>
      <trkpt lat="36.534882551059127" lon="128.45992852002382">
        <ele>68.799999999999997</ele>
      </trkpt>
      <trkpt lat="36.53232229873538" lon="128.45197937451303">
        <ele>68.099999999999994</ele>
      </trkpt>
      <trkpt lat="36.531729446724057" lon="128.45071555115283">
        <ele>69.700000000000003</ele>
      </trkpt>
      <trkpt lat="36.530112493783236" lon="128.44868662767112">
        <ele>68.299999999999997</ele>
      </trkpt>
      <trkpt lat="36.52650123462081" lon="128.44536068849266">
        <ele>66.900000000000006</ele>
      </trkpt>
      <trkpt lat="36.525153759866953" lon="128.44466222450137">
        <ele>66.400000000000006</ele>
      </trkpt>
      <trkpt lat="36.52423745021224" lon="128.44439609907568">
        <ele>66.299999999999997</ele>
      </trkpt>
      <trkpt lat="36.523574022576213" lon="128.44435402192175">
        <ele>66.400000000000006</ele>
      </trkpt>
      <trkpt lat="36.523375958204269" lon="128.44444002024829">
        <ele>66.599999999999994</ele>
      </trkpt>
      <trkpt lat="36.523375958204269" lon="128.44444002024829">
        <ele>66.599999999999994</ele>
      </trkpt>
      <trkpt lat="36.522961976006627" lon="128.44592001289129">
        <ele>67.200000000000003</ele>
      </trkpt>
      <trkpt lat="36.522961976006627" lon="128.44592001289129">
        <ele>67.200000000000003</ele>
      </trkpt>
      <trkpt lat="36.522719990462065" lon="128.44471301883459">
        <ele>67.599999999999994</ele>
      </trkpt>
      <trkpt lat="36.522479010745883" lon="128.44350602477789">
        <ele>74.299999999999997</ele>
      </trkpt>
      <trkpt lat="36.522539528086782" lon="128.44203449785709">
        <ele>78.900000000000006</ele>
      </trkpt>
      <trkpt lat="36.522296955808997" lon="128.43920736573637">
        <ele>79.400000000000006</ele>
      </trkpt>
      <trkpt lat="36.521946592256427" lon="128.43781052157283">
        <ele>82.200000000000003</ele>
      </trkpt>
      <trkpt lat="36.521892696619034" lon="128.4367794636637">
        <ele>79.900000000000006</ele>
      </trkpt>
      <trkpt lat="36.52148843742907" lon="128.4349833894521">
        <ele>85.200000000000003</ele>
      </trkpt>
      <trkpt lat="36.52148843742907" lon="128.43342016451061">
        <ele>80.5</ele>
      </trkpt>
      <trkpt lat="36.521030366420746" lon="128.43162417411804">
        <ele>89.400000000000006</ele>
      </trkpt>
      <trkpt lat="36.52094948105514" lon="128.4306263923645">
        <ele>83.700000000000003</ele>
      </trkpt>
      <trkpt lat="36.520626107230783" lon="128.42919618822634">
        <ele>69.799999999999997</ele>
      </trkpt>
      <trkpt lat="36.520194858312607" lon="128.42823168262839">
        <ele>71</ele>
      </trkpt>
      <trkpt lat="36.518011959269643" lon="128.42563739977777">
        <ele>75.700000000000003</ele>
      </trkpt>
      <trkpt lat="36.516799265518785" lon="128.42440676875412">
        <ele>70.099999999999994</ele>
      </trkpt>
      <trkpt lat="36.514508575201035" lon="128.42364183627069">
        <ele>71</ele>
      </trkpt>
      <trkpt lat="36.511328564956784" lon="128.42211188748479">
        <ele>72.5</ele>
      </trkpt>
      <trkpt lat="36.510304464027286" lon="128.42151316814125">
        <ele>70.799999999999997</ele>
      </trkpt>
      <trkpt lat="36.509199561551213" lon="128.42131359502673">
        <ele>68.599999999999994</ele>
      </trkpt>
      <trkpt lat="36.505293846130371" lon="128.42004776000977">
        <ele>69.5</ele>
      </trkpt>
      <trkpt lat="36.504006385803223" lon="128.42073440551758">
        <ele>73.799999999999997</ele>
      </trkpt>
      <trkpt lat="36.501646041870117" lon="128.42107772827148">
        <ele>75.099999999999994</ele>
      </trkpt>
      <trkpt lat="36.500744819641113" lon="128.42107772827148">
        <ele>73.599999999999994</ele>
      </trkpt>
      <trkpt lat="36.497740745544434" lon="128.42189311981201">
        <ele>72.099999999999994</ele>
      </trkpt>
      <trkpt lat="36.496968269348145" lon="128.42249393463135">
        <ele>72.099999999999994</ele>
      </trkpt>
      <trkpt lat="36.495251655578613" lon="128.42403888702393">
        <ele>67.5</ele>
      </trkpt>
      <trkpt lat="36.494050025939941" lon="128.42635631561279">
        <ele>69.299999999999997</ele>
      </trkpt>
      <trkpt lat="36.493792533874512" lon="128.4287166595459">
        <ele>68.700000000000003</ele>
      </trkpt>
      <trkpt lat="36.493105888366699" lon="128.43021869659424">
        <ele>71.099999999999994</ele>
      </trkpt>
      <trkpt lat="36.49207592010498" lon="128.43279361724854">
        <ele>69.5</ele>
      </trkpt>
      <trkpt lat="36.490659713745117" lon="128.43425273895264">
        <ele>75</ele>
      </trkpt>
      <trkpt lat="36.488041877746582" lon="128.43717098236084">
        <ele>74.700000000000003</ele>
      </trkpt>
      <trkpt lat="36.486067771911621" lon="128.43691349029541">
        <ele>78.299999999999997</ele>
      </trkpt>
      <trkpt lat="36.484308242797852" lon="128.43588352203369">
        <ele>79.299999999999997</ele>
      </trkpt>
      <trkpt lat="36.48310661315918" lon="128.43446731567383">
        <ele>79.099999999999994</ele>
      </trkpt>
      <trkpt lat="36.480960845947266" lon="128.43378067016602">
        <ele>74.599999999999994</ele>
      </trkpt>
      <trkpt lat="36.480317115783691" lon="128.43378067016602">
        <ele>77.5</ele>
      </trkpt>
      <trkpt lat="36.478943824768066" lon="128.43472480773926">
        <ele>77.599999999999994</ele>
      </trkpt>
      <trkpt lat="36.478428840637207" lon="128.43532562255859">
        <ele>77.099999999999994</ele>
      </trkpt>
      <trkpt lat="36.478042602539063" lon="128.43691349029541">
        <ele>76.299999999999997</ele>
      </trkpt>
      <trkpt lat="36.475725173950195" lon="128.43811511993408">
        <ele>79.200000000000003</ele>
      </trkpt>
      <trkpt lat="36.474909782409668" lon="128.44000339508057">
        <ele>84.799999999999997</ele>
      </trkpt>
      <trkpt lat="36.474480628967285" lon="128.442063331604">
        <ele>91.900000000000006</ele>
      </trkpt>
      <trkpt lat="36.474308967590332" lon="128.44386577606201">
        <ele>85.400000000000006</ele>
      </trkpt>
      <trkpt lat="36.474394798278809" lon="128.44459533691406">
        <ele>86.799999999999997</ele>
      </trkpt>
      <trkpt lat="36.474738121032715" lon="128.4451961517334">
        <ele>89.099999999999994</ele>
      </trkpt>
      <trkpt lat="36.475939750671387" lon="128.4451961517334">
        <ele>82.700000000000003</ele>
      </trkpt>
      <trkpt lat="36.477141380310059" lon="128.4446382522583">
        <ele>85</ele>
      </trkpt>
      <trkpt lat="36.477699279785156" lon="128.44476699829102">
        <ele>83.200000000000003</ele>
      </trkpt>
      <trkpt lat="36.477742195129395" lon="128.44489574432373">
        <ele>81.799999999999997</ele>
      </trkpt>
      <trkpt lat="36.477742195129395" lon="128.44506740570068">
        <ele>80.900000000000006</ele>
      </trkpt>
      <trkpt lat="36.477184295654297" lon="128.44583988189697">
        <ele>85.400000000000006</ele>
      </trkpt>
      <trkpt lat="36.47636890411377" lon="128.44652652740479">
        <ele>92.599999999999994</ele>
      </trkpt>
      <trkpt lat="36.476068496704102" lon="128.44717025756836">
        <ele>97.400000000000006</ele>
      </trkpt>
      <trkpt lat="36.475768089294434" lon="128.44828605651855">
        <ele>92.400000000000006</ele>
      </trkpt>
      <trkpt lat="36.475167274475098" lon="128.44953060150146">
        <ele>90.299999999999997</ele>
      </trkpt>
      <trkpt lat="36.47435188293457" lon="128.45034599304199">
        <ele>93.099999999999994</ele>
      </trkpt>
      <trkpt lat="36.473751068115234" lon="128.45043182373047">
        <ele>93</ele>
      </trkpt>
      <trkpt lat="36.47336483001709" lon="128.45030307769775">
        <ele>94.900000000000006</ele>
      </trkpt>
      <trkpt lat="36.472764015197754" lon="128.44961643218994">
        <ele>100.3</ele>
      </trkpt>
      <trkpt lat="36.472034454345703" lon="128.44850063323975">
        <ele>104.8</ele>
      </trkpt>
      <trkpt lat="36.471047401428223" lon="128.44738483428955">
        <ele>105.90000000000001</ele>
      </trkpt>
      <trkpt lat="36.470274925231934" lon="128.44717025756836">
        <ele>108.5</ele>
      </trkpt>
      <trkpt lat="36.469588279724121" lon="128.44742774963379">
        <ele>106.59999999999999</ele>
      </trkpt>
      <trkpt lat="36.469330787658691" lon="128.44772815704346">
        <ele>106.2</ele>
      </trkpt>
      <trkpt lat="36.468987464904785" lon="128.44854354858398">
        <ele>104.09999999999999</ele>
      </trkpt>
      <trkpt lat="36.46885871887207" lon="128.45008850097656">
        <ele>103.5</ele>
      </trkpt>
      <trkpt lat="36.469202041625977" lon="128.45223426818848">
        <ele>98.799999999999997</ele>
      </trkpt>
      <trkpt lat="36.468772888183594" lon="128.45313549041748">
        <ele>105.40000000000001</ele>
      </trkpt>
      <trkpt lat="36.467957496643066" lon="128.45386505126953">
        <ele>107.09999999999999</ele>
      </trkpt>
      <trkpt lat="36.467227935791016" lon="128.45390796661377">
        <ele>111.90000000000001</ele>
      </trkpt>
      <trkpt lat="36.46538257598877" lon="128.45369338989258">
        <ele>115.59999999999999</ele>
      </trkpt>
      <trkpt lat="36.463923454284668" lon="128.45322132110596">
        <ele>108.90000000000001</ele>
      </trkpt>
      <trkpt lat="36.462807655334473" lon="128.45253467559814">
        <ele>104.8</ele>
      </trkpt>
      <trkpt lat="36.461091041564941" lon="128.45189094543457">
        <ele>106.8</ele>
      </trkpt>
      <trkpt lat="36.459417343139648" lon="128.45227718353271">
        <ele>115.09999999999999</ele>
      </trkpt>
      <trkpt lat="36.458258628845215" lon="128.45210552215576">
        <ele>106.8</ele>
      </trkpt>
      <trkpt lat="36.457185745239258" lon="128.45141887664795">
        <ele>106.7</ele>
      </trkpt>
      <trkpt lat="36.456284523010254" lon="128.45107555389404">
        <ele>108.2</ele>
      </trkpt>
      <trkpt lat="36.453409194946289" lon="128.45206260681152">
        <ele>108</ele>
      </trkpt>
      <trkpt lat="36.452422142028809" lon="128.45197677612305">
        <ele>113</ele>
      </trkpt>
      <trkpt lat="36.451048851013184" lon="128.45309257507324">
        <ele>113.90000000000001</ele>
      </trkpt>
      <trkpt lat="36.450619697570801" lon="128.45382213592529">
        <ele>116.40000000000001</ele>
      </trkpt>
      <trkpt lat="36.450061798095703" lon="128.45493793487549">
        <ele>113.59999999999999</ele>
      </trkpt>
      <trkpt lat="36.448945999145508" lon="128.45613956451416">
        <ele>117</ele>
      </trkpt>
      <trkpt lat="36.446800231933594" lon="128.45807075500488">
        <ele>121.2</ele>
      </trkpt>
      <trkpt lat="36.446285247802734" lon="128.45828533172607">
        <ele>123.3</ele>
      </trkpt>
      <trkpt lat="36.444997787475586" lon="128.45918655395508">
        <ele>119.7</ele>
      </trkpt>
      <trkpt lat="36.442809104919434" lon="128.45957279205322">
        <ele>114.09999999999999</ele>
      </trkpt>
      <trkpt lat="36.439976692199707" lon="128.45914363861084">
        <ele>111.09999999999999</ele>
      </trkpt>
      <trkpt lat="36.437702178955078" lon="128.45935821533203">
        <ele>116.09999999999999</ele>
      </trkpt>
      <trkpt lat="36.432595252990723" lon="128.462233543396">
        <ele>120.59999999999999</ele>
      </trkpt>
      <trkpt lat="36.431608200073242" lon="128.46210479736328">
        <ele>127.2</ele>
      </trkpt>
      <trkpt lat="36.430835723876953" lon="128.46249103546143">
        <ele>131</ele>
      </trkpt>
      <trkpt lat="36.429934501647949" lon="128.46266269683838">
        <ele>132.30000000000001</ele>
      </trkpt>
      <trkpt lat="36.429591178894043" lon="128.46253395080566">
        <ele>127.3</ele>
      </trkpt>
      <trkpt lat="36.429033279418945" lon="128.46184730529785">
        <ele>123.8</ele>
      </trkpt>
      <trkpt lat="36.428561210632324" lon="128.46158981323242">
        <ele>124.3</ele>
      </trkpt>
      <trkpt lat="36.425385475158691" lon="128.46184730529785">
        <ele>112.8</ele>
      </trkpt>
      <trkpt lat="36.424398422241211" lon="128.46210479736328">
        <ele>108.7</ele>
      </trkpt>
      <trkpt lat="36.423711776733398" lon="128.46219062805176">
        <ele>105.59999999999999</ele>
      </trkpt>
      <trkpt lat="36.422467231750488" lon="128.46184730529785">
        <ele>97.400000000000006</ele>
      </trkpt>
      <trkpt lat="36.421823501586914" lon="128.46184730529785">
        <ele>95.799999999999997</ele>
      </trkpt>
      <trkpt lat="36.421008110046387" lon="128.46206188201904">
        <ele>94.400000000000006</ele>
      </trkpt>
      <trkpt lat="36.419162750244141" lon="128.46352100372314">
        <ele>93.799999999999997</ele>
      </trkpt>
      <trkpt lat="36.418862342834473" lon="128.46360683441162">
        <ele>94</ele>
      </trkpt>
      <trkpt lat="36.418004035949707" lon="128.46360683441162">
        <ele>92.400000000000006</ele>
      </trkpt>
      <trkpt lat="36.417016983032227" lon="128.46317768096924">
        <ele>88.299999999999997</ele>
      </trkpt>
      <trkpt lat="36.41517162322998" lon="128.46326351165771">
        <ele>86.400000000000006</ele>
      </trkpt>
      <trkpt lat="36.414399147033691" lon="128.46322059631348">
        <ele>84.200000000000003</ele>
      </trkpt>
      <trkpt lat="36.413841247558594" lon="128.46283435821533">
        <ele>82.799999999999997</ele>
      </trkpt>
      <trkpt lat="36.412639617919922" lon="128.46150398254395">
        <ele>80.200000000000003</ele>
      </trkpt>
      <trkpt lat="36.412210464477539" lon="128.46133232116699">
        <ele>80.299999999999997</ele>
      </trkpt>
      <trkpt lat="36.410794258117676" lon="128.46141815185547">
        <ele>80.200000000000003</ele>
      </trkpt>
      <trkpt lat="36.409206390380859" lon="128.46133232116699">
        <ele>75.200000000000003</ele>
      </trkpt>
      <trkpt lat="36.406888961791992" lon="128.46210479736328">
        <ele>75.599999999999994</ele>
      </trkpt>
      <trkpt lat="36.40594482421875" lon="128.46214771270752">
        <ele>73</ele>
      </trkpt>
      <trkpt lat="36.404829025268555" lon="128.46146106719971">
        <ele>72.799999999999997</ele>
      </trkpt>
      <trkpt lat="36.403841972351074" lon="128.46128940582275">
        <ele>74.900000000000006</ele>
      </trkpt>
      <trkpt lat="36.403369903564453" lon="128.46077442169189">
        <ele>78.099999999999994</ele>
      </trkpt>
      <trkpt lat="36.403284072875977" lon="128.4602165222168">
        <ele>77</ele>
      </trkpt>
      <trkpt lat="36.40345573425293" lon="128.45952987670898">
        <ele>77.299999999999997</ele>
      </trkpt>
      <trkpt lat="36.403412818908691" lon="128.45901489257812">
        <ele>75.599999999999994</ele>
      </trkpt>
      <trkpt lat="36.402425765991211" lon="128.45661163330078">
        <ele>92.5</ele>
      </trkpt>
      <trkpt lat="36.402425765991211" lon="128.45558166503906">
        <ele>97</ele>
      </trkpt>
      <trkpt lat="36.402726173400879" lon="128.45438003540039">
        <ele>95.5</ele>
      </trkpt>
      <trkpt lat="36.40345573425293" lon="128.45274925231934">
        <ele>84.400000000000006</ele>
      </trkpt>
      <trkpt lat="36.403412818908691" lon="128.45210552215576">
        <ele>81.099999999999994</ele>
      </trkpt>
      <trkpt lat="36.403026580810547" lon="128.45141887664795">
        <ele>79.799999999999997</ele>
      </trkpt>
      <trkpt lat="36.402983665466309" lon="128.4510326385498">
        <ele>77.599999999999994</ele>
      </trkpt>
      <trkpt lat="36.403326988220215" lon="128.44995975494385">
        <ele>72.900000000000006</ele>
      </trkpt>
      <trkpt lat="36.403284072875977" lon="128.44910144805908">
        <ele>72.299999999999997</ele>
      </trkpt>
      <trkpt lat="36.401653289794922" lon="128.44626903533936">
        <ele>68.5</ele>
      </trkpt>
      <trkpt lat="36.400494575500488" lon="128.44459533691406">
        <ele>66.200000000000003</ele>
      </trkpt>
      <trkpt lat="36.399807929992676" lon="128.44399452209473">
        <ele>65.299999999999997</ele>
      </trkpt>
      <trkpt lat="36.39869213104248" lon="128.44343662261963">
        <ele>66.900000000000006</ele>
      </trkpt>
      <trkpt lat="36.397919654846191" lon="128.44283580780029">
        <ele>69.299999999999997</ele>
      </trkpt>
      <trkpt lat="36.396932601928711" lon="128.44176292419434">
        <ele>64.099999999999994</ele>
      </trkpt>
      <trkpt lat="36.395730972290039" lon="128.44159126281738">
        <ele>64.799999999999997</ele>
      </trkpt>
      <trkpt lat="36.395430564880371" lon="128.44133377075195">
        <ele>64</ele>
      </trkpt>
      <trkpt lat="36.395087242126465" lon="128.44021797180176">
        <ele>63.899999999999999</ele>
      </trkpt>
      <trkpt lat="36.39470100402832" lon="128.43966007232666">
        <ele>64.700000000000003</ele>
      </trkpt>
      <trkpt lat="36.392812728881836" lon="128.43755722045898">
        <ele>73.799999999999997</ele>
      </trkpt>
      <trkpt lat="36.392383575439453" lon="128.43721389770508">
        <ele>76.5</ele>
      </trkpt>
      <trkpt lat="36.390366554260254" lon="128.43609809875488">
        <ele>71.700000000000003</ele>
      </trkpt>
      <trkpt lat="36.388263702392578" lon="128.43541145324707">
        <ele>71.099999999999994</ele>
      </trkpt>
      <trkpt lat="36.38796329498291" lon="128.43549728393555">
        <ele>71.299999999999997</ele>
      </trkpt>
      <trkpt lat="36.387491226196289" lon="128.43639850616455">
        <ele>72.599999999999994</ele>
      </trkpt>
      <trkpt lat="36.387104988098145" lon="128.43528270721436">
        <ele>71</ele>
      </trkpt>
      <trkpt lat="36.386504173278809" lon="128.43468189239502">
        <ele>71.400000000000006</ele>
      </trkpt>
      <trkpt lat="36.385774612426758" lon="128.43554019927979">
        <ele>70</ele>
      </trkpt>
      <trkpt lat="36.38521671295166" lon="128.43618392944336">
        <ele>65.599999999999994</ele>
      </trkpt>
      <trkpt lat="36.38495922088623" lon="128.43592643737793">
        <ele>65.400000000000006</ele>
      </trkpt>
      <trkpt lat="36.384358406066895" lon="128.43549728393555">
        <ele>60.100000000000001</ele>
      </trkpt>
      <trkpt lat="36.383671760559082" lon="128.43532562255859">
        <ele>55.899999999999999</ele>
      </trkpt>
      <trkpt lat="36.382856369018555" lon="128.43545436859131">
        <ele>55.299999999999997</ele>
      </trkpt>
      <trkpt lat="36.382341384887695" lon="128.43575477600098">
        <ele>54.299999999999997</ele>
      </trkpt>
      <trkpt lat="36.381440162658691" lon="128.43571186065674">
        <ele>52.799999999999997</ele>
      </trkpt>
      <trkpt lat="36.3702392578125" lon="128.43189239501953">
        <ele>51.399999999999999</ele>
      </trkpt>
      <trkpt lat="36.366333961486816" lon="128.43159198760986">
        <ele>48.799999999999997</ele>
      </trkpt>
      <trkpt lat="36.362214088439941" lon="128.42996120452881">
        <ele>49.299999999999997</ele>
      </trkpt>
      <trkpt lat="36.357665061950684" lon="128.42635631561279">
        <ele>52.600000000000001</ele>
      </trkpt>
      <trkpt lat="36.356806755065918" lon="128.42627048492432">
        <ele>52.700000000000003</ele>
      </trkpt>
      <trkpt lat="36.356034278869629" lon="128.4257984161377">
        <ele>55.600000000000001</ele>
      </trkpt>
      <trkpt lat="36.354188919067383" lon="128.4252405166626">
        <ele>58.100000000000001</ele>
      </trkpt>
      <trkpt lat="36.353073120117187" lon="128.42498302459717">
        <ele>62.700000000000003</ele>
      </trkpt>
      <trkpt lat="36.35200023651123" lon="128.42506885528564">
        <ele>67.700000000000003</ele>
      </trkpt>
      <trkpt lat="36.351442337036133" lon="128.42584133148193">
        <ele>65.599999999999994</ele>
      </trkpt>
      <trkpt lat="36.35075569152832" lon="128.42772960662842">
        <ele>65.900000000000006</ele>
      </trkpt>
      <trkpt lat="36.350498199462891" lon="128.42987537384033">
        <ele>67.400000000000006</ele>
      </trkpt>
      <trkpt lat="36.349897384643555" lon="128.431077003479">
        <ele>63.299999999999997</ele>
      </trkpt>
      <trkpt lat="36.349339485168457" lon="128.43154907226562">
        <ele>61.100000000000001</ele>
      </trkpt>
      <trkpt lat="36.348695755004883" lon="128.43257904052734">
        <ele>56.700000000000003</ele>
      </trkpt>
      <trkpt lat="36.347751617431641" lon="128.43287944793701">
        <ele>56.200000000000003</ele>
      </trkpt>
      <trkpt lat="36.345906257629395" lon="128.43382358551025">
        <ele>57.299999999999997</ele>
      </trkpt>
      <trkpt lat="36.343502998352051" lon="128.43528270721436">
        <ele>57.600000000000001</ele>
      </trkpt>
      <trkpt lat="36.340069770812988" lon="128.4365701675415">
        <ele>65.099999999999994</ele>
      </trkpt>
      <trkpt lat="36.338696479797363" lon="128.43631267547607">
        <ele>62</ele>
      </trkpt>
      <trkpt lat="36.33354663848877" lon="128.43978881835937">
        <ele>64.599999999999994</ele>
      </trkpt>
      <trkpt lat="36.332859992980957" lon="128.44038963317871">
        <ele>65.599999999999994</ele>
      </trkpt>
      <trkpt lat="36.332216262817383" lon="128.44064712524414">
        <ele>63.100000000000001</ele>
      </trkpt>
      <trkpt lat="36.331400871276855" lon="128.44069004058838">
        <ele>61.899999999999999</ele>
      </trkpt>
      <trkpt lat="36.328911781311035" lon="128.44000339508057">
        <ele>66.599999999999994</ele>
      </trkpt>
      <trkpt lat="36.327581405639648" lon="128.44021797180176">
        <ele>67.200000000000003</ele>
      </trkpt>
      <trkpt lat="36.326808929443359" lon="128.44069004058838">
        <ele>66.099999999999994</ele>
      </trkpt>
      <trkpt lat="36.326379776000977" lon="128.44073295593262">
        <ele>66.700000000000003</ele>
      </trkpt>
      <trkpt lat="36.325521469116211" lon="128.43991756439209">
        <ele>67.5</ele>
      </trkpt>
      <trkpt lat="36.32453441619873" lon="128.43820095062256">
        <ele>73.200000000000003</ele>
      </trkpt>
      <trkpt lat="36.324234008789063" lon="128.43669891357422">
        <ele>70.099999999999994</ele>
      </trkpt>
      <trkpt lat="36.324191093444824" lon="128.43468189239502">
        <ele>71.5</ele>
      </trkpt>
      <trkpt lat="36.324362754821777" lon="128.43227863311768">
        <ele>73.799999999999997</ele>
      </trkpt>
      <trkpt lat="36.323246955871582" lon="128.4307336807251">
        <ele>83.599999999999994</ele>
      </trkpt>
      <trkpt lat="36.322474479675293" lon="128.43017578125">
        <ele>92</ele>
      </trkpt>
      <trkpt lat="36.322131156921387" lon="128.4296178817749">
        <ele>103.2</ele>
      </trkpt>
      <trkpt lat="36.322131156921387" lon="128.429274559021">
        <ele>110.3</ele>
      </trkpt>
      <trkpt lat="36.322388648986816" lon="128.42811584472656">
        <ele>120.09999999999999</ele>
      </trkpt>
      <trkpt lat="36.322388648986816" lon="128.42755794525146">
        <ele>119.59999999999999</ele>
      </trkpt>
      <trkpt lat="36.322216987609863" lon="128.42734336853027">
        <ele>117</ele>
      </trkpt>
      <trkpt lat="36.320714950561523" lon="128.42712879180908">
        <ele>121.90000000000001</ele>
      </trkpt>
      <trkpt lat="36.318998336791992" lon="128.42575550079346">
        <ele>110.09999999999999</ele>
      </trkpt>
      <trkpt lat="36.318182945251465" lon="128.42549800872803">
        <ele>112.90000000000001</ele>
      </trkpt>
      <trkpt lat="36.316380500793457" lon="128.42584133148193">
        <ele>127.3</ele>
      </trkpt>
      <trkpt lat="36.314578056335449" lon="128.42635631561279">
        <ele>131.80000000000001</ele>
      </trkpt>
      <trkpt lat="36.312861442565918" lon="128.42575550079346">
        <ele>135.09999999999999</ele>
      </trkpt>
      <trkpt lat="36.311273574829102" lon="128.42575550079346">
        <ele>138.80000000000001</ele>
      </trkpt>
      <trkpt lat="36.306982040405273" lon="128.42545509338379">
        <ele>142.69999999999999</ele>
      </trkpt>
      <trkpt lat="36.306338310241699" lon="128.42562675476074">
        <ele>144.69999999999999</ele>
      </trkpt>
      <trkpt lat="36.305694580078125" lon="128.42605590820313">
        <ele>149.19999999999999</ele>
      </trkpt>
      <trkpt lat="36.304664611816406" lon="128.42661380767822">
        <ele>154.30000000000001</ele>
      </trkpt>
      <trkpt lat="36.300802230834961" lon="128.42940330505371">
        <ele>196</ele>
      </trkpt>
      <trkpt lat="36.300458908081055" lon="128.42983245849609">
        <ele>196.90000000000001</ele>
      </trkpt>
      <trkpt lat="36.298656463623047" lon="128.43124866485596">
        <ele>172.19999999999999</ele>
      </trkpt>
      <trkpt lat="36.298141479492187" lon="128.43197822570801">
        <ele>162.59999999999999</ele>
      </trkpt>
      <trkpt lat="36.297883987426758" lon="128.4327507019043">
        <ele>160.40000000000001</ele>
      </trkpt>
      <trkpt lat="36.29758358001709" lon="128.43369483947754">
        <ele>152.5</ele>
      </trkpt>
      <trkpt lat="36.297240257263184" lon="128.43545436859131">
        <ele>145.30000000000001</ele>
      </trkpt>
      <trkpt lat="36.297240257263184" lon="128.43772888183594">
        <ele>134.5</ele>
      </trkpt>
      <trkpt lat="36.297369003295898" lon="128.43850135803223">
        <ele>134</ele>
      </trkpt>
      <trkpt lat="36.297969818115234" lon="128.44000339508057">
        <ele>138.09999999999999</ele>
      </trkpt>
      <trkpt lat="36.298785209655762" lon="128.44395160675049">
        <ele>130.5</ele>
      </trkpt>
      <trkpt lat="36.299428939819336" lon="128.44549655914307">
        <ele>125.40000000000001</ele>
      </trkpt>
      <trkpt lat="36.299600601196289" lon="128.44644069671631">
        <ele>122.5</ele>
      </trkpt>
      <trkpt lat="36.300458908081055" lon="128.4477710723877">
        <ele>113</ele>
      </trkpt>
      <trkpt lat="36.301403045654297" lon="128.45060348510742">
        <ele>108.59999999999999</ele>
      </trkpt>
      <trkpt lat="36.301789283752441" lon="128.45133304595947">
        <ele>104.8</ele>
      </trkpt>
      <trkpt lat="36.301875114440918" lon="128.45240592956543">
        <ele>105.90000000000001</ele>
      </trkpt>
      <trkpt lat="36.302390098571777" lon="128.45395088195801">
        <ele>91.200000000000003</ele>
      </trkpt>
      <trkpt lat="36.303248405456543" lon="128.45549583435059">
        <ele>80.200000000000003</ele>
      </trkpt>
      <trkpt lat="36.303591728210449" lon="128.45678329467773">
        <ele>82</ele>
      </trkpt>
      <trkpt lat="36.303720474243164" lon="128.46017360687256">
        <ele>73.700000000000003</ele>
      </trkpt>
      <trkpt lat="36.304836273193359" lon="128.46219062805176">
        <ele>69.299999999999997</ele>
      </trkpt>
      <trkpt lat="36.30582332611084" lon="128.46304893493652">
        <ele>67.700000000000003</ele>
      </trkpt>
      <trkpt lat="36.306166648864746" lon="128.46429347991943">
        <ele>67.700000000000003</ele>
      </trkpt>
      <trkpt lat="36.307539939880371" lon="128.46622467041016">
        <ele>64.400000000000006</ele>
      </trkpt>
      <trkpt lat="36.307282447814941" lon="128.4675121307373">
        <ele>68</ele>
      </trkpt>
      <trkpt lat="36.306037902832031" lon="128.46824169158936">
        <ele>69</ele>
      </trkpt>
      <trkpt lat="36.305522918701172" lon="128.46884250640869">
        <ele>70.599999999999994</ele>
      </trkpt>
      <trkpt lat="36.304707527160645" lon="128.46905708312988">
        <ele>76.200000000000003</ele>
      </trkpt>
      <trkpt lat="36.30333423614502" lon="128.4697437286377">
        <ele>88.299999999999997</ele>
      </trkpt>
      <trkpt lat="36.302947998046875" lon="128.47012996673584">
        <ele>90.5</ele>
      </trkpt>
      <trkpt lat="36.301660537719727" lon="128.47055912017822">
        <ele>87.299999999999997</ele>
      </trkpt>
      <trkpt lat="36.299772262573242" lon="128.47283363342285">
        <ele>79.400000000000006</ele>
      </trkpt>
      <trkpt lat="36.299643516540527" lon="128.47313404083252">
        <ele>79</ele>
      </trkpt>
      <trkpt lat="36.299343109130859" lon="128.47386360168457">
        <ele>74.900000000000006</ele>
      </trkpt>
      <trkpt lat="36.298999786376953" lon="128.47403526306152">
        <ele>72.200000000000003</ele>
      </trkpt>
      <trkpt lat="36.297755241394043" lon="128.47407817840576">
        <ele>65.400000000000006</ele>
      </trkpt>
      <trkpt lat="36.297454833984375" lon="128.47399234771729">
        <ele>65.299999999999997</ele>
      </trkpt>
      <trkpt lat="36.295995712280273" lon="128.47270488739014">
        <ele>72</ele>
      </trkpt>
      <trkpt lat="36.294751167297363" lon="128.47128868103027">
        <ele>82.299999999999997</ele>
      </trkpt>
      <trkpt lat="36.29457950592041" lon="128.47111701965332">
        <ele>82.799999999999997</ele>
      </trkpt>
      <trkpt lat="36.292905807495117" lon="128.47012996673584">
        <ele>77.5</ele>
      </trkpt>
      <trkpt lat="36.291747093200684" lon="128.4700870513916">
        <ele>83.900000000000006</ele>
      </trkpt>
      <trkpt lat="36.289944648742676" lon="128.4706449508667">
        <ele>73.5</ele>
      </trkpt>
      <trkpt lat="36.289300918579102" lon="128.47103118896484">
        <ele>76.299999999999997</ele>
      </trkpt>
      <trkpt lat="36.288614273071289" lon="128.47171783447266">
        <ele>71.700000000000003</ele>
      </trkpt>
      <trkpt lat="36.287283897399902" lon="128.47167491912842">
        <ele>73.299999999999997</ele>
      </trkpt>
      <trkpt lat="36.286683082580566" lon="128.47197532653809">
        <ele>78.700000000000003</ele>
      </trkpt>
      <trkpt lat="36.286425590515137" lon="128.47201824188232">
        <ele>78.099999999999994</ele>
      </trkpt>
      <trkpt lat="36.285910606384277" lon="128.47188949584961">
        <ele>78.099999999999994</ele>
      </trkpt>
      <trkpt lat="36.285653114318848" lon="128.47171783447266">
        <ele>77.5</ele>
      </trkpt>
      <trkpt lat="36.285138130187988" lon="128.47107410430908">
        <ele>73.400000000000006</ele>
      </trkpt>
      <trkpt lat="36.285009384155273" lon="128.4700870513916">
        <ele>70.299999999999997</ele>
      </trkpt>
      <trkpt lat="36.284322738647461" lon="128.46871376037598">
        <ele>76</ele>
      </trkpt>
      <trkpt lat="36.28359317779541" lon="128.46652507781982">
        <ele>70.200000000000003</ele>
      </trkpt>
      <trkpt lat="36.282906532287598" lon="128.46566677093506">
        <ele>68.900000000000006</ele>
      </trkpt>
      <trkpt lat="36.282649040222168" lon="128.46489429473877">
        <ele>69.5</ele>
      </trkpt>
      <trkpt lat="36.281490325927734" lon="128.46489429473877">
        <ele>71.200000000000003</ele>
      </trkpt>
      <trkpt lat="36.280760765075684" lon="128.46549510955811">
        <ele>71.099999999999994</ele>
      </trkpt>
      <trkpt lat="36.277627944946289" lon="128.46738338470459">
        <ele>66.900000000000006</ele>
      </trkpt>
      <trkpt lat="36.276297569274902" lon="128.46849918365479">
        <ele>64.299999999999997</ele>
      </trkpt>
      <trkpt lat="36.272821426391602" lon="128.46867084503174">
        <ele>71.799999999999997</ele>
      </trkpt>
      <trkpt lat="36.272048950195313" lon="128.46849918365479">
        <ele>72.799999999999997</ele>
      </trkpt>
      <trkpt lat="36.27161979675293" lon="128.46854209899902">
        <ele>71.400000000000006</ele>
      </trkpt>
      <trkpt lat="36.270332336425781" lon="128.4691858291626">
        <ele>72.400000000000006</ele>
      </trkpt>
      <trkpt lat="36.268744468688965" lon="128.46965789794922">
        <ele>67.5</ele>
      </trkpt>
      <trkpt lat="36.267199516296387" lon="128.46879959106445">
        <ele>69</ele>
      </trkpt>
      <trkpt lat="36.265311241149902" lon="128.47193241119385">
        <ele>78.5</ele>
      </trkpt>
      <trkpt lat="36.264238357543945" lon="128.47279071807861">
        <ele>79.799999999999997</ele>
      </trkpt>
      <trkpt lat="36.262607574462891" lon="128.47433567047119">
        <ele>74.200000000000003</ele>
      </trkpt>
      <trkpt lat="36.260590553283691" lon="128.47489356994629">
        <ele>73.599999999999994</ele>
      </trkpt>
      <trkpt lat="36.25737190246582" lon="128.47519397735596">
        <ele>81.099999999999994</ele>
      </trkpt>
      <trkpt lat="36.256041526794434" lon="128.47532272338867">
        <ele>77.099999999999994</ele>
      </trkpt>
      <trkpt lat="36.255397796630859" lon="128.47545146942139">
        <ele>71</ele>
      </trkpt>
      <trkpt lat="36.253166198730469" lon="128.47639560699463">
        <ele>74.900000000000006</ele>
      </trkpt>
      <trkpt lat="36.248617172241211" lon="128.4790563583374">
        <ele>76.200000000000003</ele>
      </trkpt>
      <trkpt lat="36.243681907653809" lon="128.48313331604004">
        <ele>69.5</ele>
      </trkpt>
      <trkpt lat="36.243124008178711" lon="128.48321914672852">
        <ele>70.700000000000003</ele>
      </trkpt>
      <trkpt lat="36.242694854736328" lon="128.48296165466309">
        <ele>70.5</ele>
      </trkpt>
      <trkpt lat="36.241064071655273" lon="128.4810733795166">
        <ele>75.5</ele>
      </trkpt>
      <trkpt lat="36.240978240966797" lon="128.48090171813965">
        <ele>75.700000000000003</ele>
      </trkpt>
      <trkpt lat="36.240634918212891" lon="128.47978591918945">
        <ele>81.299999999999997</ele>
      </trkpt>
      <trkpt lat="36.240677833557129" lon="128.47909927368164">
        <ele>85.599999999999994</ele>
      </trkpt>
      <trkpt lat="36.240334510803223" lon="128.47738265991211">
        <ele>91</ele>
      </trkpt>
      <trkpt lat="36.239819526672363" lon="128.47635269165039">
        <ele>88.5</ele>
      </trkpt>
      <trkpt lat="36.23964786529541" lon="128.47570896148682">
        <ele>89.200000000000003</ele>
      </trkpt>
      <trkpt lat="36.238532066345215" lon="128.47416400909424">
        <ele>77.200000000000003</ele>
      </trkpt>
      <trkpt lat="36.238231658935547" lon="128.47296237945557">
        <ele>79.200000000000003</ele>
      </trkpt>
      <trkpt lat="36.238059997558594" lon="128.4587574005127">
        <ele>89</ele>
      </trkpt>
      <trkpt lat="36.237244606018066" lon="128.45721244812012">
        <ele>91</ele>
      </trkpt>
      <trkpt lat="36.236729621887207" lon="128.45553874969482">
        <ele>91.700000000000003</ele>
      </trkpt>
      <trkpt lat="36.236171722412109" lon="128.4547233581543">
        <ele>92.099999999999994</ele>
      </trkpt>
      <trkpt lat="36.235957145690918" lon="128.4541654586792">
        <ele>92.299999999999997</ele>
      </trkpt>
      <trkpt lat="36.235828399658203" lon="128.45373630523682">
        <ele>93.099999999999994</ele>
      </trkpt>
      <trkpt lat="36.235828399658203" lon="128.45240592956543">
        <ele>99</ele>
      </trkpt>
      <trkpt lat="36.235570907592773" lon="128.45154762268066">
        <ele>98.599999999999994</ele>
      </trkpt>
      <trkpt lat="36.235227584838867" lon="128.45129013061523">
        <ele>98.299999999999997</ele>
      </trkpt>
      <trkpt lat="36.235313415527344" lon="128.45111846923828">
        <ele>98.799999999999997</ele>
      </trkpt>
      <trkpt lat="36.235184669494629" lon="128.45081806182861">
        <ele>99.299999999999997</ele>
      </trkpt>
      <trkpt lat="36.234498023986816" lon="128.45008850097656">
        <ele>103.40000000000001</ele>
      </trkpt>
      <trkpt lat="36.23389720916748" lon="128.44965934753418">
        <ele>106.2</ele>
      </trkpt>
      <trkpt lat="36.233510971069336" lon="128.44910144805908">
        <ele>109</ele>
      </trkpt>
      <trkpt lat="36.233596801757813" lon="128.44837188720703">
        <ele>116.3</ele>
      </trkpt>
      <trkpt lat="36.233639717102051" lon="128.44416618347168">
        <ele>138.40000000000001</ele>
      </trkpt>
      <trkpt lat="36.233596801757813" lon="128.44300746917725">
        <ele>142.19999999999999</ele>
      </trkpt>
      <trkpt lat="36.234540939331055" lon="128.44077587127686">
        <ele>151.69999999999999</ele>
      </trkpt>
      <trkpt lat="36.23441219329834" lon="128.4391450881958">
        <ele>158.30000000000001</ele>
      </trkpt>
      <trkpt lat="36.234111785888672" lon="128.43794345855713">
        <ele>174.09999999999999</ele>
      </trkpt>
      <trkpt lat="36.23466968536377" lon="128.4365701675415">
        <ele>191.09999999999999</ele>
      </trkpt>
      <trkpt lat="36.234498023986816" lon="128.43571186065674">
        <ele>197.30000000000001</ele>
      </trkpt>
      <trkpt lat="36.233811378479004" lon="128.43472480773926">
        <ele>212.40000000000001</ele>
      </trkpt>
      <trkpt lat="36.233768463134766" lon="128.43373775482178">
        <ele>208.5</ele>
      </trkpt>
      <trkpt lat="36.233811378479004" lon="128.43360900878906">
        <ele>205.80000000000001</ele>
      </trkpt>
      <trkpt lat="36.234583854675293" lon="128.43283653259277">
        <ele>199.59999999999999</ele>
      </trkpt>
      <trkpt lat="36.23466968536377" lon="128.43262195587158">
        <ele>198.69999999999999</ele>
      </trkpt>
      <trkpt lat="36.234626770019531" lon="128.43245029449463">
        <ele>196.19999999999999</ele>
      </trkpt>
      <trkpt lat="36.23389720916748" lon="128.43193531036377">
        <ele>178.69999999999999</ele>
      </trkpt>
      <trkpt lat="36.232137680053711" lon="128.43008995056152">
        <ele>148.59999999999999</ele>
      </trkpt>
      <trkpt lat="36.23115062713623" lon="128.42957496643066">
        <ele>136.80000000000001</ele>
      </trkpt>
      <trkpt lat="36.230378150939941" lon="128.42944622039795">
        <ele>125</ele>
      </trkpt>
      <trkpt lat="36.230077743530273" lon="128.42918872833252">
        <ele>117.90000000000001</ele>
      </trkpt>
      <trkpt lat="36.228318214416504" lon="128.42880249023437">
        <ele>107.59999999999999</ele>
      </trkpt>
      <trkpt lat="36.226344108581543" lon="128.4272575378418">
        <ele>91.799999999999997</ele>
      </trkpt>
      <trkpt lat="36.225485801696777" lon="128.42652797698975">
        <ele>84.400000000000006</ele>
      </trkpt>
      <trkpt lat="36.222224235534668" lon="128.42511177062988">
        <ele>69.400000000000006</ele>
      </trkpt>
      <trkpt lat="36.220335960388184" lon="128.4237813949585">
        <ele>66.799999999999997</ele>
      </trkpt>
      <trkpt lat="36.218276023864746" lon="128.42021942138672">
        <ele>60.5</ele>
      </trkpt>
      <trkpt lat="36.217374801635742" lon="128.41923236846924">
        <ele>58.600000000000001</ele>
      </trkpt>
      <trkpt lat="36.217246055603027" lon="128.41876029968262">
        <ele>59</ele>
      </trkpt>
      <trkpt lat="36.216645240783691" lon="128.41798782348633">
        <ele>58.899999999999999</ele>
      </trkpt>
      <trkpt lat="36.21617317199707" lon="128.41708660125732">
        <ele>57.100000000000001</ele>
      </trkpt>
      <trkpt lat="36.215701103210449" lon="128.41511249542236">
        <ele>56.299999999999997</ele>
      </trkpt>
      <trkpt lat="36.215357780456543" lon="128.4145975112915">
        <ele>56.5</ele>
      </trkpt>
      <trkpt lat="36.214456558227539" lon="128.41365337371826">
        <ele>56</ele>
      </trkpt>
      <trkpt lat="36.214070320129395" lon="128.4122371673584">
        <ele>55</ele>
      </trkpt>
      <trkpt lat="36.213555335998535" lon="128.41150760650635">
        <ele>56.100000000000001</ele>
      </trkpt>
      <trkpt lat="36.213297843933105" lon="128.4107780456543">
        <ele>61.799999999999997</ele>
      </trkpt>
      <trkpt lat="36.212825775146484" lon="128.41009140014648">
        <ele>65</ele>
      </trkpt>
      <trkpt lat="36.212396621704102" lon="128.4096622467041">
        <ele>62.200000000000003</ele>
      </trkpt>
      <trkpt lat="36.212010383605957" lon="128.40893268585205">
        <ele>61.200000000000003</ele>
      </trkpt>
      <trkpt lat="36.211323738098145" lon="128.40781688690186">
        <ele>53.200000000000003</ele>
      </trkpt>
      <trkpt lat="36.210765838623047" lon="128.40717315673828">
        <ele>49.799999999999997</ele>
      </trkpt>
      <trkpt lat="36.209049224853516" lon="128.40575695037842">
        <ele>52</ele>
      </trkpt>
      <trkpt lat="36.207804679870605" lon="128.40442657470703">
        <ele>52.299999999999997</ele>
      </trkpt>
      <trkpt lat="36.205959320068359" lon="128.40365409851074">
        <ele>52.200000000000003</ele>
      </trkpt>
      <trkpt lat="36.205658912658691" lon="128.40279579162598">
        <ele>56.100000000000001</ele>
      </trkpt>
      <trkpt lat="36.205143928527832" lon="128.40167999267578">
        <ele>52.5</ele>
      </trkpt>
      <trkpt lat="36.204543113708496" lon="128.40107917785645">
        <ele>49.899999999999999</ele>
      </trkpt>
      <trkpt lat="36.204156875610352" lon="128.40082168579102">
        <ele>46</ele>
      </trkpt>
      <trkpt lat="36.203856468200684" lon="128.39983463287354">
        <ele>50.399999999999999</ele>
      </trkpt>
      <trkpt lat="36.203727722167969" lon="128.39970588684082">
        <ele>50.799999999999997</ele>
      </trkpt>
      <trkpt lat="36.203126907348633" lon="128.39949131011963">
        <ele>47.299999999999997</ele>
      </trkpt>
      <trkpt lat="36.202783584594727" lon="128.39906215667725">
        <ele>45.100000000000001</ele>
      </trkpt>
      <trkpt lat="36.202354431152344" lon="128.39803218841553">
        <ele>48</ele>
      </trkpt>
      <trkpt lat="36.202011108398437" lon="128.39674472808838">
        <ele>45.700000000000003</ele>
      </trkpt>
      <trkpt lat="36.201324462890625" lon="128.39648723602295">
        <ele>41.200000000000003</ele>
      </trkpt>
      <trkpt lat="36.201367378234863" lon="128.39528560638428">
        <ele>41.100000000000001</ele>
      </trkpt>
      <trkpt lat="36.201152801513672" lon="128.39472770690918">
        <ele>40.799999999999997</ele>
      </trkpt>
      <trkpt lat="36.200852394104004" lon="128.39438438415527">
        <ele>40</ele>
      </trkpt>
      <trkpt lat="36.200251579284668" lon="128.39386940002441">
        <ele>40.5</ele>
      </trkpt>
      <trkpt lat="36.197547912597656" lon="128.39275360107422">
        <ele>39</ele>
      </trkpt>
      <trkpt lat="36.196861267089844" lon="128.39206695556641">
        <ele>40.299999999999997</ele>
      </trkpt>
      <trkpt lat="36.192741394042969" lon="128.39408397674561">
        <ele>40.299999999999997</ele>
      </trkpt>
      <trkpt lat="36.190446680411696" lon="128.38887722231448">
        <ele>36.299999999999997</ele>
      </trkpt>
      <trkpt lat="36.188883539289236" lon="128.38796401396394">
        <ele>36</ele>
      </trkpt>
      <trkpt lat="36.188627555966377" lon="128.38818018324673">
        <ele>35.200000000000003</ele>
      </trkpt>
      <trkpt lat="36.188317593187094" lon="128.38814690709114">
        <ele>34.399999999999999</ele>
      </trkpt>
      <trkpt lat="36.186565943062305" lon="128.38655040599406">
        <ele>35.100000000000001</ele>
      </trkpt>
      <trkpt lat="36.186296381056309" lon="128.38648393750191">
        <ele>34.799999999999997</ele>
      </trkpt>
      <trkpt lat="36.184719828888774" lon="128.38713244535029">
        <ele>33.700000000000003</ele>
      </trkpt>
      <trkpt lat="36.176554095000029" lon="128.38857924565673">
        <ele>33.399999999999999</ele>
      </trkpt>
      <trkpt lat="36.174896322190762" lon="128.38871226646006">
        <ele>34.899999999999999</ele>
      </trkpt>
      <trkpt lat="36.16174478083849" lon="128.38902826420963">
        <ele>33.899999999999999</ele>
      </trkpt>
      <trkpt lat="36.157715264707804" lon="128.38914460502565">
        <ele>34.299999999999997</ele>
      </trkpt>
      <trkpt lat="36.157014537602663" lon="128.38909473270178">
        <ele>32.700000000000003</ele>
      </trkpt>
      <trkpt lat="36.15607132203877" lon="128.38889515958726">
        <ele>31.100000000000001</ele>
      </trkpt>
      <trkpt lat="36.154858628287911" lon="128.38859584182501">
        <ele>30.699999999999999</ele>
      </trkpt>
      <trkpt lat="36.153928823769093" lon="128.3881800994277">
        <ele>30.800000000000001</ele>
      </trkpt>
      <trkpt lat="36.152527453377843" lon="128.38739848695695">
        <ele>31</ele>
      </trkpt>
      <trkpt lat="36.151786325499415" lon="128.3870991691947">
        <ele>31.899999999999999</ele>
      </trkpt>
      <trkpt lat="36.150506241247058" lon="128.38560249656439">
        <ele>28.699999999999999</ele>
      </trkpt>
      <trkpt lat="36.149778105318546" lon="128.3849872648716">
        <ele>29.699999999999999</ele>
      </trkpt>
      <trkpt lat="36.148080267012119" lon="128.38374003767967">
        <ele>34</ele>
      </trkpt>
      <trkpt lat="36.146530704572797" lon="128.38212694041431">
        <ele>30.5</ele>
      </trkpt>
      <trkpt lat="36.146180341020226" lon="128.38197723962367">
        <ele>31.100000000000001</ele>
      </trkpt>
      <trkpt lat="36.145600900053978" lon="128.38214353658259">
        <ele>32.399999999999999</ele>
      </trkpt>
      <trkpt lat="36.142865549772978" lon="128.38141188025475">
        <ele>30.699999999999999</ele>
      </trkpt>
      <trkpt lat="36.141868438571692" lon="128.38104601018131">
        <ele>30.600000000000001</ele>
      </trkpt>
      <trkpt lat="36.139577329158783" lon="128.38003163225949">
        <ele>36</ele>
      </trkpt>
      <trkpt lat="36.13917306996882" lon="128.37956601753831">
        <ele>35.200000000000003</ele>
      </trkpt>
      <trkpt lat="36.138202864676714" lon="128.37903385050595">
        <ele>34.299999999999997</ele>
      </trkpt>
      <trkpt lat="36.137690814211965" lon="128.37853495962918">
        <ele>39.700000000000003</ele>
      </trkpt>
      <trkpt lat="36.137421336025" lon="128.37810253724456">
        <ele>37</ele>
      </trkpt>
      <trkpt lat="36.137138362973928" lon="128.37798611260951">
        <ele>34.799999999999997</ele>
      </trkpt>
      <trkpt lat="36.13681498914957" lon="128.37805266492069">
        <ele>34.5</ele>
      </trkpt>
      <trkpt lat="36.136491615325212" lon="128.37826883420348">
        <ele>35</ele>
      </trkpt>
      <trkpt lat="36.135696591809392" lon="128.37831870652735">
        <ele>32.899999999999999</ele>
      </trkpt>
      <trkpt lat="36.134995864704251" lon="128.37860142812133">
        <ele>33</ele>
      </trkpt>
      <trkpt lat="36.134376022964716" lon="128.37895070202649">
        <ele>33.399999999999999</ele>
      </trkpt>
      <trkpt lat="36.133850561454892" lon="128.37948286905885">
        <ele>32.5</ele>
      </trkpt>
      <trkpt lat="36.133189983665943" lon="128.38034754619002">
        <ele>32.899999999999999</ele>
      </trkpt>
      <trkpt lat="36.127584502100945" lon="128.38897847570479">
        <ele>25.5</ele>
      </trkpt>
      <trkpt lat="36.127449721097946" lon="128.38944409042597">
        <ele>21.199999999999999</ele>
      </trkpt>
      <trkpt lat="36.128109963610768" lon="128.39009268209338">
        <ele>22.800000000000001</ele>
      </trkpt>
      <trkpt lat="36.127975266426802" lon="128.39025897905231">
        <ele>22.100000000000001</ele>
      </trkpt>
      <trkpt lat="36.124471798539162" lon="128.38694963604212">
        <ele>30</ele>
      </trkpt>
      <trkpt lat="36.123918928205967" lon="128.38635091669858">
        <ele>30</ele>
      </trkpt>
      <trkpt lat="36.123730251565576" lon="128.38636759668589">
        <ele>30</ele>
      </trkpt>
      <trkpt lat="36.122962217777967" lon="128.38558598421514">
        <ele>34.399999999999999</ele>
      </trkpt>
      <trkpt lat="36.122746635228395" lon="128.38575228117406">
        <ele>35.100000000000001</ele>
      </trkpt>
      <trkpt lat="36.121304864063859" lon="128.38779771700501">
        <ele>31.699999999999999</ele>
      </trkpt>
      <trkpt lat="36.119782207533717" lon="128.38914477266371">
        <ele>32</ele>
      </trkpt>
      <trkpt lat="36.118178414180875" lon="128.39039166457951">
        <ele>33.100000000000001</ele>
      </trkpt>
      <trkpt lat="36.115914629772305" lon="128.39165557175875">
        <ele>39</ele>
      </trkpt>
      <trkpt lat="36.113583538681269" lon="128.39253692887723">
        <ele>37.899999999999999</ele>
      </trkpt>
      <trkpt lat="36.112006986513734" lon="128.39275318197906">
        <ele>33.899999999999999</ele>
      </trkpt>
      <trkpt lat="36.111494936048985" lon="128.39281965047121">
        <ele>33.799999999999997</ele>
      </trkpt>
      <trkpt lat="36.111023370176554" lon="128.39300262741745">
        <ele>32.700000000000003</ele>
      </trkpt>
      <trkpt lat="36.110160956159234" lon="128.39308577589691">
        <ele>33.600000000000001</ele>
      </trkpt>
      <trkpt lat="36.109271133318543" lon="128.39296935126185">
        <ele>35.899999999999999</ele>
      </trkpt>
      <trkpt lat="36.099811904132366" lon="128.39378423988819">
        <ele>33</ele>
      </trkpt>
      <trkpt lat="36.095512909814715" lon="128.39413342997432">
        <ele>34.399999999999999</ele>
      </trkpt>
      <trkpt lat="36.094421418383718" lon="128.39411683380604">
        <ele>29.699999999999999</ele>
      </trkpt>
      <trkpt lat="36.093195229768753" lon="128.39388398453593">
        <ele>31.199999999999999</ele>
      </trkpt>
      <trkpt lat="36.092507997527719" lon="128.39370109140873">
        <ele>31.399999999999999</ele>
      </trkpt>
      <trkpt lat="36.091820849105716" lon="128.39378423988819">
        <ele>28.5</ele>
      </trkpt>
      <trkpt lat="36.091335704550147" lon="128.39358466677368">
        <ele>28</ele>
      </trkpt>
      <trkpt lat="36.090810243040323" lon="128.39346824213862">
        <ele>28</ele>
      </trkpt>
      <trkpt lat="36.089327987283468" lon="128.39250373654068">
        <ele>27.199999999999999</ele>
      </trkpt>
      <trkpt lat="36.088519468903542" lon="128.39185514487326">
        <ele>28.899999999999999</ele>
      </trkpt>
      <trkpt lat="36.087818322703242" lon="128.39110689237714">
        <ele>29.800000000000001</ele>
      </trkpt>
      <trkpt lat="36.086309161037207" lon="128.38914460502565">
        <ele>31.800000000000001</ele>
      </trkpt>
      <trkpt lat="36.084584416821599" lon="128.38699934072793">
        <ele>29.100000000000001</ele>
      </trkpt>
      <trkpt lat="36.084368834272027" lon="128.38663347065449">
        <ele>27.800000000000001</ele>
      </trkpt>
      <trkpt lat="36.08397806994617" lon="128.38578530587256">
        <ele>29.600000000000001</ele>
      </trkpt>
      <trkpt lat="36.083748992532492" lon="128.38580198585987">
        <ele>29</ele>
      </trkpt>
      <trkpt lat="36.083412123844028" lon="128.39656149968505">
        <ele>30</ele>
      </trkpt>
      <trkpt lat="36.083492925390601" lon="128.39716021902859">
        <ele>31.699999999999999</ele>
      </trkpt>
      <trkpt lat="36.083492925390601" lon="128.39770898222923">
        <ele>33.399999999999999</ele>
      </trkpt>
      <trkpt lat="36.083762403577566" lon="128.39780881069601">
        <ele>32.5</ele>
      </trkpt>
      <trkpt lat="36.084031965583563" lon="128.39750940911472">
        <ele>31.5</ele>
      </trkpt>
      <trkpt lat="36.084799999371171" lon="128.39634533040226">
        <ele>22.100000000000001</ele>
      </trkpt>
      <trkpt lat="36.084732608869672" lon="128.39594618417323">
        <ele>22.800000000000001</ele>
      </trkpt>
      <trkpt lat="36.083789393305779" lon="128.39466568082571">
        <ele>29.199999999999999</ele>
      </trkpt>
      <trkpt lat="36.083142561838031" lon="128.39358475059271">
        <ele>33.799999999999997</ele>
      </trkpt>
      <trkpt lat="36.08302135951817" lon="128.39275326579809">
        <ele>37.600000000000001</ele>
      </trkpt>
      <trkpt lat="36.082751797512174" lon="128.39240407571197">
        <ele>45.100000000000001</ele>
      </trkpt>
      <trkpt lat="36.080905767157674" lon="128.39137301780283">
        <ele>36.700000000000003</ele>
      </trkpt>
      <trkpt lat="36.080151228234172" lon="128.3907909784466">
        <ele>39.200000000000003</ele>
      </trkpt>
      <trkpt lat="36.079881750047207" lon="128.39037523604929">
        <ele>35.100000000000001</ele>
      </trkpt>
      <trkpt lat="36.07961218804121" lon="128.3899262174964">
        <ele>29.800000000000001</ele>
      </trkpt>
      <trkpt lat="36.079032830893993" lon="128.38980979286134">
        <ele>32.299999999999997</ele>
      </trkpt>
      <trkpt lat="36.077698431909084" lon="128.38934417814016">
        <ele>23.600000000000001</ele>
      </trkpt>
      <trkpt lat="36.076229671016335" lon="128.38897830806673">
        <ele>28</ele>
      </trkpt>
      <trkpt lat="36.074962997809052" lon="128.38887847959995">
        <ele>28.199999999999999</ele>
      </trkpt>
      <trkpt lat="36.072914879769087" lon="128.38906145654619">
        <ele>24</ele>
      </trkpt>
      <trkpt lat="36.07121704146266" lon="128.38956034742296">
        <ele>24</ele>
      </trkpt>
      <trkpt lat="36.070031253620982" lon="128.39019225910306">
        <ele>24.100000000000001</ele>
      </trkpt>
      <trkpt lat="36.069775270298123" lon="128.39054153300822">
        <ele>24</ele>
      </trkpt>
      <trkpt lat="36.069761775434017" lon="128.39133974164724">
        <ele>28.100000000000001</ele>
      </trkpt>
      <trkpt lat="36.069640489295125" lon="128.39217122644186">
        <ele>31.399999999999999</ele>
      </trkpt>
      <trkpt lat="36.069411411881447" lon="128.39296943508089">
        <ele>32.700000000000003</ele>
      </trkpt>
      <trkpt lat="36.06918191537261" lon="128.39321888051927">
        <ele>33</ele>
      </trkpt>
      <trkpt lat="36.063333945348859" lon="128.39639520272613">
        <ele>31.399999999999999</ele>
      </trkpt>
      <trkpt lat="36.062350245192647" lon="128.39697724208236">
        <ele>30.300000000000001</ele>
      </trkpt>
      <trkpt lat="36.060787187889218" lon="128.39800829999149">
        <ele>31.699999999999999</ele>
      </trkpt>
      <trkpt lat="36.057768361642957" lon="128.40012012049556">
        <ele>28.199999999999999</ele>
      </trkpt>
      <trkpt lat="36.0573775973171" lon="128.40058581903577">
        <ele>29.699999999999999</ele>
      </trkpt>
      <trkpt lat="36.056272611021996" lon="128.40125100687146">
        <ele>28.600000000000001</ele>
      </trkpt>
      <trkpt lat="36.055908836424351" lon="128.4013507515192">
        <ele>27.300000000000001</ele>
      </trkpt>
      <trkpt lat="36.049427445977926" lon="128.40594059787691">
        <ele>24</ele>
      </trkpt>
      <trkpt lat="36.046502916142344" lon="128.40758671984076">
        <ele>24.399999999999999</ele>
      </trkpt>
      <trkpt lat="36.04438740760088" lon="128.40851803310215">
        <ele>25.899999999999999</ele>
      </trkpt>
      <trkpt lat="36.041153501719236" lon="128.40961555950344">
        <ele>28.300000000000001</ele>
      </trkpt>
      <trkpt lat="36.039320966228843" lon="128.40996483340859">
        <ele>30.399999999999999</ele>
      </trkpt>
      <trkpt lat="36.038296362385154" lon="128.41003121808171">
        <ele>29.100000000000001</ele>
      </trkpt>
      <trkpt lat="36.03690848685801" lon="128.40989819727838">
        <ele>28.800000000000001</ele>
      </trkpt>
      <trkpt lat="36.034995066002011" lon="128.40939930640161">
        <ele>24.699999999999999</ele>
      </trkpt>
      <trkpt lat="36.034186547622085" lon="128.40918313711882">
        <ele>26.100000000000001</ele>
      </trkpt>
      <trkpt lat="36.029793759807944" lon="128.40718757361174">
        <ele>25.300000000000001</ele>
      </trkpt>
      <trkpt lat="36.028674943372607" lon="128.40665540657938">
        <ele>26.300000000000001</ele>
      </trkpt>
      <trkpt lat="36.028338074684143" lon="128.40660545043647">
        <ele>27.699999999999999</ele>
      </trkpt>
      <trkpt lat="36.028014700859785" lon="128.40678842738271">
        <ele>28.399999999999999</ele>
      </trkpt>
      <trkpt lat="36.027731727808714" lon="128.40715429745615">
        <ele>29.800000000000001</ele>
      </trkpt>
      <trkpt lat="36.027664337307215" lon="128.4074536152184">
        <ele>30.800000000000001</ele>
      </trkpt>
      <trkpt lat="36.027637431398034" lon="128.40831837616861">
        <ele>29.399999999999999</ele>
      </trkpt>
      <trkpt lat="36.02742176502943" lon="128.40958228334785">
        <ele>28.199999999999999</ele>
      </trkpt>
      <trkpt lat="36.026963694021106" lon="128.41134499758482">
        <ele>30.100000000000001</ele>
      </trkpt>
      <trkpt lat="36.026694132015109" lon="128.41137827374041">
        <ele>30.300000000000001</ele>
      </trkpt>
      <trkpt lat="36.026478549465537" lon="128.41119538061321">
        <ele>30</ele>
      </trkpt>
      <trkpt lat="36.026963694021106" lon="128.4088006708771">
        <ele>30</ele>
      </trkpt>
      <trkpt lat="36.026788512244821" lon="128.40693812817335">
        <ele>29</ele>
      </trkpt>
      <trkpt lat="36.026357263326645" lon="128.40585711412132">
        <ele>30.699999999999999</ele>
      </trkpt>
      <trkpt lat="36.025292761623859" lon="128.40505890548229">
        <ele>31.699999999999999</ele>
      </trkpt>
      <trkpt lat="36.025211960077286" lon="128.40479286387563">
        <ele>31.100000000000001</ele>
      </trkpt>
      <trkpt lat="36.025387141853571" lon="128.40436044149101">
        <ele>28.899999999999999</ele>
      </trkpt>
      <trkpt lat="36.025252360850573" lon="128.40401125140488">
        <ele>27.899999999999999</ele>
      </trkpt>
      <trkpt lat="36.023460226133466" lon="128.40281389653683">
        <ele>27.600000000000001</ele>
      </trkpt>
      <trkpt lat="36.022382229566574" lon="128.40224845334888">
        <ele>29.300000000000001</ele>
      </trkpt>
      <trkpt lat="36.0214121080935" lon="128.40193245559931">
        <ele>27.899999999999999</ele>
      </trkpt>
      <trkpt lat="36.019673869013786" lon="128.401516713202">
        <ele>28.899999999999999</ele>
      </trkpt>
      <trkpt lat="36.018864847719669" lon="128.40143364854157">
        <ele>28.699999999999999</ele>
      </trkpt>
      <trkpt lat="36.017800346016884" lon="128.40143364854157">
        <ele>27.5</ele>
      </trkpt>
      <trkpt lat="36.017436571419239" lon="128.40108445845544">
        <ele>26.899999999999999</ele>
      </trkpt>
      <trkpt lat="36.017072713002563" lon="128.40100130997598">
        <ele>26.5</ele>
      </trkpt>
      <trkpt lat="36.01647986099124" lon="128.40098462998867">
        <ele>26.300000000000001</ele>
      </trkpt>
      <trkpt lat="36.015374874696136" lon="128.40071858838201">
        <ele>26</ele>
      </trkpt>
      <trkpt lat="36.01519969291985" lon="128.40103458613157">
        <ele>26.399999999999999</ele>
      </trkpt>
      <trkpt lat="36.014445153996348" lon="128.40056888759136">
        <ele>27</ele>
      </trkpt>
      <trkpt lat="36.01367712020874" lon="128.40036939829588">
        <ele>27.899999999999999</ele>
      </trkpt>
      <trkpt lat="36.012518238276243" lon="128.40023629367352">
        <ele>28</ele>
      </trkpt>
      <trkpt lat="36.011521127074957" lon="128.39997025206685">
        <ele>30.100000000000001</ele>
      </trkpt>
      <trkpt lat="36.010604817420244" lon="128.39957110583782">
        <ele>30</ele>
      </trkpt>
      <trkpt lat="36.008893568068743" lon="128.39875621721148">
        <ele>30</ele>
      </trkpt>
      <trkpt lat="36.006885599344969" lon="128.39794987812638">
        <ele>29.600000000000001</ele>
      </trkpt>
      <trkpt lat="36.004567919299006" lon="128.39732903055847">
        <ele>30.5</ele>
      </trkpt>
      <trkpt lat="36.003885213285685" lon="128.39701856486499">
        <ele>31.899999999999999</ele>
      </trkpt>
      <trkpt lat="36.003454048186541" lon="128.3967746514827">
        <ele>33.100000000000001</ele>
      </trkpt>
      <trkpt lat="36.002304134890437" lon="128.39659729041159">
        <ele>26.899999999999999</ele>
      </trkpt>
      <trkpt lat="36.001082472503185" lon="128.39624248445034">
        <ele>24</ele>
      </trkpt>
      <trkpt lat="36.000377219170332" lon="128.39658622629941">
        <ele>28.399999999999999</ele>
      </trkpt>
      <trkpt lat="36.00016163662076" lon="128.39636444114149">
        <ele>26.600000000000001</ele>
      </trkpt>
      <trkpt lat="35.999856200069189" lon="128.3963311649859">
        <ele>26.399999999999999</ele>
      </trkpt>
      <trkpt lat="35.999586721882224" lon="128.39615380391479">
        <ele>24.800000000000001</ele>
      </trkpt>
      <trkpt lat="35.999281285330653" lon="128.39586555026472">
        <ele>22.199999999999999</ele>
      </trkpt>
      <trkpt lat="35.999020775780082" lon="128.39573252946138">
        <ele>21.5</ele>
      </trkpt>
      <trkpt lat="35.997952334582806" lon="128.39565482921898">
        <ele>21.699999999999999</ele>
      </trkpt>
      <trkpt lat="35.997170805931091" lon="128.39552180841565">
        <ele>20.800000000000001</ele>
      </trkpt>
      <trkpt lat="35.992975663393736" lon="128.39470138773322">
        <ele>22.399999999999999</ele>
      </trkpt>
      <trkpt lat="35.992293711751699" lon="128.39461270719767">
        <ele>21.800000000000001</ele>
      </trkpt>
      <trkpt lat="35.989320231601596" lon="128.39430224150419">
        <ele>22.800000000000001</ele>
      </trkpt>
      <trkpt lat="35.988350110128522" lon="128.39406947605312">
        <ele>22.300000000000001</ele>
      </trkpt>
      <trkpt lat="35.985610233619809" lon="128.39334880001843">
        <ele>17.199999999999999</ele>
      </trkpt>
      <trkpt lat="35.984506001695991" lon="128.39310488663614">
        <ele>17</ele>
      </trkpt>
      <trkpt lat="35.983922118321061" lon="128.3930273540318">
        <ele>17</ele>
      </trkpt>
      <trkpt lat="35.982844121754169" lon="128.39303841814399">
        <ele>17</ele>
      </trkpt>
      <trkpt lat="35.981379887089133" lon="128.39317143894732">
        <ele>17</ele>
      </trkpt>
      <trkpt lat="35.979897631332278" lon="128.39358164928854">
        <ele>20.199999999999999</ele>
      </trkpt>
      <trkpt lat="35.979143092408776" lon="128.39374794624746">
        <ele>21</ele>
      </trkpt>
      <trkpt lat="35.977804586291313" lon="128.39399185962975">
        <ele>23.399999999999999</ele>
      </trkpt>
      <trkpt lat="35.977005707100034" lon="128.39408054016531">
        <ele>23.300000000000001</ele>
      </trkpt>
      <trkpt lat="35.976592479273677" lon="128.39421356096864">
        <ele>24.100000000000001</ele>
      </trkpt>
      <trkpt lat="35.976206157356501" lon="128.39447968639433">
        <ele>24.600000000000001</ele>
      </trkpt>
      <trkpt lat="35.975927710533142" lon="128.3945350907743">
        <ele>24</ele>
      </trkpt>
      <trkpt lat="35.975739033892751" lon="128.39466811157763">
        <ele>24.300000000000001</ele>
      </trkpt>
      <trkpt lat="35.975586315616965" lon="128.39488989673555">
        <ele>25.199999999999999</ele>
      </trkpt>
      <trkpt lat="35.975595284253359" lon="128.39515593834221">
        <ele>25.600000000000001</ele>
      </trkpt>
      <trkpt lat="35.975909773260355" lon="128.39569916948676">
        <ele>24.699999999999999</ele>
      </trkpt>
      <trkpt lat="35.976161230355501" lon="128.39602069929242">
        <ele>26.199999999999999</ele>
      </trkpt>
      <trkpt lat="35.976385865360498" lon="128.39619806036353">
        <ele>27.100000000000001</ele>
      </trkpt>
      <trkpt lat="35.976592479273677" lon="128.39625354856253">
        <ele>27.399999999999999</ele>
      </trkpt>
      <trkpt lat="35.976655343547463" lon="128.39644197374582">
        <ele>27.300000000000001</ele>
      </trkpt>
      <trkpt lat="35.97585579380393" lon="128.39687439613044">
        <ele>30.199999999999999</ele>
      </trkpt>
      <trkpt lat="35.975586315616965" lon="128.39689652435482">
        <ele>31</ele>
      </trkpt>
      <trkpt lat="35.975146181881428" lon="128.39681890793145">
        <ele>31.600000000000001</ele>
      </trkpt>
      <trkpt lat="35.974625162780285" lon="128.39653065428138">
        <ele>36.200000000000003</ele>
      </trkpt>
      <trkpt lat="35.973915467038751" lon="128.39590980671346">
        <ele>34.700000000000003</ele>
      </trkpt>
      <trkpt lat="35.973529228940606" lon="128.39571023359895">
        <ele>35.5</ele>
      </trkpt>
      <trkpt lat="35.973241729661822" lon="128.3954331278801">
        <ele>33.899999999999999</ele>
      </trkpt>
      <trkpt lat="35.973089011386037" lon="128.39533329941332">
        <ele>33.299999999999997</ele>
      </trkpt>
      <trkpt lat="35.972846439108253" lon="128.39534444734454">
        <ele>34.899999999999999</ele>
      </trkpt>
      <trkpt lat="35.970628084614873" lon="128.39566589333117">
        <ele>35.299999999999997</ele>
      </trkpt>
      <trkpt lat="35.970134055241942" lon="128.39566589333117">
        <ele>36.200000000000003</ele>
      </trkpt>
      <trkpt lat="35.968894371762872" lon="128.39561048895121">
        <ele>33.700000000000003</ele>
      </trkpt>
      <trkpt lat="35.968014020472765" lon="128.39551074430346">
        <ele>27.399999999999999</ele>
      </trkpt>
      <trkpt lat="35.967313293367624" lon="128.39547746814787">
        <ele>24.699999999999999</ele>
      </trkpt>
      <trkpt lat="35.966137144714594" lon="128.39562163688242">
        <ele>27.199999999999999</ele>
      </trkpt>
      <trkpt lat="35.964430337771773" lon="128.39551074430346">
        <ele>23.300000000000001</ele>
      </trkpt>
      <trkpt lat="35.964124901220202" lon="128.39555508457124">
        <ele>22.899999999999999</ele>
      </trkpt>
      <trkpt lat="35.963855423033237" lon="128.39569925330579">
        <ele>23.899999999999999</ele>
      </trkpt>
      <trkpt lat="35.963118737563491" lon="128.39634222909808">
        <ele>24.5</ele>
      </trkpt>
      <trkpt lat="35.962786395102739" lon="128.39643090963364">
        <ele>24.100000000000001</ele>
      </trkpt>
      <trkpt lat="35.961528774350882" lon="128.396564014256">
        <ele>23.399999999999999</ele>
      </trkpt>
      <trkpt lat="35.960792172700167" lon="128.39653073810041">
        <ele>20.199999999999999</ele>
      </trkpt>
      <trkpt lat="35.960110137239099" lon="128.39653073810041">
        <ele>17.399999999999999</ele>
      </trkpt>
      <trkpt lat="35.959337577223778" lon="128.39665269479156">
        <ele>17</ele>
      </trkpt>
      <trkpt lat="35.957037918269634" lon="128.39712937362492">
        <ele>20</ele>
      </trkpt>
      <trkpt lat="35.956651596352458" lon="128.39734001085162">
        <ele>21</ele>
      </trkpt>
      <trkpt lat="35.955501766875386" lon="128.39829345233738">
        <ele>24.399999999999999</ele>
      </trkpt>
      <trkpt lat="35.955241257324815" lon="128.39841540902853">
        <ele>24.600000000000001</ele>
      </trkpt>
      <trkpt lat="35.954235177487135" lon="128.3987036626786">
        <ele>28.100000000000001</ele>
      </trkpt>
      <trkpt lat="35.953553058207035" lon="128.39869268238544">
        <ele>28.300000000000001</ele>
      </trkpt>
      <trkpt lat="35.952780498191714" lon="128.39877029880881">
        <ele>27.899999999999999</ele>
      </trkpt>
      <trkpt lat="35.952582852914929" lon="128.39872595854104">
        <ele>27.600000000000001</ele>
      </trkpt>
      <trkpt lat="35.952367270365357" lon="128.39845983311534">
        <ele>26.899999999999999</ele>
      </trkpt>
      <trkpt lat="35.952169625088573" lon="128.39842664077878">
        <ele>26.5</ele>
      </trkpt>
      <trkpt lat="35.951361106708646" lon="128.39852638542652">
        <ele>25.199999999999999</ele>
      </trkpt>
      <trkpt lat="35.950444880872965" lon="128.39869268238544">
        <ele>23.100000000000001</ele>
      </trkpt>
      <trkpt lat="35.949187176302075" lon="128.3990474883467">
        <ele>26.199999999999999</ele>
      </trkpt>
      <trkpt lat="35.948711084201932" lon="128.3992581255734">
        <ele>26.399999999999999</ele>
      </trkpt>
      <trkpt lat="35.948127200827003" lon="128.39959071949124">
        <ele>25.600000000000001</ele>
      </trkpt>
      <trkpt lat="35.946995308622718" lon="128.39992331340909">
        <ele>24.100000000000001</ele>
      </trkpt>
      <trkpt lat="35.944965882226825" lon="128.40052203275263">
        <ele>23.600000000000001</ele>
      </trkpt>
      <trkpt lat="35.94476823695004" lon="128.40061071328819">
        <ele>23.699999999999999</ele>
      </trkpt>
      <trkpt lat="35.944462800398469" lon="128.40079922229052">
        <ele>24</ele>
      </trkpt>
      <trkpt lat="35.944112436845899" lon="128.40127590112388">
        <ele>25.600000000000001</ele>
      </trkpt>
      <trkpt lat="35.943825021386147" lon="128.40138679370284">
        <ele>25.699999999999999</ele>
      </trkpt>
      <trkpt lat="35.942450556904078" lon="128.4017083235085">
        <ele>26.100000000000001</ele>
      </trkpt>
      <trkpt lat="35.941812777891755" lon="128.40169725939631">
        <ele>26.100000000000001</ele>
      </trkpt>
      <trkpt lat="35.94114800915122" lon="128.40161964297295">
        <ele>25.100000000000001</ele>
      </trkpt>
      <trkpt lat="35.940357511863112" lon="128.40171938762069">
        <ele>25.899999999999999</ele>
      </trkpt>
      <trkpt lat="35.939333997666836" lon="128.40167504735291">
        <ele>25.300000000000001</ele>
      </trkpt>
      <trkpt lat="35.938938707113266" lon="128.4017083235085">
        <ele>25.199999999999999</ele>
      </trkpt>
      <trkpt lat="35.938543500378728" lon="128.40178593993187">
        <ele>25.600000000000001</ele>
      </trkpt>
      <trkpt lat="35.938148209825158" lon="128.40173053555191">
        <ele>25.100000000000001</ele>
      </trkpt>
      <trkpt lat="35.937366681173444" lon="128.40178593993187">
        <ele>24.300000000000001</ele>
      </trkpt>
      <trkpt lat="35.937169035896659" lon="128.40190789662302">
        <ele>24.600000000000001</ele>
      </trkpt>
      <trkpt lat="35.936953453347087" lon="128.4023957233876">
        <ele>26.5</ele>
      </trkpt>
      <trkpt lat="35.936746839433908" lon="128.40250661596656">
        <ele>27</ele>
      </trkpt>
      <trkpt lat="35.936432434245944" lon="128.40257308445871">
        <ele>25.899999999999999</ele>
      </trkpt>
      <trkpt lat="35.935291573405266" lon="128.40283920988441">
        <ele>23.600000000000001</ele>
      </trkpt>
      <trkpt lat="35.931591046974063" lon="128.40388141572475">
        <ele>26.800000000000001</ele>
      </trkpt>
      <trkpt lat="35.929632699117064" lon="128.40426941402256">
        <ele>26.100000000000001</ele>
      </trkpt>
      <trkpt lat="35.928051704540849" lon="128.40459094382823">
        <ele>25</ele>
      </trkpt>
      <trkpt lat="35.92318357899785" lon="128.4055888094008">
        <ele>25.5</ele>
      </trkpt>
      <trkpt lat="35.922375060617924" lon="128.40571076609194">
        <ele>27.600000000000001</ele>
      </trkpt>
      <trkpt lat="35.921979853883386" lon="128.40586599893868">
        <ele>27.199999999999999</ele>
      </trkpt>
      <trkpt lat="35.921072512865067" lon="128.40671961195767">
        <ele>26.899999999999999</ele>
      </trkpt>
      <trkpt lat="35.92054252512753" lon="128.4071187581867">
        <ele>25.899999999999999</ele>
      </trkpt>
      <trkpt lat="35.920004239305854" lon="128.40738496743143">
        <ele>25.600000000000001</ele>
      </trkpt>
      <trkpt lat="35.919303512200713" lon="128.40752913616598">
        <ele>24.399999999999999</ele>
      </trkpt>
      <trkpt lat="35.918944180011749" lon="128.40755126439035">
        <ele>24.199999999999999</ele>
      </trkpt>
      <trkpt lat="35.918045891448855" lon="128.40781738981605">
        <ele>24.800000000000001</ele>
      </trkpt>
      <trkpt lat="35.914910724386573" lon="128.40871534310281">
        <ele>24.100000000000001</ele>
      </trkpt>
      <trkpt lat="35.912440996617079" lon="128.40939176268876">
        <ele>23.300000000000001</ele>
      </trkpt>
      <trkpt lat="35.911830207332969" lon="128.40963567607105">
        <ele>23.899999999999999</ele>
      </trkpt>
      <trkpt lat="35.911129480227828" lon="128.40997933410108">
        <ele>24.899999999999999</ele>
      </trkpt>
      <trkpt lat="35.910842064768076" lon="128.41005695052445">
        <ele>25</ele>
      </trkpt>
      <trkpt lat="35.909692151471972" lon="128.41045609675348">
        <ele>26</ele>
      </trkpt>
      <trkpt lat="35.909135257825255" lon="128.41055584140122">
        <ele>28.899999999999999</ele>
      </trkpt>
      <trkpt lat="35.908668134361506" lon="128.41042282059789">
        <ele>30.100000000000001</ele>
      </trkpt>
      <trkpt lat="35.908362697809935" lon="128.41032307595015">
        <ele>30.300000000000001</ele>
      </trkpt>
      <trkpt lat="35.907922480255365" lon="128.41027873568237">
        <ele>32.600000000000001</ele>
      </trkpt>
      <trkpt lat="35.907212868332863" lon="128.41011243872344">
        <ele>34.299999999999997</ele>
      </trkpt>
      <trkpt lat="35.906908102333546" lon="128.40995720587671">
        <ele>33.299999999999997</ele>
      </trkpt>
      <trkpt lat="35.906665530055761" lon="128.40986852534115">
        <ele>33.100000000000001</ele>
      </trkpt>
      <trkpt lat="35.906315166503191" lon="128.40964674018323">
        <ele>34.399999999999999</ele>
      </trkpt>
      <trkpt lat="35.905524669215083" lon="128.40918112546206">
        <ele>34.5</ele>
      </trkpt>
      <trkpt lat="35.904922848567367" lon="128.40894827619195">
        <ele>38.100000000000001</ele>
      </trkpt>
      <trkpt lat="35.903988601639867" lon="128.40833857655525">
        <ele>38.600000000000001</ele>
      </trkpt>
      <trkpt lat="35.903754997998476" lon="128.40826096013188">
        <ele>40.700000000000003</ele>
      </trkpt>
      <trkpt lat="35.902353627607226" lon="128.40732964687049">
        <ele>36.799999999999997</ele>
      </trkpt>
      <trkpt lat="35.901913410052657" lon="128.40701926499605">
        <ele>33.799999999999997</ele>
      </trkpt>
      <trkpt lat="35.901365485042334" lon="128.40670879930258">
        <ele>30.100000000000001</ele>
      </trkpt>
      <trkpt lat="35.900009041652083" lon="128.40601033531129">
        <ele>37.100000000000001</ele>
      </trkpt>
      <trkpt lat="35.899767223745584" lon="128.40595476329327">
        <ele>36.700000000000003</ele>
      </trkpt>
      <trkpt lat="35.899084433913231" lon="128.40562216937542">
        <ele>32.5</ele>
      </trkpt>
      <trkpt lat="35.8985904045403" lon="128.40551127679646">
        <ele>41.200000000000003</ele>
      </trkpt>
      <trkpt lat="35.898365853354335" lon="128.40523417107761">
        <ele>36.100000000000001</ele>
      </trkpt>
      <trkpt lat="35.897575272247195" lon="128.40490157715976">
        <ele>35.899999999999999</ele>
      </trkpt>
      <trkpt lat="35.897323731333017" lon="128.40475740842521">
        <ele>34.100000000000001</ele>
      </trkpt>
      <trkpt lat="35.896614119410515" lon="128.40450243093073">
        <ele>32</ele>
      </trkpt>
      <trkpt lat="35.8958775177598" lon="128.40395919978619">
        <ele>26.399999999999999</ele>
      </trkpt>
      <trkpt lat="35.895572081208229" lon="128.40385937131941">
        <ele>27.800000000000001</ele>
      </trkpt>
      <trkpt lat="35.895320540294051" lon="128.40370422229171">
        <ele>28.300000000000001</ele>
      </trkpt>
      <trkpt lat="35.895024072378874" lon="128.40362660586834">
        <ele>29.699999999999999</ele>
      </trkpt>
      <trkpt lat="35.894880322739482" lon="128.40350464917719">
        <ele>31.600000000000001</ele>
      </trkpt>
      <trkpt lat="35.894413199275732" lon="128.40296141803265">
        <ele>31.5</ele>
      </trkpt>
      <trkpt lat="35.894090328365564" lon="128.40271733701229">
        <ele>29.300000000000001</ele>
      </trkpt>
      <trkpt lat="35.892706979066133" lon="128.40171955525875">
        <ele>20.5</ele>
      </trkpt>
      <trkpt lat="35.891584055498242" lon="128.4011763241142">
        <ele>32.600000000000001</ele>
      </trkpt>
      <trkpt lat="35.890470184385777" lon="128.4007550496608">
        <ele>31.199999999999999</ele>
      </trkpt>
      <trkpt lat="35.889787394553423" lon="128.40044458396733">
        <ele>31.699999999999999</ele>
      </trkpt>
      <trkpt lat="35.88907778263092" lon="128.40010092593729">
        <ele>27.5</ele>
      </trkpt>
      <trkpt lat="35.888314191251993" lon="128.39963522739708">
        <ele>29.199999999999999</ele>
      </trkpt>
      <trkpt lat="35.887182299047709" lon="128.39902552776039">
        <ele>35.200000000000003</ele>
      </trkpt>
      <trkpt lat="35.885799620300531" lon="128.39833796024323">
        <ele>31.600000000000001</ele>
      </trkpt>
      <trkpt lat="35.885161841288209" lon="128.39801643043756">
        <ele>33</ele>
      </trkpt>
      <trkpt lat="35.884506041184068" lon="128.39766162447631">
        <ele>30.699999999999999</ele>
      </trkpt>
      <trkpt lat="35.884029949083924" lon="128.39734017848969">
        <ele>29.300000000000001</ele>
      </trkpt>
      <trkpt lat="35.883023869246244" lon="128.39710732921958">
        <ele>29.800000000000001</ele>
      </trkpt>
      <trkpt lat="35.882161455228925" lon="128.39680801145732">
        <ele>24.600000000000001</ele>
      </trkpt>
      <trkpt lat="35.881514623761177" lon="128.396619502455">
        <ele>22.899999999999999</ele>
      </trkpt>
      <trkpt lat="35.880867876112461" lon="128.39654188603163">
        <ele>23.199999999999999</ele>
      </trkpt>
      <trkpt lat="35.880373762920499" lon="128.39656409807503">
        <ele>24</ele>
      </trkpt>
      <trkpt lat="35.879897670820355" lon="128.39667499065399">
        <ele>25.199999999999999</ele>
      </trkpt>
      <trkpt lat="35.879655852913857" lon="128.39676367118955">
        <ele>25.800000000000001</ele>
      </trkpt>
      <trkpt lat="35.879134833812714" lon="128.39657516218722">
        <ele>25.600000000000001</ele>
      </trkpt>
      <trkpt lat="35.878613814711571" lon="128.39651975780725">
        <ele>23.699999999999999</ele>
      </trkpt>
      <trkpt lat="35.877823233604431" lon="128.39667499065399">
        <ele>22.399999999999999</ele>
      </trkpt>
      <trkpt lat="35.877436995506287" lon="128.39663056656718">
        <ele>21.899999999999999</ele>
      </trkpt>
      <trkpt lat="35.876493779942393" lon="128.39629797264934">
        <ele>21.100000000000001</ele>
      </trkpt>
      <trkpt lat="35.87608952075243" lon="128.39605414308608">
        <ele>21.199999999999999</ele>
      </trkpt>
      <trkpt lat="35.875307992100716" lon="128.39544435963035">
        <ele>20.199999999999999</ele>
      </trkpt>
      <trkpt lat="35.874867774546146" lon="128.39517823420465">
        <ele>20.100000000000001</ele>
      </trkpt>
      <trkpt lat="35.874023800715804" lon="128.39483432471752">
        <ele>21</ele>
      </trkpt>
      <trkpt lat="35.873251240700483" lon="128.39461262337863">
        <ele>23.399999999999999</ele>
      </trkpt>
      <trkpt lat="35.872918898239732" lon="128.39437977410853">
        <ele>23.399999999999999</ele>
      </trkpt>
      <trkpt lat="35.87265838868916" lon="128.39430215768516">
        <ele>23.199999999999999</ele>
      </trkpt>
      <trkpt lat="35.868921400979161" lon="128.39280548505485">
        <ele>23.600000000000001</ele>
      </trkpt>
      <trkpt lat="35.868410021066666" lon="128.39248378761113">
        <ele>23.100000000000001</ele>
      </trkpt>
      <trkpt lat="35.868050688877702" lon="128.39207357726991">
        <ele>22</ele>
      </trkpt>
      <trkpt lat="35.867152400314808" lon="128.39100924320519">
        <ele>21.899999999999999</ele>
      </trkpt>
      <trkpt lat="35.866658287122846" lon="128.39072098955512">
        <ele>22.600000000000001</ele>
      </trkpt>
      <trkpt lat="35.866496600210667" lon="128.39072098955512">
        <ele>22.199999999999999</ele>
      </trkpt>
      <trkpt lat="35.866379840299487" lon="128.39089843444526">
        <ele>22.5</ele>
      </trkpt>
      <trkpt lat="35.866289986297488" lon="128.39151928201318">
        <ele>24</ele>
      </trkpt>
      <trkpt lat="35.86615520529449" lon="128.39163009077311">
        <ele>24.5</ele>
      </trkpt>
      <trkpt lat="35.865939622744918" lon="128.39160796254873">
        <ele>24.600000000000001</ele>
      </trkpt>
      <trkpt lat="35.865679113194346" lon="128.39150813408196">
        <ele>24.5</ele>
      </trkpt>
      <trkpt lat="35.86514912545681" lon="128.39134183712304">
        <ele>24.899999999999999</ele>
      </trkpt>
      <trkpt lat="35.864439429715276" lon="128.39093162678182">
        <ele>24.699999999999999</ele>
      </trkpt>
      <trkpt lat="35.863622361794114" lon="128.39058796875179">
        <ele>23.699999999999999</ele>
      </trkpt>
      <trkpt lat="35.862598344683647" lon="128.39031077921391">
        <ele>23.699999999999999</ele>
      </trkpt>
      <trkpt lat="35.862005408853292" lon="128.3901556301862">
        <ele>23</ele>
      </trkpt>
      <trkpt lat="35.861376598477364" lon="128.3901334181428">
        <ele>23.5</ele>
      </trkpt>
      <trkpt lat="35.860622059553862" lon="128.39012235403061">
        <ele>25.5</ele>
      </trkpt>
      <trkpt lat="35.860397424548864" lon="128.39025537483394">
        <ele>26.199999999999999</ele>
      </trkpt>
      <trkpt lat="35.860074050724506" lon="128.39066558517516">
        <ele>27.600000000000001</ele>
      </trkpt>
      <trkpt lat="35.859804572537541" lon="128.3907653298229">
        <ele>27.699999999999999</ele>
      </trkpt>
      <trkpt lat="35.859445240348577" lon="128.39072098955512">
        <ele>27.100000000000001</ele>
      </trkpt>
      <trkpt lat="35.859139803797007" lon="128.39061018079519">
        <ele>26.399999999999999</ele>
      </trkpt>
      <trkpt lat="35.858825398609042" lon="128.39059903286397">
        <ele>25.699999999999999</ele>
      </trkpt>
      <trkpt lat="35.858528930693865" lon="128.39066558517516">
        <ele>25.399999999999999</ele>
      </trkpt>
      <trkpt lat="35.857325121760368" lon="128.39126438833773">
        <ele>23.199999999999999</ele>
      </trkpt>
      <trkpt lat="35.856920862570405" lon="128.39158591814339">
        <ele>23.699999999999999</ele>
      </trkpt>
      <trkpt lat="35.856345947831869" lon="128.39221782982349">
        <ele>23.800000000000001</ele>
      </trkpt>
      <trkpt lat="35.854908619076014" lon="128.39423560537398">
        <ele>23.899999999999999</ele>
      </trkpt>
      <trkpt lat="35.854576276615262" lon="128.39492300525308">
        <ele>22.600000000000001</ele>
      </trkpt>
      <trkpt lat="35.854118121787906" lon="128.39567687362432">
        <ele>24.100000000000001</ele>
      </trkpt>
      <trkpt lat="35.854100184515119" lon="128.39602053165436">
        <ele>24.800000000000001</ele>
      </trkpt>
      <trkpt lat="35.854297745972872" lon="128.39667465537786">
        <ele>25.199999999999999</ele>
      </trkpt>
      <trkpt lat="35.854306798428297" lon="128.39868136681616">
        <ele>25.100000000000001</ele>
      </trkpt>
      <trkpt lat="35.853552175685763" lon="128.40177504345775">
        <ele>23.899999999999999</ele>
      </trkpt>
      <trkpt lat="35.85354320704937" lon="128.40263980440795">
        <ele>24.899999999999999</ele>
      </trkpt>
      <trkpt lat="35.853767758235335" lon="128.40422515757382">
        <ele>23.399999999999999</ele>
      </trkpt>
      <trkpt lat="35.853731799870729" lon="128.40487928129733">
        <ele>22.199999999999999</ele>
      </trkpt>
      <trkpt lat="35.854100184515119" lon="128.40547800064087">
        <ele>22</ele>
      </trkpt>
      <trkpt lat="35.854163048788905" lon="128.40594361536205">
        <ele>22</ele>
      </trkpt>
      <trkpt lat="35.854154080152512" lon="128.40640923008323">
        <ele>22</ele>
      </trkpt>
      <trkpt lat="35.854576276615262" lon="128.40742922388017">
        <ele>22.5</ele>
      </trkpt>
      <trkpt lat="35.855097295716405" lon="128.4082496445626">
        <ele>24</ele>
      </trkpt>
      <trkpt lat="35.855339784175158" lon="128.40856002643704">
        <ele>24</ele>
      </trkpt>
      <trkpt lat="35.856283083558083" lon="128.40892589651048">
        <ele>23.199999999999999</ele>
      </trkpt>
      <trkpt lat="35.856480645015836" lon="128.40910325758159">
        <ele>22.600000000000001</ele>
      </trkpt>
      <trkpt lat="35.857271226122975" lon="128.4101786557585">
        <ele>26.800000000000001</ele>
      </trkpt>
      <trkpt lat="35.856696311384439" lon="128.41106629930437">
        <ele>25.399999999999999</ele>
      </trkpt>
      <trkpt lat="35.856247125193477" lon="128.4118867199868">
        <ele>27</ele>
      </trkpt>
      <trkpt lat="35.856058448553085" lon="128.41231905855238">
        <ele>31.600000000000001</ele>
      </trkpt>
      <trkpt lat="35.855402732267976" lon="128.41318381950259">
        <ele>31.699999999999999</ele>
      </trkpt>
      <trkpt lat="35.855339784175158" lon="128.41346100904047">
        <ele>31.399999999999999</ele>
      </trkpt>
      <trkpt lat="35.855169128626585" lon="128.41530142351985">
        <ele>26.5</ele>
      </trkpt>
      <trkpt lat="35.854576276615262" lon="128.41576703824103">
        <ele>26.899999999999999</ele>
      </trkpt>
      <trkpt lat="35.854351641610265" lon="128.41607742011547">
        <ele>31</ele>
      </trkpt>
      <trkpt lat="35.853695925325155" lon="128.41665392741561">
        <ele>32.700000000000003</ele>
      </trkpt>
      <trkpt lat="35.852914396673441" lon="128.41759630478919">
        <ele>33.100000000000001</ele>
      </trkpt>
      <trkpt lat="35.852734688669443" lon="128.41799545101821">
        <ele>30.899999999999999</ele>
      </trkpt>
      <trkpt lat="35.852671824395657" lon="128.4186384268105">
        <ele>33.899999999999999</ele>
      </trkpt>
      <trkpt lat="35.852366387844086" lon="128.41970276087523">
        <ele>33.200000000000003</ele>
      </trkpt>
      <trkpt lat="35.852249627932906" lon="128.42021279968321">
        <ele>31</ele>
      </trkpt>
      <trkpt lat="35.8522585965693" lon="128.42060079798102">
        <ele>28.699999999999999</ele>
      </trkpt>
      <trkpt lat="35.852429252117872" lon="128.42081143520772">
        <ele>30.100000000000001</ele>
      </trkpt>
      <trkpt lat="35.852815574035048" lon="128.42083364725113">
        <ele>32.899999999999999</ele>
      </trkpt>
      <trkpt lat="35.853291666135192" lon="128.42087798751891">
        <ele>35.200000000000003</ele>
      </trkpt>
      <trkpt lat="35.853947466239333" lon="128.42040122486651">
        <ele>37.600000000000001</ele>
      </trkpt>
      <trkpt lat="35.855510523542762" lon="128.42009084299207">
        <ele>38.700000000000003</ele>
      </trkpt>
      <trkpt lat="35.855690399184823" lon="128.42010249383748">
        <ele>38.899999999999999</ele>
      </trkpt>
      <trkpt lat="35.855798190459609" lon="128.42033525928855">
        <ele>39.200000000000003</ele>
      </trkpt>
      <trkpt lat="35.855816127732396" lon="128.42059023678303">
        <ele>39.600000000000001</ele>
      </trkpt>
      <trkpt lat="35.855654440820217" lon="128.42084529809654">
        <ele>38.399999999999999</ele>
      </trkpt>
      <trkpt lat="35.854567475616932" lon="128.4215326141566">
        <ele>38.899999999999999</ele>
      </trkpt>
      <trkpt lat="35.854405788704753" lon="128.42178759165108">
        <ele>39</ele>
      </trkpt>
      <trkpt lat="35.85400152951479" lon="128.42281864956021">
        <ele>43.399999999999999</ele>
      </trkpt>
      <trkpt lat="35.853938665241003" lon="128.42329541221261">
        <ele>47</ele>
      </trkpt>
      <trkpt lat="35.85376800969243" lon="128.42361694201827">
        <ele>47.200000000000003</ele>
      </trkpt>
      <trkpt lat="35.85346257314086" lon="128.42408255673945">
        <ele>45.100000000000001</ele>
      </trkpt>
      <trkpt lat="35.853372719138861" lon="128.42438187450171">
        <ele>42.200000000000003</ele>
      </trkpt>
      <trkpt lat="35.853444635868073" lon="128.42484757304192">
        <ele>38.299999999999997</ele>
      </trkpt>
      <trkpt lat="35.853184126317501" lon="128.42524663545191">
        <ele>33.299999999999997</ele>
      </trkpt>
      <trkpt lat="35.85306728258729" lon="128.42566790990531">
        <ele>29.399999999999999</ele>
      </trkpt>
      <trkpt lat="35.852887658402324" lon="128.42642186209559">
        <ele>23.899999999999999</ele>
      </trkpt>
      <trkpt lat="35.85292361676693" lon="128.42697615735233">
        <ele>25.699999999999999</ele>
      </trkpt>
      <trkpt lat="35.852779867127538" lon="128.4272866230458">
        <ele>28.5</ele>
      </trkpt>
      <trkpt lat="35.852195983752608" lon="128.42756372876465">
        <ele>28.699999999999999</ele>
      </trkpt>
      <trkpt lat="35.851791724562645" lon="128.42778551392257">
        <ele>27.399999999999999</ele>
      </trkpt>
      <trkpt lat="35.851369528099895" lon="128.42784091830254">
        <ele>23.199999999999999</ele>
      </trkpt>
      <trkpt lat="35.851279674097896" lon="128.4279518108815">
        <ele>22.800000000000001</ele>
      </trkpt>
      <trkpt lat="35.851073060184717" lon="128.42859478667378">
        <ele>23</ele>
      </trkpt>
      <trkpt lat="35.851117987185717" lon="128.42898286879063">
        <ele>24.100000000000001</ele>
      </trkpt>
      <trkpt lat="35.85105512291193" lon="128.42996958643198">
        <ele>26</ele>
      </trkpt>
      <trkpt lat="35.85119878873229" lon="128.4308010712266">
        <ele>23.399999999999999</ele>
      </trkpt>
      <trkpt lat="35.851207841187716" lon="128.43182156793773">
        <ele>21.5</ele>
      </trkpt>
      <trkpt lat="35.851180851459503" lon="128.43295245431364">
        <ele>21.899999999999999</ele>
      </trkpt>
      <trkpt lat="35.850614989176393" lon="128.44082389958203">
        <ele>21.199999999999999</ele>
      </trkpt>
      <trkpt lat="35.850489176809788" lon="128.44208780676126">
        <ele>20.899999999999999</ele>
      </trkpt>
      <trkpt lat="35.850327489897609" lon="128.44315214082599">
        <ele>21.5</ele>
      </trkpt>
      <trkpt lat="35.850013503804803" lon="128.44501535408199">
        <ele>20.300000000000001</ele>
      </trkpt>
      <trkpt lat="35.849690129980445" lon="128.44675594009459">
        <ele>22.699999999999999</ele>
      </trkpt>
      <trkpt lat="35.849321829155087" lon="128.44826376065612">
        <ele>20.199999999999999</ele>
      </trkpt>
      <trkpt lat="35.849124183878303" lon="128.44886239618063">
        <ele>20.699999999999999</ele>
      </trkpt>
      <trkpt lat="35.848926538601518" lon="128.45000434666872">
        <ele>30.899999999999999</ele>
      </trkpt>
      <trkpt lat="35.848252801224589" lon="128.45148995518684">
        <ele>34</ele>
      </trkpt>
      <trkpt lat="35.848270738497376" lon="128.45186688937247">
        <ele>37.600000000000001</ele>
      </trkpt>
      <trkpt lat="35.848064124584198" lon="128.45227709971368">
        <ele>34.700000000000003</ele>
      </trkpt>
      <trkpt lat="35.848180968314409" lon="128.45270943827927">
        <ele>42.799999999999997</ele>
      </trkpt>
      <trkpt lat="35.847983323037624" lon="128.45278705470264">
        <ele>40.200000000000003</ele>
      </trkpt>
      <trkpt lat="35.847579063847661" lon="128.45264296978712">
        <ele>27.600000000000001</ele>
      </trkpt>
      <trkpt lat="35.847111940383911" lon="128.45336356200278">
        <ele>38</ele>
      </trkpt>
      <trkpt lat="35.846770545467734" lon="128.45351879484951">
        <ele>35.700000000000003</ele>
      </trkpt>
      <trkpt lat="35.845953142270446" lon="128.45454985275865">
        <ele>24.399999999999999</ele>
      </trkpt>
      <trkpt lat="35.845674611628056" lon="128.45534806139767">
        <ele>29.199999999999999</ele>
      </trkpt>
      <trkpt lat="35.845001293346286" lon="128.45637970604002">
        <ele>24.800000000000001</ele>
      </trkpt>
      <trkpt lat="35.844731731340289" lon="128.45710029825568">
        <ele>33</ele>
      </trkpt>
      <trkpt lat="35.843869401142001" lon="128.45827552489936">
        <ele>25.399999999999999</ele>
      </trkpt>
      <trkpt lat="35.843474110588431" lon="128.45919569022954">
        <ele>18.199999999999999</ele>
      </trkpt>
      <trkpt lat="35.842935154214501" lon="128.45991636626422">
        <ele>17.100000000000001</ele>
      </trkpt>
      <trkpt lat="35.842387145385146" lon="128.46184537746012">
        <ele>22.600000000000001</ele>
      </trkpt>
      <trkpt lat="35.84092291072011" lon="128.46471684984863">
        <ele>16.899999999999999</ele>
      </trkpt>
      <trkpt lat="35.841255253180861" lon="128.46493855118752">
        <ele>17.600000000000001</ele>
      </trkpt>
    </trkseg>
  </trk>

</gpx>
