<?xml version="1.0" encoding="UTF-8"?>
<gpx xmlns="http://www.topografix.com/GPX/1/1" creator="MTK - http://www.toursprung.com" version="1.1" xmlns:xsi="http://www.w3.org/2001/XMLSchema-instance" xsi:schemaLocation="http://www.topografix.com/GPX/1/1 http://www.topografix.com/GPX/1/1/gpx.xsd">
<metadata>
<name>S200-Y_2025</name>
</metadata>
<wpt lat="37.798948" lon="126.874403" sectionIndex="0" pointIndex="439" type="Generic"><name>CP1 창만 7-11</name><ele>39.7</ele><type>GENERIC</type><note>CP1 창만 7-11</note></wpt>
<wpt lat="37.985388" lon="126.862271" sectionIndex="0" pointIndex="1093" type="Generic"><name>CP2 호로고루</name><ele>21.0</ele><type>GENERIC</type><note>CP2 호로고루</note></wpt>
<wpt lat="38.132468" lon="127.078586" sectionIndex="0" pointIndex="1906" type="Generic"><name>CP3 신망리역</name><ele>70.3</ele><type>GENERIC</type><note>CP3 신망리역</note></wpt>
<wpt lat="38.020162" lon="127.166806" sectionIndex="0" pointIndex="2227" type="Left"><name>Turn Left</name><ele>72.7</ele><type>LEFT</type><note>Turn Left</note></wpt>
<wpt lat="38.053324" lon="127.346764" sectionIndex="0" pointIndex="2704" type="Generic"><name>CP4 여우고개</name><ele>426.6</ele><type>GENERIC</type><note>CP4 여우고개</note></wpt>
<wpt lat="37.945137" lon="127.224730" sectionIndex="0" pointIndex="3583" type="Generic"><name>CP5 경복대학교</name><ele>94.0</ele><type>GENERIC</type><note>CP5 경복대학교</note></wpt>
<wpt lat="37.781867" lon="127.029861" sectionIndex="0" pointIndex="4052" type="Generic"><name>SF 삼오식당</name><ele>69.7</ele><type>GENERIC</type><note>SF 삼오식당</note></wpt>
<trk>
<name>S200-Y_2025</name>
<trkseg>
<trkpt lat="37.781964" lon="127.030030" sectionIndex="0" pointIndex="0" originalElevation="67.0" isOriginalElevationFromOSM="false"><ele>67.0</ele></trkpt>
<trkpt lat="37.782003" lon="127.030060" sectionIndex="0" pointIndex="1" originalElevation="67.0" isOriginalElevationFromOSM="false"><ele>67.0</ele></trkpt>
<trkpt lat="37.782041" lon="127.030090" sectionIndex="0" pointIndex="2" originalElevation="67.0" isOriginalElevationFromOSM="false"><ele>67.0</ele></trkpt>
<trkpt lat="37.782079" lon="127.030120" sectionIndex="0" pointIndex="3" originalElevation="67.0" isOriginalElevationFromOSM="false"><ele>67.0</ele></trkpt>
<trkpt lat="37.782117" lon="127.030149" sectionIndex="0" pointIndex="4" originalElevation="67.0" isOriginalElevationFromOSM="false"><ele>67.0</ele></trkpt>
<trkpt lat="37.782156" lon="127.030179" sectionIndex="0" pointIndex="5" originalElevation="67.0" isOriginalElevationFromOSM="false"><ele>67.0</ele></trkpt>
<trkpt lat="37.782194" lon="127.030209" sectionIndex="0" pointIndex="6" originalElevation="67.0" isOriginalElevationFromOSM="false"><ele>67.0</ele></trkpt>
<trkpt lat="37.782232" lon="127.030239" sectionIndex="0" pointIndex="7" originalElevation="67.0" isOriginalElevationFromOSM="false"><ele>67.0</ele></trkpt>
<trkpt lat="37.782270" lon="127.030269" sectionIndex="0" pointIndex="8" originalElevation="67.0" isOriginalElevationFromOSM="false"><ele>67.0</ele></trkpt>
<trkpt lat="37.782309" lon="127.030298" sectionIndex="0" pointIndex="9" originalElevation="67.0" isOriginalElevationFromOSM="false"><ele>67.0</ele></trkpt>
<trkpt lat="37.782340" lon="127.030323" sectionIndex="0" pointIndex="10" originalElevation="67.0" isOriginalElevationFromOSM="false"><ele>67.0</ele></trkpt>
<trkpt lat="37.782383" lon="127.030338" sectionIndex="0" pointIndex="11" originalElevation="67.0" isOriginalElevationFromOSM="false"><ele>67.0</ele></trkpt>
<trkpt lat="37.782426" lon="127.030354" sectionIndex="0" pointIndex="12" originalElevation="67.0" isOriginalElevationFromOSM="false"><ele>66.6</ele></trkpt>
<trkpt lat="37.782469" lon="127.030369" sectionIndex="0" pointIndex="13" originalElevation="67.0" isOriginalElevationFromOSM="false"><ele>66.2</ele></trkpt>
<trkpt lat="37.782512" lon="127.030385" sectionIndex="0" pointIndex="14" originalElevation="65.0" isOriginalElevationFromOSM="false"><ele>65.8</ele></trkpt>
<trkpt lat="37.782556" lon="127.030400" sectionIndex="0" pointIndex="15" originalElevation="65.0" isOriginalElevationFromOSM="false"><ele>65.4</ele></trkpt>
<trkpt lat="37.782556" lon="127.030400" sectionIndex="0" pointIndex="16" originalElevation="65.0" isOriginalElevationFromOSM="false"><ele>65.0</ele></trkpt>
<trkpt lat="37.782600" lon="127.030407" sectionIndex="0" pointIndex="17" originalElevation="65.0" isOriginalElevationFromOSM="false"><ele>65.0</ele></trkpt>
<trkpt lat="37.782645" lon="127.030413" sectionIndex="0" pointIndex="18" originalElevation="65.0" isOriginalElevationFromOSM="false"><ele>65.0</ele></trkpt>
<trkpt lat="37.782690" lon="127.030420" sectionIndex="0" pointIndex="19" originalElevation="65.0" isOriginalElevationFromOSM="false"><ele>65.0</ele></trkpt>
<trkpt lat="37.782734" lon="127.030426" sectionIndex="0" pointIndex="20" originalElevation="65.0" isOriginalElevationFromOSM="false"><ele>65.0</ele></trkpt>
<trkpt lat="37.782776" lon="127.030433" sectionIndex="0" pointIndex="21" originalElevation="65.0" isOriginalElevationFromOSM="false"><ele>65.0</ele></trkpt>
<trkpt lat="37.783089" lon="127.030419" sectionIndex="0" pointIndex="22" originalElevation="65.0" isOriginalElevationFromOSM="false"><ele>65.0</ele></trkpt>
<trkpt lat="37.783122" lon="127.030422" sectionIndex="0" pointIndex="23" originalElevation="65.0" isOriginalElevationFromOSM="false"><ele>65.0</ele></trkpt>
<trkpt lat="37.783167" lon="127.030427" sectionIndex="0" pointIndex="24" originalElevation="65.0" isOriginalElevationFromOSM="false"><ele>65.0</ele></trkpt>
<trkpt lat="37.783212" lon="127.030431" sectionIndex="0" pointIndex="25" originalElevation="65.0" isOriginalElevationFromOSM="false"><ele>65.0</ele></trkpt>
<trkpt lat="37.783257" lon="127.030436" sectionIndex="0" pointIndex="26" originalElevation="65.0" isOriginalElevationFromOSM="false"><ele>65.0</ele></trkpt>
<trkpt lat="37.783286" lon="127.030439" sectionIndex="0" pointIndex="27" originalElevation="65.0" isOriginalElevationFromOSM="false"><ele>64.6</ele></trkpt>
<trkpt lat="37.783331" lon="127.030444" sectionIndex="0" pointIndex="28" originalElevation="65.0" isOriginalElevationFromOSM="false"><ele>64.2</ele></trkpt>
<trkpt lat="37.783376" lon="127.030449" sectionIndex="0" pointIndex="29" originalElevation="63.0" isOriginalElevationFromOSM="false"><ele>63.8</ele></trkpt>
<trkpt lat="37.783420" lon="127.030455" sectionIndex="0" pointIndex="30" originalElevation="63.0" isOriginalElevationFromOSM="false"><ele>63.4</ele></trkpt>
<trkpt lat="37.783465" lon="127.030460" sectionIndex="0" pointIndex="31" originalElevation="63.0" isOriginalElevationFromOSM="false"><ele>63.0</ele></trkpt>
<trkpt lat="37.783510" lon="127.030465" sectionIndex="0" pointIndex="32" originalElevation="63.0" isOriginalElevationFromOSM="false"><ele>63.0</ele></trkpt>
<trkpt lat="37.783555" lon="127.030470" sectionIndex="0" pointIndex="33" originalElevation="63.0" isOriginalElevationFromOSM="false"><ele>63.0</ele></trkpt>
<trkpt lat="37.783599" lon="127.030475" sectionIndex="0" pointIndex="34" originalElevation="63.0" isOriginalElevationFromOSM="false"><ele>63.0</ele></trkpt>
<trkpt lat="37.783644" lon="127.030480" sectionIndex="0" pointIndex="35" originalElevation="63.0" isOriginalElevationFromOSM="false"><ele>63.0</ele></trkpt>
<trkpt lat="37.783689" lon="127.030486" sectionIndex="0" pointIndex="36" originalElevation="63.0" isOriginalElevationFromOSM="false"><ele>63.0</ele></trkpt>
<trkpt lat="37.783734" lon="127.030491" sectionIndex="0" pointIndex="37" originalElevation="63.0" isOriginalElevationFromOSM="false"><ele>63.0</ele></trkpt>
<trkpt lat="37.783778" lon="127.030496" sectionIndex="0" pointIndex="38" originalElevation="63.0" isOriginalElevationFromOSM="false"><ele>63.0</ele></trkpt>
<trkpt lat="37.783823" lon="127.030501" sectionIndex="0" pointIndex="39" originalElevation="63.0" isOriginalElevationFromOSM="false"><ele>63.0</ele></trkpt>
<trkpt lat="37.783868" lon="127.030506" sectionIndex="0" pointIndex="40" originalElevation="63.0" isOriginalElevationFromOSM="false"><ele>63.0</ele></trkpt>
<trkpt lat="37.783912" lon="127.030511" sectionIndex="0" pointIndex="41" originalElevation="63.0" isOriginalElevationFromOSM="false"><ele>63.0</ele></trkpt>
<trkpt lat="37.783916" lon="127.030455" sectionIndex="0" pointIndex="42" originalElevation="63.0" isOriginalElevationFromOSM="false"><ele>63.0</ele></trkpt>
<trkpt lat="37.783921" lon="127.030398" sectionIndex="0" pointIndex="43" originalElevation="63.0" isOriginalElevationFromOSM="false"><ele>63.0</ele></trkpt>
<trkpt lat="37.783926" lon="127.030342" sectionIndex="0" pointIndex="44" originalElevation="63.0" isOriginalElevationFromOSM="false"><ele>63.0</ele></trkpt>
<trkpt lat="37.783929" lon="127.030305" sectionIndex="0" pointIndex="45" originalElevation="63.0" isOriginalElevationFromOSM="false"><ele>63.0</ele></trkpt>
<trkpt lat="37.783884" lon="127.030300" sectionIndex="0" pointIndex="46" originalElevation="63.0" isOriginalElevationFromOSM="false"><ele>63.0</ele></trkpt>
<trkpt lat="37.783839" lon="127.030296" sectionIndex="0" pointIndex="47" originalElevation="63.0" isOriginalElevationFromOSM="false"><ele>63.0</ele></trkpt>
<trkpt lat="37.783794" lon="127.030291" sectionIndex="0" pointIndex="48" originalElevation="63.0" isOriginalElevationFromOSM="false"><ele>63.0</ele></trkpt>
<trkpt lat="37.783750" lon="127.030286" sectionIndex="0" pointIndex="49" originalElevation="63.0" isOriginalElevationFromOSM="false"><ele>63.0</ele></trkpt>
<trkpt lat="37.783705" lon="127.030282" sectionIndex="0" pointIndex="50" originalElevation="63.0" isOriginalElevationFromOSM="false"><ele>63.0</ele></trkpt>
<trkpt lat="37.783660" lon="127.030277" sectionIndex="0" pointIndex="51" originalElevation="63.0" isOriginalElevationFromOSM="false"><ele>63.0</ele></trkpt>
<trkpt lat="37.783615" lon="127.030273" sectionIndex="0" pointIndex="52" originalElevation="63.0" isOriginalElevationFromOSM="false"><ele>63.0</ele></trkpt>
<trkpt lat="37.783570" lon="127.030268" sectionIndex="0" pointIndex="53" originalElevation="63.0" isOriginalElevationFromOSM="false"><ele>63.0</ele></trkpt>
<trkpt lat="37.783526" lon="127.030263" sectionIndex="0" pointIndex="54" originalElevation="63.0" isOriginalElevationFromOSM="false"><ele>63.0</ele></trkpt>
<trkpt lat="37.783481" lon="127.030259" sectionIndex="0" pointIndex="55" originalElevation="63.0" isOriginalElevationFromOSM="false"><ele>63.0</ele></trkpt>
<trkpt lat="37.783436" lon="127.030254" sectionIndex="0" pointIndex="56" originalElevation="63.0" isOriginalElevationFromOSM="false"><ele>63.0</ele></trkpt>
<trkpt lat="37.783391" lon="127.030249" sectionIndex="0" pointIndex="57" originalElevation="63.0" isOriginalElevationFromOSM="false"><ele>63.4</ele></trkpt>
<trkpt lat="37.783347" lon="127.030245" sectionIndex="0" pointIndex="58" originalElevation="63.0" isOriginalElevationFromOSM="false"><ele>63.8</ele></trkpt>
<trkpt lat="37.783302" lon="127.030240" sectionIndex="0" pointIndex="59" originalElevation="65.0" isOriginalElevationFromOSM="false"><ele>64.2</ele></trkpt>
<trkpt lat="37.783257" lon="127.030236" sectionIndex="0" pointIndex="60" originalElevation="65.0" isOriginalElevationFromOSM="false"><ele>64.6</ele></trkpt>
<trkpt lat="37.783212" lon="127.030231" sectionIndex="0" pointIndex="61" originalElevation="65.0" isOriginalElevationFromOSM="false"><ele>65.0</ele></trkpt>
<trkpt lat="37.783168" lon="127.030226" sectionIndex="0" pointIndex="62" originalElevation="65.0" isOriginalElevationFromOSM="false"><ele>65.0</ele></trkpt>
<trkpt lat="37.783123" lon="127.030222" sectionIndex="0" pointIndex="63" originalElevation="65.0" isOriginalElevationFromOSM="false"><ele>65.0</ele></trkpt>
<trkpt lat="37.783098" lon="127.030219" sectionIndex="0" pointIndex="64" originalElevation="65.0" isOriginalElevationFromOSM="false"><ele>65.0</ele></trkpt>
<trkpt lat="37.783098" lon="127.030162" sectionIndex="0" pointIndex="65" originalElevation="65.0" isOriginalElevationFromOSM="false"><ele>65.0</ele></trkpt>
<trkpt lat="37.783099" lon="127.030105" sectionIndex="0" pointIndex="66" originalElevation="65.0" isOriginalElevationFromOSM="false"><ele>67.2</ele></trkpt>
<trkpt lat="37.783099" lon="127.030049" sectionIndex="0" pointIndex="67" originalElevation="65.0" isOriginalElevationFromOSM="false"><ele>69.4</ele></trkpt>
<trkpt lat="37.783100" lon="127.029992" sectionIndex="0" pointIndex="68" originalElevation="76.0" isOriginalElevationFromOSM="false"><ele>71.6</ele></trkpt>
<trkpt lat="37.783100" lon="127.029962" sectionIndex="0" pointIndex="69" originalElevation="76.0" isOriginalElevationFromOSM="false"><ele>71.7</ele></trkpt>
<trkpt lat="37.783121" lon="127.029782" sectionIndex="0" pointIndex="70" originalElevation="76.0" isOriginalElevationFromOSM="false"><ele>71.9</ele></trkpt>
<trkpt lat="37.783200" lon="127.029600" sectionIndex="0" pointIndex="71" originalElevation="65.7" isOriginalElevationFromOSM="true"><ele>70.0</ele></trkpt>
<trkpt lat="37.783330" lon="127.029430" sectionIndex="0" pointIndex="72" originalElevation="65.8" isOriginalElevationFromOSM="true"><ele>68.1</ele></trkpt>
<trkpt lat="37.783410" lon="127.029350" sectionIndex="0" pointIndex="73" originalElevation="66.3" isOriginalElevationFromOSM="true"><ele>66.3</ele></trkpt>
<trkpt lat="37.783770" lon="127.029020" sectionIndex="0" pointIndex="74" originalElevation="66.9" isOriginalElevationFromOSM="true"><ele>66.3</ele></trkpt>
<trkpt lat="37.783990" lon="127.028850" sectionIndex="0" pointIndex="75" originalElevation="66.6" isOriginalElevationFromOSM="true"><ele>66.7</ele></trkpt>
<trkpt lat="37.784170" lon="127.028660" sectionIndex="0" pointIndex="76" originalElevation="66.0" isOriginalElevationFromOSM="true"><ele>67.2</ele></trkpt>
<trkpt lat="37.784440" lon="127.027880" sectionIndex="0" pointIndex="77" originalElevation="67.7" isOriginalElevationFromOSM="true"><ele>68.0</ele></trkpt>
<trkpt lat="37.784700" lon="127.027350" sectionIndex="0" pointIndex="78" originalElevation="68.9" isOriginalElevationFromOSM="true"><ele>68.7</ele></trkpt>
<trkpt lat="37.784850" lon="127.026690" sectionIndex="0" pointIndex="79" originalElevation="70.6" isOriginalElevationFromOSM="true"><ele>69.7</ele></trkpt>
<trkpt lat="37.784880" lon="127.026310" sectionIndex="0" pointIndex="80" originalElevation="70.3" isOriginalElevationFromOSM="true"><ele>70.6</ele></trkpt>
<trkpt lat="37.784800" lon="127.026280" sectionIndex="0" pointIndex="81" originalElevation="70.8" isOriginalElevationFromOSM="true"><ele>71.8</ele></trkpt>
<trkpt lat="37.784590" lon="127.026120" sectionIndex="0" pointIndex="82" originalElevation="72.2" isOriginalElevationFromOSM="true"><ele>73.2</ele></trkpt>
<trkpt lat="37.784240" lon="127.025710" sectionIndex="0" pointIndex="83" originalElevation="75.4" isOriginalElevationFromOSM="true"><ele>74.8</ele></trkpt>
<trkpt lat="37.783960" lon="127.025440" sectionIndex="0" pointIndex="84" originalElevation="77.3" isOriginalElevationFromOSM="true"><ele>76.9</ele></trkpt>
<trkpt lat="37.783750" lon="127.025280" sectionIndex="0" pointIndex="85" originalElevation="78.3" isOriginalElevationFromOSM="true"><ele>78.5</ele></trkpt>
<trkpt lat="37.782900" lon="127.024720" sectionIndex="0" pointIndex="86" originalElevation="81.1" isOriginalElevationFromOSM="true"><ele>79.6</ele></trkpt>
<trkpt lat="37.782700" lon="127.024530" sectionIndex="0" pointIndex="87" originalElevation="80.5" isOriginalElevationFromOSM="true"><ele>81.5</ele></trkpt>
<trkpt lat="37.782560" lon="127.024310" sectionIndex="0" pointIndex="88" originalElevation="80.9" isOriginalElevationFromOSM="true"><ele>84.4</ele></trkpt>
<trkpt lat="37.781950" lon="127.023290" sectionIndex="0" pointIndex="89" originalElevation="87.0" isOriginalElevationFromOSM="true"><ele>88.3</ele></trkpt>
<trkpt lat="37.781730" lon="127.022840" sectionIndex="0" pointIndex="90" originalElevation="92.4" isOriginalElevationFromOSM="true"><ele>93.4</ele></trkpt>
<trkpt lat="37.781510" lon="127.022210" sectionIndex="0" pointIndex="91" originalElevation="100.7" isOriginalElevationFromOSM="true"><ele>98.4</ele></trkpt>
<trkpt lat="37.781290" lon="127.021370" sectionIndex="0" pointIndex="92" originalElevation="105.9" isOriginalElevationFromOSM="true"><ele>102.2</ele></trkpt>
<trkpt lat="37.781260" lon="127.021090" sectionIndex="0" pointIndex="93" originalElevation="105.8" isOriginalElevationFromOSM="true"><ele>105.1</ele></trkpt>
<trkpt lat="37.781320" lon="127.020710" sectionIndex="0" pointIndex="94" originalElevation="106.2" isOriginalElevationFromOSM="true"><ele>106.7</ele></trkpt>
<trkpt lat="37.781410" lon="127.020430" sectionIndex="0" pointIndex="95" originalElevation="106.9" isOriginalElevationFromOSM="true"><ele>107.4</ele></trkpt>
<trkpt lat="37.781540" lon="127.019880" sectionIndex="0" pointIndex="96" originalElevation="108.5" isOriginalElevationFromOSM="true"><ele>108.4</ele></trkpt>
<trkpt lat="37.781570" lon="127.019580" sectionIndex="0" pointIndex="97" originalElevation="109.8" isOriginalElevationFromOSM="true"><ele>109.2</ele></trkpt>
<trkpt lat="37.781540" lon="127.019300" sectionIndex="0" pointIndex="98" originalElevation="110.7" isOriginalElevationFromOSM="true"><ele>109.7</ele></trkpt>
<trkpt lat="37.781490" lon="127.019000" sectionIndex="0" pointIndex="99" originalElevation="110.1" isOriginalElevationFromOSM="true"><ele>109.6</ele></trkpt>
<trkpt lat="37.781490" lon="127.018870" sectionIndex="0" pointIndex="100" originalElevation="109.4" isOriginalElevationFromOSM="true"><ele>107.3</ele></trkpt>
<trkpt lat="37.781510" lon="127.018640" sectionIndex="0" pointIndex="101" originalElevation="108.1" isOriginalElevationFromOSM="true"><ele>104.2</ele></trkpt>
<trkpt lat="37.781750" lon="127.017640" sectionIndex="0" pointIndex="102" originalElevation="98.3" isOriginalElevationFromOSM="true"><ele>100.5</ele></trkpt>
<trkpt lat="37.781770" lon="127.017360" sectionIndex="0" pointIndex="103" originalElevation="95.3" isOriginalElevationFromOSM="true"><ele>96.1</ele></trkpt>
<trkpt lat="37.781720" lon="127.017020" sectionIndex="0" pointIndex="104" originalElevation="91.4" isOriginalElevationFromOSM="true"><ele>92.0</ele></trkpt>
<trkpt lat="37.781600" lon="127.016710" sectionIndex="0" pointIndex="105" originalElevation="87.4" isOriginalElevationFromOSM="true"><ele>90.0</ele></trkpt>
<trkpt lat="37.781400" lon="127.016340" sectionIndex="0" pointIndex="106" originalElevation="87.8" isOriginalElevationFromOSM="true"><ele>88.6</ele></trkpt>
<trkpt lat="37.781300" lon="127.016200" sectionIndex="0" pointIndex="107" originalElevation="88.1" isOriginalElevationFromOSM="true"><ele>87.9</ele></trkpt>
<trkpt lat="37.781150" lon="127.016050" sectionIndex="0" pointIndex="108" originalElevation="88.2" isOriginalElevationFromOSM="true"><ele>88.0</ele></trkpt>
<trkpt lat="37.781060" lon="127.015990" sectionIndex="0" pointIndex="109" originalElevation="88.2" isOriginalElevationFromOSM="true"><ele>88.1</ele></trkpt>
<trkpt lat="37.780910" lon="127.015910" sectionIndex="0" pointIndex="110" originalElevation="88.0" isOriginalElevationFromOSM="true"><ele>88.0</ele></trkpt>
<trkpt lat="37.780700" lon="127.015850" sectionIndex="0" pointIndex="111" originalElevation="87.9" isOriginalElevationFromOSM="true"><ele>88.0</ele></trkpt>
<trkpt lat="37.780160" lon="127.015840" sectionIndex="0" pointIndex="112" originalElevation="87.9" isOriginalElevationFromOSM="true"><ele>88.0</ele></trkpt>
<trkpt lat="37.780020" lon="127.015750" sectionIndex="0" pointIndex="113" originalElevation="88.1" isOriginalElevationFromOSM="true"><ele>88.0</ele></trkpt>
<trkpt lat="37.779870" lon="127.015600" sectionIndex="0" pointIndex="114" originalElevation="88.0" isOriginalElevationFromOSM="true"><ele>87.8</ele></trkpt>
<trkpt lat="37.779690" lon="127.015300" sectionIndex="0" pointIndex="115" originalElevation="87.9" isOriginalElevationFromOSM="true"><ele>88.2</ele></trkpt>
<trkpt lat="37.779699" lon="127.015143" sectionIndex="0" pointIndex="116" originalElevation="87.0" isOriginalElevationFromOSM="false"><ele>88.5</ele></trkpt>
<trkpt lat="37.779902" lon="127.014740" sectionIndex="0" pointIndex="117" originalElevation="90.0" isOriginalElevationFromOSM="false"><ele>89.0</ele></trkpt>
<trkpt lat="37.779950" lon="127.014650" sectionIndex="0" pointIndex="118" originalElevation="89.8" isOriginalElevationFromOSM="true"><ele>90.0</ele></trkpt>
<trkpt lat="37.780040" lon="127.014400" sectionIndex="0" pointIndex="119" originalElevation="90.5" isOriginalElevationFromOSM="true"><ele>91.3</ele></trkpt>
<trkpt lat="37.780120" lon="127.013940" sectionIndex="0" pointIndex="120" originalElevation="92.6" isOriginalElevationFromOSM="true"><ele>93.1</ele></trkpt>
<trkpt lat="37.780190" lon="127.013720" sectionIndex="0" pointIndex="121" originalElevation="93.9" isOriginalElevationFromOSM="true"><ele>95.1</ele></trkpt>
<trkpt lat="37.781260" lon="127.011780" sectionIndex="0" pointIndex="122" originalElevation="98.8" isOriginalElevationFromOSM="true"><ele>97.8</ele></trkpt>
<trkpt lat="37.781390" lon="127.011440" sectionIndex="0" pointIndex="123" originalElevation="99.7" isOriginalElevationFromOSM="true"><ele>103.2</ele></trkpt>
<trkpt lat="37.781640" lon="127.010680" sectionIndex="0" pointIndex="124" originalElevation="104.0" isOriginalElevationFromOSM="true"><ele>109.6</ele></trkpt>
<trkpt lat="37.781980" lon="127.009060" sectionIndex="0" pointIndex="125" originalElevation="119.8" isOriginalElevationFromOSM="true"><ele>115.3</ele></trkpt>
<trkpt lat="37.782190" lon="127.008410" sectionIndex="0" pointIndex="126" originalElevation="125.9" isOriginalElevationFromOSM="true"><ele>121.1</ele></trkpt>
<trkpt lat="37.782340" lon="127.008050" sectionIndex="0" pointIndex="127" originalElevation="127.3" isOriginalElevationFromOSM="true"><ele>125.0</ele></trkpt>
<trkpt lat="37.782530" lon="127.007670" sectionIndex="0" pointIndex="128" originalElevation="128.3" isOriginalElevationFromOSM="true"><ele>125.5</ele></trkpt>
<trkpt lat="37.783740" lon="127.005760" sectionIndex="0" pointIndex="129" originalElevation="123.8" isOriginalElevationFromOSM="true"><ele>123.6</ele></trkpt>
<trkpt lat="37.784570" lon="127.004200" sectionIndex="0" pointIndex="130" originalElevation="122.0" isOriginalElevationFromOSM="true"><ele>121.7</ele></trkpt>
<trkpt lat="37.785370" lon="127.002210" sectionIndex="0" pointIndex="131" originalElevation="116.7" isOriginalElevationFromOSM="true"><ele>119.6</ele></trkpt>
<trkpt lat="37.785550" lon="127.001560" sectionIndex="0" pointIndex="132" originalElevation="117.6" isOriginalElevationFromOSM="true"><ele>118.5</ele></trkpt>
<trkpt lat="37.785600" lon="127.001190" sectionIndex="0" pointIndex="133" originalElevation="118.0" isOriginalElevationFromOSM="true"><ele>117.3</ele></trkpt>
<trkpt lat="37.785620" lon="127.000610" sectionIndex="0" pointIndex="134" originalElevation="118.0" isOriginalElevationFromOSM="true"><ele>117.3</ele></trkpt>
<trkpt lat="37.785570" lon="127.000000" sectionIndex="0" pointIndex="135" originalElevation="116.5" isOriginalElevationFromOSM="true"><ele>116.9</ele></trkpt>
<trkpt lat="37.785500" lon="126.999600" sectionIndex="0" pointIndex="136" originalElevation="116.3" isOriginalElevationFromOSM="true"><ele>116.5</ele></trkpt>
<trkpt lat="37.785500" lon="126.999180" sectionIndex="0" pointIndex="137" originalElevation="115.8" isOriginalElevationFromOSM="true"><ele>115.7</ele></trkpt>
<trkpt lat="37.785520" lon="126.998990" sectionIndex="0" pointIndex="138" originalElevation="115.7" isOriginalElevationFromOSM="true"><ele>114.9</ele></trkpt>
<trkpt lat="37.785670" lon="126.998300" sectionIndex="0" pointIndex="139" originalElevation="114.4" isOriginalElevationFromOSM="true"><ele>114.1</ele></trkpt>
<trkpt lat="37.786450" lon="126.995590" sectionIndex="0" pointIndex="140" originalElevation="112.1" isOriginalElevationFromOSM="true"><ele>113.5</ele></trkpt>
<trkpt lat="37.786600" lon="126.995200" sectionIndex="0" pointIndex="141" originalElevation="112.6" isOriginalElevationFromOSM="true"><ele>113.0</ele></trkpt>
<trkpt lat="37.786650" lon="126.995050" sectionIndex="0" pointIndex="142" originalElevation="112.9" isOriginalElevationFromOSM="true"><ele>112.7</ele></trkpt>
<trkpt lat="37.786680" lon="126.994820" sectionIndex="0" pointIndex="143" originalElevation="113.0" isOriginalElevationFromOSM="true"><ele>113.1</ele></trkpt>
<trkpt lat="37.786670" lon="126.994250" sectionIndex="0" pointIndex="144" originalElevation="113.0" isOriginalElevationFromOSM="true"><ele>113.5</ele></trkpt>
<trkpt lat="37.786640" lon="126.993820" sectionIndex="0" pointIndex="145" originalElevation="113.9" isOriginalElevationFromOSM="true"><ele>113.9</ele></trkpt>
<trkpt lat="37.786630" lon="126.993450" sectionIndex="0" pointIndex="146" originalElevation="114.8" isOriginalElevationFromOSM="true"><ele>114.1</ele></trkpt>
<trkpt lat="37.786660" lon="126.993230" sectionIndex="0" pointIndex="147" originalElevation="114.9" isOriginalElevationFromOSM="true"><ele>114.4</ele></trkpt>
<trkpt lat="37.786860" lon="126.992210" sectionIndex="0" pointIndex="148" originalElevation="113.8" isOriginalElevationFromOSM="true"><ele>114.7</ele></trkpt>
<trkpt lat="37.786980" lon="126.991700" sectionIndex="0" pointIndex="149" originalElevation="114.7" isOriginalElevationFromOSM="true"><ele>114.7</ele></trkpt>
<trkpt lat="37.787210" lon="126.990440" sectionIndex="0" pointIndex="150" originalElevation="115.2" isOriginalElevationFromOSM="true"><ele>114.8</ele></trkpt>
<trkpt lat="37.787210" lon="126.990310" sectionIndex="0" pointIndex="151" originalElevation="115.1" isOriginalElevationFromOSM="true"><ele>115.6</ele></trkpt>
<trkpt lat="37.787190" lon="126.990170" sectionIndex="0" pointIndex="152" originalElevation="115.1" isOriginalElevationFromOSM="true"><ele>116.5</ele></trkpt>
<trkpt lat="37.787150" lon="126.989240" sectionIndex="0" pointIndex="153" originalElevation="118.0" isOriginalElevationFromOSM="true"><ele>117.5</ele></trkpt>
<trkpt lat="37.787250" lon="126.988640" sectionIndex="0" pointIndex="154" originalElevation="119.4" isOriginalElevationFromOSM="true"><ele>118.5</ele></trkpt>
<trkpt lat="37.787260" lon="126.988400" sectionIndex="0" pointIndex="155" originalElevation="120.1" isOriginalElevationFromOSM="true"><ele>119.3</ele></trkpt>
<trkpt lat="37.787220" lon="126.988180" sectionIndex="0" pointIndex="156" originalElevation="120.0" isOriginalElevationFromOSM="true"><ele>119.5</ele></trkpt>
<trkpt lat="37.787060" lon="126.987790" sectionIndex="0" pointIndex="157" originalElevation="119.2" isOriginalElevationFromOSM="true"><ele>119.3</ele></trkpt>
<trkpt lat="37.786780" lon="126.987340" sectionIndex="0" pointIndex="158" originalElevation="118.7" isOriginalElevationFromOSM="true"><ele>119.0</ele></trkpt>
<trkpt lat="37.786620" lon="126.987060" sectionIndex="0" pointIndex="159" originalElevation="118.6" isOriginalElevationFromOSM="true"><ele>119.3</ele></trkpt>
<trkpt lat="37.786480" lon="126.986710" sectionIndex="0" pointIndex="160" originalElevation="118.7" isOriginalElevationFromOSM="true"><ele>120.2</ele></trkpt>
<trkpt lat="37.786350" lon="126.986330" sectionIndex="0" pointIndex="161" originalElevation="121.2" isOriginalElevationFromOSM="true"><ele>121.2</ele></trkpt>
<trkpt lat="37.785910" lon="126.984990" sectionIndex="0" pointIndex="162" originalElevation="123.7" isOriginalElevationFromOSM="true"><ele>122.3</ele></trkpt>
<trkpt lat="37.785870" lon="126.984850" sectionIndex="0" pointIndex="163" originalElevation="123.9" isOriginalElevationFromOSM="true"><ele>123.3</ele></trkpt>
<trkpt lat="37.785870" lon="126.984490" sectionIndex="0" pointIndex="164" originalElevation="123.9" isOriginalElevationFromOSM="true"><ele>123.8</ele></trkpt>
<trkpt lat="37.785910" lon="126.984310" sectionIndex="0" pointIndex="165" originalElevation="123.9" isOriginalElevationFromOSM="true"><ele>123.9</ele></trkpt>
<trkpt lat="37.786020" lon="126.983970" sectionIndex="0" pointIndex="166" originalElevation="123.9" isOriginalElevationFromOSM="true"><ele>124.0</ele></trkpt>
<trkpt lat="37.786060" lon="126.983880" sectionIndex="0" pointIndex="167" originalElevation="124.0" isOriginalElevationFromOSM="true"><ele>124.0</ele></trkpt>
<trkpt lat="37.786140" lon="126.983540" sectionIndex="0" pointIndex="168" originalElevation="124.1" isOriginalElevationFromOSM="true"><ele>124.0</ele></trkpt>
<trkpt lat="37.786160" lon="126.983300" sectionIndex="0" pointIndex="169" originalElevation="124.2" isOriginalElevationFromOSM="true"><ele>124.2</ele></trkpt>
<trkpt lat="37.786030" lon="126.982310" sectionIndex="0" pointIndex="170" originalElevation="123.9" isOriginalElevationFromOSM="true"><ele>124.5</ele></trkpt>
<trkpt lat="37.785940" lon="126.982000" sectionIndex="0" pointIndex="171" originalElevation="124.8" isOriginalElevationFromOSM="true"><ele>124.5</ele></trkpt>
<trkpt lat="37.785620" lon="126.981390" sectionIndex="0" pointIndex="172" originalElevation="125.3" isOriginalElevationFromOSM="true"><ele>124.3</ele></trkpt>
<trkpt lat="37.785230" lon="126.980790" sectionIndex="0" pointIndex="173" originalElevation="124.2" isOriginalElevationFromOSM="true"><ele>124.3</ele></trkpt>
<trkpt lat="37.785090" lon="126.980600" sectionIndex="0" pointIndex="174" originalElevation="123.6" isOriginalElevationFromOSM="true"><ele>124.1</ele></trkpt>
<trkpt lat="37.784610" lon="126.980220" sectionIndex="0" pointIndex="175" originalElevation="123.8" isOriginalElevationFromOSM="true"><ele>123.8</ele></trkpt>
<trkpt lat="37.784470" lon="126.980080" sectionIndex="0" pointIndex="176" originalElevation="123.8" isOriginalElevationFromOSM="true"><ele>123.7</ele></trkpt>
<trkpt lat="37.784390" lon="126.979920" sectionIndex="0" pointIndex="177" originalElevation="123.7" isOriginalElevationFromOSM="true"><ele>123.8</ele></trkpt>
<trkpt lat="37.784290" lon="126.979610" sectionIndex="0" pointIndex="178" originalElevation="123.8" isOriginalElevationFromOSM="true"><ele>123.7</ele></trkpt>
<trkpt lat="37.784250" lon="126.979420" sectionIndex="0" pointIndex="179" originalElevation="123.8" isOriginalElevationFromOSM="true"><ele>123.8</ele></trkpt>
<trkpt lat="37.784260" lon="126.979140" sectionIndex="0" pointIndex="180" originalElevation="123.4" isOriginalElevationFromOSM="true"><ele>124.2</ele></trkpt>
<trkpt lat="37.784290" lon="126.978970" sectionIndex="0" pointIndex="181" originalElevation="124.4" isOriginalElevationFromOSM="true"><ele>124.6</ele></trkpt>
<trkpt lat="37.784390" lon="126.978730" sectionIndex="0" pointIndex="182" originalElevation="125.5" isOriginalElevationFromOSM="true"><ele>124.9</ele></trkpt>
<trkpt lat="37.784570" lon="126.978490" sectionIndex="0" pointIndex="183" originalElevation="125.8" isOriginalElevationFromOSM="true"><ele>125.3</ele></trkpt>
<trkpt lat="37.784800" lon="126.978280" sectionIndex="0" pointIndex="184" originalElevation="125.5" isOriginalElevationFromOSM="true"><ele>125.5</ele></trkpt>
<trkpt lat="37.784860" lon="126.978180" sectionIndex="0" pointIndex="185" originalElevation="125.3" isOriginalElevationFromOSM="true"><ele>125.5</ele></trkpt>
<trkpt lat="37.784940" lon="126.977910" sectionIndex="0" pointIndex="186" originalElevation="125.3" isOriginalElevationFromOSM="true"><ele>125.3</ele></trkpt>
<trkpt lat="37.785030" lon="126.977450" sectionIndex="0" pointIndex="187" originalElevation="125.6" isOriginalElevationFromOSM="true"><ele>124.8</ele></trkpt>
<trkpt lat="37.785120" lon="126.977230" sectionIndex="0" pointIndex="188" originalElevation="124.6" isOriginalElevationFromOSM="true"><ele>123.8</ele></trkpt>
<trkpt lat="37.785290" lon="126.976930" sectionIndex="0" pointIndex="189" originalElevation="123.0" isOriginalElevationFromOSM="true"><ele>122.8</ele></trkpt>
<trkpt lat="37.785690" lon="126.976410" sectionIndex="0" pointIndex="190" originalElevation="120.5" isOriginalElevationFromOSM="true"><ele>121.7</ele></trkpt>
<trkpt lat="37.785770" lon="126.976280" sectionIndex="0" pointIndex="191" originalElevation="120.3" isOriginalElevationFromOSM="true"><ele>121.1</ele></trkpt>
<trkpt lat="37.785840" lon="126.976110" sectionIndex="0" pointIndex="192" originalElevation="120.3" isOriginalElevationFromOSM="true"><ele>120.9</ele></trkpt>
<trkpt lat="37.785920" lon="126.975730" sectionIndex="0" pointIndex="193" originalElevation="121.3" isOriginalElevationFromOSM="true"><ele>121.5</ele></trkpt>
<trkpt lat="37.785950" lon="126.975420" sectionIndex="0" pointIndex="194" originalElevation="122.3" isOriginalElevationFromOSM="true"><ele>122.2</ele></trkpt>
<trkpt lat="37.785950" lon="126.975080" sectionIndex="0" pointIndex="195" originalElevation="123.4" isOriginalElevationFromOSM="true"><ele>123.0</ele></trkpt>
<trkpt lat="37.785920" lon="126.974940" sectionIndex="0" pointIndex="196" originalElevation="123.8" isOriginalElevationFromOSM="true"><ele>123.7</ele></trkpt>
<trkpt lat="37.785770" lon="126.974700" sectionIndex="0" pointIndex="197" originalElevation="124.3" isOriginalElevationFromOSM="true"><ele>124.2</ele></trkpt>
<trkpt lat="37.785700" lon="126.974470" sectionIndex="0" pointIndex="198" originalElevation="124.7" isOriginalElevationFromOSM="true"><ele>124.5</ele></trkpt>
<trkpt lat="37.785670" lon="126.974250" sectionIndex="0" pointIndex="199" originalElevation="124.8" isOriginalElevationFromOSM="true"><ele>124.7</ele></trkpt>
<trkpt lat="37.785660" lon="126.974070" sectionIndex="0" pointIndex="200" originalElevation="124.9" isOriginalElevationFromOSM="true"><ele>124.9</ele></trkpt>
<trkpt lat="37.785670" lon="126.973960" sectionIndex="0" pointIndex="201" originalElevation="125.0" isOriginalElevationFromOSM="true"><ele>124.8</ele></trkpt>
<trkpt lat="37.785720" lon="126.973800" sectionIndex="0" pointIndex="202" originalElevation="125.0" isOriginalElevationFromOSM="true"><ele>124.9</ele></trkpt>
<trkpt lat="37.785840" lon="126.973630" sectionIndex="0" pointIndex="203" originalElevation="124.6" isOriginalElevationFromOSM="true"><ele>125.0</ele></trkpt>
<trkpt lat="37.786110" lon="126.973390" sectionIndex="0" pointIndex="204" originalElevation="124.9" isOriginalElevationFromOSM="true"><ele>125.1</ele></trkpt>
<trkpt lat="37.786740" lon="126.972910" sectionIndex="0" pointIndex="205" originalElevation="125.7" isOriginalElevationFromOSM="true"><ele>125.2</ele></trkpt>
<trkpt lat="37.786900" lon="126.972730" sectionIndex="0" pointIndex="206" originalElevation="125.3" isOriginalElevationFromOSM="true"><ele>125.4</ele></trkpt>
<trkpt lat="37.787270" lon="126.972260" sectionIndex="0" pointIndex="207" originalElevation="125.4" isOriginalElevationFromOSM="true"><ele>125.6</ele></trkpt>
<trkpt lat="37.787960" lon="126.971310" sectionIndex="0" pointIndex="208" originalElevation="125.9" isOriginalElevationFromOSM="true"><ele>125.5</ele></trkpt>
<trkpt lat="37.788100" lon="126.971170" sectionIndex="0" pointIndex="209" originalElevation="125.7" isOriginalElevationFromOSM="true"><ele>125.5</ele></trkpt>
<trkpt lat="37.788180" lon="126.971130" sectionIndex="0" pointIndex="210" originalElevation="125.4" isOriginalElevationFromOSM="true"><ele>125.3</ele></trkpt>
<trkpt lat="37.788300" lon="126.971070" sectionIndex="0" pointIndex="211" originalElevation="125.0" isOriginalElevationFromOSM="true"><ele>125.1</ele></trkpt>
<trkpt lat="37.788380" lon="126.971050" sectionIndex="0" pointIndex="212" originalElevation="124.8" isOriginalElevationFromOSM="true"><ele>124.4</ele></trkpt>
<trkpt lat="37.788520" lon="126.971060" sectionIndex="0" pointIndex="213" originalElevation="124.6" isOriginalElevationFromOSM="true"><ele>123.7</ele></trkpt>
<trkpt lat="37.789090" lon="126.971300" sectionIndex="0" pointIndex="214" originalElevation="122.3" isOriginalElevationFromOSM="true"><ele>123.0</ele></trkpt>
<trkpt lat="37.789260" lon="126.971350" sectionIndex="0" pointIndex="215" originalElevation="121.8" isOriginalElevationFromOSM="true"><ele>122.3</ele></trkpt>
<trkpt lat="37.789480" lon="126.971360" sectionIndex="0" pointIndex="216" originalElevation="121.5" isOriginalElevationFromOSM="true"><ele>121.5</ele></trkpt>
<trkpt lat="37.789850" lon="126.971300" sectionIndex="0" pointIndex="217" originalElevation="121.6" isOriginalElevationFromOSM="true"><ele>120.9</ele></trkpt>
<trkpt lat="37.790290" lon="126.971280" sectionIndex="0" pointIndex="218" originalElevation="120.3" isOriginalElevationFromOSM="true"><ele>120.6</ele></trkpt>
<trkpt lat="37.790960" lon="126.970910" sectionIndex="0" pointIndex="219" originalElevation="119.5" isOriginalElevationFromOSM="true"><ele>120.4</ele></trkpt>
<trkpt lat="37.791160" lon="126.970780" sectionIndex="0" pointIndex="220" originalElevation="120.2" isOriginalElevationFromOSM="true"><ele>120.1</ele></trkpt>
<trkpt lat="37.791600" lon="126.970430" sectionIndex="0" pointIndex="221" originalElevation="120.6" isOriginalElevationFromOSM="true"><ele>120.7</ele></trkpt>
<trkpt lat="37.791790" lon="126.970260" sectionIndex="0" pointIndex="222" originalElevation="120.1" isOriginalElevationFromOSM="true"><ele>119.8</ele></trkpt>
<trkpt lat="37.792475" lon="126.969547" sectionIndex="0" pointIndex="223" originalElevation="123.0" isOriginalElevationFromOSM="false"><ele>118.7</ele></trkpt>
<trkpt lat="37.792511" lon="126.969513" sectionIndex="0" pointIndex="224" originalElevation="115.0" isOriginalElevationFromOSM="false"><ele>117.6</ele></trkpt>
<trkpt lat="37.792548" lon="126.969480" sectionIndex="0" pointIndex="225" originalElevation="115.0" isOriginalElevationFromOSM="false"><ele>116.6</ele></trkpt>
<trkpt lat="37.792584" lon="126.969447" sectionIndex="0" pointIndex="226" originalElevation="115.0" isOriginalElevationFromOSM="false"><ele>115.0</ele></trkpt>
<trkpt lat="37.792621" lon="126.969414" sectionIndex="0" pointIndex="227" originalElevation="115.0" isOriginalElevationFromOSM="false"><ele>115.0</ele></trkpt>
<trkpt lat="37.792657" lon="126.969381" sectionIndex="0" pointIndex="228" originalElevation="115.0" isOriginalElevationFromOSM="false"><ele>115.0</ele></trkpt>
<trkpt lat="37.792694" lon="126.969348" sectionIndex="0" pointIndex="229" originalElevation="115.0" isOriginalElevationFromOSM="false"><ele>115.0</ele></trkpt>
<trkpt lat="37.792730" lon="126.969315" sectionIndex="0" pointIndex="230" originalElevation="115.0" isOriginalElevationFromOSM="false"><ele>115.0</ele></trkpt>
<trkpt lat="37.792767" lon="126.969282" sectionIndex="0" pointIndex="231" originalElevation="115.0" isOriginalElevationFromOSM="false"><ele>115.0</ele></trkpt>
<trkpt lat="37.792803" lon="126.969248" sectionIndex="0" pointIndex="232" originalElevation="115.0" isOriginalElevationFromOSM="false"><ele>115.0</ele></trkpt>
<trkpt lat="37.792840" lon="126.969215" sectionIndex="0" pointIndex="233" originalElevation="115.0" isOriginalElevationFromOSM="false"><ele>114.4</ele></trkpt>
<trkpt lat="37.792873" lon="126.969185" sectionIndex="0" pointIndex="234" originalElevation="115.0" isOriginalElevationFromOSM="false"><ele>113.8</ele></trkpt>
<trkpt lat="37.792882" lon="126.969130" sectionIndex="0" pointIndex="235" originalElevation="112.0" isOriginalElevationFromOSM="false"><ele>113.2</ele></trkpt>
<trkpt lat="37.792892" lon="126.969074" sectionIndex="0" pointIndex="236" originalElevation="112.0" isOriginalElevationFromOSM="false"><ele>112.6</ele></trkpt>
<trkpt lat="37.792901" lon="126.969019" sectionIndex="0" pointIndex="237" originalElevation="112.0" isOriginalElevationFromOSM="false"><ele>112.0</ele></trkpt>
<trkpt lat="37.792911" lon="126.968963" sectionIndex="0" pointIndex="238" originalElevation="112.0" isOriginalElevationFromOSM="false"><ele>112.0</ele></trkpt>
<trkpt lat="37.792921" lon="126.968908" sectionIndex="0" pointIndex="239" originalElevation="112.0" isOriginalElevationFromOSM="false"><ele>112.6</ele></trkpt>
<trkpt lat="37.792923" lon="126.968895" sectionIndex="0" pointIndex="240" originalElevation="112.0" isOriginalElevationFromOSM="false"><ele>112.6</ele></trkpt>
<trkpt lat="37.793051" lon="126.967847" sectionIndex="0" pointIndex="241" originalElevation="115.0" isOriginalElevationFromOSM="false"><ele>112.7</ele></trkpt>
<trkpt lat="37.793510" lon="126.965820" sectionIndex="0" pointIndex="242" originalElevation="112.1" isOriginalElevationFromOSM="true"><ele>112.6</ele></trkpt>
<trkpt lat="37.793560" lon="126.965630" sectionIndex="0" pointIndex="243" originalElevation="112.2" isOriginalElevationFromOSM="true"><ele>113.0</ele></trkpt>
<trkpt lat="37.793740" lon="126.965180" sectionIndex="0" pointIndex="244" originalElevation="111.8" isOriginalElevationFromOSM="true"><ele>113.1</ele></trkpt>
<trkpt lat="37.793990" lon="126.964110" sectionIndex="0" pointIndex="245" originalElevation="113.8" isOriginalElevationFromOSM="true"><ele>113.8</ele></trkpt>
<trkpt lat="37.794100" lon="126.963570" sectionIndex="0" pointIndex="246" originalElevation="115.4" isOriginalElevationFromOSM="true"><ele>114.8</ele></trkpt>
<trkpt lat="37.794100" lon="126.963430" sectionIndex="0" pointIndex="247" originalElevation="116.0" isOriginalElevationFromOSM="true"><ele>115.5</ele></trkpt>
<trkpt lat="37.794020" lon="126.962960" sectionIndex="0" pointIndex="248" originalElevation="116.8" isOriginalElevationFromOSM="true"><ele>115.8</ele></trkpt>
<trkpt lat="37.793770" lon="126.961880" sectionIndex="0" pointIndex="249" originalElevation="115.6" isOriginalElevationFromOSM="true"><ele>115.7</ele></trkpt>
<trkpt lat="37.793740" lon="126.961780" sectionIndex="0" pointIndex="250" originalElevation="115.5" isOriginalElevationFromOSM="true"><ele>114.4</ele></trkpt>
<trkpt lat="37.793840" lon="126.961670" sectionIndex="0" pointIndex="251" originalElevation="114.5" isOriginalElevationFromOSM="true"><ele>112.8</ele></trkpt>
<trkpt lat="37.794580" lon="126.961130" sectionIndex="0" pointIndex="252" originalElevation="109.7" isOriginalElevationFromOSM="true"><ele>112.2</ele></trkpt>
<trkpt lat="37.794780" lon="126.960970" sectionIndex="0" pointIndex="253" originalElevation="108.8" isOriginalElevationFromOSM="true"><ele>112.0</ele></trkpt>
<trkpt lat="37.796360" lon="126.959450" sectionIndex="0" pointIndex="254" originalElevation="112.4" isOriginalElevationFromOSM="true"><ele>111.8</ele></trkpt>
<trkpt lat="37.796570" lon="126.959200" sectionIndex="0" pointIndex="255" originalElevation="114.4" isOriginalElevationFromOSM="true"><ele>112.4</ele></trkpt>
<trkpt lat="37.796310" lon="126.958870" sectionIndex="0" pointIndex="256" originalElevation="114.0" isOriginalElevationFromOSM="true"><ele>113.3</ele></trkpt>
<trkpt lat="37.795760" lon="126.958200" sectionIndex="0" pointIndex="257" originalElevation="112.4" isOriginalElevationFromOSM="true"><ele>113.5</ele></trkpt>
<trkpt lat="37.795670" lon="126.957930" sectionIndex="0" pointIndex="258" originalElevation="113.2" isOriginalElevationFromOSM="true"><ele>113.4</ele></trkpt>
<trkpt lat="37.795680" lon="126.957830" sectionIndex="0" pointIndex="259" originalElevation="113.5" isOriginalElevationFromOSM="true"><ele>115.0</ele></trkpt>
<trkpt lat="37.795720" lon="126.957700" sectionIndex="0" pointIndex="260" originalElevation="114.0" isOriginalElevationFromOSM="true"><ele>117.1</ele></trkpt>
<trkpt lat="37.796520" lon="126.956850" sectionIndex="0" pointIndex="261" originalElevation="122.0" isOriginalElevationFromOSM="true"><ele>118.9</ele></trkpt>
<trkpt lat="37.796690" lon="126.956690" sectionIndex="0" pointIndex="262" originalElevation="122.8" isOriginalElevationFromOSM="true"><ele>120.4</ele></trkpt>
<trkpt lat="37.797080" lon="126.956440" sectionIndex="0" pointIndex="263" originalElevation="122.3" isOriginalElevationFromOSM="true"><ele>120.7</ele></trkpt>
<trkpt lat="37.797320" lon="126.956340" sectionIndex="0" pointIndex="264" originalElevation="120.8" isOriginalElevationFromOSM="true"><ele>119.2</ele></trkpt>
<trkpt lat="37.797870" lon="126.956200" sectionIndex="0" pointIndex="265" originalElevation="115.8" isOriginalElevationFromOSM="true"><ele>117.4</ele></trkpt>
<trkpt lat="37.798050" lon="126.956100" sectionIndex="0" pointIndex="266" originalElevation="114.5" isOriginalElevationFromOSM="true"><ele>115.6</ele></trkpt>
<trkpt lat="37.798100" lon="126.956040" sectionIndex="0" pointIndex="267" originalElevation="113.8" isOriginalElevationFromOSM="true"><ele>114.1</ele></trkpt>
<trkpt lat="37.798380" lon="126.955760" sectionIndex="0" pointIndex="268" originalElevation="113.2" isOriginalElevationFromOSM="true"><ele>113.5</ele></trkpt>
<trkpt lat="37.798590" lon="126.955610" sectionIndex="0" pointIndex="269" originalElevation="113.2" isOriginalElevationFromOSM="true"><ele>113.0</ele></trkpt>
<trkpt lat="37.798790" lon="126.955550" sectionIndex="0" pointIndex="270" originalElevation="112.7" isOriginalElevationFromOSM="true"><ele>111.9</ele></trkpt>
<trkpt lat="37.798880" lon="126.955540" sectionIndex="0" pointIndex="271" originalElevation="112.4" isOriginalElevationFromOSM="true"><ele>110.8</ele></trkpt>
<trkpt lat="37.800300" lon="126.955840" sectionIndex="0" pointIndex="272" originalElevation="108.0" isOriginalElevationFromOSM="true"><ele>109.8</ele></trkpt>
<trkpt lat="37.800500" lon="126.955960" sectionIndex="0" pointIndex="273" originalElevation="108.0" isOriginalElevationFromOSM="true"><ele>108.9</ele></trkpt>
<trkpt lat="37.800890" lon="126.956410" sectionIndex="0" pointIndex="274" originalElevation="108.0" isOriginalElevationFromOSM="true"><ele>108.2</ele></trkpt>
<trkpt lat="37.801040" lon="126.956300" sectionIndex="0" pointIndex="275" originalElevation="108.2" isOriginalElevationFromOSM="true"><ele>108.4</ele></trkpt>
<trkpt lat="37.801250" lon="126.956110" sectionIndex="0" pointIndex="276" originalElevation="108.7" isOriginalElevationFromOSM="true"><ele>108.8</ele></trkpt>
<trkpt lat="37.801430" lon="126.956010" sectionIndex="0" pointIndex="277" originalElevation="109.1" isOriginalElevationFromOSM="true"><ele>109.3</ele></trkpt>
<trkpt lat="37.801820" lon="126.955990" sectionIndex="0" pointIndex="278" originalElevation="110.0" isOriginalElevationFromOSM="true"><ele>109.8</ele></trkpt>
<trkpt lat="37.802090" lon="126.956010" sectionIndex="0" pointIndex="279" originalElevation="110.5" isOriginalElevationFromOSM="true"><ele>110.9</ele></trkpt>
<trkpt lat="37.802320" lon="126.956060" sectionIndex="0" pointIndex="280" originalElevation="110.8" isOriginalElevationFromOSM="true"><ele>112.0</ele></trkpt>
<trkpt lat="37.803030" lon="126.956360" sectionIndex="0" pointIndex="281" originalElevation="114.0" isOriginalElevationFromOSM="true"><ele>113.2</ele></trkpt>
<trkpt lat="37.803150" lon="126.956380" sectionIndex="0" pointIndex="282" originalElevation="114.7" isOriginalElevationFromOSM="true"><ele>114.4</ele></trkpt>
<trkpt lat="37.803340" lon="126.956390" sectionIndex="0" pointIndex="283" originalElevation="116.0" isOriginalElevationFromOSM="true"><ele>116.0</ele></trkpt>
<trkpt lat="37.803450" lon="126.956350" sectionIndex="0" pointIndex="284" originalElevation="116.5" isOriginalElevationFromOSM="true"><ele>117.1</ele></trkpt>
<trkpt lat="37.803870" lon="126.956080" sectionIndex="0" pointIndex="285" originalElevation="119.0" isOriginalElevationFromOSM="true"><ele>118.0</ele></trkpt>
<trkpt lat="37.803950" lon="126.956050" sectionIndex="0" pointIndex="286" originalElevation="119.4" isOriginalElevationFromOSM="true"><ele>118.5</ele></trkpt>
<trkpt lat="37.804550" lon="126.956050" sectionIndex="0" pointIndex="287" originalElevation="119.0" isOriginalElevationFromOSM="true"><ele>118.8</ele></trkpt>
<trkpt lat="37.804760" lon="126.956030" sectionIndex="0" pointIndex="288" originalElevation="118.7" isOriginalElevationFromOSM="true"><ele>118.5</ele></trkpt>
<trkpt lat="37.805160" lon="126.955930" sectionIndex="0" pointIndex="289" originalElevation="118.2" isOriginalElevationFromOSM="true"><ele>117.8</ele></trkpt>
<trkpt lat="37.805360" lon="126.955910" sectionIndex="0" pointIndex="290" originalElevation="117.3" isOriginalElevationFromOSM="true"><ele>116.8</ele></trkpt>
<trkpt lat="37.805570" lon="126.955920" sectionIndex="0" pointIndex="291" originalElevation="116.0" isOriginalElevationFromOSM="true"><ele>115.7</ele></trkpt>
<trkpt lat="37.805860" lon="126.956010" sectionIndex="0" pointIndex="292" originalElevation="114.0" isOriginalElevationFromOSM="true"><ele>114.7</ele></trkpt>
<trkpt lat="37.806160" lon="126.955990" sectionIndex="0" pointIndex="293" originalElevation="113.2" isOriginalElevationFromOSM="true"><ele>113.8</ele></trkpt>
<trkpt lat="37.806260" lon="126.955940" sectionIndex="0" pointIndex="294" originalElevation="113.1" isOriginalElevationFromOSM="true"><ele>113.3</ele></trkpt>
<trkpt lat="37.806540" lon="126.955750" sectionIndex="0" pointIndex="295" originalElevation="112.8" isOriginalElevationFromOSM="true"><ele>113.3</ele></trkpt>
<trkpt lat="37.806900" lon="126.955470" sectionIndex="0" pointIndex="296" originalElevation="113.5" isOriginalElevationFromOSM="true"><ele>113.5</ele></trkpt>
<trkpt lat="37.807020" lon="126.955400" sectionIndex="0" pointIndex="297" originalElevation="113.9" isOriginalElevationFromOSM="true"><ele>113.6</ele></trkpt>
<trkpt lat="37.807240" lon="126.955340" sectionIndex="0" pointIndex="298" originalElevation="114.1" isOriginalElevationFromOSM="true"><ele>113.9</ele></trkpt>
<trkpt lat="37.807470" lon="126.955340" sectionIndex="0" pointIndex="299" originalElevation="113.9" isOriginalElevationFromOSM="true"><ele>113.8</ele></trkpt>
<trkpt lat="37.807580" lon="126.955380" sectionIndex="0" pointIndex="300" originalElevation="114.0" isOriginalElevationFromOSM="true"><ele>113.8</ele></trkpt>
<trkpt lat="37.808020" lon="126.955660" sectionIndex="0" pointIndex="301" originalElevation="113.4" isOriginalElevationFromOSM="true"><ele>113.7</ele></trkpt>
<trkpt lat="37.808160" lon="126.955720" sectionIndex="0" pointIndex="302" originalElevation="113.4" isOriginalElevationFromOSM="true"><ele>113.8</ele></trkpt>
<trkpt lat="37.808480" lon="126.955800" sectionIndex="0" pointIndex="303" originalElevation="113.7" isOriginalElevationFromOSM="true"><ele>114.1</ele></trkpt>
<trkpt lat="37.808860" lon="126.955870" sectionIndex="0" pointIndex="304" originalElevation="114.8" isOriginalElevationFromOSM="true"><ele>114.5</ele></trkpt>
<trkpt lat="37.809050" lon="126.955970" sectionIndex="0" pointIndex="305" originalElevation="115.2" isOriginalElevationFromOSM="true"><ele>114.8</ele></trkpt>
<trkpt lat="37.809490" lon="126.956320" sectionIndex="0" pointIndex="306" originalElevation="115.4" isOriginalElevationFromOSM="true"><ele>114.5</ele></trkpt>
<trkpt lat="37.809760" lon="126.956470" sectionIndex="0" pointIndex="307" originalElevation="115.1" isOriginalElevationFromOSM="true"><ele>113.5</ele></trkpt>
<trkpt lat="37.810530" lon="126.956830" sectionIndex="0" pointIndex="308" originalElevation="111.8" isOriginalElevationFromOSM="true"><ele>112.3</ele></trkpt>
<trkpt lat="37.810930" lon="126.957050" sectionIndex="0" pointIndex="309" originalElevation="110.2" isOriginalElevationFromOSM="true"><ele>111.1</ele></trkpt>
<trkpt lat="37.811340" lon="126.957310" sectionIndex="0" pointIndex="310" originalElevation="109.3" isOriginalElevationFromOSM="true"><ele>109.7</ele></trkpt>
<trkpt lat="37.811590" lon="126.957380" sectionIndex="0" pointIndex="311" originalElevation="109.3" isOriginalElevationFromOSM="true"><ele>108.8</ele></trkpt>
<trkpt lat="37.812310" lon="126.957360" sectionIndex="0" pointIndex="312" originalElevation="107.9" isOriginalElevationFromOSM="true"><ele>108.2</ele></trkpt>
<trkpt lat="37.812460" lon="126.957400" sectionIndex="0" pointIndex="313" originalElevation="107.4" isOriginalElevationFromOSM="true"><ele>107.6</ele></trkpt>
<trkpt lat="37.812670" lon="126.957340" sectionIndex="0" pointIndex="314" originalElevation="107.1" isOriginalElevationFromOSM="true"><ele>106.9</ele></trkpt>
<trkpt lat="37.813150" lon="126.957150" sectionIndex="0" pointIndex="315" originalElevation="106.3" isOriginalElevationFromOSM="true"><ele>106.5</ele></trkpt>
<trkpt lat="37.813310" lon="126.957110" sectionIndex="0" pointIndex="316" originalElevation="106.0" isOriginalElevationFromOSM="true"><ele>106.1</ele></trkpt>
<trkpt lat="37.813410" lon="126.957110" sectionIndex="0" pointIndex="317" originalElevation="105.7" isOriginalElevationFromOSM="true"><ele>105.7</ele></trkpt>
<trkpt lat="37.813480" lon="126.957140" sectionIndex="0" pointIndex="318" originalElevation="105.5" isOriginalElevationFromOSM="true"><ele>105.5</ele></trkpt>
<trkpt lat="37.813570" lon="126.957240" sectionIndex="0" pointIndex="319" originalElevation="104.9" isOriginalElevationFromOSM="true"><ele>106.9</ele></trkpt>
<trkpt lat="37.813850" lon="126.956940" sectionIndex="0" pointIndex="320" originalElevation="105.3" isOriginalElevationFromOSM="true"><ele>108.6</ele></trkpt>
<trkpt lat="37.815190" lon="126.955800" sectionIndex="0" pointIndex="321" originalElevation="112.9" isOriginalElevationFromOSM="true"><ele>111.0</ele></trkpt>
<trkpt lat="37.815700" lon="126.955310" sectionIndex="0" pointIndex="322" originalElevation="114.4" isOriginalElevationFromOSM="true"><ele>114.0</ele></trkpt>
<trkpt lat="37.816250" lon="126.954630" sectionIndex="0" pointIndex="323" originalElevation="117.3" isOriginalElevationFromOSM="true"><ele>117.4</ele></trkpt>
<trkpt lat="37.816690" lon="126.953800" sectionIndex="0" pointIndex="324" originalElevation="119.9" isOriginalElevationFromOSM="true"><ele>119.3</ele></trkpt>
<trkpt lat="37.816970" lon="126.953160" sectionIndex="0" pointIndex="325" originalElevation="122.7" isOriginalElevationFromOSM="true"><ele>121.5</ele></trkpt>
<trkpt lat="37.817470" lon="126.951800" sectionIndex="0" pointIndex="326" originalElevation="122.3" isOriginalElevationFromOSM="true"><ele>123.1</ele></trkpt>
<trkpt lat="37.817720" lon="126.951160" sectionIndex="0" pointIndex="327" originalElevation="125.2" isOriginalElevationFromOSM="true"><ele>124.5</ele></trkpt>
<trkpt lat="37.817640" lon="126.950990" sectionIndex="0" pointIndex="328" originalElevation="125.6" isOriginalElevationFromOSM="true"><ele>131.3</ele></trkpt>
<trkpt lat="37.817520" lon="126.950520" sectionIndex="0" pointIndex="329" originalElevation="126.8" isOriginalElevationFromOSM="true"><ele>138.7</ele></trkpt>
<trkpt lat="37.817050" lon="126.947550" sectionIndex="0" pointIndex="330" originalElevation="156.8" isOriginalElevationFromOSM="true"><ele>145.8</ele></trkpt>
<trkpt lat="37.816210" lon="126.945950" sectionIndex="0" pointIndex="331" originalElevation="159.3" isOriginalElevationFromOSM="true"><ele>152.4</ele></trkpt>
<trkpt lat="37.815810" lon="126.945190" sectionIndex="0" pointIndex="332" originalElevation="160.4" isOriginalElevationFromOSM="true"><ele>158.3</ele></trkpt>
<trkpt lat="37.815660" lon="126.944730" sectionIndex="0" pointIndex="333" originalElevation="158.9" isOriginalElevationFromOSM="true"><ele>155.7</ele></trkpt>
<trkpt lat="37.815610" lon="126.944230" sectionIndex="0" pointIndex="334" originalElevation="156.3" isOriginalElevationFromOSM="true"><ele>151.7</ele></trkpt>
<trkpt lat="37.815660" lon="126.943200" sectionIndex="0" pointIndex="335" originalElevation="143.6" isOriginalElevationFromOSM="true"><ele>147.2</ele></trkpt>
<trkpt lat="37.815570" lon="126.942630" sectionIndex="0" pointIndex="336" originalElevation="139.1" isOriginalElevationFromOSM="true"><ele>142.7</ele></trkpt>
<trkpt lat="37.815430" lon="126.942000" sectionIndex="0" pointIndex="337" originalElevation="137.9" isOriginalElevationFromOSM="true"><ele>138.2</ele></trkpt>
<trkpt lat="37.815260" lon="126.941440" sectionIndex="0" pointIndex="338" originalElevation="136.4" isOriginalElevationFromOSM="true"><ele>136.1</ele></trkpt>
<trkpt lat="37.815070" lon="126.941060" sectionIndex="0" pointIndex="339" originalElevation="134.1" isOriginalElevationFromOSM="true"><ele>134.3</ele></trkpt>
<trkpt lat="37.814990" lon="126.940860" sectionIndex="0" pointIndex="340" originalElevation="133.0" isOriginalElevationFromOSM="true"><ele>132.1</ele></trkpt>
<trkpt lat="37.814900" lon="126.940440" sectionIndex="0" pointIndex="341" originalElevation="129.9" isOriginalElevationFromOSM="true"><ele>129.6</ele></trkpt>
<trkpt lat="37.814920" lon="126.940000" sectionIndex="0" pointIndex="342" originalElevation="127.1" isOriginalElevationFromOSM="true"><ele>127.5</ele></trkpt>
<trkpt lat="37.815000" lon="126.939370" sectionIndex="0" pointIndex="343" originalElevation="124.0" isOriginalElevationFromOSM="true"><ele>125.8</ele></trkpt>
<trkpt lat="37.815010" lon="126.938920" sectionIndex="0" pointIndex="344" originalElevation="123.7" isOriginalElevationFromOSM="true"><ele>124.9</ele></trkpt>
<trkpt lat="37.814950" lon="126.938420" sectionIndex="0" pointIndex="345" originalElevation="124.4" isOriginalElevationFromOSM="true"><ele>123.8</ele></trkpt>
<trkpt lat="37.814910" lon="126.938220" sectionIndex="0" pointIndex="346" originalElevation="125.1" isOriginalElevationFromOSM="true"><ele>123.1</ele></trkpt>
<trkpt lat="37.814080" lon="126.937090" sectionIndex="0" pointIndex="347" originalElevation="121.6" isOriginalElevationFromOSM="true"><ele>122.1</ele></trkpt>
<trkpt lat="37.813800" lon="126.936620" sectionIndex="0" pointIndex="348" originalElevation="120.5" isOriginalElevationFromOSM="true"><ele>120.7</ele></trkpt>
<trkpt lat="37.813610" lon="126.936050" sectionIndex="0" pointIndex="349" originalElevation="118.9" isOriginalElevationFromOSM="true"><ele>118.7</ele></trkpt>
<trkpt lat="37.813530" lon="126.935320" sectionIndex="0" pointIndex="350" originalElevation="117.4" isOriginalElevationFromOSM="true"><ele>114.6</ele></trkpt>
<trkpt lat="37.813350" lon="126.934530" sectionIndex="0" pointIndex="351" originalElevation="115.3" isOriginalElevationFromOSM="true"><ele>110.0</ele></trkpt>
<trkpt lat="37.812360" lon="126.931710" sectionIndex="0" pointIndex="352" originalElevation="101.0" isOriginalElevationFromOSM="true"><ele>105.8</ele></trkpt>
<trkpt lat="37.812050" lon="126.930600" sectionIndex="0" pointIndex="353" originalElevation="97.2" isOriginalElevationFromOSM="true"><ele>102.7</ele></trkpt>
<trkpt lat="37.811930" lon="126.930000" sectionIndex="0" pointIndex="354" originalElevation="97.9" isOriginalElevationFromOSM="true"><ele>100.7</ele></trkpt>
<trkpt lat="37.811640" lon="126.929090" sectionIndex="0" pointIndex="355" originalElevation="101.9" isOriginalElevationFromOSM="true"><ele>101.3</ele></trkpt>
<trkpt lat="37.811300" lon="126.928130" sectionIndex="0" pointIndex="356" originalElevation="105.3" isOriginalElevationFromOSM="true"><ele>101.3</ele></trkpt>
<trkpt lat="37.811270" lon="126.927810" sectionIndex="0" pointIndex="357" originalElevation="104.1" isOriginalElevationFromOSM="true"><ele>101.2</ele></trkpt>
<trkpt lat="37.811190" lon="126.925830" sectionIndex="0" pointIndex="358" originalElevation="97.2" isOriginalElevationFromOSM="true"><ele>100.0</ele></trkpt>
<trkpt lat="37.811160" lon="126.925510" sectionIndex="0" pointIndex="359" originalElevation="97.5" isOriginalElevationFromOSM="true"><ele>97.8</ele></trkpt>
<trkpt lat="37.811070" lon="126.925260" sectionIndex="0" pointIndex="360" originalElevation="96.2" isOriginalElevationFromOSM="true"><ele>96.3</ele></trkpt>
<trkpt lat="37.810940" lon="126.925000" sectionIndex="0" pointIndex="361" originalElevation="93.8" isOriginalElevationFromOSM="true"><ele>95.9</ele></trkpt>
<trkpt lat="37.810230" lon="126.923800" sectionIndex="0" pointIndex="362" originalElevation="96.8" isOriginalElevationFromOSM="true"><ele>95.2</ele></trkpt>
<trkpt lat="37.809350" lon="126.922060" sectionIndex="0" pointIndex="363" originalElevation="95.0" isOriginalElevationFromOSM="true"><ele>95.5</ele></trkpt>
<trkpt lat="37.808940" lon="126.921600" sectionIndex="0" pointIndex="364" originalElevation="94.4" isOriginalElevationFromOSM="true"><ele>95.9</ele></trkpt>
<trkpt lat="37.808530" lon="126.921320" sectionIndex="0" pointIndex="365" originalElevation="97.4" isOriginalElevationFromOSM="true"><ele>95.4</ele></trkpt>
<trkpt lat="37.808130" lon="126.921210" sectionIndex="0" pointIndex="366" originalElevation="96.1" isOriginalElevationFromOSM="true"><ele>95.0</ele></trkpt>
<trkpt lat="37.807580" lon="126.921250" sectionIndex="0" pointIndex="367" originalElevation="94.3" isOriginalElevationFromOSM="true"><ele>94.2</ele></trkpt>
<trkpt lat="37.807190" lon="126.921200" sectionIndex="0" pointIndex="368" originalElevation="92.7" isOriginalElevationFromOSM="true"><ele>92.4</ele></trkpt>
<trkpt lat="37.806840" lon="126.921060" sectionIndex="0" pointIndex="369" originalElevation="90.4" isOriginalElevationFromOSM="true"><ele>91.8</ele></trkpt>
<trkpt lat="37.806390" lon="126.920740" sectionIndex="0" pointIndex="370" originalElevation="88.7" isOriginalElevationFromOSM="true"><ele>91.5</ele></trkpt>
<trkpt lat="37.805960" lon="126.920390" sectionIndex="0" pointIndex="371" originalElevation="92.7" isOriginalElevationFromOSM="true"><ele>91.6</ele></trkpt>
<trkpt lat="37.805790" lon="126.920300" sectionIndex="0" pointIndex="372" originalElevation="93.1" isOriginalElevationFromOSM="true"><ele>91.8</ele></trkpt>
<trkpt lat="37.805510" lon="126.920240" sectionIndex="0" pointIndex="373" originalElevation="93.2" isOriginalElevationFromOSM="true"><ele>91.8</ele></trkpt>
<trkpt lat="37.804860" lon="126.920140" sectionIndex="0" pointIndex="374" originalElevation="91.5" isOriginalElevationFromOSM="true"><ele>90.5</ele></trkpt>
<trkpt lat="37.804550" lon="126.920000" sectionIndex="0" pointIndex="375" originalElevation="88.6" isOriginalElevationFromOSM="true"><ele>88.6</ele></trkpt>
<trkpt lat="37.804300" lon="126.919760" sectionIndex="0" pointIndex="376" originalElevation="85.9" isOriginalElevationFromOSM="true"><ele>86.6</ele></trkpt>
<trkpt lat="37.804120" lon="126.919490" sectionIndex="0" pointIndex="377" originalElevation="83.9" isOriginalElevationFromOSM="true"><ele>84.8</ele></trkpt>
<trkpt lat="37.803980" lon="126.919110" sectionIndex="0" pointIndex="378" originalElevation="83.2" isOriginalElevationFromOSM="true"><ele>83.5</ele></trkpt>
<trkpt lat="37.803940" lon="126.918650" sectionIndex="0" pointIndex="379" originalElevation="82.3" isOriginalElevationFromOSM="true"><ele>82.2</ele></trkpt>
<trkpt lat="37.803980" lon="126.918240" sectionIndex="0" pointIndex="380" originalElevation="82.0" isOriginalElevationFromOSM="true"><ele>81.0</ele></trkpt>
<trkpt lat="37.804080" lon="126.917830" sectionIndex="0" pointIndex="381" originalElevation="79.7" isOriginalElevationFromOSM="true"><ele>79.6</ele></trkpt>
<trkpt lat="37.804220" lon="126.917340" sectionIndex="0" pointIndex="382" originalElevation="77.7" isOriginalElevationFromOSM="true"><ele>78.4</ele></trkpt>
<trkpt lat="37.805060" lon="126.915070" sectionIndex="0" pointIndex="383" originalElevation="76.2" isOriginalElevationFromOSM="true"><ele>77.1</ele></trkpt>
<trkpt lat="37.805100" lon="126.914920" sectionIndex="0" pointIndex="384" originalElevation="76.6" isOriginalElevationFromOSM="true"><ele>75.9</ele></trkpt>
<trkpt lat="37.805120" lon="126.913940" sectionIndex="0" pointIndex="385" originalElevation="75.3" isOriginalElevationFromOSM="true"><ele>75.3</ele></trkpt>
<trkpt lat="37.805220" lon="126.912840" sectionIndex="0" pointIndex="386" originalElevation="73.8" isOriginalElevationFromOSM="true"><ele>75.2</ele></trkpt>
<trkpt lat="37.805220" lon="126.912500" sectionIndex="0" pointIndex="387" originalElevation="74.7" isOriginalElevationFromOSM="true"><ele>75.8</ele></trkpt>
<trkpt lat="37.805200" lon="126.912300" sectionIndex="0" pointIndex="388" originalElevation="75.8" isOriginalElevationFromOSM="true"><ele>76.7</ele></trkpt>
<trkpt lat="37.804810" lon="126.910980" sectionIndex="0" pointIndex="389" originalElevation="79.5" isOriginalElevationFromOSM="true"><ele>77.6</ele></trkpt>
<trkpt lat="37.804760" lon="126.910580" sectionIndex="0" pointIndex="390" originalElevation="79.6" isOriginalElevationFromOSM="true"><ele>78.1</ele></trkpt>
<trkpt lat="37.804760" lon="126.910290" sectionIndex="0" pointIndex="391" originalElevation="78.6" isOriginalElevationFromOSM="true"><ele>77.8</ele></trkpt>
<trkpt lat="37.804890" lon="126.909930" sectionIndex="0" pointIndex="392" originalElevation="76.8" isOriginalElevationFromOSM="true"><ele>76.6</ele></trkpt>
<trkpt lat="37.805140" lon="126.909520" sectionIndex="0" pointIndex="393" originalElevation="74.5" isOriginalElevationFromOSM="true"><ele>75.7</ele></trkpt>
<trkpt lat="37.807100" lon="126.907150" sectionIndex="0" pointIndex="394" originalElevation="73.4" isOriginalElevationFromOSM="true"><ele>74.8</ele></trkpt>
<trkpt lat="37.808590" lon="126.905380" sectionIndex="0" pointIndex="395" originalElevation="75.1" isOriginalElevationFromOSM="true"><ele>74.5</ele></trkpt>
<trkpt lat="37.808900" lon="126.904930" sectionIndex="0" pointIndex="396" originalElevation="74.4" isOriginalElevationFromOSM="true"><ele>75.0</ele></trkpt>
<trkpt lat="37.808990" lon="126.904720" sectionIndex="0" pointIndex="397" originalElevation="75.1" isOriginalElevationFromOSM="true"><ele>76.0</ele></trkpt>
<trkpt lat="37.809130" lon="126.904100" sectionIndex="0" pointIndex="398" originalElevation="76.8" isOriginalElevationFromOSM="true"><ele>76.8</ele></trkpt>
<trkpt lat="37.809180" lon="126.903410" sectionIndex="0" pointIndex="399" originalElevation="78.9" isOriginalElevationFromOSM="true"><ele>77.6</ele></trkpt>
<trkpt lat="37.809160" lon="126.902980" sectionIndex="0" pointIndex="400" originalElevation="78.6" isOriginalElevationFromOSM="true"><ele>78.4</ele></trkpt>
<trkpt lat="37.809080" lon="126.902430" sectionIndex="0" pointIndex="401" originalElevation="78.5" isOriginalElevationFromOSM="true"><ele>79.0</ele></trkpt>
<trkpt lat="37.808900" lon="126.901890" sectionIndex="0" pointIndex="402" originalElevation="79.3" isOriginalElevationFromOSM="true"><ele>79.2</ele></trkpt>
<trkpt lat="37.808620" lon="126.901270" sectionIndex="0" pointIndex="403" originalElevation="79.9" isOriginalElevationFromOSM="true"><ele>79.0</ele></trkpt>
<trkpt lat="37.808290" lon="126.900810" sectionIndex="0" pointIndex="404" originalElevation="79.8" isOriginalElevationFromOSM="true"><ele>77.2</ele></trkpt>
<trkpt lat="37.807890" lon="126.900330" sectionIndex="0" pointIndex="405" originalElevation="77.4" isOriginalElevationFromOSM="true"><ele>75.0</ele></trkpt>
<trkpt lat="37.807470" lon="126.899060" sectionIndex="0" pointIndex="406" originalElevation="69.5" isOriginalElevationFromOSM="true"><ele>72.0</ele></trkpt>
<trkpt lat="37.807360" lon="126.898810" sectionIndex="0" pointIndex="407" originalElevation="68.3" isOriginalElevationFromOSM="true"><ele>68.7</ele></trkpt>
<trkpt lat="37.807070" lon="126.898410" sectionIndex="0" pointIndex="408" originalElevation="64.9" isOriginalElevationFromOSM="true"><ele>65.8</ele></trkpt>
<trkpt lat="37.806890" lon="126.898270" sectionIndex="0" pointIndex="409" originalElevation="63.4" isOriginalElevationFromOSM="true"><ele>64.6</ele></trkpt>
<trkpt lat="37.806500" lon="126.898050" sectionIndex="0" pointIndex="410" originalElevation="62.7" isOriginalElevationFromOSM="true"><ele>63.0</ele></trkpt>
<trkpt lat="37.806170" lon="126.898000" sectionIndex="0" pointIndex="411" originalElevation="63.7" isOriginalElevationFromOSM="true"><ele>61.9</ele></trkpt>
<trkpt lat="37.804690" lon="126.898060" sectionIndex="0" pointIndex="412" originalElevation="60.1" isOriginalElevationFromOSM="true"><ele>61.1</ele></trkpt>
<trkpt lat="37.804560" lon="126.898010" sectionIndex="0" pointIndex="413" originalElevation="59.7" isOriginalElevationFromOSM="true"><ele>60.9</ele></trkpt>
<trkpt lat="37.804450" lon="126.897870" sectionIndex="0" pointIndex="414" originalElevation="59.5" isOriginalElevationFromOSM="true"><ele>60.2</ele></trkpt>
<trkpt lat="37.804070" lon="126.897070" sectionIndex="0" pointIndex="415" originalElevation="61.3" isOriginalElevationFromOSM="true"><ele>60.0</ele></trkpt>
<trkpt lat="37.803640" lon="126.896030" sectionIndex="0" pointIndex="416" originalElevation="60.2" isOriginalElevationFromOSM="true"><ele>59.8</ele></trkpt>
<trkpt lat="37.803570" lon="126.895820" sectionIndex="0" pointIndex="417" originalElevation="59.4" isOriginalElevationFromOSM="true"><ele>58.9</ele></trkpt>
<trkpt lat="37.803530" lon="126.895520" sectionIndex="0" pointIndex="418" originalElevation="58.6" isOriginalElevationFromOSM="true"><ele>56.6</ele></trkpt>
<trkpt lat="37.803880" lon="126.894070" sectionIndex="0" pointIndex="419" originalElevation="55.2" isOriginalElevationFromOSM="true"><ele>54.5</ele></trkpt>
<trkpt lat="37.803980" lon="126.893200" sectionIndex="0" pointIndex="420" originalElevation="49.9" isOriginalElevationFromOSM="true"><ele>51.9</ele></trkpt>
<trkpt lat="37.804010" lon="126.892540" sectionIndex="0" pointIndex="421" originalElevation="49.2" isOriginalElevationFromOSM="true"><ele>49.4</ele></trkpt>
<trkpt lat="37.803930" lon="126.891700" sectionIndex="0" pointIndex="422" originalElevation="46.4" isOriginalElevationFromOSM="true"><ele>47.0</ele></trkpt>
<trkpt lat="37.803930" lon="126.891370" sectionIndex="0" pointIndex="423" originalElevation="46.2" isOriginalElevationFromOSM="true"><ele>45.8</ele></trkpt>
<trkpt lat="37.803250" lon="126.888380" sectionIndex="0" pointIndex="424" originalElevation="43.5" isOriginalElevationFromOSM="true"><ele>44.2</ele></trkpt>
<trkpt lat="37.802970" lon="126.886890" sectionIndex="0" pointIndex="425" originalElevation="43.5" isOriginalElevationFromOSM="true"><ele>43.1</ele></trkpt>
<trkpt lat="37.802800" lon="126.884770" sectionIndex="0" pointIndex="426" originalElevation="41.3" isOriginalElevationFromOSM="true"><ele>41.9</ele></trkpt>
<trkpt lat="37.802620" lon="126.883250" sectionIndex="0" pointIndex="427" originalElevation="40.9" isOriginalElevationFromOSM="true"><ele>41.4</ele></trkpt>
<trkpt lat="37.802480" lon="126.882390" sectionIndex="0" pointIndex="428" originalElevation="40.2" isOriginalElevationFromOSM="true"><ele>40.9</ele></trkpt>
<trkpt lat="37.802250" lon="126.881890" sectionIndex="0" pointIndex="429" originalElevation="41.2" isOriginalElevationFromOSM="true"><ele>40.4</ele></trkpt>
<trkpt lat="37.801810" lon="126.880870" sectionIndex="0" pointIndex="430" originalElevation="41.0" isOriginalElevationFromOSM="true"><ele>39.8</ele></trkpt>
<trkpt lat="37.801210" lon="126.879920" sectionIndex="0" pointIndex="431" originalElevation="38.5" isOriginalElevationFromOSM="true"><ele>39.5</ele></trkpt>
<trkpt lat="37.801070" lon="126.879520" sectionIndex="0" pointIndex="432" originalElevation="38.3" isOriginalElevationFromOSM="true"><ele>39.1</ele></trkpt>
<trkpt lat="37.800600" lon="126.878530" sectionIndex="0" pointIndex="433" originalElevation="38.3" isOriginalElevationFromOSM="true"><ele>38.6</ele></trkpt>
<trkpt lat="37.799810" lon="126.876840" sectionIndex="0" pointIndex="434" originalElevation="39.3" isOriginalElevationFromOSM="true"><ele>38.5</ele></trkpt>
<trkpt lat="37.799540" lon="126.876130" sectionIndex="0" pointIndex="435" originalElevation="38.8" isOriginalElevationFromOSM="true"><ele>38.2</ele></trkpt>
<trkpt lat="37.799330" lon="126.875450" sectionIndex="0" pointIndex="436" originalElevation="37.6" isOriginalElevationFromOSM="true"><ele>38.0</ele></trkpt>
<trkpt lat="37.799230" lon="126.875050" sectionIndex="0" pointIndex="437" originalElevation="37.0" isOriginalElevationFromOSM="true"><ele>38.3</ele></trkpt>
<trkpt lat="37.799100" lon="126.874730" sectionIndex="0" pointIndex="438" originalElevation="37.3" isOriginalElevationFromOSM="true"><ele>38.6</ele></trkpt>
<trkpt lat="37.798948" lon="126.874403" sectionIndex="0" pointIndex="439" originalElevation="41.0" isOriginalElevationFromOSM="false"><ele>39.7</ele></trkpt>
<trkpt lat="37.798640" lon="126.873740" sectionIndex="0" pointIndex="440" originalElevation="40.0" isOriginalElevationFromOSM="true"><ele>40.7</ele></trkpt>
<trkpt lat="37.798530" lon="126.873483" sectionIndex="0" pointIndex="441" originalElevation="43.0" isOriginalElevationFromOSM="false"><ele>41.6</ele></trkpt>
<trkpt lat="37.798430" lon="126.873250" sectionIndex="0" pointIndex="442" originalElevation="42.0" isOriginalElevationFromOSM="true"><ele>41.5</ele></trkpt>
<trkpt lat="37.798390" lon="126.873070" sectionIndex="0" pointIndex="443" originalElevation="41.9" isOriginalElevationFromOSM="true"><ele>41.7</ele></trkpt>
<trkpt lat="37.798320" lon="126.872340" sectionIndex="0" pointIndex="444" originalElevation="40.7" isOriginalElevationFromOSM="true"><ele>40.5</ele></trkpt>
<trkpt lat="37.798240" lon="126.871980" sectionIndex="0" pointIndex="445" originalElevation="41.1" isOriginalElevationFromOSM="true"><ele>39.5</ele></trkpt>
<trkpt lat="37.796130" lon="126.865790" sectionIndex="0" pointIndex="446" originalElevation="36.6" isOriginalElevationFromOSM="true"><ele>39.4</ele></trkpt>
<trkpt lat="37.795080" lon="126.862840" sectionIndex="0" pointIndex="447" originalElevation="37.2" isOriginalElevationFromOSM="true"><ele>40.1</ele></trkpt>
<trkpt lat="37.793800" lon="126.859030" sectionIndex="0" pointIndex="448" originalElevation="41.2" isOriginalElevationFromOSM="true"><ele>40.8</ele></trkpt>
<trkpt lat="37.794880" lon="126.858290" sectionIndex="0" pointIndex="449" originalElevation="44.4" isOriginalElevationFromOSM="true"><ele>42.3</ele></trkpt>
<trkpt lat="37.795060" lon="126.858240" sectionIndex="0" pointIndex="450" originalElevation="44.6" isOriginalElevationFromOSM="true"><ele>43.4</ele></trkpt>
<trkpt lat="37.796310" lon="126.858330" sectionIndex="0" pointIndex="451" originalElevation="44.3" isOriginalElevationFromOSM="true"><ele>43.4</ele></trkpt>
<trkpt lat="37.797160" lon="126.858690" sectionIndex="0" pointIndex="452" originalElevation="42.6" isOriginalElevationFromOSM="true"><ele>42.4</ele></trkpt>
<trkpt lat="37.797650" lon="126.858790" sectionIndex="0" pointIndex="453" originalElevation="41.0" isOriginalElevationFromOSM="true"><ele>40.9</ele></trkpt>
<trkpt lat="37.797980" lon="126.858850" sectionIndex="0" pointIndex="454" originalElevation="39.4" isOriginalElevationFromOSM="true"><ele>39.1</ele></trkpt>
<trkpt lat="37.798450" lon="126.859010" sectionIndex="0" pointIndex="455" originalElevation="37.3" isOriginalElevationFromOSM="true"><ele>37.4</ele></trkpt>
<trkpt lat="37.799430" lon="126.859490" sectionIndex="0" pointIndex="456" originalElevation="35.0" isOriginalElevationFromOSM="true"><ele>35.9</ele></trkpt>
<trkpt lat="37.799600" lon="126.859660" sectionIndex="0" pointIndex="457" originalElevation="34.5" isOriginalElevationFromOSM="true"><ele>34.4</ele></trkpt>
<trkpt lat="37.799820" lon="126.859980" sectionIndex="0" pointIndex="458" originalElevation="33.3" isOriginalElevationFromOSM="true"><ele>32.4</ele></trkpt>
<trkpt lat="37.800060" lon="126.860120" sectionIndex="0" pointIndex="459" originalElevation="32.0" isOriginalElevationFromOSM="true"><ele>30.8</ele></trkpt>
<trkpt lat="37.806277" lon="126.862258" sectionIndex="0" pointIndex="460" originalElevation="27.0" isOriginalElevationFromOSM="false"><ele>29.3</ele></trkpt>
<trkpt lat="37.806319" lon="126.862276" sectionIndex="0" pointIndex="461" originalElevation="27.0" isOriginalElevationFromOSM="false"><ele>28.0</ele></trkpt>
<trkpt lat="37.806362" lon="126.862294" sectionIndex="0" pointIndex="462" originalElevation="27.0" isOriginalElevationFromOSM="false"><ele>27.0</ele></trkpt>
<trkpt lat="37.806404" lon="126.862312" sectionIndex="0" pointIndex="463" originalElevation="27.0" isOriginalElevationFromOSM="false"><ele>27.0</ele></trkpt>
<trkpt lat="37.806447" lon="126.862331" sectionIndex="0" pointIndex="464" originalElevation="27.0" isOriginalElevationFromOSM="false"><ele>27.0</ele></trkpt>
<trkpt lat="37.806489" lon="126.862349" sectionIndex="0" pointIndex="465" originalElevation="27.0" isOriginalElevationFromOSM="false"><ele>27.0</ele></trkpt>
<trkpt lat="37.806532" lon="126.862367" sectionIndex="0" pointIndex="466" originalElevation="27.0" isOriginalElevationFromOSM="false"><ele>27.0</ele></trkpt>
<trkpt lat="37.806574" lon="126.862385" sectionIndex="0" pointIndex="467" originalElevation="27.0" isOriginalElevationFromOSM="false"><ele>27.0</ele></trkpt>
<trkpt lat="37.806617" lon="126.862404" sectionIndex="0" pointIndex="468" originalElevation="27.0" isOriginalElevationFromOSM="false"><ele>27.8</ele></trkpt>
<trkpt lat="37.806659" lon="126.862422" sectionIndex="0" pointIndex="469" originalElevation="27.0" isOriginalElevationFromOSM="false"><ele>28.6</ele></trkpt>
<trkpt lat="37.806702" lon="126.862440" sectionIndex="0" pointIndex="470" originalElevation="31.0" isOriginalElevationFromOSM="false"><ele>29.4</ele></trkpt>
<trkpt lat="37.806744" lon="126.862458" sectionIndex="0" pointIndex="471" originalElevation="31.0" isOriginalElevationFromOSM="false"><ele>30.2</ele></trkpt>
<trkpt lat="37.806787" lon="126.862477" sectionIndex="0" pointIndex="472" originalElevation="31.0" isOriginalElevationFromOSM="false"><ele>31.0</ele></trkpt>
<trkpt lat="37.806829" lon="126.862495" sectionIndex="0" pointIndex="473" originalElevation="31.0" isOriginalElevationFromOSM="false"><ele>30.8</ele></trkpt>
<trkpt lat="37.806837" lon="126.862498" sectionIndex="0" pointIndex="474" originalElevation="31.0" isOriginalElevationFromOSM="false"><ele>30.8</ele></trkpt>
<trkpt lat="37.807486" lon="126.862873" sectionIndex="0" pointIndex="475" originalElevation="30.0" isOriginalElevationFromOSM="false"><ele>30.9</ele></trkpt>
<trkpt lat="37.807590" lon="126.862960" sectionIndex="0" pointIndex="476" originalElevation="31.1" isOriginalElevationFromOSM="true"><ele>31.1</ele></trkpt>
<trkpt lat="37.807830" lon="126.863180" sectionIndex="0" pointIndex="477" originalElevation="31.6" isOriginalElevationFromOSM="true"><ele>31.5</ele></trkpt>
<trkpt lat="37.809200" lon="126.864810" sectionIndex="0" pointIndex="478" originalElevation="31.6" isOriginalElevationFromOSM="true"><ele>32.4</ele></trkpt>
<trkpt lat="37.809400" lon="126.864980" sectionIndex="0" pointIndex="479" originalElevation="33.4" isOriginalElevationFromOSM="true"><ele>33.1</ele></trkpt>
<trkpt lat="37.809450" lon="126.865000" sectionIndex="0" pointIndex="480" originalElevation="34.1" isOriginalElevationFromOSM="true"><ele>34.4</ele></trkpt>
<trkpt lat="37.809630" lon="126.865050" sectionIndex="0" pointIndex="481" originalElevation="34.9" isOriginalElevationFromOSM="true"><ele>36.3</ele></trkpt>
<trkpt lat="37.810160" lon="126.865160" sectionIndex="0" pointIndex="482" originalElevation="37.9" isOriginalElevationFromOSM="true"><ele>38.1</ele></trkpt>
<trkpt lat="37.810760" lon="126.865300" sectionIndex="0" pointIndex="483" originalElevation="41.1" isOriginalElevationFromOSM="true"><ele>40.1</ele></trkpt>
<trkpt lat="37.810970" lon="126.865390" sectionIndex="0" pointIndex="484" originalElevation="42.3" isOriginalElevationFromOSM="true"><ele>43.3</ele></trkpt>
<trkpt lat="37.811270" lon="126.865570" sectionIndex="0" pointIndex="485" originalElevation="44.2" isOriginalElevationFromOSM="true"><ele>46.7</ele></trkpt>
<trkpt lat="37.812530" lon="126.866600" sectionIndex="0" pointIndex="486" originalElevation="50.9" isOriginalElevationFromOSM="true"><ele>49.8</ele></trkpt>
<trkpt lat="37.813110" lon="126.867020" sectionIndex="0" pointIndex="487" originalElevation="55.0" isOriginalElevationFromOSM="true"><ele>53.3</ele></trkpt>
<trkpt lat="37.813380" lon="126.867130" sectionIndex="0" pointIndex="488" originalElevation="56.7" isOriginalElevationFromOSM="true"><ele>57.2</ele></trkpt>
<trkpt lat="37.813750" lon="126.867150" sectionIndex="0" pointIndex="489" originalElevation="59.6" isOriginalElevationFromOSM="true"><ele>60.9</ele></trkpt>
<trkpt lat="37.814230" lon="126.867120" sectionIndex="0" pointIndex="490" originalElevation="63.7" isOriginalElevationFromOSM="true"><ele>64.5</ele></trkpt>
<trkpt lat="37.814550" lon="126.867170" sectionIndex="0" pointIndex="491" originalElevation="69.3" isOriginalElevationFromOSM="true"><ele>69.1</ele></trkpt>
<trkpt lat="37.814810" lon="126.867260" sectionIndex="0" pointIndex="492" originalElevation="73.3" isOriginalElevationFromOSM="true"><ele>78.8</ele></trkpt>
<trkpt lat="37.815300" lon="126.867510" sectionIndex="0" pointIndex="493" originalElevation="79.8" isOriginalElevationFromOSM="true"><ele>87.3</ele></trkpt>
<trkpt lat="37.816650" lon="126.868170" sectionIndex="0" pointIndex="494" originalElevation="108.0" isOriginalElevationFromOSM="true"><ele>94.2</ele></trkpt>
<trkpt lat="37.816930" lon="126.868260" sectionIndex="0" pointIndex="495" originalElevation="106.4" isOriginalElevationFromOSM="true"><ele>99.2</ele></trkpt>
<trkpt lat="37.817410" lon="126.868460" sectionIndex="0" pointIndex="496" originalElevation="103.4" isOriginalElevationFromOSM="true"><ele>97.3</ele></trkpt>
<trkpt lat="37.817830" lon="126.868570" sectionIndex="0" pointIndex="497" originalElevation="98.6" isOriginalElevationFromOSM="true"><ele>89.5</ele></trkpt>
<trkpt lat="37.820030" lon="126.869990" sectionIndex="0" pointIndex="498" originalElevation="69.9" isOriginalElevationFromOSM="true"><ele>82.3</ele></trkpt>
<trkpt lat="37.820320" lon="126.870080" sectionIndex="0" pointIndex="499" originalElevation="69.4" isOriginalElevationFromOSM="true"><ele>75.7</ele></trkpt>
<trkpt lat="37.821280" lon="126.870120" sectionIndex="0" pointIndex="500" originalElevation="70.5" isOriginalElevationFromOSM="true"><ele>69.4</ele></trkpt>
<trkpt lat="37.821440" lon="126.870060" sectionIndex="0" pointIndex="501" originalElevation="70.3" isOriginalElevationFromOSM="true"><ele>68.3</ele></trkpt>
<trkpt lat="37.822020" lon="126.869610" sectionIndex="0" pointIndex="502" originalElevation="66.9" isOriginalElevationFromOSM="true"><ele>66.8</ele></trkpt>
<trkpt lat="37.822440" lon="126.869360" sectionIndex="0" pointIndex="503" originalElevation="64.2" isOriginalElevationFromOSM="true"><ele>64.7</ele></trkpt>
<trkpt lat="37.822740" lon="126.869230" sectionIndex="0" pointIndex="504" originalElevation="61.9" isOriginalElevationFromOSM="true"><ele>62.7</ele></trkpt>
<trkpt lat="37.822990" lon="126.869160" sectionIndex="0" pointIndex="505" originalElevation="60.4" isOriginalElevationFromOSM="true"><ele>61.3</ele></trkpt>
<trkpt lat="37.823170" lon="126.869140" sectionIndex="0" pointIndex="506" originalElevation="60.0" isOriginalElevationFromOSM="true"><ele>60.6</ele></trkpt>
<trkpt lat="37.823320" lon="126.869140" sectionIndex="0" pointIndex="507" originalElevation="59.8" isOriginalElevationFromOSM="true"><ele>60.2</ele></trkpt>
<trkpt lat="37.823790" lon="126.869200" sectionIndex="0" pointIndex="508" originalElevation="60.7" isOriginalElevationFromOSM="true"><ele>58.6</ele></trkpt>
<trkpt lat="37.824040" lon="126.869180" sectionIndex="0" pointIndex="509" originalElevation="60.3" isOriginalElevationFromOSM="true"><ele>56.3</ele></trkpt>
<trkpt lat="37.824970" lon="126.868920" sectionIndex="0" pointIndex="510" originalElevation="52.0" isOriginalElevationFromOSM="true"><ele>54.7</ele></trkpt>
<trkpt lat="37.825650" lon="126.868550" sectionIndex="0" pointIndex="511" originalElevation="48.9" isOriginalElevationFromOSM="true"><ele>53.1</ele></trkpt>
<trkpt lat="37.826670" lon="126.868140" sectionIndex="0" pointIndex="512" originalElevation="51.7" isOriginalElevationFromOSM="true"><ele>51.4</ele></trkpt>
<trkpt lat="37.827260" lon="126.867840" sectionIndex="0" pointIndex="513" originalElevation="52.8" isOriginalElevationFromOSM="true"><ele>50.7</ele></trkpt>
<trkpt lat="37.827660" lon="126.867750" sectionIndex="0" pointIndex="514" originalElevation="51.7" isOriginalElevationFromOSM="true"><ele>51.0</ele></trkpt>
<trkpt lat="37.828690" lon="126.867440" sectionIndex="0" pointIndex="515" originalElevation="48.4" isOriginalElevationFromOSM="true"><ele>50.7</ele></trkpt>
<trkpt lat="37.829540" lon="126.867220" sectionIndex="0" pointIndex="516" originalElevation="50.2" isOriginalElevationFromOSM="true"><ele>50.3</ele></trkpt>
<trkpt lat="37.829650" lon="126.867230" sectionIndex="0" pointIndex="517" originalElevation="50.5" isOriginalElevationFromOSM="true"><ele>50.4</ele></trkpt>
<trkpt lat="37.829880" lon="126.867410" sectionIndex="0" pointIndex="518" originalElevation="50.8" isOriginalElevationFromOSM="true"><ele>51.6</ele></trkpt>
<trkpt lat="37.830700" lon="126.868500" sectionIndex="0" pointIndex="519" originalElevation="52.1" isOriginalElevationFromOSM="true"><ele>52.6</ele></trkpt>
<trkpt lat="37.831660" lon="126.869560" sectionIndex="0" pointIndex="520" originalElevation="54.6" isOriginalElevationFromOSM="true"><ele>53.7</ele></trkpt>
<trkpt lat="37.832010" lon="126.869860" sectionIndex="0" pointIndex="521" originalElevation="55.0" isOriginalElevationFromOSM="true"><ele>54.7</ele></trkpt>
<trkpt lat="37.832127" lon="126.869936" sectionIndex="0" pointIndex="522" originalElevation="56.0" isOriginalElevationFromOSM="false"><ele>55.5</ele></trkpt>
<trkpt lat="37.832171" lon="126.869939" sectionIndex="0" pointIndex="523" originalElevation="56.0" isOriginalElevationFromOSM="false"><ele>55.8</ele></trkpt>
<trkpt lat="37.832216" lon="126.869942" sectionIndex="0" pointIndex="524" originalElevation="56.0" isOriginalElevationFromOSM="false"><ele>56.0</ele></trkpt>
<trkpt lat="37.832261" lon="126.869946" sectionIndex="0" pointIndex="525" originalElevation="56.0" isOriginalElevationFromOSM="false"><ele>56.0</ele></trkpt>
<trkpt lat="37.832306" lon="126.869949" sectionIndex="0" pointIndex="526" originalElevation="56.0" isOriginalElevationFromOSM="false"><ele>56.0</ele></trkpt>
<trkpt lat="37.832351" lon="126.869953" sectionIndex="0" pointIndex="527" originalElevation="56.0" isOriginalElevationFromOSM="false"><ele>56.0</ele></trkpt>
<trkpt lat="37.832396" lon="126.869956" sectionIndex="0" pointIndex="528" originalElevation="56.0" isOriginalElevationFromOSM="false"><ele>56.0</ele></trkpt>
<trkpt lat="37.832440" lon="126.869959" sectionIndex="0" pointIndex="529" originalElevation="56.0" isOriginalElevationFromOSM="false"><ele>57.4</ele></trkpt>
<trkpt lat="37.832485" lon="126.869963" sectionIndex="0" pointIndex="530" originalElevation="56.0" isOriginalElevationFromOSM="false"><ele>58.8</ele></trkpt>
<trkpt lat="37.832517" lon="126.869965" sectionIndex="0" pointIndex="531" originalElevation="63.0" isOriginalElevationFromOSM="false"><ele>60.2</ele></trkpt>
<trkpt lat="37.832561" lon="126.869974" sectionIndex="0" pointIndex="532" originalElevation="63.0" isOriginalElevationFromOSM="false"><ele>61.6</ele></trkpt>
<trkpt lat="37.832606" lon="126.869982" sectionIndex="0" pointIndex="533" originalElevation="63.0" isOriginalElevationFromOSM="false"><ele>63.0</ele></trkpt>
<trkpt lat="37.832650" lon="126.869990" sectionIndex="0" pointIndex="534" originalElevation="63.0" isOriginalElevationFromOSM="false"><ele>61.6</ele></trkpt>
<trkpt lat="37.832695" lon="126.869999" sectionIndex="0" pointIndex="535" originalElevation="63.0" isOriginalElevationFromOSM="false"><ele>60.2</ele></trkpt>
<trkpt lat="37.832739" lon="126.870007" sectionIndex="0" pointIndex="536" originalElevation="56.0" isOriginalElevationFromOSM="false"><ele>58.8</ele></trkpt>
<trkpt lat="37.832746" lon="126.870008" sectionIndex="0" pointIndex="537" originalElevation="56.0" isOriginalElevationFromOSM="false"><ele>57.4</ele></trkpt>
<trkpt lat="37.832784" lon="126.870038" sectionIndex="0" pointIndex="538" originalElevation="56.0" isOriginalElevationFromOSM="false"><ele>56.0</ele></trkpt>
<trkpt lat="37.832822" lon="126.870069" sectionIndex="0" pointIndex="539" originalElevation="56.0" isOriginalElevationFromOSM="false"><ele>56.0</ele></trkpt>
<trkpt lat="37.832860" lon="126.870099" sectionIndex="0" pointIndex="540" originalElevation="56.0" isOriginalElevationFromOSM="false"><ele>56.0</ele></trkpt>
<trkpt lat="37.832898" lon="126.870129" sectionIndex="0" pointIndex="541" originalElevation="56.0" isOriginalElevationFromOSM="false"><ele>56.0</ele></trkpt>
<trkpt lat="37.832936" lon="126.870159" sectionIndex="0" pointIndex="542" originalElevation="56.0" isOriginalElevationFromOSM="false"><ele>56.0</ele></trkpt>
<trkpt lat="37.832962" lon="126.870180" sectionIndex="0" pointIndex="543" originalElevation="56.0" isOriginalElevationFromOSM="false"><ele>56.0</ele></trkpt>
<trkpt lat="37.832949" lon="126.870234" sectionIndex="0" pointIndex="544" originalElevation="56.0" isOriginalElevationFromOSM="false"><ele>56.0</ele></trkpt>
<trkpt lat="37.832935" lon="126.870289" sectionIndex="0" pointIndex="545" originalElevation="56.0" isOriginalElevationFromOSM="false"><ele>56.0</ele></trkpt>
<trkpt lat="37.832922" lon="126.870343" sectionIndex="0" pointIndex="546" originalElevation="56.0" isOriginalElevationFromOSM="false"><ele>56.0</ele></trkpt>
<trkpt lat="37.832909" lon="126.870397" sectionIndex="0" pointIndex="547" originalElevation="56.0" isOriginalElevationFromOSM="false"><ele>56.0</ele></trkpt>
<trkpt lat="37.832896" lon="126.870452" sectionIndex="0" pointIndex="548" originalElevation="56.0" isOriginalElevationFromOSM="false"><ele>56.0</ele></trkpt>
<trkpt lat="37.832894" lon="126.870459" sectionIndex="0" pointIndex="549" originalElevation="56.0" isOriginalElevationFromOSM="false"><ele>56.0</ele></trkpt>
<trkpt lat="37.832920" lon="126.870505" sectionIndex="0" pointIndex="550" originalElevation="56.0" isOriginalElevationFromOSM="false"><ele>56.0</ele></trkpt>
<trkpt lat="37.832947" lon="126.870551" sectionIndex="0" pointIndex="551" originalElevation="56.0" isOriginalElevationFromOSM="false"><ele>56.0</ele></trkpt>
<trkpt lat="37.832973" lon="126.870597" sectionIndex="0" pointIndex="552" originalElevation="56.0" isOriginalElevationFromOSM="false"><ele>56.0</ele></trkpt>
<trkpt lat="37.833000" lon="126.870642" sectionIndex="0" pointIndex="553" originalElevation="56.0" isOriginalElevationFromOSM="false"><ele>56.0</ele></trkpt>
<trkpt lat="37.833026" lon="126.870688" sectionIndex="0" pointIndex="554" originalElevation="56.0" isOriginalElevationFromOSM="false"><ele>56.0</ele></trkpt>
<trkpt lat="37.833053" lon="126.870734" sectionIndex="0" pointIndex="555" originalElevation="56.0" isOriginalElevationFromOSM="false"><ele>56.0</ele></trkpt>
<trkpt lat="37.833055" lon="126.870738" sectionIndex="0" pointIndex="556" originalElevation="56.0" isOriginalElevationFromOSM="false"><ele>56.0</ele></trkpt>
<trkpt lat="37.833099" lon="126.870728" sectionIndex="0" pointIndex="557" originalElevation="56.0" isOriginalElevationFromOSM="false"><ele>56.0</ele></trkpt>
<trkpt lat="37.833143" lon="126.870718" sectionIndex="0" pointIndex="558" originalElevation="56.0" isOriginalElevationFromOSM="false"><ele>56.0</ele></trkpt>
<trkpt lat="37.833188" lon="126.870708" sectionIndex="0" pointIndex="559" originalElevation="56.0" isOriginalElevationFromOSM="false"><ele>56.0</ele></trkpt>
<trkpt lat="37.833232" lon="126.870698" sectionIndex="0" pointIndex="560" originalElevation="56.0" isOriginalElevationFromOSM="false"><ele>56.0</ele></trkpt>
<trkpt lat="37.833276" lon="126.870688" sectionIndex="0" pointIndex="561" originalElevation="56.0" isOriginalElevationFromOSM="false"><ele>57.2</ele></trkpt>
<trkpt lat="37.833320" lon="126.870678" sectionIndex="0" pointIndex="562" originalElevation="56.0" isOriginalElevationFromOSM="false"><ele>58.4</ele></trkpt>
<trkpt lat="37.833343" lon="126.870673" sectionIndex="0" pointIndex="563" originalElevation="62.0" isOriginalElevationFromOSM="false"><ele>59.6</ele></trkpt>
<trkpt lat="37.833362" lon="126.870622" sectionIndex="0" pointIndex="564" originalElevation="62.0" isOriginalElevationFromOSM="false"><ele>60.8</ele></trkpt>
<trkpt lat="37.833381" lon="126.870570" sectionIndex="0" pointIndex="565" originalElevation="62.0" isOriginalElevationFromOSM="false"><ele>62.0</ele></trkpt>
<trkpt lat="37.833400" lon="126.870519" sectionIndex="0" pointIndex="566" originalElevation="62.0" isOriginalElevationFromOSM="false"><ele>62.0</ele></trkpt>
<trkpt lat="37.833420" lon="126.870468" sectionIndex="0" pointIndex="567" originalElevation="62.0" isOriginalElevationFromOSM="false"><ele>62.0</ele></trkpt>
<trkpt lat="37.833439" lon="126.870416" sectionIndex="0" pointIndex="568" originalElevation="62.0" isOriginalElevationFromOSM="false"><ele>62.0</ele></trkpt>
<trkpt lat="37.833458" lon="126.870365" sectionIndex="0" pointIndex="569" originalElevation="62.0" isOriginalElevationFromOSM="false"><ele>62.0</ele></trkpt>
<trkpt lat="37.833477" lon="126.870313" sectionIndex="0" pointIndex="570" originalElevation="62.0" isOriginalElevationFromOSM="false"><ele>62.0</ele></trkpt>
<trkpt lat="37.833479" lon="126.870309" sectionIndex="0" pointIndex="571" originalElevation="62.0" isOriginalElevationFromOSM="false"><ele>62.0</ele></trkpt>
<trkpt lat="37.833521" lon="126.870289" sectionIndex="0" pointIndex="572" originalElevation="62.0" isOriginalElevationFromOSM="false"><ele>62.0</ele></trkpt>
<trkpt lat="37.833563" lon="126.870270" sectionIndex="0" pointIndex="573" originalElevation="62.0" isOriginalElevationFromOSM="false"><ele>62.0</ele></trkpt>
<trkpt lat="37.833605" lon="126.870251" sectionIndex="0" pointIndex="574" originalElevation="62.0" isOriginalElevationFromOSM="false"><ele>62.0</ele></trkpt>
<trkpt lat="37.833648" lon="126.870232" sectionIndex="0" pointIndex="575" originalElevation="62.0" isOriginalElevationFromOSM="false"><ele>62.0</ele></trkpt>
<trkpt lat="37.833690" lon="126.870213" sectionIndex="0" pointIndex="576" originalElevation="62.0" isOriginalElevationFromOSM="false"><ele>62.0</ele></trkpt>
<trkpt lat="37.833732" lon="126.870194" sectionIndex="0" pointIndex="577" originalElevation="62.0" isOriginalElevationFromOSM="false"><ele>62.0</ele></trkpt>
<trkpt lat="37.833775" lon="126.870174" sectionIndex="0" pointIndex="578" originalElevation="62.0" isOriginalElevationFromOSM="false"><ele>62.0</ele></trkpt>
<trkpt lat="37.833817" lon="126.870155" sectionIndex="0" pointIndex="579" originalElevation="62.0" isOriginalElevationFromOSM="false"><ele>62.0</ele></trkpt>
<trkpt lat="37.833859" lon="126.870136" sectionIndex="0" pointIndex="580" originalElevation="62.0" isOriginalElevationFromOSM="false"><ele>62.0</ele></trkpt>
<trkpt lat="37.833901" lon="126.870117" sectionIndex="0" pointIndex="581" originalElevation="62.0" isOriginalElevationFromOSM="false"><ele>62.0</ele></trkpt>
<trkpt lat="37.833944" lon="126.870098" sectionIndex="0" pointIndex="582" originalElevation="62.0" isOriginalElevationFromOSM="false"><ele>62.0</ele></trkpt>
<trkpt lat="37.833986" lon="126.870078" sectionIndex="0" pointIndex="583" originalElevation="62.0" isOriginalElevationFromOSM="false"><ele>62.0</ele></trkpt>
<trkpt lat="37.834028" lon="126.870059" sectionIndex="0" pointIndex="584" originalElevation="62.0" isOriginalElevationFromOSM="false"><ele>62.0</ele></trkpt>
<trkpt lat="37.834071" lon="126.870040" sectionIndex="0" pointIndex="585" originalElevation="62.0" isOriginalElevationFromOSM="false"><ele>62.0</ele></trkpt>
<trkpt lat="37.834113" lon="126.870021" sectionIndex="0" pointIndex="586" originalElevation="62.0" isOriginalElevationFromOSM="false"><ele>63.0</ele></trkpt>
<trkpt lat="37.834155" lon="126.870002" sectionIndex="0" pointIndex="587" originalElevation="62.0" isOriginalElevationFromOSM="false"><ele>64.0</ele></trkpt>
<trkpt lat="37.834197" lon="126.869983" sectionIndex="0" pointIndex="588" originalElevation="67.0" isOriginalElevationFromOSM="false"><ele>65.0</ele></trkpt>
<trkpt lat="37.834240" lon="126.869963" sectionIndex="0" pointIndex="589" originalElevation="67.0" isOriginalElevationFromOSM="false"><ele>66.0</ele></trkpt>
<trkpt lat="37.834282" lon="126.869944" sectionIndex="0" pointIndex="590" originalElevation="67.0" isOriginalElevationFromOSM="false"><ele>67.0</ele></trkpt>
<trkpt lat="37.834324" lon="126.869925" sectionIndex="0" pointIndex="591" originalElevation="67.0" isOriginalElevationFromOSM="false"><ele>67.0</ele></trkpt>
<trkpt lat="37.834367" lon="126.869906" sectionIndex="0" pointIndex="592" originalElevation="67.0" isOriginalElevationFromOSM="false"><ele>67.0</ele></trkpt>
<trkpt lat="37.834409" lon="126.869887" sectionIndex="0" pointIndex="593" originalElevation="67.0" isOriginalElevationFromOSM="false"><ele>67.0</ele></trkpt>
<trkpt lat="37.834451" lon="126.869867" sectionIndex="0" pointIndex="594" originalElevation="67.0" isOriginalElevationFromOSM="false"><ele>67.0</ele></trkpt>
<trkpt lat="37.834493" lon="126.869848" sectionIndex="0" pointIndex="595" originalElevation="67.0" isOriginalElevationFromOSM="false"><ele>67.0</ele></trkpt>
<trkpt lat="37.834536" lon="126.869829" sectionIndex="0" pointIndex="596" originalElevation="67.0" isOriginalElevationFromOSM="false"><ele>67.0</ele></trkpt>
<trkpt lat="37.834555" lon="126.869820" sectionIndex="0" pointIndex="597" originalElevation="67.0" isOriginalElevationFromOSM="false"><ele>66.4</ele></trkpt>
<trkpt lat="37.834927" lon="126.869351" sectionIndex="0" pointIndex="598" originalElevation="67.0" isOriginalElevationFromOSM="false"><ele>68.0</ele></trkpt>
<trkpt lat="37.835020" lon="126.869180" sectionIndex="0" pointIndex="599" originalElevation="64.0" isOriginalElevationFromOSM="true"><ele>70.9</ele></trkpt>
<trkpt lat="37.835320" lon="126.868320" sectionIndex="0" pointIndex="600" originalElevation="74.8" isOriginalElevationFromOSM="true"><ele>75.3</ele></trkpt>
<trkpt lat="37.835550" lon="126.867560" sectionIndex="0" pointIndex="601" originalElevation="81.8" isOriginalElevationFromOSM="true"><ele>79.8</ele></trkpt>
<trkpt lat="37.836000" lon="126.866080" sectionIndex="0" pointIndex="602" originalElevation="88.8" isOriginalElevationFromOSM="true"><ele>84.8</ele></trkpt>
<trkpt lat="37.836150" lon="126.865780" sectionIndex="0" pointIndex="603" originalElevation="89.5" isOriginalElevationFromOSM="true"><ele>87.1</ele></trkpt>
<trkpt lat="37.836270" lon="126.865590" sectionIndex="0" pointIndex="604" originalElevation="89.0" isOriginalElevationFromOSM="true"><ele>84.1</ele></trkpt>
<trkpt lat="37.836640" lon="126.865300" sectionIndex="0" pointIndex="605" originalElevation="86.5" isOriginalElevationFromOSM="true"><ele>79.3</ele></trkpt>
<trkpt lat="37.838190" lon="126.863960" sectionIndex="0" pointIndex="606" originalElevation="66.8" isOriginalElevationFromOSM="true"><ele>74.5</ele></trkpt>
<trkpt lat="37.838520" lon="126.863750" sectionIndex="0" pointIndex="607" originalElevation="64.6" isOriginalElevationFromOSM="true"><ele>70.1</ele></trkpt>
<trkpt lat="37.839150" lon="126.863460" sectionIndex="0" pointIndex="608" originalElevation="65.7" isOriginalElevationFromOSM="true"><ele>66.5</ele></trkpt>
<trkpt lat="37.839440" lon="126.863390" sectionIndex="0" pointIndex="609" originalElevation="67.1" isOriginalElevationFromOSM="true"><ele>64.3</ele></trkpt>
<trkpt lat="37.839910" lon="126.863480" sectionIndex="0" pointIndex="610" originalElevation="68.5" isOriginalElevationFromOSM="true"><ele>62.3</ele></trkpt>
<trkpt lat="37.841340" lon="126.864180" sectionIndex="0" pointIndex="611" originalElevation="55.5" isOriginalElevationFromOSM="true"><ele>59.6</ele></trkpt>
<trkpt lat="37.841520" lon="126.864190" sectionIndex="0" pointIndex="612" originalElevation="54.6" isOriginalElevationFromOSM="true"><ele>57.3</ele></trkpt>
<trkpt lat="37.842540" lon="126.863990" sectionIndex="0" pointIndex="613" originalElevation="52.5" isOriginalElevationFromOSM="true"><ele>54.8</ele></trkpt>
<trkpt lat="37.842880" lon="126.863830" sectionIndex="0" pointIndex="614" originalElevation="55.3" isOriginalElevationFromOSM="true"><ele>53.9</ele></trkpt>
<trkpt lat="37.843010" lon="126.863710" sectionIndex="0" pointIndex="615" originalElevation="55.9" isOriginalElevationFromOSM="true"><ele>52.6</ele></trkpt>
<trkpt lat="37.843360" lon="126.862880" sectionIndex="0" pointIndex="616" originalElevation="51.2" isOriginalElevationFromOSM="true"><ele>51.3</ele></trkpt>
<trkpt lat="37.843560" lon="126.862600" sectionIndex="0" pointIndex="617" originalElevation="48.3" isOriginalElevationFromOSM="true"><ele>50.0</ele></trkpt>
<trkpt lat="37.843840" lon="126.862300" sectionIndex="0" pointIndex="618" originalElevation="45.9" isOriginalElevationFromOSM="true"><ele>48.8</ele></trkpt>
<trkpt lat="37.844490" lon="126.862860" sectionIndex="0" pointIndex="619" originalElevation="48.8" isOriginalElevationFromOSM="true"><ele>48.7</ele></trkpt>
<trkpt lat="37.845030" lon="126.863160" sectionIndex="0" pointIndex="620" originalElevation="49.6" isOriginalElevationFromOSM="true"><ele>49.2</ele></trkpt>
<trkpt lat="37.845400" lon="126.863480" sectionIndex="0" pointIndex="621" originalElevation="50.8" isOriginalElevationFromOSM="true"><ele>49.8</ele></trkpt>
<trkpt lat="37.845620" lon="126.863790" sectionIndex="0" pointIndex="622" originalElevation="51.0" isOriginalElevationFromOSM="true"><ele>49.9</ele></trkpt>
<trkpt lat="37.846110" lon="126.864750" sectionIndex="0" pointIndex="623" originalElevation="49.0" isOriginalElevationFromOSM="true"><ele>49.4</ele></trkpt>
<trkpt lat="37.846390" lon="126.865370" sectionIndex="0" pointIndex="624" originalElevation="48.9" isOriginalElevationFromOSM="true"><ele>48.7</ele></trkpt>
<trkpt lat="37.846640" lon="126.866480" sectionIndex="0" pointIndex="625" originalElevation="47.4" isOriginalElevationFromOSM="true"><ele>48.1</ele></trkpt>
<trkpt lat="37.846750" lon="126.866940" sectionIndex="0" pointIndex="626" originalElevation="47.4" isOriginalElevationFromOSM="true"><ele>47.8</ele></trkpt>
<trkpt lat="37.846790" lon="126.867160" sectionIndex="0" pointIndex="627" originalElevation="47.8" isOriginalElevationFromOSM="true"><ele>47.5</ele></trkpt>
<trkpt lat="37.847100" lon="126.869350" sectionIndex="0" pointIndex="628" originalElevation="47.7" isOriginalElevationFromOSM="true"><ele>47.4</ele></trkpt>
<trkpt lat="37.847180" lon="126.869790" sectionIndex="0" pointIndex="629" originalElevation="47.0" isOriginalElevationFromOSM="true"><ele>47.4</ele></trkpt>
<trkpt lat="37.847320" lon="126.870040" sectionIndex="0" pointIndex="630" originalElevation="46.9" isOriginalElevationFromOSM="true"><ele>47.5</ele></trkpt>
<trkpt lat="37.847500" lon="126.870290" sectionIndex="0" pointIndex="631" originalElevation="47.4" isOriginalElevationFromOSM="true"><ele>48.6</ele></trkpt>
<trkpt lat="37.847860" lon="126.870600" sectionIndex="0" pointIndex="632" originalElevation="48.5" isOriginalElevationFromOSM="true"><ele>50.1</ele></trkpt>
<trkpt lat="37.849300" lon="126.873010" sectionIndex="0" pointIndex="633" originalElevation="53.2" isOriginalElevationFromOSM="true"><ele>51.5</ele></trkpt>
<trkpt lat="37.850000" lon="126.873680" sectionIndex="0" pointIndex="634" originalElevation="54.4" isOriginalElevationFromOSM="true"><ele>52.6</ele></trkpt>
<trkpt lat="37.850390" lon="126.874010" sectionIndex="0" pointIndex="635" originalElevation="53.9" isOriginalElevationFromOSM="true"><ele>53.6</ele></trkpt>
<trkpt lat="37.851050" lon="126.874480" sectionIndex="0" pointIndex="636" originalElevation="53.1" isOriginalElevationFromOSM="true"><ele>53.8</ele></trkpt>
<trkpt lat="37.851350" lon="126.874770" sectionIndex="0" pointIndex="637" originalElevation="53.5" isOriginalElevationFromOSM="true"><ele>53.8</ele></trkpt>
<trkpt lat="37.851630" lon="126.875090" sectionIndex="0" pointIndex="638" originalElevation="54.1" isOriginalElevationFromOSM="true"><ele>54.1</ele></trkpt>
<trkpt lat="37.852110" lon="126.875560" sectionIndex="0" pointIndex="639" originalElevation="54.5" isOriginalElevationFromOSM="true"><ele>54.8</ele></trkpt>
<trkpt lat="37.852460" lon="126.875870" sectionIndex="0" pointIndex="640" originalElevation="55.1" isOriginalElevationFromOSM="true"><ele>55.5</ele></trkpt>
<trkpt lat="37.852830" lon="126.876110" sectionIndex="0" pointIndex="641" originalElevation="56.7" isOriginalElevationFromOSM="true"><ele>56.3</ele></trkpt>
<trkpt lat="37.853020" lon="126.876170" sectionIndex="0" pointIndex="642" originalElevation="57.2" isOriginalElevationFromOSM="true"><ele>56.9</ele></trkpt>
<trkpt lat="37.853350" lon="126.876180" sectionIndex="0" pointIndex="643" originalElevation="57.8" isOriginalElevationFromOSM="true"><ele>57.6</ele></trkpt>
<trkpt lat="37.853540" lon="126.876230" sectionIndex="0" pointIndex="644" originalElevation="57.8" isOriginalElevationFromOSM="true"><ele>58.1</ele></trkpt>
<trkpt lat="37.854000" lon="126.876540" sectionIndex="0" pointIndex="645" originalElevation="58.6" isOriginalElevationFromOSM="true"><ele>58.8</ele></trkpt>
<trkpt lat="37.854270" lon="126.876780" sectionIndex="0" pointIndex="646" originalElevation="59.3" isOriginalElevationFromOSM="true"><ele>59.8</ele></trkpt>
<trkpt lat="37.854800" lon="126.877150" sectionIndex="0" pointIndex="647" originalElevation="60.4" isOriginalElevationFromOSM="true"><ele>61.1</ele></trkpt>
<trkpt lat="37.856840" lon="126.878650" sectionIndex="0" pointIndex="648" originalElevation="63.1" isOriginalElevationFromOSM="true"><ele>62.2</ele></trkpt>
<trkpt lat="37.857700" lon="126.879230" sectionIndex="0" pointIndex="649" originalElevation="64.1" isOriginalElevationFromOSM="true"><ele>63.3</ele></trkpt>
<trkpt lat="37.857850" lon="126.879430" sectionIndex="0" pointIndex="650" originalElevation="64.3" isOriginalElevationFromOSM="true"><ele>64.2</ele></trkpt>
<trkpt lat="37.857970" lon="126.879740" sectionIndex="0" pointIndex="651" originalElevation="64.7" isOriginalElevationFromOSM="true"><ele>64.7</ele></trkpt>
<trkpt lat="37.858040" lon="126.880000" sectionIndex="0" pointIndex="652" originalElevation="65.0" isOriginalElevationFromOSM="true"><ele>65.0</ele></trkpt>
<trkpt lat="37.858120" lon="126.880140" sectionIndex="0" pointIndex="653" originalElevation="65.5" isOriginalElevationFromOSM="true"><ele>65.3</ele></trkpt>
<trkpt lat="37.858260" lon="126.880240" sectionIndex="0" pointIndex="654" originalElevation="65.7" isOriginalElevationFromOSM="true"><ele>66.2</ele></trkpt>
<trkpt lat="37.858400" lon="126.880280" sectionIndex="0" pointIndex="655" originalElevation="65.9" isOriginalElevationFromOSM="true"><ele>67.0</ele></trkpt>
<trkpt lat="37.859240" lon="126.880300" sectionIndex="0" pointIndex="656" originalElevation="69.0" isOriginalElevationFromOSM="true"><ele>67.7</ele></trkpt>
<trkpt lat="37.859730" lon="126.880360" sectionIndex="0" pointIndex="657" originalElevation="68.9" isOriginalElevationFromOSM="true"><ele>68.3</ele></trkpt>
<trkpt lat="37.860190" lon="126.880520" sectionIndex="0" pointIndex="658" originalElevation="69.1" isOriginalElevationFromOSM="true"><ele>68.6</ele></trkpt>
<trkpt lat="37.860550" lon="126.880600" sectionIndex="0" pointIndex="659" originalElevation="68.4" isOriginalElevationFromOSM="true"><ele>68.6</ele></trkpt>
<trkpt lat="37.860970" lon="126.880620" sectionIndex="0" pointIndex="660" originalElevation="67.7" isOriginalElevationFromOSM="true"><ele>68.8</ele></trkpt>
<trkpt lat="37.862170" lon="126.880530" sectionIndex="0" pointIndex="661" originalElevation="69.0" isOriginalElevationFromOSM="true"><ele>69.2</ele></trkpt>
<trkpt lat="37.862470" lon="126.880530" sectionIndex="0" pointIndex="662" originalElevation="69.9" isOriginalElevationFromOSM="true"><ele>69.8</ele></trkpt>
<trkpt lat="37.862680" lon="126.880650" sectionIndex="0" pointIndex="663" originalElevation="70.9" isOriginalElevationFromOSM="true"><ele>72.2</ele></trkpt>
<trkpt lat="37.862840" lon="126.880810" sectionIndex="0" pointIndex="664" originalElevation="71.6" isOriginalElevationFromOSM="true"><ele>75.2</ele></trkpt>
<trkpt lat="37.863580" lon="126.882120" sectionIndex="0" pointIndex="665" originalElevation="79.4" isOriginalElevationFromOSM="true"><ele>78.0</ele></trkpt>
<trkpt lat="37.863990" lon="126.882800" sectionIndex="0" pointIndex="666" originalElevation="84.2" isOriginalElevationFromOSM="true"><ele>81.0</ele></trkpt>
<trkpt lat="37.864130" lon="126.882980" sectionIndex="0" pointIndex="667" originalElevation="84.0" isOriginalElevationFromOSM="true"><ele>84.2</ele></trkpt>
<trkpt lat="37.864350" lon="126.883180" sectionIndex="0" pointIndex="668" originalElevation="85.6" isOriginalElevationFromOSM="true"><ele>86.3</ele></trkpt>
<trkpt lat="37.864710" lon="126.883350" sectionIndex="0" pointIndex="669" originalElevation="87.8" isOriginalElevationFromOSM="true"><ele>87.8</ele></trkpt>
<trkpt lat="37.865040" lon="126.883430" sectionIndex="0" pointIndex="670" originalElevation="90.2" isOriginalElevationFromOSM="true"><ele>89.5</ele></trkpt>
<trkpt lat="37.865390" lon="126.883480" sectionIndex="0" pointIndex="671" originalElevation="91.3" isOriginalElevationFromOSM="true"><ele>91.0</ele></trkpt>
<trkpt lat="37.865670" lon="126.883490" sectionIndex="0" pointIndex="672" originalElevation="92.5" isOriginalElevationFromOSM="true"><ele>92.2</ele></trkpt>
<trkpt lat="37.865980" lon="126.883420" sectionIndex="0" pointIndex="673" originalElevation="93.2" isOriginalElevationFromOSM="true"><ele>93.0</ele></trkpt>
<trkpt lat="37.867170" lon="126.883090" sectionIndex="0" pointIndex="674" originalElevation="94.0" isOriginalElevationFromOSM="true"><ele>94.0</ele></trkpt>
<trkpt lat="37.867560" lon="126.882990" sectionIndex="0" pointIndex="675" originalElevation="94.0" isOriginalElevationFromOSM="true"><ele>95.3</ele></trkpt>
<trkpt lat="37.868050" lon="126.882910" sectionIndex="0" pointIndex="676" originalElevation="96.6" isOriginalElevationFromOSM="true"><ele>96.3</ele></trkpt>
<trkpt lat="37.868860" lon="126.882880" sectionIndex="0" pointIndex="677" originalElevation="99.0" isOriginalElevationFromOSM="true"><ele>96.8</ele></trkpt>
<trkpt lat="37.869340" lon="126.882960" sectionIndex="0" pointIndex="678" originalElevation="97.9" isOriginalElevationFromOSM="true"><ele>98.2</ele></trkpt>
<trkpt lat="37.869750" lon="126.883100" sectionIndex="0" pointIndex="679" originalElevation="96.3" isOriginalElevationFromOSM="true"><ele>99.7</ele></trkpt>
<trkpt lat="37.870480" lon="126.883420" sectionIndex="0" pointIndex="680" originalElevation="101.1" isOriginalElevationFromOSM="true"><ele>101.5</ele></trkpt>
<trkpt lat="37.870810" lon="126.883440" sectionIndex="0" pointIndex="681" originalElevation="104.3" isOriginalElevationFromOSM="true"><ele>104.5</ele></trkpt>
<trkpt lat="37.871110" lon="126.883400" sectionIndex="0" pointIndex="682" originalElevation="108.1" isOriginalElevationFromOSM="true"><ele>108.5</ele></trkpt>
<trkpt lat="37.871480" lon="126.883280" sectionIndex="0" pointIndex="683" originalElevation="112.8" isOriginalElevationFromOSM="true"><ele>112.7</ele></trkpt>
<trkpt lat="37.871810" lon="126.883190" sectionIndex="0" pointIndex="684" originalElevation="116.5" isOriginalElevationFromOSM="true"><ele>119.3</ele></trkpt>
<trkpt lat="37.872450" lon="126.883100" sectionIndex="0" pointIndex="685" originalElevation="122.0" isOriginalElevationFromOSM="true"><ele>123.4</ele></trkpt>
<trkpt lat="37.873870" lon="126.883110" sectionIndex="0" pointIndex="686" originalElevation="136.9" isOriginalElevationFromOSM="true"><ele>124.2</ele></trkpt>
<trkpt lat="37.874960" lon="126.883080" sectionIndex="0" pointIndex="687" originalElevation="128.6" isOriginalElevationFromOSM="true"><ele>120.7</ele></trkpt>
<trkpt lat="37.875700" lon="126.882920" sectionIndex="0" pointIndex="688" originalElevation="117.2" isOriginalElevationFromOSM="true"><ele>115.4</ele></trkpt>
<trkpt lat="37.877310" lon="126.882470" sectionIndex="0" pointIndex="689" originalElevation="98.9" isOriginalElevationFromOSM="true"><ele>105.9</ele></trkpt>
<trkpt lat="37.879280" lon="126.881940" sectionIndex="0" pointIndex="690" originalElevation="95.5" isOriginalElevationFromOSM="true"><ele>97.8</ele></trkpt>
<trkpt lat="37.880430" lon="126.881590" sectionIndex="0" pointIndex="691" originalElevation="89.5" isOriginalElevationFromOSM="true"><ele>92.0</ele></trkpt>
<trkpt lat="37.881090" lon="126.881350" sectionIndex="0" pointIndex="692" originalElevation="87.8" isOriginalElevationFromOSM="true"><ele>88.9</ele></trkpt>
<trkpt lat="37.881600" lon="126.881090" sectionIndex="0" pointIndex="693" originalElevation="88.1" isOriginalElevationFromOSM="true"><ele>86.4</ele></trkpt>
<trkpt lat="37.882230" lon="126.880800" sectionIndex="0" pointIndex="694" originalElevation="83.6" isOriginalElevationFromOSM="true"><ele>84.8</ele></trkpt>
<trkpt lat="37.882450" lon="126.880650" sectionIndex="0" pointIndex="695" originalElevation="82.9" isOriginalElevationFromOSM="true"><ele>83.1</ele></trkpt>
<trkpt lat="37.882680" lon="126.880390" sectionIndex="0" pointIndex="696" originalElevation="81.8" isOriginalElevationFromOSM="true"><ele>81.1</ele></trkpt>
<trkpt lat="37.883230" lon="126.879480" sectionIndex="0" pointIndex="697" originalElevation="79.2" isOriginalElevationFromOSM="true"><ele>79.8</ele></trkpt>
<trkpt lat="37.883570" lon="126.879040" sectionIndex="0" pointIndex="698" originalElevation="78.2" isOriginalElevationFromOSM="true"><ele>78.5</ele></trkpt>
<trkpt lat="37.883840" lon="126.878820" sectionIndex="0" pointIndex="699" originalElevation="77.2" isOriginalElevationFromOSM="true"><ele>77.1</ele></trkpt>
<trkpt lat="37.884150" lon="126.878580" sectionIndex="0" pointIndex="700" originalElevation="76.3" isOriginalElevationFromOSM="true"><ele>75.8</ele></trkpt>
<trkpt lat="37.884650" lon="126.878250" sectionIndex="0" pointIndex="701" originalElevation="74.7" isOriginalElevationFromOSM="true"><ele>74.4</ele></trkpt>
<trkpt lat="37.885440" lon="126.877960" sectionIndex="0" pointIndex="702" originalElevation="72.7" isOriginalElevationFromOSM="true"><ele>73.1</ele></trkpt>
<trkpt lat="37.886430" lon="126.877640" sectionIndex="0" pointIndex="703" originalElevation="71.2" isOriginalElevationFromOSM="true"><ele>71.8</ele></trkpt>
<trkpt lat="37.886740" lon="126.877660" sectionIndex="0" pointIndex="704" originalElevation="70.7" isOriginalElevationFromOSM="true"><ele>70.9</ele></trkpt>
<trkpt lat="37.887490" lon="126.878040" sectionIndex="0" pointIndex="705" originalElevation="69.7" isOriginalElevationFromOSM="true"><ele>70.5</ele></trkpt>
<trkpt lat="37.887900" lon="126.878190" sectionIndex="0" pointIndex="706" originalElevation="70.2" isOriginalElevationFromOSM="true"><ele>70.4</ele></trkpt>
<trkpt lat="37.888210" lon="126.878250" sectionIndex="0" pointIndex="707" originalElevation="70.7" isOriginalElevationFromOSM="true"><ele>70.4</ele></trkpt>
<trkpt lat="37.888410" lon="126.878240" sectionIndex="0" pointIndex="708" originalElevation="70.8" isOriginalElevationFromOSM="true"><ele>70.5</ele></trkpt>
<trkpt lat="37.888910" lon="126.878080" sectionIndex="0" pointIndex="709" originalElevation="70.5" isOriginalElevationFromOSM="true"><ele>70.3</ele></trkpt>
<trkpt lat="37.889160" lon="126.878020" sectionIndex="0" pointIndex="710" originalElevation="70.2" isOriginalElevationFromOSM="true"><ele>69.8</ele></trkpt>
<trkpt lat="37.889490" lon="126.878090" sectionIndex="0" pointIndex="711" originalElevation="69.2" isOriginalElevationFromOSM="true"><ele>69.0</ele></trkpt>
<trkpt lat="37.889790" lon="126.878210" sectionIndex="0" pointIndex="712" originalElevation="68.1" isOriginalElevationFromOSM="true"><ele>68.6</ele></trkpt>
<trkpt lat="37.890020" lon="126.878350" sectionIndex="0" pointIndex="713" originalElevation="67.2" isOriginalElevationFromOSM="true"><ele>68.8</ele></trkpt>
<trkpt lat="37.890170" lon="126.878420" sectionIndex="0" pointIndex="714" originalElevation="68.3" isOriginalElevationFromOSM="true"><ele>69.5</ele></trkpt>
<trkpt lat="37.890830" lon="126.878570" sectionIndex="0" pointIndex="715" originalElevation="71.2" isOriginalElevationFromOSM="true"><ele>70.7</ele></trkpt>
<trkpt lat="37.890920" lon="126.878610" sectionIndex="0" pointIndex="716" originalElevation="72.7" isOriginalElevationFromOSM="true"><ele>72.3</ele></trkpt>
<trkpt lat="37.891020" lon="126.878690" sectionIndex="0" pointIndex="717" originalElevation="74.0" isOriginalElevationFromOSM="true"><ele>74.0</ele></trkpt>
<trkpt lat="37.891160" lon="126.878870" sectionIndex="0" pointIndex="718" originalElevation="75.3" isOriginalElevationFromOSM="true"><ele>75.5</ele></trkpt>
<trkpt lat="37.891410" lon="126.879220" sectionIndex="0" pointIndex="719" originalElevation="76.8" isOriginalElevationFromOSM="true"><ele>77.2</ele></trkpt>
<trkpt lat="37.891540" lon="126.879370" sectionIndex="0" pointIndex="720" originalElevation="78.9" isOriginalElevationFromOSM="true"><ele>78.6</ele></trkpt>
<trkpt lat="37.891680" lon="126.879490" sectionIndex="0" pointIndex="721" originalElevation="80.8" isOriginalElevationFromOSM="true"><ele>80.0</ele></trkpt>
<trkpt lat="37.891820" lon="126.879560" sectionIndex="0" pointIndex="722" originalElevation="81.4" isOriginalElevationFromOSM="true"><ele>81.4</ele></trkpt>
<trkpt lat="37.892010" lon="126.879620" sectionIndex="0" pointIndex="723" originalElevation="82.3" isOriginalElevationFromOSM="true"><ele>82.5</ele></trkpt>
<trkpt lat="37.892290" lon="126.879670" sectionIndex="0" pointIndex="724" originalElevation="83.5" isOriginalElevationFromOSM="true"><ele>83.3</ele></trkpt>
<trkpt lat="37.892470" lon="126.879740" sectionIndex="0" pointIndex="725" originalElevation="84.7" isOriginalElevationFromOSM="true"><ele>84.1</ele></trkpt>
<trkpt lat="37.892560" lon="126.879810" sectionIndex="0" pointIndex="726" originalElevation="84.9" isOriginalElevationFromOSM="true"><ele>85.2</ele></trkpt>
<trkpt lat="37.892650" lon="126.879950" sectionIndex="0" pointIndex="727" originalElevation="85.3" isOriginalElevationFromOSM="true"><ele>87.7</ele></trkpt>
<trkpt lat="37.893020" lon="126.880300" sectionIndex="0" pointIndex="728" originalElevation="87.6" isOriginalElevationFromOSM="true"><ele>90.5</ele></trkpt>
<trkpt lat="37.894780" lon="126.881840" sectionIndex="0" pointIndex="729" originalElevation="95.8" isOriginalElevationFromOSM="true"><ele>94.1</ele></trkpt>
<trkpt lat="37.895290" lon="126.882200" sectionIndex="0" pointIndex="730" originalElevation="99.1" isOriginalElevationFromOSM="true"><ele>98.4</ele></trkpt>
<trkpt lat="37.896070" lon="126.882670" sectionIndex="0" pointIndex="731" originalElevation="102.7" isOriginalElevationFromOSM="true"><ele>102.7</ele></trkpt>
<trkpt lat="37.896770" lon="126.883020" sectionIndex="0" pointIndex="732" originalElevation="106.7" isOriginalElevationFromOSM="true"><ele>107.9</ele></trkpt>
<trkpt lat="37.897420" lon="126.883400" sectionIndex="0" pointIndex="733" originalElevation="109.1" isOriginalElevationFromOSM="true"><ele>112.6</ele></trkpt>
<trkpt lat="37.898780" lon="126.884240" sectionIndex="0" pointIndex="734" originalElevation="121.9" isOriginalElevationFromOSM="true"><ele>116.6</ele></trkpt>
<trkpt lat="37.898930" lon="126.884290" sectionIndex="0" pointIndex="735" originalElevation="122.7" isOriginalElevationFromOSM="true"><ele>120.3</ele></trkpt>
<trkpt lat="37.899020" lon="126.884290" sectionIndex="0" pointIndex="736" originalElevation="122.6" isOriginalElevationFromOSM="true"><ele>125.0</ele></trkpt>
<trkpt lat="37.899630" lon="126.884150" sectionIndex="0" pointIndex="737" originalElevation="125.5" isOriginalElevationFromOSM="true"><ele>127.8</ele></trkpt>
<trkpt lat="37.900350" lon="126.883900" sectionIndex="0" pointIndex="738" originalElevation="132.5" isOriginalElevationFromOSM="true"><ele>131.2</ele></trkpt>
<trkpt lat="37.900580" lon="126.883860" sectionIndex="0" pointIndex="739" originalElevation="135.5" isOriginalElevationFromOSM="true"><ele>135.1</ele></trkpt>
<trkpt lat="37.900900" lon="126.883860" sectionIndex="0" pointIndex="740" originalElevation="140.0" isOriginalElevationFromOSM="true"><ele>139.7</ele></trkpt>
<trkpt lat="37.901040" lon="126.883880" sectionIndex="0" pointIndex="741" originalElevation="141.8" isOriginalElevationFromOSM="true"><ele>142.6</ele></trkpt>
<trkpt lat="37.901640" lon="126.884450" sectionIndex="0" pointIndex="742" originalElevation="148.7" isOriginalElevationFromOSM="true"><ele>144.2</ele></trkpt>
<trkpt lat="37.901850" lon="126.884600" sectionIndex="0" pointIndex="743" originalElevation="147.1" isOriginalElevationFromOSM="true"><ele>143.7</ele></trkpt>
<trkpt lat="37.902150" lon="126.884690" sectionIndex="0" pointIndex="744" originalElevation="143.4" isOriginalElevationFromOSM="true"><ele>142.6</ele></trkpt>
<trkpt lat="37.902450" lon="126.884820" sectionIndex="0" pointIndex="745" originalElevation="137.7" isOriginalElevationFromOSM="true"><ele>138.8</ele></trkpt>
<trkpt lat="37.902600" lon="126.884960" sectionIndex="0" pointIndex="746" originalElevation="136.1" isOriginalElevationFromOSM="true"><ele>134.4</ele></trkpt>
<trkpt lat="37.902860" lon="126.885630" sectionIndex="0" pointIndex="747" originalElevation="129.5" isOriginalElevationFromOSM="true"><ele>130.1</ele></trkpt>
<trkpt lat="37.902980" lon="126.886000" sectionIndex="0" pointIndex="748" originalElevation="125.5" isOriginalElevationFromOSM="true"><ele>126.3</ele></trkpt>
<trkpt lat="37.903130" lon="126.886390" sectionIndex="0" pointIndex="749" originalElevation="121.5" isOriginalElevationFromOSM="true"><ele>122.4</ele></trkpt>
<trkpt lat="37.903150" lon="126.886550" sectionIndex="0" pointIndex="750" originalElevation="119.1" isOriginalElevationFromOSM="true"><ele>119.6</ele></trkpt>
<trkpt lat="37.903130" lon="126.886850" sectionIndex="0" pointIndex="751" originalElevation="116.5" isOriginalElevationFromOSM="true"><ele>116.7</ele></trkpt>
<trkpt lat="37.903080" lon="126.887050" sectionIndex="0" pointIndex="752" originalElevation="115.3" isOriginalElevationFromOSM="true"><ele>113.8</ele></trkpt>
<trkpt lat="37.902900" lon="126.887530" sectionIndex="0" pointIndex="753" originalElevation="111.1" isOriginalElevationFromOSM="true"><ele>110.9</ele></trkpt>
<trkpt lat="37.902750" lon="126.888030" sectionIndex="0" pointIndex="754" originalElevation="106.8" isOriginalElevationFromOSM="true"><ele>108.4</ele></trkpt>
<trkpt lat="37.902730" lon="126.888330" sectionIndex="0" pointIndex="755" originalElevation="105.0" isOriginalElevationFromOSM="true"><ele>105.7</ele></trkpt>
<trkpt lat="37.902810" lon="126.888600" sectionIndex="0" pointIndex="756" originalElevation="104.0" isOriginalElevationFromOSM="true"><ele>103.0</ele></trkpt>
<trkpt lat="37.903260" lon="126.889300" sectionIndex="0" pointIndex="757" originalElevation="101.8" isOriginalElevationFromOSM="true"><ele>101.1</ele></trkpt>
<trkpt lat="37.903570" lon="126.890040" sectionIndex="0" pointIndex="758" originalElevation="97.4" isOriginalElevationFromOSM="true"><ele>99.5</ele></trkpt>
<trkpt lat="37.903670" lon="126.890210" sectionIndex="0" pointIndex="759" originalElevation="97.2" isOriginalElevationFromOSM="true"><ele>98.2</ele></trkpt>
<trkpt lat="37.903910" lon="126.890410" sectionIndex="0" pointIndex="760" originalElevation="97.1" isOriginalElevationFromOSM="true"><ele>97.7</ele></trkpt>
<trkpt lat="37.904180" lon="126.890470" sectionIndex="0" pointIndex="761" originalElevation="97.4" isOriginalElevationFromOSM="true"><ele>98.3</ele></trkpt>
<trkpt lat="37.904660" lon="126.890480" sectionIndex="0" pointIndex="762" originalElevation="99.3" isOriginalElevationFromOSM="true"><ele>99.0</ele></trkpt>
<trkpt lat="37.905050" lon="126.890520" sectionIndex="0" pointIndex="763" originalElevation="100.6" isOriginalElevationFromOSM="true"><ele>99.9</ele></trkpt>
<trkpt lat="37.905340" lon="126.890570" sectionIndex="0" pointIndex="764" originalElevation="100.9" isOriginalElevationFromOSM="true"><ele>100.4</ele></trkpt>
<trkpt lat="37.905820" lon="126.890700" sectionIndex="0" pointIndex="765" originalElevation="101.4" isOriginalElevationFromOSM="true"><ele>100.3</ele></trkpt>
<trkpt lat="37.906170" lon="126.890760" sectionIndex="0" pointIndex="766" originalElevation="99.7" isOriginalElevationFromOSM="true"><ele>100.0</ele></trkpt>
<trkpt lat="37.906310" lon="126.890730" sectionIndex="0" pointIndex="767" originalElevation="99.2" isOriginalElevationFromOSM="true"><ele>99.4</ele></trkpt>
<trkpt lat="37.906570" lon="126.890620" sectionIndex="0" pointIndex="768" originalElevation="98.6" isOriginalElevationFromOSM="true"><ele>98.6</ele></trkpt>
<trkpt lat="37.906810" lon="126.890580" sectionIndex="0" pointIndex="769" originalElevation="98.1" isOriginalElevationFromOSM="true"><ele>97.6</ele></trkpt>
<trkpt lat="37.906950" lon="126.890610" sectionIndex="0" pointIndex="770" originalElevation="97.6" isOriginalElevationFromOSM="true"><ele>96.5</ele></trkpt>
<trkpt lat="37.907350" lon="126.890940" sectionIndex="0" pointIndex="771" originalElevation="94.7" isOriginalElevationFromOSM="true"><ele>95.3</ele></trkpt>
<trkpt lat="37.907560" lon="126.891090" sectionIndex="0" pointIndex="772" originalElevation="93.5" isOriginalElevationFromOSM="true"><ele>93.4</ele></trkpt>
<trkpt lat="37.907830" lon="126.891320" sectionIndex="0" pointIndex="773" originalElevation="92.4" isOriginalElevationFromOSM="true"><ele>91.1</ele></trkpt>
<trkpt lat="37.908710" lon="126.891930" sectionIndex="0" pointIndex="774" originalElevation="89.0" isOriginalElevationFromOSM="true"><ele>89.0</ele></trkpt>
<trkpt lat="37.909000" lon="126.892290" sectionIndex="0" pointIndex="775" originalElevation="86.1" isOriginalElevationFromOSM="true"><ele>86.1</ele></trkpt>
<trkpt lat="37.909170" lon="126.892460" sectionIndex="0" pointIndex="776" originalElevation="84.2" isOriginalElevationFromOSM="true"><ele>82.6</ele></trkpt>
<trkpt lat="37.909610" lon="126.893070" sectionIndex="0" pointIndex="777" originalElevation="79.0" isOriginalElevationFromOSM="true"><ele>79.4</ele></trkpt>
<trkpt lat="37.909810" lon="126.893500" sectionIndex="0" pointIndex="778" originalElevation="74.7" isOriginalElevationFromOSM="true"><ele>76.3</ele></trkpt>
<trkpt lat="37.909930" lon="126.893690" sectionIndex="0" pointIndex="779" originalElevation="72.8" isOriginalElevationFromOSM="true"><ele>73.3</ele></trkpt>
<trkpt lat="37.910010" lon="126.893830" sectionIndex="0" pointIndex="780" originalElevation="71.0" isOriginalElevationFromOSM="true"><ele>71.2</ele></trkpt>
<trkpt lat="37.910280" lon="126.894050" sectionIndex="0" pointIndex="781" originalElevation="69.2" isOriginalElevationFromOSM="true"><ele>69.8</ele></trkpt>
<trkpt lat="37.910570" lon="126.894210" sectionIndex="0" pointIndex="782" originalElevation="68.2" isOriginalElevationFromOSM="true"><ele>68.8</ele></trkpt>
<trkpt lat="37.910890" lon="126.894330" sectionIndex="0" pointIndex="783" originalElevation="67.8" isOriginalElevationFromOSM="true"><ele>68.0</ele></trkpt>
<trkpt lat="37.911150" lon="126.894350" sectionIndex="0" pointIndex="784" originalElevation="67.7" isOriginalElevationFromOSM="true"><ele>67.5</ele></trkpt>
<trkpt lat="37.911620" lon="126.894450" sectionIndex="0" pointIndex="785" originalElevation="67.3" isOriginalElevationFromOSM="true"><ele>66.9</ele></trkpt>
<trkpt lat="37.912440" lon="126.894670" sectionIndex="0" pointIndex="786" originalElevation="66.6" isOriginalElevationFromOSM="true"><ele>66.2</ele></trkpt>
<trkpt lat="37.912930" lon="126.894850" sectionIndex="0" pointIndex="787" originalElevation="65.3" isOriginalElevationFromOSM="true"><ele>65.6</ele></trkpt>
<trkpt lat="37.913280" lon="126.895020" sectionIndex="0" pointIndex="788" originalElevation="64.0" isOriginalElevationFromOSM="true"><ele>65.3</ele></trkpt>
<trkpt lat="37.913700" lon="126.895120" sectionIndex="0" pointIndex="789" originalElevation="64.9" isOriginalElevationFromOSM="true"><ele>64.8</ele></trkpt>
<trkpt lat="37.913970" lon="126.895150" sectionIndex="0" pointIndex="790" originalElevation="65.7" isOriginalElevationFromOSM="true"><ele>64.6</ele></trkpt>
<trkpt lat="37.915040" lon="126.895450" sectionIndex="0" pointIndex="791" originalElevation="64.3" isOriginalElevationFromOSM="true"><ele>64.7</ele></trkpt>
<trkpt lat="37.915320" lon="126.895490" sectionIndex="0" pointIndex="792" originalElevation="64.2" isOriginalElevationFromOSM="true"><ele>64.7</ele></trkpt>
<trkpt lat="37.915760" lon="126.895480" sectionIndex="0" pointIndex="793" originalElevation="64.3" isOriginalElevationFromOSM="true"><ele>64.5</ele></trkpt>
<trkpt lat="37.916070" lon="126.895430" sectionIndex="0" pointIndex="794" originalElevation="64.9" isOriginalElevationFromOSM="true"><ele>64.6</ele></trkpt>
<trkpt lat="37.916480" lon="126.895540" sectionIndex="0" pointIndex="795" originalElevation="64.6" isOriginalElevationFromOSM="true"><ele>65.1</ele></trkpt>
<trkpt lat="37.917000" lon="126.895850" sectionIndex="0" pointIndex="796" originalElevation="64.9" isOriginalElevationFromOSM="true"><ele>65.5</ele></trkpt>
<trkpt lat="37.917260" lon="126.895920" sectionIndex="0" pointIndex="797" originalElevation="66.9" isOriginalElevationFromOSM="true"><ele>65.2</ele></trkpt>
<trkpt lat="37.918140" lon="126.896020" sectionIndex="0" pointIndex="798" originalElevation="66.0" isOriginalElevationFromOSM="true"><ele>64.1</ele></trkpt>
<trkpt lat="37.918410" lon="126.896130" sectionIndex="0" pointIndex="799" originalElevation="63.7" isOriginalElevationFromOSM="true"><ele>62.7</ele></trkpt>
<trkpt lat="37.918950" lon="126.896420" sectionIndex="0" pointIndex="800" originalElevation="58.8" isOriginalElevationFromOSM="true"><ele>61.1</ele></trkpt>
<trkpt lat="37.920480" lon="126.896750" sectionIndex="0" pointIndex="801" originalElevation="58.3" isOriginalElevationFromOSM="true"><ele>59.7</ele></trkpt>
<trkpt lat="37.920950" lon="126.896880" sectionIndex="0" pointIndex="802" originalElevation="58.6" isOriginalElevationFromOSM="true"><ele>58.6</ele></trkpt>
<trkpt lat="37.921330" lon="126.897070" sectionIndex="0" pointIndex="803" originalElevation="59.1" isOriginalElevationFromOSM="true"><ele>58.3</ele></trkpt>
<trkpt lat="37.921710" lon="126.897380" sectionIndex="0" pointIndex="804" originalElevation="58.2" isOriginalElevationFromOSM="true"><ele>57.7</ele></trkpt>
<trkpt lat="37.922250" lon="126.897860" sectionIndex="0" pointIndex="805" originalElevation="57.3" isOriginalElevationFromOSM="true"><ele>57.0</ele></trkpt>
<trkpt lat="37.922750" lon="126.898360" sectionIndex="0" pointIndex="806" originalElevation="55.2" isOriginalElevationFromOSM="true"><ele>55.9</ele></trkpt>
<trkpt lat="37.923250" lon="126.898720" sectionIndex="0" pointIndex="807" originalElevation="55.0" isOriginalElevationFromOSM="true"><ele>55.3</ele></trkpt>
<trkpt lat="37.924890" lon="126.899730" sectionIndex="0" pointIndex="808" originalElevation="54.0" isOriginalElevationFromOSM="true"><ele>55.5</ele></trkpt>
<trkpt lat="37.925670" lon="126.899940" sectionIndex="0" pointIndex="809" originalElevation="54.9" isOriginalElevationFromOSM="true"><ele>58.0</ele></trkpt>
<trkpt lat="37.925900" lon="126.900030" sectionIndex="0" pointIndex="810" originalElevation="58.2" isOriginalElevationFromOSM="true"><ele>61.1</ele></trkpt>
<trkpt lat="37.926120" lon="126.900240" sectionIndex="0" pointIndex="811" originalElevation="68.0" isOriginalElevationFromOSM="true"><ele>62.6</ele></trkpt>
<trkpt lat="37.927150" lon="126.901490" sectionIndex="0" pointIndex="812" originalElevation="70.6" isOriginalElevationFromOSM="true"><ele>63.7</ele></trkpt>
<trkpt lat="37.928060" lon="126.902440" sectionIndex="0" pointIndex="813" originalElevation="61.1" isOriginalElevationFromOSM="true"><ele>63.9</ele></trkpt>
<trkpt lat="37.928310" lon="126.902590" sectionIndex="0" pointIndex="814" originalElevation="60.6" isOriginalElevationFromOSM="true"><ele>61.6</ele></trkpt>
<trkpt lat="37.928690" lon="126.903000" sectionIndex="0" pointIndex="815" originalElevation="59.3" isOriginalElevationFromOSM="true"><ele>58.3</ele></trkpt>
<trkpt lat="37.929120" lon="126.903200" sectionIndex="0" pointIndex="816" originalElevation="56.3" isOriginalElevationFromOSM="true"><ele>57.0</ele></trkpt>
<trkpt lat="37.929890" lon="126.903400" sectionIndex="0" pointIndex="817" originalElevation="54.4" isOriginalElevationFromOSM="true"><ele>55.8</ele></trkpt>
<trkpt lat="37.930380" lon="126.903660" sectionIndex="0" pointIndex="818" originalElevation="54.4" isOriginalElevationFromOSM="true"><ele>54.7</ele></trkpt>
<trkpt lat="37.931060" lon="126.903890" sectionIndex="0" pointIndex="819" originalElevation="54.4" isOriginalElevationFromOSM="true"><ele>54.5</ele></trkpt>
<trkpt lat="37.931630" lon="126.904030" sectionIndex="0" pointIndex="820" originalElevation="53.9" isOriginalElevationFromOSM="true"><ele>55.5</ele></trkpt>
<trkpt lat="37.932360" lon="126.904070" sectionIndex="0" pointIndex="821" originalElevation="55.6" isOriginalElevationFromOSM="true"><ele>56.0</ele></trkpt>
<trkpt lat="37.933150" lon="126.903950" sectionIndex="0" pointIndex="822" originalElevation="59.4" isOriginalElevationFromOSM="true"><ele>56.3</ele></trkpt>
<trkpt lat="37.934430" lon="126.904000" sectionIndex="0" pointIndex="823" originalElevation="56.9" isOriginalElevationFromOSM="true"><ele>55.9</ele></trkpt>
<trkpt lat="37.935440" lon="126.903980" sectionIndex="0" pointIndex="824" originalElevation="55.7" isOriginalElevationFromOSM="true"><ele>55.0</ele></trkpt>
<trkpt lat="37.935850" lon="126.903990" sectionIndex="0" pointIndex="825" originalElevation="52.1" isOriginalElevationFromOSM="true"><ele>51.5</ele></trkpt>
<trkpt lat="37.936110" lon="126.903930" sectionIndex="0" pointIndex="826" originalElevation="51.0" isOriginalElevationFromOSM="true"><ele>48.7</ele></trkpt>
<trkpt lat="37.938610" lon="126.902950" sectionIndex="0" pointIndex="827" originalElevation="42.0" isOriginalElevationFromOSM="true"><ele>45.9</ele></trkpt>
<trkpt lat="37.939950" lon="126.902370" sectionIndex="0" pointIndex="828" originalElevation="42.9" isOriginalElevationFromOSM="true"><ele>43.5</ele></trkpt>
<trkpt lat="37.940360" lon="126.902140" sectionIndex="0" pointIndex="829" originalElevation="41.7" isOriginalElevationFromOSM="true"><ele>41.2</ele></trkpt>
<trkpt lat="37.940780" lon="126.901710" sectionIndex="0" pointIndex="830" originalElevation="40.1" isOriginalElevationFromOSM="true"><ele>40.3</ele></trkpt>
<trkpt lat="37.940960" lon="126.901590" sectionIndex="0" pointIndex="831" originalElevation="39.4" isOriginalElevationFromOSM="true"><ele>39.5</ele></trkpt>
<trkpt lat="37.941710" lon="126.901230" sectionIndex="0" pointIndex="832" originalElevation="37.3" isOriginalElevationFromOSM="true"><ele>39.2</ele></trkpt>
<trkpt lat="37.942000" lon="126.901030" sectionIndex="0" pointIndex="833" originalElevation="38.9" isOriginalElevationFromOSM="true"><ele>39.2</ele></trkpt>
<trkpt lat="37.942260" lon="126.900690" sectionIndex="0" pointIndex="834" originalElevation="40.3" isOriginalElevationFromOSM="true"><ele>38.9</ele></trkpt>
<trkpt lat="37.942450" lon="126.900300" sectionIndex="0" pointIndex="835" originalElevation="40.0" isOriginalElevationFromOSM="true"><ele>38.9</ele></trkpt>
<trkpt lat="37.942900" lon="126.899280" sectionIndex="0" pointIndex="836" originalElevation="37.9" isOriginalElevationFromOSM="true"><ele>38.5</ele></trkpt>
<trkpt lat="37.943190" lon="126.898740" sectionIndex="0" pointIndex="837" originalElevation="37.6" isOriginalElevationFromOSM="true"><ele>38.0</ele></trkpt>
<trkpt lat="37.943860" lon="126.897590" sectionIndex="0" pointIndex="838" originalElevation="36.8" isOriginalElevationFromOSM="true"><ele>37.4</ele></trkpt>
<trkpt lat="37.944690" lon="126.896280" sectionIndex="0" pointIndex="839" originalElevation="37.5" isOriginalElevationFromOSM="true"><ele>37.3</ele></trkpt>
<trkpt lat="37.944980" lon="126.895940" sectionIndex="0" pointIndex="840" originalElevation="37.1" isOriginalElevationFromOSM="true"><ele>37.3</ele></trkpt>
<trkpt lat="37.945480" lon="126.895540" sectionIndex="0" pointIndex="841" originalElevation="37.3" isOriginalElevationFromOSM="true"><ele>37.2</ele></trkpt>
<trkpt lat="37.946300" lon="126.895030" sectionIndex="0" pointIndex="842" originalElevation="37.9" isOriginalElevationFromOSM="true"><ele>37.0</ele></trkpt>
<trkpt lat="37.947860" lon="126.895130" sectionIndex="0" pointIndex="843" originalElevation="36.2" isOriginalElevationFromOSM="true"><ele>36.8</ele></trkpt>
<trkpt lat="37.948600" lon="126.895040" sectionIndex="0" pointIndex="844" originalElevation="36.6" isOriginalElevationFromOSM="true"><ele>36.5</ele></trkpt>
<trkpt lat="37.949020" lon="126.895100" sectionIndex="0" pointIndex="845" originalElevation="36.0" isOriginalElevationFromOSM="true"><ele>36.2</ele></trkpt>
<trkpt lat="37.949610" lon="126.895400" sectionIndex="0" pointIndex="846" originalElevation="36.0" isOriginalElevationFromOSM="true"><ele>36.7</ele></trkpt>
<trkpt lat="37.949880" lon="126.895480" sectionIndex="0" pointIndex="847" originalElevation="36.4" isOriginalElevationFromOSM="true"><ele>37.6</ele></trkpt>
<trkpt lat="37.950630" lon="126.895510" sectionIndex="0" pointIndex="848" originalElevation="38.7" isOriginalElevationFromOSM="true"><ele>39.3</ele></trkpt>
<trkpt lat="37.951000" lon="126.895590" sectionIndex="0" pointIndex="849" originalElevation="40.9" isOriginalElevationFromOSM="true"><ele>41.6</ele></trkpt>
<trkpt lat="37.952080" lon="126.896210" sectionIndex="0" pointIndex="850" originalElevation="44.6" isOriginalElevationFromOSM="true"><ele>44.3</ele></trkpt>
<trkpt lat="37.952560" lon="126.896300" sectionIndex="0" pointIndex="851" originalElevation="47.4" isOriginalElevationFromOSM="true"><ele>46.7</ele></trkpt>
<trkpt lat="37.952930" lon="126.896280" sectionIndex="0" pointIndex="852" originalElevation="50.0" isOriginalElevationFromOSM="true"><ele>49.0</ele></trkpt>
<trkpt lat="37.953220" lon="126.896170" sectionIndex="0" pointIndex="853" originalElevation="50.8" isOriginalElevationFromOSM="true"><ele>50.5</ele></trkpt>
<trkpt lat="37.953520" lon="126.896020" sectionIndex="0" pointIndex="854" originalElevation="52.0" isOriginalElevationFromOSM="true"><ele>52.0</ele></trkpt>
<trkpt lat="37.953740" lon="126.895810" sectionIndex="0" pointIndex="855" originalElevation="52.5" isOriginalElevationFromOSM="true"><ele>53.3</ele></trkpt>
<trkpt lat="37.953940" lon="126.895550" sectionIndex="0" pointIndex="856" originalElevation="54.8" isOriginalElevationFromOSM="true"><ele>54.4</ele></trkpt>
<trkpt lat="37.954550" lon="126.894390" sectionIndex="0" pointIndex="857" originalElevation="56.5" isOriginalElevationFromOSM="true"><ele>55.4</ele></trkpt>
<trkpt lat="37.954760" lon="126.894090" sectionIndex="0" pointIndex="858" originalElevation="56.4" isOriginalElevationFromOSM="true"><ele>57.5</ele></trkpt>
<trkpt lat="37.954980" lon="126.893810" sectionIndex="0" pointIndex="859" originalElevation="56.6" isOriginalElevationFromOSM="true"><ele>59.4</ele></trkpt>
<trkpt lat="37.955640" lon="126.893040" sectionIndex="0" pointIndex="860" originalElevation="63.0" isOriginalElevationFromOSM="true"><ele>61.8</ele></trkpt>
<trkpt lat="37.956010" lon="126.892650" sectionIndex="0" pointIndex="861" originalElevation="64.6" isOriginalElevationFromOSM="true"><ele>65.4</ele></trkpt>
<trkpt lat="37.956350" lon="126.892420" sectionIndex="0" pointIndex="862" originalElevation="68.5" isOriginalElevationFromOSM="true"><ele>70.0</ele></trkpt>
<trkpt lat="37.956820" lon="126.892290" sectionIndex="0" pointIndex="863" originalElevation="74.3" isOriginalElevationFromOSM="true"><ele>67.9</ele></trkpt>
<trkpt lat="37.957230" lon="126.892330" sectionIndex="0" pointIndex="864" originalElevation="79.9" isOriginalElevationFromOSM="true"><ele>65.3</ele></trkpt>
<trkpt lat="37.961190" lon="126.893340" sectionIndex="0" pointIndex="865" originalElevation="52.4" isOriginalElevationFromOSM="true"><ele>60.7</ele></trkpt>
<trkpt lat="37.961440" lon="126.893380" sectionIndex="0" pointIndex="866" originalElevation="51.5" isOriginalElevationFromOSM="true"><ele>54.1</ele></trkpt>
<trkpt lat="37.963220" lon="126.893360" sectionIndex="0" pointIndex="867" originalElevation="45.6" isOriginalElevationFromOSM="true"><ele>44.9</ele></trkpt>
<trkpt lat="37.963710" lon="126.893400" sectionIndex="0" pointIndex="868" originalElevation="41.0" isOriginalElevationFromOSM="true"><ele>39.6</ele></trkpt>
<trkpt lat="37.964260" lon="126.893510" sectionIndex="0" pointIndex="869" originalElevation="33.8" isOriginalElevationFromOSM="true"><ele>34.0</ele></trkpt>
<trkpt lat="37.964670" lon="126.893770" sectionIndex="0" pointIndex="870" originalElevation="26.4" isOriginalElevationFromOSM="true"><ele>29.6</ele></trkpt>
<trkpt lat="37.964860" lon="126.894050" sectionIndex="0" pointIndex="871" originalElevation="23.5" isOriginalElevationFromOSM="true"><ele>26.1</ele></trkpt>
<trkpt lat="37.965050" lon="126.894430" sectionIndex="0" pointIndex="872" originalElevation="23.1" isOriginalElevationFromOSM="true"><ele>23.4</ele></trkpt>
<trkpt lat="37.965220" lon="126.894910" sectionIndex="0" pointIndex="873" originalElevation="23.5" isOriginalElevationFromOSM="true"><ele>22.4</ele></trkpt>
<trkpt lat="37.965370" lon="126.895560" sectionIndex="0" pointIndex="874" originalElevation="20.6" isOriginalElevationFromOSM="true"><ele>22.1</ele></trkpt>
<trkpt lat="37.965880" lon="126.896610" sectionIndex="0" pointIndex="875" originalElevation="21.3" isOriginalElevationFromOSM="true"><ele>21.5</ele></trkpt>
<trkpt lat="37.966340" lon="126.897320" sectionIndex="0" pointIndex="876" originalElevation="22.2" isOriginalElevationFromOSM="true"><ele>19.4</ele></trkpt>
<trkpt lat="37.966630" lon="126.897640" sectionIndex="0" pointIndex="877" originalElevation="20.1" isOriginalElevationFromOSM="true"><ele>17.8</ele></trkpt>
<trkpt lat="37.967480" lon="126.898740" sectionIndex="0" pointIndex="878" originalElevation="12.7" isOriginalElevationFromOSM="true"><ele>16.4</ele></trkpt>
<trkpt lat="37.967960" lon="126.898000" sectionIndex="0" pointIndex="879" originalElevation="12.6" isOriginalElevationFromOSM="true"><ele>15.6</ele></trkpt>
<trkpt lat="37.968480" lon="126.897070" sectionIndex="0" pointIndex="880" originalElevation="14.3" isOriginalElevationFromOSM="true"><ele>16.1</ele></trkpt>
<trkpt lat="37.969930" lon="126.893940" sectionIndex="0" pointIndex="881" originalElevation="18.1" isOriginalElevationFromOSM="true"><ele>18.0</ele></trkpt>
<trkpt lat="37.971260" lon="126.890750" sectionIndex="0" pointIndex="882" originalElevation="22.6" isOriginalElevationFromOSM="true"><ele>20.2</ele></trkpt>
<trkpt lat="37.971650" lon="126.889680" sectionIndex="0" pointIndex="883" originalElevation="22.6" isOriginalElevationFromOSM="true"><ele>22.8</ele></trkpt>
<trkpt lat="37.973340" lon="126.885780" sectionIndex="0" pointIndex="884" originalElevation="23.2" isOriginalElevationFromOSM="true"><ele>24.6</ele></trkpt>
<trkpt lat="37.973560" lon="126.884970" sectionIndex="0" pointIndex="885" originalElevation="27.6" isOriginalElevationFromOSM="true"><ele>25.5</ele></trkpt>
<trkpt lat="37.973750" lon="126.884000" sectionIndex="0" pointIndex="886" originalElevation="27.1" isOriginalElevationFromOSM="true"><ele>26.3</ele></trkpt>
<trkpt lat="37.973870" lon="126.883530" sectionIndex="0" pointIndex="887" originalElevation="26.9" isOriginalElevationFromOSM="true"><ele>27.0</ele></trkpt>
<trkpt lat="37.974100" lon="126.882900" sectionIndex="0" pointIndex="888" originalElevation="26.9" isOriginalElevationFromOSM="true"><ele>26.6</ele></trkpt>
<trkpt lat="37.974360" lon="126.882460" sectionIndex="0" pointIndex="889" originalElevation="26.3" isOriginalElevationFromOSM="true"><ele>25.9</ele></trkpt>
<trkpt lat="37.975440" lon="126.881610" sectionIndex="0" pointIndex="890" originalElevation="25.8" isOriginalElevationFromOSM="true"><ele>24.2</ele></trkpt>
<trkpt lat="37.975740" lon="126.881460" sectionIndex="0" pointIndex="891" originalElevation="23.4" isOriginalElevationFromOSM="true"><ele>23.6</ele></trkpt>
<trkpt lat="37.977480" lon="126.880370" sectionIndex="0" pointIndex="892" originalElevation="18.6" isOriginalElevationFromOSM="true"><ele>23.1</ele></trkpt>
<trkpt lat="37.978300" lon="126.879940" sectionIndex="0" pointIndex="893" originalElevation="23.8" isOriginalElevationFromOSM="true"><ele>22.6</ele></trkpt>
<trkpt lat="37.978410" lon="126.879880" sectionIndex="0" pointIndex="894" originalElevation="23.8" isOriginalElevationFromOSM="true"><ele>24.2</ele></trkpt>
<trkpt lat="37.979670" lon="126.879470" sectionIndex="0" pointIndex="895" originalElevation="23.4" isOriginalElevationFromOSM="true"><ele>26.0</ele></trkpt>
<trkpt lat="37.981140" lon="126.878920" sectionIndex="0" pointIndex="896" originalElevation="31.6" isOriginalElevationFromOSM="true"><ele>26.4</ele></trkpt>
<trkpt lat="37.981500" lon="126.876460" sectionIndex="0" pointIndex="897" originalElevation="27.3" isOriginalElevationFromOSM="true"><ele>26.9</ele></trkpt>
<trkpt lat="37.982110" lon="126.875580" sectionIndex="0" pointIndex="898" originalElevation="25.8" isOriginalElevationFromOSM="true"><ele>27.2</ele></trkpt>
<trkpt lat="37.984150" lon="126.875690" sectionIndex="0" pointIndex="899" originalElevation="26.3" isOriginalElevationFromOSM="true"><ele>25.8</ele></trkpt>
<trkpt lat="37.985530" lon="126.873970" sectionIndex="0" pointIndex="900" originalElevation="25.1" isOriginalElevationFromOSM="true"><ele>25.1</ele></trkpt>
<trkpt lat="37.985880" lon="126.873540" sectionIndex="0" pointIndex="901" originalElevation="24.4" isOriginalElevationFromOSM="true"><ele>24.2</ele></trkpt>
<trkpt lat="37.986190" lon="126.873000" sectionIndex="0" pointIndex="902" originalElevation="23.8" isOriginalElevationFromOSM="true"><ele>23.3</ele></trkpt>
<trkpt lat="37.986740" lon="126.870900" sectionIndex="0" pointIndex="903" originalElevation="21.4" isOriginalElevationFromOSM="true"><ele>21.4</ele></trkpt>
<trkpt lat="37.987100" lon="126.870140" sectionIndex="0" pointIndex="904" originalElevation="21.6" isOriginalElevationFromOSM="true"><ele>19.8</ele></trkpt>
<trkpt lat="37.988186" lon="126.868046" sectionIndex="0" pointIndex="905" originalElevation="16.0" isOriginalElevationFromOSM="false"><ele>18.2</ele></trkpt>
<trkpt lat="37.988143" lon="126.868028" sectionIndex="0" pointIndex="906" originalElevation="16.0" isOriginalElevationFromOSM="false"><ele>17.1</ele></trkpt>
<trkpt lat="37.988100" lon="126.868011" sectionIndex="0" pointIndex="907" originalElevation="16.0" isOriginalElevationFromOSM="false"><ele>16.0</ele></trkpt>
<trkpt lat="37.988057" lon="126.867994" sectionIndex="0" pointIndex="908" originalElevation="16.0" isOriginalElevationFromOSM="false"><ele>16.0</ele></trkpt>
<trkpt lat="37.988014" lon="126.867977" sectionIndex="0" pointIndex="909" originalElevation="16.0" isOriginalElevationFromOSM="false"><ele>16.0</ele></trkpt>
<trkpt lat="37.987971" lon="126.867960" sectionIndex="0" pointIndex="910" originalElevation="16.0" isOriginalElevationFromOSM="false"><ele>16.0</ele></trkpt>
<trkpt lat="37.987928" lon="126.867943" sectionIndex="0" pointIndex="911" originalElevation="16.0" isOriginalElevationFromOSM="false"><ele>16.0</ele></trkpt>
<trkpt lat="37.987886" lon="126.867926" sectionIndex="0" pointIndex="912" originalElevation="16.0" isOriginalElevationFromOSM="false"><ele>16.0</ele></trkpt>
<trkpt lat="37.987843" lon="126.867908" sectionIndex="0" pointIndex="913" originalElevation="16.0" isOriginalElevationFromOSM="false"><ele>16.0</ele></trkpt>
<trkpt lat="37.987800" lon="126.867891" sectionIndex="0" pointIndex="914" originalElevation="16.0" isOriginalElevationFromOSM="false"><ele>16.0</ele></trkpt>
<trkpt lat="37.987757" lon="126.867874" sectionIndex="0" pointIndex="915" originalElevation="16.0" isOriginalElevationFromOSM="false"><ele>16.0</ele></trkpt>
<trkpt lat="37.987714" lon="126.867857" sectionIndex="0" pointIndex="916" originalElevation="16.0" isOriginalElevationFromOSM="false"><ele>16.0</ele></trkpt>
<trkpt lat="37.987671" lon="126.867840" sectionIndex="0" pointIndex="917" originalElevation="16.0" isOriginalElevationFromOSM="false"><ele>16.0</ele></trkpt>
<trkpt lat="37.987629" lon="126.867823" sectionIndex="0" pointIndex="918" originalElevation="16.0" isOriginalElevationFromOSM="false"><ele>16.0</ele></trkpt>
<trkpt lat="37.987586" lon="126.867806" sectionIndex="0" pointIndex="919" originalElevation="16.0" isOriginalElevationFromOSM="false"><ele>16.0</ele></trkpt>
<trkpt lat="37.987543" lon="126.867788" sectionIndex="0" pointIndex="920" originalElevation="16.0" isOriginalElevationFromOSM="false"><ele>16.8</ele></trkpt>
<trkpt lat="37.987500" lon="126.867771" sectionIndex="0" pointIndex="921" originalElevation="16.0" isOriginalElevationFromOSM="false"><ele>17.6</ele></trkpt>
<trkpt lat="37.987457" lon="126.867754" sectionIndex="0" pointIndex="922" originalElevation="20.0" isOriginalElevationFromOSM="false"><ele>18.4</ele></trkpt>
<trkpt lat="37.987414" lon="126.867737" sectionIndex="0" pointIndex="923" originalElevation="20.0" isOriginalElevationFromOSM="false"><ele>19.2</ele></trkpt>
<trkpt lat="37.987372" lon="126.867720" sectionIndex="0" pointIndex="924" originalElevation="20.0" isOriginalElevationFromOSM="false"><ele>20.0</ele></trkpt>
<trkpt lat="37.987329" lon="126.867703" sectionIndex="0" pointIndex="925" originalElevation="20.0" isOriginalElevationFromOSM="false"><ele>20.0</ele></trkpt>
<trkpt lat="37.987286" lon="126.867686" sectionIndex="0" pointIndex="926" originalElevation="20.0" isOriginalElevationFromOSM="false"><ele>20.0</ele></trkpt>
<trkpt lat="37.987243" lon="126.867668" sectionIndex="0" pointIndex="927" originalElevation="20.0" isOriginalElevationFromOSM="false"><ele>20.0</ele></trkpt>
<trkpt lat="37.987200" lon="126.867651" sectionIndex="0" pointIndex="928" originalElevation="20.0" isOriginalElevationFromOSM="false"><ele>20.0</ele></trkpt>
<trkpt lat="37.987157" lon="126.867634" sectionIndex="0" pointIndex="929" originalElevation="20.0" isOriginalElevationFromOSM="false"><ele>20.0</ele></trkpt>
<trkpt lat="37.987115" lon="126.867617" sectionIndex="0" pointIndex="930" originalElevation="20.0" isOriginalElevationFromOSM="false"><ele>20.0</ele></trkpt>
<trkpt lat="37.987072" lon="126.867600" sectionIndex="0" pointIndex="931" originalElevation="20.0" isOriginalElevationFromOSM="false"><ele>20.0</ele></trkpt>
<trkpt lat="37.987029" lon="126.867583" sectionIndex="0" pointIndex="932" originalElevation="20.0" isOriginalElevationFromOSM="false"><ele>20.0</ele></trkpt>
<trkpt lat="37.986986" lon="126.867566" sectionIndex="0" pointIndex="933" originalElevation="20.0" isOriginalElevationFromOSM="false"><ele>20.0</ele></trkpt>
<trkpt lat="37.986943" lon="126.867549" sectionIndex="0" pointIndex="934" originalElevation="20.0" isOriginalElevationFromOSM="false"><ele>20.0</ele></trkpt>
<trkpt lat="37.986900" lon="126.867531" sectionIndex="0" pointIndex="935" originalElevation="20.0" isOriginalElevationFromOSM="false"><ele>19.8</ele></trkpt>
<trkpt lat="37.986858" lon="126.867514" sectionIndex="0" pointIndex="936" originalElevation="20.0" isOriginalElevationFromOSM="false"><ele>19.6</ele></trkpt>
<trkpt lat="37.986815" lon="126.867497" sectionIndex="0" pointIndex="937" originalElevation="19.0" isOriginalElevationFromOSM="false"><ele>19.4</ele></trkpt>
<trkpt lat="37.986772" lon="126.867480" sectionIndex="0" pointIndex="938" originalElevation="19.0" isOriginalElevationFromOSM="false"><ele>19.2</ele></trkpt>
<trkpt lat="37.986729" lon="126.867463" sectionIndex="0" pointIndex="939" originalElevation="19.0" isOriginalElevationFromOSM="false"><ele>19.6</ele></trkpt>
<trkpt lat="37.986686" lon="126.867446" sectionIndex="0" pointIndex="940" originalElevation="19.0" isOriginalElevationFromOSM="false"><ele>20.2</ele></trkpt>
<trkpt lat="37.986643" lon="126.867429" sectionIndex="0" pointIndex="941" originalElevation="22.0" isOriginalElevationFromOSM="false"><ele>20.8</ele></trkpt>
<trkpt lat="37.986601" lon="126.867411" sectionIndex="0" pointIndex="942" originalElevation="22.0" isOriginalElevationFromOSM="false"><ele>21.4</ele></trkpt>
<trkpt lat="37.986558" lon="126.867394" sectionIndex="0" pointIndex="943" originalElevation="22.0" isOriginalElevationFromOSM="false"><ele>22.0</ele></trkpt>
<trkpt lat="37.986515" lon="126.867377" sectionIndex="0" pointIndex="944" originalElevation="22.0" isOriginalElevationFromOSM="false"><ele>22.0</ele></trkpt>
<trkpt lat="37.986472" lon="126.867360" sectionIndex="0" pointIndex="945" originalElevation="22.0" isOriginalElevationFromOSM="false"><ele>22.0</ele></trkpt>
<trkpt lat="37.986429" lon="126.867343" sectionIndex="0" pointIndex="946" originalElevation="22.0" isOriginalElevationFromOSM="false"><ele>22.0</ele></trkpt>
<trkpt lat="37.986386" lon="126.867326" sectionIndex="0" pointIndex="947" originalElevation="22.0" isOriginalElevationFromOSM="false"><ele>22.0</ele></trkpt>
<trkpt lat="37.986344" lon="126.867309" sectionIndex="0" pointIndex="948" originalElevation="22.0" isOriginalElevationFromOSM="false"><ele>22.0</ele></trkpt>
<trkpt lat="37.986301" lon="126.867291" sectionIndex="0" pointIndex="949" originalElevation="22.0" isOriginalElevationFromOSM="false"><ele>22.0</ele></trkpt>
<trkpt lat="37.986258" lon="126.867274" sectionIndex="0" pointIndex="950" originalElevation="22.0" isOriginalElevationFromOSM="false"><ele>22.0</ele></trkpt>
<trkpt lat="37.986215" lon="126.867257" sectionIndex="0" pointIndex="951" originalElevation="22.0" isOriginalElevationFromOSM="false"><ele>22.0</ele></trkpt>
<trkpt lat="37.986172" lon="126.867240" sectionIndex="0" pointIndex="952" originalElevation="22.0" isOriginalElevationFromOSM="false"><ele>22.0</ele></trkpt>
<trkpt lat="37.986129" lon="126.867223" sectionIndex="0" pointIndex="953" originalElevation="22.0" isOriginalElevationFromOSM="false"><ele>22.0</ele></trkpt>
<trkpt lat="37.986086" lon="126.867206" sectionIndex="0" pointIndex="954" originalElevation="22.0" isOriginalElevationFromOSM="false"><ele>22.0</ele></trkpt>
<trkpt lat="37.986044" lon="126.867189" sectionIndex="0" pointIndex="955" originalElevation="22.0" isOriginalElevationFromOSM="false"><ele>22.0</ele></trkpt>
<trkpt lat="37.986001" lon="126.867172" sectionIndex="0" pointIndex="956" originalElevation="22.0" isOriginalElevationFromOSM="false"><ele>22.0</ele></trkpt>
<trkpt lat="37.985958" lon="126.867154" sectionIndex="0" pointIndex="957" originalElevation="22.0" isOriginalElevationFromOSM="false"><ele>22.0</ele></trkpt>
<trkpt lat="37.985915" lon="126.867137" sectionIndex="0" pointIndex="958" originalElevation="22.0" isOriginalElevationFromOSM="false"><ele>21.6</ele></trkpt>
<trkpt lat="37.985872" lon="126.867120" sectionIndex="0" pointIndex="959" originalElevation="22.0" isOriginalElevationFromOSM="false"><ele>21.2</ele></trkpt>
<trkpt lat="37.985829" lon="126.867103" sectionIndex="0" pointIndex="960" originalElevation="20.0" isOriginalElevationFromOSM="false"><ele>20.8</ele></trkpt>
<trkpt lat="37.985787" lon="126.867086" sectionIndex="0" pointIndex="961" originalElevation="20.0" isOriginalElevationFromOSM="false"><ele>20.4</ele></trkpt>
<trkpt lat="37.985744" lon="126.867069" sectionIndex="0" pointIndex="962" originalElevation="20.0" isOriginalElevationFromOSM="false"><ele>20.0</ele></trkpt>
<trkpt lat="37.985701" lon="126.867052" sectionIndex="0" pointIndex="963" originalElevation="20.0" isOriginalElevationFromOSM="false"><ele>20.0</ele></trkpt>
<trkpt lat="37.985658" lon="126.867034" sectionIndex="0" pointIndex="964" originalElevation="20.0" isOriginalElevationFromOSM="false"><ele>20.0</ele></trkpt>
<trkpt lat="37.985615" lon="126.867017" sectionIndex="0" pointIndex="965" originalElevation="20.0" isOriginalElevationFromOSM="false"><ele>20.0</ele></trkpt>
<trkpt lat="37.985572" lon="126.867000" sectionIndex="0" pointIndex="966" originalElevation="20.0" isOriginalElevationFromOSM="false"><ele>20.0</ele></trkpt>
<trkpt lat="37.985530" lon="126.866983" sectionIndex="0" pointIndex="967" originalElevation="20.0" isOriginalElevationFromOSM="false"><ele>20.0</ele></trkpt>
<trkpt lat="37.985487" lon="126.866966" sectionIndex="0" pointIndex="968" originalElevation="20.0" isOriginalElevationFromOSM="false"><ele>20.0</ele></trkpt>
<trkpt lat="37.985444" lon="126.866949" sectionIndex="0" pointIndex="969" originalElevation="20.0" isOriginalElevationFromOSM="false"><ele>20.0</ele></trkpt>
<trkpt lat="37.985401" lon="126.866932" sectionIndex="0" pointIndex="970" originalElevation="20.0" isOriginalElevationFromOSM="false"><ele>20.0</ele></trkpt>
<trkpt lat="37.985358" lon="126.866914" sectionIndex="0" pointIndex="971" originalElevation="20.0" isOriginalElevationFromOSM="false"><ele>20.0</ele></trkpt>
<trkpt lat="37.985315" lon="126.866897" sectionIndex="0" pointIndex="972" originalElevation="20.0" isOriginalElevationFromOSM="false"><ele>20.0</ele></trkpt>
<trkpt lat="37.985273" lon="126.866880" sectionIndex="0" pointIndex="973" originalElevation="20.0" isOriginalElevationFromOSM="false"><ele>20.0</ele></trkpt>
<trkpt lat="37.985230" lon="126.866863" sectionIndex="0" pointIndex="974" originalElevation="20.0" isOriginalElevationFromOSM="false"><ele>20.0</ele></trkpt>
<trkpt lat="37.985187" lon="126.866846" sectionIndex="0" pointIndex="975" originalElevation="20.0" isOriginalElevationFromOSM="false"><ele>20.0</ele></trkpt>
<trkpt lat="37.985144" lon="126.866829" sectionIndex="0" pointIndex="976" originalElevation="20.0" isOriginalElevationFromOSM="false"><ele>20.0</ele></trkpt>
<trkpt lat="37.985101" lon="126.866812" sectionIndex="0" pointIndex="977" originalElevation="20.0" isOriginalElevationFromOSM="false"><ele>20.0</ele></trkpt>
<trkpt lat="37.985058" lon="126.866794" sectionIndex="0" pointIndex="978" originalElevation="20.0" isOriginalElevationFromOSM="false"><ele>19.8</ele></trkpt>
<trkpt lat="37.985016" lon="126.866777" sectionIndex="0" pointIndex="979" originalElevation="20.0" isOriginalElevationFromOSM="false"><ele>19.6</ele></trkpt>
<trkpt lat="37.984973" lon="126.866760" sectionIndex="0" pointIndex="980" originalElevation="19.0" isOriginalElevationFromOSM="false"><ele>19.4</ele></trkpt>
<trkpt lat="37.984930" lon="126.866743" sectionIndex="0" pointIndex="981" originalElevation="19.0" isOriginalElevationFromOSM="false"><ele>19.2</ele></trkpt>
<trkpt lat="37.984887" lon="126.866726" sectionIndex="0" pointIndex="982" originalElevation="19.0" isOriginalElevationFromOSM="false"><ele>19.0</ele></trkpt>
<trkpt lat="37.984844" lon="126.866709" sectionIndex="0" pointIndex="983" originalElevation="19.0" isOriginalElevationFromOSM="false"><ele>19.0</ele></trkpt>
<trkpt lat="37.984801" lon="126.866692" sectionIndex="0" pointIndex="984" originalElevation="19.0" isOriginalElevationFromOSM="false"><ele>19.4</ele></trkpt>
<trkpt lat="37.984759" lon="126.866675" sectionIndex="0" pointIndex="985" originalElevation="19.0" isOriginalElevationFromOSM="false"><ele>19.8</ele></trkpt>
<trkpt lat="37.984716" lon="126.866657" sectionIndex="0" pointIndex="986" originalElevation="21.0" isOriginalElevationFromOSM="false"><ele>20.2</ele></trkpt>
<trkpt lat="37.984673" lon="126.866640" sectionIndex="0" pointIndex="987" originalElevation="21.0" isOriginalElevationFromOSM="false"><ele>20.6</ele></trkpt>
<trkpt lat="37.984630" lon="126.866623" sectionIndex="0" pointIndex="988" originalElevation="21.0" isOriginalElevationFromOSM="false"><ele>21.0</ele></trkpt>
<trkpt lat="37.984587" lon="126.866606" sectionIndex="0" pointIndex="989" originalElevation="21.0" isOriginalElevationFromOSM="false"><ele>21.0</ele></trkpt>
<trkpt lat="37.984544" lon="126.866589" sectionIndex="0" pointIndex="990" originalElevation="21.0" isOriginalElevationFromOSM="false"><ele>21.0</ele></trkpt>
<trkpt lat="37.984502" lon="126.866572" sectionIndex="0" pointIndex="991" originalElevation="21.0" isOriginalElevationFromOSM="false"><ele>21.0</ele></trkpt>
<trkpt lat="37.984459" lon="126.866555" sectionIndex="0" pointIndex="992" originalElevation="21.0" isOriginalElevationFromOSM="false"><ele>21.0</ele></trkpt>
<trkpt lat="37.984416" lon="126.866537" sectionIndex="0" pointIndex="993" originalElevation="21.0" isOriginalElevationFromOSM="false"><ele>21.0</ele></trkpt>
<trkpt lat="37.984373" lon="126.866520" sectionIndex="0" pointIndex="994" originalElevation="21.0" isOriginalElevationFromOSM="false"><ele>21.0</ele></trkpt>
<trkpt lat="37.984364" lon="126.866517" sectionIndex="0" pointIndex="995" originalElevation="21.0" isOriginalElevationFromOSM="false"><ele>21.0</ele></trkpt>
<trkpt lat="37.984377" lon="126.866462" sectionIndex="0" pointIndex="996" originalElevation="21.0" isOriginalElevationFromOSM="false"><ele>21.0</ele></trkpt>
<trkpt lat="37.984391" lon="126.866408" sectionIndex="0" pointIndex="997" originalElevation="21.0" isOriginalElevationFromOSM="false"><ele>21.0</ele></trkpt>
<trkpt lat="37.984404" lon="126.866354" sectionIndex="0" pointIndex="998" originalElevation="21.0" isOriginalElevationFromOSM="false"><ele>21.0</ele></trkpt>
<trkpt lat="37.984418" lon="126.866299" sectionIndex="0" pointIndex="999" originalElevation="21.0" isOriginalElevationFromOSM="false"><ele>21.0</ele></trkpt>
<trkpt lat="37.984431" lon="126.866245" sectionIndex="0" pointIndex="1000" originalElevation="21.0" isOriginalElevationFromOSM="false"><ele>21.0</ele></trkpt>
<trkpt lat="37.984445" lon="126.866190" sectionIndex="0" pointIndex="1001" originalElevation="21.0" isOriginalElevationFromOSM="false"><ele>21.0</ele></trkpt>
<trkpt lat="37.984458" lon="126.866136" sectionIndex="0" pointIndex="1002" originalElevation="21.0" isOriginalElevationFromOSM="false"><ele>21.0</ele></trkpt>
<trkpt lat="37.984471" lon="126.866082" sectionIndex="0" pointIndex="1003" originalElevation="21.0" isOriginalElevationFromOSM="false"><ele>21.0</ele></trkpt>
<trkpt lat="37.984485" lon="126.866027" sectionIndex="0" pointIndex="1004" originalElevation="21.0" isOriginalElevationFromOSM="false"><ele>21.0</ele></trkpt>
<trkpt lat="37.984498" lon="126.865973" sectionIndex="0" pointIndex="1005" originalElevation="21.0" isOriginalElevationFromOSM="false"><ele>21.0</ele></trkpt>
<trkpt lat="37.984512" lon="126.865919" sectionIndex="0" pointIndex="1006" originalElevation="21.0" isOriginalElevationFromOSM="false"><ele>21.2</ele></trkpt>
<trkpt lat="37.984525" lon="126.865864" sectionIndex="0" pointIndex="1007" originalElevation="21.0" isOriginalElevationFromOSM="false"><ele>21.4</ele></trkpt>
<trkpt lat="37.984539" lon="126.865810" sectionIndex="0" pointIndex="1008" originalElevation="22.0" isOriginalElevationFromOSM="false"><ele>21.6</ele></trkpt>
<trkpt lat="37.984552" lon="126.865755" sectionIndex="0" pointIndex="1009" originalElevation="22.0" isOriginalElevationFromOSM="false"><ele>21.8</ele></trkpt>
<trkpt lat="37.984566" lon="126.865701" sectionIndex="0" pointIndex="1010" originalElevation="22.0" isOriginalElevationFromOSM="false"><ele>22.0</ele></trkpt>
<trkpt lat="37.984579" lon="126.865647" sectionIndex="0" pointIndex="1011" originalElevation="22.0" isOriginalElevationFromOSM="false"><ele>22.0</ele></trkpt>
<trkpt lat="37.984593" lon="126.865592" sectionIndex="0" pointIndex="1012" originalElevation="22.0" isOriginalElevationFromOSM="false"><ele>22.0</ele></trkpt>
<trkpt lat="37.984606" lon="126.865538" sectionIndex="0" pointIndex="1013" originalElevation="22.0" isOriginalElevationFromOSM="false"><ele>22.0</ele></trkpt>
<trkpt lat="37.984619" lon="126.865484" sectionIndex="0" pointIndex="1014" originalElevation="22.0" isOriginalElevationFromOSM="false"><ele>22.0</ele></trkpt>
<trkpt lat="37.984633" lon="126.865429" sectionIndex="0" pointIndex="1015" originalElevation="22.0" isOriginalElevationFromOSM="false"><ele>22.0</ele></trkpt>
<trkpt lat="37.984646" lon="126.865375" sectionIndex="0" pointIndex="1016" originalElevation="22.0" isOriginalElevationFromOSM="false"><ele>22.0</ele></trkpt>
<trkpt lat="37.984660" lon="126.865320" sectionIndex="0" pointIndex="1017" originalElevation="22.0" isOriginalElevationFromOSM="false"><ele>22.0</ele></trkpt>
<trkpt lat="37.984673" lon="126.865266" sectionIndex="0" pointIndex="1018" originalElevation="22.0" isOriginalElevationFromOSM="false"><ele>22.0</ele></trkpt>
<trkpt lat="37.984674" lon="126.865262" sectionIndex="0" pointIndex="1019" originalElevation="22.0" isOriginalElevationFromOSM="false"><ele>22.0</ele></trkpt>
<trkpt lat="37.984706" lon="126.865222" sectionIndex="0" pointIndex="1020" originalElevation="22.0" isOriginalElevationFromOSM="false"><ele>22.0</ele></trkpt>
<trkpt lat="37.984737" lon="126.865181" sectionIndex="0" pointIndex="1021" originalElevation="22.0" isOriginalElevationFromOSM="false"><ele>22.0</ele></trkpt>
<trkpt lat="37.984769" lon="126.865141" sectionIndex="0" pointIndex="1022" originalElevation="22.0" isOriginalElevationFromOSM="false"><ele>22.0</ele></trkpt>
<trkpt lat="37.984800" lon="126.865100" sectionIndex="0" pointIndex="1023" originalElevation="22.0" isOriginalElevationFromOSM="false"><ele>22.0</ele></trkpt>
<trkpt lat="37.984832" lon="126.865060" sectionIndex="0" pointIndex="1024" originalElevation="22.0" isOriginalElevationFromOSM="false"><ele>22.6</ele></trkpt>
<trkpt lat="37.984864" lon="126.865019" sectionIndex="0" pointIndex="1025" originalElevation="22.0" isOriginalElevationFromOSM="false"><ele>23.2</ele></trkpt>
<trkpt lat="37.984895" lon="126.864979" sectionIndex="0" pointIndex="1026" originalElevation="25.0" isOriginalElevationFromOSM="false"><ele>23.8</ele></trkpt>
<trkpt lat="37.984927" lon="126.864938" sectionIndex="0" pointIndex="1027" originalElevation="25.0" isOriginalElevationFromOSM="false"><ele>24.4</ele></trkpt>
<trkpt lat="37.984958" lon="126.864898" sectionIndex="0" pointIndex="1028" originalElevation="25.0" isOriginalElevationFromOSM="false"><ele>24.8</ele></trkpt>
<trkpt lat="37.984990" lon="126.864857" sectionIndex="0" pointIndex="1029" originalElevation="25.0" isOriginalElevationFromOSM="false"><ele>24.6</ele></trkpt>
<trkpt lat="37.985022" lon="126.864817" sectionIndex="0" pointIndex="1030" originalElevation="24.0" isOriginalElevationFromOSM="false"><ele>24.4</ele></trkpt>
<trkpt lat="37.985053" lon="126.864776" sectionIndex="0" pointIndex="1031" originalElevation="24.0" isOriginalElevationFromOSM="false"><ele>24.2</ele></trkpt>
<trkpt lat="37.985085" lon="126.864736" sectionIndex="0" pointIndex="1032" originalElevation="24.0" isOriginalElevationFromOSM="false"><ele>24.0</ele></trkpt>
<trkpt lat="37.985116" lon="126.864695" sectionIndex="0" pointIndex="1033" originalElevation="24.0" isOriginalElevationFromOSM="false"><ele>24.0</ele></trkpt>
<trkpt lat="37.985148" lon="126.864655" sectionIndex="0" pointIndex="1034" originalElevation="24.0" isOriginalElevationFromOSM="false"><ele>24.0</ele></trkpt>
<trkpt lat="37.985180" lon="126.864614" sectionIndex="0" pointIndex="1035" originalElevation="24.0" isOriginalElevationFromOSM="false"><ele>24.0</ele></trkpt>
<trkpt lat="37.985211" lon="126.864574" sectionIndex="0" pointIndex="1036" originalElevation="24.0" isOriginalElevationFromOSM="false"><ele>24.0</ele></trkpt>
<trkpt lat="37.985243" lon="126.864533" sectionIndex="0" pointIndex="1037" originalElevation="24.0" isOriginalElevationFromOSM="false"><ele>24.0</ele></trkpt>
<trkpt lat="37.985274" lon="126.864493" sectionIndex="0" pointIndex="1038" originalElevation="24.0" isOriginalElevationFromOSM="false"><ele>24.0</ele></trkpt>
<trkpt lat="37.985306" lon="126.864452" sectionIndex="0" pointIndex="1039" originalElevation="24.0" isOriginalElevationFromOSM="false"><ele>24.0</ele></trkpt>
<trkpt lat="37.985338" lon="126.864412" sectionIndex="0" pointIndex="1040" originalElevation="24.0" isOriginalElevationFromOSM="false"><ele>24.0</ele></trkpt>
<trkpt lat="37.985369" lon="126.864371" sectionIndex="0" pointIndex="1041" originalElevation="24.0" isOriginalElevationFromOSM="false"><ele>24.0</ele></trkpt>
<trkpt lat="37.985401" lon="126.864331" sectionIndex="0" pointIndex="1042" originalElevation="24.0" isOriginalElevationFromOSM="false"><ele>24.0</ele></trkpt>
<trkpt lat="37.985432" lon="126.864290" sectionIndex="0" pointIndex="1043" originalElevation="24.0" isOriginalElevationFromOSM="false"><ele>24.0</ele></trkpt>
<trkpt lat="37.985464" lon="126.864250" sectionIndex="0" pointIndex="1044" originalElevation="24.0" isOriginalElevationFromOSM="false"><ele>24.0</ele></trkpt>
<trkpt lat="37.985496" lon="126.864209" sectionIndex="0" pointIndex="1045" originalElevation="24.0" isOriginalElevationFromOSM="false"><ele>23.6</ele></trkpt>
<trkpt lat="37.985527" lon="126.864169" sectionIndex="0" pointIndex="1046" originalElevation="24.0" isOriginalElevationFromOSM="false"><ele>23.2</ele></trkpt>
<trkpt lat="37.985559" lon="126.864128" sectionIndex="0" pointIndex="1047" originalElevation="22.0" isOriginalElevationFromOSM="false"><ele>22.8</ele></trkpt>
<trkpt lat="37.985590" lon="126.864088" sectionIndex="0" pointIndex="1048" originalElevation="22.0" isOriginalElevationFromOSM="false"><ele>22.4</ele></trkpt>
<trkpt lat="37.985622" lon="126.864047" sectionIndex="0" pointIndex="1049" originalElevation="22.0" isOriginalElevationFromOSM="false"><ele>22.0</ele></trkpt>
<trkpt lat="37.985632" lon="126.864034" sectionIndex="0" pointIndex="1050" originalElevation="22.0" isOriginalElevationFromOSM="false"><ele>22.0</ele></trkpt>
<trkpt lat="37.985594" lon="126.864004" sectionIndex="0" pointIndex="1051" originalElevation="22.0" isOriginalElevationFromOSM="false"><ele>22.0</ele></trkpt>
<trkpt lat="37.985556" lon="126.863974" sectionIndex="0" pointIndex="1052" originalElevation="22.0" isOriginalElevationFromOSM="false"><ele>22.0</ele></trkpt>
<trkpt lat="37.985518" lon="126.863944" sectionIndex="0" pointIndex="1053" originalElevation="22.0" isOriginalElevationFromOSM="false"><ele>22.0</ele></trkpt>
<trkpt lat="37.985498" lon="126.863928" sectionIndex="0" pointIndex="1054" originalElevation="22.0" isOriginalElevationFromOSM="false"><ele>22.0</ele></trkpt>
<trkpt lat="37.985481" lon="126.863875" sectionIndex="0" pointIndex="1055" originalElevation="22.0" isOriginalElevationFromOSM="false"><ele>22.0</ele></trkpt>
<trkpt lat="37.985464" lon="126.863822" sectionIndex="0" pointIndex="1056" originalElevation="22.0" isOriginalElevationFromOSM="false"><ele>22.0</ele></trkpt>
<trkpt lat="37.985447" lon="126.863770" sectionIndex="0" pointIndex="1057" originalElevation="22.0" isOriginalElevationFromOSM="false"><ele>22.0</ele></trkpt>
<trkpt lat="37.985441" lon="126.863751" sectionIndex="0" pointIndex="1058" originalElevation="22.0" isOriginalElevationFromOSM="false"><ele>22.0</ele></trkpt>
<trkpt lat="37.985447" lon="126.863694" sectionIndex="0" pointIndex="1059" originalElevation="22.0" isOriginalElevationFromOSM="false"><ele>22.0</ele></trkpt>
<trkpt lat="37.985453" lon="126.863638" sectionIndex="0" pointIndex="1060" originalElevation="22.0" isOriginalElevationFromOSM="false"><ele>22.0</ele></trkpt>
<trkpt lat="37.985460" lon="126.863582" sectionIndex="0" pointIndex="1061" originalElevation="22.0" isOriginalElevationFromOSM="false"><ele>22.0</ele></trkpt>
<trkpt lat="37.985464" lon="126.863544" sectionIndex="0" pointIndex="1062" originalElevation="22.0" isOriginalElevationFromOSM="false"><ele>22.0</ele></trkpt>
<trkpt lat="37.985488" lon="126.863497" sectionIndex="0" pointIndex="1063" originalElevation="22.0" isOriginalElevationFromOSM="false"><ele>22.0</ele></trkpt>
<trkpt lat="37.985513" lon="126.863449" sectionIndex="0" pointIndex="1064" originalElevation="22.0" isOriginalElevationFromOSM="false"><ele>22.0</ele></trkpt>
<trkpt lat="37.985537" lon="126.863401" sectionIndex="0" pointIndex="1065" originalElevation="22.0" isOriginalElevationFromOSM="false"><ele>22.0</ele></trkpt>
<trkpt lat="37.985562" lon="126.863353" sectionIndex="0" pointIndex="1066" originalElevation="22.0" isOriginalElevationFromOSM="false"><ele>22.0</ele></trkpt>
<trkpt lat="37.985586" lon="126.863305" sectionIndex="0" pointIndex="1067" originalElevation="22.0" isOriginalElevationFromOSM="false"><ele>22.0</ele></trkpt>
<trkpt lat="37.985597" lon="126.863284" sectionIndex="0" pointIndex="1068" originalElevation="22.0" isOriginalElevationFromOSM="false"><ele>22.0</ele></trkpt>
<trkpt lat="37.985567" lon="126.863242" sectionIndex="0" pointIndex="1069" originalElevation="22.0" isOriginalElevationFromOSM="false"><ele>22.0</ele></trkpt>
<trkpt lat="37.985536" lon="126.863200" sectionIndex="0" pointIndex="1070" originalElevation="22.0" isOriginalElevationFromOSM="false"><ele>22.0</ele></trkpt>
<trkpt lat="37.985506" lon="126.863158" sectionIndex="0" pointIndex="1071" originalElevation="22.0" isOriginalElevationFromOSM="false"><ele>22.0</ele></trkpt>
<trkpt lat="37.985476" lon="126.863116" sectionIndex="0" pointIndex="1072" originalElevation="22.0" isOriginalElevationFromOSM="false"><ele>22.0</ele></trkpt>
<trkpt lat="37.985462" lon="126.863096" sectionIndex="0" pointIndex="1073" originalElevation="22.0" isOriginalElevationFromOSM="false"><ele>22.0</ele></trkpt>
<trkpt lat="37.985479" lon="126.863044" sectionIndex="0" pointIndex="1074" originalElevation="22.0" isOriginalElevationFromOSM="false"><ele>22.0</ele></trkpt>
<trkpt lat="37.985497" lon="126.862992" sectionIndex="0" pointIndex="1075" originalElevation="22.0" isOriginalElevationFromOSM="false"><ele>22.0</ele></trkpt>
<trkpt lat="37.985515" lon="126.862939" sectionIndex="0" pointIndex="1076" originalElevation="22.0" isOriginalElevationFromOSM="false"><ele>22.0</ele></trkpt>
<trkpt lat="37.985532" lon="126.862887" sectionIndex="0" pointIndex="1077" originalElevation="22.0" isOriginalElevationFromOSM="false"><ele>22.0</ele></trkpt>
<trkpt lat="37.985550" lon="126.862835" sectionIndex="0" pointIndex="1078" originalElevation="22.0" isOriginalElevationFromOSM="false"><ele>22.0</ele></trkpt>
<trkpt lat="37.985568" lon="126.862782" sectionIndex="0" pointIndex="1079" originalElevation="22.0" isOriginalElevationFromOSM="false"><ele>22.0</ele></trkpt>
<trkpt lat="37.985586" lon="126.862730" sectionIndex="0" pointIndex="1080" originalElevation="22.0" isOriginalElevationFromOSM="false"><ele>22.0</ele></trkpt>
<trkpt lat="37.985601" lon="126.862683" sectionIndex="0" pointIndex="1081" originalElevation="22.0" isOriginalElevationFromOSM="false"><ele>22.0</ele></trkpt>
<trkpt lat="37.985569" lon="126.862644" sectionIndex="0" pointIndex="1082" originalElevation="22.0" isOriginalElevationFromOSM="false"><ele>22.0</ele></trkpt>
<trkpt lat="37.985536" lon="126.862604" sectionIndex="0" pointIndex="1083" originalElevation="22.0" isOriginalElevationFromOSM="false"><ele>22.0</ele></trkpt>
<trkpt lat="37.985504" lon="126.862565" sectionIndex="0" pointIndex="1084" originalElevation="22.0" isOriginalElevationFromOSM="false"><ele>21.8</ele></trkpt>
<trkpt lat="37.985472" lon="126.862525" sectionIndex="0" pointIndex="1085" originalElevation="22.0" isOriginalElevationFromOSM="false"><ele>21.6</ele></trkpt>
<trkpt lat="37.985439" lon="126.862486" sectionIndex="0" pointIndex="1086" originalElevation="21.0" isOriginalElevationFromOSM="false"><ele>21.4</ele></trkpt>
<trkpt lat="37.985407" lon="126.862446" sectionIndex="0" pointIndex="1087" originalElevation="21.0" isOriginalElevationFromOSM="false"><ele>21.2</ele></trkpt>
<trkpt lat="37.985375" lon="126.862407" sectionIndex="0" pointIndex="1088" originalElevation="21.0" isOriginalElevationFromOSM="false"><ele>21.0</ele></trkpt>
<trkpt lat="37.985342" lon="126.862367" sectionIndex="0" pointIndex="1089" originalElevation="21.0" isOriginalElevationFromOSM="false"><ele>21.0</ele></trkpt>
<trkpt lat="37.985322" lon="126.862343" sectionIndex="0" pointIndex="1090" originalElevation="21.0" isOriginalElevationFromOSM="false"><ele>21.0</ele></trkpt>
<trkpt lat="37.985354" lon="126.862302" sectionIndex="0" pointIndex="1091" originalElevation="21.0" isOriginalElevationFromOSM="false"><ele>21.0</ele></trkpt>
<trkpt lat="37.985383" lon="126.862265" sectionIndex="0" pointIndex="1092" originalElevation="21.0" isOriginalElevationFromOSM="false"><ele>21.0</ele></trkpt>
<trkpt lat="37.985388" lon="126.862271" sectionIndex="0" pointIndex="1093" originalElevation="21.0" isOriginalElevationFromOSM="false"><ele>21.0</ele></trkpt>
<trkpt lat="37.985414" lon="126.862307" sectionIndex="0" pointIndex="1094" originalElevation="21.0" isOriginalElevationFromOSM="false"><ele>21.0</ele></trkpt>
<trkpt lat="37.985444" lon="126.862349" sectionIndex="0" pointIndex="1095" originalElevation="21.0" isOriginalElevationFromOSM="false"><ele>21.0</ele></trkpt>
<trkpt lat="37.985474" lon="126.862391" sectionIndex="0" pointIndex="1096" originalElevation="21.0" isOriginalElevationFromOSM="false"><ele>21.0</ele></trkpt>
<trkpt lat="37.985505" lon="126.862433" sectionIndex="0" pointIndex="1097" originalElevation="21.0" isOriginalElevationFromOSM="false"><ele>21.2</ele></trkpt>
<trkpt lat="37.985535" lon="126.862475" sectionIndex="0" pointIndex="1098" originalElevation="21.0" isOriginalElevationFromOSM="false"><ele>21.4</ele></trkpt>
<trkpt lat="37.985565" lon="126.862517" sectionIndex="0" pointIndex="1099" originalElevation="22.0" isOriginalElevationFromOSM="false"><ele>21.6</ele></trkpt>
<trkpt lat="37.985596" lon="126.862559" sectionIndex="0" pointIndex="1100" originalElevation="22.0" isOriginalElevationFromOSM="false"><ele>21.8</ele></trkpt>
<trkpt lat="37.985626" lon="126.862601" sectionIndex="0" pointIndex="1101" originalElevation="22.0" isOriginalElevationFromOSM="false"><ele>22.0</ele></trkpt>
<trkpt lat="37.985656" lon="126.862643" sectionIndex="0" pointIndex="1102" originalElevation="22.0" isOriginalElevationFromOSM="false"><ele>22.0</ele></trkpt>
<trkpt lat="37.985687" lon="126.862685" sectionIndex="0" pointIndex="1103" originalElevation="22.0" isOriginalElevationFromOSM="false"><ele>22.0</ele></trkpt>
<trkpt lat="37.985705" lon="126.862710" sectionIndex="0" pointIndex="1104" originalElevation="22.0" isOriginalElevationFromOSM="false"><ele>22.0</ele></trkpt>
<trkpt lat="37.985685" lon="126.862761" sectionIndex="0" pointIndex="1105" originalElevation="22.0" isOriginalElevationFromOSM="false"><ele>22.0</ele></trkpt>
<trkpt lat="37.985665" lon="126.862813" sectionIndex="0" pointIndex="1106" originalElevation="22.0" isOriginalElevationFromOSM="false"><ele>22.0</ele></trkpt>
<trkpt lat="37.985645" lon="126.862864" sectionIndex="0" pointIndex="1107" originalElevation="22.0" isOriginalElevationFromOSM="false"><ele>22.0</ele></trkpt>
<trkpt lat="37.985626" lon="126.862915" sectionIndex="0" pointIndex="1108" originalElevation="22.0" isOriginalElevationFromOSM="false"><ele>22.0</ele></trkpt>
<trkpt lat="37.985606" lon="126.862966" sectionIndex="0" pointIndex="1109" originalElevation="22.0" isOriginalElevationFromOSM="false"><ele>22.0</ele></trkpt>
<trkpt lat="37.985586" lon="126.863017" sectionIndex="0" pointIndex="1110" originalElevation="22.0" isOriginalElevationFromOSM="false"><ele>22.0</ele></trkpt>
<trkpt lat="37.985566" lon="126.863068" sectionIndex="0" pointIndex="1111" originalElevation="22.0" isOriginalElevationFromOSM="false"><ele>22.0</ele></trkpt>
<trkpt lat="37.985550" lon="126.863110" sectionIndex="0" pointIndex="1112" originalElevation="22.0" isOriginalElevationFromOSM="false"><ele>22.0</ele></trkpt>
<trkpt lat="37.985582" lon="126.863150" sectionIndex="0" pointIndex="1113" originalElevation="22.0" isOriginalElevationFromOSM="false"><ele>22.0</ele></trkpt>
<trkpt lat="37.985614" lon="126.863191" sectionIndex="0" pointIndex="1114" originalElevation="22.0" isOriginalElevationFromOSM="false"><ele>22.0</ele></trkpt>
<trkpt lat="37.985645" lon="126.863232" sectionIndex="0" pointIndex="1115" originalElevation="22.0" isOriginalElevationFromOSM="false"><ele>22.0</ele></trkpt>
<trkpt lat="37.985677" lon="126.863272" sectionIndex="0" pointIndex="1116" originalElevation="22.0" isOriginalElevationFromOSM="false"><ele>22.0</ele></trkpt>
<trkpt lat="37.985703" lon="126.863306" sectionIndex="0" pointIndex="1117" originalElevation="22.0" isOriginalElevationFromOSM="false"><ele>22.0</ele></trkpt>
<trkpt lat="37.985681" lon="126.863356" sectionIndex="0" pointIndex="1118" originalElevation="22.0" isOriginalElevationFromOSM="false"><ele>22.0</ele></trkpt>
<trkpt lat="37.985660" lon="126.863406" sectionIndex="0" pointIndex="1119" originalElevation="22.0" isOriginalElevationFromOSM="false"><ele>22.0</ele></trkpt>
<trkpt lat="37.985638" lon="126.863456" sectionIndex="0" pointIndex="1120" originalElevation="22.0" isOriginalElevationFromOSM="false"><ele>22.0</ele></trkpt>
<trkpt lat="37.985617" lon="126.863506" sectionIndex="0" pointIndex="1121" originalElevation="22.0" isOriginalElevationFromOSM="false"><ele>22.0</ele></trkpt>
<trkpt lat="37.985595" lon="126.863556" sectionIndex="0" pointIndex="1122" originalElevation="22.0" isOriginalElevationFromOSM="false"><ele>22.0</ele></trkpt>
<trkpt lat="37.985574" lon="126.863606" sectionIndex="0" pointIndex="1123" originalElevation="22.0" isOriginalElevationFromOSM="false"><ele>22.0</ele></trkpt>
<trkpt lat="37.985552" lon="126.863656" sectionIndex="0" pointIndex="1124" originalElevation="22.0" isOriginalElevationFromOSM="false"><ele>22.0</ele></trkpt>
<trkpt lat="37.985531" lon="126.863706" sectionIndex="0" pointIndex="1125" originalElevation="22.0" isOriginalElevationFromOSM="false"><ele>22.0</ele></trkpt>
<trkpt lat="37.985523" lon="126.863724" sectionIndex="0" pointIndex="1126" originalElevation="22.0" isOriginalElevationFromOSM="false"><ele>21.8</ele></trkpt>
<trkpt lat="37.985647" lon="126.863890" sectionIndex="0" pointIndex="1127" originalElevation="22.0" isOriginalElevationFromOSM="false"><ele>21.6</ele></trkpt>
<trkpt lat="37.985926" lon="126.863444" sectionIndex="0" pointIndex="1128" originalElevation="21.0" isOriginalElevationFromOSM="false"><ele>21.4</ele></trkpt>
<trkpt lat="37.985941" lon="126.863418" sectionIndex="0" pointIndex="1129" originalElevation="21.0" isOriginalElevationFromOSM="false"><ele>21.4</ele></trkpt>
<trkpt lat="37.985966" lon="126.863370" sectionIndex="0" pointIndex="1130" originalElevation="21.0" isOriginalElevationFromOSM="false"><ele>21.4</ele></trkpt>
<trkpt lat="37.985991" lon="126.863323" sectionIndex="0" pointIndex="1131" originalElevation="22.0" isOriginalElevationFromOSM="false"><ele>21.6</ele></trkpt>
<trkpt lat="37.986016" lon="126.863276" sectionIndex="0" pointIndex="1132" originalElevation="22.0" isOriginalElevationFromOSM="false"><ele>21.8</ele></trkpt>
<trkpt lat="37.986041" lon="126.863228" sectionIndex="0" pointIndex="1133" originalElevation="22.0" isOriginalElevationFromOSM="false"><ele>22.0</ele></trkpt>
<trkpt lat="37.986066" lon="126.863181" sectionIndex="0" pointIndex="1134" originalElevation="22.0" isOriginalElevationFromOSM="false"><ele>22.0</ele></trkpt>
<trkpt lat="37.986091" lon="126.863134" sectionIndex="0" pointIndex="1135" originalElevation="22.0" isOriginalElevationFromOSM="false"><ele>22.0</ele></trkpt>
<trkpt lat="37.986116" lon="126.863086" sectionIndex="0" pointIndex="1136" originalElevation="22.0" isOriginalElevationFromOSM="false"><ele>22.0</ele></trkpt>
<trkpt lat="37.986141" lon="126.863039" sectionIndex="0" pointIndex="1137" originalElevation="22.0" isOriginalElevationFromOSM="false"><ele>22.0</ele></trkpt>
<trkpt lat="37.986166" lon="126.862992" sectionIndex="0" pointIndex="1138" originalElevation="22.0" isOriginalElevationFromOSM="false"><ele>22.0</ele></trkpt>
<trkpt lat="37.986191" lon="126.862944" sectionIndex="0" pointIndex="1139" originalElevation="22.0" isOriginalElevationFromOSM="false"><ele>22.0</ele></trkpt>
<trkpt lat="37.986216" lon="126.862897" sectionIndex="0" pointIndex="1140" originalElevation="22.0" isOriginalElevationFromOSM="false"><ele>22.0</ele></trkpt>
<trkpt lat="37.986241" lon="126.862850" sectionIndex="0" pointIndex="1141" originalElevation="22.0" isOriginalElevationFromOSM="false"><ele>22.0</ele></trkpt>
<trkpt lat="37.986266" lon="126.862802" sectionIndex="0" pointIndex="1142" originalElevation="22.0" isOriginalElevationFromOSM="false"><ele>22.0</ele></trkpt>
<trkpt lat="37.986291" lon="126.862755" sectionIndex="0" pointIndex="1143" originalElevation="22.0" isOriginalElevationFromOSM="false"><ele>22.0</ele></trkpt>
<trkpt lat="37.986316" lon="126.862708" sectionIndex="0" pointIndex="1144" originalElevation="22.0" isOriginalElevationFromOSM="false"><ele>22.0</ele></trkpt>
<trkpt lat="37.986329" lon="126.862683" sectionIndex="0" pointIndex="1145" originalElevation="22.0" isOriginalElevationFromOSM="false"><ele>22.0</ele></trkpt>
<trkpt lat="37.986357" lon="126.862638" sectionIndex="0" pointIndex="1146" originalElevation="22.0" isOriginalElevationFromOSM="false"><ele>22.0</ele></trkpt>
<trkpt lat="37.986385" lon="126.862593" sectionIndex="0" pointIndex="1147" originalElevation="22.0" isOriginalElevationFromOSM="false"><ele>22.0</ele></trkpt>
<trkpt lat="37.986413" lon="126.862548" sectionIndex="0" pointIndex="1148" originalElevation="22.0" isOriginalElevationFromOSM="false"><ele>20.8</ele></trkpt>
<trkpt lat="37.986440" lon="126.862503" sectionIndex="0" pointIndex="1149" originalElevation="22.0" isOriginalElevationFromOSM="false"><ele>19.6</ele></trkpt>
<trkpt lat="37.986468" lon="126.862459" sectionIndex="0" pointIndex="1150" originalElevation="16.0" isOriginalElevationFromOSM="false"><ele>18.4</ele></trkpt>
<trkpt lat="37.986496" lon="126.862414" sectionIndex="0" pointIndex="1151" originalElevation="16.0" isOriginalElevationFromOSM="false"><ele>17.2</ele></trkpt>
<trkpt lat="37.986524" lon="126.862369" sectionIndex="0" pointIndex="1152" originalElevation="16.0" isOriginalElevationFromOSM="false"><ele>16.0</ele></trkpt>
<trkpt lat="37.986551" lon="126.862324" sectionIndex="0" pointIndex="1153" originalElevation="16.0" isOriginalElevationFromOSM="false"><ele>16.0</ele></trkpt>
<trkpt lat="37.986579" lon="126.862280" sectionIndex="0" pointIndex="1154" originalElevation="16.0" isOriginalElevationFromOSM="false"><ele>16.0</ele></trkpt>
<trkpt lat="37.986607" lon="126.862235" sectionIndex="0" pointIndex="1155" originalElevation="16.0" isOriginalElevationFromOSM="false"><ele>16.0</ele></trkpt>
<trkpt lat="37.986635" lon="126.862190" sectionIndex="0" pointIndex="1156" originalElevation="16.0" isOriginalElevationFromOSM="false"><ele>15.4</ele></trkpt>
<trkpt lat="37.986663" lon="126.862145" sectionIndex="0" pointIndex="1157" originalElevation="16.0" isOriginalElevationFromOSM="false"><ele>14.8</ele></trkpt>
<trkpt lat="37.986690" lon="126.862100" sectionIndex="0" pointIndex="1158" originalElevation="13.0" isOriginalElevationFromOSM="false"><ele>14.2</ele></trkpt>
<trkpt lat="37.986718" lon="126.862056" sectionIndex="0" pointIndex="1159" originalElevation="13.0" isOriginalElevationFromOSM="false"><ele>13.6</ele></trkpt>
<trkpt lat="37.986746" lon="126.862011" sectionIndex="0" pointIndex="1160" originalElevation="13.0" isOriginalElevationFromOSM="false"><ele>13.0</ele></trkpt>
<trkpt lat="37.986774" lon="126.861966" sectionIndex="0" pointIndex="1161" originalElevation="13.0" isOriginalElevationFromOSM="false"><ele>13.0</ele></trkpt>
<trkpt lat="37.986801" lon="126.861921" sectionIndex="0" pointIndex="1162" originalElevation="13.0" isOriginalElevationFromOSM="false"><ele>13.0</ele></trkpt>
<trkpt lat="37.986829" lon="126.861876" sectionIndex="0" pointIndex="1163" originalElevation="13.0" isOriginalElevationFromOSM="false"><ele>13.0</ele></trkpt>
<trkpt lat="37.986857" lon="126.861832" sectionIndex="0" pointIndex="1164" originalElevation="13.0" isOriginalElevationFromOSM="false"><ele>13.0</ele></trkpt>
<trkpt lat="37.986885" lon="126.861787" sectionIndex="0" pointIndex="1165" originalElevation="13.0" isOriginalElevationFromOSM="false"><ele>13.0</ele></trkpt>
<trkpt lat="37.986912" lon="126.861742" sectionIndex="0" pointIndex="1166" originalElevation="13.0" isOriginalElevationFromOSM="false"><ele>13.4</ele></trkpt>
<trkpt lat="37.986940" lon="126.861697" sectionIndex="0" pointIndex="1167" originalElevation="13.0" isOriginalElevationFromOSM="false"><ele>13.8</ele></trkpt>
<trkpt lat="37.986968" lon="126.861653" sectionIndex="0" pointIndex="1168" originalElevation="15.0" isOriginalElevationFromOSM="false"><ele>14.2</ele></trkpt>
<trkpt lat="37.986996" lon="126.861608" sectionIndex="0" pointIndex="1169" originalElevation="15.0" isOriginalElevationFromOSM="false"><ele>14.6</ele></trkpt>
<trkpt lat="37.987024" lon="126.861563" sectionIndex="0" pointIndex="1170" originalElevation="15.0" isOriginalElevationFromOSM="false"><ele>15.0</ele></trkpt>
<trkpt lat="37.987051" lon="126.861518" sectionIndex="0" pointIndex="1171" originalElevation="15.0" isOriginalElevationFromOSM="false"><ele>15.0</ele></trkpt>
<trkpt lat="37.987079" lon="126.861473" sectionIndex="0" pointIndex="1172" originalElevation="15.0" isOriginalElevationFromOSM="false"><ele>15.0</ele></trkpt>
<trkpt lat="37.987107" lon="126.861429" sectionIndex="0" pointIndex="1173" originalElevation="15.0" isOriginalElevationFromOSM="false"><ele>15.0</ele></trkpt>
<trkpt lat="37.987135" lon="126.861384" sectionIndex="0" pointIndex="1174" originalElevation="15.0" isOriginalElevationFromOSM="false"><ele>15.0</ele></trkpt>
<trkpt lat="37.987162" lon="126.861339" sectionIndex="0" pointIndex="1175" originalElevation="15.0" isOriginalElevationFromOSM="false"><ele>15.0</ele></trkpt>
<trkpt lat="37.987190" lon="126.861294" sectionIndex="0" pointIndex="1176" originalElevation="15.0" isOriginalElevationFromOSM="false"><ele>15.0</ele></trkpt>
<trkpt lat="37.987218" lon="126.861249" sectionIndex="0" pointIndex="1177" originalElevation="15.0" isOriginalElevationFromOSM="false"><ele>15.0</ele></trkpt>
<trkpt lat="37.987246" lon="126.861205" sectionIndex="0" pointIndex="1178" originalElevation="15.0" isOriginalElevationFromOSM="false"><ele>15.0</ele></trkpt>
<trkpt lat="37.987274" lon="126.861160" sectionIndex="0" pointIndex="1179" originalElevation="15.0" isOriginalElevationFromOSM="false"><ele>15.0</ele></trkpt>
<trkpt lat="37.987301" lon="126.861115" sectionIndex="0" pointIndex="1180" originalElevation="15.0" isOriginalElevationFromOSM="false"><ele>15.0</ele></trkpt>
<trkpt lat="37.987329" lon="126.861070" sectionIndex="0" pointIndex="1181" originalElevation="15.0" isOriginalElevationFromOSM="false"><ele>15.0</ele></trkpt>
<trkpt lat="37.987357" lon="126.861026" sectionIndex="0" pointIndex="1182" originalElevation="15.0" isOriginalElevationFromOSM="false"><ele>15.0</ele></trkpt>
<trkpt lat="37.987385" lon="126.860981" sectionIndex="0" pointIndex="1183" originalElevation="15.0" isOriginalElevationFromOSM="false"><ele>15.0</ele></trkpt>
<trkpt lat="37.987412" lon="126.860936" sectionIndex="0" pointIndex="1184" originalElevation="15.0" isOriginalElevationFromOSM="false"><ele>15.0</ele></trkpt>
<trkpt lat="37.987440" lon="126.860891" sectionIndex="0" pointIndex="1185" originalElevation="15.0" isOriginalElevationFromOSM="false"><ele>14.8</ele></trkpt>
<trkpt lat="37.987468" lon="126.860846" sectionIndex="0" pointIndex="1186" originalElevation="15.0" isOriginalElevationFromOSM="false"><ele>15.6</ele></trkpt>
<trkpt lat="37.987496" lon="126.860802" sectionIndex="0" pointIndex="1187" originalElevation="14.0" isOriginalElevationFromOSM="false"><ele>16.4</ele></trkpt>
<trkpt lat="37.987524" lon="126.860757" sectionIndex="0" pointIndex="1188" originalElevation="19.0" isOriginalElevationFromOSM="false"><ele>17.2</ele></trkpt>
<trkpt lat="37.987551" lon="126.860712" sectionIndex="0" pointIndex="1189" originalElevation="19.0" isOriginalElevationFromOSM="false"><ele>18.0</ele></trkpt>
<trkpt lat="37.987579" lon="126.860667" sectionIndex="0" pointIndex="1190" originalElevation="19.0" isOriginalElevationFromOSM="false"><ele>19.0</ele></trkpt>
<trkpt lat="37.987607" lon="126.860622" sectionIndex="0" pointIndex="1191" originalElevation="19.0" isOriginalElevationFromOSM="false"><ele>19.0</ele></trkpt>
<trkpt lat="37.987635" lon="126.860578" sectionIndex="0" pointIndex="1192" originalElevation="19.0" isOriginalElevationFromOSM="false"><ele>19.0</ele></trkpt>
<trkpt lat="37.987662" lon="126.860533" sectionIndex="0" pointIndex="1193" originalElevation="19.0" isOriginalElevationFromOSM="false"><ele>19.0</ele></trkpt>
<trkpt lat="37.987690" lon="126.860488" sectionIndex="0" pointIndex="1194" originalElevation="19.0" isOriginalElevationFromOSM="false"><ele>19.0</ele></trkpt>
<trkpt lat="37.987718" lon="126.860443" sectionIndex="0" pointIndex="1195" originalElevation="19.0" isOriginalElevationFromOSM="false"><ele>19.0</ele></trkpt>
<trkpt lat="37.987746" lon="126.860399" sectionIndex="0" pointIndex="1196" originalElevation="19.0" isOriginalElevationFromOSM="false"><ele>19.0</ele></trkpt>
<trkpt lat="37.987774" lon="126.860354" sectionIndex="0" pointIndex="1197" originalElevation="19.0" isOriginalElevationFromOSM="false"><ele>19.0</ele></trkpt>
<trkpt lat="37.987801" lon="126.860309" sectionIndex="0" pointIndex="1198" originalElevation="19.0" isOriginalElevationFromOSM="false"><ele>19.0</ele></trkpt>
<trkpt lat="37.987829" lon="126.860264" sectionIndex="0" pointIndex="1199" originalElevation="19.0" isOriginalElevationFromOSM="false"><ele>19.0</ele></trkpt>
<trkpt lat="37.987857" lon="126.860219" sectionIndex="0" pointIndex="1200" originalElevation="19.0" isOriginalElevationFromOSM="false"><ele>19.0</ele></trkpt>
<trkpt lat="37.987885" lon="126.860175" sectionIndex="0" pointIndex="1201" originalElevation="19.0" isOriginalElevationFromOSM="false"><ele>19.0</ele></trkpt>
<trkpt lat="37.987912" lon="126.860130" sectionIndex="0" pointIndex="1202" originalElevation="19.0" isOriginalElevationFromOSM="false"><ele>19.0</ele></trkpt>
<trkpt lat="37.987940" lon="126.860085" sectionIndex="0" pointIndex="1203" originalElevation="19.0" isOriginalElevationFromOSM="false"><ele>18.8</ele></trkpt>
<trkpt lat="37.987968" lon="126.860040" sectionIndex="0" pointIndex="1204" originalElevation="19.0" isOriginalElevationFromOSM="false"><ele>18.6</ele></trkpt>
<trkpt lat="37.987996" lon="126.859995" sectionIndex="0" pointIndex="1205" originalElevation="18.0" isOriginalElevationFromOSM="false"><ele>18.4</ele></trkpt>
<trkpt lat="37.988024" lon="126.859951" sectionIndex="0" pointIndex="1206" originalElevation="18.0" isOriginalElevationFromOSM="false"><ele>18.2</ele></trkpt>
<trkpt lat="37.988051" lon="126.859906" sectionIndex="0" pointIndex="1207" originalElevation="18.0" isOriginalElevationFromOSM="false"><ele>18.0</ele></trkpt>
<trkpt lat="37.988079" lon="126.859861" sectionIndex="0" pointIndex="1208" originalElevation="18.0" isOriginalElevationFromOSM="false"><ele>18.0</ele></trkpt>
<trkpt lat="37.988107" lon="126.859816" sectionIndex="0" pointIndex="1209" originalElevation="18.0" isOriginalElevationFromOSM="false"><ele>18.0</ele></trkpt>
<trkpt lat="37.988135" lon="126.859772" sectionIndex="0" pointIndex="1210" originalElevation="18.0" isOriginalElevationFromOSM="false"><ele>18.0</ele></trkpt>
<trkpt lat="37.988162" lon="126.859727" sectionIndex="0" pointIndex="1211" originalElevation="18.0" isOriginalElevationFromOSM="false"><ele>18.0</ele></trkpt>
<trkpt lat="37.988190" lon="126.859682" sectionIndex="0" pointIndex="1212" originalElevation="18.0" isOriginalElevationFromOSM="false"><ele>18.0</ele></trkpt>
<trkpt lat="37.988218" lon="126.859637" sectionIndex="0" pointIndex="1213" originalElevation="18.0" isOriginalElevationFromOSM="false"><ele>18.0</ele></trkpt>
<trkpt lat="37.988246" lon="126.859592" sectionIndex="0" pointIndex="1214" originalElevation="18.0" isOriginalElevationFromOSM="false"><ele>18.0</ele></trkpt>
<trkpt lat="37.988273" lon="126.859548" sectionIndex="0" pointIndex="1215" originalElevation="18.0" isOriginalElevationFromOSM="false"><ele>18.0</ele></trkpt>
<trkpt lat="37.988301" lon="126.859503" sectionIndex="0" pointIndex="1216" originalElevation="18.0" isOriginalElevationFromOSM="false"><ele>19.2</ele></trkpt>
<trkpt lat="37.988329" lon="126.859458" sectionIndex="0" pointIndex="1217" originalElevation="18.0" isOriginalElevationFromOSM="false"><ele>20.4</ele></trkpt>
<trkpt lat="37.988357" lon="126.859413" sectionIndex="0" pointIndex="1218" originalElevation="24.0" isOriginalElevationFromOSM="false"><ele>21.6</ele></trkpt>
<trkpt lat="37.988385" lon="126.859368" sectionIndex="0" pointIndex="1219" originalElevation="24.0" isOriginalElevationFromOSM="false"><ele>22.8</ele></trkpt>
<trkpt lat="37.988412" lon="126.859324" sectionIndex="0" pointIndex="1220" originalElevation="24.0" isOriginalElevationFromOSM="false"><ele>24.0</ele></trkpt>
<trkpt lat="37.988440" lon="126.859279" sectionIndex="0" pointIndex="1221" originalElevation="24.0" isOriginalElevationFromOSM="false"><ele>24.0</ele></trkpt>
<trkpt lat="37.988468" lon="126.859234" sectionIndex="0" pointIndex="1222" originalElevation="24.0" isOriginalElevationFromOSM="false"><ele>23.6</ele></trkpt>
<trkpt lat="37.988496" lon="126.859189" sectionIndex="0" pointIndex="1223" originalElevation="24.0" isOriginalElevationFromOSM="false"><ele>23.2</ele></trkpt>
<trkpt lat="37.988523" lon="126.859145" sectionIndex="0" pointIndex="1224" originalElevation="22.0" isOriginalElevationFromOSM="false"><ele>22.8</ele></trkpt>
<trkpt lat="37.988551" lon="126.859100" sectionIndex="0" pointIndex="1225" originalElevation="22.0" isOriginalElevationFromOSM="false"><ele>22.4</ele></trkpt>
<trkpt lat="37.988579" lon="126.859055" sectionIndex="0" pointIndex="1226" originalElevation="22.0" isOriginalElevationFromOSM="false"><ele>22.0</ele></trkpt>
<trkpt lat="37.988607" lon="126.859010" sectionIndex="0" pointIndex="1227" originalElevation="22.0" isOriginalElevationFromOSM="false"><ele>22.0</ele></trkpt>
<trkpt lat="37.988635" lon="126.858965" sectionIndex="0" pointIndex="1228" originalElevation="22.0" isOriginalElevationFromOSM="false"><ele>22.0</ele></trkpt>
<trkpt lat="37.988662" lon="126.858921" sectionIndex="0" pointIndex="1229" originalElevation="22.0" isOriginalElevationFromOSM="false"><ele>22.0</ele></trkpt>
<trkpt lat="37.988690" lon="126.858876" sectionIndex="0" pointIndex="1230" originalElevation="22.0" isOriginalElevationFromOSM="false"><ele>22.0</ele></trkpt>
<trkpt lat="37.988718" lon="126.858831" sectionIndex="0" pointIndex="1231" originalElevation="22.0" isOriginalElevationFromOSM="false"><ele>22.0</ele></trkpt>
<trkpt lat="37.988746" lon="126.858786" sectionIndex="0" pointIndex="1232" originalElevation="22.0" isOriginalElevationFromOSM="false"><ele>22.0</ele></trkpt>
<trkpt lat="37.988773" lon="126.858741" sectionIndex="0" pointIndex="1233" originalElevation="22.0" isOriginalElevationFromOSM="false"><ele>22.0</ele></trkpt>
<trkpt lat="37.988801" lon="126.858697" sectionIndex="0" pointIndex="1234" originalElevation="22.0" isOriginalElevationFromOSM="false"><ele>22.0</ele></trkpt>
<trkpt lat="37.988829" lon="126.858652" sectionIndex="0" pointIndex="1235" originalElevation="22.0" isOriginalElevationFromOSM="false"><ele>22.0</ele></trkpt>
<trkpt lat="37.988857" lon="126.858607" sectionIndex="0" pointIndex="1236" originalElevation="22.0" isOriginalElevationFromOSM="false"><ele>22.0</ele></trkpt>
<trkpt lat="37.988885" lon="126.858562" sectionIndex="0" pointIndex="1237" originalElevation="22.0" isOriginalElevationFromOSM="false"><ele>22.0</ele></trkpt>
<trkpt lat="37.988912" lon="126.858518" sectionIndex="0" pointIndex="1238" originalElevation="22.0" isOriginalElevationFromOSM="false"><ele>22.0</ele></trkpt>
<trkpt lat="37.988940" lon="126.858473" sectionIndex="0" pointIndex="1239" originalElevation="22.0" isOriginalElevationFromOSM="false"><ele>22.0</ele></trkpt>
<trkpt lat="37.988968" lon="126.858428" sectionIndex="0" pointIndex="1240" originalElevation="22.0" isOriginalElevationFromOSM="false"><ele>22.0</ele></trkpt>
<trkpt lat="37.988996" lon="126.858383" sectionIndex="0" pointIndex="1241" originalElevation="22.0" isOriginalElevationFromOSM="false"><ele>21.8</ele></trkpt>
<trkpt lat="37.989023" lon="126.858338" sectionIndex="0" pointIndex="1242" originalElevation="22.0" isOriginalElevationFromOSM="false"><ele>21.6</ele></trkpt>
<trkpt lat="37.989051" lon="126.858294" sectionIndex="0" pointIndex="1243" originalElevation="21.0" isOriginalElevationFromOSM="false"><ele>21.4</ele></trkpt>
<trkpt lat="37.989079" lon="126.858249" sectionIndex="0" pointIndex="1244" originalElevation="21.0" isOriginalElevationFromOSM="false"><ele>21.2</ele></trkpt>
<trkpt lat="37.989107" lon="126.858204" sectionIndex="0" pointIndex="1245" originalElevation="21.0" isOriginalElevationFromOSM="false"><ele>21.0</ele></trkpt>
<trkpt lat="37.989135" lon="126.858159" sectionIndex="0" pointIndex="1246" originalElevation="21.0" isOriginalElevationFromOSM="false"><ele>21.4</ele></trkpt>
<trkpt lat="37.989136" lon="126.858156" sectionIndex="0" pointIndex="1247" originalElevation="21.0" isOriginalElevationFromOSM="false"><ele>21.8</ele></trkpt>
<trkpt lat="37.989357" lon="126.858115" sectionIndex="0" pointIndex="1248" originalElevation="23.0" isOriginalElevationFromOSM="false"><ele>22.2</ele></trkpt>
<trkpt lat="37.989368" lon="126.858142" sectionIndex="0" pointIndex="1249" originalElevation="23.0" isOriginalElevationFromOSM="false"><ele>22.6</ele></trkpt>
<trkpt lat="37.989388" lon="126.858193" sectionIndex="0" pointIndex="1250" originalElevation="23.0" isOriginalElevationFromOSM="false"><ele>23.0</ele></trkpt>
<trkpt lat="37.989390" lon="126.858199" sectionIndex="0" pointIndex="1251" originalElevation="23.0" isOriginalElevationFromOSM="false"><ele>23.0</ele></trkpt>
<trkpt lat="37.989404" lon="126.858252" sectionIndex="0" pointIndex="1252" originalElevation="23.0" isOriginalElevationFromOSM="false"><ele>23.6</ele></trkpt>
<trkpt lat="37.989419" lon="126.858306" sectionIndex="0" pointIndex="1253" originalElevation="23.0" isOriginalElevationFromOSM="false"><ele>24.2</ele></trkpt>
<trkpt lat="37.989433" lon="126.858360" sectionIndex="0" pointIndex="1254" originalElevation="26.0" isOriginalElevationFromOSM="false"><ele>24.8</ele></trkpt>
<trkpt lat="37.989448" lon="126.858414" sectionIndex="0" pointIndex="1255" originalElevation="26.0" isOriginalElevationFromOSM="false"><ele>25.4</ele></trkpt>
<trkpt lat="37.989463" lon="126.858468" sectionIndex="0" pointIndex="1256" originalElevation="26.0" isOriginalElevationFromOSM="false"><ele>26.0</ele></trkpt>
<trkpt lat="37.989477" lon="126.858522" sectionIndex="0" pointIndex="1257" originalElevation="26.0" isOriginalElevationFromOSM="false"><ele>26.0</ele></trkpt>
<trkpt lat="37.989492" lon="126.858576" sectionIndex="0" pointIndex="1258" originalElevation="26.0" isOriginalElevationFromOSM="false"><ele>26.0</ele></trkpt>
<trkpt lat="37.989506" lon="126.858630" sectionIndex="0" pointIndex="1259" originalElevation="26.0" isOriginalElevationFromOSM="false"><ele>26.0</ele></trkpt>
<trkpt lat="37.989521" lon="126.858684" sectionIndex="0" pointIndex="1260" originalElevation="26.0" isOriginalElevationFromOSM="false"><ele>26.0</ele></trkpt>
<trkpt lat="37.989536" lon="126.858737" sectionIndex="0" pointIndex="1261" originalElevation="26.0" isOriginalElevationFromOSM="false"><ele>26.0</ele></trkpt>
<trkpt lat="37.989550" lon="126.858791" sectionIndex="0" pointIndex="1262" originalElevation="26.0" isOriginalElevationFromOSM="false"><ele>26.0</ele></trkpt>
<trkpt lat="37.989565" lon="126.858845" sectionIndex="0" pointIndex="1263" originalElevation="26.0" isOriginalElevationFromOSM="false"><ele>26.0</ele></trkpt>
<trkpt lat="37.989579" lon="126.858899" sectionIndex="0" pointIndex="1264" originalElevation="26.0" isOriginalElevationFromOSM="false"><ele>26.0</ele></trkpt>
<trkpt lat="37.989594" lon="126.858953" sectionIndex="0" pointIndex="1265" originalElevation="26.0" isOriginalElevationFromOSM="false"><ele>26.0</ele></trkpt>
<trkpt lat="37.989609" lon="126.859007" sectionIndex="0" pointIndex="1266" originalElevation="26.0" isOriginalElevationFromOSM="false"><ele>26.0</ele></trkpt>
<trkpt lat="37.989623" lon="126.859061" sectionIndex="0" pointIndex="1267" originalElevation="26.0" isOriginalElevationFromOSM="false"><ele>25.8</ele></trkpt>
<trkpt lat="37.989638" lon="126.859115" sectionIndex="0" pointIndex="1268" originalElevation="26.0" isOriginalElevationFromOSM="false"><ele>25.6</ele></trkpt>
<trkpt lat="37.989652" lon="126.859169" sectionIndex="0" pointIndex="1269" originalElevation="25.0" isOriginalElevationFromOSM="false"><ele>25.4</ele></trkpt>
<trkpt lat="37.989667" lon="126.859222" sectionIndex="0" pointIndex="1270" originalElevation="25.0" isOriginalElevationFromOSM="false"><ele>25.2</ele></trkpt>
<trkpt lat="37.989682" lon="126.859276" sectionIndex="0" pointIndex="1271" originalElevation="25.0" isOriginalElevationFromOSM="false"><ele>25.0</ele></trkpt>
<trkpt lat="37.989696" lon="126.859330" sectionIndex="0" pointIndex="1272" originalElevation="25.0" isOriginalElevationFromOSM="false"><ele>25.0</ele></trkpt>
<trkpt lat="37.989711" lon="126.859384" sectionIndex="0" pointIndex="1273" originalElevation="25.0" isOriginalElevationFromOSM="false"><ele>25.0</ele></trkpt>
<trkpt lat="37.989725" lon="126.859438" sectionIndex="0" pointIndex="1274" originalElevation="25.0" isOriginalElevationFromOSM="false"><ele>25.0</ele></trkpt>
<trkpt lat="37.989740" lon="126.859492" sectionIndex="0" pointIndex="1275" originalElevation="25.0" isOriginalElevationFromOSM="false"><ele>25.0</ele></trkpt>
<trkpt lat="37.989755" lon="126.859546" sectionIndex="0" pointIndex="1276" originalElevation="25.0" isOriginalElevationFromOSM="false"><ele>25.0</ele></trkpt>
<trkpt lat="37.989769" lon="126.859600" sectionIndex="0" pointIndex="1277" originalElevation="25.0" isOriginalElevationFromOSM="false"><ele>25.0</ele></trkpt>
<trkpt lat="37.989784" lon="126.859654" sectionIndex="0" pointIndex="1278" originalElevation="25.0" isOriginalElevationFromOSM="false"><ele>25.0</ele></trkpt>
<trkpt lat="37.989799" lon="126.859708" sectionIndex="0" pointIndex="1279" originalElevation="25.0" isOriginalElevationFromOSM="false"><ele>25.0</ele></trkpt>
<trkpt lat="37.989813" lon="126.859761" sectionIndex="0" pointIndex="1280" originalElevation="25.0" isOriginalElevationFromOSM="false"><ele>25.0</ele></trkpt>
<trkpt lat="37.989828" lon="126.859815" sectionIndex="0" pointIndex="1281" originalElevation="25.0" isOriginalElevationFromOSM="false"><ele>25.0</ele></trkpt>
<trkpt lat="37.989842" lon="126.859869" sectionIndex="0" pointIndex="1282" originalElevation="25.0" isOriginalElevationFromOSM="false"><ele>25.0</ele></trkpt>
<trkpt lat="37.989857" lon="126.859923" sectionIndex="0" pointIndex="1283" originalElevation="25.0" isOriginalElevationFromOSM="false"><ele>25.4</ele></trkpt>
<trkpt lat="37.989872" lon="126.859977" sectionIndex="0" pointIndex="1284" originalElevation="25.0" isOriginalElevationFromOSM="false"><ele>25.8</ele></trkpt>
<trkpt lat="37.989886" lon="126.860031" sectionIndex="0" pointIndex="1285" originalElevation="27.0" isOriginalElevationFromOSM="false"><ele>26.2</ele></trkpt>
<trkpt lat="37.989901" lon="126.860085" sectionIndex="0" pointIndex="1286" originalElevation="27.0" isOriginalElevationFromOSM="false"><ele>26.6</ele></trkpt>
<trkpt lat="37.989915" lon="126.860139" sectionIndex="0" pointIndex="1287" originalElevation="27.0" isOriginalElevationFromOSM="false"><ele>27.0</ele></trkpt>
<trkpt lat="37.989930" lon="126.860193" sectionIndex="0" pointIndex="1288" originalElevation="27.0" isOriginalElevationFromOSM="false"><ele>27.0</ele></trkpt>
<trkpt lat="37.989945" lon="126.860246" sectionIndex="0" pointIndex="1289" originalElevation="27.0" isOriginalElevationFromOSM="false"><ele>27.0</ele></trkpt>
<trkpt lat="37.989959" lon="126.860300" sectionIndex="0" pointIndex="1290" originalElevation="27.0" isOriginalElevationFromOSM="false"><ele>27.0</ele></trkpt>
<trkpt lat="37.989974" lon="126.860354" sectionIndex="0" pointIndex="1291" originalElevation="27.0" isOriginalElevationFromOSM="false"><ele>27.0</ele></trkpt>
<trkpt lat="37.989988" lon="126.860408" sectionIndex="0" pointIndex="1292" originalElevation="27.0" isOriginalElevationFromOSM="false"><ele>27.0</ele></trkpt>
<trkpt lat="37.990003" lon="126.860462" sectionIndex="0" pointIndex="1293" originalElevation="27.0" isOriginalElevationFromOSM="false"><ele>27.0</ele></trkpt>
<trkpt lat="37.990018" lon="126.860516" sectionIndex="0" pointIndex="1294" originalElevation="27.0" isOriginalElevationFromOSM="false"><ele>27.0</ele></trkpt>
<trkpt lat="37.990032" lon="126.860570" sectionIndex="0" pointIndex="1295" originalElevation="27.0" isOriginalElevationFromOSM="false"><ele>27.0</ele></trkpt>
<trkpt lat="37.990047" lon="126.860624" sectionIndex="0" pointIndex="1296" originalElevation="27.0" isOriginalElevationFromOSM="false"><ele>27.0</ele></trkpt>
<trkpt lat="37.990061" lon="126.860678" sectionIndex="0" pointIndex="1297" originalElevation="27.0" isOriginalElevationFromOSM="false"><ele>27.0</ele></trkpt>
<trkpt lat="37.990076" lon="126.860731" sectionIndex="0" pointIndex="1298" originalElevation="27.0" isOriginalElevationFromOSM="false"><ele>26.4</ele></trkpt>
<trkpt lat="37.990091" lon="126.860785" sectionIndex="0" pointIndex="1299" originalElevation="27.0" isOriginalElevationFromOSM="false"><ele>25.8</ele></trkpt>
<trkpt lat="37.990105" lon="126.860839" sectionIndex="0" pointIndex="1300" originalElevation="24.0" isOriginalElevationFromOSM="false"><ele>25.2</ele></trkpt>
<trkpt lat="37.990120" lon="126.860893" sectionIndex="0" pointIndex="1301" originalElevation="24.0" isOriginalElevationFromOSM="false"><ele>24.6</ele></trkpt>
<trkpt lat="37.990134" lon="126.860947" sectionIndex="0" pointIndex="1302" originalElevation="24.0" isOriginalElevationFromOSM="false"><ele>24.0</ele></trkpt>
<trkpt lat="37.990149" lon="126.861001" sectionIndex="0" pointIndex="1303" originalElevation="24.0" isOriginalElevationFromOSM="false"><ele>24.0</ele></trkpt>
<trkpt lat="37.990164" lon="126.861055" sectionIndex="0" pointIndex="1304" originalElevation="24.0" isOriginalElevationFromOSM="false"><ele>24.0</ele></trkpt>
<trkpt lat="37.990178" lon="126.861109" sectionIndex="0" pointIndex="1305" originalElevation="24.0" isOriginalElevationFromOSM="false"><ele>24.0</ele></trkpt>
<trkpt lat="37.990193" lon="126.861163" sectionIndex="0" pointIndex="1306" originalElevation="24.0" isOriginalElevationFromOSM="false"><ele>24.0</ele></trkpt>
<trkpt lat="37.990208" lon="126.861217" sectionIndex="0" pointIndex="1307" originalElevation="24.0" isOriginalElevationFromOSM="false"><ele>24.0</ele></trkpt>
<trkpt lat="37.990222" lon="126.861270" sectionIndex="0" pointIndex="1308" originalElevation="24.0" isOriginalElevationFromOSM="false"><ele>24.0</ele></trkpt>
<trkpt lat="37.990237" lon="126.861324" sectionIndex="0" pointIndex="1309" originalElevation="24.0" isOriginalElevationFromOSM="false"><ele>24.0</ele></trkpt>
<trkpt lat="37.990251" lon="126.861378" sectionIndex="0" pointIndex="1310" originalElevation="24.0" isOriginalElevationFromOSM="false"><ele>24.0</ele></trkpt>
<trkpt lat="37.990266" lon="126.861432" sectionIndex="0" pointIndex="1311" originalElevation="24.0" isOriginalElevationFromOSM="false"><ele>24.0</ele></trkpt>
<trkpt lat="37.990281" lon="126.861486" sectionIndex="0" pointIndex="1312" originalElevation="24.0" isOriginalElevationFromOSM="false"><ele>24.0</ele></trkpt>
<trkpt lat="37.990295" lon="126.861540" sectionIndex="0" pointIndex="1313" originalElevation="24.0" isOriginalElevationFromOSM="false"><ele>24.0</ele></trkpt>
<trkpt lat="37.990310" lon="126.861594" sectionIndex="0" pointIndex="1314" originalElevation="24.0" isOriginalElevationFromOSM="false"><ele>23.8</ele></trkpt>
<trkpt lat="37.990324" lon="126.861648" sectionIndex="0" pointIndex="1315" originalElevation="24.0" isOriginalElevationFromOSM="false"><ele>23.6</ele></trkpt>
<trkpt lat="37.990339" lon="126.861702" sectionIndex="0" pointIndex="1316" originalElevation="23.0" isOriginalElevationFromOSM="false"><ele>23.4</ele></trkpt>
<trkpt lat="37.990354" lon="126.861755" sectionIndex="0" pointIndex="1317" originalElevation="23.0" isOriginalElevationFromOSM="false"><ele>23.2</ele></trkpt>
<trkpt lat="37.990368" lon="126.861809" sectionIndex="0" pointIndex="1318" originalElevation="23.0" isOriginalElevationFromOSM="false"><ele>23.0</ele></trkpt>
<trkpt lat="37.990383" lon="126.861863" sectionIndex="0" pointIndex="1319" originalElevation="23.0" isOriginalElevationFromOSM="false"><ele>23.0</ele></trkpt>
<trkpt lat="37.990397" lon="126.861917" sectionIndex="0" pointIndex="1320" originalElevation="23.0" isOriginalElevationFromOSM="false"><ele>23.0</ele></trkpt>
<trkpt lat="37.990412" lon="126.861971" sectionIndex="0" pointIndex="1321" originalElevation="23.0" isOriginalElevationFromOSM="false"><ele>23.0</ele></trkpt>
<trkpt lat="37.990427" lon="126.862025" sectionIndex="0" pointIndex="1322" originalElevation="23.0" isOriginalElevationFromOSM="false"><ele>23.0</ele></trkpt>
<trkpt lat="37.990441" lon="126.862079" sectionIndex="0" pointIndex="1323" originalElevation="23.0" isOriginalElevationFromOSM="false"><ele>23.0</ele></trkpt>
<trkpt lat="37.990456" lon="126.862133" sectionIndex="0" pointIndex="1324" originalElevation="23.0" isOriginalElevationFromOSM="false"><ele>23.0</ele></trkpt>
<trkpt lat="37.990470" lon="126.862187" sectionIndex="0" pointIndex="1325" originalElevation="23.0" isOriginalElevationFromOSM="false"><ele>23.0</ele></trkpt>
<trkpt lat="37.990485" lon="126.862240" sectionIndex="0" pointIndex="1326" originalElevation="23.0" isOriginalElevationFromOSM="false"><ele>23.0</ele></trkpt>
<trkpt lat="37.990500" lon="126.862294" sectionIndex="0" pointIndex="1327" originalElevation="23.0" isOriginalElevationFromOSM="false"><ele>23.0</ele></trkpt>
<trkpt lat="37.990514" lon="126.862348" sectionIndex="0" pointIndex="1328" originalElevation="23.0" isOriginalElevationFromOSM="false"><ele>23.0</ele></trkpt>
<trkpt lat="37.990529" lon="126.862402" sectionIndex="0" pointIndex="1329" originalElevation="23.0" isOriginalElevationFromOSM="false"><ele>22.8</ele></trkpt>
<trkpt lat="37.990544" lon="126.862456" sectionIndex="0" pointIndex="1330" originalElevation="23.0" isOriginalElevationFromOSM="false"><ele>22.6</ele></trkpt>
<trkpt lat="37.990558" lon="126.862510" sectionIndex="0" pointIndex="1331" originalElevation="22.0" isOriginalElevationFromOSM="false"><ele>22.4</ele></trkpt>
<trkpt lat="37.990573" lon="126.862564" sectionIndex="0" pointIndex="1332" originalElevation="22.0" isOriginalElevationFromOSM="false"><ele>22.2</ele></trkpt>
<trkpt lat="37.990587" lon="126.862618" sectionIndex="0" pointIndex="1333" originalElevation="22.0" isOriginalElevationFromOSM="false"><ele>22.0</ele></trkpt>
<trkpt lat="37.990602" lon="126.862672" sectionIndex="0" pointIndex="1334" originalElevation="22.0" isOriginalElevationFromOSM="false"><ele>22.0</ele></trkpt>
<trkpt lat="37.990617" lon="126.862726" sectionIndex="0" pointIndex="1335" originalElevation="22.0" isOriginalElevationFromOSM="false"><ele>22.0</ele></trkpt>
<trkpt lat="37.990631" lon="126.862779" sectionIndex="0" pointIndex="1336" originalElevation="22.0" isOriginalElevationFromOSM="false"><ele>22.0</ele></trkpt>
<trkpt lat="37.990646" lon="126.862833" sectionIndex="0" pointIndex="1337" originalElevation="22.0" isOriginalElevationFromOSM="false"><ele>22.0</ele></trkpt>
<trkpt lat="37.990660" lon="126.862887" sectionIndex="0" pointIndex="1338" originalElevation="22.0" isOriginalElevationFromOSM="false"><ele>22.0</ele></trkpt>
<trkpt lat="37.990675" lon="126.862941" sectionIndex="0" pointIndex="1339" originalElevation="22.0" isOriginalElevationFromOSM="false"><ele>22.0</ele></trkpt>
<trkpt lat="37.990690" lon="126.862995" sectionIndex="0" pointIndex="1340" originalElevation="22.0" isOriginalElevationFromOSM="false"><ele>22.0</ele></trkpt>
<trkpt lat="37.990704" lon="126.863049" sectionIndex="0" pointIndex="1341" originalElevation="22.0" isOriginalElevationFromOSM="false"><ele>22.0</ele></trkpt>
<trkpt lat="37.990719" lon="126.863103" sectionIndex="0" pointIndex="1342" originalElevation="22.0" isOriginalElevationFromOSM="false"><ele>22.0</ele></trkpt>
<trkpt lat="37.990733" lon="126.863157" sectionIndex="0" pointIndex="1343" originalElevation="22.0" isOriginalElevationFromOSM="false"><ele>22.0</ele></trkpt>
<trkpt lat="37.990748" lon="126.863211" sectionIndex="0" pointIndex="1344" originalElevation="22.0" isOriginalElevationFromOSM="false"><ele>22.0</ele></trkpt>
<trkpt lat="37.990763" lon="126.863264" sectionIndex="0" pointIndex="1345" originalElevation="22.0" isOriginalElevationFromOSM="false"><ele>22.0</ele></trkpt>
<trkpt lat="37.990777" lon="126.863318" sectionIndex="0" pointIndex="1346" originalElevation="22.0" isOriginalElevationFromOSM="false"><ele>22.0</ele></trkpt>
<trkpt lat="37.990792" lon="126.863372" sectionIndex="0" pointIndex="1347" originalElevation="22.0" isOriginalElevationFromOSM="false"><ele>22.0</ele></trkpt>
<trkpt lat="37.990806" lon="126.863426" sectionIndex="0" pointIndex="1348" originalElevation="22.0" isOriginalElevationFromOSM="false"><ele>22.4</ele></trkpt>
<trkpt lat="37.990821" lon="126.863480" sectionIndex="0" pointIndex="1349" originalElevation="22.0" isOriginalElevationFromOSM="false"><ele>22.8</ele></trkpt>
<trkpt lat="37.990836" lon="126.863534" sectionIndex="0" pointIndex="1350" originalElevation="24.0" isOriginalElevationFromOSM="false"><ele>23.2</ele></trkpt>
<trkpt lat="37.990850" lon="126.863588" sectionIndex="0" pointIndex="1351" originalElevation="24.0" isOriginalElevationFromOSM="false"><ele>23.6</ele></trkpt>
<trkpt lat="37.990852" lon="126.863593" sectionIndex="0" pointIndex="1352" originalElevation="24.0" isOriginalElevationFromOSM="false"><ele>24.0</ele></trkpt>
<trkpt lat="37.990872" lon="126.863643" sectionIndex="0" pointIndex="1353" originalElevation="24.0" isOriginalElevationFromOSM="false"><ele>24.0</ele></trkpt>
<trkpt lat="37.990893" lon="126.863694" sectionIndex="0" pointIndex="1354" originalElevation="24.0" isOriginalElevationFromOSM="false"><ele>24.0</ele></trkpt>
<trkpt lat="37.990914" lon="126.863744" sectionIndex="0" pointIndex="1355" originalElevation="24.0" isOriginalElevationFromOSM="false"><ele>24.0</ele></trkpt>
<trkpt lat="37.990934" lon="126.863795" sectionIndex="0" pointIndex="1356" originalElevation="24.0" isOriginalElevationFromOSM="false"><ele>24.0</ele></trkpt>
<trkpt lat="37.990955" lon="126.863846" sectionIndex="0" pointIndex="1357" originalElevation="24.0" isOriginalElevationFromOSM="false"><ele>24.0</ele></trkpt>
<trkpt lat="37.990975" lon="126.863896" sectionIndex="0" pointIndex="1358" originalElevation="24.0" isOriginalElevationFromOSM="false"><ele>24.0</ele></trkpt>
<trkpt lat="37.990996" lon="126.863947" sectionIndex="0" pointIndex="1359" originalElevation="24.0" isOriginalElevationFromOSM="false"><ele>24.0</ele></trkpt>
<trkpt lat="37.991017" lon="126.863998" sectionIndex="0" pointIndex="1360" originalElevation="24.0" isOriginalElevationFromOSM="false"><ele>24.0</ele></trkpt>
<trkpt lat="37.991037" lon="126.864048" sectionIndex="0" pointIndex="1361" originalElevation="24.0" isOriginalElevationFromOSM="false"><ele>24.0</ele></trkpt>
<trkpt lat="37.991038" lon="126.864049" sectionIndex="0" pointIndex="1362" originalElevation="24.0" isOriginalElevationFromOSM="false"><ele>24.0</ele></trkpt>
<trkpt lat="37.991065" lon="126.864093" sectionIndex="0" pointIndex="1363" originalElevation="24.0" isOriginalElevationFromOSM="false"><ele>24.0</ele></trkpt>
<trkpt lat="37.991093" lon="126.864138" sectionIndex="0" pointIndex="1364" originalElevation="24.0" isOriginalElevationFromOSM="false"><ele>24.0</ele></trkpt>
<trkpt lat="37.991121" lon="126.864183" sectionIndex="0" pointIndex="1365" originalElevation="24.0" isOriginalElevationFromOSM="false"><ele>24.0</ele></trkpt>
<trkpt lat="37.991148" lon="126.864228" sectionIndex="0" pointIndex="1366" originalElevation="24.0" isOriginalElevationFromOSM="false"><ele>24.0</ele></trkpt>
<trkpt lat="37.991176" lon="126.864273" sectionIndex="0" pointIndex="1367" originalElevation="24.0" isOriginalElevationFromOSM="false"><ele>24.0</ele></trkpt>
<trkpt lat="37.991204" lon="126.864318" sectionIndex="0" pointIndex="1368" originalElevation="24.0" isOriginalElevationFromOSM="false"><ele>24.0</ele></trkpt>
<trkpt lat="37.991231" lon="126.864363" sectionIndex="0" pointIndex="1369" originalElevation="24.0" isOriginalElevationFromOSM="false"><ele>24.0</ele></trkpt>
<trkpt lat="37.991259" lon="126.864408" sectionIndex="0" pointIndex="1370" originalElevation="24.0" isOriginalElevationFromOSM="false"><ele>24.2</ele></trkpt>
<trkpt lat="37.991262" lon="126.864412" sectionIndex="0" pointIndex="1371" originalElevation="24.0" isOriginalElevationFromOSM="false"><ele>25.5</ele></trkpt>
<trkpt lat="37.992306" lon="126.865446" sectionIndex="0" pointIndex="1372" originalElevation="25.0" isOriginalElevationFromOSM="false"><ele>27.2</ele></trkpt>
<trkpt lat="37.992370" lon="126.865520" sectionIndex="0" pointIndex="1373" originalElevation="30.7" isOriginalElevationFromOSM="true"><ele>30.2</ele></trkpt>
<trkpt lat="37.992510" lon="126.865780" sectionIndex="0" pointIndex="1374" originalElevation="32.2" isOriginalElevationFromOSM="true"><ele>35.2</ele></trkpt>
<trkpt lat="37.992750" lon="126.866960" sectionIndex="0" pointIndex="1375" originalElevation="39.0" isOriginalElevationFromOSM="true"><ele>39.6</ele></trkpt>
<trkpt lat="37.993160" lon="126.867880" sectionIndex="0" pointIndex="1376" originalElevation="49.1" isOriginalElevationFromOSM="true"><ele>42.5</ele></trkpt>
<trkpt lat="37.993340" lon="126.868460" sectionIndex="0" pointIndex="1377" originalElevation="46.8" isOriginalElevationFromOSM="true"><ele>47.5</ele></trkpt>
<trkpt lat="37.993310" lon="126.868800" sectionIndex="0" pointIndex="1378" originalElevation="45.5" isOriginalElevationFromOSM="true"><ele>51.3</ele></trkpt>
<trkpt lat="37.992950" lon="126.870760" sectionIndex="0" pointIndex="1379" originalElevation="56.9" isOriginalElevationFromOSM="true"><ele>54.1</ele></trkpt>
<trkpt lat="37.992990" lon="126.871010" sectionIndex="0" pointIndex="1380" originalElevation="58.4" isOriginalElevationFromOSM="true"><ele>56.0</ele></trkpt>
<trkpt lat="37.993310" lon="126.871750" sectionIndex="0" pointIndex="1381" originalElevation="62.9" isOriginalElevationFromOSM="true"><ele>55.1</ele></trkpt>
<trkpt lat="37.994010" lon="126.872950" sectionIndex="0" pointIndex="1382" originalElevation="56.5" isOriginalElevationFromOSM="true"><ele>52.0</ele></trkpt>
<trkpt lat="37.994540" lon="126.874240" sectionIndex="0" pointIndex="1383" originalElevation="40.8" isOriginalElevationFromOSM="true"><ele>48.1</ele></trkpt>
<trkpt lat="37.994810" lon="126.875080" sectionIndex="0" pointIndex="1384" originalElevation="41.3" isOriginalElevationFromOSM="true"><ele>42.3</ele></trkpt>
<trkpt lat="37.995100" lon="126.876230" sectionIndex="0" pointIndex="1385" originalElevation="38.8" isOriginalElevationFromOSM="true"><ele>36.5</ele></trkpt>
<trkpt lat="37.995500" lon="126.875990" sectionIndex="0" pointIndex="1386" originalElevation="34.2" isOriginalElevationFromOSM="true"><ele>33.2</ele></trkpt>
<trkpt lat="37.996180" lon="126.875750" sectionIndex="0" pointIndex="1387" originalElevation="27.5" isOriginalElevationFromOSM="true"><ele>30.4</ele></trkpt>
<trkpt lat="37.997120" lon="126.875840" sectionIndex="0" pointIndex="1388" originalElevation="24.4" isOriginalElevationFromOSM="true"><ele>27.2</ele></trkpt>
<trkpt lat="37.998860" lon="126.876060" sectionIndex="0" pointIndex="1389" originalElevation="26.9" isOriginalElevationFromOSM="true"><ele>24.8</ele></trkpt>
<trkpt lat="37.999890" lon="126.876350" sectionIndex="0" pointIndex="1390" originalElevation="22.8" isOriginalElevationFromOSM="true"><ele>24.2</ele></trkpt>
<trkpt lat="38.001040" lon="126.876700" sectionIndex="0" pointIndex="1391" originalElevation="22.4" isOriginalElevationFromOSM="true"><ele>23.8</ele></trkpt>
<trkpt lat="38.001390" lon="126.876890" sectionIndex="0" pointIndex="1392" originalElevation="24.5" isOriginalElevationFromOSM="true"><ele>22.3</ele></trkpt>
<trkpt lat="38.002140" lon="126.877440" sectionIndex="0" pointIndex="1393" originalElevation="22.2" isOriginalElevationFromOSM="true"><ele>21.8</ele></trkpt>
<trkpt lat="38.003220" lon="126.878480" sectionIndex="0" pointIndex="1394" originalElevation="19.7" isOriginalElevationFromOSM="true"><ele>21.4</ele></trkpt>
<trkpt lat="38.003540" lon="126.878860" sectionIndex="0" pointIndex="1395" originalElevation="20.3" isOriginalElevationFromOSM="true"><ele>20.4</ele></trkpt>
<trkpt lat="38.003700" lon="126.879140" sectionIndex="0" pointIndex="1396" originalElevation="20.4" isOriginalElevationFromOSM="true"><ele>19.7</ele></trkpt>
<trkpt lat="38.003790" lon="126.879370" sectionIndex="0" pointIndex="1397" originalElevation="19.6" isOriginalElevationFromOSM="true"><ele>19.2</ele></trkpt>
<trkpt lat="38.003860" lon="126.879610" sectionIndex="0" pointIndex="1398" originalElevation="18.5" isOriginalElevationFromOSM="true"><ele>18.8</ele></trkpt>
<trkpt lat="38.004010" lon="126.880340" sectionIndex="0" pointIndex="1399" originalElevation="17.3" isOriginalElevationFromOSM="true"><ele>18.5</ele></trkpt>
<trkpt lat="38.004100" lon="126.880570" sectionIndex="0" pointIndex="1400" originalElevation="18.1" isOriginalElevationFromOSM="true"><ele>18.5</ele></trkpt>
<trkpt lat="38.004210" lon="126.880800" sectionIndex="0" pointIndex="1401" originalElevation="18.9" isOriginalElevationFromOSM="true"><ele>18.8</ele></trkpt>
<trkpt lat="38.004350" lon="126.881010" sectionIndex="0" pointIndex="1402" originalElevation="19.5" isOriginalElevationFromOSM="true"><ele>19.9</ele></trkpt>
<trkpt lat="38.004570" lon="126.881440" sectionIndex="0" pointIndex="1403" originalElevation="20.2" isOriginalElevationFromOSM="true"><ele>21.4</ele></trkpt>
<trkpt lat="38.005090" lon="126.882290" sectionIndex="0" pointIndex="1404" originalElevation="22.9" isOriginalElevationFromOSM="true"><ele>22.7</ele></trkpt>
<trkpt lat="38.005200" lon="126.882510" sectionIndex="0" pointIndex="1405" originalElevation="25.3" isOriginalElevationFromOSM="true"><ele>23.8</ele></trkpt>
<trkpt lat="38.005290" lon="126.882810" sectionIndex="0" pointIndex="1406" originalElevation="25.6" isOriginalElevationFromOSM="true"><ele>24.7</ele></trkpt>
<trkpt lat="38.005380" lon="126.883260" sectionIndex="0" pointIndex="1407" originalElevation="24.9" isOriginalElevationFromOSM="true"><ele>24.9</ele></trkpt>
<trkpt lat="38.005400" lon="126.883580" sectionIndex="0" pointIndex="1408" originalElevation="24.6" isOriginalElevationFromOSM="true"><ele>24.8</ele></trkpt>
<trkpt lat="38.005400" lon="126.884130" sectionIndex="0" pointIndex="1409" originalElevation="24.3" isOriginalElevationFromOSM="true"><ele>24.4</ele></trkpt>
<trkpt lat="38.005310" lon="126.885460" sectionIndex="0" pointIndex="1410" originalElevation="24.6" isOriginalElevationFromOSM="true"><ele>22.8</ele></trkpt>
<trkpt lat="38.005310" lon="126.885870" sectionIndex="0" pointIndex="1411" originalElevation="23.8" isOriginalElevationFromOSM="true"><ele>20.8</ele></trkpt>
<trkpt lat="38.005170" lon="126.887990" sectionIndex="0" pointIndex="1412" originalElevation="16.6" isOriginalElevationFromOSM="true"><ele>18.9</ele></trkpt>
<trkpt lat="38.005130" lon="126.888970" sectionIndex="0" pointIndex="1413" originalElevation="14.8" isOriginalElevationFromOSM="true"><ele>16.9</ele></trkpt>
<trkpt lat="38.005150" lon="126.889400" sectionIndex="0" pointIndex="1414" originalElevation="14.6" isOriginalElevationFromOSM="true"><ele>15.1</ele></trkpt>
<trkpt lat="38.005200" lon="126.889780" sectionIndex="0" pointIndex="1415" originalElevation="14.6" isOriginalElevationFromOSM="true"><ele>15.1</ele></trkpt>
<trkpt lat="38.005290" lon="126.890180" sectionIndex="0" pointIndex="1416" originalElevation="15.0" isOriginalElevationFromOSM="true"><ele>15.3</ele></trkpt>
<trkpt lat="38.005780" lon="126.892020" sectionIndex="0" pointIndex="1417" originalElevation="16.4" isOriginalElevationFromOSM="true"><ele>15.6</ele></trkpt>
<trkpt lat="38.005980" lon="126.892840" sectionIndex="0" pointIndex="1418" originalElevation="16.0" isOriginalElevationFromOSM="true"><ele>15.8</ele></trkpt>
<trkpt lat="38.006050" lon="126.893060" sectionIndex="0" pointIndex="1419" originalElevation="15.9" isOriginalElevationFromOSM="true"><ele>15.9</ele></trkpt>
<trkpt lat="38.006140" lon="126.893480" sectionIndex="0" pointIndex="1420" originalElevation="15.6" isOriginalElevationFromOSM="true"><ele>15.8</ele></trkpt>
<trkpt lat="38.006250" lon="126.893900" sectionIndex="0" pointIndex="1421" originalElevation="15.7" isOriginalElevationFromOSM="true"><ele>15.6</ele></trkpt>
<trkpt lat="38.006290" lon="126.894360" sectionIndex="0" pointIndex="1422" originalElevation="15.6" isOriginalElevationFromOSM="true"><ele>15.4</ele></trkpt>
<trkpt lat="38.006250" lon="126.894780" sectionIndex="0" pointIndex="1423" originalElevation="15.1" isOriginalElevationFromOSM="true"><ele>15.3</ele></trkpt>
<trkpt lat="38.006140" lon="126.895390" sectionIndex="0" pointIndex="1424" originalElevation="14.9" isOriginalElevationFromOSM="true"><ele>15.4</ele></trkpt>
<trkpt lat="38.006070" lon="126.895590" sectionIndex="0" pointIndex="1425" originalElevation="15.1" isOriginalElevationFromOSM="true"><ele>16.4</ele></trkpt>
<trkpt lat="38.005980" lon="126.896040" sectionIndex="0" pointIndex="1426" originalElevation="16.2" isOriginalElevationFromOSM="true"><ele>18.0</ele></trkpt>
<trkpt lat="38.005750" lon="126.897230" sectionIndex="0" pointIndex="1427" originalElevation="20.7" isOriginalElevationFromOSM="true"><ele>19.8</ele></trkpt>
<trkpt lat="38.005620" lon="126.897930" sectionIndex="0" pointIndex="1428" originalElevation="22.9" isOriginalElevationFromOSM="true"><ele>21.1</ele></trkpt>
<trkpt lat="38.005620" lon="126.898350" sectionIndex="0" pointIndex="1429" originalElevation="24.1" isOriginalElevationFromOSM="true"><ele>21.4</ele></trkpt>
<trkpt lat="38.005690" lon="126.899280" sectionIndex="0" pointIndex="1430" originalElevation="21.6" isOriginalElevationFromOSM="true"><ele>20.7</ele></trkpt>
<trkpt lat="38.005830" lon="126.900430" sectionIndex="0" pointIndex="1431" originalElevation="17.9" isOriginalElevationFromOSM="true"><ele>19.6</ele></trkpt>
<trkpt lat="38.005870" lon="126.900680" sectionIndex="0" pointIndex="1432" originalElevation="16.8" isOriginalElevationFromOSM="true"><ele>18.0</ele></trkpt>
<trkpt lat="38.006210" lon="126.901690" sectionIndex="0" pointIndex="1433" originalElevation="17.4" isOriginalElevationFromOSM="true"><ele>16.8</ele></trkpt>
<trkpt lat="38.006360" lon="126.902110" sectionIndex="0" pointIndex="1434" originalElevation="16.3" isOriginalElevationFromOSM="true"><ele>16.1</ele></trkpt>
<trkpt lat="38.006430" lon="126.902330" sectionIndex="0" pointIndex="1435" originalElevation="15.4" isOriginalElevationFromOSM="true"><ele>15.5</ele></trkpt>
<trkpt lat="38.006520" lon="126.902550" sectionIndex="0" pointIndex="1436" originalElevation="14.5" isOriginalElevationFromOSM="true"><ele>15.4</ele></trkpt>
<trkpt lat="38.006650" lon="126.902970" sectionIndex="0" pointIndex="1437" originalElevation="14.1" isOriginalElevationFromOSM="true"><ele>15.9</ele></trkpt>
<trkpt lat="38.006810" lon="126.903400" sectionIndex="0" pointIndex="1438" originalElevation="16.6" isOriginalElevationFromOSM="true"><ele>16.7</ele></trkpt>
<trkpt lat="38.007000" lon="126.904020" sectionIndex="0" pointIndex="1439" originalElevation="19.0" isOriginalElevationFromOSM="true"><ele>17.7</ele></trkpt>
<trkpt lat="38.007080" lon="126.904190" sectionIndex="0" pointIndex="1440" originalElevation="19.4" isOriginalElevationFromOSM="true"><ele>18.8</ele></trkpt>
<trkpt lat="38.007120" lon="126.904380" sectionIndex="0" pointIndex="1441" originalElevation="19.6" isOriginalElevationFromOSM="true"><ele>19.4</ele></trkpt>
<trkpt lat="38.007390" lon="126.905130" sectionIndex="0" pointIndex="1442" originalElevation="19.5" isOriginalElevationFromOSM="true"><ele>19.5</ele></trkpt>
<trkpt lat="38.007460" lon="126.905360" sectionIndex="0" pointIndex="1443" originalElevation="19.4" isOriginalElevationFromOSM="true"><ele>19.2</ele></trkpt>
<trkpt lat="38.007550" lon="126.905580" sectionIndex="0" pointIndex="1444" originalElevation="19.4" isOriginalElevationFromOSM="true"><ele>18.9</ele></trkpt>
<trkpt lat="38.007680" lon="126.905990" sectionIndex="0" pointIndex="1445" originalElevation="18.2" isOriginalElevationFromOSM="true"><ele>19.1</ele></trkpt>
<trkpt lat="38.007860" lon="126.906490" sectionIndex="0" pointIndex="1446" originalElevation="18.2" isOriginalElevationFromOSM="true"><ele>19.8</ele></trkpt>
<trkpt lat="38.008140" lon="126.907080" sectionIndex="0" pointIndex="1447" originalElevation="20.5" isOriginalElevationFromOSM="true"><ele>21.1</ele></trkpt>
<trkpt lat="38.008300" lon="126.907330" sectionIndex="0" pointIndex="1448" originalElevation="22.8" isOriginalElevationFromOSM="true"><ele>22.6</ele></trkpt>
<trkpt lat="38.008540" lon="126.907630" sectionIndex="0" pointIndex="1449" originalElevation="25.6" isOriginalElevationFromOSM="true"><ele>24.2</ele></trkpt>
<trkpt lat="38.008710" lon="126.907810" sectionIndex="0" pointIndex="1450" originalElevation="25.9" isOriginalElevationFromOSM="true"><ele>25.4</ele></trkpt>
<trkpt lat="38.009070" lon="126.908070" sectionIndex="0" pointIndex="1451" originalElevation="26.2" isOriginalElevationFromOSM="true"><ele>26.0</ele></trkpt>
<trkpt lat="38.009400" lon="126.908240" sectionIndex="0" pointIndex="1452" originalElevation="26.6" isOriginalElevationFromOSM="true"><ele>26.4</ele></trkpt>
<trkpt lat="38.010910" lon="126.908920" sectionIndex="0" pointIndex="1453" originalElevation="25.8" isOriginalElevationFromOSM="true"><ele>26.8</ele></trkpt>
<trkpt lat="38.011290" lon="126.909070" sectionIndex="0" pointIndex="1454" originalElevation="27.6" isOriginalElevationFromOSM="true"><ele>27.0</ele></trkpt>
<trkpt lat="38.011740" lon="126.909190" sectionIndex="0" pointIndex="1455" originalElevation="27.7" isOriginalElevationFromOSM="true"><ele>27.0</ele></trkpt>
<trkpt lat="38.011910" lon="126.909210" sectionIndex="0" pointIndex="1456" originalElevation="27.3" isOriginalElevationFromOSM="true"><ele>26.6</ele></trkpt>
<trkpt lat="38.012450" lon="126.909210" sectionIndex="0" pointIndex="1457" originalElevation="26.5" isOriginalElevationFromOSM="true"><ele>25.4</ele></trkpt>
<trkpt lat="38.012820" lon="126.909190" sectionIndex="0" pointIndex="1458" originalElevation="24.1" isOriginalElevationFromOSM="true"><ele>24.0</ele></trkpt>
<trkpt lat="38.013190" lon="126.909160" sectionIndex="0" pointIndex="1459" originalElevation="21.3" isOriginalElevationFromOSM="true"><ele>22.5</ele></trkpt>
<trkpt lat="38.013300" lon="126.909130" sectionIndex="0" pointIndex="1460" originalElevation="21.0" isOriginalElevationFromOSM="true"><ele>20.8</ele></trkpt>
<trkpt lat="38.013920" lon="126.909100" sectionIndex="0" pointIndex="1461" originalElevation="19.4" isOriginalElevationFromOSM="true"><ele>21.1</ele></trkpt>
<trkpt lat="38.015540" lon="126.908960" sectionIndex="0" pointIndex="1462" originalElevation="18.4" isOriginalElevationFromOSM="true"><ele>23.6</ele></trkpt>
<trkpt lat="38.016940" lon="126.908780" sectionIndex="0" pointIndex="1463" originalElevation="25.6" isOriginalElevationFromOSM="true"><ele>25.6</ele></trkpt>
<trkpt lat="38.018210" lon="126.908650" sectionIndex="0" pointIndex="1464" originalElevation="33.5" isOriginalElevationFromOSM="true"><ele>27.2</ele></trkpt>
<trkpt lat="38.018700" lon="126.908690" sectionIndex="0" pointIndex="1465" originalElevation="31.2" isOriginalElevationFromOSM="true"><ele>27.9</ele></trkpt>
<trkpt lat="38.019010" lon="126.908850" sectionIndex="0" pointIndex="1466" originalElevation="27.1" isOriginalElevationFromOSM="true"><ele>26.3</ele></trkpt>
<trkpt lat="38.019320" lon="126.909090" sectionIndex="0" pointIndex="1467" originalElevation="21.9" isOriginalElevationFromOSM="true"><ele>23.7</ele></trkpt>
<trkpt lat="38.020090" lon="126.909740" sectionIndex="0" pointIndex="1468" originalElevation="17.9" isOriginalElevationFromOSM="true"><ele>21.7</ele></trkpt>
<trkpt lat="38.020650" lon="126.910190" sectionIndex="0" pointIndex="1469" originalElevation="20.2" isOriginalElevationFromOSM="true"><ele>20.5</ele></trkpt>
<trkpt lat="38.021080" lon="126.910580" sectionIndex="0" pointIndex="1470" originalElevation="21.3" isOriginalElevationFromOSM="true"><ele>20.2</ele></trkpt>
<trkpt lat="38.021330" lon="126.910770" sectionIndex="0" pointIndex="1471" originalElevation="21.1" isOriginalElevationFromOSM="true"><ele>20.4</ele></trkpt>
<trkpt lat="38.021550" lon="126.910980" sectionIndex="0" pointIndex="1472" originalElevation="20.5" isOriginalElevationFromOSM="true"><ele>20.2</ele></trkpt>
<trkpt lat="38.022210" lon="126.911510" sectionIndex="0" pointIndex="1473" originalElevation="18.9" isOriginalElevationFromOSM="true"><ele>20.2</ele></trkpt>
<trkpt lat="38.022580" lon="126.911830" sectionIndex="0" pointIndex="1474" originalElevation="19.1" isOriginalElevationFromOSM="true"><ele>20.7</ele></trkpt>
<trkpt lat="38.024940" lon="126.913830" sectionIndex="0" pointIndex="1475" originalElevation="21.4" isOriginalElevationFromOSM="true"><ele>21.5</ele></trkpt>
<trkpt lat="38.025940" lon="126.914600" sectionIndex="0" pointIndex="1476" originalElevation="23.4" isOriginalElevationFromOSM="true"><ele>22.6</ele></trkpt>
<trkpt lat="38.026660" lon="126.915210" sectionIndex="0" pointIndex="1477" originalElevation="24.6" isOriginalElevationFromOSM="true"><ele>23.7</ele></trkpt>
<trkpt lat="38.026790" lon="126.915340" sectionIndex="0" pointIndex="1478" originalElevation="24.4" isOriginalElevationFromOSM="true"><ele>24.4</ele></trkpt>
<trkpt lat="38.026860" lon="126.915460" sectionIndex="0" pointIndex="1479" originalElevation="24.5" isOriginalElevationFromOSM="true"><ele>24.9</ele></trkpt>
<trkpt lat="38.026900" lon="126.915670" sectionIndex="0" pointIndex="1480" originalElevation="25.0" isOriginalElevationFromOSM="true"><ele>25.3</ele></trkpt>
<trkpt lat="38.026870" lon="126.915910" sectionIndex="0" pointIndex="1481" originalElevation="26.1" isOriginalElevationFromOSM="true"><ele>25.3</ele></trkpt>
<trkpt lat="38.029580" lon="126.916360" sectionIndex="0" pointIndex="1482" originalElevation="26.4" isOriginalElevationFromOSM="true"><ele>25.1</ele></trkpt>
<trkpt lat="38.030360" lon="126.916450" sectionIndex="0" pointIndex="1483" originalElevation="24.6" isOriginalElevationFromOSM="true"><ele>24.7</ele></trkpt>
<trkpt lat="38.031120" lon="126.916660" sectionIndex="0" pointIndex="1484" originalElevation="23.3" isOriginalElevationFromOSM="true"><ele>24.5</ele></trkpt>
<trkpt lat="38.031600" lon="126.917030" sectionIndex="0" pointIndex="1485" originalElevation="23.3" isOriginalElevationFromOSM="true"><ele>24.1</ele></trkpt>
<trkpt lat="38.032490" lon="126.917790" sectionIndex="0" pointIndex="1486" originalElevation="25.0" isOriginalElevationFromOSM="true"><ele>23.8</ele></trkpt>
<trkpt lat="38.032910" lon="126.918400" sectionIndex="0" pointIndex="1487" originalElevation="24.1" isOriginalElevationFromOSM="true"><ele>24.0</ele></trkpt>
<trkpt lat="38.033270" lon="126.919010" sectionIndex="0" pointIndex="1488" originalElevation="23.4" isOriginalElevationFromOSM="true"><ele>24.2</ele></trkpt>
<trkpt lat="38.033760" lon="126.919960" sectionIndex="0" pointIndex="1489" originalElevation="24.4" isOriginalElevationFromOSM="true"><ele>24.1</ele></trkpt>
<trkpt lat="38.033860" lon="126.920200" sectionIndex="0" pointIndex="1490" originalElevation="24.3" isOriginalElevationFromOSM="true"><ele>24.1</ele></trkpt>
<trkpt lat="38.033880" lon="126.920400" sectionIndex="0" pointIndex="1491" originalElevation="24.2" isOriginalElevationFromOSM="true"><ele>24.5</ele></trkpt>
<trkpt lat="38.033830" lon="126.920620" sectionIndex="0" pointIndex="1492" originalElevation="24.1" isOriginalElevationFromOSM="true"><ele>25.1</ele></trkpt>
<trkpt lat="38.033720" lon="126.921170" sectionIndex="0" pointIndex="1493" originalElevation="25.4" isOriginalElevationFromOSM="true"><ele>26.3</ele></trkpt>
<trkpt lat="38.033680" lon="126.921600" sectionIndex="0" pointIndex="1494" originalElevation="27.3" isOriginalElevationFromOSM="true"><ele>28.5</ele></trkpt>
<trkpt lat="38.033690" lon="126.923060" sectionIndex="0" pointIndex="1495" originalElevation="30.3" isOriginalElevationFromOSM="true"><ele>31.7</ele></trkpt>
<trkpt lat="38.033570" lon="126.925260" sectionIndex="0" pointIndex="1496" originalElevation="35.6" isOriginalElevationFromOSM="true"><ele>34.8</ele></trkpt>
<trkpt lat="38.033590" lon="126.925840" sectionIndex="0" pointIndex="1497" originalElevation="39.8" isOriginalElevationFromOSM="true"><ele>37.3</ele></trkpt>
<trkpt lat="38.033590" lon="126.926150" sectionIndex="0" pointIndex="1498" originalElevation="40.8" isOriginalElevationFromOSM="true"><ele>39.2</ele></trkpt>
<trkpt lat="38.033480" lon="126.926750" sectionIndex="0" pointIndex="1499" originalElevation="40.0" isOriginalElevationFromOSM="true"><ele>40.1</ele></trkpt>
<trkpt lat="38.033510" lon="126.927010" sectionIndex="0" pointIndex="1500" originalElevation="39.7" isOriginalElevationFromOSM="true"><ele>40.3</ele></trkpt>
<trkpt lat="38.033630" lon="126.927340" sectionIndex="0" pointIndex="1501" originalElevation="40.3" isOriginalElevationFromOSM="true"><ele>40.2</ele></trkpt>
<trkpt lat="38.033770" lon="126.927610" sectionIndex="0" pointIndex="1502" originalElevation="40.5" isOriginalElevationFromOSM="true"><ele>40.5</ele></trkpt>
<trkpt lat="38.033860" lon="126.927710" sectionIndex="0" pointIndex="1503" originalElevation="40.7" isOriginalElevationFromOSM="true"><ele>41.1</ele></trkpt>
<trkpt lat="38.034010" lon="126.927810" sectionIndex="0" pointIndex="1504" originalElevation="41.3" isOriginalElevationFromOSM="true"><ele>41.8</ele></trkpt>
<trkpt lat="38.034260" lon="126.927850" sectionIndex="0" pointIndex="1505" originalElevation="42.9" isOriginalElevationFromOSM="true"><ele>42.5</ele></trkpt>
<trkpt lat="38.034470" lon="126.927920" sectionIndex="0" pointIndex="1506" originalElevation="43.8" isOriginalElevationFromOSM="true"><ele>43.3</ele></trkpt>
<trkpt lat="38.034590" lon="126.928020" sectionIndex="0" pointIndex="1507" originalElevation="44.1" isOriginalElevationFromOSM="true"><ele>43.8</ele></trkpt>
<trkpt lat="38.034680" lon="126.928140" sectionIndex="0" pointIndex="1508" originalElevation="44.2" isOriginalElevationFromOSM="true"><ele>43.8</ele></trkpt>
<trkpt lat="38.034860" lon="126.928550" sectionIndex="0" pointIndex="1509" originalElevation="43.9" isOriginalElevationFromOSM="true"><ele>43.4</ele></trkpt>
<trkpt lat="38.034990" lon="126.928880" sectionIndex="0" pointIndex="1510" originalElevation="42.9" isOriginalElevationFromOSM="true"><ele>43.2</ele></trkpt>
<trkpt lat="38.035040" lon="126.929240" sectionIndex="0" pointIndex="1511" originalElevation="41.8" isOriginalElevationFromOSM="true"><ele>43.2</ele></trkpt>
<trkpt lat="38.035120" lon="126.929610" sectionIndex="0" pointIndex="1512" originalElevation="43.0" isOriginalElevationFromOSM="true"><ele>42.8</ele></trkpt>
<trkpt lat="38.035460" lon="126.930700" sectionIndex="0" pointIndex="1513" originalElevation="44.2" isOriginalElevationFromOSM="true"><ele>42.0</ele></trkpt>
<trkpt lat="38.035670" lon="126.931300" sectionIndex="0" pointIndex="1514" originalElevation="41.9" isOriginalElevationFromOSM="true"><ele>41.7</ele></trkpt>
<trkpt lat="38.036110" lon="126.932460" sectionIndex="0" pointIndex="1515" originalElevation="39.3" isOriginalElevationFromOSM="true"><ele>41.2</ele></trkpt>
<trkpt lat="38.036420" lon="126.933040" sectionIndex="0" pointIndex="1516" originalElevation="40.3" isOriginalElevationFromOSM="true"><ele>40.5</ele></trkpt>
<trkpt lat="38.036470" lon="126.933180" sectionIndex="0" pointIndex="1517" originalElevation="40.3" isOriginalElevationFromOSM="true"><ele>40.4</ele></trkpt>
<trkpt lat="38.036720" lon="126.933660" sectionIndex="0" pointIndex="1518" originalElevation="40.9" isOriginalElevationFromOSM="true"><ele>40.7</ele></trkpt>
<trkpt lat="38.037190" lon="126.934700" sectionIndex="0" pointIndex="1519" originalElevation="41.0" isOriginalElevationFromOSM="true"><ele>40.9</ele></trkpt>
<trkpt lat="38.037260" lon="126.934840" sectionIndex="0" pointIndex="1520" originalElevation="41.1" isOriginalElevationFromOSM="true"><ele>41.1</ele></trkpt>
<trkpt lat="38.037320" lon="126.934940" sectionIndex="0" pointIndex="1521" originalElevation="41.3" isOriginalElevationFromOSM="true"><ele>41.2</ele></trkpt>
<trkpt lat="38.037350" lon="126.935000" sectionIndex="0" pointIndex="1522" originalElevation="41.3" isOriginalElevationFromOSM="true"><ele>41.3</ele></trkpt>
<trkpt lat="38.037400" lon="126.935050" sectionIndex="0" pointIndex="1523" originalElevation="41.4" isOriginalElevationFromOSM="true"><ele>42.0</ele></trkpt>
<trkpt lat="38.037480" lon="126.935240" sectionIndex="0" pointIndex="1524" originalElevation="41.3" isOriginalElevationFromOSM="true"><ele>43.3</ele></trkpt>
<trkpt lat="38.037730" lon="126.935630" sectionIndex="0" pointIndex="1525" originalElevation="44.6" isOriginalElevationFromOSM="true"><ele>44.4</ele></trkpt>
<trkpt lat="38.038310" lon="126.936290" sectionIndex="0" pointIndex="1526" originalElevation="48.0" isOriginalElevationFromOSM="true"><ele>45.1</ele></trkpt>
<trkpt lat="38.038460" lon="126.936490" sectionIndex="0" pointIndex="1527" originalElevation="46.6" isOriginalElevationFromOSM="true"><ele>45.5</ele></trkpt>
<trkpt lat="38.038510" lon="126.936600" sectionIndex="0" pointIndex="1528" originalElevation="45.0" isOriginalElevationFromOSM="true"><ele>45.0</ele></trkpt>
<trkpt lat="38.038550" lon="126.936910" sectionIndex="0" pointIndex="1529" originalElevation="43.1" isOriginalElevationFromOSM="true"><ele>43.5</ele></trkpt>
<trkpt lat="38.038550" lon="126.937120" sectionIndex="0" pointIndex="1530" originalElevation="42.2" isOriginalElevationFromOSM="true"><ele>42.4</ele></trkpt>
<trkpt lat="38.038490" lon="126.937470" sectionIndex="0" pointIndex="1531" originalElevation="40.5" isOriginalElevationFromOSM="true"><ele>41.8</ele></trkpt>
<trkpt lat="38.038440" lon="126.937860" sectionIndex="0" pointIndex="1532" originalElevation="41.1" isOriginalElevationFromOSM="true"><ele>41.7</ele></trkpt>
<trkpt lat="38.038330" lon="126.938580" sectionIndex="0" pointIndex="1533" originalElevation="42.3" isOriginalElevationFromOSM="true"><ele>41.8</ele></trkpt>
<trkpt lat="38.038290" lon="126.938930" sectionIndex="0" pointIndex="1534" originalElevation="42.5" isOriginalElevationFromOSM="true"><ele>42.5</ele></trkpt>
<trkpt lat="38.038210" lon="126.939300" sectionIndex="0" pointIndex="1535" originalElevation="42.7" isOriginalElevationFromOSM="true"><ele>43.2</ele></trkpt>
<trkpt lat="38.038110" lon="126.940020" sectionIndex="0" pointIndex="1536" originalElevation="43.8" isOriginalElevationFromOSM="true"><ele>44.1</ele></trkpt>
<trkpt lat="38.038040" lon="126.940350" sectionIndex="0" pointIndex="1537" originalElevation="44.9" isOriginalElevationFromOSM="true"><ele>45.1</ele></trkpt>
<trkpt lat="38.037970" lon="126.940810" sectionIndex="0" pointIndex="1538" originalElevation="46.7" isOriginalElevationFromOSM="true"><ele>47.0</ele></trkpt>
<trkpt lat="38.037690" lon="126.941410" sectionIndex="0" pointIndex="1539" originalElevation="47.3" isOriginalElevationFromOSM="true"><ele>48.9</ele></trkpt>
<trkpt lat="38.037230" lon="126.942270" sectionIndex="0" pointIndex="1540" originalElevation="52.3" isOriginalElevationFromOSM="true"><ele>50.5</ele></trkpt>
<trkpt lat="38.037120" lon="126.942540" sectionIndex="0" pointIndex="1541" originalElevation="53.2" isOriginalElevationFromOSM="true"><ele>52.0</ele></trkpt>
<trkpt lat="38.037100" lon="126.942680" sectionIndex="0" pointIndex="1542" originalElevation="53.0" isOriginalElevationFromOSM="true"><ele>53.7</ele></trkpt>
<trkpt lat="38.037120" lon="126.943120" sectionIndex="0" pointIndex="1543" originalElevation="54.1" isOriginalElevationFromOSM="true"><ele>54.5</ele></trkpt>
<trkpt lat="38.037210" lon="126.943370" sectionIndex="0" pointIndex="1544" originalElevation="55.9" isOriginalElevationFromOSM="true"><ele>55.2</ele></trkpt>
<trkpt lat="38.037350" lon="126.943610" sectionIndex="0" pointIndex="1545" originalElevation="56.5" isOriginalElevationFromOSM="true"><ele>56.0</ele></trkpt>
<trkpt lat="38.037460" lon="126.943760" sectionIndex="0" pointIndex="1546" originalElevation="56.4" isOriginalElevationFromOSM="true"><ele>57.2</ele></trkpt>
<trkpt lat="38.037700" lon="126.944030" sectionIndex="0" pointIndex="1547" originalElevation="56.9" isOriginalElevationFromOSM="true"><ele>58.4</ele></trkpt>
<trkpt lat="38.038620" lon="126.944830" sectionIndex="0" pointIndex="1548" originalElevation="60.3" isOriginalElevationFromOSM="true"><ele>59.6</ele></trkpt>
<trkpt lat="38.039070" lon="126.945260" sectionIndex="0" pointIndex="1549" originalElevation="61.7" isOriginalElevationFromOSM="true"><ele>61.1</ele></trkpt>
<trkpt lat="38.039290" lon="126.945450" sectionIndex="0" pointIndex="1550" originalElevation="62.9" isOriginalElevationFromOSM="true"><ele>62.4</ele></trkpt>
<trkpt lat="38.039560" lon="126.945780" sectionIndex="0" pointIndex="1551" originalElevation="63.9" isOriginalElevationFromOSM="true"><ele>62.7</ele></trkpt>
<trkpt lat="38.039810" lon="126.946370" sectionIndex="0" pointIndex="1552" originalElevation="63.2" isOriginalElevationFromOSM="true"><ele>63.0</ele></trkpt>
<trkpt lat="38.039920" lon="126.946690" sectionIndex="0" pointIndex="1553" originalElevation="61.6" isOriginalElevationFromOSM="true"><ele>63.5</ele></trkpt>
<trkpt lat="38.040080" lon="126.947360" sectionIndex="0" pointIndex="1554" originalElevation="63.4" isOriginalElevationFromOSM="true"><ele>64.3</ele></trkpt>
<trkpt lat="38.040320" lon="126.949450" sectionIndex="0" pointIndex="1555" originalElevation="65.3" isOriginalElevationFromOSM="true"><ele>65.8</ele></trkpt>
<trkpt lat="38.040390" lon="126.950090" sectionIndex="0" pointIndex="1556" originalElevation="67.8" isOriginalElevationFromOSM="true"><ele>68.5</ele></trkpt>
<trkpt lat="38.040360" lon="126.950630" sectionIndex="0" pointIndex="1557" originalElevation="70.8" isOriginalElevationFromOSM="true"><ele>71.4</ele></trkpt>
<trkpt lat="38.040270" lon="126.951630" sectionIndex="0" pointIndex="1558" originalElevation="75.3" isOriginalElevationFromOSM="true"><ele>74.1</ele></trkpt>
<trkpt lat="38.040190" lon="126.952740" sectionIndex="0" pointIndex="1559" originalElevation="77.9" isOriginalElevationFromOSM="true"><ele>76.4</ele></trkpt>
<trkpt lat="38.040170" lon="126.953390" sectionIndex="0" pointIndex="1560" originalElevation="78.8" isOriginalElevationFromOSM="true"><ele>78.3</ele></trkpt>
<trkpt lat="38.040190" lon="126.953700" sectionIndex="0" pointIndex="1561" originalElevation="79.0" isOriginalElevationFromOSM="true"><ele>79.0</ele></trkpt>
<trkpt lat="38.040320" lon="126.954340" sectionIndex="0" pointIndex="1562" originalElevation="80.3" isOriginalElevationFromOSM="true"><ele>79.0</ele></trkpt>
<trkpt lat="38.040500" lon="126.955150" sectionIndex="0" pointIndex="1563" originalElevation="78.9" isOriginalElevationFromOSM="true"><ele>80.7</ele></trkpt>
<trkpt lat="38.040550" lon="126.955540" sectionIndex="0" pointIndex="1564" originalElevation="78.2" isOriginalElevationFromOSM="true"><ele>82.4</ele></trkpt>
<trkpt lat="38.040540" lon="126.956630" sectionIndex="0" pointIndex="1565" originalElevation="87.0" isOriginalElevationFromOSM="true"><ele>84.0</ele></trkpt>
<trkpt lat="38.040500" lon="126.956740" sectionIndex="0" pointIndex="1566" originalElevation="87.5" isOriginalElevationFromOSM="true"><ele>86.0</ele></trkpt>
<trkpt lat="38.040480" lon="126.956850" sectionIndex="0" pointIndex="1567" originalElevation="88.4" isOriginalElevationFromOSM="true"><ele>88.0</ele></trkpt>
<trkpt lat="38.040340" lon="126.957050" sectionIndex="0" pointIndex="1568" originalElevation="88.7" isOriginalElevationFromOSM="true"><ele>88.4</ele></trkpt>
<trkpt lat="38.040100" lon="126.957270" sectionIndex="0" pointIndex="1569" originalElevation="88.2" isOriginalElevationFromOSM="true"><ele>88.9</ele></trkpt>
<trkpt lat="38.039960" lon="126.957440" sectionIndex="0" pointIndex="1570" originalElevation="89.1" isOriginalElevationFromOSM="true"><ele>90.0</ele></trkpt>
<trkpt lat="38.039940" lon="126.957540" sectionIndex="0" pointIndex="1571" originalElevation="90.1" isOriginalElevationFromOSM="true"><ele>92.2</ele></trkpt>
<trkpt lat="38.039870" lon="126.957980" sectionIndex="0" pointIndex="1572" originalElevation="93.9" isOriginalElevationFromOSM="true"><ele>95.0</ele></trkpt>
<trkpt lat="38.039810" lon="126.958940" sectionIndex="0" pointIndex="1573" originalElevation="99.9" isOriginalElevationFromOSM="true"><ele>98.8</ele></trkpt>
<trkpt lat="38.039760" lon="126.959300" sectionIndex="0" pointIndex="1574" originalElevation="102.1" isOriginalElevationFromOSM="true"><ele>102.4</ele></trkpt>
<trkpt lat="38.039470" lon="126.960370" sectionIndex="0" pointIndex="1575" originalElevation="108.0" isOriginalElevationFromOSM="true"><ele>106.0</ele></trkpt>
<trkpt lat="38.039330" lon="126.960680" sectionIndex="0" pointIndex="1576" originalElevation="108.2" isOriginalElevationFromOSM="true"><ele>109.4</ele></trkpt>
<trkpt lat="38.039050" lon="126.961170" sectionIndex="0" pointIndex="1577" originalElevation="111.8" isOriginalElevationFromOSM="true"><ele>112.0</ele></trkpt>
<trkpt lat="38.038700" lon="126.961650" sectionIndex="0" pointIndex="1578" originalElevation="117.0" isOriginalElevationFromOSM="true"><ele>113.5</ele></trkpt>
<trkpt lat="38.038230" lon="126.962350" sectionIndex="0" pointIndex="1579" originalElevation="115.2" isOriginalElevationFromOSM="true"><ele>114.8</ele></trkpt>
<trkpt lat="38.037940" lon="126.962870" sectionIndex="0" pointIndex="1580" originalElevation="115.6" isOriginalElevationFromOSM="true"><ele>116.5</ele></trkpt>
<trkpt lat="38.037660" lon="126.963420" sectionIndex="0" pointIndex="1581" originalElevation="114.6" isOriginalElevationFromOSM="true"><ele>117.4</ele></trkpt>
<trkpt lat="38.037120" lon="126.964560" sectionIndex="0" pointIndex="1582" originalElevation="120.4" isOriginalElevationFromOSM="true"><ele>118.9</ele></trkpt>
<trkpt lat="38.037090" lon="126.964730" sectionIndex="0" pointIndex="1583" originalElevation="121.2" isOriginalElevationFromOSM="true"><ele>120.5</ele></trkpt>
<trkpt lat="38.037050" lon="126.965120" sectionIndex="0" pointIndex="1584" originalElevation="122.7" isOriginalElevationFromOSM="true"><ele>122.2</ele></trkpt>
<trkpt lat="38.037070" lon="126.965410" sectionIndex="0" pointIndex="1585" originalElevation="123.4" isOriginalElevationFromOSM="true"><ele>122.8</ele></trkpt>
<trkpt lat="38.037120" lon="126.965690" sectionIndex="0" pointIndex="1586" originalElevation="123.5" isOriginalElevationFromOSM="true"><ele>123.3</ele></trkpt>
<trkpt lat="38.037180" lon="126.965790" sectionIndex="0" pointIndex="1587" originalElevation="123.3" isOriginalElevationFromOSM="true"><ele>123.4</ele></trkpt>
<trkpt lat="38.037320" lon="126.965970" sectionIndex="0" pointIndex="1588" originalElevation="123.5" isOriginalElevationFromOSM="true"><ele>124.3</ele></trkpt>
<trkpt lat="38.037500" lon="126.966060" sectionIndex="0" pointIndex="1589" originalElevation="123.3" isOriginalElevationFromOSM="true"><ele>125.5</ele></trkpt>
<trkpt lat="38.037790" lon="126.966260" sectionIndex="0" pointIndex="1590" originalElevation="127.9" isOriginalElevationFromOSM="true"><ele>127.3</ele></trkpt>
<trkpt lat="38.037860" lon="126.966350" sectionIndex="0" pointIndex="1591" originalElevation="129.4" isOriginalElevationFromOSM="true"><ele>129.5</ele></trkpt>
<trkpt lat="38.037950" lon="126.966580" sectionIndex="0" pointIndex="1592" originalElevation="132.6" isOriginalElevationFromOSM="true"><ele>131.8</ele></trkpt>
<trkpt lat="38.037940" lon="126.966930" sectionIndex="0" pointIndex="1593" originalElevation="134.1" isOriginalElevationFromOSM="true"><ele>132.4</ele></trkpt>
<trkpt lat="38.037860" lon="126.967340" sectionIndex="0" pointIndex="1594" originalElevation="135.3" isOriginalElevationFromOSM="true"><ele>131.8</ele></trkpt>
<trkpt lat="38.037930" lon="126.967600" sectionIndex="0" pointIndex="1595" originalElevation="130.5" isOriginalElevationFromOSM="true"><ele>129.9</ele></trkpt>
<trkpt lat="38.038160" lon="126.968060" sectionIndex="0" pointIndex="1596" originalElevation="126.8" isOriginalElevationFromOSM="true"><ele>126.3</ele></trkpt>
<trkpt lat="38.038260" lon="126.968300" sectionIndex="0" pointIndex="1597" originalElevation="123.0" isOriginalElevationFromOSM="true"><ele>121.8</ele></trkpt>
<trkpt lat="38.038290" lon="126.969050" sectionIndex="0" pointIndex="1598" originalElevation="116.1" isOriginalElevationFromOSM="true"><ele>118.2</ele></trkpt>
<trkpt lat="38.038400" lon="126.969690" sectionIndex="0" pointIndex="1599" originalElevation="112.9" isOriginalElevationFromOSM="true"><ele>115.2</ele></trkpt>
<trkpt lat="38.038440" lon="126.969930" sectionIndex="0" pointIndex="1600" originalElevation="112.1" isOriginalElevationFromOSM="true"><ele>112.9</ele></trkpt>
<trkpt lat="38.038490" lon="126.970050" sectionIndex="0" pointIndex="1601" originalElevation="111.8" isOriginalElevationFromOSM="true"><ele>111.9</ele></trkpt>
<trkpt lat="38.038600" lon="126.970240" sectionIndex="0" pointIndex="1602" originalElevation="111.6" isOriginalElevationFromOSM="true"><ele>111.5</ele></trkpt>
<trkpt lat="38.038730" lon="126.970420" sectionIndex="0" pointIndex="1603" originalElevation="111.3" isOriginalElevationFromOSM="true"><ele>111.0</ele></trkpt>
<trkpt lat="38.038910" lon="126.970590" sectionIndex="0" pointIndex="1604" originalElevation="110.6" isOriginalElevationFromOSM="true"><ele>110.5</ele></trkpt>
<trkpt lat="38.039050" lon="126.970700" sectionIndex="0" pointIndex="1605" originalElevation="109.9" isOriginalElevationFromOSM="true"><ele>110.3</ele></trkpt>
<trkpt lat="38.039190" lon="126.970780" sectionIndex="0" pointIndex="1606" originalElevation="109.3" isOriginalElevationFromOSM="true"><ele>110.0</ele></trkpt>
<trkpt lat="38.039450" lon="126.970790" sectionIndex="0" pointIndex="1607" originalElevation="110.2" isOriginalElevationFromOSM="true"><ele>109.6</ele></trkpt>
<trkpt lat="38.039520" lon="126.970830" sectionIndex="0" pointIndex="1608" originalElevation="109.8" isOriginalElevationFromOSM="true"><ele>108.8</ele></trkpt>
<trkpt lat="38.039630" lon="126.970950" sectionIndex="0" pointIndex="1609" originalElevation="108.8" isOriginalElevationFromOSM="true"><ele>107.8</ele></trkpt>
<trkpt lat="38.039720" lon="126.971280" sectionIndex="0" pointIndex="1610" originalElevation="106.0" isOriginalElevationFromOSM="true"><ele>106.8</ele></trkpt>
<trkpt lat="38.039810" lon="126.971810" sectionIndex="0" pointIndex="1611" originalElevation="104.3" isOriginalElevationFromOSM="true"><ele>105.5</ele></trkpt>
<trkpt lat="38.039820" lon="126.972060" sectionIndex="0" pointIndex="1612" originalElevation="105.3" isOriginalElevationFromOSM="true"><ele>104.0</ele></trkpt>
<trkpt lat="38.039650" lon="126.972240" sectionIndex="0" pointIndex="1613" originalElevation="103.2" isOriginalElevationFromOSM="true"><ele>102.1</ele></trkpt>
<trkpt lat="38.039470" lon="126.972330" sectionIndex="0" pointIndex="1614" originalElevation="101.0" isOriginalElevationFromOSM="true"><ele>100.1</ele></trkpt>
<trkpt lat="38.039130" lon="126.972430" sectionIndex="0" pointIndex="1615" originalElevation="96.7" isOriginalElevationFromOSM="true"><ele>97.6</ele></trkpt>
<trkpt lat="38.038930" lon="126.972510" sectionIndex="0" pointIndex="1616" originalElevation="94.2" isOriginalElevationFromOSM="true"><ele>95.5</ele></trkpt>
<trkpt lat="38.038820" lon="126.972530" sectionIndex="0" pointIndex="1617" originalElevation="92.8" isOriginalElevationFromOSM="true"><ele>93.9</ele></trkpt>
<trkpt lat="38.038640" lon="126.972650" sectionIndex="0" pointIndex="1618" originalElevation="92.8" isOriginalElevationFromOSM="true"><ele>92.8</ele></trkpt>
<trkpt lat="38.038290" lon="126.972970" sectionIndex="0" pointIndex="1619" originalElevation="92.8" isOriginalElevationFromOSM="true"><ele>91.8</ele></trkpt>
<trkpt lat="38.037900" lon="126.973390" sectionIndex="0" pointIndex="1620" originalElevation="91.4" isOriginalElevationFromOSM="true"><ele>90.7</ele></trkpt>
<trkpt lat="38.037230" lon="126.974030" sectionIndex="0" pointIndex="1621" originalElevation="89.1" isOriginalElevationFromOSM="true"><ele>89.2</ele></trkpt>
<trkpt lat="38.037050" lon="126.974230" sectionIndex="0" pointIndex="1622" originalElevation="87.5" isOriginalElevationFromOSM="true"><ele>87.2</ele></trkpt>
<trkpt lat="38.036870" lon="126.974450" sectionIndex="0" pointIndex="1623" originalElevation="85.2" isOriginalElevationFromOSM="true"><ele>85.4</ele></trkpt>
<trkpt lat="38.036700" lon="126.974710" sectionIndex="0" pointIndex="1624" originalElevation="82.8" isOriginalElevationFromOSM="true"><ele>83.7</ele></trkpt>
<trkpt lat="38.036550" lon="126.974970" sectionIndex="0" pointIndex="1625" originalElevation="82.5" isOriginalElevationFromOSM="true"><ele>81.5</ele></trkpt>
<trkpt lat="38.036200" lon="126.975440" sectionIndex="0" pointIndex="1626" originalElevation="80.3" isOriginalElevationFromOSM="true"><ele>78.1</ele></trkpt>
<trkpt lat="38.035870" lon="126.975740" sectionIndex="0" pointIndex="1627" originalElevation="76.5" isOriginalElevationFromOSM="true"><ele>73.1</ele></trkpt>
<trkpt lat="38.035440" lon="126.976090" sectionIndex="0" pointIndex="1628" originalElevation="68.5" isOriginalElevationFromOSM="true"><ele>68.8</ele></trkpt>
<trkpt lat="38.034740" lon="126.976620" sectionIndex="0" pointIndex="1629" originalElevation="57.9" isOriginalElevationFromOSM="true"><ele>63.4</ele></trkpt>
<trkpt lat="38.034030" lon="126.977240" sectionIndex="0" pointIndex="1630" originalElevation="60.9" isOriginalElevationFromOSM="true"><ele>58.4</ele></trkpt>
<trkpt lat="38.032850" lon="126.978700" sectionIndex="0" pointIndex="1631" originalElevation="53.4" isOriginalElevationFromOSM="true"><ele>54.6</ele></trkpt>
<trkpt lat="38.032260" lon="126.979480" sectionIndex="0" pointIndex="1632" originalElevation="51.3" isOriginalElevationFromOSM="true"><ele>52.5</ele></trkpt>
<trkpt lat="38.031970" lon="126.979800" sectionIndex="0" pointIndex="1633" originalElevation="49.5" isOriginalElevationFromOSM="true"><ele>49.6</ele></trkpt>
<trkpt lat="38.031780" lon="126.979980" sectionIndex="0" pointIndex="1634" originalElevation="47.2" isOriginalElevationFromOSM="true"><ele>46.9</ele></trkpt>
<trkpt lat="38.031580" lon="126.980140" sectionIndex="0" pointIndex="1635" originalElevation="46.5" isOriginalElevationFromOSM="true"><ele>44.3</ele></trkpt>
<trkpt lat="38.030430" lon="126.981020" sectionIndex="0" pointIndex="1636" originalElevation="40.1" isOriginalElevationFromOSM="true"><ele>41.9</ele></trkpt>
<trkpt lat="38.030160" lon="126.981380" sectionIndex="0" pointIndex="1637" originalElevation="38.3" isOriginalElevationFromOSM="true"><ele>40.1</ele></trkpt>
<trkpt lat="38.029910" lon="126.981820" sectionIndex="0" pointIndex="1638" originalElevation="37.6" isOriginalElevationFromOSM="true"><ele>38.4</ele></trkpt>
<trkpt lat="38.029840" lon="126.981910" sectionIndex="0" pointIndex="1639" originalElevation="37.9" isOriginalElevationFromOSM="true"><ele>38.1</ele></trkpt>
<trkpt lat="38.029670" lon="126.982040" sectionIndex="0" pointIndex="1640" originalElevation="38.2" isOriginalElevationFromOSM="true"><ele>38.3</ele></trkpt>
<trkpt lat="38.029490" lon="126.982130" sectionIndex="0" pointIndex="1641" originalElevation="38.4" isOriginalElevationFromOSM="true"><ele>38.9</ele></trkpt>
<trkpt lat="38.029230" lon="126.982300" sectionIndex="0" pointIndex="1642" originalElevation="39.2" isOriginalElevationFromOSM="true"><ele>39.5</ele></trkpt>
<trkpt lat="38.028820" lon="126.982770" sectionIndex="0" pointIndex="1643" originalElevation="40.7" isOriginalElevationFromOSM="true"><ele>39.9</ele></trkpt>
<trkpt lat="38.028590" lon="126.983050" sectionIndex="0" pointIndex="1644" originalElevation="41.0" isOriginalElevationFromOSM="true"><ele>40.2</ele></trkpt>
<trkpt lat="38.028390" lon="126.983250" sectionIndex="0" pointIndex="1645" originalElevation="40.1" isOriginalElevationFromOSM="true"><ele>40.5</ele></trkpt>
<trkpt lat="38.028230" lon="126.983380" sectionIndex="0" pointIndex="1646" originalElevation="40.1" isOriginalElevationFromOSM="true"><ele>40.8</ele></trkpt>
<trkpt lat="38.028080" lon="126.983480" sectionIndex="0" pointIndex="1647" originalElevation="40.8" isOriginalElevationFromOSM="true"><ele>41.7</ele></trkpt>
<trkpt lat="38.027910" lon="126.983620" sectionIndex="0" pointIndex="1648" originalElevation="42.1" isOriginalElevationFromOSM="true"><ele>42.5</ele></trkpt>
<trkpt lat="38.027070" lon="126.984170" sectionIndex="0" pointIndex="1649" originalElevation="45.4" isOriginalElevationFromOSM="true"><ele>43.1</ele></trkpt>
<trkpt lat="38.026710" lon="126.984290" sectionIndex="0" pointIndex="1650" originalElevation="44.0" isOriginalElevationFromOSM="true"><ele>43.3</ele></trkpt>
<trkpt lat="38.026470" lon="126.984330" sectionIndex="0" pointIndex="1651" originalElevation="43.0" isOriginalElevationFromOSM="true"><ele>43.1</ele></trkpt>
<trkpt lat="38.026290" lon="126.984330" sectionIndex="0" pointIndex="1652" originalElevation="42.1" isOriginalElevationFromOSM="true"><ele>42.6</ele></trkpt>
<trkpt lat="38.026160" lon="126.984250" sectionIndex="0" pointIndex="1653" originalElevation="40.9" isOriginalElevationFromOSM="true"><ele>42.6</ele></trkpt>
<trkpt lat="38.025840" lon="126.985000" sectionIndex="0" pointIndex="1654" originalElevation="43.2" isOriginalElevationFromOSM="true"><ele>43.0</ele></trkpt>
<trkpt lat="38.025800" lon="126.985410" sectionIndex="0" pointIndex="1655" originalElevation="44.0" isOriginalElevationFromOSM="true"><ele>44.1</ele></trkpt>
<trkpt lat="38.025820" lon="126.985560" sectionIndex="0" pointIndex="1656" originalElevation="44.9" isOriginalElevationFromOSM="true"><ele>45.3</ele></trkpt>
<trkpt lat="38.026020" lon="126.986410" sectionIndex="0" pointIndex="1657" originalElevation="47.3" isOriginalElevationFromOSM="true"><ele>45.9</ele></trkpt>
<trkpt lat="38.026090" lon="126.986620" sectionIndex="0" pointIndex="1658" originalElevation="47.1" isOriginalElevationFromOSM="true"><ele>46.3</ele></trkpt>
<trkpt lat="38.026160" lon="126.986780" sectionIndex="0" pointIndex="1659" originalElevation="46.4" isOriginalElevationFromOSM="true"><ele>46.6</ele></trkpt>
<trkpt lat="38.026184" lon="126.986810" sectionIndex="0" pointIndex="1660" originalElevation="46.0" isOriginalElevationFromOSM="false"><ele>46.3</ele></trkpt>
<trkpt lat="38.026213" lon="126.986853" sectionIndex="0" pointIndex="1661" originalElevation="46.0" isOriginalElevationFromOSM="false"><ele>46.1</ele></trkpt>
<trkpt lat="38.026242" lon="126.986896" sectionIndex="0" pointIndex="1662" originalElevation="46.0" isOriginalElevationFromOSM="false"><ele>46.0</ele></trkpt>
<trkpt lat="38.026272" lon="126.986939" sectionIndex="0" pointIndex="1663" originalElevation="46.0" isOriginalElevationFromOSM="false"><ele>46.0</ele></trkpt>
<trkpt lat="38.026301" lon="126.986982" sectionIndex="0" pointIndex="1664" originalElevation="46.0" isOriginalElevationFromOSM="false"><ele>46.0</ele></trkpt>
<trkpt lat="38.026330" lon="126.987025" sectionIndex="0" pointIndex="1665" originalElevation="46.0" isOriginalElevationFromOSM="false"><ele>46.0</ele></trkpt>
<trkpt lat="38.026360" lon="126.987068" sectionIndex="0" pointIndex="1666" originalElevation="46.0" isOriginalElevationFromOSM="false"><ele>46.0</ele></trkpt>
<trkpt lat="38.026389" lon="126.987111" sectionIndex="0" pointIndex="1667" originalElevation="46.0" isOriginalElevationFromOSM="false"><ele>46.0</ele></trkpt>
<trkpt lat="38.026418" lon="126.987155" sectionIndex="0" pointIndex="1668" originalElevation="46.0" isOriginalElevationFromOSM="false"><ele>46.0</ele></trkpt>
<trkpt lat="38.026448" lon="126.987198" sectionIndex="0" pointIndex="1669" originalElevation="46.0" isOriginalElevationFromOSM="false"><ele>46.0</ele></trkpt>
<trkpt lat="38.026477" lon="126.987241" sectionIndex="0" pointIndex="1670" originalElevation="46.0" isOriginalElevationFromOSM="false"><ele>46.0</ele></trkpt>
<trkpt lat="38.026507" lon="126.987284" sectionIndex="0" pointIndex="1671" originalElevation="46.0" isOriginalElevationFromOSM="false"><ele>46.0</ele></trkpt>
<trkpt lat="38.026518" lon="126.987300" sectionIndex="0" pointIndex="1672" originalElevation="46.0" isOriginalElevationFromOSM="false"><ele>46.0</ele></trkpt>
<trkpt lat="38.026542" lon="126.987348" sectionIndex="0" pointIndex="1673" originalElevation="46.0" isOriginalElevationFromOSM="false"><ele>46.0</ele></trkpt>
<trkpt lat="38.026566" lon="126.987396" sectionIndex="0" pointIndex="1674" originalElevation="46.0" isOriginalElevationFromOSM="false"><ele>46.0</ele></trkpt>
<trkpt lat="38.026591" lon="126.987444" sectionIndex="0" pointIndex="1675" originalElevation="46.0" isOriginalElevationFromOSM="false"><ele>45.0</ele></trkpt>
<trkpt lat="38.026615" lon="126.987492" sectionIndex="0" pointIndex="1676" originalElevation="46.0" isOriginalElevationFromOSM="false"><ele>44.0</ele></trkpt>
<trkpt lat="38.026639" lon="126.987540" sectionIndex="0" pointIndex="1677" originalElevation="41.0" isOriginalElevationFromOSM="false"><ele>43.4</ele></trkpt>
<trkpt lat="38.026664" lon="126.987588" sectionIndex="0" pointIndex="1678" originalElevation="41.0" isOriginalElevationFromOSM="false"><ele>42.8</ele></trkpt>
<trkpt lat="38.026688" lon="126.987636" sectionIndex="0" pointIndex="1679" originalElevation="43.0" isOriginalElevationFromOSM="false"><ele>42.2</ele></trkpt>
<trkpt lat="38.026712" lon="126.987684" sectionIndex="0" pointIndex="1680" originalElevation="43.0" isOriginalElevationFromOSM="false"><ele>42.6</ele></trkpt>
<trkpt lat="38.026736" lon="126.987732" sectionIndex="0" pointIndex="1681" originalElevation="43.0" isOriginalElevationFromOSM="false"><ele>43.0</ele></trkpt>
<trkpt lat="38.026761" lon="126.987780" sectionIndex="0" pointIndex="1682" originalElevation="43.0" isOriginalElevationFromOSM="false"><ele>43.0</ele></trkpt>
<trkpt lat="38.026785" lon="126.987828" sectionIndex="0" pointIndex="1683" originalElevation="43.0" isOriginalElevationFromOSM="false"><ele>43.0</ele></trkpt>
<trkpt lat="38.026809" lon="126.987876" sectionIndex="0" pointIndex="1684" originalElevation="43.0" isOriginalElevationFromOSM="false"><ele>43.0</ele></trkpt>
<trkpt lat="38.026834" lon="126.987924" sectionIndex="0" pointIndex="1685" originalElevation="43.0" isOriginalElevationFromOSM="false"><ele>43.0</ele></trkpt>
<trkpt lat="38.026856" lon="126.987967" sectionIndex="0" pointIndex="1686" originalElevation="43.0" isOriginalElevationFromOSM="false"><ele>43.0</ele></trkpt>
<trkpt lat="38.026867" lon="126.988022" sectionIndex="0" pointIndex="1687" originalElevation="43.0" isOriginalElevationFromOSM="false"><ele>43.0</ele></trkpt>
<trkpt lat="38.026879" lon="126.988076" sectionIndex="0" pointIndex="1688" originalElevation="43.0" isOriginalElevationFromOSM="false"><ele>43.0</ele></trkpt>
<trkpt lat="38.026891" lon="126.988131" sectionIndex="0" pointIndex="1689" originalElevation="43.0" isOriginalElevationFromOSM="false"><ele>43.0</ele></trkpt>
<trkpt lat="38.026903" lon="126.988186" sectionIndex="0" pointIndex="1690" originalElevation="43.0" isOriginalElevationFromOSM="false"><ele>43.0</ele></trkpt>
<trkpt lat="38.026915" lon="126.988241" sectionIndex="0" pointIndex="1691" originalElevation="43.0" isOriginalElevationFromOSM="false"><ele>42.2</ele></trkpt>
<trkpt lat="38.026927" lon="126.988296" sectionIndex="0" pointIndex="1692" originalElevation="43.0" isOriginalElevationFromOSM="false"><ele>41.4</ele></trkpt>
<trkpt lat="38.026939" lon="126.988351" sectionIndex="0" pointIndex="1693" originalElevation="39.0" isOriginalElevationFromOSM="false"><ele>40.6</ele></trkpt>
<trkpt lat="38.026951" lon="126.988406" sectionIndex="0" pointIndex="1694" originalElevation="39.0" isOriginalElevationFromOSM="false"><ele>39.8</ele></trkpt>
<trkpt lat="38.026963" lon="126.988461" sectionIndex="0" pointIndex="1695" originalElevation="39.0" isOriginalElevationFromOSM="false"><ele>39.0</ele></trkpt>
<trkpt lat="38.026975" lon="126.988516" sectionIndex="0" pointIndex="1696" originalElevation="39.0" isOriginalElevationFromOSM="false"><ele>39.0</ele></trkpt>
<trkpt lat="38.026987" lon="126.988571" sectionIndex="0" pointIndex="1697" originalElevation="39.0" isOriginalElevationFromOSM="false"><ele>39.0</ele></trkpt>
<trkpt lat="38.026998" lon="126.988626" sectionIndex="0" pointIndex="1698" originalElevation="39.0" isOriginalElevationFromOSM="false"><ele>39.0</ele></trkpt>
<trkpt lat="38.027010" lon="126.988681" sectionIndex="0" pointIndex="1699" originalElevation="39.0" isOriginalElevationFromOSM="false"><ele>39.0</ele></trkpt>
<trkpt lat="38.027022" lon="126.988736" sectionIndex="0" pointIndex="1700" originalElevation="39.0" isOriginalElevationFromOSM="false"><ele>39.0</ele></trkpt>
<trkpt lat="38.027034" lon="126.988791" sectionIndex="0" pointIndex="1701" originalElevation="39.0" isOriginalElevationFromOSM="false"><ele>39.0</ele></trkpt>
<trkpt lat="38.027046" lon="126.988846" sectionIndex="0" pointIndex="1702" originalElevation="39.0" isOriginalElevationFromOSM="false"><ele>39.0</ele></trkpt>
<trkpt lat="38.027058" lon="126.988901" sectionIndex="0" pointIndex="1703" originalElevation="39.0" isOriginalElevationFromOSM="false"><ele>39.0</ele></trkpt>
<trkpt lat="38.027063" lon="126.988923" sectionIndex="0" pointIndex="1704" originalElevation="39.0" isOriginalElevationFromOSM="false"><ele>39.0</ele></trkpt>
<trkpt lat="38.027097" lon="126.988961" sectionIndex="0" pointIndex="1705" originalElevation="39.0" isOriginalElevationFromOSM="false"><ele>39.0</ele></trkpt>
<trkpt lat="38.027131" lon="126.988998" sectionIndex="0" pointIndex="1706" originalElevation="39.0" isOriginalElevationFromOSM="false"><ele>39.0</ele></trkpt>
<trkpt lat="38.027165" lon="126.989035" sectionIndex="0" pointIndex="1707" originalElevation="39.0" isOriginalElevationFromOSM="false"><ele>39.0</ele></trkpt>
<trkpt lat="38.027199" lon="126.989073" sectionIndex="0" pointIndex="1708" originalElevation="39.0" isOriginalElevationFromOSM="false"><ele>39.0</ele></trkpt>
<trkpt lat="38.027233" lon="126.989110" sectionIndex="0" pointIndex="1709" originalElevation="39.0" isOriginalElevationFromOSM="false"><ele>38.4</ele></trkpt>
<trkpt lat="38.027267" lon="126.989147" sectionIndex="0" pointIndex="1710" originalElevation="39.0" isOriginalElevationFromOSM="false"><ele>37.8</ele></trkpt>
<trkpt lat="38.027300" lon="126.989185" sectionIndex="0" pointIndex="1711" originalElevation="36.0" isOriginalElevationFromOSM="false"><ele>37.2</ele></trkpt>
<trkpt lat="38.027334" lon="126.989222" sectionIndex="0" pointIndex="1712" originalElevation="36.0" isOriginalElevationFromOSM="false"><ele>36.6</ele></trkpt>
<trkpt lat="38.027368" lon="126.989259" sectionIndex="0" pointIndex="1713" originalElevation="36.0" isOriginalElevationFromOSM="false"><ele>36.0</ele></trkpt>
<trkpt lat="38.027402" lon="126.989297" sectionIndex="0" pointIndex="1714" originalElevation="36.0" isOriginalElevationFromOSM="false"><ele>36.0</ele></trkpt>
<trkpt lat="38.027436" lon="126.989334" sectionIndex="0" pointIndex="1715" originalElevation="36.0" isOriginalElevationFromOSM="false"><ele>37.0</ele></trkpt>
<trkpt lat="38.027470" lon="126.989371" sectionIndex="0" pointIndex="1716" originalElevation="36.0" isOriginalElevationFromOSM="false"><ele>38.0</ele></trkpt>
<trkpt lat="38.027504" lon="126.989409" sectionIndex="0" pointIndex="1717" originalElevation="41.0" isOriginalElevationFromOSM="false"><ele>39.0</ele></trkpt>
<trkpt lat="38.027538" lon="126.989446" sectionIndex="0" pointIndex="1718" originalElevation="41.0" isOriginalElevationFromOSM="false"><ele>40.0</ele></trkpt>
<trkpt lat="38.027572" lon="126.989483" sectionIndex="0" pointIndex="1719" originalElevation="41.0" isOriginalElevationFromOSM="false"><ele>41.0</ele></trkpt>
<trkpt lat="38.027606" lon="126.989521" sectionIndex="0" pointIndex="1720" originalElevation="41.0" isOriginalElevationFromOSM="false"><ele>41.0</ele></trkpt>
<trkpt lat="38.027640" lon="126.989558" sectionIndex="0" pointIndex="1721" originalElevation="41.0" isOriginalElevationFromOSM="false"><ele>41.0</ele></trkpt>
<trkpt lat="38.027674" lon="126.989595" sectionIndex="0" pointIndex="1722" originalElevation="41.0" isOriginalElevationFromOSM="false"><ele>41.0</ele></trkpt>
<trkpt lat="38.027708" lon="126.989633" sectionIndex="0" pointIndex="1723" originalElevation="41.0" isOriginalElevationFromOSM="false"><ele>41.0</ele></trkpt>
<trkpt lat="38.027742" lon="126.989670" sectionIndex="0" pointIndex="1724" originalElevation="41.0" isOriginalElevationFromOSM="false"><ele>41.0</ele></trkpt>
<trkpt lat="38.027776" lon="126.989707" sectionIndex="0" pointIndex="1725" originalElevation="41.0" isOriginalElevationFromOSM="false"><ele>41.0</ele></trkpt>
<trkpt lat="38.027810" lon="126.989745" sectionIndex="0" pointIndex="1726" originalElevation="41.0" isOriginalElevationFromOSM="false"><ele>41.0</ele></trkpt>
<trkpt lat="38.027844" lon="126.989782" sectionIndex="0" pointIndex="1727" originalElevation="41.0" isOriginalElevationFromOSM="false"><ele>41.0</ele></trkpt>
<trkpt lat="38.027878" lon="126.989819" sectionIndex="0" pointIndex="1728" originalElevation="41.0" isOriginalElevationFromOSM="false"><ele>39.6</ele></trkpt>
<trkpt lat="38.027896" lon="126.989840" sectionIndex="0" pointIndex="1729" originalElevation="41.0" isOriginalElevationFromOSM="false"><ele>40.3</ele></trkpt>
<trkpt lat="38.028286" lon="126.990564" sectionIndex="0" pointIndex="1730" originalElevation="34.0" isOriginalElevationFromOSM="false"><ele>40.9</ele></trkpt>
<trkpt lat="38.028660" lon="126.991370" sectionIndex="0" pointIndex="1731" originalElevation="44.4" isOriginalElevationFromOSM="true"><ele>41.6</ele></trkpt>
<trkpt lat="38.028810" lon="126.991580" sectionIndex="0" pointIndex="1732" originalElevation="44.3" isOriginalElevationFromOSM="true"><ele>42.4</ele></trkpt>
<trkpt lat="38.028960" lon="126.991730" sectionIndex="0" pointIndex="1733" originalElevation="44.5" isOriginalElevationFromOSM="true"><ele>44.4</ele></trkpt>
<trkpt lat="38.029200" lon="126.991910" sectionIndex="0" pointIndex="1734" originalElevation="44.6" isOriginalElevationFromOSM="true"><ele>44.1</ele></trkpt>
<trkpt lat="38.029730" lon="126.992180" sectionIndex="0" pointIndex="1735" originalElevation="44.0" isOriginalElevationFromOSM="true"><ele>43.6</ele></trkpt>
<trkpt lat="38.030290" lon="126.992360" sectionIndex="0" pointIndex="1736" originalElevation="43.2" isOriginalElevationFromOSM="true"><ele>43.1</ele></trkpt>
<trkpt lat="38.030610" lon="126.992510" sectionIndex="0" pointIndex="1737" originalElevation="41.7" isOriginalElevationFromOSM="true"><ele>43.0</ele></trkpt>
<trkpt lat="38.030700" lon="126.992620" sectionIndex="0" pointIndex="1738" originalElevation="42.0" isOriginalElevationFromOSM="true"><ele>43.4</ele></trkpt>
<trkpt lat="38.031010" lon="126.993390" sectionIndex="0" pointIndex="1739" originalElevation="44.1" isOriginalElevationFromOSM="true"><ele>45.9</ele></trkpt>
<trkpt lat="38.031100" lon="126.993870" sectionIndex="0" pointIndex="1740" originalElevation="45.8" isOriginalElevationFromOSM="true"><ele>48.8</ele></trkpt>
<trkpt lat="38.031210" lon="126.995130" sectionIndex="0" pointIndex="1741" originalElevation="55.7" isOriginalElevationFromOSM="true"><ele>52.0</ele></trkpt>
<trkpt lat="38.031270" lon="126.995310" sectionIndex="0" pointIndex="1742" originalElevation="56.2" isOriginalElevationFromOSM="true"><ele>55.1</ele></trkpt>
<trkpt lat="38.031470" lon="126.995610" sectionIndex="0" pointIndex="1743" originalElevation="58.0" isOriginalElevationFromOSM="true"><ele>58.1</ele></trkpt>
<trkpt lat="38.031920" lon="126.996110" sectionIndex="0" pointIndex="1744" originalElevation="59.8" isOriginalElevationFromOSM="true"><ele>59.7</ele></trkpt>
<trkpt lat="38.032230" lon="126.996370" sectionIndex="0" pointIndex="1745" originalElevation="60.6" isOriginalElevationFromOSM="true"><ele>63.2</ele></trkpt>
<trkpt lat="38.032730" lon="126.996730" sectionIndex="0" pointIndex="1746" originalElevation="64.1" isOriginalElevationFromOSM="true"><ele>61.6</ele></trkpt>
<trkpt lat="38.033560" lon="126.996970" sectionIndex="0" pointIndex="1747" originalElevation="73.4" isOriginalElevationFromOSM="true"><ele>58.0</ele></trkpt>
<trkpt lat="38.035150" lon="126.997370" sectionIndex="0" pointIndex="1748" originalElevation="50.2" isOriginalElevationFromOSM="true"><ele>53.3</ele></trkpt>
<trkpt lat="38.035780" lon="126.997780" sectionIndex="0" pointIndex="1749" originalElevation="41.7" isOriginalElevationFromOSM="true"><ele>47.1</ele></trkpt>
<trkpt lat="38.036160" lon="126.998040" sectionIndex="0" pointIndex="1750" originalElevation="37.3" isOriginalElevationFromOSM="true"><ele>38.9</ele></trkpt>
<trkpt lat="38.036720" lon="126.998360" sectionIndex="0" pointIndex="1751" originalElevation="32.8" isOriginalElevationFromOSM="true"><ele>35.4</ele></trkpt>
<trkpt lat="38.037480" lon="126.998870" sectionIndex="0" pointIndex="1752" originalElevation="32.6" isOriginalElevationFromOSM="true"><ele>33.3</ele></trkpt>
<trkpt lat="38.037790" lon="126.999080" sectionIndex="0" pointIndex="1753" originalElevation="32.6" isOriginalElevationFromOSM="true"><ele>32.4</ele></trkpt>
<trkpt lat="38.038230" lon="126.999430" sectionIndex="0" pointIndex="1754" originalElevation="31.3" isOriginalElevationFromOSM="true"><ele>32.5</ele></trkpt>
<trkpt lat="38.038670" lon="126.999940" sectionIndex="0" pointIndex="1755" originalElevation="32.5" isOriginalElevationFromOSM="true"><ele>32.3</ele></trkpt>
<trkpt lat="38.039160" lon="127.000640" sectionIndex="0" pointIndex="1756" originalElevation="33.4" isOriginalElevationFromOSM="true"><ele>31.5</ele></trkpt>
<trkpt lat="38.039850" lon="127.001570" sectionIndex="0" pointIndex="1757" originalElevation="31.8" isOriginalElevationFromOSM="true"><ele>31.0</ele></trkpt>
<trkpt lat="38.041710" lon="127.003490" sectionIndex="0" pointIndex="1758" originalElevation="28.3" isOriginalElevationFromOSM="true"><ele>31.3</ele></trkpt>
<trkpt lat="38.042400" lon="127.004570" sectionIndex="0" pointIndex="1759" originalElevation="28.9" isOriginalElevationFromOSM="true"><ele>31.9</ele></trkpt>
<trkpt lat="38.043600" lon="127.006890" sectionIndex="0" pointIndex="1760" originalElevation="34.3" isOriginalElevationFromOSM="true"><ele>32.6</ele></trkpt>
<trkpt lat="38.045050" lon="127.009490" sectionIndex="0" pointIndex="1761" originalElevation="36.0" isOriginalElevationFromOSM="true"><ele>34.0</ele></trkpt>
<trkpt lat="38.045450" lon="127.009910" sectionIndex="0" pointIndex="1762" originalElevation="35.6" isOriginalElevationFromOSM="true"><ele>35.8</ele></trkpt>
<trkpt lat="38.045650" lon="127.010050" sectionIndex="0" pointIndex="1763" originalElevation="35.2" isOriginalElevationFromOSM="true"><ele>36.3</ele></trkpt>
<trkpt lat="38.046160" lon="127.010230" sectionIndex="0" pointIndex="1764" originalElevation="38.0" isOriginalElevationFromOSM="true"><ele>36.4</ele></trkpt>
<trkpt lat="38.047440" lon="127.010440" sectionIndex="0" pointIndex="1765" originalElevation="36.7" isOriginalElevationFromOSM="true"><ele>37.0</ele></trkpt>
<trkpt lat="38.048440" lon="127.010570" sectionIndex="0" pointIndex="1766" originalElevation="36.6" isOriginalElevationFromOSM="true"><ele>38.2</ele></trkpt>
<trkpt lat="38.049980" lon="127.010570" sectionIndex="0" pointIndex="1767" originalElevation="38.6" isOriginalElevationFromOSM="true"><ele>38.8</ele></trkpt>
<trkpt lat="38.052900" lon="127.010960" sectionIndex="0" pointIndex="1768" originalElevation="41.1" isOriginalElevationFromOSM="true"><ele>39.1</ele></trkpt>
<trkpt lat="38.053100" lon="127.011020" sectionIndex="0" pointIndex="1769" originalElevation="41.1" isOriginalElevationFromOSM="true"><ele>39.1</ele></trkpt>
<trkpt lat="38.054600" lon="127.011990" sectionIndex="0" pointIndex="1770" originalElevation="38.3" isOriginalElevationFromOSM="true"><ele>38.4</ele></trkpt>
<trkpt lat="38.054860" lon="127.013110" sectionIndex="0" pointIndex="1771" originalElevation="36.5" isOriginalElevationFromOSM="true"><ele>37.0</ele></trkpt>
<trkpt lat="38.055250" lon="127.014550" sectionIndex="0" pointIndex="1772" originalElevation="34.8" isOriginalElevationFromOSM="true"><ele>35.4</ele></trkpt>
<trkpt lat="38.057000" lon="127.019220" sectionIndex="0" pointIndex="1773" originalElevation="34.4" isOriginalElevationFromOSM="true"><ele>34.3</ele></trkpt>
<trkpt lat="38.057914" lon="127.018545" sectionIndex="0" pointIndex="1774" originalElevation="33.0" isOriginalElevationFromOSM="false"><ele>33.6</ele></trkpt>
<trkpt lat="38.057956" lon="127.018526" sectionIndex="0" pointIndex="1775" originalElevation="33.0" isOriginalElevationFromOSM="false"><ele>33.3</ele></trkpt>
<trkpt lat="38.057999" lon="127.018508" sectionIndex="0" pointIndex="1776" originalElevation="33.0" isOriginalElevationFromOSM="false"><ele>33.0</ele></trkpt>
<trkpt lat="38.058041" lon="127.018489" sectionIndex="0" pointIndex="1777" originalElevation="33.0" isOriginalElevationFromOSM="false"><ele>33.0</ele></trkpt>
<trkpt lat="38.058084" lon="127.018471" sectionIndex="0" pointIndex="1778" originalElevation="33.0" isOriginalElevationFromOSM="false"><ele>33.0</ele></trkpt>
<trkpt lat="38.058126" lon="127.018452" sectionIndex="0" pointIndex="1779" originalElevation="33.0" isOriginalElevationFromOSM="false"><ele>33.0</ele></trkpt>
<trkpt lat="38.058169" lon="127.018434" sectionIndex="0" pointIndex="1780" originalElevation="33.0" isOriginalElevationFromOSM="false"><ele>33.0</ele></trkpt>
<trkpt lat="38.058184" lon="127.018427" sectionIndex="0" pointIndex="1781" originalElevation="33.0" isOriginalElevationFromOSM="false"><ele>33.0</ele></trkpt>
<trkpt lat="38.058195" lon="127.018482" sectionIndex="0" pointIndex="1782" originalElevation="33.0" isOriginalElevationFromOSM="false"><ele>33.0</ele></trkpt>
<trkpt lat="38.058206" lon="127.018538" sectionIndex="0" pointIndex="1783" originalElevation="33.0" isOriginalElevationFromOSM="false"><ele>33.0</ele></trkpt>
<trkpt lat="38.058216" lon="127.018593" sectionIndex="0" pointIndex="1784" originalElevation="33.0" isOriginalElevationFromOSM="false"><ele>33.0</ele></trkpt>
<trkpt lat="38.058227" lon="127.018649" sectionIndex="0" pointIndex="1785" originalElevation="33.0" isOriginalElevationFromOSM="false"><ele>33.0</ele></trkpt>
<trkpt lat="38.058238" lon="127.018704" sectionIndex="0" pointIndex="1786" originalElevation="33.0" isOriginalElevationFromOSM="false"><ele>33.0</ele></trkpt>
<trkpt lat="38.058248" lon="127.018759" sectionIndex="0" pointIndex="1787" originalElevation="33.0" isOriginalElevationFromOSM="false"><ele>33.0</ele></trkpt>
<trkpt lat="38.058259" lon="127.018815" sectionIndex="0" pointIndex="1788" originalElevation="33.0" isOriginalElevationFromOSM="false"><ele>33.0</ele></trkpt>
<trkpt lat="38.058270" lon="127.018870" sectionIndex="0" pointIndex="1789" originalElevation="33.0" isOriginalElevationFromOSM="false"><ele>33.0</ele></trkpt>
<trkpt lat="38.058281" lon="127.018926" sectionIndex="0" pointIndex="1790" originalElevation="33.0" isOriginalElevationFromOSM="false"><ele>33.0</ele></trkpt>
<trkpt lat="38.058281" lon="127.018928" sectionIndex="0" pointIndex="1791" originalElevation="33.0" isOriginalElevationFromOSM="false"><ele>33.6</ele></trkpt>
<trkpt lat="38.058325" lon="127.018919" sectionIndex="0" pointIndex="1792" originalElevation="33.0" isOriginalElevationFromOSM="false"><ele>34.2</ele></trkpt>
<trkpt lat="38.058370" lon="127.018911" sectionIndex="0" pointIndex="1793" originalElevation="36.0" isOriginalElevationFromOSM="false"><ele>34.8</ele></trkpt>
<trkpt lat="38.058414" lon="127.018902" sectionIndex="0" pointIndex="1794" originalElevation="36.0" isOriginalElevationFromOSM="false"><ele>35.4</ele></trkpt>
<trkpt lat="38.058423" lon="127.018900" sectionIndex="0" pointIndex="1795" originalElevation="36.0" isOriginalElevationFromOSM="false"><ele>35.6</ele></trkpt>
<trkpt lat="38.058629" lon="127.018625" sectionIndex="0" pointIndex="1796" originalElevation="36.0" isOriginalElevationFromOSM="false"><ele>35.3</ele></trkpt>
<trkpt lat="38.059180" lon="127.018420" sectionIndex="0" pointIndex="1797" originalElevation="34.0" isOriginalElevationFromOSM="true"><ele>35.0</ele></trkpt>
<trkpt lat="38.059480" lon="127.018410" sectionIndex="0" pointIndex="1798" originalElevation="34.4" isOriginalElevationFromOSM="true"><ele>34.9</ele></trkpt>
<trkpt lat="38.059840" lon="127.018490" sectionIndex="0" pointIndex="1799" originalElevation="34.8" isOriginalElevationFromOSM="true"><ele>34.8</ele></trkpt>
<trkpt lat="38.063210" lon="127.020030" sectionIndex="0" pointIndex="1800" originalElevation="35.1" isOriginalElevationFromOSM="true"><ele>35.2</ele></trkpt>
<trkpt lat="38.063570" lon="127.020130" sectionIndex="0" pointIndex="1801" originalElevation="35.6" isOriginalElevationFromOSM="true"><ele>36.1</ele></trkpt>
<trkpt lat="38.064960" lon="127.019920" sectionIndex="0" pointIndex="1802" originalElevation="36.0" isOriginalElevationFromOSM="true"><ele>36.6</ele></trkpt>
<trkpt lat="38.069240" lon="127.019210" sectionIndex="0" pointIndex="1803" originalElevation="38.8" isOriginalElevationFromOSM="true"><ele>37.0</ele></trkpt>
<trkpt lat="38.072000" lon="127.018600" sectionIndex="0" pointIndex="1804" originalElevation="37.5" isOriginalElevationFromOSM="true"><ele>37.2</ele></trkpt>
<trkpt lat="38.072510" lon="127.018540" sectionIndex="0" pointIndex="1805" originalElevation="37.2" isOriginalElevationFromOSM="true"><ele>37.7</ele></trkpt>
<trkpt lat="38.073160" lon="127.018540" sectionIndex="0" pointIndex="1806" originalElevation="36.3" isOriginalElevationFromOSM="true"><ele>38.6</ele></trkpt>
<trkpt lat="38.075510" lon="127.018660" sectionIndex="0" pointIndex="1807" originalElevation="38.9" isOriginalElevationFromOSM="true"><ele>40.3</ele></trkpt>
<trkpt lat="38.081220" lon="127.018680" sectionIndex="0" pointIndex="1808" originalElevation="43.0" isOriginalElevationFromOSM="true"><ele>41.1</ele></trkpt>
<trkpt lat="38.082400" lon="127.018720" sectionIndex="0" pointIndex="1809" originalElevation="46.1" isOriginalElevationFromOSM="true"><ele>41.5</ele></trkpt>
<trkpt lat="38.086020" lon="127.019650" sectionIndex="0" pointIndex="1810" originalElevation="41.2" isOriginalElevationFromOSM="true"><ele>41.7</ele></trkpt>
<trkpt lat="38.087490" lon="127.019890" sectionIndex="0" pointIndex="1811" originalElevation="38.6" isOriginalElevationFromOSM="true"><ele>41.4</ele></trkpt>
<trkpt lat="38.088070" lon="127.020060" sectionIndex="0" pointIndex="1812" originalElevation="39.6" isOriginalElevationFromOSM="true"><ele>40.4</ele></trkpt>
<trkpt lat="38.089410" lon="127.020560" sectionIndex="0" pointIndex="1813" originalElevation="41.6" isOriginalElevationFromOSM="true"><ele>39.4</ele></trkpt>
<trkpt lat="38.092680" lon="127.022000" sectionIndex="0" pointIndex="1814" originalElevation="40.9" isOriginalElevationFromOSM="true"><ele>39.2</ele></trkpt>
<trkpt lat="38.095730" lon="127.023330" sectionIndex="0" pointIndex="1815" originalElevation="36.2" isOriginalElevationFromOSM="true"><ele>38.9</ele></trkpt>
<trkpt lat="38.097510" lon="127.024150" sectionIndex="0" pointIndex="1816" originalElevation="37.9" isOriginalElevationFromOSM="true"><ele>38.2</ele></trkpt>
<trkpt lat="38.098090" lon="127.024380" sectionIndex="0" pointIndex="1817" originalElevation="37.9" isOriginalElevationFromOSM="true"><ele>37.6</ele></trkpt>
<trkpt lat="38.099300" lon="127.024800" sectionIndex="0" pointIndex="1818" originalElevation="37.9" isOriginalElevationFromOSM="true"><ele>38.0</ele></trkpt>
<trkpt lat="38.099550" lon="127.024970" sectionIndex="0" pointIndex="1819" originalElevation="38.0" isOriginalElevationFromOSM="true"><ele>38.2</ele></trkpt>
<trkpt lat="38.099900" lon="127.025350" sectionIndex="0" pointIndex="1820" originalElevation="38.2" isOriginalElevationFromOSM="true"><ele>38.6</ele></trkpt>
<trkpt lat="38.100800" lon="127.026730" sectionIndex="0" pointIndex="1821" originalElevation="39.2" isOriginalElevationFromOSM="true"><ele>39.2</ele></trkpt>
<trkpt lat="38.101800" lon="127.028180" sectionIndex="0" pointIndex="1822" originalElevation="39.9" isOriginalElevationFromOSM="true"><ele>39.6</ele></trkpt>
<trkpt lat="38.102810" lon="127.029430" sectionIndex="0" pointIndex="1823" originalElevation="40.8" isOriginalElevationFromOSM="true"><ele>40.0</ele></trkpt>
<trkpt lat="38.103740" lon="127.030460" sectionIndex="0" pointIndex="1824" originalElevation="40.0" isOriginalElevationFromOSM="true"><ele>40.0</ele></trkpt>
<trkpt lat="38.104060" lon="127.030790" sectionIndex="0" pointIndex="1825" originalElevation="40.0" isOriginalElevationFromOSM="true"><ele>40.0</ele></trkpt>
<trkpt lat="38.104420" lon="127.031260" sectionIndex="0" pointIndex="1826" originalElevation="39.6" isOriginalElevationFromOSM="true"><ele>40.8</ele></trkpt>
<trkpt lat="38.104700" lon="127.031690" sectionIndex="0" pointIndex="1827" originalElevation="39.7" isOriginalElevationFromOSM="true"><ele>41.6</ele></trkpt>
<trkpt lat="38.105610" lon="127.033640" sectionIndex="0" pointIndex="1828" originalElevation="44.5" isOriginalElevationFromOSM="true"><ele>42.7</ele></trkpt>
<trkpt lat="38.107370" lon="127.037230" sectionIndex="0" pointIndex="1829" originalElevation="44.1" isOriginalElevationFromOSM="true"><ele>43.9</ele></trkpt>
<trkpt lat="38.107970" lon="127.038350" sectionIndex="0" pointIndex="1830" originalElevation="45.5" isOriginalElevationFromOSM="true"><ele>45.2</ele></trkpt>
<trkpt lat="38.109340" lon="127.039610" sectionIndex="0" pointIndex="1831" originalElevation="45.8" isOriginalElevationFromOSM="true"><ele>45.7</ele></trkpt>
<trkpt lat="38.109580" lon="127.039890" sectionIndex="0" pointIndex="1832" originalElevation="46.1" isOriginalElevationFromOSM="true"><ele>46.7</ele></trkpt>
<trkpt lat="38.109810" lon="127.040500" sectionIndex="0" pointIndex="1833" originalElevation="46.9" isOriginalElevationFromOSM="true"><ele>48.0</ele></trkpt>
<trkpt lat="38.110040" lon="127.041200" sectionIndex="0" pointIndex="1834" originalElevation="49.4" isOriginalElevationFromOSM="true"><ele>49.2</ele></trkpt>
<trkpt lat="38.110340" lon="127.041810" sectionIndex="0" pointIndex="1835" originalElevation="51.8" isOriginalElevationFromOSM="true"><ele>50.6</ele></trkpt>
<trkpt lat="38.110660" lon="127.042120" sectionIndex="0" pointIndex="1836" originalElevation="51.7" isOriginalElevationFromOSM="true"><ele>51.6</ele></trkpt>
<trkpt lat="38.111540" lon="127.042810" sectionIndex="0" pointIndex="1837" originalElevation="53.0" isOriginalElevationFromOSM="true"><ele>52.4</ele></trkpt>
<trkpt lat="38.112040" lon="127.043610" sectionIndex="0" pointIndex="1838" originalElevation="52.4" isOriginalElevationFromOSM="true"><ele>52.2</ele></trkpt>
<trkpt lat="38.112650" lon="127.044360" sectionIndex="0" pointIndex="1839" originalElevation="53.0" isOriginalElevationFromOSM="true"><ele>52.2</ele></trkpt>
<trkpt lat="38.113330" lon="127.045130" sectionIndex="0" pointIndex="1840" originalElevation="50.8" isOriginalElevationFromOSM="true"><ele>52.9</ele></trkpt>
<trkpt lat="38.114130" lon="127.045820" sectionIndex="0" pointIndex="1841" originalElevation="51.9" isOriginalElevationFromOSM="true"><ele>53.7</ele></trkpt>
<trkpt lat="38.114980" lon="127.046890" sectionIndex="0" pointIndex="1842" originalElevation="56.3" isOriginalElevationFromOSM="true"><ele>54.1</ele></trkpt>
<trkpt lat="38.116260" lon="127.048450" sectionIndex="0" pointIndex="1843" originalElevation="56.5" isOriginalElevationFromOSM="true"><ele>55.3</ele></trkpt>
<trkpt lat="38.117180" lon="127.049140" sectionIndex="0" pointIndex="1844" originalElevation="54.9" isOriginalElevationFromOSM="true"><ele>57.2</ele></trkpt>
<trkpt lat="38.120980" lon="127.052340" sectionIndex="0" pointIndex="1845" originalElevation="57.1" isOriginalElevationFromOSM="true"><ele>58.2</ele></trkpt>
<trkpt lat="38.122140" lon="127.053210" sectionIndex="0" pointIndex="1846" originalElevation="61.1" isOriginalElevationFromOSM="true"><ele>59.1</ele></trkpt>
<trkpt lat="38.122240" lon="127.053320" sectionIndex="0" pointIndex="1847" originalElevation="61.2" isOriginalElevationFromOSM="true"><ele>60.5</ele></trkpt>
<trkpt lat="38.122910" lon="127.053720" sectionIndex="0" pointIndex="1848" originalElevation="61.3" isOriginalElevationFromOSM="true"><ele>61.7</ele></trkpt>
<trkpt lat="38.123110" lon="127.053880" sectionIndex="0" pointIndex="1849" originalElevation="61.9" isOriginalElevationFromOSM="true"><ele>63.0</ele></trkpt>
<trkpt lat="38.123430" lon="127.054200" sectionIndex="0" pointIndex="1850" originalElevation="62.9" isOriginalElevationFromOSM="true"><ele>64.0</ele></trkpt>
<trkpt lat="38.126750" lon="127.057820" sectionIndex="0" pointIndex="1851" originalElevation="67.5" isOriginalElevationFromOSM="true"><ele>65.8</ele></trkpt>
<trkpt lat="38.128110" lon="127.059340" sectionIndex="0" pointIndex="1852" originalElevation="66.6" isOriginalElevationFromOSM="true"><ele>67.8</ele></trkpt>
<trkpt lat="38.129010" lon="127.060310" sectionIndex="0" pointIndex="1853" originalElevation="70.4" isOriginalElevationFromOSM="true"><ele>69.7</ele></trkpt>
<trkpt lat="38.129640" lon="127.061030" sectionIndex="0" pointIndex="1854" originalElevation="71.8" isOriginalElevationFromOSM="true"><ele>71.0</ele></trkpt>
<trkpt lat="38.130560" lon="127.061990" sectionIndex="0" pointIndex="1855" originalElevation="72.2" isOriginalElevationFromOSM="true"><ele>72.7</ele></trkpt>
<trkpt lat="38.131540" lon="127.063140" sectionIndex="0" pointIndex="1856" originalElevation="74.2" isOriginalElevationFromOSM="true"><ele>74.6</ele></trkpt>
<trkpt lat="38.131760" lon="127.063470" sectionIndex="0" pointIndex="1857" originalElevation="74.7" isOriginalElevationFromOSM="true"><ele>77.3</ele></trkpt>
<trkpt lat="38.132160" lon="127.064330" sectionIndex="0" pointIndex="1858" originalElevation="80.0" isOriginalElevationFromOSM="true"><ele>80.8</ele></trkpt>
<trkpt lat="38.132580" lon="127.065330" sectionIndex="0" pointIndex="1859" originalElevation="85.5" isOriginalElevationFromOSM="true"><ele>84.9</ele></trkpt>
<trkpt lat="38.132680" lon="127.065720" sectionIndex="0" pointIndex="1860" originalElevation="89.5" isOriginalElevationFromOSM="true"><ele>88.7</ele></trkpt>
<trkpt lat="38.133050" lon="127.067410" sectionIndex="0" pointIndex="1861" originalElevation="94.7" isOriginalElevationFromOSM="true"><ele>91.1</ele></trkpt>
<trkpt lat="38.133150" lon="127.067750" sectionIndex="0" pointIndex="1862" originalElevation="93.9" isOriginalElevationFromOSM="true"><ele>91.8</ele></trkpt>
<trkpt lat="38.133290" lon="127.068060" sectionIndex="0" pointIndex="1863" originalElevation="91.8" isOriginalElevationFromOSM="true"><ele>91.7</ele></trkpt>
<trkpt lat="38.134250" lon="127.069470" sectionIndex="0" pointIndex="1864" originalElevation="88.9" isOriginalElevationFromOSM="true"><ele>90.5</ele></trkpt>
<trkpt lat="38.134330" lon="127.069630" sectionIndex="0" pointIndex="1865" originalElevation="89.3" isOriginalElevationFromOSM="true"><ele>87.9</ele></trkpt>
<trkpt lat="38.134390" lon="127.069980" sectionIndex="0" pointIndex="1866" originalElevation="88.8" isOriginalElevationFromOSM="true"><ele>85.7</ele></trkpt>
<trkpt lat="38.134670" lon="127.072230" sectionIndex="0" pointIndex="1867" originalElevation="80.7" isOriginalElevationFromOSM="true"><ele>84.2</ele></trkpt>
<trkpt lat="38.134692" lon="127.072415" sectionIndex="0" pointIndex="1868" originalElevation="81.0" isOriginalElevationFromOSM="false"><ele>82.3</ele></trkpt>
<trkpt lat="38.134691" lon="127.072472" sectionIndex="0" pointIndex="1869" originalElevation="81.0" isOriginalElevationFromOSM="false"><ele>80.5</ele></trkpt>
<trkpt lat="38.134691" lon="127.072529" sectionIndex="0" pointIndex="1870" originalElevation="80.0" isOriginalElevationFromOSM="false"><ele>80.4</ele></trkpt>
<trkpt lat="38.134691" lon="127.072586" sectionIndex="0" pointIndex="1871" originalElevation="80.0" isOriginalElevationFromOSM="false"><ele>80.2</ele></trkpt>
<trkpt lat="38.134691" lon="127.072643" sectionIndex="0" pointIndex="1872" originalElevation="80.0" isOriginalElevationFromOSM="false"><ele>80.0</ele></trkpt>
<trkpt lat="38.134691" lon="127.072700" sectionIndex="0" pointIndex="1873" originalElevation="80.0" isOriginalElevationFromOSM="false"><ele>80.0</ele></trkpt>
<trkpt lat="38.134691" lon="127.072708" sectionIndex="0" pointIndex="1874" originalElevation="80.0" isOriginalElevationFromOSM="false"><ele>80.0</ele></trkpt>
<trkpt lat="38.134670" lon="127.072758" sectionIndex="0" pointIndex="1875" originalElevation="80.0" isOriginalElevationFromOSM="false"><ele>80.0</ele></trkpt>
<trkpt lat="38.134648" lon="127.072808" sectionIndex="0" pointIndex="1876" originalElevation="80.0" isOriginalElevationFromOSM="false"><ele>80.0</ele></trkpt>
<trkpt lat="38.134626" lon="127.072858" sectionIndex="0" pointIndex="1877" originalElevation="80.0" isOriginalElevationFromOSM="false"><ele>80.0</ele></trkpt>
<trkpt lat="38.134605" lon="127.072908" sectionIndex="0" pointIndex="1878" originalElevation="80.0" isOriginalElevationFromOSM="false"><ele>80.0</ele></trkpt>
<trkpt lat="38.134583" lon="127.072958" sectionIndex="0" pointIndex="1879" originalElevation="80.0" isOriginalElevationFromOSM="false"><ele>80.0</ele></trkpt>
<trkpt lat="38.134565" lon="127.072999" sectionIndex="0" pointIndex="1880" originalElevation="80.0" isOriginalElevationFromOSM="false"><ele>80.0</ele></trkpt>
<trkpt lat="38.134591" lon="127.073046" sectionIndex="0" pointIndex="1881" originalElevation="80.0" isOriginalElevationFromOSM="false"><ele>80.0</ele></trkpt>
<trkpt lat="38.134617" lon="127.073093" sectionIndex="0" pointIndex="1882" originalElevation="80.0" isOriginalElevationFromOSM="false"><ele>80.0</ele></trkpt>
<trkpt lat="38.134642" lon="127.073139" sectionIndex="0" pointIndex="1883" originalElevation="80.0" isOriginalElevationFromOSM="false"><ele>80.0</ele></trkpt>
<trkpt lat="38.134668" lon="127.073186" sectionIndex="0" pointIndex="1884" originalElevation="80.0" isOriginalElevationFromOSM="false"><ele>80.0</ele></trkpt>
<trkpt lat="38.134694" lon="127.073233" sectionIndex="0" pointIndex="1885" originalElevation="80.0" isOriginalElevationFromOSM="false"><ele>80.0</ele></trkpt>
<trkpt lat="38.134720" lon="127.073280" sectionIndex="0" pointIndex="1886" originalElevation="80.0" isOriginalElevationFromOSM="false"><ele>79.4</ele></trkpt>
<trkpt lat="38.134746" lon="127.073326" sectionIndex="0" pointIndex="1887" originalElevation="80.0" isOriginalElevationFromOSM="false"><ele>78.8</ele></trkpt>
<trkpt lat="38.134771" lon="127.073373" sectionIndex="0" pointIndex="1888" originalElevation="77.0" isOriginalElevationFromOSM="false"><ele>77.0</ele></trkpt>
<trkpt lat="38.134774" lon="127.073379" sectionIndex="0" pointIndex="1889" originalElevation="77.0" isOriginalElevationFromOSM="false"><ele>75.2</ele></trkpt>
<trkpt lat="38.134866" lon="127.074243" sectionIndex="0" pointIndex="1890" originalElevation="71.0" isOriginalElevationFromOSM="false"><ele>73.6</ele></trkpt>
<trkpt lat="38.134977" lon="127.074925" sectionIndex="0" pointIndex="1891" originalElevation="71.0" isOriginalElevationFromOSM="false"><ele>72.7</ele></trkpt>
<trkpt lat="38.135144" lon="127.076368" sectionIndex="0" pointIndex="1892" originalElevation="72.0" isOriginalElevationFromOSM="false"><ele>71.7</ele></trkpt>
<trkpt lat="38.135240" lon="127.076840" sectionIndex="0" pointIndex="1893" originalElevation="72.3" isOriginalElevationFromOSM="true"><ele>71.8</ele></trkpt>
<trkpt lat="38.135510" lon="127.077940" sectionIndex="0" pointIndex="1894" originalElevation="72.0" isOriginalElevationFromOSM="true"><ele>72.0</ele></trkpt>
<trkpt lat="38.135580" lon="127.078210" sectionIndex="0" pointIndex="1895" originalElevation="71.7" isOriginalElevationFromOSM="true"><ele>71.8</ele></trkpt>
<trkpt lat="38.135730" lon="127.078740" sectionIndex="0" pointIndex="1896" originalElevation="71.9" isOriginalElevationFromOSM="true"><ele>71.7</ele></trkpt>
<trkpt lat="38.135764" lon="127.078917" sectionIndex="0" pointIndex="1897" originalElevation="71.0" isOriginalElevationFromOSM="false"><ele>71.7</ele></trkpt>
<trkpt lat="38.136488" lon="127.081732" sectionIndex="0" pointIndex="1898" originalElevation="72.0" isOriginalElevationFromOSM="false"><ele>71.8</ele></trkpt>
<trkpt lat="38.136510" lon="127.081800" sectionIndex="0" pointIndex="1899" originalElevation="72.0" isOriginalElevationFromOSM="true"><ele>71.8</ele></trkpt>
<trkpt lat="38.136500" lon="127.081810" sectionIndex="0" pointIndex="1900" originalElevation="72.0" isOriginalElevationFromOSM="true"><ele>72.1</ele></trkpt>
<trkpt lat="38.136340" lon="127.082030" sectionIndex="0" pointIndex="1901" originalElevation="72.2" isOriginalElevationFromOSM="true"><ele>72.4</ele></trkpt>
<trkpt lat="38.135750" lon="127.081310" sectionIndex="0" pointIndex="1902" originalElevation="72.3" isOriginalElevationFromOSM="true"><ele>72.2</ele></trkpt>
<trkpt lat="38.134960" lon="127.080500" sectionIndex="0" pointIndex="1903" originalElevation="73.5" isOriginalElevationFromOSM="true"><ele>72.0</ele></trkpt>
<trkpt lat="38.134180" lon="127.079870" sectionIndex="0" pointIndex="1904" originalElevation="71.2" isOriginalElevationFromOSM="true"><ele>71.6</ele></trkpt>
<trkpt lat="38.133360" lon="127.079240" sectionIndex="0" pointIndex="1905" originalElevation="71.0" isOriginalElevationFromOSM="true"><ele>71.1</ele></trkpt>
<trkpt lat="38.132468" lon="127.078586" sectionIndex="0" pointIndex="1906" originalElevation="70.0" isOriginalElevationFromOSM="false"><ele>70.3</ele></trkpt>
<trkpt lat="38.132285" lon="127.078452" sectionIndex="0" pointIndex="1907" originalElevation="70.0" isOriginalElevationFromOSM="false"><ele>70.4</ele></trkpt>
<trkpt lat="38.130290" lon="127.076990" sectionIndex="0" pointIndex="1908" originalElevation="69.5" isOriginalElevationFromOSM="true"><ele>70.4</ele></trkpt>
<trkpt lat="38.129910" lon="127.076750" sectionIndex="0" pointIndex="1909" originalElevation="71.6" isOriginalElevationFromOSM="true"><ele>70.5</ele></trkpt>
<trkpt lat="38.128820" lon="127.076160" sectionIndex="0" pointIndex="1910" originalElevation="70.7" isOriginalElevationFromOSM="true"><ele>70.7</ele></trkpt>
<trkpt lat="38.128270" lon="127.075930" sectionIndex="0" pointIndex="1911" originalElevation="70.7" isOriginalElevationFromOSM="true"><ele>72.2</ele></trkpt>
<trkpt lat="38.126660" lon="127.075840" sectionIndex="0" pointIndex="1912" originalElevation="71.0" isOriginalElevationFromOSM="true"><ele>72.8</ele></trkpt>
<trkpt lat="38.125460" lon="127.076060" sectionIndex="0" pointIndex="1913" originalElevation="76.9" isOriginalElevationFromOSM="true"><ele>72.8</ele></trkpt>
<trkpt lat="38.124470" lon="127.076360" sectionIndex="0" pointIndex="1914" originalElevation="74.8" isOriginalElevationFromOSM="true"><ele>72.5</ele></trkpt>
<trkpt lat="38.123820" lon="127.076460" sectionIndex="0" pointIndex="1915" originalElevation="70.9" isOriginalElevationFromOSM="true"><ele>71.8</ele></trkpt>
<trkpt lat="38.123240" lon="127.076510" sectionIndex="0" pointIndex="1916" originalElevation="68.8" isOriginalElevationFromOSM="true"><ele>69.9</ele></trkpt>
<trkpt lat="38.122740" lon="127.076530" sectionIndex="0" pointIndex="1917" originalElevation="67.7" isOriginalElevationFromOSM="true"><ele>68.2</ele></trkpt>
<trkpt lat="38.122390" lon="127.076520" sectionIndex="0" pointIndex="1918" originalElevation="67.2" isOriginalElevationFromOSM="true"><ele>68.3</ele></trkpt>
<trkpt lat="38.121830" lon="127.076470" sectionIndex="0" pointIndex="1919" originalElevation="66.5" isOriginalElevationFromOSM="true"><ele>68.8</ele></trkpt>
<trkpt lat="38.120770" lon="127.076220" sectionIndex="0" pointIndex="1920" originalElevation="71.1" isOriginalElevationFromOSM="true"><ele>70.2</ele></trkpt>
<trkpt lat="38.120470" lon="127.076130" sectionIndex="0" pointIndex="1921" originalElevation="71.7" isOriginalElevationFromOSM="true"><ele>70.0</ele></trkpt>
<trkpt lat="38.120040" lon="127.075950" sectionIndex="0" pointIndex="1922" originalElevation="74.6" isOriginalElevationFromOSM="true"><ele>70.0</ele></trkpt>
<trkpt lat="38.118000" lon="127.075010" sectionIndex="0" pointIndex="1923" originalElevation="66.2" isOriginalElevationFromOSM="true"><ele>69.0</ele></trkpt>
<trkpt lat="38.117760" lon="127.074940" sectionIndex="0" pointIndex="1924" originalElevation="66.3" isOriginalElevationFromOSM="true"><ele>67.5</ele></trkpt>
<trkpt lat="38.117450" lon="127.074870" sectionIndex="0" pointIndex="1925" originalElevation="66.4" isOriginalElevationFromOSM="true"><ele>65.4</ele></trkpt>
<trkpt lat="38.115330" lon="127.074620" sectionIndex="0" pointIndex="1926" originalElevation="64.1" isOriginalElevationFromOSM="true"><ele>65.4</ele></trkpt>
<trkpt lat="38.115010" lon="127.074640" sectionIndex="0" pointIndex="1927" originalElevation="64.0" isOriginalElevationFromOSM="true"><ele>64.9</ele></trkpt>
<trkpt lat="38.113690" lon="127.074880" sectionIndex="0" pointIndex="1928" originalElevation="66.3" isOriginalElevationFromOSM="true"><ele>64.5</ele></trkpt>
<trkpt lat="38.112680" lon="127.074970" sectionIndex="0" pointIndex="1929" originalElevation="63.5" isOriginalElevationFromOSM="true"><ele>64.6</ele></trkpt>
<trkpt lat="38.110620" lon="127.075220" sectionIndex="0" pointIndex="1930" originalElevation="64.6" isOriginalElevationFromOSM="true"><ele>64.6</ele></trkpt>
<trkpt lat="38.106900" lon="127.075670" sectionIndex="0" pointIndex="1931" originalElevation="64.6" isOriginalElevationFromOSM="true"><ele>64.1</ele></trkpt>
<trkpt lat="38.105700" lon="127.075770" sectionIndex="0" pointIndex="1932" originalElevation="63.9" isOriginalElevationFromOSM="true"><ele>63.7</ele></trkpt>
<trkpt lat="38.104470" lon="127.075550" sectionIndex="0" pointIndex="1933" originalElevation="63.8" isOriginalElevationFromOSM="true"><ele>63.1</ele></trkpt>
<trkpt lat="38.102460" lon="127.075150" sectionIndex="0" pointIndex="1934" originalElevation="61.8" isOriginalElevationFromOSM="true"><ele>62.3</ele></trkpt>
<trkpt lat="38.101480" lon="127.074940" sectionIndex="0" pointIndex="1935" originalElevation="61.6" isOriginalElevationFromOSM="true"><ele>61.3</ele></trkpt>
<trkpt lat="38.095570" lon="127.073940" sectionIndex="0" pointIndex="1936" originalElevation="60.4" isOriginalElevationFromOSM="true"><ele>60.2</ele></trkpt>
<trkpt lat="38.091740" lon="127.073270" sectionIndex="0" pointIndex="1937" originalElevation="59.0" isOriginalElevationFromOSM="true"><ele>59.3</ele></trkpt>
<trkpt lat="38.090980" lon="127.072750" sectionIndex="0" pointIndex="1938" originalElevation="58.0" isOriginalElevationFromOSM="true"><ele>58.8</ele></trkpt>
<trkpt lat="38.089900" lon="127.072150" sectionIndex="0" pointIndex="1939" originalElevation="57.4" isOriginalElevationFromOSM="true"><ele>59.0</ele></trkpt>
<trkpt lat="38.089500" lon="127.071900" sectionIndex="0" pointIndex="1940" originalElevation="59.4" isOriginalElevationFromOSM="true"><ele>59.4</ele></trkpt>
<trkpt lat="38.089200" lon="127.071790" sectionIndex="0" pointIndex="1941" originalElevation="61.0" isOriginalElevationFromOSM="true"><ele>60.0</ele></trkpt>
<trkpt lat="38.088960" lon="127.071750" sectionIndex="0" pointIndex="1942" originalElevation="61.1" isOriginalElevationFromOSM="true"><ele>60.5</ele></trkpt>
<trkpt lat="38.088710" lon="127.071740" sectionIndex="0" pointIndex="1943" originalElevation="60.9" isOriginalElevationFromOSM="true"><ele>60.6</ele></trkpt>
<trkpt lat="38.088290" lon="127.071780" sectionIndex="0" pointIndex="1944" originalElevation="60.0" isOriginalElevationFromOSM="true"><ele>60.3</ele></trkpt>
<trkpt lat="38.088100" lon="127.071810" sectionIndex="0" pointIndex="1945" originalElevation="59.9" isOriginalElevationFromOSM="true"><ele>60.0</ele></trkpt>
<trkpt lat="38.088000" lon="127.071840" sectionIndex="0" pointIndex="1946" originalElevation="59.8" isOriginalElevationFromOSM="true"><ele>59.5</ele></trkpt>
<trkpt lat="38.087850" lon="127.071930" sectionIndex="0" pointIndex="1947" originalElevation="59.3" isOriginalElevationFromOSM="true"><ele>59.5</ele></trkpt>
<trkpt lat="38.087650" lon="127.072110" sectionIndex="0" pointIndex="1948" originalElevation="58.5" isOriginalElevationFromOSM="true"><ele>59.3</ele></trkpt>
<trkpt lat="38.085610" lon="127.074190" sectionIndex="0" pointIndex="1949" originalElevation="59.9" isOriginalElevationFromOSM="true"><ele>59.3</ele></trkpt>
<trkpt lat="38.085110" lon="127.074830" sectionIndex="0" pointIndex="1950" originalElevation="58.9" isOriginalElevationFromOSM="true"><ele>59.5</ele></trkpt>
<trkpt lat="38.083450" lon="127.076950" sectionIndex="0" pointIndex="1951" originalElevation="59.7" isOriginalElevationFromOSM="true"><ele>60.0</ele></trkpt>
<trkpt lat="38.082900" lon="127.077670" sectionIndex="0" pointIndex="1952" originalElevation="60.5" isOriginalElevationFromOSM="true"><ele>60.6</ele></trkpt>
<trkpt lat="38.082480" lon="127.078170" sectionIndex="0" pointIndex="1953" originalElevation="60.8" isOriginalElevationFromOSM="true"><ele>63.3</ele></trkpt>
<trkpt lat="38.081000" lon="127.078650" sectionIndex="0" pointIndex="1954" originalElevation="63.4" isOriginalElevationFromOSM="true"><ele>66.4</ele></trkpt>
<trkpt lat="38.080280" lon="127.078840" sectionIndex="0" pointIndex="1955" originalElevation="72.0" isOriginalElevationFromOSM="true"><ele>69.8</ele></trkpt>
<trkpt lat="38.080040" lon="127.078870" sectionIndex="0" pointIndex="1956" originalElevation="75.3" isOriginalElevationFromOSM="true"><ele>72.5</ele></trkpt>
<trkpt lat="38.078850" lon="127.078750" sectionIndex="0" pointIndex="1957" originalElevation="77.4" isOriginalElevationFromOSM="true"><ele>74.6</ele></trkpt>
<trkpt lat="38.076800" lon="127.077340" sectionIndex="0" pointIndex="1958" originalElevation="74.2" isOriginalElevationFromOSM="true"><ele>75.4</ele></trkpt>
<trkpt lat="38.076730" lon="127.077580" sectionIndex="0" pointIndex="1959" originalElevation="74.3" isOriginalElevationFromOSM="true"><ele>75.7</ele></trkpt>
<trkpt lat="38.076450" lon="127.079310" sectionIndex="0" pointIndex="1960" originalElevation="76.0" isOriginalElevationFromOSM="true"><ele>75.5</ele></trkpt>
<trkpt lat="38.076380" lon="127.079530" sectionIndex="0" pointIndex="1961" originalElevation="76.4" isOriginalElevationFromOSM="true"><ele>75.9</ele></trkpt>
<trkpt lat="38.076100" lon="127.080150" sectionIndex="0" pointIndex="1962" originalElevation="76.6" isOriginalElevationFromOSM="true"><ele>76.5</ele></trkpt>
<trkpt lat="38.076000" lon="127.080450" sectionIndex="0" pointIndex="1963" originalElevation="76.4" isOriginalElevationFromOSM="true"><ele>77.1</ele></trkpt>
<trkpt lat="38.075890" lon="127.081290" sectionIndex="0" pointIndex="1964" originalElevation="77.2" isOriginalElevationFromOSM="true"><ele>77.5</ele></trkpt>
<trkpt lat="38.075820" lon="127.082220" sectionIndex="0" pointIndex="1965" originalElevation="78.7" isOriginalElevationFromOSM="true"><ele>78.1</ele></trkpt>
<trkpt lat="38.075830" lon="127.082400" sectionIndex="0" pointIndex="1966" originalElevation="78.9" isOriginalElevationFromOSM="true"><ele>78.7</ele></trkpt>
<trkpt lat="38.075860" lon="127.082730" sectionIndex="0" pointIndex="1967" originalElevation="79.1" isOriginalElevationFromOSM="true"><ele>79.2</ele></trkpt>
<trkpt lat="38.076000" lon="127.083530" sectionIndex="0" pointIndex="1968" originalElevation="79.6" isOriginalElevationFromOSM="true"><ele>81.0</ele></trkpt>
<trkpt lat="38.076060" lon="127.084050" sectionIndex="0" pointIndex="1969" originalElevation="79.5" isOriginalElevationFromOSM="true"><ele>82.5</ele></trkpt>
<trkpt lat="38.076310" lon="127.086640" sectionIndex="0" pointIndex="1970" originalElevation="87.7" isOriginalElevationFromOSM="true"><ele>83.9</ele></trkpt>
<trkpt lat="38.076330" lon="127.087210" sectionIndex="0" pointIndex="1971" originalElevation="86.8" isOriginalElevationFromOSM="true"><ele>85.1</ele></trkpt>
<trkpt lat="38.076270" lon="127.087670" sectionIndex="0" pointIndex="1972" originalElevation="85.8" isOriginalElevationFromOSM="true"><ele>86.1</ele></trkpt>
<trkpt lat="38.076220" lon="127.087870" sectionIndex="0" pointIndex="1973" originalElevation="85.5" isOriginalElevationFromOSM="true"><ele>85.1</ele></trkpt>
<trkpt lat="38.076110" lon="127.088150" sectionIndex="0" pointIndex="1974" originalElevation="84.6" isOriginalElevationFromOSM="true"><ele>86.0</ele></trkpt>
<trkpt lat="38.075840" lon="127.088630" sectionIndex="0" pointIndex="1975" originalElevation="82.8" isOriginalElevationFromOSM="true"><ele>88.0</ele></trkpt>
<trkpt lat="38.074980" lon="127.090030" sectionIndex="0" pointIndex="1976" originalElevation="91.5" isOriginalElevationFromOSM="true"><ele>90.7</ele></trkpt>
<trkpt lat="38.074780" lon="127.090240" sectionIndex="0" pointIndex="1977" originalElevation="95.7" isOriginalElevationFromOSM="true"><ele>94.2</ele></trkpt>
<trkpt lat="38.074570" lon="127.090400" sectionIndex="0" pointIndex="1978" originalElevation="99.0" isOriginalElevationFromOSM="true"><ele>98.4</ele></trkpt>
<trkpt lat="38.074290" lon="127.090510" sectionIndex="0" pointIndex="1979" originalElevation="102.1" isOriginalElevationFromOSM="true"><ele>102.7</ele></trkpt>
<trkpt lat="38.074060" lon="127.090540" sectionIndex="0" pointIndex="1980" originalElevation="103.9" isOriginalElevationFromOSM="true"><ele>106.1</ele></trkpt>
<trkpt lat="38.071980" lon="127.090380" sectionIndex="0" pointIndex="1981" originalElevation="112.6" isOriginalElevationFromOSM="true"><ele>109.0</ele></trkpt>
<trkpt lat="38.071750" lon="127.090340" sectionIndex="0" pointIndex="1982" originalElevation="113.1" isOriginalElevationFromOSM="true"><ele>111.5</ele></trkpt>
<trkpt lat="38.071500" lon="127.090300" sectionIndex="0" pointIndex="1983" originalElevation="113.5" isOriginalElevationFromOSM="true"><ele>115.7</ele></trkpt>
<trkpt lat="38.071150" lon="127.090210" sectionIndex="0" pointIndex="1984" originalElevation="114.5" isOriginalElevationFromOSM="true"><ele>117.2</ele></trkpt>
<trkpt lat="38.070080" lon="127.089860" sectionIndex="0" pointIndex="1985" originalElevation="124.7" isOriginalElevationFromOSM="true"><ele>118.3</ele></trkpt>
<trkpt lat="38.068940" lon="127.089560" sectionIndex="0" pointIndex="1986" originalElevation="120.3" isOriginalElevationFromOSM="true"><ele>119.0</ele></trkpt>
<trkpt lat="38.068670" lon="127.089520" sectionIndex="0" pointIndex="1987" originalElevation="118.5" isOriginalElevationFromOSM="true"><ele>119.0</ele></trkpt>
<trkpt lat="38.068530" lon="127.089540" sectionIndex="0" pointIndex="1988" originalElevation="117.0" isOriginalElevationFromOSM="true"><ele>116.7</ele></trkpt>
<trkpt lat="38.068370" lon="127.089610" sectionIndex="0" pointIndex="1989" originalElevation="114.3" isOriginalElevationFromOSM="true"><ele>115.2</ele></trkpt>
<trkpt lat="38.068260" lon="127.089690" sectionIndex="0" pointIndex="1990" originalElevation="113.4" isOriginalElevationFromOSM="true"><ele>113.3</ele></trkpt>
<trkpt lat="38.068130" lon="127.089840" sectionIndex="0" pointIndex="1991" originalElevation="112.9" isOriginalElevationFromOSM="true"><ele>109.7</ele></trkpt>
<trkpt lat="38.067600" lon="127.090720" sectionIndex="0" pointIndex="1992" originalElevation="109.1" isOriginalElevationFromOSM="true"><ele>106.3</ele></trkpt>
<trkpt lat="38.067030" lon="127.091810" sectionIndex="0" pointIndex="1993" originalElevation="98.7" isOriginalElevationFromOSM="true"><ele>100.3</ele></trkpt>
<trkpt lat="38.066890" lon="127.092260" sectionIndex="0" pointIndex="1994" originalElevation="97.7" isOriginalElevationFromOSM="true"><ele>93.8</ele></trkpt>
<trkpt lat="38.066340" lon="127.094480" sectionIndex="0" pointIndex="1995" originalElevation="83.3" isOriginalElevationFromOSM="true"><ele>87.7</ele></trkpt>
<trkpt lat="38.066220" lon="127.094910" sectionIndex="0" pointIndex="1996" originalElevation="80.0" isOriginalElevationFromOSM="true"><ele>83.4</ele></trkpt>
<trkpt lat="38.066140" lon="127.095130" sectionIndex="0" pointIndex="1997" originalElevation="78.6" isOriginalElevationFromOSM="true"><ele>79.5</ele></trkpt>
<trkpt lat="38.065970" lon="127.095510" sectionIndex="0" pointIndex="1998" originalElevation="77.3" isOriginalElevationFromOSM="true"><ele>78.7</ele></trkpt>
<trkpt lat="38.065710" lon="127.095910" sectionIndex="0" pointIndex="1999" originalElevation="78.4" isOriginalElevationFromOSM="true"><ele>78.8</ele></trkpt>
<trkpt lat="38.065630" lon="127.095990" sectionIndex="0" pointIndex="2000" originalElevation="79.4" isOriginalElevationFromOSM="true"><ele>79.3</ele></trkpt>
<trkpt lat="38.065560" lon="127.096030" sectionIndex="0" pointIndex="2001" originalElevation="80.1" isOriginalElevationFromOSM="true"><ele>81.0</ele></trkpt>
<trkpt lat="38.065400" lon="127.096070" sectionIndex="0" pointIndex="2002" originalElevation="81.5" isOriginalElevationFromOSM="true"><ele>82.4</ele></trkpt>
<trkpt lat="38.063970" lon="127.095930" sectionIndex="0" pointIndex="2003" originalElevation="85.7" isOriginalElevationFromOSM="true"><ele>83.5</ele></trkpt>
<trkpt lat="38.063770" lon="127.095980" sectionIndex="0" pointIndex="2004" originalElevation="85.3" isOriginalElevationFromOSM="true"><ele>84.9</ele></trkpt>
<trkpt lat="38.063480" lon="127.096160" sectionIndex="0" pointIndex="2005" originalElevation="84.8" isOriginalElevationFromOSM="true"><ele>86.2</ele></trkpt>
<trkpt lat="38.062530" lon="127.096860" sectionIndex="0" pointIndex="2006" originalElevation="87.1" isOriginalElevationFromOSM="true"><ele>86.9</ele></trkpt>
<trkpt lat="38.062360" lon="127.097010" sectionIndex="0" pointIndex="2007" originalElevation="88.2" isOriginalElevationFromOSM="true"><ele>87.8</ele></trkpt>
<trkpt lat="38.062220" lon="127.097190" sectionIndex="0" pointIndex="2008" originalElevation="89.1" isOriginalElevationFromOSM="true"><ele>88.9</ele></trkpt>
<trkpt lat="38.062100" lon="127.097390" sectionIndex="0" pointIndex="2009" originalElevation="89.9" isOriginalElevationFromOSM="true"><ele>89.6</ele></trkpt>
<trkpt lat="38.062020" lon="127.097590" sectionIndex="0" pointIndex="2010" originalElevation="90.3" isOriginalElevationFromOSM="true"><ele>90.2</ele></trkpt>
<trkpt lat="38.061970" lon="127.097800" sectionIndex="0" pointIndex="2011" originalElevation="90.6" isOriginalElevationFromOSM="true"><ele>90.8</ele></trkpt>
<trkpt lat="38.061960" lon="127.097970" sectionIndex="0" pointIndex="2012" originalElevation="91.1" isOriginalElevationFromOSM="true"><ele>91.2</ele></trkpt>
<trkpt lat="38.061980" lon="127.098240" sectionIndex="0" pointIndex="2013" originalElevation="92.1" isOriginalElevationFromOSM="true"><ele>91.5</ele></trkpt>
<trkpt lat="38.062090" lon="127.098770" sectionIndex="0" pointIndex="2014" originalElevation="92.0" isOriginalElevationFromOSM="true"><ele>91.7</ele></trkpt>
<trkpt lat="38.062220" lon="127.099230" sectionIndex="0" pointIndex="2015" originalElevation="91.5" isOriginalElevationFromOSM="true"><ele>91.7</ele></trkpt>
<trkpt lat="38.062560" lon="127.100080" sectionIndex="0" pointIndex="2016" originalElevation="91.6" isOriginalElevationFromOSM="true"><ele>91.2</ele></trkpt>
<trkpt lat="38.062680" lon="127.100480" sectionIndex="0" pointIndex="2017" originalElevation="91.1" isOriginalElevationFromOSM="true"><ele>90.7</ele></trkpt>
<trkpt lat="38.063070" lon="127.101920" sectionIndex="0" pointIndex="2018" originalElevation="90.0" isOriginalElevationFromOSM="true"><ele>90.3</ele></trkpt>
<trkpt lat="38.063110" lon="127.102270" sectionIndex="0" pointIndex="2019" originalElevation="89.5" isOriginalElevationFromOSM="true"><ele>89.9</ele></trkpt>
<trkpt lat="38.062970" lon="127.104080" sectionIndex="0" pointIndex="2020" originalElevation="89.1" isOriginalElevationFromOSM="true"><ele>89.6</ele></trkpt>
<trkpt lat="38.062930" lon="127.104350" sectionIndex="0" pointIndex="2021" originalElevation="89.6" isOriginalElevationFromOSM="true"><ele>89.5</ele></trkpt>
<trkpt lat="38.062700" lon="127.105340" sectionIndex="0" pointIndex="2022" originalElevation="89.7" isOriginalElevationFromOSM="true"><ele>89.5</ele></trkpt>
<trkpt lat="38.062640" lon="127.105700" sectionIndex="0" pointIndex="2023" originalElevation="89.4" isOriginalElevationFromOSM="true"><ele>90.1</ele></trkpt>
<trkpt lat="38.062640" lon="127.106030" sectionIndex="0" pointIndex="2024" originalElevation="89.8" isOriginalElevationFromOSM="true"><ele>90.8</ele></trkpt>
<trkpt lat="38.062710" lon="127.106660" sectionIndex="0" pointIndex="2025" originalElevation="91.8" isOriginalElevationFromOSM="true"><ele>91.6</ele></trkpt>
<trkpt lat="38.062720" lon="127.106990" sectionIndex="0" pointIndex="2026" originalElevation="93.3" isOriginalElevationFromOSM="true"><ele>91.9</ele></trkpt>
<trkpt lat="38.062660" lon="127.107220" sectionIndex="0" pointIndex="2027" originalElevation="93.7" isOriginalElevationFromOSM="true"><ele>92.2</ele></trkpt>
<trkpt lat="38.062240" lon="127.108210" sectionIndex="0" pointIndex="2028" originalElevation="91.1" isOriginalElevationFromOSM="true"><ele>92.2</ele></trkpt>
<trkpt lat="38.062170" lon="127.108370" sectionIndex="0" pointIndex="2029" originalElevation="91.0" isOriginalElevationFromOSM="true"><ele>92.2</ele></trkpt>
<trkpt lat="38.062140" lon="127.108540" sectionIndex="0" pointIndex="2030" originalElevation="91.8" isOriginalElevationFromOSM="true"><ele>92.3</ele></trkpt>
<trkpt lat="38.062130" lon="127.108820" sectionIndex="0" pointIndex="2031" originalElevation="93.2" isOriginalElevationFromOSM="true"><ele>92.9</ele></trkpt>
<trkpt lat="38.062200" lon="127.109870" sectionIndex="0" pointIndex="2032" originalElevation="94.4" isOriginalElevationFromOSM="true"><ele>93.5</ele></trkpt>
<trkpt lat="38.062250" lon="127.110030" sectionIndex="0" pointIndex="2033" originalElevation="94.3" isOriginalElevationFromOSM="true"><ele>93.9</ele></trkpt>
<trkpt lat="38.062350" lon="127.110180" sectionIndex="0" pointIndex="2034" originalElevation="93.8" isOriginalElevationFromOSM="true"><ele>94.0</ele></trkpt>
<trkpt lat="38.062900" lon="127.110680" sectionIndex="0" pointIndex="2035" originalElevation="93.6" isOriginalElevationFromOSM="true"><ele>94.0</ele></trkpt>
<trkpt lat="38.063130" lon="127.110940" sectionIndex="0" pointIndex="2036" originalElevation="93.8" isOriginalElevationFromOSM="true"><ele>93.8</ele></trkpt>
<trkpt lat="38.063280" lon="127.111170" sectionIndex="0" pointIndex="2037" originalElevation="94.4" isOriginalElevationFromOSM="true"><ele>93.5</ele></trkpt>
<trkpt lat="38.063910" lon="127.112210" sectionIndex="0" pointIndex="2038" originalElevation="93.5" isOriginalElevationFromOSM="true"><ele>93.0</ele></trkpt>
<trkpt lat="38.063650" lon="127.112540" sectionIndex="0" pointIndex="2039" originalElevation="92.1" isOriginalElevationFromOSM="true"><ele>92.5</ele></trkpt>
<trkpt lat="38.063480" lon="127.112680" sectionIndex="0" pointIndex="2040" originalElevation="91.3" isOriginalElevationFromOSM="true"><ele>91.7</ele></trkpt>
<trkpt lat="38.063410" lon="127.112710" sectionIndex="0" pointIndex="2041" originalElevation="91.0" isOriginalElevationFromOSM="true"><ele>91.0</ele></trkpt>
<trkpt lat="38.063200" lon="127.112720" sectionIndex="0" pointIndex="2042" originalElevation="90.5" isOriginalElevationFromOSM="true"><ele>90.6</ele></trkpt>
<trkpt lat="38.062930" lon="127.112640" sectionIndex="0" pointIndex="2043" originalElevation="90.2" isOriginalElevationFromOSM="true"><ele>90.1</ele></trkpt>
<trkpt lat="38.062690" lon="127.112620" sectionIndex="0" pointIndex="2044" originalElevation="89.8" isOriginalElevationFromOSM="true"><ele>89.7</ele></trkpt>
<trkpt lat="38.062380" lon="127.112710" sectionIndex="0" pointIndex="2045" originalElevation="89.1" isOriginalElevationFromOSM="true"><ele>89.4</ele></trkpt>
<trkpt lat="38.062210" lon="127.112830" sectionIndex="0" pointIndex="2046" originalElevation="88.8" isOriginalElevationFromOSM="true"><ele>89.3</ele></trkpt>
<trkpt lat="38.061880" lon="127.113090" sectionIndex="0" pointIndex="2047" originalElevation="89.0" isOriginalElevationFromOSM="true"><ele>89.1</ele></trkpt>
<trkpt lat="38.061730" lon="127.113260" sectionIndex="0" pointIndex="2048" originalElevation="89.6" isOriginalElevationFromOSM="true"><ele>88.9</ele></trkpt>
<trkpt lat="38.061150" lon="127.113970" sectionIndex="0" pointIndex="2049" originalElevation="88.8" isOriginalElevationFromOSM="true"><ele>88.7</ele></trkpt>
<trkpt lat="38.060950" lon="127.114100" sectionIndex="0" pointIndex="2050" originalElevation="88.3" isOriginalElevationFromOSM="true"><ele>87.8</ele></trkpt>
<trkpt lat="38.060790" lon="127.114160" sectionIndex="0" pointIndex="2051" originalElevation="87.6" isOriginalElevationFromOSM="true"><ele>86.5</ele></trkpt>
<trkpt lat="38.060560" lon="127.114190" sectionIndex="0" pointIndex="2052" originalElevation="84.8" isOriginalElevationFromOSM="true"><ele>85.1</ele></trkpt>
<trkpt lat="38.060370" lon="127.114190" sectionIndex="0" pointIndex="2053" originalElevation="83.0" isOriginalElevationFromOSM="true"><ele>83.5</ele></trkpt>
<trkpt lat="38.060180" lon="127.114150" sectionIndex="0" pointIndex="2054" originalElevation="81.8" isOriginalElevationFromOSM="true"><ele>81.9</ele></trkpt>
<trkpt lat="38.060010" lon="127.114100" sectionIndex="0" pointIndex="2055" originalElevation="80.6" isOriginalElevationFromOSM="true"><ele>81.1</ele></trkpt>
<trkpt lat="38.059300" lon="127.113800" sectionIndex="0" pointIndex="2056" originalElevation="79.3" isOriginalElevationFromOSM="true"><ele>81.4</ele></trkpt>
<trkpt lat="38.058810" lon="127.113500" sectionIndex="0" pointIndex="2057" originalElevation="80.8" isOriginalElevationFromOSM="true"><ele>82.2</ele></trkpt>
<trkpt lat="38.058470" lon="127.113180" sectionIndex="0" pointIndex="2058" originalElevation="84.3" isOriginalElevationFromOSM="true"><ele>83.6</ele></trkpt>
<trkpt lat="38.058340" lon="127.113020" sectionIndex="0" pointIndex="2059" originalElevation="85.8" isOriginalElevationFromOSM="true"><ele>86.0</ele></trkpt>
<trkpt lat="38.058250" lon="127.112840" sectionIndex="0" pointIndex="2060" originalElevation="87.7" isOriginalElevationFromOSM="true"><ele>88.1</ele></trkpt>
<trkpt lat="38.057710" lon="127.110920" sectionIndex="0" pointIndex="2061" originalElevation="91.2" isOriginalElevationFromOSM="true"><ele>89.6</ele></trkpt>
<trkpt lat="38.057490" lon="127.110240" sectionIndex="0" pointIndex="2062" originalElevation="91.3" isOriginalElevationFromOSM="true"><ele>91.1</ele></trkpt>
<trkpt lat="38.057390" lon="127.110000" sectionIndex="0" pointIndex="2063" originalElevation="92.2" isOriginalElevationFromOSM="true"><ele>93.7</ele></trkpt>
<trkpt lat="38.057200" lon="127.109680" sectionIndex="0" pointIndex="2064" originalElevation="93.2" isOriginalElevationFromOSM="true"><ele>95.9</ele></trkpt>
<trkpt lat="38.056330" lon="127.108470" sectionIndex="0" pointIndex="2065" originalElevation="100.6" isOriginalElevationFromOSM="true"><ele>98.3</ele></trkpt>
<trkpt lat="38.056150" lon="127.108300" sectionIndex="0" pointIndex="2066" originalElevation="102.2" isOriginalElevationFromOSM="true"><ele>100.3</ele></trkpt>
<trkpt lat="38.055930" lon="127.108170" sectionIndex="0" pointIndex="2067" originalElevation="103.6" isOriginalElevationFromOSM="true"><ele>100.3</ele></trkpt>
<trkpt lat="38.055650" lon="127.108070" sectionIndex="0" pointIndex="2068" originalElevation="102.0" isOriginalElevationFromOSM="true"><ele>98.8</ele></trkpt>
<trkpt lat="38.054450" lon="127.107740" sectionIndex="0" pointIndex="2069" originalElevation="93.4" isOriginalElevationFromOSM="true"><ele>96.8</ele></trkpt>
<trkpt lat="38.054230" lon="127.107720" sectionIndex="0" pointIndex="2070" originalElevation="92.7" isOriginalElevationFromOSM="true"><ele>94.5</ele></trkpt>
<trkpt lat="38.054010" lon="127.107740" sectionIndex="0" pointIndex="2071" originalElevation="92.4" isOriginalElevationFromOSM="true"><ele>92.4</ele></trkpt>
<trkpt lat="38.053320" lon="127.107880" sectionIndex="0" pointIndex="2072" originalElevation="91.9" isOriginalElevationFromOSM="true"><ele>92.0</ele></trkpt>
<trkpt lat="38.053070" lon="127.108020" sectionIndex="0" pointIndex="2073" originalElevation="91.7" isOriginalElevationFromOSM="true"><ele>91.3</ele></trkpt>
<trkpt lat="38.052980" lon="127.108120" sectionIndex="0" pointIndex="2074" originalElevation="91.4" isOriginalElevationFromOSM="true"><ele>90.6</ele></trkpt>
<trkpt lat="38.052630" lon="127.108670" sectionIndex="0" pointIndex="2075" originalElevation="89.3" isOriginalElevationFromOSM="true"><ele>89.9</ele></trkpt>
<trkpt lat="38.052540" lon="127.108760" sectionIndex="0" pointIndex="2076" originalElevation="88.7" isOriginalElevationFromOSM="true"><ele>89.6</ele></trkpt>
<trkpt lat="38.052430" lon="127.108820" sectionIndex="0" pointIndex="2077" originalElevation="88.5" isOriginalElevationFromOSM="true"><ele>89.4</ele></trkpt>
<trkpt lat="38.051870" lon="127.109020" sectionIndex="0" pointIndex="2078" originalElevation="90.0" isOriginalElevationFromOSM="true"><ele>89.7</ele></trkpt>
<trkpt lat="38.051750" lon="127.109060" sectionIndex="0" pointIndex="2079" originalElevation="90.5" isOriginalElevationFromOSM="true"><ele>90.2</ele></trkpt>
<trkpt lat="38.051580" lon="127.109070" sectionIndex="0" pointIndex="2080" originalElevation="90.9" isOriginalElevationFromOSM="true"><ele>90.7</ele></trkpt>
<trkpt lat="38.051420" lon="127.109060" sectionIndex="0" pointIndex="2081" originalElevation="91.0" isOriginalElevationFromOSM="true"><ele>90.9</ele></trkpt>
<trkpt lat="38.050950" lon="127.108920" sectionIndex="0" pointIndex="2082" originalElevation="91.0" isOriginalElevationFromOSM="true"><ele>91.0</ele></trkpt>
<trkpt lat="38.050720" lon="127.108930" sectionIndex="0" pointIndex="2083" originalElevation="91.1" isOriginalElevationFromOSM="true"><ele>91.0</ele></trkpt>
<trkpt lat="38.050600" lon="127.108980" sectionIndex="0" pointIndex="2084" originalElevation="91.1" isOriginalElevationFromOSM="true"><ele>90.2</ele></trkpt>
<trkpt lat="38.050080" lon="127.109280" sectionIndex="0" pointIndex="2085" originalElevation="90.7" isOriginalElevationFromOSM="true"><ele>89.2</ele></trkpt>
<trkpt lat="38.049370" lon="127.109770" sectionIndex="0" pointIndex="2086" originalElevation="87.0" isOriginalElevationFromOSM="true"><ele>88.3</ele></trkpt>
<trkpt lat="38.049190" lon="127.109870" sectionIndex="0" pointIndex="2087" originalElevation="85.9" isOriginalElevationFromOSM="true"><ele>88.6</ele></trkpt>
<trkpt lat="38.048980" lon="127.109940" sectionIndex="0" pointIndex="2088" originalElevation="87.0" isOriginalElevationFromOSM="true"><ele>88.7</ele></trkpt>
<trkpt lat="38.048170" lon="127.110010" sectionIndex="0" pointIndex="2089" originalElevation="92.3" isOriginalElevationFromOSM="true"><ele>89.2</ele></trkpt>
<trkpt lat="38.047970" lon="127.110050" sectionIndex="0" pointIndex="2090" originalElevation="91.3" isOriginalElevationFromOSM="true"><ele>89.6</ele></trkpt>
<trkpt lat="38.047500" lon="127.110240" sectionIndex="0" pointIndex="2091" originalElevation="89.4" isOriginalElevationFromOSM="true"><ele>89.7</ele></trkpt>
<trkpt lat="38.047020" lon="127.110460" sectionIndex="0" pointIndex="2092" originalElevation="88.1" isOriginalElevationFromOSM="true"><ele>88.5</ele></trkpt>
<trkpt lat="38.046230" lon="127.111070" sectionIndex="0" pointIndex="2093" originalElevation="87.3" isOriginalElevationFromOSM="true"><ele>86.2</ele></trkpt>
<trkpt lat="38.045830" lon="127.111310" sectionIndex="0" pointIndex="2094" originalElevation="86.4" isOriginalElevationFromOSM="true"><ele>83.9</ele></trkpt>
<trkpt lat="38.044480" lon="127.112200" sectionIndex="0" pointIndex="2095" originalElevation="79.8" isOriginalElevationFromOSM="true"><ele>81.9</ele></trkpt>
<trkpt lat="38.043490" lon="127.112890" sectionIndex="0" pointIndex="2096" originalElevation="78.1" isOriginalElevationFromOSM="true"><ele>79.9</ele></trkpt>
<trkpt lat="38.043360" lon="127.112950" sectionIndex="0" pointIndex="2097" originalElevation="77.7" isOriginalElevationFromOSM="true"><ele>77.9</ele></trkpt>
<trkpt lat="38.043230" lon="127.112970" sectionIndex="0" pointIndex="2098" originalElevation="77.4" isOriginalElevationFromOSM="true"><ele>77.1</ele></trkpt>
<trkpt lat="38.042770" lon="127.112930" sectionIndex="0" pointIndex="2099" originalElevation="76.5" isOriginalElevationFromOSM="true"><ele>76.6</ele></trkpt>
<trkpt lat="38.042190" lon="127.112960" sectionIndex="0" pointIndex="2100" originalElevation="75.7" isOriginalElevationFromOSM="true"><ele>76.1</ele></trkpt>
<trkpt lat="38.042060" lon="127.112940" sectionIndex="0" pointIndex="2101" originalElevation="75.5" isOriginalElevationFromOSM="true"><ele>75.6</ele></trkpt>
<trkpt lat="38.041940" lon="127.112870" sectionIndex="0" pointIndex="2102" originalElevation="75.3" isOriginalElevationFromOSM="true"><ele>75.1</ele></trkpt>
<trkpt lat="38.041710" lon="127.112650" sectionIndex="0" pointIndex="2103" originalElevation="75.0" isOriginalElevationFromOSM="true"><ele>74.2</ele></trkpt>
<trkpt lat="38.041570" lon="127.112450" sectionIndex="0" pointIndex="2104" originalElevation="74.2" isOriginalElevationFromOSM="true"><ele>73.1</ele></trkpt>
<trkpt lat="38.041220" lon="127.111840" sectionIndex="0" pointIndex="2105" originalElevation="70.8" isOriginalElevationFromOSM="true"><ele>72.2</ele></trkpt>
<trkpt lat="38.041100" lon="127.111570" sectionIndex="0" pointIndex="2106" originalElevation="70.4" isOriginalElevationFromOSM="true"><ele>71.2</ele></trkpt>
<trkpt lat="38.040800" lon="127.110600" sectionIndex="0" pointIndex="2107" originalElevation="70.7" isOriginalElevationFromOSM="true"><ele>70.3</ele></trkpt>
<trkpt lat="38.040710" lon="127.110430" sectionIndex="0" pointIndex="2108" originalElevation="70.1" isOriginalElevationFromOSM="true"><ele>70.0</ele></trkpt>
<trkpt lat="38.040610" lon="127.110270" sectionIndex="0" pointIndex="2109" originalElevation="69.6" isOriginalElevationFromOSM="true"><ele>68.9</ele></trkpt>
<trkpt lat="38.040470" lon="127.110140" sectionIndex="0" pointIndex="2110" originalElevation="69.2" isOriginalElevationFromOSM="true"><ele>67.7</ele></trkpt>
<trkpt lat="38.039620" lon="127.109400" sectionIndex="0" pointIndex="2111" originalElevation="64.7" isOriginalElevationFromOSM="true"><ele>66.7</ele></trkpt>
<trkpt lat="38.039460" lon="127.109240" sectionIndex="0" pointIndex="2112" originalElevation="64.7" isOriginalElevationFromOSM="true"><ele>65.9</ele></trkpt>
<trkpt lat="38.039350" lon="127.109100" sectionIndex="0" pointIndex="2113" originalElevation="65.2" isOriginalElevationFromOSM="true"><ele>65.4</ele></trkpt>
<trkpt lat="38.039240" lon="127.108920" sectionIndex="0" pointIndex="2114" originalElevation="65.7" isOriginalElevationFromOSM="true"><ele>64.8</ele></trkpt>
<trkpt lat="38.039100" lon="127.108600" sectionIndex="0" pointIndex="2115" originalElevation="66.8" isOriginalElevationFromOSM="true"><ele>63.7</ele></trkpt>
<trkpt lat="38.038280" lon="127.106330" sectionIndex="0" pointIndex="2116" originalElevation="61.6" isOriginalElevationFromOSM="true"><ele>62.2</ele></trkpt>
<trkpt lat="38.038110" lon="127.105920" sectionIndex="0" pointIndex="2117" originalElevation="59.1" isOriginalElevationFromOSM="true"><ele>60.6</ele></trkpt>
<trkpt lat="38.038000" lon="127.105710" sectionIndex="0" pointIndex="2118" originalElevation="58.0" isOriginalElevationFromOSM="true"><ele>58.1</ele></trkpt>
<trkpt lat="38.037940" lon="127.105620" sectionIndex="0" pointIndex="2119" originalElevation="57.4" isOriginalElevationFromOSM="true"><ele>57.2</ele></trkpt>
<trkpt lat="38.037650" lon="127.105360" sectionIndex="0" pointIndex="2120" originalElevation="54.6" isOriginalElevationFromOSM="true"><ele>57.2</ele></trkpt>
<trkpt lat="38.036940" lon="127.104830" sectionIndex="0" pointIndex="2121" originalElevation="56.9" isOriginalElevationFromOSM="true"><ele>57.9</ele></trkpt>
<trkpt lat="38.036280" lon="127.104270" sectionIndex="0" pointIndex="2122" originalElevation="59.1" isOriginalElevationFromOSM="true"><ele>60.4</ele></trkpt>
<trkpt lat="38.035620" lon="127.103610" sectionIndex="0" pointIndex="2123" originalElevation="61.6" isOriginalElevationFromOSM="true"><ele>63.8</ele></trkpt>
<trkpt lat="38.035220" lon="127.103230" sectionIndex="0" pointIndex="2124" originalElevation="69.6" isOriginalElevationFromOSM="true"><ele>66.6</ele></trkpt>
<trkpt lat="38.034890" lon="127.102980" sectionIndex="0" pointIndex="2125" originalElevation="71.9" isOriginalElevationFromOSM="true"><ele>68.8</ele></trkpt>
<trkpt lat="38.034630" lon="127.102830" sectionIndex="0" pointIndex="2126" originalElevation="70.8" isOriginalElevationFromOSM="true"><ele>70.4</ele></trkpt>
<trkpt lat="38.034430" lon="127.102760" sectionIndex="0" pointIndex="2127" originalElevation="70.0" isOriginalElevationFromOSM="true"><ele>70.0</ele></trkpt>
<trkpt lat="38.033600" lon="127.102800" sectionIndex="0" pointIndex="2128" originalElevation="69.5" isOriginalElevationFromOSM="true"><ele>69.6</ele></trkpt>
<trkpt lat="38.032460" lon="127.102740" sectionIndex="0" pointIndex="2129" originalElevation="67.6" isOriginalElevationFromOSM="true"><ele>69.5</ele></trkpt>
<trkpt lat="38.032230" lon="127.104910" sectionIndex="0" pointIndex="2130" originalElevation="70.3" isOriginalElevationFromOSM="true"><ele>69.1</ele></trkpt>
<trkpt lat="38.032150" lon="127.105430" sectionIndex="0" pointIndex="2131" originalElevation="69.9" isOriginalElevationFromOSM="true"><ele>69.1</ele></trkpt>
<trkpt lat="38.031820" lon="127.106710" sectionIndex="0" pointIndex="2132" originalElevation="68.3" isOriginalElevationFromOSM="true"><ele>69.6</ele></trkpt>
<trkpt lat="38.031730" lon="127.107270" sectionIndex="0" pointIndex="2133" originalElevation="69.6" isOriginalElevationFromOSM="true"><ele>69.6</ele></trkpt>
<trkpt lat="38.031570" lon="127.108720" sectionIndex="0" pointIndex="2134" originalElevation="69.8" isOriginalElevationFromOSM="true"><ele>69.9</ele></trkpt>
<trkpt lat="38.031470" lon="127.109320" sectionIndex="0" pointIndex="2135" originalElevation="70.5" isOriginalElevationFromOSM="true"><ele>70.7</ele></trkpt>
<trkpt lat="38.031280" lon="127.110020" sectionIndex="0" pointIndex="2136" originalElevation="71.4" isOriginalElevationFromOSM="true"><ele>71.4</ele></trkpt>
<trkpt lat="38.031160" lon="127.110320" sectionIndex="0" pointIndex="2137" originalElevation="72.3" isOriginalElevationFromOSM="true"><ele>71.8</ele></trkpt>
<trkpt lat="38.030890" lon="127.110790" sectionIndex="0" pointIndex="2138" originalElevation="73.0" isOriginalElevationFromOSM="true"><ele>72.8</ele></trkpt>
<trkpt lat="38.030020" lon="127.112190" sectionIndex="0" pointIndex="2139" originalElevation="72.1" isOriginalElevationFromOSM="true"><ele>76.1</ele></trkpt>
<trkpt lat="38.028760" lon="127.114880" sectionIndex="0" pointIndex="2140" originalElevation="75.4" isOriginalElevationFromOSM="true"><ele>77.8</ele></trkpt>
<trkpt lat="38.027540" lon="127.117650" sectionIndex="0" pointIndex="2141" originalElevation="87.7" isOriginalElevationFromOSM="true"><ele>79.5</ele></trkpt>
<trkpt lat="38.026840" lon="127.118890" sectionIndex="0" pointIndex="2142" originalElevation="80.9" isOriginalElevationFromOSM="true"><ele>81.6</ele></trkpt>
<trkpt lat="38.025980" lon="127.120240" sectionIndex="0" pointIndex="2143" originalElevation="81.5" isOriginalElevationFromOSM="true"><ele>83.0</ele></trkpt>
<trkpt lat="38.025540" lon="127.120830" sectionIndex="0" pointIndex="2144" originalElevation="82.3" isOriginalElevationFromOSM="true"><ele>82.0</ele></trkpt>
<trkpt lat="38.025500" lon="127.120920" sectionIndex="0" pointIndex="2145" originalElevation="82.6" isOriginalElevationFromOSM="true"><ele>82.9</ele></trkpt>
<trkpt lat="38.025440" lon="127.121010" sectionIndex="0" pointIndex="2146" originalElevation="82.8" isOriginalElevationFromOSM="true"><ele>84.4</ele></trkpt>
<trkpt lat="38.024740" lon="127.122110" sectionIndex="0" pointIndex="2147" originalElevation="85.3" isOriginalElevationFromOSM="true"><ele>86.4</ele></trkpt>
<trkpt lat="38.023960" lon="127.123000" sectionIndex="0" pointIndex="2148" originalElevation="88.9" isOriginalElevationFromOSM="true"><ele>88.5</ele></trkpt>
<trkpt lat="38.023450" lon="127.123490" sectionIndex="0" pointIndex="2149" originalElevation="92.4" isOriginalElevationFromOSM="true"><ele>90.6</ele></trkpt>
<trkpt lat="38.023290" lon="127.123590" sectionIndex="0" pointIndex="2150" originalElevation="93.2" isOriginalElevationFromOSM="true"><ele>92.2</ele></trkpt>
<trkpt lat="38.022780" lon="127.123660" sectionIndex="0" pointIndex="2151" originalElevation="93.3" isOriginalElevationFromOSM="true"><ele>94.5</ele></trkpt>
<trkpt lat="38.022520" lon="127.123680" sectionIndex="0" pointIndex="2152" originalElevation="93.0" isOriginalElevationFromOSM="true"><ele>96.0</ele></trkpt>
<trkpt lat="38.022090" lon="127.123630" sectionIndex="0" pointIndex="2153" originalElevation="100.4" isOriginalElevationFromOSM="true"><ele>97.3</ele></trkpt>
<trkpt lat="38.022050" lon="127.123840" sectionIndex="0" pointIndex="2154" originalElevation="99.9" isOriginalElevationFromOSM="true"><ele>98.6</ele></trkpt>
<trkpt lat="38.021800" lon="127.124660" sectionIndex="0" pointIndex="2155" originalElevation="99.9" isOriginalElevationFromOSM="true"><ele>99.9</ele></trkpt>
<trkpt lat="38.021790" lon="127.125090" sectionIndex="0" pointIndex="2156" originalElevation="99.7" isOriginalElevationFromOSM="true"><ele>99.9</ele></trkpt>
<trkpt lat="38.021820" lon="127.125290" sectionIndex="0" pointIndex="2157" originalElevation="99.8" isOriginalElevationFromOSM="true"><ele>100.2</ele></trkpt>
<trkpt lat="38.022040" lon="127.125810" sectionIndex="0" pointIndex="2158" originalElevation="100.1" isOriginalElevationFromOSM="true"><ele>100.6</ele></trkpt>
<trkpt lat="38.022140" lon="127.126210" sectionIndex="0" pointIndex="2159" originalElevation="101.5" isOriginalElevationFromOSM="true"><ele>100.9</ele></trkpt>
<trkpt lat="38.022180" lon="127.126280" sectionIndex="0" pointIndex="2160" originalElevation="101.7" isOriginalElevationFromOSM="true"><ele>101.2</ele></trkpt>
<trkpt lat="38.022260" lon="127.126350" sectionIndex="0" pointIndex="2161" originalElevation="101.5" isOriginalElevationFromOSM="true"><ele>101.4</ele></trkpt>
<trkpt lat="38.022370" lon="127.126410" sectionIndex="0" pointIndex="2162" originalElevation="101.1" isOriginalElevationFromOSM="true"><ele>101.4</ele></trkpt>
<trkpt lat="38.022400" lon="127.126470" sectionIndex="0" pointIndex="2163" originalElevation="101.1" isOriginalElevationFromOSM="true"><ele>100.3</ele></trkpt>
<trkpt lat="38.022420" lon="127.126650" sectionIndex="0" pointIndex="2164" originalElevation="101.5" isOriginalElevationFromOSM="true"><ele>98.3</ele></trkpt>
<trkpt lat="38.022810" lon="127.127960" sectionIndex="0" pointIndex="2165" originalElevation="96.6" isOriginalElevationFromOSM="true"><ele>95.8</ele></trkpt>
<trkpt lat="38.022940" lon="127.128550" sectionIndex="0" pointIndex="2166" originalElevation="91.4" isOriginalElevationFromOSM="true"><ele>92.6</ele></trkpt>
<trkpt lat="38.023010" lon="127.129240" sectionIndex="0" pointIndex="2167" originalElevation="88.5" isOriginalElevationFromOSM="true"><ele>88.5</ele></trkpt>
<trkpt lat="38.022970" lon="127.129840" sectionIndex="0" pointIndex="2168" originalElevation="85.1" isOriginalElevationFromOSM="true"><ele>84.8</ele></trkpt>
<trkpt lat="38.022820" lon="127.130440" sectionIndex="0" pointIndex="2169" originalElevation="80.8" isOriginalElevationFromOSM="true"><ele>81.8</ele></trkpt>
<trkpt lat="38.022770" lon="127.130830" sectionIndex="0" pointIndex="2170" originalElevation="78.0" isOriginalElevationFromOSM="true"><ele>79.0</ele></trkpt>
<trkpt lat="38.022790" lon="127.131150" sectionIndex="0" pointIndex="2171" originalElevation="76.4" isOriginalElevationFromOSM="true"><ele>76.6</ele></trkpt>
<trkpt lat="38.022860" lon="127.131570" sectionIndex="0" pointIndex="2172" originalElevation="74.9" isOriginalElevationFromOSM="true"><ele>74.3</ele></trkpt>
<trkpt lat="38.022980" lon="127.131970" sectionIndex="0" pointIndex="2173" originalElevation="73.0" isOriginalElevationFromOSM="true"><ele>72.0</ele></trkpt>
<trkpt lat="38.023040" lon="127.132480" sectionIndex="0" pointIndex="2174" originalElevation="69.0" isOriginalElevationFromOSM="true"><ele>69.7</ele></trkpt>
<trkpt lat="38.023050" lon="127.132970" sectionIndex="0" pointIndex="2175" originalElevation="66.9" isOriginalElevationFromOSM="true"><ele>67.3</ele></trkpt>
<trkpt lat="38.023040" lon="127.133440" sectionIndex="0" pointIndex="2176" originalElevation="64.8" isOriginalElevationFromOSM="true"><ele>64.7</ele></trkpt>
<trkpt lat="38.023050" lon="127.134000" sectionIndex="0" pointIndex="2177" originalElevation="62.6" isOriginalElevationFromOSM="true"><ele>62.5</ele></trkpt>
<trkpt lat="38.023130" lon="127.134670" sectionIndex="0" pointIndex="2178" originalElevation="60.3" isOriginalElevationFromOSM="true"><ele>60.4</ele></trkpt>
<trkpt lat="38.023350" lon="127.136020" sectionIndex="0" pointIndex="2179" originalElevation="57.8" isOriginalElevationFromOSM="true"><ele>58.4</ele></trkpt>
<trkpt lat="38.023380" lon="127.136710" sectionIndex="0" pointIndex="2180" originalElevation="56.4" isOriginalElevationFromOSM="true"><ele>57.0</ele></trkpt>
<trkpt lat="38.023350" lon="127.137510" sectionIndex="0" pointIndex="2181" originalElevation="55.0" isOriginalElevationFromOSM="true"><ele>56.4</ele></trkpt>
<trkpt lat="38.022940" lon="127.139490" sectionIndex="0" pointIndex="2182" originalElevation="55.3" isOriginalElevationFromOSM="true"><ele>56.8</ele></trkpt>
<trkpt lat="38.022870" lon="127.139710" sectionIndex="0" pointIndex="2183" originalElevation="57.6" isOriginalElevationFromOSM="true"><ele>58.0</ele></trkpt>
<trkpt lat="38.022730" lon="127.139970" sectionIndex="0" pointIndex="2184" originalElevation="59.9" isOriginalElevationFromOSM="true"><ele>59.8</ele></trkpt>
<trkpt lat="38.022560" lon="127.140210" sectionIndex="0" pointIndex="2185" originalElevation="62.0" isOriginalElevationFromOSM="true"><ele>61.7</ele></trkpt>
<trkpt lat="38.022280" lon="127.140460" sectionIndex="0" pointIndex="2186" originalElevation="64.2" isOriginalElevationFromOSM="true"><ele>63.1</ele></trkpt>
<trkpt lat="38.022070" lon="127.140570" sectionIndex="0" pointIndex="2187" originalElevation="64.7" isOriginalElevationFromOSM="true"><ele>62.8</ele></trkpt>
<trkpt lat="38.021860" lon="127.140640" sectionIndex="0" pointIndex="2188" originalElevation="64.6" isOriginalElevationFromOSM="true"><ele>61.8</ele></trkpt>
<trkpt lat="38.021070" lon="127.140780" sectionIndex="0" pointIndex="2189" originalElevation="58.5" isOriginalElevationFromOSM="true"><ele>60.3</ele></trkpt>
<trkpt lat="38.020890" lon="127.140860" sectionIndex="0" pointIndex="2190" originalElevation="56.9" isOriginalElevationFromOSM="true"><ele>58.8</ele></trkpt>
<trkpt lat="38.020730" lon="127.140980" sectionIndex="0" pointIndex="2191" originalElevation="56.6" isOriginalElevationFromOSM="true"><ele>57.6</ele></trkpt>
<trkpt lat="38.020610" lon="127.141100" sectionIndex="0" pointIndex="2192" originalElevation="57.2" isOriginalElevationFromOSM="true"><ele>58.0</ele></trkpt>
<trkpt lat="38.020480" lon="127.141290" sectionIndex="0" pointIndex="2193" originalElevation="58.7" isOriginalElevationFromOSM="true"><ele>60.0</ele></trkpt>
<trkpt lat="38.020400" lon="127.141480" sectionIndex="0" pointIndex="2194" originalElevation="60.4" isOriginalElevationFromOSM="true"><ele>62.3</ele></trkpt>
<trkpt lat="38.019900" lon="127.143270" sectionIndex="0" pointIndex="2195" originalElevation="67.1" isOriginalElevationFromOSM="true"><ele>64.7</ele></trkpt>
<trkpt lat="38.019790" lon="127.143540" sectionIndex="0" pointIndex="2196" originalElevation="68.1" isOriginalElevationFromOSM="true"><ele>67.1</ele></trkpt>
<trkpt lat="38.019670" lon="127.143750" sectionIndex="0" pointIndex="2197" originalElevation="69.0" isOriginalElevationFromOSM="true"><ele>69.1</ele></trkpt>
<trkpt lat="38.018910" lon="127.144730" sectionIndex="0" pointIndex="2198" originalElevation="70.7" isOriginalElevationFromOSM="true"><ele>69.8</ele></trkpt>
<trkpt lat="38.018740" lon="127.145010" sectionIndex="0" pointIndex="2199" originalElevation="70.6" isOriginalElevationFromOSM="true"><ele>69.8</ele></trkpt>
<trkpt lat="38.018460" lon="127.145510" sectionIndex="0" pointIndex="2200" originalElevation="70.5" isOriginalElevationFromOSM="true"><ele>69.3</ele></trkpt>
<trkpt lat="38.018230" lon="127.146080" sectionIndex="0" pointIndex="2201" originalElevation="68.4" isOriginalElevationFromOSM="true"><ele>68.3</ele></trkpt>
<trkpt lat="38.018020" lon="127.146800" sectionIndex="0" pointIndex="2202" originalElevation="66.5" isOriginalElevationFromOSM="true"><ele>67.4</ele></trkpt>
<trkpt lat="38.017920" lon="127.147290" sectionIndex="0" pointIndex="2203" originalElevation="65.7" isOriginalElevationFromOSM="true"><ele>65.9</ele></trkpt>
<trkpt lat="38.017770" lon="127.148540" sectionIndex="0" pointIndex="2204" originalElevation="66.0" isOriginalElevationFromOSM="true"><ele>64.1</ele></trkpt>
<trkpt lat="38.017680" lon="127.149410" sectionIndex="0" pointIndex="2205" originalElevation="62.7" isOriginalElevationFromOSM="true"><ele>62.5</ele></trkpt>
<trkpt lat="38.017660" lon="127.149870" sectionIndex="0" pointIndex="2206" originalElevation="59.6" isOriginalElevationFromOSM="true"><ele>61.1</ele></trkpt>
<trkpt lat="38.017680" lon="127.150150" sectionIndex="0" pointIndex="2207" originalElevation="58.6" isOriginalElevationFromOSM="true"><ele>59.7</ele></trkpt>
<trkpt lat="38.017750" lon="127.150520" sectionIndex="0" pointIndex="2208" originalElevation="58.5" isOriginalElevationFromOSM="true"><ele>59.1</ele></trkpt>
<trkpt lat="38.017890" lon="127.150810" sectionIndex="0" pointIndex="2209" originalElevation="58.9" isOriginalElevationFromOSM="true"><ele>59.1</ele></trkpt>
<trkpt lat="38.018120" lon="127.151100" sectionIndex="0" pointIndex="2210" originalElevation="59.8" isOriginalElevationFromOSM="true"><ele>59.4</ele></trkpt>
<trkpt lat="38.018400" lon="127.151410" sectionIndex="0" pointIndex="2211" originalElevation="59.9" isOriginalElevationFromOSM="true"><ele>59.8</ele></trkpt>
<trkpt lat="38.018690" lon="127.151730" sectionIndex="0" pointIndex="2212" originalElevation="60.0" isOriginalElevationFromOSM="true"><ele>60.4</ele></trkpt>
<trkpt lat="38.018840" lon="127.151980" sectionIndex="0" pointIndex="2213" originalElevation="60.4" isOriginalElevationFromOSM="true"><ele>60.9</ele></trkpt>
<trkpt lat="38.018980" lon="127.152370" sectionIndex="0" pointIndex="2214" originalElevation="61.9" isOriginalElevationFromOSM="true"><ele>61.4</ele></trkpt>
<trkpt lat="38.019020" lon="127.152660" sectionIndex="0" pointIndex="2215" originalElevation="62.5" isOriginalElevationFromOSM="true"><ele>61.7</ele></trkpt>
<trkpt lat="38.019010" lon="127.152890" sectionIndex="0" pointIndex="2216" originalElevation="62.3" isOriginalElevationFromOSM="true"><ele>61.6</ele></trkpt>
<trkpt lat="38.018950" lon="127.153130" sectionIndex="0" pointIndex="2217" originalElevation="61.3" isOriginalElevationFromOSM="true"><ele>61.0</ele></trkpt>
<trkpt lat="38.018870" lon="127.153290" sectionIndex="0" pointIndex="2218" originalElevation="60.1" isOriginalElevationFromOSM="true"><ele>60.4</ele></trkpt>
<trkpt lat="38.018770" lon="127.153400" sectionIndex="0" pointIndex="2219" originalElevation="58.7" isOriginalElevationFromOSM="true"><ele>60.1</ele></trkpt>
<trkpt lat="38.017250" lon="127.154490" sectionIndex="0" pointIndex="2220" originalElevation="59.4" isOriginalElevationFromOSM="true"><ele>60.2</ele></trkpt>
<trkpt lat="38.016340" lon="127.155170" sectionIndex="0" pointIndex="2221" originalElevation="61.2" isOriginalElevationFromOSM="true"><ele>62.5</ele></trkpt>
<trkpt lat="38.016260" lon="127.155250" sectionIndex="0" pointIndex="2222" originalElevation="61.6" isOriginalElevationFromOSM="true"><ele>66.1</ele></trkpt>
<trkpt lat="38.017880" lon="127.158830" sectionIndex="0" pointIndex="2223" originalElevation="71.7" isOriginalElevationFromOSM="true"><ele>66.9</ele></trkpt>
<trkpt lat="38.018610" lon="127.161040" sectionIndex="0" pointIndex="2224" originalElevation="76.5" isOriginalElevationFromOSM="true"><ele>68.4</ele></trkpt>
<trkpt lat="38.019040" lon="127.162290" sectionIndex="0" pointIndex="2225" originalElevation="63.5" isOriginalElevationFromOSM="true"><ele>71.5</ele></trkpt>
<trkpt lat="38.019850" lon="127.165400" sectionIndex="0" pointIndex="2226" originalElevation="68.9" isOriginalElevationFromOSM="true"><ele>72.6</ele></trkpt>
<trkpt lat="38.020162" lon="127.166806" sectionIndex="0" pointIndex="2227" originalElevation="77.0" isOriginalElevationFromOSM="false"><ele>72.7</ele></trkpt>
<trkpt lat="38.020226" lon="127.167093" sectionIndex="0" pointIndex="2228" originalElevation="77.0" isOriginalElevationFromOSM="false"><ele>75.4</ele></trkpt>
<trkpt lat="38.020269" lon="127.167080" sectionIndex="0" pointIndex="2229" originalElevation="77.0" isOriginalElevationFromOSM="false"><ele>77.0</ele></trkpt>
<trkpt lat="38.020313" lon="127.167068" sectionIndex="0" pointIndex="2230" originalElevation="77.0" isOriginalElevationFromOSM="false"><ele>77.0</ele></trkpt>
<trkpt lat="38.020357" lon="127.167055" sectionIndex="0" pointIndex="2231" originalElevation="77.0" isOriginalElevationFromOSM="false"><ele>77.0</ele></trkpt>
<trkpt lat="38.020401" lon="127.167043" sectionIndex="0" pointIndex="2232" originalElevation="77.0" isOriginalElevationFromOSM="false"><ele>77.0</ele></trkpt>
<trkpt lat="38.020445" lon="127.167030" sectionIndex="0" pointIndex="2233" originalElevation="77.0" isOriginalElevationFromOSM="false"><ele>77.0</ele></trkpt>
<trkpt lat="38.020489" lon="127.167018" sectionIndex="0" pointIndex="2234" originalElevation="77.0" isOriginalElevationFromOSM="false"><ele>77.0</ele></trkpt>
<trkpt lat="38.020532" lon="127.167006" sectionIndex="0" pointIndex="2235" originalElevation="77.0" isOriginalElevationFromOSM="false"><ele>77.0</ele></trkpt>
<trkpt lat="38.020576" lon="127.166993" sectionIndex="0" pointIndex="2236" originalElevation="77.0" isOriginalElevationFromOSM="false"><ele>77.0</ele></trkpt>
<trkpt lat="38.020620" lon="127.166981" sectionIndex="0" pointIndex="2237" originalElevation="77.0" isOriginalElevationFromOSM="false"><ele>77.0</ele></trkpt>
<trkpt lat="38.020664" lon="127.166968" sectionIndex="0" pointIndex="2238" originalElevation="77.0" isOriginalElevationFromOSM="false"><ele>77.0</ele></trkpt>
<trkpt lat="38.020708" lon="127.166956" sectionIndex="0" pointIndex="2239" originalElevation="77.0" isOriginalElevationFromOSM="false"><ele>77.0</ele></trkpt>
<trkpt lat="38.020751" lon="127.166944" sectionIndex="0" pointIndex="2240" originalElevation="77.0" isOriginalElevationFromOSM="false"><ele>77.0</ele></trkpt>
<trkpt lat="38.020763" lon="127.166999" sectionIndex="0" pointIndex="2241" originalElevation="77.0" isOriginalElevationFromOSM="false"><ele>77.0</ele></trkpt>
<trkpt lat="38.020775" lon="127.167054" sectionIndex="0" pointIndex="2242" originalElevation="77.0" isOriginalElevationFromOSM="false"><ele>77.0</ele></trkpt>
<trkpt lat="38.020788" lon="127.167108" sectionIndex="0" pointIndex="2243" originalElevation="77.0" isOriginalElevationFromOSM="false"><ele>77.0</ele></trkpt>
<trkpt lat="38.020800" lon="127.167163" sectionIndex="0" pointIndex="2244" originalElevation="77.0" isOriginalElevationFromOSM="false"><ele>77.0</ele></trkpt>
<trkpt lat="38.020812" lon="127.167218" sectionIndex="0" pointIndex="2245" originalElevation="77.0" isOriginalElevationFromOSM="false"><ele>74.8</ele></trkpt>
<trkpt lat="38.020824" lon="127.167273" sectionIndex="0" pointIndex="2246" originalElevation="77.0" isOriginalElevationFromOSM="false"><ele>72.6</ele></trkpt>
<trkpt lat="38.020836" lon="127.167328" sectionIndex="0" pointIndex="2247" originalElevation="66.0" isOriginalElevationFromOSM="false"><ele>70.4</ele></trkpt>
<trkpt lat="38.020849" lon="127.167383" sectionIndex="0" pointIndex="2248" originalElevation="66.0" isOriginalElevationFromOSM="false"><ele>68.2</ele></trkpt>
<trkpt lat="38.020861" lon="127.167438" sectionIndex="0" pointIndex="2249" originalElevation="66.0" isOriginalElevationFromOSM="false"><ele>66.0</ele></trkpt>
<trkpt lat="38.020873" lon="127.167492" sectionIndex="0" pointIndex="2250" originalElevation="66.0" isOriginalElevationFromOSM="false"><ele>66.0</ele></trkpt>
<trkpt lat="38.020885" lon="127.167547" sectionIndex="0" pointIndex="2251" originalElevation="66.0" isOriginalElevationFromOSM="false"><ele>66.0</ele></trkpt>
<trkpt lat="38.020897" lon="127.167602" sectionIndex="0" pointIndex="2252" originalElevation="66.0" isOriginalElevationFromOSM="false"><ele>66.0</ele></trkpt>
<trkpt lat="38.020910" lon="127.167657" sectionIndex="0" pointIndex="2253" originalElevation="66.0" isOriginalElevationFromOSM="false"><ele>66.0</ele></trkpt>
<trkpt lat="38.020922" lon="127.167712" sectionIndex="0" pointIndex="2254" originalElevation="66.0" isOriginalElevationFromOSM="false"><ele>66.0</ele></trkpt>
<trkpt lat="38.020934" lon="127.167767" sectionIndex="0" pointIndex="2255" originalElevation="66.0" isOriginalElevationFromOSM="false"><ele>66.0</ele></trkpt>
<trkpt lat="38.020946" lon="127.167822" sectionIndex="0" pointIndex="2256" originalElevation="66.0" isOriginalElevationFromOSM="false"><ele>66.0</ele></trkpt>
<trkpt lat="38.020958" lon="127.167877" sectionIndex="0" pointIndex="2257" originalElevation="66.0" isOriginalElevationFromOSM="false"><ele>66.0</ele></trkpt>
<trkpt lat="38.020971" lon="127.167931" sectionIndex="0" pointIndex="2258" originalElevation="66.0" isOriginalElevationFromOSM="false"><ele>66.0</ele></trkpt>
<trkpt lat="38.020983" lon="127.167986" sectionIndex="0" pointIndex="2259" originalElevation="66.0" isOriginalElevationFromOSM="false"><ele>66.0</ele></trkpt>
<trkpt lat="38.020995" lon="127.168041" sectionIndex="0" pointIndex="2260" originalElevation="66.0" isOriginalElevationFromOSM="false"><ele>66.0</ele></trkpt>
<trkpt lat="38.021007" lon="127.168096" sectionIndex="0" pointIndex="2261" originalElevation="66.0" isOriginalElevationFromOSM="false"><ele>66.0</ele></trkpt>
<trkpt lat="38.021019" lon="127.168151" sectionIndex="0" pointIndex="2262" originalElevation="66.0" isOriginalElevationFromOSM="false"><ele>66.0</ele></trkpt>
<trkpt lat="38.021032" lon="127.168206" sectionIndex="0" pointIndex="2263" originalElevation="66.0" isOriginalElevationFromOSM="false"><ele>66.0</ele></trkpt>
<trkpt lat="38.021044" lon="127.168261" sectionIndex="0" pointIndex="2264" originalElevation="66.0" isOriginalElevationFromOSM="false"><ele>66.2</ele></trkpt>
<trkpt lat="38.021056" lon="127.168316" sectionIndex="0" pointIndex="2265" originalElevation="66.0" isOriginalElevationFromOSM="false"><ele>66.4</ele></trkpt>
<trkpt lat="38.021068" lon="127.168370" sectionIndex="0" pointIndex="2266" originalElevation="67.0" isOriginalElevationFromOSM="false"><ele>66.6</ele></trkpt>
<trkpt lat="38.021080" lon="127.168425" sectionIndex="0" pointIndex="2267" originalElevation="67.0" isOriginalElevationFromOSM="false"><ele>66.8</ele></trkpt>
<trkpt lat="38.021093" lon="127.168480" sectionIndex="0" pointIndex="2268" originalElevation="67.0" isOriginalElevationFromOSM="false"><ele>67.0</ele></trkpt>
<trkpt lat="38.021105" lon="127.168535" sectionIndex="0" pointIndex="2269" originalElevation="67.0" isOriginalElevationFromOSM="false"><ele>67.0</ele></trkpt>
<trkpt lat="38.021117" lon="127.168590" sectionIndex="0" pointIndex="2270" originalElevation="67.0" isOriginalElevationFromOSM="false"><ele>67.0</ele></trkpt>
<trkpt lat="38.021129" lon="127.168645" sectionIndex="0" pointIndex="2271" originalElevation="67.0" isOriginalElevationFromOSM="false"><ele>67.0</ele></trkpt>
<trkpt lat="38.021141" lon="127.168700" sectionIndex="0" pointIndex="2272" originalElevation="67.0" isOriginalElevationFromOSM="false"><ele>67.0</ele></trkpt>
<trkpt lat="38.021154" lon="127.168755" sectionIndex="0" pointIndex="2273" originalElevation="67.0" isOriginalElevationFromOSM="false"><ele>67.0</ele></trkpt>
<trkpt lat="38.021166" lon="127.168809" sectionIndex="0" pointIndex="2274" originalElevation="67.0" isOriginalElevationFromOSM="false"><ele>67.0</ele></trkpt>
<trkpt lat="38.021178" lon="127.168864" sectionIndex="0" pointIndex="2275" originalElevation="67.0" isOriginalElevationFromOSM="false"><ele>67.0</ele></trkpt>
<trkpt lat="38.021190" lon="127.168919" sectionIndex="0" pointIndex="2276" originalElevation="67.0" isOriginalElevationFromOSM="false"><ele>67.0</ele></trkpt>
<trkpt lat="38.021202" lon="127.168974" sectionIndex="0" pointIndex="2277" originalElevation="67.0" isOriginalElevationFromOSM="false"><ele>67.0</ele></trkpt>
<trkpt lat="38.021215" lon="127.169029" sectionIndex="0" pointIndex="2278" originalElevation="67.0" isOriginalElevationFromOSM="false"><ele>67.0</ele></trkpt>
<trkpt lat="38.021227" lon="127.169084" sectionIndex="0" pointIndex="2279" originalElevation="67.0" isOriginalElevationFromOSM="false"><ele>65.8</ele></trkpt>
<trkpt lat="38.021230" lon="127.169097" sectionIndex="0" pointIndex="2280" originalElevation="67.0" isOriginalElevationFromOSM="false"><ele>65.5</ele></trkpt>
<trkpt lat="38.022385" lon="127.173891" sectionIndex="0" pointIndex="2281" originalElevation="57.0" isOriginalElevationFromOSM="false"><ele>66.2</ele></trkpt>
<trkpt lat="38.022410" lon="127.174060" sectionIndex="0" pointIndex="2282" originalElevation="69.6" isOriginalElevationFromOSM="true"><ele>66.8</ele></trkpt>
<trkpt lat="38.022420" lon="127.174350" sectionIndex="0" pointIndex="2283" originalElevation="70.3" isOriginalElevationFromOSM="true"><ele>67.3</ele></trkpt>
<trkpt lat="38.022390" lon="127.174620" sectionIndex="0" pointIndex="2284" originalElevation="70.3" isOriginalElevationFromOSM="true"><ele>68.8</ele></trkpt>
<trkpt lat="38.022210" lon="127.175210" sectionIndex="0" pointIndex="2285" originalElevation="69.6" isOriginalElevationFromOSM="true"><ele>67.7</ele></trkpt>
<trkpt lat="38.020690" lon="127.177640" sectionIndex="0" pointIndex="2286" originalElevation="64.0" isOriginalElevationFromOSM="true"><ele>67.0</ele></trkpt>
<trkpt lat="38.020360" lon="127.178240" sectionIndex="0" pointIndex="2287" originalElevation="64.2" isOriginalElevationFromOSM="true"><ele>66.6</ele></trkpt>
<trkpt lat="38.020090" lon="127.178910" sectionIndex="0" pointIndex="2288" originalElevation="66.8" isOriginalElevationFromOSM="true"><ele>67.2</ele></trkpt>
<trkpt lat="38.019910" lon="127.179570" sectionIndex="0" pointIndex="2289" originalElevation="68.6" isOriginalElevationFromOSM="true"><ele>69.1</ele></trkpt>
<trkpt lat="38.019750" lon="127.180980" sectionIndex="0" pointIndex="2290" originalElevation="72.2" isOriginalElevationFromOSM="true"><ele>71.0</ele></trkpt>
<trkpt lat="38.019580" lon="127.182860" sectionIndex="0" pointIndex="2291" originalElevation="73.8" isOriginalElevationFromOSM="true"><ele>72.4</ele></trkpt>
<trkpt lat="38.019590" lon="127.183100" sectionIndex="0" pointIndex="2292" originalElevation="73.7" isOriginalElevationFromOSM="true"><ele>73.0</ele></trkpt>
<trkpt lat="38.019590" lon="127.183260" sectionIndex="0" pointIndex="2293" originalElevation="73.5" isOriginalElevationFromOSM="true"><ele>73.1</ele></trkpt>
<trkpt lat="38.019770" lon="127.183780" sectionIndex="0" pointIndex="2294" originalElevation="72.1" isOriginalElevationFromOSM="true"><ele>72.5</ele></trkpt>
<trkpt lat="38.020120" lon="127.184540" sectionIndex="0" pointIndex="2295" originalElevation="72.5" isOriginalElevationFromOSM="true"><ele>71.5</ele></trkpt>
<trkpt lat="38.020290" lon="127.185070" sectionIndex="0" pointIndex="2296" originalElevation="70.5" isOriginalElevationFromOSM="true"><ele>70.1</ele></trkpt>
<trkpt lat="38.020300" lon="127.185350" sectionIndex="0" pointIndex="2297" originalElevation="69.1" isOriginalElevationFromOSM="true"><ele>68.9</ele></trkpt>
<trkpt lat="38.020280" lon="127.185810" sectionIndex="0" pointIndex="2298" originalElevation="66.4" isOriginalElevationFromOSM="true"><ele>67.0</ele></trkpt>
<trkpt lat="38.020190" lon="127.186290" sectionIndex="0" pointIndex="2299" originalElevation="66.0" isOriginalElevationFromOSM="true"><ele>65.7</ele></trkpt>
<trkpt lat="38.019330" lon="127.190630" sectionIndex="0" pointIndex="2300" originalElevation="63.0" isOriginalElevationFromOSM="true"><ele>65.0</ele></trkpt>
<trkpt lat="38.018950" lon="127.192000" sectionIndex="0" pointIndex="2301" originalElevation="64.2" isOriginalElevationFromOSM="true"><ele>65.7</ele></trkpt>
<trkpt lat="38.018340" lon="127.194350" sectionIndex="0" pointIndex="2302" originalElevation="65.5" isOriginalElevationFromOSM="true"><ele>66.7</ele></trkpt>
<trkpt lat="38.016570" lon="127.201180" sectionIndex="0" pointIndex="2303" originalElevation="69.8" isOriginalElevationFromOSM="true"><ele>68.4</ele></trkpt>
<trkpt lat="38.016330" lon="127.203180" sectionIndex="0" pointIndex="2304" originalElevation="71.1" isOriginalElevationFromOSM="true"><ele>70.4</ele></trkpt>
<trkpt lat="38.016330" lon="127.203780" sectionIndex="0" pointIndex="2305" originalElevation="71.5" isOriginalElevationFromOSM="true"><ele>70.8</ele></trkpt>
<trkpt lat="38.016530" lon="127.207990" sectionIndex="0" pointIndex="2306" originalElevation="74.3" isOriginalElevationFromOSM="true"><ele>70.4</ele></trkpt>
<trkpt lat="38.016610" lon="127.209370" sectionIndex="0" pointIndex="2307" originalElevation="67.5" isOriginalElevationFromOSM="true"><ele>69.8</ele></trkpt>
<trkpt lat="38.016700" lon="127.209580" sectionIndex="0" pointIndex="2308" originalElevation="67.6" isOriginalElevationFromOSM="true"><ele>69.1</ele></trkpt>
<trkpt lat="38.016980" lon="127.209930" sectionIndex="0" pointIndex="2309" originalElevation="67.9" isOriginalElevationFromOSM="true"><ele>67.9</ele></trkpt>
<trkpt lat="38.017310" lon="127.210320" sectionIndex="0" pointIndex="2310" originalElevation="68.2" isOriginalElevationFromOSM="true"><ele>68.1</ele></trkpt>
<trkpt lat="38.017560" lon="127.210880" sectionIndex="0" pointIndex="2311" originalElevation="68.3" isOriginalElevationFromOSM="true"><ele>68.2</ele></trkpt>
<trkpt lat="38.017600" lon="127.211080" sectionIndex="0" pointIndex="2312" originalElevation="68.4" isOriginalElevationFromOSM="true"><ele>68.4</ele></trkpt>
<trkpt lat="38.017600" lon="127.211760" sectionIndex="0" pointIndex="2313" originalElevation="68.4" isOriginalElevationFromOSM="true"><ele>68.7</ele></trkpt>
<trkpt lat="38.017550" lon="127.212210" sectionIndex="0" pointIndex="2314" originalElevation="68.8" isOriginalElevationFromOSM="true"><ele>69.2</ele></trkpt>
<trkpt lat="38.017400" lon="127.212930" sectionIndex="0" pointIndex="2315" originalElevation="69.7" isOriginalElevationFromOSM="true"><ele>70.3</ele></trkpt>
<trkpt lat="38.017130" lon="127.213390" sectionIndex="0" pointIndex="2316" originalElevation="70.8" isOriginalElevationFromOSM="true"><ele>71.1</ele></trkpt>
<trkpt lat="38.016610" lon="127.214190" sectionIndex="0" pointIndex="2317" originalElevation="73.7" isOriginalElevationFromOSM="true"><ele>71.8</ele></trkpt>
<trkpt lat="38.016410" lon="127.214590" sectionIndex="0" pointIndex="2318" originalElevation="72.6" isOriginalElevationFromOSM="true"><ele>72.4</ele></trkpt>
<trkpt lat="38.016190" lon="127.215460" sectionIndex="0" pointIndex="2319" originalElevation="72.4" isOriginalElevationFromOSM="true"><ele>72.6</ele></trkpt>
<trkpt lat="38.016080" lon="127.215760" sectionIndex="0" pointIndex="2320" originalElevation="72.5" isOriginalElevationFromOSM="true"><ele>72.0</ele></trkpt>
<trkpt lat="38.015890" lon="127.216110" sectionIndex="0" pointIndex="2321" originalElevation="71.7" isOriginalElevationFromOSM="true"><ele>71.6</ele></trkpt>
<trkpt lat="38.015720" lon="127.216290" sectionIndex="0" pointIndex="2322" originalElevation="70.9" isOriginalElevationFromOSM="true"><ele>71.3</ele></trkpt>
<trkpt lat="38.015570" lon="127.216400" sectionIndex="0" pointIndex="2323" originalElevation="70.7" isOriginalElevationFromOSM="true"><ele>71.0</ele></trkpt>
<trkpt lat="38.015050" lon="127.216650" sectionIndex="0" pointIndex="2324" originalElevation="70.9" isOriginalElevationFromOSM="true"><ele>70.9</ele></trkpt>
<trkpt lat="38.014850" lon="127.216820" sectionIndex="0" pointIndex="2325" originalElevation="71.0" isOriginalElevationFromOSM="true"><ele>70.6</ele></trkpt>
<trkpt lat="38.014650" lon="127.217240" sectionIndex="0" pointIndex="2326" originalElevation="71.0" isOriginalElevationFromOSM="true"><ele>70.8</ele></trkpt>
<trkpt lat="38.013460" lon="127.218750" sectionIndex="0" pointIndex="2327" originalElevation="69.3" isOriginalElevationFromOSM="true"><ele>71.5</ele></trkpt>
<trkpt lat="38.013330" lon="127.218970" sectionIndex="0" pointIndex="2328" originalElevation="71.9" isOriginalElevationFromOSM="true"><ele>71.5</ele></trkpt>
<trkpt lat="38.012610" lon="127.220220" sectionIndex="0" pointIndex="2329" originalElevation="74.5" isOriginalElevationFromOSM="true"><ele>71.5</ele></trkpt>
<trkpt lat="38.011890" lon="127.221270" sectionIndex="0" pointIndex="2330" originalElevation="71.0" isOriginalElevationFromOSM="true"><ele>71.6</ele></trkpt>
<trkpt lat="38.010750" lon="127.222870" sectionIndex="0" pointIndex="2331" originalElevation="70.6" isOriginalElevationFromOSM="true"><ele>71.2</ele></trkpt>
<trkpt lat="38.010060" lon="127.223910" sectionIndex="0" pointIndex="2332" originalElevation="69.8" isOriginalElevationFromOSM="true"><ele>70.5</ele></trkpt>
<trkpt lat="38.009880" lon="127.224220" sectionIndex="0" pointIndex="2333" originalElevation="70.2" isOriginalElevationFromOSM="true"><ele>70.8</ele></trkpt>
<trkpt lat="38.009710" lon="127.224630" sectionIndex="0" pointIndex="2334" originalElevation="70.9" isOriginalElevationFromOSM="true"><ele>71.6</ele></trkpt>
<trkpt lat="38.009150" lon="127.226390" sectionIndex="0" pointIndex="2335" originalElevation="72.6" isOriginalElevationFromOSM="true"><ele>72.6</ele></trkpt>
<trkpt lat="38.008580" lon="127.228100" sectionIndex="0" pointIndex="2336" originalElevation="74.6" isOriginalElevationFromOSM="true"><ele>73.2</ele></trkpt>
<trkpt lat="38.008450" lon="127.228580" sectionIndex="0" pointIndex="2337" originalElevation="74.5" isOriginalElevationFromOSM="true"><ele>73.6</ele></trkpt>
<trkpt lat="38.008390" lon="127.229020" sectionIndex="0" pointIndex="2338" originalElevation="73.3" isOriginalElevationFromOSM="true"><ele>73.8</ele></trkpt>
<trkpt lat="38.008370" lon="127.229420" sectionIndex="0" pointIndex="2339" originalElevation="72.9" isOriginalElevationFromOSM="true"><ele>74.0</ele></trkpt>
<trkpt lat="38.008400" lon="127.230270" sectionIndex="0" pointIndex="2340" originalElevation="74.0" isOriginalElevationFromOSM="true"><ele>73.9</ele></trkpt>
<trkpt lat="38.008550" lon="127.231940" sectionIndex="0" pointIndex="2341" originalElevation="75.1" isOriginalElevationFromOSM="true"><ele>74.0</ele></trkpt>
<trkpt lat="38.008640" lon="127.233200" sectionIndex="0" pointIndex="2342" originalElevation="74.4" isOriginalElevationFromOSM="true"><ele>74.1</ele></trkpt>
<trkpt lat="38.008700" lon="127.234070" sectionIndex="0" pointIndex="2343" originalElevation="73.6" isOriginalElevationFromOSM="true"><ele>73.7</ele></trkpt>
<trkpt lat="38.008890" lon="127.234850" sectionIndex="0" pointIndex="2344" originalElevation="73.2" isOriginalElevationFromOSM="true"><ele>73.4</ele></trkpt>
<trkpt lat="38.009210" lon="127.235560" sectionIndex="0" pointIndex="2345" originalElevation="72.3" isOriginalElevationFromOSM="true"><ele>74.0</ele></trkpt>
<trkpt lat="38.009420" lon="127.235940" sectionIndex="0" pointIndex="2346" originalElevation="73.5" isOriginalElevationFromOSM="true"><ele>74.8</ele></trkpt>
<trkpt lat="38.010330" lon="127.237170" sectionIndex="0" pointIndex="2347" originalElevation="77.4" isOriginalElevationFromOSM="true"><ele>75.1</ele></trkpt>
<trkpt lat="38.011390" lon="127.238690" sectionIndex="0" pointIndex="2348" originalElevation="77.6" isOriginalElevationFromOSM="true"><ele>76.3</ele></trkpt>
<trkpt lat="38.011690" lon="127.239370" sectionIndex="0" pointIndex="2349" originalElevation="74.6" isOriginalElevationFromOSM="true"><ele>76.6</ele></trkpt>
<trkpt lat="38.012160" lon="127.240730" sectionIndex="0" pointIndex="2350" originalElevation="78.5" isOriginalElevationFromOSM="true"><ele>76.5</ele></trkpt>
<trkpt lat="38.012610" lon="127.242290" sectionIndex="0" pointIndex="2351" originalElevation="75.1" isOriginalElevationFromOSM="true"><ele>76.6</ele></trkpt>
<trkpt lat="38.013210" lon="127.244080" sectionIndex="0" pointIndex="2352" originalElevation="76.9" isOriginalElevationFromOSM="true"><ele>77.3</ele></trkpt>
<trkpt lat="38.013640" lon="127.245020" sectionIndex="0" pointIndex="2353" originalElevation="78.1" isOriginalElevationFromOSM="true"><ele>77.2</ele></trkpt>
<trkpt lat="38.014740" lon="127.246740" sectionIndex="0" pointIndex="2354" originalElevation="78.0" isOriginalElevationFromOSM="false"><ele>77.8</ele></trkpt>
<trkpt lat="38.014763" lon="127.246788" sectionIndex="0" pointIndex="2355" originalElevation="78.0" isOriginalElevationFromOSM="false"><ele>78.0</ele></trkpt>
<trkpt lat="38.014786" lon="127.246837" sectionIndex="0" pointIndex="2356" originalElevation="78.0" isOriginalElevationFromOSM="false"><ele>78.0</ele></trkpt>
<trkpt lat="38.014793" lon="127.246852" sectionIndex="0" pointIndex="2357" originalElevation="78.0" isOriginalElevationFromOSM="false"><ele>78.0</ele></trkpt>
<trkpt lat="38.014795" lon="127.246908" sectionIndex="0" pointIndex="2358" originalElevation="78.0" isOriginalElevationFromOSM="false"><ele>78.0</ele></trkpt>
<trkpt lat="38.014797" lon="127.246965" sectionIndex="0" pointIndex="2359" originalElevation="78.0" isOriginalElevationFromOSM="false"><ele>78.0</ele></trkpt>
<trkpt lat="38.014799" lon="127.247022" sectionIndex="0" pointIndex="2360" originalElevation="78.0" isOriginalElevationFromOSM="false"><ele>78.0</ele></trkpt>
<trkpt lat="38.014802" lon="127.247079" sectionIndex="0" pointIndex="2361" originalElevation="78.0" isOriginalElevationFromOSM="false"><ele>78.0</ele></trkpt>
<trkpt lat="38.014804" lon="127.247136" sectionIndex="0" pointIndex="2362" originalElevation="78.0" isOriginalElevationFromOSM="false"><ele>78.0</ele></trkpt>
<trkpt lat="38.014806" lon="127.247193" sectionIndex="0" pointIndex="2363" originalElevation="78.0" isOriginalElevationFromOSM="false"><ele>78.0</ele></trkpt>
<trkpt lat="38.014809" lon="127.247250" sectionIndex="0" pointIndex="2364" originalElevation="78.0" isOriginalElevationFromOSM="false"><ele>78.0</ele></trkpt>
<trkpt lat="38.014811" lon="127.247307" sectionIndex="0" pointIndex="2365" originalElevation="78.0" isOriginalElevationFromOSM="false"><ele>78.0</ele></trkpt>
<trkpt lat="38.014813" lon="127.247364" sectionIndex="0" pointIndex="2366" originalElevation="78.0" isOriginalElevationFromOSM="false"><ele>78.0</ele></trkpt>
<trkpt lat="38.014816" lon="127.247421" sectionIndex="0" pointIndex="2367" originalElevation="78.0" isOriginalElevationFromOSM="false"><ele>78.2</ele></trkpt>
<trkpt lat="38.014816" lon="127.247435" sectionIndex="0" pointIndex="2368" originalElevation="78.0" isOriginalElevationFromOSM="false"><ele>79.2</ele></trkpt>
<trkpt lat="38.015370" lon="127.247893" sectionIndex="0" pointIndex="2369" originalElevation="79.0" isOriginalElevationFromOSM="false"><ele>79.8</ele></trkpt>
<trkpt lat="38.016870" lon="127.249640" sectionIndex="0" pointIndex="2370" originalElevation="83.0" isOriginalElevationFromOSM="true"><ele>80.0</ele></trkpt>
<trkpt lat="38.017080" lon="127.249870" sectionIndex="0" pointIndex="2371" originalElevation="80.8" isOriginalElevationFromOSM="true"><ele>80.0</ele></trkpt>
<trkpt lat="38.017590" lon="127.250310" sectionIndex="0" pointIndex="2372" originalElevation="79.0" isOriginalElevationFromOSM="true"><ele>79.7</ele></trkpt>
<trkpt lat="38.018080" lon="127.250630" sectionIndex="0" pointIndex="2373" originalElevation="78.4" isOriginalElevationFromOSM="true"><ele>78.5</ele></trkpt>
<trkpt lat="38.021190" lon="127.252420" sectionIndex="0" pointIndex="2374" originalElevation="77.3" isOriginalElevationFromOSM="true"><ele>77.9</ele></trkpt>
<trkpt lat="38.021700" lon="127.252690" sectionIndex="0" pointIndex="2375" originalElevation="77.2" isOriginalElevationFromOSM="true"><ele>77.8</ele></trkpt>
<trkpt lat="38.022440" lon="127.253160" sectionIndex="0" pointIndex="2376" originalElevation="77.8" isOriginalElevationFromOSM="true"><ele>78.1</ele></trkpt>
<trkpt lat="38.022770" lon="127.253470" sectionIndex="0" pointIndex="2377" originalElevation="78.6" isOriginalElevationFromOSM="true"><ele>78.6</ele></trkpt>
<trkpt lat="38.022960" lon="127.253710" sectionIndex="0" pointIndex="2378" originalElevation="79.6" isOriginalElevationFromOSM="true"><ele>79.2</ele></trkpt>
<trkpt lat="38.023140" lon="127.253990" sectionIndex="0" pointIndex="2379" originalElevation="80.0" isOriginalElevationFromOSM="true"><ele>79.9</ele></trkpt>
<trkpt lat="38.023360" lon="127.254440" sectionIndex="0" pointIndex="2380" originalElevation="80.0" isOriginalElevationFromOSM="true"><ele>80.4</ele></trkpt>
<trkpt lat="38.023550" lon="127.254940" sectionIndex="0" pointIndex="2381" originalElevation="81.4" isOriginalElevationFromOSM="true"><ele>80.9</ele></trkpt>
<trkpt lat="38.024170" lon="127.257860" sectionIndex="0" pointIndex="2382" originalElevation="81.0" isOriginalElevationFromOSM="true"><ele>82.1</ele></trkpt>
<trkpt lat="38.024270" lon="127.258160" sectionIndex="0" pointIndex="2383" originalElevation="82.3" isOriginalElevationFromOSM="true"><ele>83.4</ele></trkpt>
<trkpt lat="38.024530" lon="127.258700" sectionIndex="0" pointIndex="2384" originalElevation="85.9" isOriginalElevationFromOSM="true"><ele>84.2</ele></trkpt>
<trkpt lat="38.024680" lon="127.258910" sectionIndex="0" pointIndex="2385" originalElevation="86.3" isOriginalElevationFromOSM="true"><ele>84.7</ele></trkpt>
<trkpt lat="38.025160" lon="127.259400" sectionIndex="0" pointIndex="2386" originalElevation="85.6" isOriginalElevationFromOSM="true"><ele>84.3</ele></trkpt>
<trkpt lat="38.025180" lon="127.259670" sectionIndex="0" pointIndex="2387" originalElevation="83.3" isOriginalElevationFromOSM="true"><ele>82.9</ele></trkpt>
<trkpt lat="38.025320" lon="127.260640" sectionIndex="0" pointIndex="2388" originalElevation="80.5" isOriginalElevationFromOSM="true"><ele>82.1</ele></trkpt>
<trkpt lat="38.025390" lon="127.261620" sectionIndex="0" pointIndex="2389" originalElevation="78.7" isOriginalElevationFromOSM="true"><ele>82.5</ele></trkpt>
<trkpt lat="38.025470" lon="127.264460" sectionIndex="0" pointIndex="2390" originalElevation="82.4" isOriginalElevationFromOSM="true"><ele>82.6</ele></trkpt>
<trkpt lat="38.025640" lon="127.266300" sectionIndex="0" pointIndex="2391" originalElevation="87.4" isOriginalElevationFromOSM="true"><ele>83.7</ele></trkpt>
<trkpt lat="38.025910" lon="127.268320" sectionIndex="0" pointIndex="2392" originalElevation="84.1" isOriginalElevationFromOSM="true"><ele>86.0</ele></trkpt>
<trkpt lat="38.026000" lon="127.268710" sectionIndex="0" pointIndex="2393" originalElevation="86.0" isOriginalElevationFromOSM="true"><ele>87.9</ele></trkpt>
<trkpt lat="38.027690" lon="127.272860" sectionIndex="0" pointIndex="2394" originalElevation="90.4" isOriginalElevationFromOSM="true"><ele>88.6</ele></trkpt>
<trkpt lat="38.028230" lon="127.274180" sectionIndex="0" pointIndex="2395" originalElevation="91.8" isOriginalElevationFromOSM="true"><ele>89.6</ele></trkpt>
<trkpt lat="38.028280" lon="127.274370" sectionIndex="0" pointIndex="2396" originalElevation="90.8" isOriginalElevationFromOSM="true"><ele>90.7</ele></trkpt>
<trkpt lat="38.028320" lon="127.274710" sectionIndex="0" pointIndex="2397" originalElevation="88.8" isOriginalElevationFromOSM="true"><ele>90.8</ele></trkpt>
<trkpt lat="38.028390" lon="127.275540" sectionIndex="0" pointIndex="2398" originalElevation="91.6" isOriginalElevationFromOSM="true"><ele>90.1</ele></trkpt>
<trkpt lat="38.028370" lon="127.276070" sectionIndex="0" pointIndex="2399" originalElevation="90.9" isOriginalElevationFromOSM="true"><ele>89.8</ele></trkpt>
<trkpt lat="38.028230" lon="127.276750" sectionIndex="0" pointIndex="2400" originalElevation="88.2" isOriginalElevationFromOSM="true"><ele>90.1</ele></trkpt>
<trkpt lat="38.028050" lon="127.277350" sectionIndex="0" pointIndex="2401" originalElevation="89.4" isOriginalElevationFromOSM="true"><ele>89.7</ele></trkpt>
<trkpt lat="38.027800" lon="127.278000" sectionIndex="0" pointIndex="2402" originalElevation="90.4" isOriginalElevationFromOSM="true"><ele>89.3</ele></trkpt>
<trkpt lat="38.027550" lon="127.278490" sectionIndex="0" pointIndex="2403" originalElevation="89.4" isOriginalElevationFromOSM="true"><ele>89.2</ele></trkpt>
<trkpt lat="38.027090" lon="127.279020" sectionIndex="0" pointIndex="2404" originalElevation="89.0" isOriginalElevationFromOSM="true"><ele>89.2</ele></trkpt>
<trkpt lat="38.026790" lon="127.279300" sectionIndex="0" pointIndex="2405" originalElevation="87.9" isOriginalElevationFromOSM="true"><ele>88.4</ele></trkpt>
<trkpt lat="38.026420" lon="127.279690" sectionIndex="0" pointIndex="2406" originalElevation="89.1" isOriginalElevationFromOSM="true"><ele>87.9</ele></trkpt>
<trkpt lat="38.025860" lon="127.280210" sectionIndex="0" pointIndex="2407" originalElevation="86.5" isOriginalElevationFromOSM="true"><ele>87.3</ele></trkpt>
<trkpt lat="38.025580" lon="127.280520" sectionIndex="0" pointIndex="2408" originalElevation="87.2" isOriginalElevationFromOSM="true"><ele>87.6</ele></trkpt>
<trkpt lat="38.024970" lon="127.280900" sectionIndex="0" pointIndex="2409" originalElevation="86.0" isOriginalElevationFromOSM="true"><ele>88.0</ele></trkpt>
<trkpt lat="38.024430" lon="127.281200" sectionIndex="0" pointIndex="2410" originalElevation="89.2" isOriginalElevationFromOSM="true"><ele>89.0</ele></trkpt>
<trkpt lat="38.023230" lon="127.281920" sectionIndex="0" pointIndex="2411" originalElevation="91.1" isOriginalElevationFromOSM="true"><ele>90.2</ele></trkpt>
<trkpt lat="38.022150" lon="127.282500" sectionIndex="0" pointIndex="2412" originalElevation="91.7" isOriginalElevationFromOSM="true"><ele>91.6</ele></trkpt>
<trkpt lat="38.021330" lon="127.282970" sectionIndex="0" pointIndex="2413" originalElevation="93.2" isOriginalElevationFromOSM="true"><ele>92.2</ele></trkpt>
<trkpt lat="38.020980" lon="127.283140" sectionIndex="0" pointIndex="2414" originalElevation="92.9" isOriginalElevationFromOSM="true"><ele>92.6</ele></trkpt>
<trkpt lat="38.020690" lon="127.283330" sectionIndex="0" pointIndex="2415" originalElevation="91.9" isOriginalElevationFromOSM="true"><ele>93.0</ele></trkpt>
<trkpt lat="38.020440" lon="127.283530" sectionIndex="0" pointIndex="2416" originalElevation="93.5" isOriginalElevationFromOSM="true"><ele>92.9</ele></trkpt>
<trkpt lat="38.020180" lon="127.283790" sectionIndex="0" pointIndex="2417" originalElevation="93.5" isOriginalElevationFromOSM="true"><ele>93.2</ele></trkpt>
<trkpt lat="38.020090" lon="127.283950" sectionIndex="0" pointIndex="2418" originalElevation="92.6" isOriginalElevationFromOSM="true"><ele>93.9</ele></trkpt>
<trkpt lat="38.019900" lon="127.284560" sectionIndex="0" pointIndex="2419" originalElevation="94.5" isOriginalElevationFromOSM="true"><ele>94.9</ele></trkpt>
<trkpt lat="38.019810" lon="127.285090" sectionIndex="0" pointIndex="2420" originalElevation="95.4" isOriginalElevationFromOSM="true"><ele>96.0</ele></trkpt>
<trkpt lat="38.019770" lon="127.286190" sectionIndex="0" pointIndex="2421" originalElevation="98.7" isOriginalElevationFromOSM="true"><ele>97.1</ele></trkpt>
<trkpt lat="38.019820" lon="127.287080" sectionIndex="0" pointIndex="2422" originalElevation="99.0" isOriginalElevationFromOSM="true"><ele>97.6</ele></trkpt>
<trkpt lat="38.019990" lon="127.288380" sectionIndex="0" pointIndex="2423" originalElevation="97.8" isOriginalElevationFromOSM="true"><ele>97.7</ele></trkpt>
<trkpt lat="38.020000" lon="127.288610" sectionIndex="0" pointIndex="2424" originalElevation="97.0" isOriginalElevationFromOSM="true"><ele>99.2</ele></trkpt>
<trkpt lat="38.019940" lon="127.288970" sectionIndex="0" pointIndex="2425" originalElevation="96.2" isOriginalElevationFromOSM="true"><ele>101.5</ele></trkpt>
<trkpt lat="38.019770" lon="127.289710" sectionIndex="0" pointIndex="2426" originalElevation="106.1" isOriginalElevationFromOSM="true"><ele>104.1</ele></trkpt>
<trkpt lat="38.019640" lon="127.290060" sectionIndex="0" pointIndex="2427" originalElevation="110.2" isOriginalElevationFromOSM="true"><ele>106.2</ele></trkpt>
<trkpt lat="38.019370" lon="127.291140" sectionIndex="0" pointIndex="2428" originalElevation="111.1" isOriginalElevationFromOSM="true"><ele>107.9</ele></trkpt>
<trkpt lat="38.019240" lon="127.291450" sectionIndex="0" pointIndex="2429" originalElevation="107.5" isOriginalElevationFromOSM="true"><ele>108.8</ele></trkpt>
<trkpt lat="38.019150" lon="127.291610" sectionIndex="0" pointIndex="2430" originalElevation="104.5" isOriginalElevationFromOSM="true"><ele>108.3</ele></trkpt>
<trkpt lat="38.018850" lon="127.292040" sectionIndex="0" pointIndex="2431" originalElevation="110.8" isOriginalElevationFromOSM="true"><ele>108.3</ele></trkpt>
<trkpt lat="38.018470" lon="127.292520" sectionIndex="0" pointIndex="2432" originalElevation="107.4" isOriginalElevationFromOSM="true"><ele>108.5</ele></trkpt>
<trkpt lat="38.018160" lon="127.292870" sectionIndex="0" pointIndex="2433" originalElevation="111.1" isOriginalElevationFromOSM="true"><ele>108.3</ele></trkpt>
<trkpt lat="38.017780" lon="127.293200" sectionIndex="0" pointIndex="2434" originalElevation="108.6" isOriginalElevationFromOSM="true"><ele>106.8</ele></trkpt>
<trkpt lat="38.017190" lon="127.293590" sectionIndex="0" pointIndex="2435" originalElevation="103.9" isOriginalElevationFromOSM="true"><ele>106.3</ele></trkpt>
<trkpt lat="38.016760" lon="127.293770" sectionIndex="0" pointIndex="2436" originalElevation="102.9" isOriginalElevationFromOSM="true"><ele>104.7</ele></trkpt>
<trkpt lat="38.015730" lon="127.294010" sectionIndex="0" pointIndex="2437" originalElevation="104.8" isOriginalElevationFromOSM="true"><ele>103.5</ele></trkpt>
<trkpt lat="38.015030" lon="127.294140" sectionIndex="0" pointIndex="2438" originalElevation="103.2" isOriginalElevationFromOSM="true"><ele>102.7</ele></trkpt>
<trkpt lat="38.013920" lon="127.294220" sectionIndex="0" pointIndex="2439" originalElevation="102.7" isOriginalElevationFromOSM="true"><ele>102.1</ele></trkpt>
<trkpt lat="38.012520" lon="127.294260" sectionIndex="0" pointIndex="2440" originalElevation="99.8" isOriginalElevationFromOSM="true"><ele>100.8</ele></trkpt>
<trkpt lat="38.011690" lon="127.294230" sectionIndex="0" pointIndex="2441" originalElevation="100.2" isOriginalElevationFromOSM="true"><ele>100.0</ele></trkpt>
<trkpt lat="38.011090" lon="127.294240" sectionIndex="0" pointIndex="2442" originalElevation="98.0" isOriginalElevationFromOSM="true"><ele>99.5</ele></trkpt>
<trkpt lat="38.010750" lon="127.294400" sectionIndex="0" pointIndex="2443" originalElevation="99.2" isOriginalElevationFromOSM="true"><ele>99.8</ele></trkpt>
<trkpt lat="38.010660" lon="127.294500" sectionIndex="0" pointIndex="2444" originalElevation="100.3" isOriginalElevationFromOSM="true"><ele>100.0</ele></trkpt>
<trkpt lat="38.010460" lon="127.294750" sectionIndex="0" pointIndex="2445" originalElevation="101.5" isOriginalElevationFromOSM="true"><ele>100.5</ele></trkpt>
<trkpt lat="38.010210" lon="127.295090" sectionIndex="0" pointIndex="2446" originalElevation="101.0" isOriginalElevationFromOSM="true"><ele>101.3</ele></trkpt>
<trkpt lat="38.009970" lon="127.295670" sectionIndex="0" pointIndex="2447" originalElevation="100.4" isOriginalElevationFromOSM="true"><ele>102.1</ele></trkpt>
<trkpt lat="38.009630" lon="127.296540" sectionIndex="0" pointIndex="2448" originalElevation="103.2" isOriginalElevationFromOSM="true"><ele>102.3</ele></trkpt>
<trkpt lat="38.009350" lon="127.297350" sectionIndex="0" pointIndex="2449" originalElevation="104.4" isOriginalElevationFromOSM="true"><ele>103.0</ele></trkpt>
<trkpt lat="38.009060" lon="127.298280" sectionIndex="0" pointIndex="2450" originalElevation="102.5" isOriginalElevationFromOSM="true"><ele>104.2</ele></trkpt>
<trkpt lat="38.008890" lon="127.298980" sectionIndex="0" pointIndex="2451" originalElevation="104.6" isOriginalElevationFromOSM="true"><ele>104.4</ele></trkpt>
<trkpt lat="38.008580" lon="127.300110" sectionIndex="0" pointIndex="2452" originalElevation="106.4" isOriginalElevationFromOSM="true"><ele>104.5</ele></trkpt>
<trkpt lat="38.008370" lon="127.300770" sectionIndex="0" pointIndex="2453" originalElevation="104.0" isOriginalElevationFromOSM="true"><ele>105.8</ele></trkpt>
<trkpt lat="38.007990" lon="127.301820" sectionIndex="0" pointIndex="2454" originalElevation="105.0" isOriginalElevationFromOSM="true"><ele>106.8</ele></trkpt>
<trkpt lat="38.007440" lon="127.303050" sectionIndex="0" pointIndex="2455" originalElevation="109.0" isOriginalElevationFromOSM="true"><ele>107.8</ele></trkpt>
<trkpt lat="38.007340" lon="127.303220" sectionIndex="0" pointIndex="2456" originalElevation="109.5" isOriginalElevationFromOSM="true"><ele>108.5</ele></trkpt>
<trkpt lat="38.006990" lon="127.303660" sectionIndex="0" pointIndex="2457" originalElevation="111.3" isOriginalElevationFromOSM="true"><ele>108.3</ele></trkpt>
<trkpt lat="38.006610" lon="127.304100" sectionIndex="0" pointIndex="2458" originalElevation="107.9" isOriginalElevationFromOSM="true"><ele>108.6</ele></trkpt>
<trkpt lat="38.005850" lon="127.305060" sectionIndex="0" pointIndex="2459" originalElevation="103.8" isOriginalElevationFromOSM="true"><ele>109.0</ele></trkpt>
<trkpt lat="38.005490" lon="127.305450" sectionIndex="0" pointIndex="2460" originalElevation="110.3" isOriginalElevationFromOSM="true"><ele>108.5</ele></trkpt>
<trkpt lat="38.004710" lon="127.306200" sectionIndex="0" pointIndex="2461" originalElevation="111.7" isOriginalElevationFromOSM="true"><ele>108.8</ele></trkpt>
<trkpt lat="38.004280" lon="127.306560" sectionIndex="0" pointIndex="2462" originalElevation="108.8" isOriginalElevationFromOSM="true"><ele>109.3</ele></trkpt>
<trkpt lat="38.002550" lon="127.308270" sectionIndex="0" pointIndex="2463" originalElevation="109.2" isOriginalElevationFromOSM="true"><ele>108.5</ele></trkpt>
<trkpt lat="38.001840" lon="127.309290" sectionIndex="0" pointIndex="2464" originalElevation="106.4" isOriginalElevationFromOSM="true"><ele>108.6</ele></trkpt>
<trkpt lat="38.001500" lon="127.309740" sectionIndex="0" pointIndex="2465" originalElevation="106.6" isOriginalElevationFromOSM="true"><ele>109.1</ele></trkpt>
<trkpt lat="38.001240" lon="127.310690" sectionIndex="0" pointIndex="2466" originalElevation="111.9" isOriginalElevationFromOSM="true"><ele>109.4</ele></trkpt>
<trkpt lat="38.001070" lon="127.311460" sectionIndex="0" pointIndex="2467" originalElevation="111.3" isOriginalElevationFromOSM="true"><ele>110.3</ele></trkpt>
<trkpt lat="38.001040" lon="127.311900" sectionIndex="0" pointIndex="2468" originalElevation="110.7" isOriginalElevationFromOSM="true"><ele>111.5</ele></trkpt>
<trkpt lat="38.001050" lon="127.312220" sectionIndex="0" pointIndex="2469" originalElevation="110.8" isOriginalElevationFromOSM="true"><ele>112.0</ele></trkpt>
<trkpt lat="38.001130" lon="127.312510" sectionIndex="0" pointIndex="2470" originalElevation="112.6" isOriginalElevationFromOSM="true"><ele>113.0</ele></trkpt>
<trkpt lat="38.001300" lon="127.312860" sectionIndex="0" pointIndex="2471" originalElevation="114.7" isOriginalElevationFromOSM="true"><ele>114.4</ele></trkpt>
<trkpt lat="38.001580" lon="127.313300" sectionIndex="0" pointIndex="2472" originalElevation="116.0" isOriginalElevationFromOSM="true"><ele>115.7</ele></trkpt>
<trkpt lat="38.002150" lon="127.313930" sectionIndex="0" pointIndex="2473" originalElevation="117.8" isOriginalElevationFromOSM="true"><ele>117.3</ele></trkpt>
<trkpt lat="38.002300" lon="127.314060" sectionIndex="0" pointIndex="2474" originalElevation="117.5" isOriginalElevationFromOSM="true"><ele>118.2</ele></trkpt>
<trkpt lat="38.002860" lon="127.314400" sectionIndex="0" pointIndex="2475" originalElevation="120.3" isOriginalElevationFromOSM="true"><ele>117.9</ele></trkpt>
<trkpt lat="38.003320" lon="127.314800" sectionIndex="0" pointIndex="2476" originalElevation="119.2" isOriginalElevationFromOSM="true"><ele>117.5</ele></trkpt>
<trkpt lat="38.003800" lon="127.315770" sectionIndex="0" pointIndex="2477" originalElevation="114.8" isOriginalElevationFromOSM="true"><ele>117.8</ele></trkpt>
<trkpt lat="38.004070" lon="127.316480" sectionIndex="0" pointIndex="2478" originalElevation="115.5" isOriginalElevationFromOSM="true"><ele>117.5</ele></trkpt>
<trkpt lat="38.004870" lon="127.318300" sectionIndex="0" pointIndex="2479" originalElevation="119.1" isOriginalElevationFromOSM="true"><ele>118.0</ele></trkpt>
<trkpt lat="38.005120" lon="127.318700" sectionIndex="0" pointIndex="2480" originalElevation="119.1" isOriginalElevationFromOSM="true"><ele>119.2</ele></trkpt>
<trkpt lat="38.005500" lon="127.319390" sectionIndex="0" pointIndex="2481" originalElevation="121.3" isOriginalElevationFromOSM="true"><ele>121.0</ele></trkpt>
<trkpt lat="38.005560" lon="127.320330" sectionIndex="0" pointIndex="2482" originalElevation="121.2" isOriginalElevationFromOSM="true"><ele>121.2</ele></trkpt>
<trkpt lat="38.005730" lon="127.325800" sectionIndex="0" pointIndex="2483" originalElevation="124.5" isOriginalElevationFromOSM="true"><ele>121.4</ele></trkpt>
<trkpt lat="38.005850" lon="127.328770" sectionIndex="0" pointIndex="2484" originalElevation="120.0" isOriginalElevationFromOSM="true"><ele>121.1</ele></trkpt>
<trkpt lat="38.006000" lon="127.330380" sectionIndex="0" pointIndex="2485" originalElevation="120.2" isOriginalElevationFromOSM="true"><ele>120.8</ele></trkpt>
<trkpt lat="38.006010" lon="127.330620" sectionIndex="0" pointIndex="2486" originalElevation="119.7" isOriginalElevationFromOSM="true"><ele>119.9</ele></trkpt>
<trkpt lat="38.006370" lon="127.330800" sectionIndex="0" pointIndex="2487" originalElevation="119.7" isOriginalElevationFromOSM="true"><ele>120.2</ele></trkpt>
<trkpt lat="38.006660" lon="127.330880" sectionIndex="0" pointIndex="2488" originalElevation="120.0" isOriginalElevationFromOSM="true"><ele>121.4</ele></trkpt>
<trkpt lat="38.007090" lon="127.330910" sectionIndex="0" pointIndex="2489" originalElevation="121.5" isOriginalElevationFromOSM="true"><ele>123.0</ele></trkpt>
<trkpt lat="38.009190" lon="127.330990" sectionIndex="0" pointIndex="2490" originalElevation="126.0" isOriginalElevationFromOSM="true"><ele>124.8</ele></trkpt>
<trkpt lat="38.010940" lon="127.331300" sectionIndex="0" pointIndex="2491" originalElevation="128.1" isOriginalElevationFromOSM="true"><ele>126.4</ele></trkpt>
<trkpt lat="38.011080" lon="127.331310" sectionIndex="0" pointIndex="2492" originalElevation="128.3" isOriginalElevationFromOSM="true"><ele>128.1</ele></trkpt>
<trkpt lat="38.011427" lon="127.331301" sectionIndex="0" pointIndex="2493" originalElevation="128.0" isOriginalElevationFromOSM="false"><ele>128.9</ele></trkpt>
<trkpt lat="38.011805" lon="127.331235" sectionIndex="0" pointIndex="2494" originalElevation="130.0" isOriginalElevationFromOSM="false"><ele>130.0</ele></trkpt>
<trkpt lat="38.012430" lon="127.331130" sectionIndex="0" pointIndex="2495" originalElevation="130.3" isOriginalElevationFromOSM="true"><ele>131.2</ele></trkpt>
<trkpt lat="38.013720" lon="127.330950" sectionIndex="0" pointIndex="2496" originalElevation="133.6" isOriginalElevationFromOSM="true"><ele>132.8</ele></trkpt>
<trkpt lat="38.013980" lon="127.330830" sectionIndex="0" pointIndex="2497" originalElevation="134.3" isOriginalElevationFromOSM="true"><ele>134.0</ele></trkpt>
<trkpt lat="38.014390" lon="127.330710" sectionIndex="0" pointIndex="2498" originalElevation="135.6" isOriginalElevationFromOSM="true"><ele>135.4</ele></trkpt>
<trkpt lat="38.014610" lon="127.330620" sectionIndex="0" pointIndex="2499" originalElevation="136.2" isOriginalElevationFromOSM="true"><ele>136.6</ele></trkpt>
<trkpt lat="38.014920" lon="127.330360" sectionIndex="0" pointIndex="2500" originalElevation="137.3" isOriginalElevationFromOSM="true"><ele>137.9</ele></trkpt>
<trkpt lat="38.016520" lon="127.329630" sectionIndex="0" pointIndex="2501" originalElevation="139.8" isOriginalElevationFromOSM="true"><ele>139.0</ele></trkpt>
<trkpt lat="38.017010" lon="127.329450" sectionIndex="0" pointIndex="2502" originalElevation="140.7" isOriginalElevationFromOSM="true"><ele>140.0</ele></trkpt>
<trkpt lat="38.017470" lon="127.329220" sectionIndex="0" pointIndex="2503" originalElevation="141.1" isOriginalElevationFromOSM="true"><ele>140.8</ele></trkpt>
<trkpt lat="38.017580" lon="127.329180" sectionIndex="0" pointIndex="2504" originalElevation="141.2" isOriginalElevationFromOSM="true"><ele>141.4</ele></trkpt>
<trkpt lat="38.017860" lon="127.329180" sectionIndex="0" pointIndex="2505" originalElevation="141.5" isOriginalElevationFromOSM="true"><ele>142.6</ele></trkpt>
<trkpt lat="38.018370" lon="127.329280" sectionIndex="0" pointIndex="2506" originalElevation="142.8" isOriginalElevationFromOSM="true"><ele>144.2</ele></trkpt>
<trkpt lat="38.018860" lon="127.329460" sectionIndex="0" pointIndex="2507" originalElevation="146.2" isOriginalElevationFromOSM="true"><ele>146.1</ele></trkpt>
<trkpt lat="38.019290" lon="127.329570" sectionIndex="0" pointIndex="2508" originalElevation="149.3" isOriginalElevationFromOSM="true"><ele>148.8</ele></trkpt>
<trkpt lat="38.019530" lon="127.329590" sectionIndex="0" pointIndex="2509" originalElevation="150.9" isOriginalElevationFromOSM="true"><ele>151.7</ele></trkpt>
<trkpt lat="38.020160" lon="127.329450" sectionIndex="0" pointIndex="2510" originalElevation="154.7" isOriginalElevationFromOSM="true"><ele>154.7</ele></trkpt>
<trkpt lat="38.020650" lon="127.329390" sectionIndex="0" pointIndex="2511" originalElevation="157.4" isOriginalElevationFromOSM="true"><ele>157.3</ele></trkpt>
<trkpt lat="38.021180" lon="127.329400" sectionIndex="0" pointIndex="2512" originalElevation="161.3" isOriginalElevationFromOSM="true"><ele>159.8</ele></trkpt>
<trkpt lat="38.021450" lon="127.329330" sectionIndex="0" pointIndex="2513" originalElevation="162.5" isOriginalElevationFromOSM="true"><ele>161.8</ele></trkpt>
<trkpt lat="38.021840" lon="127.329110" sectionIndex="0" pointIndex="2514" originalElevation="163.0" isOriginalElevationFromOSM="true"><ele>163.6</ele></trkpt>
<trkpt lat="38.022070" lon="127.329050" sectionIndex="0" pointIndex="2515" originalElevation="164.8" isOriginalElevationFromOSM="true"><ele>164.4</ele></trkpt>
<trkpt lat="38.022490" lon="127.328950" sectionIndex="0" pointIndex="2516" originalElevation="166.6" isOriginalElevationFromOSM="true"><ele>164.9</ele></trkpt>
<trkpt lat="38.023710" lon="127.328210" sectionIndex="0" pointIndex="2517" originalElevation="165.3" isOriginalElevationFromOSM="true"><ele>165.7</ele></trkpt>
<trkpt lat="38.024100" lon="127.328010" sectionIndex="0" pointIndex="2518" originalElevation="164.7" isOriginalElevationFromOSM="true"><ele>167.0</ele></trkpt>
<trkpt lat="38.024440" lon="127.327880" sectionIndex="0" pointIndex="2519" originalElevation="167.0" isOriginalElevationFromOSM="true"><ele>169.0</ele></trkpt>
<trkpt lat="38.025250" lon="127.327660" sectionIndex="0" pointIndex="2520" originalElevation="171.3" isOriginalElevationFromOSM="true"><ele>172.1</ele></trkpt>
<trkpt lat="38.025680" lon="127.327660" sectionIndex="0" pointIndex="2521" originalElevation="176.7" isOriginalElevationFromOSM="true"><ele>175.3</ele></trkpt>
<trkpt lat="38.026090" lon="127.327610" sectionIndex="0" pointIndex="2522" originalElevation="180.9" isOriginalElevationFromOSM="true"><ele>177.9</ele></trkpt>
<trkpt lat="38.026190" lon="127.327560" sectionIndex="0" pointIndex="2523" originalElevation="180.5" isOriginalElevationFromOSM="true"><ele>180.0</ele></trkpt>
<trkpt lat="38.026470" lon="127.327340" sectionIndex="0" pointIndex="2524" originalElevation="180.3" isOriginalElevationFromOSM="true"><ele>182.8</ele></trkpt>
<trkpt lat="38.026680" lon="127.327230" sectionIndex="0" pointIndex="2525" originalElevation="181.6" isOriginalElevationFromOSM="true"><ele>185.0</ele></trkpt>
<trkpt lat="38.027140" lon="127.327110" sectionIndex="0" pointIndex="2526" originalElevation="190.6" isOriginalElevationFromOSM="true"><ele>187.4</ele></trkpt>
<trkpt lat="38.027250" lon="127.327060" sectionIndex="0" pointIndex="2527" originalElevation="192.1" isOriginalElevationFromOSM="true"><ele>190.2</ele></trkpt>
<trkpt lat="38.027890" lon="127.326410" sectionIndex="0" pointIndex="2528" originalElevation="192.4" isOriginalElevationFromOSM="true"><ele>192.5</ele></trkpt>
<trkpt lat="38.028210" lon="127.326110" sectionIndex="0" pointIndex="2529" originalElevation="194.3" isOriginalElevationFromOSM="true"><ele>192.9</ele></trkpt>
<trkpt lat="38.028530" lon="127.325900" sectionIndex="0" pointIndex="2530" originalElevation="192.9" isOriginalElevationFromOSM="true"><ele>193.1</ele></trkpt>
<trkpt lat="38.028650" lon="127.325890" sectionIndex="0" pointIndex="2531" originalElevation="192.6" isOriginalElevationFromOSM="true"><ele>193.4</ele></trkpt>
<trkpt lat="38.028820" lon="127.325940" sectionIndex="0" pointIndex="2532" originalElevation="193.2" isOriginalElevationFromOSM="true"><ele>193.8</ele></trkpt>
<trkpt lat="38.028950" lon="127.326000" sectionIndex="0" pointIndex="2533" originalElevation="194.0" isOriginalElevationFromOSM="true"><ele>195.3</ele></trkpt>
<trkpt lat="38.029110" lon="127.326160" sectionIndex="0" pointIndex="2534" originalElevation="196.2" isOriginalElevationFromOSM="true"><ele>197.6</ele></trkpt>
<trkpt lat="38.029330" lon="127.326340" sectionIndex="0" pointIndex="2535" originalElevation="200.5" isOriginalElevationFromOSM="true"><ele>200.9</ele></trkpt>
<trkpt lat="38.029540" lon="127.326420" sectionIndex="0" pointIndex="2536" originalElevation="204.1" isOriginalElevationFromOSM="true"><ele>203.8</ele></trkpt>
<trkpt lat="38.030010" lon="127.326450" sectionIndex="0" pointIndex="2537" originalElevation="209.6" isOriginalElevationFromOSM="true"><ele>206.4</ele></trkpt>
<trkpt lat="38.030540" lon="127.326410" sectionIndex="0" pointIndex="2538" originalElevation="208.5" isOriginalElevationFromOSM="true"><ele>211.8</ele></trkpt>
<trkpt lat="38.030780" lon="127.326450" sectionIndex="0" pointIndex="2539" originalElevation="209.2" isOriginalElevationFromOSM="true"><ele>218.0</ele></trkpt>
<trkpt lat="38.032030" lon="127.327080" sectionIndex="0" pointIndex="2540" originalElevation="227.6" isOriginalElevationFromOSM="true"><ele>225.1</ele></trkpt>
<trkpt lat="38.032490" lon="127.327270" sectionIndex="0" pointIndex="2541" originalElevation="235.0" isOriginalElevationFromOSM="true"><ele>233.2</ele></trkpt>
<trkpt lat="38.033630" lon="127.327600" sectionIndex="0" pointIndex="2542" originalElevation="245.1" isOriginalElevationFromOSM="true"><ele>242.4</ele></trkpt>
<trkpt lat="38.033860" lon="127.327720" sectionIndex="0" pointIndex="2543" originalElevation="249.0" isOriginalElevationFromOSM="true"><ele>252.2</ele></trkpt>
<trkpt lat="38.034210" lon="127.327950" sectionIndex="0" pointIndex="2544" originalElevation="255.4" isOriginalElevationFromOSM="true"><ele>261.0</ele></trkpt>
<trkpt lat="38.035590" lon="127.329100" sectionIndex="0" pointIndex="2545" originalElevation="276.3" isOriginalElevationFromOSM="true"><ele>268.6</ele></trkpt>
<trkpt lat="38.035780" lon="127.329290" sectionIndex="0" pointIndex="2546" originalElevation="279.1" isOriginalElevationFromOSM="true"><ele>275.9</ele></trkpt>
<trkpt lat="38.036050" lon="127.329440" sectionIndex="0" pointIndex="2547" originalElevation="283.3" isOriginalElevationFromOSM="true"><ele>282.1</ele></trkpt>
<trkpt lat="38.036230" lon="127.329480" sectionIndex="0" pointIndex="2548" originalElevation="285.6" isOriginalElevationFromOSM="true"><ele>284.6</ele></trkpt>
<trkpt lat="38.036350" lon="127.329460" sectionIndex="0" pointIndex="2549" originalElevation="286.4" isOriginalElevationFromOSM="true"><ele>286.9</ele></trkpt>
<trkpt lat="38.036570" lon="127.329460" sectionIndex="0" pointIndex="2550" originalElevation="288.4" isOriginalElevationFromOSM="true"><ele>289.1</ele></trkpt>
<trkpt lat="38.036810" lon="127.329400" sectionIndex="0" pointIndex="2551" originalElevation="290.9" isOriginalElevationFromOSM="true"><ele>291.4</ele></trkpt>
<trkpt lat="38.037040" lon="127.329370" sectionIndex="0" pointIndex="2552" originalElevation="294.3" isOriginalElevationFromOSM="true"><ele>294.4</ele></trkpt>
<trkpt lat="38.037260" lon="127.329310" sectionIndex="0" pointIndex="2553" originalElevation="296.9" isOriginalElevationFromOSM="true"><ele>299.1</ele></trkpt>
<trkpt lat="38.037600" lon="127.329170" sectionIndex="0" pointIndex="2554" originalElevation="301.6" isOriginalElevationFromOSM="true"><ele>304.1</ele></trkpt>
<trkpt lat="38.038140" lon="127.328800" sectionIndex="0" pointIndex="2555" originalElevation="311.9" isOriginalElevationFromOSM="true"><ele>311.8</ele></trkpt>
<trkpt lat="38.038410" lon="127.328680" sectionIndex="0" pointIndex="2556" originalElevation="315.6" isOriginalElevationFromOSM="true"><ele>321.4</ele></trkpt>
<trkpt lat="38.039640" lon="127.328300" sectionIndex="0" pointIndex="2557" originalElevation="333.2" isOriginalElevationFromOSM="true"><ele>330.4</ele></trkpt>
<trkpt lat="38.040330" lon="127.328060" sectionIndex="0" pointIndex="2558" originalElevation="344.6" isOriginalElevationFromOSM="true"><ele>338.2</ele></trkpt>
<trkpt lat="38.040490" lon="127.327990" sectionIndex="0" pointIndex="2559" originalElevation="346.7" isOriginalElevationFromOSM="true"><ele>346.1</ele></trkpt>
<trkpt lat="38.040970" lon="127.327680" sectionIndex="0" pointIndex="2560" originalElevation="351.1" isOriginalElevationFromOSM="true"><ele>351.1</ele></trkpt>
<trkpt lat="38.041390" lon="127.327490" sectionIndex="0" pointIndex="2561" originalElevation="355.1" isOriginalElevationFromOSM="true"><ele>353.3</ele></trkpt>
<trkpt lat="38.041810" lon="127.327480" sectionIndex="0" pointIndex="2562" originalElevation="357.9" isOriginalElevationFromOSM="true"><ele>354.4</ele></trkpt>
<trkpt lat="38.042180" lon="127.327510" sectionIndex="0" pointIndex="2563" originalElevation="355.5" isOriginalElevationFromOSM="true"><ele>354.0</ele></trkpt>
<trkpt lat="38.042460" lon="127.327420" sectionIndex="0" pointIndex="2564" originalElevation="352.6" isOriginalElevationFromOSM="true"><ele>352.3</ele></trkpt>
<trkpt lat="38.042760" lon="127.327230" sectionIndex="0" pointIndex="2565" originalElevation="348.9" isOriginalElevationFromOSM="true"><ele>347.7</ele></trkpt>
<trkpt lat="38.042940" lon="127.327150" sectionIndex="0" pointIndex="2566" originalElevation="346.5" isOriginalElevationFromOSM="true"><ele>341.5</ele></trkpt>
<trkpt lat="38.043860" lon="127.326980" sectionIndex="0" pointIndex="2567" originalElevation="335.1" isOriginalElevationFromOSM="true"><ele>335.3</ele></trkpt>
<trkpt lat="38.044710" lon="127.326850" sectionIndex="0" pointIndex="2568" originalElevation="324.6" isOriginalElevationFromOSM="true"><ele>329.5</ele></trkpt>
<trkpt lat="38.044910" lon="127.326800" sectionIndex="0" pointIndex="2569" originalElevation="321.6" isOriginalElevationFromOSM="true"><ele>323.4</ele></trkpt>
<trkpt lat="38.045200" lon="127.326770" sectionIndex="0" pointIndex="2570" originalElevation="319.7" isOriginalElevationFromOSM="true"><ele>317.5</ele></trkpt>
<trkpt lat="38.045590" lon="127.326630" sectionIndex="0" pointIndex="2571" originalElevation="315.8" isOriginalElevationFromOSM="true"><ele>313.4</ele></trkpt>
<trkpt lat="38.046170" lon="127.326150" sectionIndex="0" pointIndex="2572" originalElevation="305.8" isOriginalElevationFromOSM="true"><ele>309.9</ele></trkpt>
<trkpt lat="38.046430" lon="127.326080" sectionIndex="0" pointIndex="2573" originalElevation="304.1" isOriginalElevationFromOSM="true"><ele>306.8</ele></trkpt>
<trkpt lat="38.046560" lon="127.326090" sectionIndex="0" pointIndex="2574" originalElevation="303.9" isOriginalElevationFromOSM="true"><ele>304.4</ele></trkpt>
<trkpt lat="38.046590" lon="127.326120" sectionIndex="0" pointIndex="2575" originalElevation="304.3" isOriginalElevationFromOSM="true"><ele>303.0</ele></trkpt>
<trkpt lat="38.046720" lon="127.326170" sectionIndex="0" pointIndex="2576" originalElevation="303.9" isOriginalElevationFromOSM="true"><ele>300.4</ele></trkpt>
<trkpt lat="38.047280" lon="127.326530" sectionIndex="0" pointIndex="2577" originalElevation="298.7" isOriginalElevationFromOSM="true"><ele>297.5</ele></trkpt>
<trkpt lat="38.048650" lon="127.326530" sectionIndex="0" pointIndex="2578" originalElevation="291.2" isOriginalElevationFromOSM="true"><ele>293.9</ele></trkpt>
<trkpt lat="38.048800" lon="127.326440" sectionIndex="0" pointIndex="2579" originalElevation="289.3" isOriginalElevationFromOSM="true"><ele>290.2</ele></trkpt>
<trkpt lat="38.049150" lon="127.326290" sectionIndex="0" pointIndex="2580" originalElevation="286.5" isOriginalElevationFromOSM="true"><ele>287.8</ele></trkpt>
<trkpt lat="38.049520" lon="127.326340" sectionIndex="0" pointIndex="2581" originalElevation="285.3" isOriginalElevationFromOSM="true"><ele>286.8</ele></trkpt>
<trkpt lat="38.049960" lon="127.326570" sectionIndex="0" pointIndex="2582" originalElevation="286.6" isOriginalElevationFromOSM="true"><ele>286.1</ele></trkpt>
<trkpt lat="38.050150" lon="127.326610" sectionIndex="0" pointIndex="2583" originalElevation="286.4" isOriginalElevationFromOSM="true"><ele>285.7</ele></trkpt>
<trkpt lat="38.050270" lon="127.326610" sectionIndex="0" pointIndex="2584" originalElevation="285.8" isOriginalElevationFromOSM="true"><ele>284.3</ele></trkpt>
<trkpt lat="38.050420" lon="127.326560" sectionIndex="0" pointIndex="2585" originalElevation="284.3" isOriginalElevationFromOSM="true"><ele>282.1</ele></trkpt>
<trkpt lat="38.050720" lon="127.326300" sectionIndex="0" pointIndex="2586" originalElevation="278.4" isOriginalElevationFromOSM="true"><ele>279.7</ele></trkpt>
<trkpt lat="38.051400" lon="127.326220" sectionIndex="0" pointIndex="2587" originalElevation="275.7" isOriginalElevationFromOSM="true"><ele>276.6</ele></trkpt>
<trkpt lat="38.051880" lon="127.326200" sectionIndex="0" pointIndex="2588" originalElevation="274.1" isOriginalElevationFromOSM="true"><ele>273.3</ele></trkpt>
<trkpt lat="38.052260" lon="127.326110" sectionIndex="0" pointIndex="2589" originalElevation="270.4" isOriginalElevationFromOSM="true"><ele>271.3</ele></trkpt>
<trkpt lat="38.052420" lon="127.326050" sectionIndex="0" pointIndex="2590" originalElevation="268.1" isOriginalElevationFromOSM="true"><ele>270.1</ele></trkpt>
<trkpt lat="38.052750" lon="127.326080" sectionIndex="0" pointIndex="2591" originalElevation="268.4" isOriginalElevationFromOSM="true"><ele>270.5</ele></trkpt>
<trkpt lat="38.053110" lon="127.326160" sectionIndex="0" pointIndex="2592" originalElevation="269.8" isOriginalElevationFromOSM="true"><ele>271.1</ele></trkpt>
<trkpt lat="38.053970" lon="127.326250" sectionIndex="0" pointIndex="2593" originalElevation="276.0" isOriginalElevationFromOSM="true"><ele>271.1</ele></trkpt>
<trkpt lat="38.054450" lon="127.326250" sectionIndex="0" pointIndex="2594" originalElevation="273.0" isOriginalElevationFromOSM="true"><ele>269.7</ele></trkpt>
<trkpt lat="38.054710" lon="127.326200" sectionIndex="0" pointIndex="2595" originalElevation="268.1" isOriginalElevationFromOSM="true"><ele>267.2</ele></trkpt>
<trkpt lat="38.054950" lon="127.326070" sectionIndex="0" pointIndex="2596" originalElevation="261.7" isOriginalElevationFromOSM="true"><ele>261.2</ele></trkpt>
<trkpt lat="38.055070" lon="127.325970" sectionIndex="0" pointIndex="2597" originalElevation="257.1" isOriginalElevationFromOSM="true"><ele>254.4</ele></trkpt>
<trkpt lat="38.055390" lon="127.325640" sectionIndex="0" pointIndex="2598" originalElevation="245.9" isOriginalElevationFromOSM="true"><ele>247.8</ele></trkpt>
<trkpt lat="38.055650" lon="127.325450" sectionIndex="0" pointIndex="2599" originalElevation="239.1" isOriginalElevationFromOSM="true"><ele>242.4</ele></trkpt>
<trkpt lat="38.055820" lon="127.325370" sectionIndex="0" pointIndex="2600" originalElevation="235.0" isOriginalElevationFromOSM="true"><ele>239.1</ele></trkpt>
<trkpt lat="38.056520" lon="127.325150" sectionIndex="0" pointIndex="2601" originalElevation="235.2" isOriginalElevationFromOSM="true"><ele>238.5</ele></trkpt>
<trkpt lat="38.056960" lon="127.324990" sectionIndex="0" pointIndex="2602" originalElevation="240.4" isOriginalElevationFromOSM="true"><ele>239.7</ele></trkpt>
<trkpt lat="38.057030" lon="127.324920" sectionIndex="0" pointIndex="2603" originalElevation="242.8" isOriginalElevationFromOSM="true"><ele>242.3</ele></trkpt>
<trkpt lat="38.057290" lon="127.325010" sectionIndex="0" pointIndex="2604" originalElevation="244.9" isOriginalElevationFromOSM="true"><ele>245.3</ele></trkpt>
<trkpt lat="38.057770" lon="127.325120" sectionIndex="0" pointIndex="2605" originalElevation="248.2" isOriginalElevationFromOSM="true"><ele>248.1</ele></trkpt>
<trkpt lat="38.058340" lon="127.325280" sectionIndex="0" pointIndex="2606" originalElevation="250.2" isOriginalElevationFromOSM="true"><ele>250.9</ele></trkpt>
<trkpt lat="38.058830" lon="127.325380" sectionIndex="0" pointIndex="2607" originalElevation="254.4" isOriginalElevationFromOSM="true"><ele>254.6</ele></trkpt>
<trkpt lat="38.059120" lon="127.325420" sectionIndex="0" pointIndex="2608" originalElevation="257.0" isOriginalElevationFromOSM="true"><ele>260.4</ele></trkpt>
<trkpt lat="38.059650" lon="127.325570" sectionIndex="0" pointIndex="2609" originalElevation="263.0" isOriginalElevationFromOSM="true"><ele>266.3</ele></trkpt>
<trkpt lat="38.060720" lon="127.325660" sectionIndex="0" pointIndex="2610" originalElevation="277.3" isOriginalElevationFromOSM="true"><ele>271.4</ele></trkpt>
<trkpt lat="38.060960" lon="127.325700" sectionIndex="0" pointIndex="2611" originalElevation="279.7" isOriginalElevationFromOSM="true"><ele>275.9</ele></trkpt>
<trkpt lat="38.061040" lon="127.325730" sectionIndex="0" pointIndex="2612" originalElevation="279.9" isOriginalElevationFromOSM="true"><ele>278.3</ele></trkpt>
<trkpt lat="38.061160" lon="127.325830" sectionIndex="0" pointIndex="2613" originalElevation="279.4" isOriginalElevationFromOSM="true"><ele>277.8</ele></trkpt>
<trkpt lat="38.061252" lon="127.325936" sectionIndex="0" pointIndex="2614" originalElevation="275.0" isOriginalElevationFromOSM="false"><ele>278.4</ele></trkpt>
<trkpt lat="38.061302" lon="127.326310" sectionIndex="0" pointIndex="2615" originalElevation="275.0" isOriginalElevationFromOSM="false"><ele>279.8</ele></trkpt>
<trkpt lat="38.061300" lon="127.326320" sectionIndex="0" pointIndex="2616" originalElevation="282.6" isOriginalElevationFromOSM="true"><ele>281.5</ele></trkpt>
<trkpt lat="38.061140" lon="127.327070" sectionIndex="0" pointIndex="2617" originalElevation="287.1" isOriginalElevationFromOSM="true"><ele>284.0</ele></trkpt>
<trkpt lat="38.061010" lon="127.327280" sectionIndex="0" pointIndex="2618" originalElevation="288.0" isOriginalElevationFromOSM="true"><ele>285.7</ele></trkpt>
<trkpt lat="38.060830" lon="127.327420" sectionIndex="0" pointIndex="2619" originalElevation="287.1" isOriginalElevationFromOSM="true"><ele>286.4</ele></trkpt>
<trkpt lat="38.060320" lon="127.327620" sectionIndex="0" pointIndex="2620" originalElevation="283.9" isOriginalElevationFromOSM="true"><ele>287.4</ele></trkpt>
<trkpt lat="38.060190" lon="127.327780" sectionIndex="0" pointIndex="2621" originalElevation="285.8" isOriginalElevationFromOSM="true"><ele>288.3</ele></trkpt>
<trkpt lat="38.059930" lon="127.328190" sectionIndex="0" pointIndex="2622" originalElevation="292.2" isOriginalElevationFromOSM="true"><ele>289.4</ele></trkpt>
<trkpt lat="38.059880" lon="127.328230" sectionIndex="0" pointIndex="2623" originalElevation="292.7" isOriginalElevationFromOSM="true"><ele>290.9</ele></trkpt>
<trkpt lat="38.059700" lon="127.328300" sectionIndex="0" pointIndex="2624" originalElevation="292.5" isOriginalElevationFromOSM="true"><ele>292.1</ele></trkpt>
<trkpt lat="38.059470" lon="127.328360" sectionIndex="0" pointIndex="2625" originalElevation="291.4" isOriginalElevationFromOSM="true"><ele>292.1</ele></trkpt>
<trkpt lat="38.059390" lon="127.328430" sectionIndex="0" pointIndex="2626" originalElevation="291.6" isOriginalElevationFromOSM="true"><ele>292.1</ele></trkpt>
<trkpt lat="38.059290" lon="127.328560" sectionIndex="0" pointIndex="2627" originalElevation="292.1" isOriginalElevationFromOSM="true"><ele>292.5</ele></trkpt>
<trkpt lat="38.059200" lon="127.328740" sectionIndex="0" pointIndex="2628" originalElevation="292.7" isOriginalElevationFromOSM="true"><ele>293.5</ele></trkpt>
<trkpt lat="38.059130" lon="127.329140" sectionIndex="0" pointIndex="2629" originalElevation="294.9" isOriginalElevationFromOSM="true"><ele>295.1</ele></trkpt>
<trkpt lat="38.059130" lon="127.329490" sectionIndex="0" pointIndex="2630" originalElevation="296.3" isOriginalElevationFromOSM="true"><ele>297.2</ele></trkpt>
<trkpt lat="38.059220" lon="127.329740" sectionIndex="0" pointIndex="2631" originalElevation="299.6" isOriginalElevationFromOSM="true"><ele>299.6</ele></trkpt>
<trkpt lat="38.059310" lon="127.329910" sectionIndex="0" pointIndex="2632" originalElevation="302.4" isOriginalElevationFromOSM="true"><ele>301.9</ele></trkpt>
<trkpt lat="38.059370" lon="127.330090" sectionIndex="0" pointIndex="2633" originalElevation="304.6" isOriginalElevationFromOSM="true"><ele>304.0</ele></trkpt>
<trkpt lat="38.059390" lon="127.330420" sectionIndex="0" pointIndex="2634" originalElevation="306.8" isOriginalElevationFromOSM="true"><ele>304.9</ele></trkpt>
<trkpt lat="38.059360" lon="127.330540" sectionIndex="0" pointIndex="2635" originalElevation="306.7" isOriginalElevationFromOSM="true"><ele>305.3</ele></trkpt>
<trkpt lat="38.059030" lon="127.330980" sectionIndex="0" pointIndex="2636" originalElevation="304.0" isOriginalElevationFromOSM="true"><ele>305.5</ele></trkpt>
<trkpt lat="38.058950" lon="127.331170" sectionIndex="0" pointIndex="2637" originalElevation="304.4" isOriginalElevationFromOSM="true"><ele>307.7</ele></trkpt>
<trkpt lat="38.058930" lon="127.331340" sectionIndex="0" pointIndex="2638" originalElevation="305.7" isOriginalElevationFromOSM="true"><ele>312.2</ele></trkpt>
<trkpt lat="38.059260" lon="127.333150" sectionIndex="0" pointIndex="2639" originalElevation="317.7" isOriginalElevationFromOSM="true"><ele>317.9</ele></trkpt>
<trkpt lat="38.059480" lon="127.334080" sectionIndex="0" pointIndex="2640" originalElevation="329.1" isOriginalElevationFromOSM="true"><ele>324.3</ele></trkpt>
<trkpt lat="38.059490" lon="127.334320" sectionIndex="0" pointIndex="2641" originalElevation="332.6" isOriginalElevationFromOSM="true"><ele>331.1</ele></trkpt>
<trkpt lat="38.059530" lon="127.334520" sectionIndex="0" pointIndex="2642" originalElevation="336.6" isOriginalElevationFromOSM="true"><ele>335.5</ele></trkpt>
<trkpt lat="38.059490" lon="127.334730" sectionIndex="0" pointIndex="2643" originalElevation="339.4" isOriginalElevationFromOSM="true"><ele>337.7</ele></trkpt>
<trkpt lat="38.059400" lon="127.334850" sectionIndex="0" pointIndex="2644" originalElevation="340.0" isOriginalElevationFromOSM="true"><ele>338.7</ele></trkpt>
<trkpt lat="38.059190" lon="127.335040" sectionIndex="0" pointIndex="2645" originalElevation="340.0" isOriginalElevationFromOSM="true"><ele>339.1</ele></trkpt>
<trkpt lat="38.058950" lon="127.335200" sectionIndex="0" pointIndex="2646" originalElevation="337.7" isOriginalElevationFromOSM="true"><ele>339.3</ele></trkpt>
<trkpt lat="38.058870" lon="127.335410" sectionIndex="0" pointIndex="2647" originalElevation="338.6" isOriginalElevationFromOSM="true"><ele>339.8</ele></trkpt>
<trkpt lat="38.058830" lon="127.335600" sectionIndex="0" pointIndex="2648" originalElevation="340.3" isOriginalElevationFromOSM="true"><ele>340.6</ele></trkpt>
<trkpt lat="38.058820" lon="127.335800" sectionIndex="0" pointIndex="2649" originalElevation="342.5" isOriginalElevationFromOSM="true"><ele>341.9</ele></trkpt>
<trkpt lat="38.058720" lon="127.335970" sectionIndex="0" pointIndex="2650" originalElevation="344.0" isOriginalElevationFromOSM="true"><ele>343.2</ele></trkpt>
<trkpt lat="38.058580" lon="127.336120" sectionIndex="0" pointIndex="2651" originalElevation="343.9" isOriginalElevationFromOSM="true"><ele>344.9</ele></trkpt>
<trkpt lat="38.058480" lon="127.336280" sectionIndex="0" pointIndex="2652" originalElevation="345.1" isOriginalElevationFromOSM="true"><ele>347.2</ele></trkpt>
<trkpt lat="38.058480" lon="127.336450" sectionIndex="0" pointIndex="2653" originalElevation="348.9" isOriginalElevationFromOSM="true"><ele>349.4</ele></trkpt>
<trkpt lat="38.058510" lon="127.336630" sectionIndex="0" pointIndex="2654" originalElevation="354.1" isOriginalElevationFromOSM="true"><ele>351.1</ele></trkpt>
<trkpt lat="38.058430" lon="127.336820" sectionIndex="0" pointIndex="2655" originalElevation="355.0" isOriginalElevationFromOSM="true"><ele>352.6</ele></trkpt>
<trkpt lat="38.058240" lon="127.336920" sectionIndex="0" pointIndex="2656" originalElevation="352.2" isOriginalElevationFromOSM="true"><ele>353.8</ele></trkpt>
<trkpt lat="38.058130" lon="127.337050" sectionIndex="0" pointIndex="2657" originalElevation="352.6" isOriginalElevationFromOSM="true"><ele>357.3</ele></trkpt>
<trkpt lat="38.058100" lon="127.337240" sectionIndex="0" pointIndex="2658" originalElevation="355.3" isOriginalElevationFromOSM="true"><ele>359.2</ele></trkpt>
<trkpt lat="38.058170" lon="127.338020" sectionIndex="0" pointIndex="2659" originalElevation="371.4" isOriginalElevationFromOSM="true"><ele>361.0</ele></trkpt>
<trkpt lat="38.057840" lon="127.337980" sectionIndex="0" pointIndex="2660" originalElevation="364.7" isOriginalElevationFromOSM="true"><ele>362.2</ele></trkpt>
<trkpt lat="38.057690" lon="127.337940" sectionIndex="0" pointIndex="2661" originalElevation="361.1" isOriginalElevationFromOSM="true"><ele>362.9</ele></trkpt>
<trkpt lat="38.057540" lon="127.337950" sectionIndex="0" pointIndex="2662" originalElevation="358.4" isOriginalElevationFromOSM="true"><ele>360.4</ele></trkpt>
<trkpt lat="38.057230" lon="127.338180" sectionIndex="0" pointIndex="2663" originalElevation="359.1" isOriginalElevationFromOSM="true"><ele>359.4</ele></trkpt>
<trkpt lat="38.057140" lon="127.338230" sectionIndex="0" pointIndex="2664" originalElevation="358.8" isOriginalElevationFromOSM="true"><ele>359.4</ele></trkpt>
<trkpt lat="38.056950" lon="127.338400" sectionIndex="0" pointIndex="2665" originalElevation="359.5" isOriginalElevationFromOSM="true"><ele>361.1</ele></trkpt>
<trkpt lat="38.056820" lon="127.338610" sectionIndex="0" pointIndex="2666" originalElevation="361.4" isOriginalElevationFromOSM="true"><ele>365.7</ele></trkpt>
<trkpt lat="38.056770" lon="127.338980" sectionIndex="0" pointIndex="2667" originalElevation="366.6" isOriginalElevationFromOSM="true"><ele>370.7</ele></trkpt>
<trkpt lat="38.056900" lon="127.339520" sectionIndex="0" pointIndex="2668" originalElevation="382.0" isOriginalElevationFromOSM="true"><ele>374.9</ele></trkpt>
<trkpt lat="38.056830" lon="127.339680" sectionIndex="0" pointIndex="2669" originalElevation="384.1" isOriginalElevationFromOSM="true"><ele>377.9</ele></trkpt>
<trkpt lat="38.056660" lon="127.339700" sectionIndex="0" pointIndex="2670" originalElevation="380.3" isOriginalElevationFromOSM="true"><ele>379.5</ele></trkpt>
<trkpt lat="38.056440" lon="127.339650" sectionIndex="0" pointIndex="2671" originalElevation="376.7" isOriginalElevationFromOSM="true"><ele>377.8</ele></trkpt>
<trkpt lat="38.056330" lon="127.339610" sectionIndex="0" pointIndex="2672" originalElevation="374.4" isOriginalElevationFromOSM="true"><ele>375.8</ele></trkpt>
<trkpt lat="38.056170" lon="127.339640" sectionIndex="0" pointIndex="2673" originalElevation="373.6" isOriginalElevationFromOSM="true"><ele>374.8</ele></trkpt>
<trkpt lat="38.056040" lon="127.339720" sectionIndex="0" pointIndex="2674" originalElevation="373.8" isOriginalElevationFromOSM="true"><ele>374.7</ele></trkpt>
<trkpt lat="38.055990" lon="127.339850" sectionIndex="0" pointIndex="2675" originalElevation="375.6" isOriginalElevationFromOSM="true"><ele>375.3</ele></trkpt>
<trkpt lat="38.055930" lon="127.339930" sectionIndex="0" pointIndex="2676" originalElevation="376.2" isOriginalElevationFromOSM="true"><ele>376.3</ele></trkpt>
<trkpt lat="38.055910" lon="127.340010" sectionIndex="0" pointIndex="2677" originalElevation="377.2" isOriginalElevationFromOSM="true"><ele>377.9</ele></trkpt>
<trkpt lat="38.055920" lon="127.340320" sectionIndex="0" pointIndex="2678" originalElevation="378.6" isOriginalElevationFromOSM="true"><ele>381.0</ele></trkpt>
<trkpt lat="38.056010" lon="127.340520" sectionIndex="0" pointIndex="2679" originalElevation="381.7" isOriginalElevationFromOSM="true"><ele>384.8</ele></trkpt>
<trkpt lat="38.056210" lon="127.340860" sectionIndex="0" pointIndex="2680" originalElevation="391.4" isOriginalElevationFromOSM="true"><ele>388.4</ele></trkpt>
<trkpt lat="38.056250" lon="127.341110" sectionIndex="0" pointIndex="2681" originalElevation="395.1" isOriginalElevationFromOSM="true"><ele>391.5</ele></trkpt>
<trkpt lat="38.056210" lon="127.341300" sectionIndex="0" pointIndex="2682" originalElevation="395.3" isOriginalElevationFromOSM="true"><ele>394.8</ele></trkpt>
<trkpt lat="38.056120" lon="127.341520" sectionIndex="0" pointIndex="2683" originalElevation="393.9" isOriginalElevationFromOSM="true"><ele>396.4</ele></trkpt>
<trkpt lat="38.056090" lon="127.341840" sectionIndex="0" pointIndex="2684" originalElevation="398.5" isOriginalElevationFromOSM="true"><ele>396.8</ele></trkpt>
<trkpt lat="38.055910" lon="127.342100" sectionIndex="0" pointIndex="2685" originalElevation="399.3" isOriginalElevationFromOSM="true"><ele>396.2</ele></trkpt>
<trkpt lat="38.055760" lon="127.342170" sectionIndex="0" pointIndex="2686" originalElevation="397.1" isOriginalElevationFromOSM="true"><ele>396.0</ele></trkpt>
<trkpt lat="38.055450" lon="127.342240" sectionIndex="0" pointIndex="2687" originalElevation="392.3" isOriginalElevationFromOSM="true"><ele>394.9</ele></trkpt>
<trkpt lat="38.055310" lon="127.342400" sectionIndex="0" pointIndex="2688" originalElevation="392.7" isOriginalElevationFromOSM="true"><ele>395.5</ele></trkpt>
<trkpt lat="38.055240" lon="127.342510" sectionIndex="0" pointIndex="2689" originalElevation="393.2" isOriginalElevationFromOSM="true"><ele>397.3</ele></trkpt>
<trkpt lat="38.055240" lon="127.342960" sectionIndex="0" pointIndex="2690" originalElevation="402.3" isOriginalElevationFromOSM="true"><ele>400.7</ele></trkpt>
<trkpt lat="38.055270" lon="127.343130" sectionIndex="0" pointIndex="2691" originalElevation="406.2" isOriginalElevationFromOSM="true"><ele>405.0</ele></trkpt>
<trkpt lat="38.055250" lon="127.343310" sectionIndex="0" pointIndex="2692" originalElevation="409.1" isOriginalElevationFromOSM="true"><ele>409.6</ele></trkpt>
<trkpt lat="38.055260" lon="127.343640" sectionIndex="0" pointIndex="2693" originalElevation="414.4" isOriginalElevationFromOSM="true"><ele>411.7</ele></trkpt>
<trkpt lat="38.055160" lon="127.343990" sectionIndex="0" pointIndex="2694" originalElevation="415.9" isOriginalElevationFromOSM="true"><ele>412.4</ele></trkpt>
<trkpt lat="38.054870" lon="127.344260" sectionIndex="0" pointIndex="2695" originalElevation="412.8" isOriginalElevationFromOSM="true"><ele>413.1</ele></trkpt>
<trkpt lat="38.054270" lon="127.344530" sectionIndex="0" pointIndex="2696" originalElevation="409.6" isOriginalElevationFromOSM="true"><ele>414.1</ele></trkpt>
<trkpt lat="38.054070" lon="127.344740" sectionIndex="0" pointIndex="2697" originalElevation="413.0" isOriginalElevationFromOSM="true"><ele>414.8</ele></trkpt>
<trkpt lat="38.053730" lon="127.345150" sectionIndex="0" pointIndex="2698" originalElevation="419.0" isOriginalElevationFromOSM="true"><ele>416.5</ele></trkpt>
<trkpt lat="38.053550" lon="127.345330" sectionIndex="0" pointIndex="2699" originalElevation="419.7" isOriginalElevationFromOSM="true"><ele>419.4</ele></trkpt>
<trkpt lat="38.053290" lon="127.345640" sectionIndex="0" pointIndex="2700" originalElevation="421.2" isOriginalElevationFromOSM="true"><ele>421.8</ele></trkpt>
<trkpt lat="38.053250" lon="127.346120" sectionIndex="0" pointIndex="2701" originalElevation="424.2" isOriginalElevationFromOSM="true"><ele>423.2</ele></trkpt>
<trkpt lat="38.053290" lon="127.346360" sectionIndex="0" pointIndex="2702" originalElevation="425.0" isOriginalElevationFromOSM="true"><ele>425.1</ele></trkpt>
<trkpt lat="38.053300" lon="127.346620" sectionIndex="0" pointIndex="2703" originalElevation="426.0" isOriginalElevationFromOSM="true"><ele>426.1</ele></trkpt>
<trkpt lat="38.053324" lon="127.346764" sectionIndex="0" pointIndex="2704" originalElevation="429.0" isOriginalElevationFromOSM="false"><ele>426.6</ele></trkpt>
<trkpt lat="38.053380" lon="127.347100" sectionIndex="0" pointIndex="2705" originalElevation="426.2" isOriginalElevationFromOSM="true"><ele>427.0</ele></trkpt>
<trkpt lat="38.053480" lon="127.347190" sectionIndex="0" pointIndex="2706" originalElevation="426.6" isOriginalElevationFromOSM="true"><ele>426.6</ele></trkpt>
<trkpt lat="38.053820" lon="127.347580" sectionIndex="0" pointIndex="2707" originalElevation="427.1" isOriginalElevationFromOSM="true"><ele>425.2</ele></trkpt>
<trkpt lat="38.053940" lon="127.348050" sectionIndex="0" pointIndex="2708" originalElevation="424.1" isOriginalElevationFromOSM="true"><ele>424.1</ele></trkpt>
<trkpt lat="38.053920" lon="127.348330" sectionIndex="0" pointIndex="2709" originalElevation="421.9" isOriginalElevationFromOSM="true"><ele>422.8</ele></trkpt>
<trkpt lat="38.053940" lon="127.348690" sectionIndex="0" pointIndex="2710" originalElevation="421.0" isOriginalElevationFromOSM="true"><ele>421.2</ele></trkpt>
<trkpt lat="38.053950" lon="127.348940" sectionIndex="0" pointIndex="2711" originalElevation="420.1" isOriginalElevationFromOSM="true"><ele>419.9</ele></trkpt>
<trkpt lat="38.053900" lon="127.349320" sectionIndex="0" pointIndex="2712" originalElevation="418.7" isOriginalElevationFromOSM="true"><ele>418.7</ele></trkpt>
<trkpt lat="38.053840" lon="127.349590" sectionIndex="0" pointIndex="2713" originalElevation="417.9" isOriginalElevationFromOSM="true"><ele>416.9</ele></trkpt>
<trkpt lat="38.053750" lon="127.349880" sectionIndex="0" pointIndex="2714" originalElevation="415.7" isOriginalElevationFromOSM="true"><ele>414.3</ele></trkpt>
<trkpt lat="38.053700" lon="127.350160" sectionIndex="0" pointIndex="2715" originalElevation="412.4" isOriginalElevationFromOSM="true"><ele>410.8</ele></trkpt>
<trkpt lat="38.053660" lon="127.350550" sectionIndex="0" pointIndex="2716" originalElevation="407.0" isOriginalElevationFromOSM="true"><ele>407.5</ele></trkpt>
<trkpt lat="38.053870" lon="127.351620" sectionIndex="0" pointIndex="2717" originalElevation="400.9" isOriginalElevationFromOSM="true"><ele>403.7</ele></trkpt>
<trkpt lat="38.053940" lon="127.351800" sectionIndex="0" pointIndex="2718" originalElevation="401.3" isOriginalElevationFromOSM="true"><ele>401.0</ele></trkpt>
<trkpt lat="38.054070" lon="127.352400" sectionIndex="0" pointIndex="2719" originalElevation="397.1" isOriginalElevationFromOSM="true"><ele>398.9</ele></trkpt>
<trkpt lat="38.054020" lon="127.352780" sectionIndex="0" pointIndex="2720" originalElevation="398.7" isOriginalElevationFromOSM="true"><ele>397.5</ele></trkpt>
<trkpt lat="38.053830" lon="127.352810" sectionIndex="0" pointIndex="2721" originalElevation="396.3" isOriginalElevationFromOSM="true"><ele>395.8</ele></trkpt>
<trkpt lat="38.053720" lon="127.352770" sectionIndex="0" pointIndex="2722" originalElevation="394.3" isOriginalElevationFromOSM="true"><ele>394.1</ele></trkpt>
<trkpt lat="38.053640" lon="127.352690" sectionIndex="0" pointIndex="2723" originalElevation="392.4" isOriginalElevationFromOSM="true"><ele>391.5</ele></trkpt>
<trkpt lat="38.053490" lon="127.352480" sectionIndex="0" pointIndex="2724" originalElevation="388.8" isOriginalElevationFromOSM="true"><ele>388.7</ele></trkpt>
<trkpt lat="38.053330" lon="127.352330" sectionIndex="0" pointIndex="2725" originalElevation="385.9" isOriginalElevationFromOSM="true"><ele>385.8</ele></trkpt>
<trkpt lat="38.053200" lon="127.352320" sectionIndex="0" pointIndex="2726" originalElevation="382.3" isOriginalElevationFromOSM="true"><ele>380.9</ele></trkpt>
<trkpt lat="38.053110" lon="127.352380" sectionIndex="0" pointIndex="2727" originalElevation="379.7" isOriginalElevationFromOSM="true"><ele>376.8</ele></trkpt>
<trkpt lat="38.053077" lon="127.352431" sectionIndex="0" pointIndex="2728" originalElevation="368.0" isOriginalElevationFromOSM="false"><ele>371.6</ele></trkpt>
<trkpt lat="38.053066" lon="127.352486" sectionIndex="0" pointIndex="2729" originalElevation="368.0" isOriginalElevationFromOSM="false"><ele>367.1</ele></trkpt>
<trkpt lat="38.053056" lon="127.352542" sectionIndex="0" pointIndex="2730" originalElevation="360.0" isOriginalElevationFromOSM="false"><ele>363.2</ele></trkpt>
<trkpt lat="38.053046" lon="127.352597" sectionIndex="0" pointIndex="2731" originalElevation="360.0" isOriginalElevationFromOSM="false"><ele>361.6</ele></trkpt>
<trkpt lat="38.053036" lon="127.352653" sectionIndex="0" pointIndex="2732" originalElevation="360.0" isOriginalElevationFromOSM="false"><ele>360.0</ele></trkpt>
<trkpt lat="38.053026" lon="127.352708" sectionIndex="0" pointIndex="2733" originalElevation="360.0" isOriginalElevationFromOSM="false"><ele>360.0</ele></trkpt>
<trkpt lat="38.053016" lon="127.352764" sectionIndex="0" pointIndex="2734" originalElevation="360.0" isOriginalElevationFromOSM="false"><ele>360.0</ele></trkpt>
<trkpt lat="38.053006" lon="127.352819" sectionIndex="0" pointIndex="2735" originalElevation="360.0" isOriginalElevationFromOSM="false"><ele>360.0</ele></trkpt>
<trkpt lat="38.052995" lon="127.352875" sectionIndex="0" pointIndex="2736" originalElevation="360.0" isOriginalElevationFromOSM="false"><ele>360.0</ele></trkpt>
<trkpt lat="38.052985" lon="127.352931" sectionIndex="0" pointIndex="2737" originalElevation="360.0" isOriginalElevationFromOSM="false"><ele>360.0</ele></trkpt>
<trkpt lat="38.052975" lon="127.352984" sectionIndex="0" pointIndex="2738" originalElevation="360.0" isOriginalElevationFromOSM="false"><ele>360.0</ele></trkpt>
<trkpt lat="38.052964" lon="127.353039" sectionIndex="0" pointIndex="2739" originalElevation="360.0" isOriginalElevationFromOSM="false"><ele>360.0</ele></trkpt>
<trkpt lat="38.052952" lon="127.353094" sectionIndex="0" pointIndex="2740" originalElevation="360.0" isOriginalElevationFromOSM="false"><ele>360.0</ele></trkpt>
<trkpt lat="38.052941" lon="127.353150" sectionIndex="0" pointIndex="2741" originalElevation="360.0" isOriginalElevationFromOSM="false"><ele>360.0</ele></trkpt>
<trkpt lat="38.052929" lon="127.353205" sectionIndex="0" pointIndex="2742" originalElevation="360.0" isOriginalElevationFromOSM="false"><ele>360.0</ele></trkpt>
<trkpt lat="38.052918" lon="127.353260" sectionIndex="0" pointIndex="2743" originalElevation="360.0" isOriginalElevationFromOSM="false"><ele>359.6</ele></trkpt>
<trkpt lat="38.052906" lon="127.353315" sectionIndex="0" pointIndex="2744" originalElevation="360.0" isOriginalElevationFromOSM="false"><ele>359.2</ele></trkpt>
<trkpt lat="38.052898" lon="127.353354" sectionIndex="0" pointIndex="2745" originalElevation="358.0" isOriginalElevationFromOSM="false"><ele>358.8</ele></trkpt>
<trkpt lat="38.052915" lon="127.353407" sectionIndex="0" pointIndex="2746" originalElevation="358.0" isOriginalElevationFromOSM="false"><ele>358.4</ele></trkpt>
<trkpt lat="38.052932" lon="127.353460" sectionIndex="0" pointIndex="2747" originalElevation="358.0" isOriginalElevationFromOSM="false"><ele>358.0</ele></trkpt>
<trkpt lat="38.052949" lon="127.353512" sectionIndex="0" pointIndex="2748" originalElevation="358.0" isOriginalElevationFromOSM="false"><ele>358.0</ele></trkpt>
<trkpt lat="38.052963" lon="127.353554" sectionIndex="0" pointIndex="2749" originalElevation="358.0" isOriginalElevationFromOSM="false"><ele>358.0</ele></trkpt>
<trkpt lat="38.053002" lon="127.353582" sectionIndex="0" pointIndex="2750" originalElevation="358.0" isOriginalElevationFromOSM="false"><ele>358.0</ele></trkpt>
<trkpt lat="38.053041" lon="127.353610" sectionIndex="0" pointIndex="2751" originalElevation="358.0" isOriginalElevationFromOSM="false"><ele>358.0</ele></trkpt>
<trkpt lat="38.053080" lon="127.353638" sectionIndex="0" pointIndex="2752" originalElevation="358.0" isOriginalElevationFromOSM="false"><ele>358.0</ele></trkpt>
<trkpt lat="38.053111" lon="127.353660" sectionIndex="0" pointIndex="2753" originalElevation="358.0" isOriginalElevationFromOSM="false"><ele>358.0</ele></trkpt>
<trkpt lat="38.053146" lon="127.353696" sectionIndex="0" pointIndex="2754" originalElevation="358.0" isOriginalElevationFromOSM="false"><ele>358.0</ele></trkpt>
<trkpt lat="38.053181" lon="127.353731" sectionIndex="0" pointIndex="2755" originalElevation="358.0" isOriginalElevationFromOSM="false"><ele>358.0</ele></trkpt>
<trkpt lat="38.053198" lon="127.353749" sectionIndex="0" pointIndex="2756" originalElevation="358.0" isOriginalElevationFromOSM="false"><ele>358.0</ele></trkpt>
<trkpt lat="38.053205" lon="127.353805" sectionIndex="0" pointIndex="2757" originalElevation="358.0" isOriginalElevationFromOSM="false"><ele>358.0</ele></trkpt>
<trkpt lat="38.053211" lon="127.353862" sectionIndex="0" pointIndex="2758" originalElevation="358.0" isOriginalElevationFromOSM="false"><ele>358.0</ele></trkpt>
<trkpt lat="38.053217" lon="127.353918" sectionIndex="0" pointIndex="2759" originalElevation="358.0" isOriginalElevationFromOSM="false"><ele>358.0</ele></trkpt>
<trkpt lat="38.053223" lon="127.353971" sectionIndex="0" pointIndex="2760" originalElevation="358.0" isOriginalElevationFromOSM="false"><ele>358.0</ele></trkpt>
<trkpt lat="38.053200" lon="127.354020" sectionIndex="0" pointIndex="2761" originalElevation="358.0" isOriginalElevationFromOSM="false"><ele>358.0</ele></trkpt>
<trkpt lat="38.053177" lon="127.354069" sectionIndex="0" pointIndex="2762" originalElevation="358.0" isOriginalElevationFromOSM="false"><ele>356.8</ele></trkpt>
<trkpt lat="38.053154" lon="127.354118" sectionIndex="0" pointIndex="2763" originalElevation="358.0" isOriginalElevationFromOSM="false"><ele>355.6</ele></trkpt>
<trkpt lat="38.053131" lon="127.354167" sectionIndex="0" pointIndex="2764" originalElevation="352.0" isOriginalElevationFromOSM="false"><ele>354.4</ele></trkpt>
<trkpt lat="38.053121" lon="127.354190" sectionIndex="0" pointIndex="2765" originalElevation="352.0" isOriginalElevationFromOSM="false"><ele>353.2</ele></trkpt>
<trkpt lat="38.053100" lon="127.354241" sectionIndex="0" pointIndex="2766" originalElevation="352.0" isOriginalElevationFromOSM="false"><ele>352.0</ele></trkpt>
<trkpt lat="38.053080" lon="127.354291" sectionIndex="0" pointIndex="2767" originalElevation="352.0" isOriginalElevationFromOSM="false"><ele>352.0</ele></trkpt>
<trkpt lat="38.053059" lon="127.354342" sectionIndex="0" pointIndex="2768" originalElevation="352.0" isOriginalElevationFromOSM="false"><ele>352.0</ele></trkpt>
<trkpt lat="38.053039" lon="127.354393" sectionIndex="0" pointIndex="2769" originalElevation="352.0" isOriginalElevationFromOSM="false"><ele>352.0</ele></trkpt>
<trkpt lat="38.053018" lon="127.354444" sectionIndex="0" pointIndex="2770" originalElevation="352.0" isOriginalElevationFromOSM="false"><ele>352.0</ele></trkpt>
<trkpt lat="38.052998" lon="127.354495" sectionIndex="0" pointIndex="2771" originalElevation="352.0" isOriginalElevationFromOSM="false"><ele>352.0</ele></trkpt>
<trkpt lat="38.052978" lon="127.354545" sectionIndex="0" pointIndex="2772" originalElevation="352.0" isOriginalElevationFromOSM="false"><ele>352.0</ele></trkpt>
<trkpt lat="38.052957" lon="127.354596" sectionIndex="0" pointIndex="2773" originalElevation="352.0" isOriginalElevationFromOSM="false"><ele>352.0</ele></trkpt>
<trkpt lat="38.052937" lon="127.354647" sectionIndex="0" pointIndex="2774" originalElevation="352.0" isOriginalElevationFromOSM="false"><ele>352.0</ele></trkpt>
<trkpt lat="38.052934" lon="127.354653" sectionIndex="0" pointIndex="2775" originalElevation="352.0" isOriginalElevationFromOSM="false"><ele>352.0</ele></trkpt>
<trkpt lat="38.052929" lon="127.354710" sectionIndex="0" pointIndex="2776" originalElevation="352.0" isOriginalElevationFromOSM="false"><ele>352.0</ele></trkpt>
<trkpt lat="38.052924" lon="127.354767" sectionIndex="0" pointIndex="2777" originalElevation="352.0" isOriginalElevationFromOSM="false"><ele>352.0</ele></trkpt>
<trkpt lat="38.052919" lon="127.354823" sectionIndex="0" pointIndex="2778" originalElevation="352.0" isOriginalElevationFromOSM="false"><ele>352.0</ele></trkpt>
<trkpt lat="38.052914" lon="127.354880" sectionIndex="0" pointIndex="2779" originalElevation="352.0" isOriginalElevationFromOSM="false"><ele>352.0</ele></trkpt>
<trkpt lat="38.052909" lon="127.354937" sectionIndex="0" pointIndex="2780" originalElevation="352.0" isOriginalElevationFromOSM="false"><ele>351.8</ele></trkpt>
<trkpt lat="38.052904" lon="127.354993" sectionIndex="0" pointIndex="2781" originalElevation="352.0" isOriginalElevationFromOSM="false"><ele>351.6</ele></trkpt>
<trkpt lat="38.052899" lon="127.355043" sectionIndex="0" pointIndex="2782" originalElevation="351.0" isOriginalElevationFromOSM="false"><ele>353.4</ele></trkpt>
<trkpt lat="38.052846" lon="127.355453" sectionIndex="0" pointIndex="2783" originalElevation="351.0" isOriginalElevationFromOSM="false"><ele>354.2</ele></trkpt>
<trkpt lat="38.052670" lon="127.355800" sectionIndex="0" pointIndex="2784" originalElevation="361.1" isOriginalElevationFromOSM="true"><ele>355.0</ele></trkpt>
<trkpt lat="38.052647" lon="127.355839" sectionIndex="0" pointIndex="2785" originalElevation="356.0" isOriginalElevationFromOSM="false"><ele>356.0</ele></trkpt>
<trkpt lat="38.052619" lon="127.355883" sectionIndex="0" pointIndex="2786" originalElevation="356.0" isOriginalElevationFromOSM="false"><ele>357.0</ele></trkpt>
<trkpt lat="38.052591" lon="127.355928" sectionIndex="0" pointIndex="2787" originalElevation="356.0" isOriginalElevationFromOSM="false"><ele>356.0</ele></trkpt>
<trkpt lat="38.052563" lon="127.355973" sectionIndex="0" pointIndex="2788" originalElevation="356.0" isOriginalElevationFromOSM="false"><ele>356.0</ele></trkpt>
<trkpt lat="38.052535" lon="127.356018" sectionIndex="0" pointIndex="2789" originalElevation="356.0" isOriginalElevationFromOSM="false"><ele>349.4</ele></trkpt>
<trkpt lat="38.052508" lon="127.356063" sectionIndex="0" pointIndex="2790" originalElevation="356.0" isOriginalElevationFromOSM="false"><ele>342.8</ele></trkpt>
<trkpt lat="38.052480" lon="127.356108" sectionIndex="0" pointIndex="2791" originalElevation="323.0" isOriginalElevationFromOSM="false"><ele>336.2</ele></trkpt>
<trkpt lat="38.052452" lon="127.356152" sectionIndex="0" pointIndex="2792" originalElevation="323.0" isOriginalElevationFromOSM="false"><ele>329.6</ele></trkpt>
<trkpt lat="38.052424" lon="127.356197" sectionIndex="0" pointIndex="2793" originalElevation="323.0" isOriginalElevationFromOSM="false"><ele>323.0</ele></trkpt>
<trkpt lat="38.052421" lon="127.356203" sectionIndex="0" pointIndex="2794" originalElevation="323.0" isOriginalElevationFromOSM="false"><ele>323.0</ele></trkpt>
<trkpt lat="38.052418" lon="127.356260" sectionIndex="0" pointIndex="2795" originalElevation="323.0" isOriginalElevationFromOSM="false"><ele>323.0</ele></trkpt>
<trkpt lat="38.052414" lon="127.356317" sectionIndex="0" pointIndex="2796" originalElevation="323.0" isOriginalElevationFromOSM="false"><ele>323.0</ele></trkpt>
<trkpt lat="38.052411" lon="127.356374" sectionIndex="0" pointIndex="2797" originalElevation="323.0" isOriginalElevationFromOSM="false"><ele>323.0</ele></trkpt>
<trkpt lat="38.052408" lon="127.356431" sectionIndex="0" pointIndex="2798" originalElevation="323.0" isOriginalElevationFromOSM="false"><ele>323.0</ele></trkpt>
<trkpt lat="38.052406" lon="127.356456" sectionIndex="0" pointIndex="2799" originalElevation="323.0" isOriginalElevationFromOSM="false"><ele>323.0</ele></trkpt>
<trkpt lat="38.052438" lon="127.356498" sectionIndex="0" pointIndex="2800" originalElevation="323.0" isOriginalElevationFromOSM="false"><ele>329.6</ele></trkpt>
<trkpt lat="38.052469" lon="127.356539" sectionIndex="0" pointIndex="2801" originalElevation="323.0" isOriginalElevationFromOSM="false"><ele>336.2</ele></trkpt>
<trkpt lat="38.052500" lon="127.356580" sectionIndex="0" pointIndex="2802" originalElevation="356.0" isOriginalElevationFromOSM="false"><ele>342.8</ele></trkpt>
<trkpt lat="38.052528" lon="127.356617" sectionIndex="0" pointIndex="2803" originalElevation="356.0" isOriginalElevationFromOSM="false"><ele>349.4</ele></trkpt>
<trkpt lat="38.052571" lon="127.356630" sectionIndex="0" pointIndex="2804" originalElevation="356.0" isOriginalElevationFromOSM="false"><ele>356.0</ele></trkpt>
<trkpt lat="38.052615" lon="127.356643" sectionIndex="0" pointIndex="2805" originalElevation="356.0" isOriginalElevationFromOSM="false"><ele>356.0</ele></trkpt>
<trkpt lat="38.052659" lon="127.356657" sectionIndex="0" pointIndex="2806" originalElevation="356.0" isOriginalElevationFromOSM="false"><ele>356.0</ele></trkpt>
<trkpt lat="38.052660" lon="127.356657" sectionIndex="0" pointIndex="2807" originalElevation="356.0" isOriginalElevationFromOSM="false"><ele>356.0</ele></trkpt>
<trkpt lat="38.052703" lon="127.356641" sectionIndex="0" pointIndex="2808" originalElevation="356.0" isOriginalElevationFromOSM="false"><ele>356.0</ele></trkpt>
<trkpt lat="38.052746" lon="127.356624" sectionIndex="0" pointIndex="2809" originalElevation="356.0" isOriginalElevationFromOSM="false"><ele>356.0</ele></trkpt>
<trkpt lat="38.052789" lon="127.356608" sectionIndex="0" pointIndex="2810" originalElevation="356.0" isOriginalElevationFromOSM="false"><ele>356.0</ele></trkpt>
<trkpt lat="38.052816" lon="127.356598" sectionIndex="0" pointIndex="2811" originalElevation="356.0" isOriginalElevationFromOSM="false"><ele>357.0</ele></trkpt>
<trkpt lat="38.053201" lon="127.356433" sectionIndex="0" pointIndex="2812" originalElevation="356.0" isOriginalElevationFromOSM="false"><ele>359.9</ele></trkpt>
<trkpt lat="38.053310" lon="127.356370" sectionIndex="0" pointIndex="2813" originalElevation="361.0" isOriginalElevationFromOSM="true"><ele>362.8</ele></trkpt>
<trkpt lat="38.053600" lon="127.356350" sectionIndex="0" pointIndex="2814" originalElevation="370.4" isOriginalElevationFromOSM="true"><ele>364.3</ele></trkpt>
<trkpt lat="38.053690" lon="127.356430" sectionIndex="0" pointIndex="2815" originalElevation="370.6" isOriginalElevationFromOSM="true"><ele>364.3</ele></trkpt>
<trkpt lat="38.053700" lon="127.356640" sectionIndex="0" pointIndex="2816" originalElevation="363.6" isOriginalElevationFromOSM="true"><ele>361.4</ele></trkpt>
<trkpt lat="38.053580" lon="127.356900" sectionIndex="0" pointIndex="2817" originalElevation="355.8" isOriginalElevationFromOSM="true"><ele>355.9</ele></trkpt>
<trkpt lat="38.053410" lon="127.357090" sectionIndex="0" pointIndex="2818" originalElevation="346.4" isOriginalElevationFromOSM="true"><ele>350.1</ele></trkpt>
<trkpt lat="38.053370" lon="127.357200" sectionIndex="0" pointIndex="2819" originalElevation="343.3" isOriginalElevationFromOSM="true"><ele>345.4</ele></trkpt>
<trkpt lat="38.053370" lon="127.357320" sectionIndex="0" pointIndex="2820" originalElevation="341.2" isOriginalElevationFromOSM="true"><ele>342.5</ele></trkpt>
<trkpt lat="38.053410" lon="127.357460" sectionIndex="0" pointIndex="2821" originalElevation="340.2" isOriginalElevationFromOSM="true"><ele>341.8</ele></trkpt>
<trkpt lat="38.053520" lon="127.357650" sectionIndex="0" pointIndex="2822" originalElevation="341.5" isOriginalElevationFromOSM="true"><ele>340.0</ele></trkpt>
<trkpt lat="38.053660" lon="127.357830" sectionIndex="0" pointIndex="2823" originalElevation="343.0" isOriginalElevationFromOSM="true"><ele>339.3</ele></trkpt>
<trkpt lat="38.053640" lon="127.358160" sectionIndex="0" pointIndex="2824" originalElevation="334.1" isOriginalElevationFromOSM="true"><ele>340.7</ele></trkpt>
<trkpt lat="38.053880" lon="127.358330" sectionIndex="0" pointIndex="2825" originalElevation="337.8" isOriginalElevationFromOSM="true"><ele>342.2</ele></trkpt>
<trkpt lat="38.054250" lon="127.358520" sectionIndex="0" pointIndex="2826" originalElevation="347.3" isOriginalElevationFromOSM="true"><ele>343.0</ele></trkpt>
<trkpt lat="38.054360" lon="127.358540" sectionIndex="0" pointIndex="2827" originalElevation="348.6" isOriginalElevationFromOSM="true"><ele>345.5</ele></trkpt>
<trkpt lat="38.054468" lon="127.358520" sectionIndex="0" pointIndex="2828" originalElevation="347.0" isOriginalElevationFromOSM="false"><ele>347.4</ele></trkpt>
<trkpt lat="38.054511" lon="127.358535" sectionIndex="0" pointIndex="2829" originalElevation="347.0" isOriginalElevationFromOSM="false"><ele>347.3</ele></trkpt>
<trkpt lat="38.054554" lon="127.358551" sectionIndex="0" pointIndex="2830" originalElevation="347.0" isOriginalElevationFromOSM="false"><ele>347.0</ele></trkpt>
<trkpt lat="38.054597" lon="127.358567" sectionIndex="0" pointIndex="2831" originalElevation="347.0" isOriginalElevationFromOSM="false"><ele>347.0</ele></trkpt>
<trkpt lat="38.054640" lon="127.358582" sectionIndex="0" pointIndex="2832" originalElevation="347.0" isOriginalElevationFromOSM="false"><ele>347.0</ele></trkpt>
<trkpt lat="38.054668" lon="127.358592" sectionIndex="0" pointIndex="2833" originalElevation="347.0" isOriginalElevationFromOSM="false"><ele>347.0</ele></trkpt>
<trkpt lat="38.054700" lon="127.358632" sectionIndex="0" pointIndex="2834" originalElevation="347.0" isOriginalElevationFromOSM="false"><ele>347.0</ele></trkpt>
<trkpt lat="38.054733" lon="127.358672" sectionIndex="0" pointIndex="2835" originalElevation="347.0" isOriginalElevationFromOSM="false"><ele>347.0</ele></trkpt>
<trkpt lat="38.054765" lon="127.358711" sectionIndex="0" pointIndex="2836" originalElevation="347.0" isOriginalElevationFromOSM="false"><ele>347.0</ele></trkpt>
<trkpt lat="38.054785" lon="127.358735" sectionIndex="0" pointIndex="2837" originalElevation="347.0" isOriginalElevationFromOSM="false"><ele>347.0</ele></trkpt>
<trkpt lat="38.054771" lon="127.358790" sectionIndex="0" pointIndex="2838" originalElevation="347.0" isOriginalElevationFromOSM="false"><ele>347.0</ele></trkpt>
<trkpt lat="38.054756" lon="127.358844" sectionIndex="0" pointIndex="2839" originalElevation="347.0" isOriginalElevationFromOSM="false"><ele>347.0</ele></trkpt>
<trkpt lat="38.054742" lon="127.358898" sectionIndex="0" pointIndex="2840" originalElevation="347.0" isOriginalElevationFromOSM="false"><ele>347.0</ele></trkpt>
<trkpt lat="38.054728" lon="127.358952" sectionIndex="0" pointIndex="2841" originalElevation="347.0" isOriginalElevationFromOSM="false"><ele>347.0</ele></trkpt>
<trkpt lat="38.054725" lon="127.358963" sectionIndex="0" pointIndex="2842" originalElevation="347.0" isOriginalElevationFromOSM="false"><ele>347.0</ele></trkpt>
<trkpt lat="38.054684" lon="127.358985" sectionIndex="0" pointIndex="2843" originalElevation="347.0" isOriginalElevationFromOSM="false"><ele>347.0</ele></trkpt>
<trkpt lat="38.054643" lon="127.359007" sectionIndex="0" pointIndex="2844" originalElevation="347.0" isOriginalElevationFromOSM="false"><ele>347.0</ele></trkpt>
<trkpt lat="38.054601" lon="127.359030" sectionIndex="0" pointIndex="2845" originalElevation="347.0" isOriginalElevationFromOSM="false"><ele>347.0</ele></trkpt>
<trkpt lat="38.054568" lon="127.359048" sectionIndex="0" pointIndex="2846" originalElevation="347.0" isOriginalElevationFromOSM="false"><ele>347.0</ele></trkpt>
<trkpt lat="38.054523" lon="127.359044" sectionIndex="0" pointIndex="2847" originalElevation="347.0" isOriginalElevationFromOSM="false"><ele>347.0</ele></trkpt>
<trkpt lat="38.054478" lon="127.359040" sectionIndex="0" pointIndex="2848" originalElevation="347.0" isOriginalElevationFromOSM="false"><ele>347.0</ele></trkpt>
<trkpt lat="38.054433" lon="127.359035" sectionIndex="0" pointIndex="2849" originalElevation="347.0" isOriginalElevationFromOSM="false"><ele>347.0</ele></trkpt>
<trkpt lat="38.054388" lon="127.359031" sectionIndex="0" pointIndex="2850" originalElevation="347.0" isOriginalElevationFromOSM="false"><ele>347.0</ele></trkpt>
<trkpt lat="38.054344" lon="127.359027" sectionIndex="0" pointIndex="2851" originalElevation="347.0" isOriginalElevationFromOSM="false"><ele>347.0</ele></trkpt>
<trkpt lat="38.054302" lon="127.359024" sectionIndex="0" pointIndex="2852" originalElevation="347.0" isOriginalElevationFromOSM="false"><ele>347.0</ele></trkpt>
<trkpt lat="38.054258" lon="127.359034" sectionIndex="0" pointIndex="2853" originalElevation="347.0" isOriginalElevationFromOSM="false"><ele>347.0</ele></trkpt>
<trkpt lat="38.054213" lon="127.359043" sectionIndex="0" pointIndex="2854" originalElevation="347.0" isOriginalElevationFromOSM="false"><ele>341.6</ele></trkpt>
<trkpt lat="38.054169" lon="127.359053" sectionIndex="0" pointIndex="2855" originalElevation="347.0" isOriginalElevationFromOSM="false"><ele>336.2</ele></trkpt>
<trkpt lat="38.054125" lon="127.359063" sectionIndex="0" pointIndex="2856" originalElevation="320.0" isOriginalElevationFromOSM="false"><ele>330.8</ele></trkpt>
<trkpt lat="38.054081" lon="127.359073" sectionIndex="0" pointIndex="2857" originalElevation="320.0" isOriginalElevationFromOSM="false"><ele>325.4</ele></trkpt>
<trkpt lat="38.054036" lon="127.359083" sectionIndex="0" pointIndex="2858" originalElevation="320.0" isOriginalElevationFromOSM="false"><ele>320.0</ele></trkpt>
<trkpt lat="38.054004" lon="127.359090" sectionIndex="0" pointIndex="2859" originalElevation="320.0" isOriginalElevationFromOSM="false"><ele>320.0</ele></trkpt>
<trkpt lat="38.053963" lon="127.359068" sectionIndex="0" pointIndex="2860" originalElevation="320.0" isOriginalElevationFromOSM="false"><ele>320.0</ele></trkpt>
<trkpt lat="38.053922" lon="127.359045" sectionIndex="0" pointIndex="2861" originalElevation="320.0" isOriginalElevationFromOSM="false"><ele>320.0</ele></trkpt>
<trkpt lat="38.053881" lon="127.359022" sectionIndex="0" pointIndex="2862" originalElevation="320.0" isOriginalElevationFromOSM="false"><ele>320.0</ele></trkpt>
<trkpt lat="38.053840" lon="127.358999" sectionIndex="0" pointIndex="2863" originalElevation="320.0" isOriginalElevationFromOSM="false"><ele>320.0</ele></trkpt>
<trkpt lat="38.053798" lon="127.358977" sectionIndex="0" pointIndex="2864" originalElevation="320.0" isOriginalElevationFromOSM="false"><ele>320.0</ele></trkpt>
<trkpt lat="38.053757" lon="127.358954" sectionIndex="0" pointIndex="2865" originalElevation="320.0" isOriginalElevationFromOSM="false"><ele>320.0</ele></trkpt>
<trkpt lat="38.053716" lon="127.358931" sectionIndex="0" pointIndex="2866" originalElevation="320.0" isOriginalElevationFromOSM="false"><ele>320.0</ele></trkpt>
<trkpt lat="38.053703" lon="127.358924" sectionIndex="0" pointIndex="2867" originalElevation="320.0" isOriginalElevationFromOSM="false"><ele>320.7</ele></trkpt>
<trkpt lat="38.053388" lon="127.358816" sectionIndex="0" pointIndex="2868" originalElevation="320.0" isOriginalElevationFromOSM="false"><ele>319.8</ele></trkpt>
<trkpt lat="38.052900" lon="127.358720" sectionIndex="0" pointIndex="2869" originalElevation="323.6" isOriginalElevationFromOSM="true"><ele>318.7</ele></trkpt>
<trkpt lat="38.052210" lon="127.358890" sectionIndex="0" pointIndex="2870" originalElevation="315.6" isOriginalElevationFromOSM="true"><ele>314.5</ele></trkpt>
<trkpt lat="38.052090" lon="127.358990" sectionIndex="0" pointIndex="2871" originalElevation="314.4" isOriginalElevationFromOSM="true"><ele>311.1</ele></trkpt>
<trkpt lat="38.051821" lon="127.359153" sectionIndex="0" pointIndex="2872" originalElevation="299.0" isOriginalElevationFromOSM="false"><ele>307.0</ele></trkpt>
<trkpt lat="38.051792" lon="127.359197" sectionIndex="0" pointIndex="2873" originalElevation="303.0" isOriginalElevationFromOSM="false"><ele>304.5</ele></trkpt>
<trkpt lat="38.051763" lon="127.359241" sectionIndex="0" pointIndex="2874" originalElevation="303.0" isOriginalElevationFromOSM="false"><ele>302.2</ele></trkpt>
<trkpt lat="38.051735" lon="127.359285" sectionIndex="0" pointIndex="2875" originalElevation="303.0" isOriginalElevationFromOSM="false"><ele>303.0</ele></trkpt>
<trkpt lat="38.051706" lon="127.359329" sectionIndex="0" pointIndex="2876" originalElevation="303.0" isOriginalElevationFromOSM="false"><ele>298.2</ele></trkpt>
<trkpt lat="38.051678" lon="127.359373" sectionIndex="0" pointIndex="2877" originalElevation="303.0" isOriginalElevationFromOSM="false"><ele>293.4</ele></trkpt>
<trkpt lat="38.051649" lon="127.359417" sectionIndex="0" pointIndex="2878" originalElevation="279.0" isOriginalElevationFromOSM="false"><ele>288.6</ele></trkpt>
<trkpt lat="38.051621" lon="127.359461" sectionIndex="0" pointIndex="2879" originalElevation="279.0" isOriginalElevationFromOSM="false"><ele>283.8</ele></trkpt>
<trkpt lat="38.051592" lon="127.359505" sectionIndex="0" pointIndex="2880" originalElevation="279.0" isOriginalElevationFromOSM="false"><ele>279.0</ele></trkpt>
<trkpt lat="38.051564" lon="127.359549" sectionIndex="0" pointIndex="2881" originalElevation="279.0" isOriginalElevationFromOSM="false"><ele>279.0</ele></trkpt>
<trkpt lat="38.051548" lon="127.359574" sectionIndex="0" pointIndex="2882" originalElevation="279.0" isOriginalElevationFromOSM="false"><ele>279.0</ele></trkpt>
<trkpt lat="38.051506" lon="127.359595" sectionIndex="0" pointIndex="2883" originalElevation="279.0" isOriginalElevationFromOSM="false"><ele>279.0</ele></trkpt>
<trkpt lat="38.051464" lon="127.359615" sectionIndex="0" pointIndex="2884" originalElevation="279.0" isOriginalElevationFromOSM="false"><ele>279.0</ele></trkpt>
<trkpt lat="38.051422" lon="127.359636" sectionIndex="0" pointIndex="2885" originalElevation="279.0" isOriginalElevationFromOSM="false"><ele>279.0</ele></trkpt>
<trkpt lat="38.051380" lon="127.359656" sectionIndex="0" pointIndex="2886" originalElevation="279.0" isOriginalElevationFromOSM="false"><ele>279.0</ele></trkpt>
<trkpt lat="38.051338" lon="127.359677" sectionIndex="0" pointIndex="2887" originalElevation="279.0" isOriginalElevationFromOSM="false"><ele>279.0</ele></trkpt>
<trkpt lat="38.051296" lon="127.359698" sectionIndex="0" pointIndex="2888" originalElevation="279.0" isOriginalElevationFromOSM="false"><ele>279.0</ele></trkpt>
<trkpt lat="38.051295" lon="127.359698" sectionIndex="0" pointIndex="2889" originalElevation="279.0" isOriginalElevationFromOSM="false"><ele>279.0</ele></trkpt>
<trkpt lat="38.051280" lon="127.359752" sectionIndex="0" pointIndex="2890" originalElevation="279.0" isOriginalElevationFromOSM="false"><ele>279.0</ele></trkpt>
<trkpt lat="38.051265" lon="127.359806" sectionIndex="0" pointIndex="2891" originalElevation="279.0" isOriginalElevationFromOSM="false"><ele>279.0</ele></trkpt>
<trkpt lat="38.051250" lon="127.359859" sectionIndex="0" pointIndex="2892" originalElevation="279.0" isOriginalElevationFromOSM="false"><ele>279.0</ele></trkpt>
<trkpt lat="38.051236" lon="127.359909" sectionIndex="0" pointIndex="2893" originalElevation="279.0" isOriginalElevationFromOSM="false"><ele>280.0</ele></trkpt>
<trkpt lat="38.051259" lon="127.359957" sectionIndex="0" pointIndex="2894" originalElevation="279.0" isOriginalElevationFromOSM="false"><ele>281.0</ele></trkpt>
<trkpt lat="38.051283" lon="127.360006" sectionIndex="0" pointIndex="2895" originalElevation="284.0" isOriginalElevationFromOSM="false"><ele>282.0</ele></trkpt>
<trkpt lat="38.051306" lon="127.360055" sectionIndex="0" pointIndex="2896" originalElevation="284.0" isOriginalElevationFromOSM="false"><ele>283.0</ele></trkpt>
<trkpt lat="38.051330" lon="127.360103" sectionIndex="0" pointIndex="2897" originalElevation="284.0" isOriginalElevationFromOSM="false"><ele>284.0</ele></trkpt>
<trkpt lat="38.051353" lon="127.360152" sectionIndex="0" pointIndex="2898" originalElevation="284.0" isOriginalElevationFromOSM="false"><ele>284.0</ele></trkpt>
<trkpt lat="38.051377" lon="127.360201" sectionIndex="0" pointIndex="2899" originalElevation="284.0" isOriginalElevationFromOSM="false"><ele>284.0</ele></trkpt>
<trkpt lat="38.051400" lon="127.360249" sectionIndex="0" pointIndex="2900" originalElevation="284.0" isOriginalElevationFromOSM="false"><ele>284.0</ele></trkpt>
<trkpt lat="38.051424" lon="127.360298" sectionIndex="0" pointIndex="2901" originalElevation="284.0" isOriginalElevationFromOSM="false"><ele>284.0</ele></trkpt>
<trkpt lat="38.051447" lon="127.360347" sectionIndex="0" pointIndex="2902" originalElevation="284.0" isOriginalElevationFromOSM="false"><ele>284.0</ele></trkpt>
<trkpt lat="38.051470" lon="127.360395" sectionIndex="0" pointIndex="2903" originalElevation="284.0" isOriginalElevationFromOSM="false"><ele>284.0</ele></trkpt>
<trkpt lat="38.051494" lon="127.360444" sectionIndex="0" pointIndex="2904" originalElevation="284.0" isOriginalElevationFromOSM="false"><ele>284.0</ele></trkpt>
<trkpt lat="38.051500" lon="127.360457" sectionIndex="0" pointIndex="2905" originalElevation="284.0" isOriginalElevationFromOSM="false"><ele>284.0</ele></trkpt>
<trkpt lat="38.051502" lon="127.360514" sectionIndex="0" pointIndex="2906" originalElevation="284.0" isOriginalElevationFromOSM="false"><ele>284.0</ele></trkpt>
<trkpt lat="38.051504" lon="127.360571" sectionIndex="0" pointIndex="2907" originalElevation="284.0" isOriginalElevationFromOSM="false"><ele>284.0</ele></trkpt>
<trkpt lat="38.051506" lon="127.360628" sectionIndex="0" pointIndex="2908" originalElevation="284.0" isOriginalElevationFromOSM="false"><ele>284.0</ele></trkpt>
<trkpt lat="38.051508" lon="127.360685" sectionIndex="0" pointIndex="2909" originalElevation="284.0" isOriginalElevationFromOSM="false"><ele>284.0</ele></trkpt>
<trkpt lat="38.051508" lon="127.360690" sectionIndex="0" pointIndex="2910" originalElevation="284.0" isOriginalElevationFromOSM="false"><ele>284.0</ele></trkpt>
<trkpt lat="38.051476" lon="127.360730" sectionIndex="0" pointIndex="2911" originalElevation="284.0" isOriginalElevationFromOSM="false"><ele>284.0</ele></trkpt>
<trkpt lat="38.051444" lon="127.360769" sectionIndex="0" pointIndex="2912" originalElevation="284.0" isOriginalElevationFromOSM="false"><ele>283.6</ele></trkpt>
<trkpt lat="38.051411" lon="127.360809" sectionIndex="0" pointIndex="2913" originalElevation="284.0" isOriginalElevationFromOSM="false"><ele>283.2</ele></trkpt>
<trkpt lat="38.051379" lon="127.360848" sectionIndex="0" pointIndex="2914" originalElevation="282.0" isOriginalElevationFromOSM="false"><ele>282.8</ele></trkpt>
<trkpt lat="38.051346" lon="127.360888" sectionIndex="0" pointIndex="2915" originalElevation="282.0" isOriginalElevationFromOSM="false"><ele>282.4</ele></trkpt>
<trkpt lat="38.051346" lon="127.360889" sectionIndex="0" pointIndex="2916" originalElevation="282.0" isOriginalElevationFromOSM="false"><ele>282.0</ele></trkpt>
<trkpt lat="38.051301" lon="127.360898" sectionIndex="0" pointIndex="2917" originalElevation="282.0" isOriginalElevationFromOSM="false"><ele>282.0</ele></trkpt>
<trkpt lat="38.051257" lon="127.360906" sectionIndex="0" pointIndex="2918" originalElevation="282.0" isOriginalElevationFromOSM="false"><ele>282.0</ele></trkpt>
<trkpt lat="38.051212" lon="127.360915" sectionIndex="0" pointIndex="2919" originalElevation="282.0" isOriginalElevationFromOSM="false"><ele>282.0</ele></trkpt>
<trkpt lat="38.051168" lon="127.360924" sectionIndex="0" pointIndex="2920" originalElevation="282.0" isOriginalElevationFromOSM="false"><ele>282.0</ele></trkpt>
<trkpt lat="38.051124" lon="127.360932" sectionIndex="0" pointIndex="2921" originalElevation="282.0" isOriginalElevationFromOSM="false"><ele>282.0</ele></trkpt>
<trkpt lat="38.051089" lon="127.360939" sectionIndex="0" pointIndex="2922" originalElevation="282.0" isOriginalElevationFromOSM="false"><ele>282.0</ele></trkpt>
<trkpt lat="38.051064" lon="127.360986" sectionIndex="0" pointIndex="2923" originalElevation="282.0" isOriginalElevationFromOSM="false"><ele>282.0</ele></trkpt>
<trkpt lat="38.051038" lon="127.361034" sectionIndex="0" pointIndex="2924" originalElevation="282.0" isOriginalElevationFromOSM="false"><ele>282.0</ele></trkpt>
<trkpt lat="38.051013" lon="127.361081" sectionIndex="0" pointIndex="2925" originalElevation="282.0" isOriginalElevationFromOSM="false"><ele>282.0</ele></trkpt>
<trkpt lat="38.050988" lon="127.361128" sectionIndex="0" pointIndex="2926" originalElevation="282.0" isOriginalElevationFromOSM="false"><ele>282.0</ele></trkpt>
<trkpt lat="38.050980" lon="127.361144" sectionIndex="0" pointIndex="2927" originalElevation="282.0" isOriginalElevationFromOSM="false"><ele>282.0</ele></trkpt>
<trkpt lat="38.050986" lon="127.361200" sectionIndex="0" pointIndex="2928" originalElevation="282.0" isOriginalElevationFromOSM="false"><ele>282.0</ele></trkpt>
<trkpt lat="38.050992" lon="127.361257" sectionIndex="0" pointIndex="2929" originalElevation="282.0" isOriginalElevationFromOSM="false"><ele>282.0</ele></trkpt>
<trkpt lat="38.050998" lon="127.361313" sectionIndex="0" pointIndex="2930" originalElevation="282.0" isOriginalElevationFromOSM="false"><ele>282.0</ele></trkpt>
<trkpt lat="38.051004" lon="127.361370" sectionIndex="0" pointIndex="2931" originalElevation="282.0" isOriginalElevationFromOSM="false"><ele>282.0</ele></trkpt>
<trkpt lat="38.051010" lon="127.361426" sectionIndex="0" pointIndex="2932" originalElevation="282.0" isOriginalElevationFromOSM="false"><ele>282.0</ele></trkpt>
<trkpt lat="38.051016" lon="127.361483" sectionIndex="0" pointIndex="2933" originalElevation="282.0" isOriginalElevationFromOSM="false"><ele>282.0</ele></trkpt>
<trkpt lat="38.051019" lon="127.361514" sectionIndex="0" pointIndex="2934" originalElevation="282.0" isOriginalElevationFromOSM="false"><ele>282.0</ele></trkpt>
<trkpt lat="38.051011" lon="127.361570" sectionIndex="0" pointIndex="2935" originalElevation="282.0" isOriginalElevationFromOSM="false"><ele>281.8</ele></trkpt>
<trkpt lat="38.051002" lon="127.361626" sectionIndex="0" pointIndex="2936" originalElevation="282.0" isOriginalElevationFromOSM="false"><ele>281.6</ele></trkpt>
<trkpt lat="38.050993" lon="127.361682" sectionIndex="0" pointIndex="2937" originalElevation="281.0" isOriginalElevationFromOSM="false"><ele>281.4</ele></trkpt>
<trkpt lat="38.050984" lon="127.361738" sectionIndex="0" pointIndex="2938" originalElevation="281.0" isOriginalElevationFromOSM="false"><ele>281.2</ele></trkpt>
<trkpt lat="38.050976" lon="127.361794" sectionIndex="0" pointIndex="2939" originalElevation="281.0" isOriginalElevationFromOSM="false"><ele>281.0</ele></trkpt>
<trkpt lat="38.050969" lon="127.361838" sectionIndex="0" pointIndex="2940" originalElevation="281.0" isOriginalElevationFromOSM="false"><ele>281.0</ele></trkpt>
<trkpt lat="38.050989" lon="127.361890" sectionIndex="0" pointIndex="2941" originalElevation="281.0" isOriginalElevationFromOSM="false"><ele>281.0</ele></trkpt>
<trkpt lat="38.051009" lon="127.361941" sectionIndex="0" pointIndex="2942" originalElevation="281.0" isOriginalElevationFromOSM="false"><ele>281.0</ele></trkpt>
<trkpt lat="38.051029" lon="127.361992" sectionIndex="0" pointIndex="2943" originalElevation="281.0" isOriginalElevationFromOSM="false"><ele>281.0</ele></trkpt>
<trkpt lat="38.051049" lon="127.362043" sectionIndex="0" pointIndex="2944" originalElevation="281.0" isOriginalElevationFromOSM="false"><ele>281.0</ele></trkpt>
<trkpt lat="38.051069" lon="127.362094" sectionIndex="0" pointIndex="2945" originalElevation="281.0" isOriginalElevationFromOSM="false"><ele>281.0</ele></trkpt>
<trkpt lat="38.051089" lon="127.362145" sectionIndex="0" pointIndex="2946" originalElevation="281.0" isOriginalElevationFromOSM="false"><ele>281.0</ele></trkpt>
<trkpt lat="38.051098" lon="127.362170" sectionIndex="0" pointIndex="2947" originalElevation="281.0" isOriginalElevationFromOSM="false"><ele>281.0</ele></trkpt>
<trkpt lat="38.051092" lon="127.362226" sectionIndex="0" pointIndex="2948" originalElevation="281.0" isOriginalElevationFromOSM="false"><ele>281.0</ele></trkpt>
<trkpt lat="38.051086" lon="127.362282" sectionIndex="0" pointIndex="2949" originalElevation="281.0" isOriginalElevationFromOSM="false"><ele>281.0</ele></trkpt>
<trkpt lat="38.051079" lon="127.362339" sectionIndex="0" pointIndex="2950" originalElevation="281.0" isOriginalElevationFromOSM="false"><ele>281.0</ele></trkpt>
<trkpt lat="38.051073" lon="127.362395" sectionIndex="0" pointIndex="2951" originalElevation="281.0" isOriginalElevationFromOSM="false"><ele>281.0</ele></trkpt>
<trkpt lat="38.051071" lon="127.362414" sectionIndex="0" pointIndex="2952" originalElevation="281.0" isOriginalElevationFromOSM="false"><ele>281.0</ele></trkpt>
<trkpt lat="38.051037" lon="127.362452" sectionIndex="0" pointIndex="2953" originalElevation="281.0" isOriginalElevationFromOSM="false"><ele>281.4</ele></trkpt>
<trkpt lat="38.051003" lon="127.362489" sectionIndex="0" pointIndex="2954" originalElevation="281.0" isOriginalElevationFromOSM="false"><ele>281.8</ele></trkpt>
<trkpt lat="38.050969" lon="127.362527" sectionIndex="0" pointIndex="2955" originalElevation="283.0" isOriginalElevationFromOSM="false"><ele>282.2</ele></trkpt>
<trkpt lat="38.050935" lon="127.362565" sectionIndex="0" pointIndex="2956" originalElevation="283.0" isOriginalElevationFromOSM="false"><ele>282.6</ele></trkpt>
<trkpt lat="38.050902" lon="127.362602" sectionIndex="0" pointIndex="2957" originalElevation="283.0" isOriginalElevationFromOSM="false"><ele>283.0</ele></trkpt>
<trkpt lat="38.050868" lon="127.362640" sectionIndex="0" pointIndex="2958" originalElevation="283.0" isOriginalElevationFromOSM="false"><ele>275.8</ele></trkpt>
<trkpt lat="38.050834" lon="127.362677" sectionIndex="0" pointIndex="2959" originalElevation="283.0" isOriginalElevationFromOSM="false"><ele>268.6</ele></trkpt>
<trkpt lat="38.050800" lon="127.362715" sectionIndex="0" pointIndex="2960" originalElevation="247.0" isOriginalElevationFromOSM="false"><ele>261.4</ele></trkpt>
<trkpt lat="38.050795" lon="127.362721" sectionIndex="0" pointIndex="2961" originalElevation="247.0" isOriginalElevationFromOSM="false"><ele>254.2</ele></trkpt>
<trkpt lat="38.050760" lon="127.362757" sectionIndex="0" pointIndex="2962" originalElevation="247.0" isOriginalElevationFromOSM="false"><ele>247.0</ele></trkpt>
<trkpt lat="38.050725" lon="127.362793" sectionIndex="0" pointIndex="2963" originalElevation="247.0" isOriginalElevationFromOSM="false"><ele>247.0</ele></trkpt>
<trkpt lat="38.050691" lon="127.362829" sectionIndex="0" pointIndex="2964" originalElevation="247.0" isOriginalElevationFromOSM="false"><ele>247.0</ele></trkpt>
<trkpt lat="38.050656" lon="127.362865" sectionIndex="0" pointIndex="2965" originalElevation="247.0" isOriginalElevationFromOSM="false"><ele>247.0</ele></trkpt>
<trkpt lat="38.050621" lon="127.362901" sectionIndex="0" pointIndex="2966" originalElevation="247.0" isOriginalElevationFromOSM="false"><ele>247.0</ele></trkpt>
<trkpt lat="38.050587" lon="127.362938" sectionIndex="0" pointIndex="2967" originalElevation="247.0" isOriginalElevationFromOSM="false"><ele>247.0</ele></trkpt>
<trkpt lat="38.050552" lon="127.362974" sectionIndex="0" pointIndex="2968" originalElevation="247.0" isOriginalElevationFromOSM="false"><ele>247.0</ele></trkpt>
<trkpt lat="38.050517" lon="127.363010" sectionIndex="0" pointIndex="2969" originalElevation="247.0" isOriginalElevationFromOSM="false"><ele>247.0</ele></trkpt>
<trkpt lat="38.050482" lon="127.363046" sectionIndex="0" pointIndex="2970" originalElevation="247.0" isOriginalElevationFromOSM="false"><ele>247.0</ele></trkpt>
<trkpt lat="38.050448" lon="127.363082" sectionIndex="0" pointIndex="2971" originalElevation="247.0" isOriginalElevationFromOSM="false"><ele>247.0</ele></trkpt>
<trkpt lat="38.050413" lon="127.363118" sectionIndex="0" pointIndex="2972" originalElevation="247.0" isOriginalElevationFromOSM="false"><ele>247.0</ele></trkpt>
<trkpt lat="38.050378" lon="127.363155" sectionIndex="0" pointIndex="2973" originalElevation="247.0" isOriginalElevationFromOSM="false"><ele>247.0</ele></trkpt>
<trkpt lat="38.050343" lon="127.363191" sectionIndex="0" pointIndex="2974" originalElevation="247.0" isOriginalElevationFromOSM="false"><ele>247.0</ele></trkpt>
<trkpt lat="38.050316" lon="127.363220" sectionIndex="0" pointIndex="2975" originalElevation="247.0" isOriginalElevationFromOSM="false"><ele>247.0</ele></trkpt>
<trkpt lat="38.050289" lon="127.363265" sectionIndex="0" pointIndex="2976" originalElevation="247.0" isOriginalElevationFromOSM="false"><ele>250.8</ele></trkpt>
<trkpt lat="38.050262" lon="127.363311" sectionIndex="0" pointIndex="2977" originalElevation="247.0" isOriginalElevationFromOSM="false"><ele>254.6</ele></trkpt>
<trkpt lat="38.050236" lon="127.363357" sectionIndex="0" pointIndex="2978" originalElevation="266.0" isOriginalElevationFromOSM="false"><ele>258.4</ele></trkpt>
<trkpt lat="38.050209" lon="127.363403" sectionIndex="0" pointIndex="2979" originalElevation="266.0" isOriginalElevationFromOSM="false"><ele>262.2</ele></trkpt>
<trkpt lat="38.050182" lon="127.363449" sectionIndex="0" pointIndex="2980" originalElevation="266.0" isOriginalElevationFromOSM="false"><ele>266.0</ele></trkpt>
<trkpt lat="38.050180" lon="127.363452" sectionIndex="0" pointIndex="2981" originalElevation="266.0" isOriginalElevationFromOSM="false"><ele>266.0</ele></trkpt>
<trkpt lat="38.050198" lon="127.363505" sectionIndex="0" pointIndex="2982" originalElevation="266.0" isOriginalElevationFromOSM="false"><ele>266.0</ele></trkpt>
<trkpt lat="38.050216" lon="127.363557" sectionIndex="0" pointIndex="2983" originalElevation="266.0" isOriginalElevationFromOSM="false"><ele>266.0</ele></trkpt>
<trkpt lat="38.050234" lon="127.363609" sectionIndex="0" pointIndex="2984" originalElevation="266.0" isOriginalElevationFromOSM="false"><ele>266.0</ele></trkpt>
<trkpt lat="38.050251" lon="127.363662" sectionIndex="0" pointIndex="2985" originalElevation="266.0" isOriginalElevationFromOSM="false"><ele>266.0</ele></trkpt>
<trkpt lat="38.050269" lon="127.363714" sectionIndex="0" pointIndex="2986" originalElevation="266.0" isOriginalElevationFromOSM="false"><ele>266.0</ele></trkpt>
<trkpt lat="38.050287" lon="127.363766" sectionIndex="0" pointIndex="2987" originalElevation="266.0" isOriginalElevationFromOSM="false"><ele>266.0</ele></trkpt>
<trkpt lat="38.050307" lon="127.363817" sectionIndex="0" pointIndex="2988" originalElevation="266.0" isOriginalElevationFromOSM="false"><ele>266.0</ele></trkpt>
<trkpt lat="38.050327" lon="127.363868" sectionIndex="0" pointIndex="2989" originalElevation="266.0" isOriginalElevationFromOSM="false"><ele>266.0</ele></trkpt>
<trkpt lat="38.050347" lon="127.363919" sectionIndex="0" pointIndex="2990" originalElevation="266.0" isOriginalElevationFromOSM="false"><ele>266.0</ele></trkpt>
<trkpt lat="38.050367" lon="127.363971" sectionIndex="0" pointIndex="2991" originalElevation="266.0" isOriginalElevationFromOSM="false"><ele>266.0</ele></trkpt>
<trkpt lat="38.050387" lon="127.364022" sectionIndex="0" pointIndex="2992" originalElevation="266.0" isOriginalElevationFromOSM="false"><ele>266.0</ele></trkpt>
<trkpt lat="38.050407" lon="127.364073" sectionIndex="0" pointIndex="2993" originalElevation="266.0" isOriginalElevationFromOSM="false"><ele>265.0</ele></trkpt>
<trkpt lat="38.050427" lon="127.364124" sectionIndex="0" pointIndex="2994" originalElevation="266.0" isOriginalElevationFromOSM="false"><ele>264.0</ele></trkpt>
<trkpt lat="38.050447" lon="127.364175" sectionIndex="0" pointIndex="2995" originalElevation="261.0" isOriginalElevationFromOSM="false"><ele>263.0</ele></trkpt>
<trkpt lat="38.050467" lon="127.364226" sectionIndex="0" pointIndex="2996" originalElevation="261.0" isOriginalElevationFromOSM="false"><ele>262.0</ele></trkpt>
<trkpt lat="38.050487" lon="127.364277" sectionIndex="0" pointIndex="2997" originalElevation="261.0" isOriginalElevationFromOSM="false"><ele>261.0</ele></trkpt>
<trkpt lat="38.050502" lon="127.364314" sectionIndex="0" pointIndex="2998" originalElevation="261.0" isOriginalElevationFromOSM="false"><ele>261.0</ele></trkpt>
<trkpt lat="38.050542" lon="127.364339" sectionIndex="0" pointIndex="2999" originalElevation="261.0" isOriginalElevationFromOSM="false"><ele>261.0</ele></trkpt>
<trkpt lat="38.050582" lon="127.364364" sectionIndex="0" pointIndex="3000" originalElevation="261.0" isOriginalElevationFromOSM="false"><ele>261.0</ele></trkpt>
<trkpt lat="38.050623" lon="127.364390" sectionIndex="0" pointIndex="3001" originalElevation="261.0" isOriginalElevationFromOSM="false"><ele>261.0</ele></trkpt>
<trkpt lat="38.050663" lon="127.364415" sectionIndex="0" pointIndex="3002" originalElevation="261.0" isOriginalElevationFromOSM="false"><ele>261.0</ele></trkpt>
<trkpt lat="38.050695" lon="127.364435" sectionIndex="0" pointIndex="3003" originalElevation="261.0" isOriginalElevationFromOSM="false"><ele>261.0</ele></trkpt>
<trkpt lat="38.050740" lon="127.364435" sectionIndex="0" pointIndex="3004" originalElevation="261.0" isOriginalElevationFromOSM="false"><ele>261.0</ele></trkpt>
<trkpt lat="38.050785" lon="127.364435" sectionIndex="0" pointIndex="3005" originalElevation="261.0" isOriginalElevationFromOSM="false"><ele>264.4</ele></trkpt>
<trkpt lat="38.050830" lon="127.364435" sectionIndex="0" pointIndex="3006" originalElevation="261.0" isOriginalElevationFromOSM="false"><ele>267.8</ele></trkpt>
<trkpt lat="38.050853" lon="127.364436" sectionIndex="0" pointIndex="3007" originalElevation="278.0" isOriginalElevationFromOSM="false"><ele>271.2</ele></trkpt>
<trkpt lat="38.050887" lon="127.364398" sectionIndex="0" pointIndex="3008" originalElevation="278.0" isOriginalElevationFromOSM="false"><ele>274.6</ele></trkpt>
<trkpt lat="38.050921" lon="127.364361" sectionIndex="0" pointIndex="3009" originalElevation="278.0" isOriginalElevationFromOSM="false"><ele>278.0</ele></trkpt>
<trkpt lat="38.050954" lon="127.364323" sectionIndex="0" pointIndex="3010" originalElevation="278.0" isOriginalElevationFromOSM="false"><ele>278.0</ele></trkpt>
<trkpt lat="38.050988" lon="127.364286" sectionIndex="0" pointIndex="3011" originalElevation="278.0" isOriginalElevationFromOSM="false"><ele>278.0</ele></trkpt>
<trkpt lat="38.051022" lon="127.364249" sectionIndex="0" pointIndex="3012" originalElevation="278.0" isOriginalElevationFromOSM="false"><ele>278.0</ele></trkpt>
<trkpt lat="38.051038" lon="127.364231" sectionIndex="0" pointIndex="3013" originalElevation="278.0" isOriginalElevationFromOSM="false"><ele>278.0</ele></trkpt>
<trkpt lat="38.051082" lon="127.364220" sectionIndex="0" pointIndex="3014" originalElevation="278.0" isOriginalElevationFromOSM="false"><ele>278.0</ele></trkpt>
<trkpt lat="38.051126" lon="127.364208" sectionIndex="0" pointIndex="3015" originalElevation="278.0" isOriginalElevationFromOSM="false"><ele>278.0</ele></trkpt>
<trkpt lat="38.051170" lon="127.364196" sectionIndex="0" pointIndex="3016" originalElevation="278.0" isOriginalElevationFromOSM="false"><ele>278.0</ele></trkpt>
<trkpt lat="38.051205" lon="127.364187" sectionIndex="0" pointIndex="3017" originalElevation="278.0" isOriginalElevationFromOSM="false"><ele>278.0</ele></trkpt>
<trkpt lat="38.051230" lon="127.364234" sectionIndex="0" pointIndex="3018" originalElevation="278.0" isOriginalElevationFromOSM="false"><ele>278.0</ele></trkpt>
<trkpt lat="38.051256" lon="127.364281" sectionIndex="0" pointIndex="3019" originalElevation="278.0" isOriginalElevationFromOSM="false"><ele>278.0</ele></trkpt>
<trkpt lat="38.051281" lon="127.364328" sectionIndex="0" pointIndex="3020" originalElevation="278.0" isOriginalElevationFromOSM="false"><ele>278.0</ele></trkpt>
<trkpt lat="38.051306" lon="127.364375" sectionIndex="0" pointIndex="3021" originalElevation="278.0" isOriginalElevationFromOSM="false"><ele>278.0</ele></trkpt>
<trkpt lat="38.051332" lon="127.364422" sectionIndex="0" pointIndex="3022" originalElevation="278.0" isOriginalElevationFromOSM="false"><ele>278.0</ele></trkpt>
<trkpt lat="38.051357" lon="127.364469" sectionIndex="0" pointIndex="3023" originalElevation="278.0" isOriginalElevationFromOSM="false"><ele>278.0</ele></trkpt>
<trkpt lat="38.051383" lon="127.364516" sectionIndex="0" pointIndex="3024" originalElevation="278.0" isOriginalElevationFromOSM="false"><ele>278.0</ele></trkpt>
<trkpt lat="38.051408" lon="127.364563" sectionIndex="0" pointIndex="3025" originalElevation="278.0" isOriginalElevationFromOSM="false"><ele>278.0</ele></trkpt>
<trkpt lat="38.051433" lon="127.364610" sectionIndex="0" pointIndex="3026" originalElevation="278.0" isOriginalElevationFromOSM="false"><ele>278.0</ele></trkpt>
<trkpt lat="38.051459" lon="127.364657" sectionIndex="0" pointIndex="3027" originalElevation="278.0" isOriginalElevationFromOSM="false"><ele>278.0</ele></trkpt>
<trkpt lat="38.051484" lon="127.364704" sectionIndex="0" pointIndex="3028" originalElevation="278.0" isOriginalElevationFromOSM="false"><ele>278.0</ele></trkpt>
<trkpt lat="38.051510" lon="127.364751" sectionIndex="0" pointIndex="3029" originalElevation="278.0" isOriginalElevationFromOSM="false"><ele>278.0</ele></trkpt>
<trkpt lat="38.051532" lon="127.364792" sectionIndex="0" pointIndex="3030" originalElevation="278.0" isOriginalElevationFromOSM="false"><ele>278.0</ele></trkpt>
<trkpt lat="38.051523" lon="127.364848" sectionIndex="0" pointIndex="3031" originalElevation="278.0" isOriginalElevationFromOSM="false"><ele>278.0</ele></trkpt>
<trkpt lat="38.051515" lon="127.364904" sectionIndex="0" pointIndex="3032" originalElevation="278.0" isOriginalElevationFromOSM="false"><ele>273.6</ele></trkpt>
<trkpt lat="38.051506" lon="127.364960" sectionIndex="0" pointIndex="3033" originalElevation="278.0" isOriginalElevationFromOSM="false"><ele>269.2</ele></trkpt>
<trkpt lat="38.051497" lon="127.365016" sectionIndex="0" pointIndex="3034" originalElevation="256.0" isOriginalElevationFromOSM="false"><ele>264.8</ele></trkpt>
<trkpt lat="38.051489" lon="127.365072" sectionIndex="0" pointIndex="3035" originalElevation="256.0" isOriginalElevationFromOSM="false"><ele>260.4</ele></trkpt>
<trkpt lat="38.051481" lon="127.365122" sectionIndex="0" pointIndex="3036" originalElevation="256.0" isOriginalElevationFromOSM="false"><ele>256.0</ele></trkpt>
<trkpt lat="38.051446" lon="127.365158" sectionIndex="0" pointIndex="3037" originalElevation="256.0" isOriginalElevationFromOSM="false"><ele>256.0</ele></trkpt>
<trkpt lat="38.051411" lon="127.365193" sectionIndex="0" pointIndex="3038" originalElevation="256.0" isOriginalElevationFromOSM="false"><ele>256.0</ele></trkpt>
<trkpt lat="38.051376" lon="127.365229" sectionIndex="0" pointIndex="3039" originalElevation="256.0" isOriginalElevationFromOSM="false"><ele>256.0</ele></trkpt>
<trkpt lat="38.051340" lon="127.365264" sectionIndex="0" pointIndex="3040" originalElevation="256.0" isOriginalElevationFromOSM="false"><ele>256.0</ele></trkpt>
<trkpt lat="38.051305" lon="127.365299" sectionIndex="0" pointIndex="3041" originalElevation="256.0" isOriginalElevationFromOSM="false"><ele>256.0</ele></trkpt>
<trkpt lat="38.051270" lon="127.365335" sectionIndex="0" pointIndex="3042" originalElevation="256.0" isOriginalElevationFromOSM="false"><ele>256.0</ele></trkpt>
<trkpt lat="38.051235" lon="127.365370" sectionIndex="0" pointIndex="3043" originalElevation="256.0" isOriginalElevationFromOSM="false"><ele>256.0</ele></trkpt>
<trkpt lat="38.051200" lon="127.365406" sectionIndex="0" pointIndex="3044" originalElevation="256.0" isOriginalElevationFromOSM="false"><ele>256.0</ele></trkpt>
<trkpt lat="38.051164" lon="127.365441" sectionIndex="0" pointIndex="3045" originalElevation="256.0" isOriginalElevationFromOSM="false"><ele>256.0</ele></trkpt>
<trkpt lat="38.051129" lon="127.365477" sectionIndex="0" pointIndex="3046" originalElevation="256.0" isOriginalElevationFromOSM="false"><ele>256.0</ele></trkpt>
<trkpt lat="38.051094" lon="127.365512" sectionIndex="0" pointIndex="3047" originalElevation="256.0" isOriginalElevationFromOSM="false"><ele>256.0</ele></trkpt>
<trkpt lat="38.051070" lon="127.365536" sectionIndex="0" pointIndex="3048" originalElevation="256.0" isOriginalElevationFromOSM="false"><ele>256.0</ele></trkpt>
<trkpt lat="38.051029" lon="127.365561" sectionIndex="0" pointIndex="3049" originalElevation="256.0" isOriginalElevationFromOSM="false"><ele>256.0</ele></trkpt>
<trkpt lat="38.050989" lon="127.365585" sectionIndex="0" pointIndex="3050" originalElevation="256.0" isOriginalElevationFromOSM="false"><ele>256.0</ele></trkpt>
<trkpt lat="38.050949" lon="127.365610" sectionIndex="0" pointIndex="3051" originalElevation="256.0" isOriginalElevationFromOSM="false"><ele>256.0</ele></trkpt>
<trkpt lat="38.050908" lon="127.365635" sectionIndex="0" pointIndex="3052" originalElevation="256.0" isOriginalElevationFromOSM="false"><ele>254.8</ele></trkpt>
<trkpt lat="38.050868" lon="127.365659" sectionIndex="0" pointIndex="3053" originalElevation="256.0" isOriginalElevationFromOSM="false"><ele>253.6</ele></trkpt>
<trkpt lat="38.050827" lon="127.365684" sectionIndex="0" pointIndex="3054" originalElevation="250.0" isOriginalElevationFromOSM="false"><ele>252.4</ele></trkpt>
<trkpt lat="38.050787" lon="127.365709" sectionIndex="0" pointIndex="3055" originalElevation="250.0" isOriginalElevationFromOSM="false"><ele>251.2</ele></trkpt>
<trkpt lat="38.050746" lon="127.365734" sectionIndex="0" pointIndex="3056" originalElevation="250.0" isOriginalElevationFromOSM="false"><ele>250.0</ele></trkpt>
<trkpt lat="38.050727" lon="127.365745" sectionIndex="0" pointIndex="3057" originalElevation="250.0" isOriginalElevationFromOSM="false"><ele>246.8</ele></trkpt>
<trkpt lat="38.050701" lon="127.365792" sectionIndex="0" pointIndex="3058" originalElevation="250.0" isOriginalElevationFromOSM="false"><ele>243.6</ele></trkpt>
<trkpt lat="38.050675" lon="127.365838" sectionIndex="0" pointIndex="3059" originalElevation="234.0" isOriginalElevationFromOSM="false"><ele>240.4</ele></trkpt>
<trkpt lat="38.050649" lon="127.365885" sectionIndex="0" pointIndex="3060" originalElevation="234.0" isOriginalElevationFromOSM="false"><ele>237.2</ele></trkpt>
<trkpt lat="38.050632" lon="127.365916" sectionIndex="0" pointIndex="3061" originalElevation="234.0" isOriginalElevationFromOSM="false"><ele>234.0</ele></trkpt>
<trkpt lat="38.050637" lon="127.365972" sectionIndex="0" pointIndex="3062" originalElevation="234.0" isOriginalElevationFromOSM="false"><ele>234.0</ele></trkpt>
<trkpt lat="38.050642" lon="127.366029" sectionIndex="0" pointIndex="3063" originalElevation="234.0" isOriginalElevationFromOSM="false"><ele>234.0</ele></trkpt>
<trkpt lat="38.050647" lon="127.366086" sectionIndex="0" pointIndex="3064" originalElevation="234.0" isOriginalElevationFromOSM="false"><ele>234.0</ele></trkpt>
<trkpt lat="38.050652" lon="127.366142" sectionIndex="0" pointIndex="3065" originalElevation="234.0" isOriginalElevationFromOSM="false"><ele>234.0</ele></trkpt>
<trkpt lat="38.050654" lon="127.366155" sectionIndex="0" pointIndex="3066" originalElevation="234.0" isOriginalElevationFromOSM="false"><ele>234.0</ele></trkpt>
<trkpt lat="38.050694" lon="127.366179" sectionIndex="0" pointIndex="3067" originalElevation="234.0" isOriginalElevationFromOSM="false"><ele>234.0</ele></trkpt>
<trkpt lat="38.050735" lon="127.366203" sectionIndex="0" pointIndex="3068" originalElevation="234.0" isOriginalElevationFromOSM="false"><ele>234.0</ele></trkpt>
<trkpt lat="38.050776" lon="127.366227" sectionIndex="0" pointIndex="3069" originalElevation="234.0" isOriginalElevationFromOSM="false"><ele>237.6</ele></trkpt>
<trkpt lat="38.050817" lon="127.366251" sectionIndex="0" pointIndex="3070" originalElevation="234.0" isOriginalElevationFromOSM="false"><ele>241.2</ele></trkpt>
<trkpt lat="38.050857" lon="127.366275" sectionIndex="0" pointIndex="3071" originalElevation="252.0" isOriginalElevationFromOSM="false"><ele>244.8</ele></trkpt>
<trkpt lat="38.050887" lon="127.366293" sectionIndex="0" pointIndex="3072" originalElevation="252.0" isOriginalElevationFromOSM="false"><ele>248.4</ele></trkpt>
<trkpt lat="38.050932" lon="127.366294" sectionIndex="0" pointIndex="3073" originalElevation="252.0" isOriginalElevationFromOSM="false"><ele>252.0</ele></trkpt>
<trkpt lat="38.050977" lon="127.366296" sectionIndex="0" pointIndex="3074" originalElevation="252.0" isOriginalElevationFromOSM="false"><ele>252.0</ele></trkpt>
<trkpt lat="38.051022" lon="127.366297" sectionIndex="0" pointIndex="3075" originalElevation="252.0" isOriginalElevationFromOSM="false"><ele>252.0</ele></trkpt>
<trkpt lat="38.051067" lon="127.366298" sectionIndex="0" pointIndex="3076" originalElevation="252.0" isOriginalElevationFromOSM="false"><ele>252.0</ele></trkpt>
<trkpt lat="38.051112" lon="127.366300" sectionIndex="0" pointIndex="3077" originalElevation="252.0" isOriginalElevationFromOSM="false"><ele>252.0</ele></trkpt>
<trkpt lat="38.051157" lon="127.366301" sectionIndex="0" pointIndex="3078" originalElevation="252.0" isOriginalElevationFromOSM="false"><ele>252.0</ele></trkpt>
<trkpt lat="38.051202" lon="127.366303" sectionIndex="0" pointIndex="3079" originalElevation="252.0" isOriginalElevationFromOSM="false"><ele>252.0</ele></trkpt>
<trkpt lat="38.051247" lon="127.366304" sectionIndex="0" pointIndex="3080" originalElevation="252.0" isOriginalElevationFromOSM="false"><ele>252.0</ele></trkpt>
<trkpt lat="38.051292" lon="127.366305" sectionIndex="0" pointIndex="3081" originalElevation="252.0" isOriginalElevationFromOSM="false"><ele>252.0</ele></trkpt>
<trkpt lat="38.051324" lon="127.366306" sectionIndex="0" pointIndex="3082" originalElevation="252.0" isOriginalElevationFromOSM="false"><ele>252.0</ele></trkpt>
<trkpt lat="38.051354" lon="127.366349" sectionIndex="0" pointIndex="3083" originalElevation="252.0" isOriginalElevationFromOSM="false"><ele>252.0</ele></trkpt>
<trkpt lat="38.051385" lon="127.366391" sectionIndex="0" pointIndex="3084" originalElevation="252.0" isOriginalElevationFromOSM="false"><ele>252.0</ele></trkpt>
<trkpt lat="38.051415" lon="127.366433" sectionIndex="0" pointIndex="3085" originalElevation="252.0" isOriginalElevationFromOSM="false"><ele>252.0</ele></trkpt>
<trkpt lat="38.051445" lon="127.366476" sectionIndex="0" pointIndex="3086" originalElevation="252.0" isOriginalElevationFromOSM="false"><ele>252.0</ele></trkpt>
<trkpt lat="38.051454" lon="127.366489" sectionIndex="0" pointIndex="3087" originalElevation="252.0" isOriginalElevationFromOSM="false"><ele>252.0</ele></trkpt>
<trkpt lat="38.051434" lon="127.366540" sectionIndex="0" pointIndex="3088" originalElevation="252.0" isOriginalElevationFromOSM="false"><ele>252.0</ele></trkpt>
<trkpt lat="38.051413" lon="127.366591" sectionIndex="0" pointIndex="3089" originalElevation="252.0" isOriginalElevationFromOSM="false"><ele>249.8</ele></trkpt>
<trkpt lat="38.051392" lon="127.366641" sectionIndex="0" pointIndex="3090" originalElevation="252.0" isOriginalElevationFromOSM="false"><ele>247.6</ele></trkpt>
<trkpt lat="38.051372" lon="127.366692" sectionIndex="0" pointIndex="3091" originalElevation="241.0" isOriginalElevationFromOSM="false"><ele>245.4</ele></trkpt>
<trkpt lat="38.051351" lon="127.366743" sectionIndex="0" pointIndex="3092" originalElevation="241.0" isOriginalElevationFromOSM="false"><ele>243.2</ele></trkpt>
<trkpt lat="38.051341" lon="127.366768" sectionIndex="0" pointIndex="3093" originalElevation="241.0" isOriginalElevationFromOSM="false"><ele>241.0</ele></trkpt>
<trkpt lat="38.051305" lon="127.366803" sectionIndex="0" pointIndex="3094" originalElevation="241.0" isOriginalElevationFromOSM="false"><ele>241.0</ele></trkpt>
<trkpt lat="38.051270" lon="127.366838" sectionIndex="0" pointIndex="3095" originalElevation="241.0" isOriginalElevationFromOSM="false"><ele>241.0</ele></trkpt>
<trkpt lat="38.051235" lon="127.366873" sectionIndex="0" pointIndex="3096" originalElevation="241.0" isOriginalElevationFromOSM="false"><ele>241.0</ele></trkpt>
<trkpt lat="38.051199" lon="127.366908" sectionIndex="0" pointIndex="3097" originalElevation="241.0" isOriginalElevationFromOSM="false"><ele>241.0</ele></trkpt>
<trkpt lat="38.051164" lon="127.366943" sectionIndex="0" pointIndex="3098" originalElevation="241.0" isOriginalElevationFromOSM="false"><ele>241.0</ele></trkpt>
<trkpt lat="38.051129" lon="127.366978" sectionIndex="0" pointIndex="3099" originalElevation="241.0" isOriginalElevationFromOSM="false"><ele>241.0</ele></trkpt>
<trkpt lat="38.051087" lon="127.366998" sectionIndex="0" pointIndex="3100" originalElevation="241.0" isOriginalElevationFromOSM="false"><ele>241.0</ele></trkpt>
<trkpt lat="38.051045" lon="127.367019" sectionIndex="0" pointIndex="3101" originalElevation="241.0" isOriginalElevationFromOSM="false"><ele>241.0</ele></trkpt>
<trkpt lat="38.051003" lon="127.367040" sectionIndex="0" pointIndex="3102" originalElevation="241.0" isOriginalElevationFromOSM="false"><ele>241.0</ele></trkpt>
<trkpt lat="38.050961" lon="127.367061" sectionIndex="0" pointIndex="3103" originalElevation="241.0" isOriginalElevationFromOSM="false"><ele>241.0</ele></trkpt>
<trkpt lat="38.050926" lon="127.367079" sectionIndex="0" pointIndex="3104" originalElevation="241.0" isOriginalElevationFromOSM="false"><ele>241.0</ele></trkpt>
<trkpt lat="38.050896" lon="127.367122" sectionIndex="0" pointIndex="3105" originalElevation="241.0" isOriginalElevationFromOSM="false"><ele>241.0</ele></trkpt>
<trkpt lat="38.050866" lon="127.367165" sectionIndex="0" pointIndex="3106" originalElevation="241.0" isOriginalElevationFromOSM="false"><ele>237.0</ele></trkpt>
<trkpt lat="38.050837" lon="127.367208" sectionIndex="0" pointIndex="3107" originalElevation="241.0" isOriginalElevationFromOSM="false"><ele>233.0</ele></trkpt>
<trkpt lat="38.050807" lon="127.367251" sectionIndex="0" pointIndex="3108" originalElevation="221.0" isOriginalElevationFromOSM="false"><ele>229.0</ele></trkpt>
<trkpt lat="38.050778" lon="127.367294" sectionIndex="0" pointIndex="3109" originalElevation="221.0" isOriginalElevationFromOSM="false"><ele>225.0</ele></trkpt>
<trkpt lat="38.050754" lon="127.367329" sectionIndex="0" pointIndex="3110" originalElevation="221.0" isOriginalElevationFromOSM="false"><ele>221.0</ele></trkpt>
<trkpt lat="38.050709" lon="127.367338" sectionIndex="0" pointIndex="3111" originalElevation="221.0" isOriginalElevationFromOSM="false"><ele>221.0</ele></trkpt>
<trkpt lat="38.050665" lon="127.367346" sectionIndex="0" pointIndex="3112" originalElevation="221.0" isOriginalElevationFromOSM="false"><ele>221.0</ele></trkpt>
<trkpt lat="38.050620" lon="127.367355" sectionIndex="0" pointIndex="3113" originalElevation="221.0" isOriginalElevationFromOSM="false"><ele>221.0</ele></trkpt>
<trkpt lat="38.050582" lon="127.367362" sectionIndex="0" pointIndex="3114" originalElevation="221.0" isOriginalElevationFromOSM="false"><ele>221.0</ele></trkpt>
<trkpt lat="38.050537" lon="127.367362" sectionIndex="0" pointIndex="3115" originalElevation="221.0" isOriginalElevationFromOSM="false"><ele>221.0</ele></trkpt>
<trkpt lat="38.050492" lon="127.367362" sectionIndex="0" pointIndex="3116" originalElevation="221.0" isOriginalElevationFromOSM="false"><ele>221.0</ele></trkpt>
<trkpt lat="38.050448" lon="127.367362" sectionIndex="0" pointIndex="3117" originalElevation="221.0" isOriginalElevationFromOSM="false"><ele>221.0</ele></trkpt>
<trkpt lat="38.050403" lon="127.367361" sectionIndex="0" pointIndex="3118" originalElevation="221.0" isOriginalElevationFromOSM="false"><ele>221.0</ele></trkpt>
<trkpt lat="38.050358" lon="127.367361" sectionIndex="0" pointIndex="3119" originalElevation="221.0" isOriginalElevationFromOSM="false"><ele>221.0</ele></trkpt>
<trkpt lat="38.050313" lon="127.367361" sectionIndex="0" pointIndex="3120" originalElevation="221.0" isOriginalElevationFromOSM="false"><ele>221.0</ele></trkpt>
<trkpt lat="38.050271" lon="127.367361" sectionIndex="0" pointIndex="3121" originalElevation="221.0" isOriginalElevationFromOSM="false"><ele>221.0</ele></trkpt>
<trkpt lat="38.050229" lon="127.367378" sectionIndex="0" pointIndex="3122" originalElevation="221.0" isOriginalElevationFromOSM="false"><ele>221.0</ele></trkpt>
<trkpt lat="38.050186" lon="127.367396" sectionIndex="0" pointIndex="3123" originalElevation="221.0" isOriginalElevationFromOSM="false"><ele>221.0</ele></trkpt>
<trkpt lat="38.050143" lon="127.367414" sectionIndex="0" pointIndex="3124" originalElevation="221.0" isOriginalElevationFromOSM="false"><ele>221.0</ele></trkpt>
<trkpt lat="38.050101" lon="127.367432" sectionIndex="0" pointIndex="3125" originalElevation="221.0" isOriginalElevationFromOSM="false"><ele>221.0</ele></trkpt>
<trkpt lat="38.050058" lon="127.367449" sectionIndex="0" pointIndex="3126" originalElevation="221.0" isOriginalElevationFromOSM="false"><ele>218.2</ele></trkpt>
<trkpt lat="38.050028" lon="127.367462" sectionIndex="0" pointIndex="3127" originalElevation="221.0" isOriginalElevationFromOSM="false"><ele>215.4</ele></trkpt>
<trkpt lat="38.049998" lon="127.367505" sectionIndex="0" pointIndex="3128" originalElevation="207.0" isOriginalElevationFromOSM="false"><ele>212.6</ele></trkpt>
<trkpt lat="38.049969" lon="127.367548" sectionIndex="0" pointIndex="3129" originalElevation="207.0" isOriginalElevationFromOSM="false"><ele>209.8</ele></trkpt>
<trkpt lat="38.049939" lon="127.367590" sectionIndex="0" pointIndex="3130" originalElevation="207.0" isOriginalElevationFromOSM="false"><ele>207.0</ele></trkpt>
<trkpt lat="38.049909" lon="127.367633" sectionIndex="0" pointIndex="3131" originalElevation="207.0" isOriginalElevationFromOSM="false"><ele>207.0</ele></trkpt>
<trkpt lat="38.049880" lon="127.367676" sectionIndex="0" pointIndex="3132" originalElevation="207.0" isOriginalElevationFromOSM="false"><ele>207.0</ele></trkpt>
<trkpt lat="38.049850" lon="127.367719" sectionIndex="0" pointIndex="3133" originalElevation="207.0" isOriginalElevationFromOSM="false"><ele>207.0</ele></trkpt>
<trkpt lat="38.049847" lon="127.367723" sectionIndex="0" pointIndex="3134" originalElevation="207.0" isOriginalElevationFromOSM="false"><ele>207.0</ele></trkpt>
<trkpt lat="38.049824" lon="127.367772" sectionIndex="0" pointIndex="3135" originalElevation="207.0" isOriginalElevationFromOSM="false"><ele>207.0</ele></trkpt>
<trkpt lat="38.049801" lon="127.367822" sectionIndex="0" pointIndex="3136" originalElevation="207.0" isOriginalElevationFromOSM="false"><ele>207.0</ele></trkpt>
<trkpt lat="38.049779" lon="127.367871" sectionIndex="0" pointIndex="3137" originalElevation="207.0" isOriginalElevationFromOSM="false"><ele>207.0</ele></trkpt>
<trkpt lat="38.049756" lon="127.367920" sectionIndex="0" pointIndex="3138" originalElevation="207.0" isOriginalElevationFromOSM="false"><ele>207.0</ele></trkpt>
<trkpt lat="38.049733" lon="127.367969" sectionIndex="0" pointIndex="3139" originalElevation="207.0" isOriginalElevationFromOSM="false"><ele>207.0</ele></trkpt>
<trkpt lat="38.049711" lon="127.368018" sectionIndex="0" pointIndex="3140" originalElevation="207.0" isOriginalElevationFromOSM="false"><ele>207.0</ele></trkpt>
<trkpt lat="38.049688" lon="127.368068" sectionIndex="0" pointIndex="3141" originalElevation="207.0" isOriginalElevationFromOSM="false"><ele>207.0</ele></trkpt>
<trkpt lat="38.049665" lon="127.368117" sectionIndex="0" pointIndex="3142" originalElevation="207.0" isOriginalElevationFromOSM="false"><ele>207.0</ele></trkpt>
<trkpt lat="38.049642" lon="127.368166" sectionIndex="0" pointIndex="3143" originalElevation="207.0" isOriginalElevationFromOSM="false"><ele>207.0</ele></trkpt>
<trkpt lat="38.049620" lon="127.368215" sectionIndex="0" pointIndex="3144" originalElevation="207.0" isOriginalElevationFromOSM="false"><ele>207.0</ele></trkpt>
<trkpt lat="38.049597" lon="127.368264" sectionIndex="0" pointIndex="3145" originalElevation="207.0" isOriginalElevationFromOSM="false"><ele>209.8</ele></trkpt>
<trkpt lat="38.049574" lon="127.368314" sectionIndex="0" pointIndex="3146" originalElevation="207.0" isOriginalElevationFromOSM="false"><ele>212.6</ele></trkpt>
<trkpt lat="38.049552" lon="127.368363" sectionIndex="0" pointIndex="3147" originalElevation="221.0" isOriginalElevationFromOSM="false"><ele>215.4</ele></trkpt>
<trkpt lat="38.049529" lon="127.368411" sectionIndex="0" pointIndex="3148" originalElevation="221.0" isOriginalElevationFromOSM="false"><ele>218.2</ele></trkpt>
<trkpt lat="38.049486" lon="127.368423" sectionIndex="0" pointIndex="3149" originalElevation="221.0" isOriginalElevationFromOSM="false"><ele>221.0</ele></trkpt>
<trkpt lat="38.049442" lon="127.368436" sectionIndex="0" pointIndex="3150" originalElevation="221.0" isOriginalElevationFromOSM="false"><ele>221.0</ele></trkpt>
<trkpt lat="38.049398" lon="127.368449" sectionIndex="0" pointIndex="3151" originalElevation="221.0" isOriginalElevationFromOSM="false"><ele>221.0</ele></trkpt>
<trkpt lat="38.049354" lon="127.368461" sectionIndex="0" pointIndex="3152" originalElevation="221.0" isOriginalElevationFromOSM="false"><ele>221.0</ele></trkpt>
<trkpt lat="38.049336" lon="127.368467" sectionIndex="0" pointIndex="3153" originalElevation="221.0" isOriginalElevationFromOSM="false"><ele>221.0</ele></trkpt>
<trkpt lat="38.049291" lon="127.368471" sectionIndex="0" pointIndex="3154" originalElevation="221.0" isOriginalElevationFromOSM="false"><ele>221.0</ele></trkpt>
<trkpt lat="38.049246" lon="127.368475" sectionIndex="0" pointIndex="3155" originalElevation="221.0" isOriginalElevationFromOSM="false"><ele>215.6</ele></trkpt>
<trkpt lat="38.049201" lon="127.368479" sectionIndex="0" pointIndex="3156" originalElevation="221.0" isOriginalElevationFromOSM="false"><ele>210.2</ele></trkpt>
<trkpt lat="38.049156" lon="127.368484" sectionIndex="0" pointIndex="3157" originalElevation="194.0" isOriginalElevationFromOSM="false"><ele>204.8</ele></trkpt>
<trkpt lat="38.049112" lon="127.368488" sectionIndex="0" pointIndex="3158" originalElevation="194.0" isOriginalElevationFromOSM="false"><ele>199.4</ele></trkpt>
<trkpt lat="38.049067" lon="127.368492" sectionIndex="0" pointIndex="3159" originalElevation="194.0" isOriginalElevationFromOSM="false"><ele>194.0</ele></trkpt>
<trkpt lat="38.049047" lon="127.368494" sectionIndex="0" pointIndex="3160" originalElevation="194.0" isOriginalElevationFromOSM="false"><ele>194.0</ele></trkpt>
<trkpt lat="38.049010" lon="127.368525" sectionIndex="0" pointIndex="3161" originalElevation="194.0" isOriginalElevationFromOSM="false"><ele>194.0</ele></trkpt>
<trkpt lat="38.048972" lon="127.368557" sectionIndex="0" pointIndex="3162" originalElevation="194.0" isOriginalElevationFromOSM="false"><ele>194.0</ele></trkpt>
<trkpt lat="38.048935" lon="127.368589" sectionIndex="0" pointIndex="3163" originalElevation="194.0" isOriginalElevationFromOSM="false"><ele>194.0</ele></trkpt>
<trkpt lat="38.048898" lon="127.368620" sectionIndex="0" pointIndex="3164" originalElevation="194.0" isOriginalElevationFromOSM="false"><ele>194.0</ele></trkpt>
<trkpt lat="38.048860" lon="127.368652" sectionIndex="0" pointIndex="3165" originalElevation="194.0" isOriginalElevationFromOSM="false"><ele>194.0</ele></trkpt>
<trkpt lat="38.048853" lon="127.368658" sectionIndex="0" pointIndex="3166" originalElevation="194.0" isOriginalElevationFromOSM="false"><ele>194.0</ele></trkpt>
<trkpt lat="38.048846" lon="127.368714" sectionIndex="0" pointIndex="3167" originalElevation="194.0" isOriginalElevationFromOSM="false"><ele>194.0</ele></trkpt>
<trkpt lat="38.048839" lon="127.368771" sectionIndex="0" pointIndex="3168" originalElevation="194.0" isOriginalElevationFromOSM="false"><ele>194.0</ele></trkpt>
<trkpt lat="38.048832" lon="127.368827" sectionIndex="0" pointIndex="3169" originalElevation="194.0" isOriginalElevationFromOSM="false"><ele>194.0</ele></trkpt>
<trkpt lat="38.048825" lon="127.368883" sectionIndex="0" pointIndex="3170" originalElevation="194.0" isOriginalElevationFromOSM="false"><ele>194.0</ele></trkpt>
<trkpt lat="38.048818" lon="127.368940" sectionIndex="0" pointIndex="3171" originalElevation="194.0" isOriginalElevationFromOSM="false"><ele>194.0</ele></trkpt>
<trkpt lat="38.048811" lon="127.368996" sectionIndex="0" pointIndex="3172" originalElevation="194.0" isOriginalElevationFromOSM="false"><ele>194.0</ele></trkpt>
<trkpt lat="38.048804" lon="127.369052" sectionIndex="0" pointIndex="3173" originalElevation="194.0" isOriginalElevationFromOSM="false"><ele>194.0</ele></trkpt>
<trkpt lat="38.048796" lon="127.369109" sectionIndex="0" pointIndex="3174" originalElevation="194.0" isOriginalElevationFromOSM="false"><ele>197.4</ele></trkpt>
<trkpt lat="38.048789" lon="127.369165" sectionIndex="0" pointIndex="3175" originalElevation="194.0" isOriginalElevationFromOSM="false"><ele>200.8</ele></trkpt>
<trkpt lat="38.048782" lon="127.369221" sectionIndex="0" pointIndex="3176" originalElevation="211.0" isOriginalElevationFromOSM="false"><ele>204.2</ele></trkpt>
<trkpt lat="38.048775" lon="127.369278" sectionIndex="0" pointIndex="3177" originalElevation="211.0" isOriginalElevationFromOSM="false"><ele>207.6</ele></trkpt>
<trkpt lat="38.048774" lon="127.369284" sectionIndex="0" pointIndex="3178" originalElevation="211.0" isOriginalElevationFromOSM="false"><ele>211.0</ele></trkpt>
<trkpt lat="38.048746" lon="127.369329" sectionIndex="0" pointIndex="3179" originalElevation="211.0" isOriginalElevationFromOSM="false"><ele>211.0</ele></trkpt>
<trkpt lat="38.048718" lon="127.369373" sectionIndex="0" pointIndex="3180" originalElevation="211.0" isOriginalElevationFromOSM="false"><ele>211.0</ele></trkpt>
<trkpt lat="38.048690" lon="127.369417" sectionIndex="0" pointIndex="3181" originalElevation="211.0" isOriginalElevationFromOSM="false"><ele>211.0</ele></trkpt>
<trkpt lat="38.048661" lon="127.369462" sectionIndex="0" pointIndex="3182" originalElevation="211.0" isOriginalElevationFromOSM="false"><ele>211.0</ele></trkpt>
<trkpt lat="38.048633" lon="127.369506" sectionIndex="0" pointIndex="3183" originalElevation="211.0" isOriginalElevationFromOSM="false"><ele>211.0</ele></trkpt>
<trkpt lat="38.048605" lon="127.369550" sectionIndex="0" pointIndex="3184" originalElevation="211.0" isOriginalElevationFromOSM="false"><ele>211.0</ele></trkpt>
<trkpt lat="38.048593" lon="127.369568" sectionIndex="0" pointIndex="3185" originalElevation="211.0" isOriginalElevationFromOSM="false"><ele>211.0</ele></trkpt>
<trkpt lat="38.048548" lon="127.369569" sectionIndex="0" pointIndex="3186" originalElevation="211.0" isOriginalElevationFromOSM="false"><ele>211.0</ele></trkpt>
<trkpt lat="38.048504" lon="127.369570" sectionIndex="0" pointIndex="3187" originalElevation="211.0" isOriginalElevationFromOSM="false"><ele>211.0</ele></trkpt>
<trkpt lat="38.048459" lon="127.369571" sectionIndex="0" pointIndex="3188" originalElevation="211.0" isOriginalElevationFromOSM="false"><ele>211.0</ele></trkpt>
<trkpt lat="38.048414" lon="127.369571" sectionIndex="0" pointIndex="3189" originalElevation="211.0" isOriginalElevationFromOSM="false"><ele>211.0</ele></trkpt>
<trkpt lat="38.048369" lon="127.369572" sectionIndex="0" pointIndex="3190" originalElevation="211.0" isOriginalElevationFromOSM="false"><ele>205.0</ele></trkpt>
<trkpt lat="38.048341" lon="127.369573" sectionIndex="0" pointIndex="3191" originalElevation="211.0" isOriginalElevationFromOSM="false"><ele>199.0</ele></trkpt>
<trkpt lat="38.048310" lon="127.369614" sectionIndex="0" pointIndex="3192" originalElevation="181.0" isOriginalElevationFromOSM="false"><ele>193.0</ele></trkpt>
<trkpt lat="38.048280" lon="127.369656" sectionIndex="0" pointIndex="3193" originalElevation="181.0" isOriginalElevationFromOSM="false"><ele>187.0</ele></trkpt>
<trkpt lat="38.048249" lon="127.369697" sectionIndex="0" pointIndex="3194" originalElevation="181.0" isOriginalElevationFromOSM="false"><ele>181.0</ele></trkpt>
<trkpt lat="38.048223" lon="127.369732" sectionIndex="0" pointIndex="3195" originalElevation="181.0" isOriginalElevationFromOSM="false"><ele>181.0</ele></trkpt>
<trkpt lat="38.048221" lon="127.369788" sectionIndex="0" pointIndex="3196" originalElevation="181.0" isOriginalElevationFromOSM="false"><ele>181.0</ele></trkpt>
<trkpt lat="38.048219" lon="127.369845" sectionIndex="0" pointIndex="3197" originalElevation="181.0" isOriginalElevationFromOSM="false"><ele>181.0</ele></trkpt>
<trkpt lat="38.048217" lon="127.369902" sectionIndex="0" pointIndex="3198" originalElevation="181.0" isOriginalElevationFromOSM="false"><ele>181.0</ele></trkpt>
<trkpt lat="38.048215" lon="127.369959" sectionIndex="0" pointIndex="3199" originalElevation="181.0" isOriginalElevationFromOSM="false"><ele>182.2</ele></trkpt>
<trkpt lat="38.048214" lon="127.369993" sectionIndex="0" pointIndex="3200" originalElevation="181.0" isOriginalElevationFromOSM="false"><ele>183.4</ele></trkpt>
<trkpt lat="38.048193" lon="127.370044" sectionIndex="0" pointIndex="3201" originalElevation="187.0" isOriginalElevationFromOSM="false"><ele>184.6</ele></trkpt>
<trkpt lat="38.048173" lon="127.370095" sectionIndex="0" pointIndex="3202" originalElevation="187.0" isOriginalElevationFromOSM="false"><ele>185.8</ele></trkpt>
<trkpt lat="38.048153" lon="127.370146" sectionIndex="0" pointIndex="3203" originalElevation="187.0" isOriginalElevationFromOSM="false"><ele>187.0</ele></trkpt>
<trkpt lat="38.048132" lon="127.370197" sectionIndex="0" pointIndex="3204" originalElevation="187.0" isOriginalElevationFromOSM="false"><ele>187.0</ele></trkpt>
<trkpt lat="38.048112" lon="127.370248" sectionIndex="0" pointIndex="3205" originalElevation="187.0" isOriginalElevationFromOSM="false"><ele>187.0</ele></trkpt>
<trkpt lat="38.048092" lon="127.370299" sectionIndex="0" pointIndex="3206" originalElevation="187.0" isOriginalElevationFromOSM="false"><ele>187.0</ele></trkpt>
<trkpt lat="38.048091" lon="127.370300" sectionIndex="0" pointIndex="3207" originalElevation="187.0" isOriginalElevationFromOSM="false"><ele>191.7</ele></trkpt>
<trkpt lat="38.048114" lon="127.370734" sectionIndex="0" pointIndex="3208" originalElevation="187.0" isOriginalElevationFromOSM="false"><ele>196.4</ele></trkpt>
<trkpt lat="38.048160" lon="127.370810" sectionIndex="0" pointIndex="3209" originalElevation="210.5" isOriginalElevationFromOSM="true"><ele>201.0</ele></trkpt>
<trkpt lat="38.048330" lon="127.371050" sectionIndex="0" pointIndex="3210" originalElevation="210.4" isOriginalElevationFromOSM="true"><ele>205.4</ele></trkpt>
<trkpt lat="38.048420" lon="127.371140" sectionIndex="0" pointIndex="3211" originalElevation="210.1" isOriginalElevationFromOSM="true"><ele>209.7</ele></trkpt>
<trkpt lat="38.048690" lon="127.371370" sectionIndex="0" pointIndex="3212" originalElevation="209.1" isOriginalElevationFromOSM="true"><ele>209.1</ele></trkpt>
<trkpt lat="38.048870" lon="127.371500" sectionIndex="0" pointIndex="3213" originalElevation="208.6" isOriginalElevationFromOSM="true"><ele>208.0</ele></trkpt>
<trkpt lat="38.048920" lon="127.371560" sectionIndex="0" pointIndex="3214" originalElevation="207.5" isOriginalElevationFromOSM="true"><ele>206.8</ele></trkpt>
<trkpt lat="38.048990" lon="127.371750" sectionIndex="0" pointIndex="3215" originalElevation="204.6" isOriginalElevationFromOSM="true"><ele>205.4</ele></trkpt>
<trkpt lat="38.049010" lon="127.371860" sectionIndex="0" pointIndex="3216" originalElevation="204.1" isOriginalElevationFromOSM="true"><ele>203.6</ele></trkpt>
<trkpt lat="38.049000" lon="127.372110" sectionIndex="0" pointIndex="3217" originalElevation="202.0" isOriginalElevationFromOSM="true"><ele>201.8</ele></trkpt>
<trkpt lat="38.048940" lon="127.372230" sectionIndex="0" pointIndex="3218" originalElevation="200.0" isOriginalElevationFromOSM="true"><ele>199.8</ele></trkpt>
<trkpt lat="38.048870" lon="127.372300" sectionIndex="0" pointIndex="3219" originalElevation="198.4" isOriginalElevationFromOSM="true"><ele>197.2</ele></trkpt>
<trkpt lat="38.048720" lon="127.372420" sectionIndex="0" pointIndex="3220" originalElevation="194.6" isOriginalElevationFromOSM="true"><ele>194.7</ele></trkpt>
<trkpt lat="38.048560" lon="127.372510" sectionIndex="0" pointIndex="3221" originalElevation="191.0" isOriginalElevationFromOSM="true"><ele>191.8</ele></trkpt>
<trkpt lat="38.048510" lon="127.372560" sectionIndex="0" pointIndex="3222" originalElevation="189.5" isOriginalElevationFromOSM="true"><ele>188.7</ele></trkpt>
<trkpt lat="38.048400" lon="127.372760" sectionIndex="0" pointIndex="3223" originalElevation="185.6" isOriginalElevationFromOSM="true"><ele>185.3</ele></trkpt>
<trkpt lat="38.048400" lon="127.373020" sectionIndex="0" pointIndex="3224" originalElevation="182.8" isOriginalElevationFromOSM="true"><ele>182.5</ele></trkpt>
<trkpt lat="38.048470" lon="127.373970" sectionIndex="0" pointIndex="3225" originalElevation="177.8" isOriginalElevationFromOSM="true"><ele>179.9</ele></trkpt>
<trkpt lat="38.048550" lon="127.374370" sectionIndex="0" pointIndex="3226" originalElevation="176.9" isOriginalElevationFromOSM="true"><ele>178.1</ele></trkpt>
<trkpt lat="38.048920" lon="127.375360" sectionIndex="0" pointIndex="3227" originalElevation="176.6" isOriginalElevationFromOSM="true"><ele>176.2</ele></trkpt>
<trkpt lat="38.048920" lon="127.375480" sectionIndex="0" pointIndex="3228" originalElevation="176.4" isOriginalElevationFromOSM="true"><ele>174.3</ele></trkpt>
<trkpt lat="38.048720" lon="127.376160" sectionIndex="0" pointIndex="3229" originalElevation="173.3" isOriginalElevationFromOSM="true"><ele>172.5</ele></trkpt>
<trkpt lat="38.048400" lon="127.377140" sectionIndex="0" pointIndex="3230" originalElevation="168.4" isOriginalElevationFromOSM="true"><ele>170.8</ele></trkpt>
<trkpt lat="38.048370" lon="127.377400" sectionIndex="0" pointIndex="3231" originalElevation="167.7" isOriginalElevationFromOSM="true"><ele>169.6</ele></trkpt>
<trkpt lat="38.048400" lon="127.377750" sectionIndex="0" pointIndex="3232" originalElevation="168.1" isOriginalElevationFromOSM="true"><ele>169.3</ele></trkpt>
<trkpt lat="38.048510" lon="127.378160" sectionIndex="0" pointIndex="3233" originalElevation="170.3" isOriginalElevationFromOSM="true"><ele>169.9</ele></trkpt>
<trkpt lat="38.048600" lon="127.378460" sectionIndex="0" pointIndex="3234" originalElevation="171.9" isOriginalElevationFromOSM="true"><ele>170.8</ele></trkpt>
<trkpt lat="38.048690" lon="127.378630" sectionIndex="0" pointIndex="3235" originalElevation="171.7" isOriginalElevationFromOSM="true"><ele>171.6</ele></trkpt>
<trkpt lat="38.048740" lon="127.378700" sectionIndex="0" pointIndex="3236" originalElevation="171.8" isOriginalElevationFromOSM="true"><ele>171.9</ele></trkpt>
<trkpt lat="38.049340" lon="127.379070" sectionIndex="0" pointIndex="3237" originalElevation="172.3" isOriginalElevationFromOSM="true"><ele>171.5</ele></trkpt>
<trkpt lat="38.049630" lon="127.379330" sectionIndex="0" pointIndex="3238" originalElevation="171.7" isOriginalElevationFromOSM="true"><ele>173.4</ele></trkpt>
<trkpt lat="38.050120" lon="127.379880" sectionIndex="0" pointIndex="3239" originalElevation="170.2" isOriginalElevationFromOSM="true"><ele>175.4</ele></trkpt>
<trkpt lat="38.050640" lon="127.380220" sectionIndex="0" pointIndex="3240" originalElevation="180.8" isOriginalElevationFromOSM="true"><ele>177.4</ele></trkpt>
<trkpt lat="38.050750" lon="127.380300" sectionIndex="0" pointIndex="3241" originalElevation="181.8" isOriginalElevationFromOSM="true"><ele>179.4</ele></trkpt>
<trkpt lat="38.050970" lon="127.380680" sectionIndex="0" pointIndex="3242" originalElevation="182.7" isOriginalElevationFromOSM="true"><ele>181.4</ele></trkpt>
<trkpt lat="38.051060" lon="127.380930" sectionIndex="0" pointIndex="3243" originalElevation="181.8" isOriginalElevationFromOSM="true"><ele>180.3</ele></trkpt>
<trkpt lat="38.051270" lon="127.381390" sectionIndex="0" pointIndex="3244" originalElevation="180.1" isOriginalElevationFromOSM="true"><ele>177.4</ele></trkpt>
<trkpt lat="38.051430" lon="127.381840" sectionIndex="0" pointIndex="3245" originalElevation="175.1" isOriginalElevationFromOSM="true"><ele>174.4</ele></trkpt>
<trkpt lat="38.050710" lon="127.381840" sectionIndex="0" pointIndex="3246" originalElevation="167.3" isOriginalElevationFromOSM="true"><ele>171.9</ele></trkpt>
<trkpt lat="38.050330" lon="127.381900" sectionIndex="0" pointIndex="3247" originalElevation="168.0" isOriginalElevationFromOSM="true"><ele>169.9</ele></trkpt>
<trkpt lat="38.049890" lon="127.381890" sectionIndex="0" pointIndex="3248" originalElevation="169.0" isOriginalElevationFromOSM="true"><ele>168.3</ele></trkpt>
<trkpt lat="38.049610" lon="127.381660" sectionIndex="0" pointIndex="3249" originalElevation="169.9" isOriginalElevationFromOSM="true"><ele>167.6</ele></trkpt>
<trkpt lat="38.049530" lon="127.381550" sectionIndex="0" pointIndex="3250" originalElevation="167.1" isOriginalElevationFromOSM="true"><ele>166.8</ele></trkpt>
<trkpt lat="38.048270" lon="127.379690" sectionIndex="0" pointIndex="3251" originalElevation="164.2" isOriginalElevationFromOSM="true"><ele>166.3</ele></trkpt>
<trkpt lat="38.047600" lon="127.378600" sectionIndex="0" pointIndex="3252" originalElevation="164.0" isOriginalElevationFromOSM="true"><ele>168.1</ele></trkpt>
<trkpt lat="38.047390" lon="127.377960" sectionIndex="0" pointIndex="3253" originalElevation="166.2" isOriginalElevationFromOSM="true"><ele>172.4</ele></trkpt>
<trkpt lat="38.046930" lon="127.377340" sectionIndex="0" pointIndex="3254" originalElevation="179.2" isOriginalElevationFromOSM="true"><ele>175.3</ele></trkpt>
<trkpt lat="38.046390" lon="127.376670" sectionIndex="0" pointIndex="3255" originalElevation="188.7" isOriginalElevationFromOSM="true"><ele>174.9</ele></trkpt>
<trkpt lat="38.045880" lon="127.375930" sectionIndex="0" pointIndex="3256" originalElevation="178.4" isOriginalElevationFromOSM="true"><ele>173.8</ele></trkpt>
<trkpt lat="38.044940" lon="127.374610" sectionIndex="0" pointIndex="3257" originalElevation="162.3" isOriginalElevationFromOSM="true"><ele>169.2</ele></trkpt>
<trkpt lat="38.044330" lon="127.373870" sectionIndex="0" pointIndex="3258" originalElevation="160.3" isOriginalElevationFromOSM="true"><ele>162.4</ele></trkpt>
<trkpt lat="38.042730" lon="127.372370" sectionIndex="0" pointIndex="3259" originalElevation="156.4" isOriginalElevationFromOSM="true"><ele>157.7</ele></trkpt>
<trkpt lat="38.041300" lon="127.371190" sectionIndex="0" pointIndex="3260" originalElevation="154.8" isOriginalElevationFromOSM="true"><ele>155.8</ele></trkpt>
<trkpt lat="38.040870" lon="127.370750" sectionIndex="0" pointIndex="3261" originalElevation="154.6" isOriginalElevationFromOSM="true"><ele>154.3</ele></trkpt>
<trkpt lat="38.040650" lon="127.370390" sectionIndex="0" pointIndex="3262" originalElevation="152.8" isOriginalElevationFromOSM="true"><ele>153.4</ele></trkpt>
<trkpt lat="38.039480" lon="127.368750" sectionIndex="0" pointIndex="3263" originalElevation="152.7" isOriginalElevationFromOSM="true"><ele>152.8</ele></trkpt>
<trkpt lat="38.038840" lon="127.368120" sectionIndex="0" pointIndex="3264" originalElevation="152.0" isOriginalElevationFromOSM="true"><ele>152.0</ele></trkpt>
<trkpt lat="38.038400" lon="127.367720" sectionIndex="0" pointIndex="3265" originalElevation="151.7" isOriginalElevationFromOSM="true"><ele>151.5</ele></trkpt>
<trkpt lat="38.038070" lon="127.367370" sectionIndex="0" pointIndex="3266" originalElevation="150.8" isOriginalElevationFromOSM="true"><ele>151.0</ele></trkpt>
<trkpt lat="38.037540" lon="127.367150" sectionIndex="0" pointIndex="3267" originalElevation="150.2" isOriginalElevationFromOSM="true"><ele>150.6</ele></trkpt>
<trkpt lat="38.037140" lon="127.367040" sectionIndex="0" pointIndex="3268" originalElevation="150.1" isOriginalElevationFromOSM="true"><ele>149.8</ele></trkpt>
<trkpt lat="38.036050" lon="127.366650" sectionIndex="0" pointIndex="3269" originalElevation="150.4" isOriginalElevationFromOSM="true"><ele>149.1</ele></trkpt>
<trkpt lat="38.033640" lon="127.366180" sectionIndex="0" pointIndex="3270" originalElevation="147.7" isOriginalElevationFromOSM="true"><ele>148.3</ele></trkpt>
<trkpt lat="38.033300" lon="127.366160" sectionIndex="0" pointIndex="3271" originalElevation="147.1" isOriginalElevationFromOSM="true"><ele>147.4</ele></trkpt>
<trkpt lat="38.032920" lon="127.366210" sectionIndex="0" pointIndex="3272" originalElevation="146.1" isOriginalElevationFromOSM="true"><ele>147.1</ele></trkpt>
<trkpt lat="38.032450" lon="127.366340" sectionIndex="0" pointIndex="3273" originalElevation="145.6" isOriginalElevationFromOSM="true"><ele>147.1</ele></trkpt>
<trkpt lat="38.031670" lon="127.366590" sectionIndex="0" pointIndex="3274" originalElevation="148.8" isOriginalElevationFromOSM="true"><ele>147.8</ele></trkpt>
<trkpt lat="38.030030" lon="127.367090" sectionIndex="0" pointIndex="3275" originalElevation="148.1" isOriginalElevationFromOSM="true"><ele>148.8</ele></trkpt>
<trkpt lat="38.029340" lon="127.367410" sectionIndex="0" pointIndex="3276" originalElevation="150.2" isOriginalElevationFromOSM="true"><ele>150.2</ele></trkpt>
<trkpt lat="38.028180" lon="127.367750" sectionIndex="0" pointIndex="3277" originalElevation="151.2" isOriginalElevationFromOSM="true"><ele>150.8</ele></trkpt>
<trkpt lat="38.027160" lon="127.368210" sectionIndex="0" pointIndex="3278" originalElevation="152.6" isOriginalElevationFromOSM="true"><ele>151.2</ele></trkpt>
<trkpt lat="38.026680" lon="127.368390" sectionIndex="0" pointIndex="3279" originalElevation="152.2" isOriginalElevationFromOSM="true"><ele>151.4</ele></trkpt>
<trkpt lat="38.025800" lon="127.368520" sectionIndex="0" pointIndex="3280" originalElevation="149.6" isOriginalElevationFromOSM="true"><ele>151.2</ele></trkpt>
<trkpt lat="38.025110" lon="127.368600" sectionIndex="0" pointIndex="3281" originalElevation="151.4" isOriginalElevationFromOSM="true"><ele>150.9</ele></trkpt>
<trkpt lat="38.024610" lon="127.368530" sectionIndex="0" pointIndex="3282" originalElevation="150.2" isOriginalElevationFromOSM="true"><ele>150.3</ele></trkpt>
<trkpt lat="38.023500" lon="127.368310" sectionIndex="0" pointIndex="3283" originalElevation="151.0" isOriginalElevationFromOSM="true"><ele>150.2</ele></trkpt>
<trkpt lat="38.022330" lon="127.368180" sectionIndex="0" pointIndex="3284" originalElevation="149.2" isOriginalElevationFromOSM="true"><ele>149.6</ele></trkpt>
<trkpt lat="38.021590" lon="127.368210" sectionIndex="0" pointIndex="3285" originalElevation="149.4" isOriginalElevationFromOSM="true"><ele>149.2</ele></trkpt>
<trkpt lat="38.021360" lon="127.368310" sectionIndex="0" pointIndex="3286" originalElevation="148.2" isOriginalElevationFromOSM="true"><ele>147.7</ele></trkpt>
<trkpt lat="38.021160" lon="127.368500" sectionIndex="0" pointIndex="3287" originalElevation="148.2" isOriginalElevationFromOSM="true"><ele>146.6</ele></trkpt>
<trkpt lat="38.020210" lon="127.369690" sectionIndex="0" pointIndex="3288" originalElevation="143.7" isOriginalElevationFromOSM="true"><ele>145.4</ele></trkpt>
<trkpt lat="38.019880" lon="127.369720" sectionIndex="0" pointIndex="3289" originalElevation="143.6" isOriginalElevationFromOSM="true"><ele>144.9</ele></trkpt>
<trkpt lat="38.019390" lon="127.369760" sectionIndex="0" pointIndex="3290" originalElevation="143.6" isOriginalElevationFromOSM="true"><ele>144.3</ele></trkpt>
<trkpt lat="38.018880" lon="127.369740" sectionIndex="0" pointIndex="3291" originalElevation="145.3" isOriginalElevationFromOSM="true"><ele>145.4</ele></trkpt>
<trkpt lat="38.017030" lon="127.369060" sectionIndex="0" pointIndex="3292" originalElevation="145.5" isOriginalElevationFromOSM="true"><ele>146.7</ele></trkpt>
<trkpt lat="38.014120" lon="127.368060" sectionIndex="0" pointIndex="3293" originalElevation="149.0" isOriginalElevationFromOSM="true"><ele>150.5</ele></trkpt>
<trkpt lat="38.013160" lon="127.367750" sectionIndex="0" pointIndex="3294" originalElevation="149.9" isOriginalElevationFromOSM="true"><ele>154.4</ele></trkpt>
<trkpt lat="38.009850" lon="127.367870" sectionIndex="0" pointIndex="3295" originalElevation="162.8" isOriginalElevationFromOSM="true"><ele>158.0</ele></trkpt>
<trkpt lat="38.008520" lon="127.367850" sectionIndex="0" pointIndex="3296" originalElevation="164.6" isOriginalElevationFromOSM="true"><ele>161.2</ele></trkpt>
<trkpt lat="38.007860" lon="127.367720" sectionIndex="0" pointIndex="3297" originalElevation="163.9" isOriginalElevationFromOSM="true"><ele>163.9</ele></trkpt>
<trkpt lat="38.006190" lon="127.366930" sectionIndex="0" pointIndex="3298" originalElevation="164.7" isOriginalElevationFromOSM="true"><ele>163.5</ele></trkpt>
<trkpt lat="38.005270" lon="127.366670" sectionIndex="0" pointIndex="3299" originalElevation="163.6" isOriginalElevationFromOSM="true"><ele>162.6</ele></trkpt>
<trkpt lat="38.004460" lon="127.366330" sectionIndex="0" pointIndex="3300" originalElevation="160.8" isOriginalElevationFromOSM="true"><ele>162.0</ele></trkpt>
<trkpt lat="38.003930" lon="127.366080" sectionIndex="0" pointIndex="3301" originalElevation="159.9" isOriginalElevationFromOSM="true"><ele>161.1</ele></trkpt>
<trkpt lat="38.002550" lon="127.364830" sectionIndex="0" pointIndex="3302" originalElevation="161.0" isOriginalElevationFromOSM="true"><ele>160.6</ele></trkpt>
<trkpt lat="38.000560" lon="127.363430" sectionIndex="0" pointIndex="3303" originalElevation="160.2" isOriginalElevationFromOSM="true"><ele>161.1</ele></trkpt>
<trkpt lat="38.000090" lon="127.363200" sectionIndex="0" pointIndex="3304" originalElevation="161.3" isOriginalElevationFromOSM="true"><ele>161.1</ele></trkpt>
<trkpt lat="37.999480" lon="127.362940" sectionIndex="0" pointIndex="3305" originalElevation="163.1" isOriginalElevationFromOSM="true"><ele>159.9</ele></trkpt>
<trkpt lat="37.998310" lon="127.361770" sectionIndex="0" pointIndex="3306" originalElevation="159.8" isOriginalElevationFromOSM="true"><ele>157.5</ele></trkpt>
<trkpt lat="37.997660" lon="127.360640" sectionIndex="0" pointIndex="3307" originalElevation="154.9" isOriginalElevationFromOSM="true"><ele>153.7</ele></trkpt>
<trkpt lat="37.997150" lon="127.358990" sectionIndex="0" pointIndex="3308" originalElevation="148.5" isOriginalElevationFromOSM="true"><ele>149.0</ele></trkpt>
<trkpt lat="37.996790" lon="127.357830" sectionIndex="0" pointIndex="3309" originalElevation="142.1" isOriginalElevationFromOSM="true"><ele>144.7</ele></trkpt>
<trkpt lat="37.996430" lon="127.357270" sectionIndex="0" pointIndex="3310" originalElevation="139.6" isOriginalElevationFromOSM="true"><ele>141.7</ele></trkpt>
<trkpt lat="37.996000" lon="127.356920" sectionIndex="0" pointIndex="3311" originalElevation="138.6" isOriginalElevationFromOSM="true"><ele>139.9</ele></trkpt>
<trkpt lat="37.993150" lon="127.354900" sectionIndex="0" pointIndex="3312" originalElevation="139.8" isOriginalElevationFromOSM="true"><ele>140.4</ele></trkpt>
<trkpt lat="37.993030" lon="127.354760" sectionIndex="0" pointIndex="3313" originalElevation="139.3" isOriginalElevationFromOSM="true"><ele>144.0</ele></trkpt>
<trkpt lat="37.990520" lon="127.352810" sectionIndex="0" pointIndex="3314" originalElevation="144.7" isOriginalElevationFromOSM="true"><ele>149.2</ele></trkpt>
<trkpt lat="37.989080" lon="127.350810" sectionIndex="0" pointIndex="3315" originalElevation="157.7" isOriginalElevationFromOSM="true"><ele>151.1</ele></trkpt>
<trkpt lat="37.988280" lon="127.349130" sectionIndex="0" pointIndex="3316" originalElevation="164.4" isOriginalElevationFromOSM="true"><ele>151.8</ele></trkpt>
<trkpt lat="37.985550" lon="127.346540" sectionIndex="0" pointIndex="3317" originalElevation="149.2" isOriginalElevationFromOSM="true"><ele>151.0</ele></trkpt>
<trkpt lat="37.984350" lon="127.345420" sectionIndex="0" pointIndex="3318" originalElevation="143.0" isOriginalElevationFromOSM="true"><ele>149.1</ele></trkpt>
<trkpt lat="37.983760" lon="127.343970" sectionIndex="0" pointIndex="3319" originalElevation="140.8" isOriginalElevationFromOSM="true"><ele>145.3</ele></trkpt>
<trkpt lat="37.982410" lon="127.342300" sectionIndex="0" pointIndex="3320" originalElevation="147.9" isOriginalElevationFromOSM="true"><ele>144.1</ele></trkpt>
<trkpt lat="37.981660" lon="127.341500" sectionIndex="0" pointIndex="3321" originalElevation="145.4" isOriginalElevationFromOSM="true"><ele>144.3</ele></trkpt>
<trkpt lat="37.980950" lon="127.340960" sectionIndex="0" pointIndex="3322" originalElevation="143.3" isOriginalElevationFromOSM="true"><ele>145.2</ele></trkpt>
<trkpt lat="37.980590" lon="127.340520" sectionIndex="0" pointIndex="3323" originalElevation="144.0" isOriginalElevationFromOSM="true"><ele>143.2</ele></trkpt>
<trkpt lat="37.979110" lon="127.338860" sectionIndex="0" pointIndex="3324" originalElevation="145.2" isOriginalElevationFromOSM="true"><ele>140.8</ele></trkpt>
<trkpt lat="37.977380" lon="127.335670" sectionIndex="0" pointIndex="3325" originalElevation="137.9" isOriginalElevationFromOSM="true"><ele>138.6</ele></trkpt>
<trkpt lat="37.976580" lon="127.334750" sectionIndex="0" pointIndex="3326" originalElevation="133.7" isOriginalElevationFromOSM="true"><ele>136.2</ele></trkpt>
<trkpt lat="37.975460" lon="127.333920" sectionIndex="0" pointIndex="3327" originalElevation="132.0" isOriginalElevationFromOSM="true"><ele>134.2</ele></trkpt>
<trkpt lat="37.975320" lon="127.333770" sectionIndex="0" pointIndex="3328" originalElevation="132.3" isOriginalElevationFromOSM="true"><ele>133.4</ele></trkpt>
<trkpt lat="37.974650" lon="127.332760" sectionIndex="0" pointIndex="3329" originalElevation="134.9" isOriginalElevationFromOSM="true"><ele>133.4</ele></trkpt>
<trkpt lat="37.974230" lon="127.332080" sectionIndex="0" pointIndex="3330" originalElevation="134.3" isOriginalElevationFromOSM="true"><ele>133.6</ele></trkpt>
<trkpt lat="37.974060" lon="127.331890" sectionIndex="0" pointIndex="3331" originalElevation="133.6" isOriginalElevationFromOSM="true"><ele>133.1</ele></trkpt>
<trkpt lat="37.973940" lon="127.331750" sectionIndex="0" pointIndex="3332" originalElevation="133.0" isOriginalElevationFromOSM="true"><ele>132.4</ele></trkpt>
<trkpt lat="37.971890" lon="127.330330" sectionIndex="0" pointIndex="3333" originalElevation="129.8" isOriginalElevationFromOSM="true"><ele>132.2</ele></trkpt>
<trkpt lat="37.968460" lon="127.328390" sectionIndex="0" pointIndex="3334" originalElevation="131.1" isOriginalElevationFromOSM="true"><ele>132.3</ele></trkpt>
<trkpt lat="37.966740" lon="127.327280" sectionIndex="0" pointIndex="3335" originalElevation="133.5" isOriginalElevationFromOSM="true"><ele>132.6</ele></trkpt>
<trkpt lat="37.966580" lon="127.327110" sectionIndex="0" pointIndex="3336" originalElevation="134.0" isOriginalElevationFromOSM="true"><ele>134.0</ele></trkpt>
<trkpt lat="37.966370" lon="127.326750" sectionIndex="0" pointIndex="3337" originalElevation="134.8" isOriginalElevationFromOSM="true"><ele>134.6</ele></trkpt>
<trkpt lat="37.966090" lon="127.326150" sectionIndex="0" pointIndex="3338" originalElevation="136.4" isOriginalElevationFromOSM="true"><ele>135.1</ele></trkpt>
<trkpt lat="37.965510" lon="127.324330" sectionIndex="0" pointIndex="3339" originalElevation="134.4" isOriginalElevationFromOSM="true"><ele>135.8</ele></trkpt>
<trkpt lat="37.965260" lon="127.323870" sectionIndex="0" pointIndex="3340" originalElevation="135.7" isOriginalElevationFromOSM="true"><ele>136.1</ele></trkpt>
<trkpt lat="37.965040" lon="127.323590" sectionIndex="0" pointIndex="3341" originalElevation="137.8" isOriginalElevationFromOSM="true"><ele>136.8</ele></trkpt>
<trkpt lat="37.964440" lon="127.323030" sectionIndex="0" pointIndex="3342" originalElevation="136.4" isOriginalElevationFromOSM="true"><ele>138.8</ele></trkpt>
<trkpt lat="37.963560" lon="127.322180" sectionIndex="0" pointIndex="3343" originalElevation="139.8" isOriginalElevationFromOSM="true"><ele>143.2</ele></trkpt>
<trkpt lat="37.962990" lon="127.321700" sectionIndex="0" pointIndex="3344" originalElevation="144.3" isOriginalElevationFromOSM="true"><ele>147.6</ele></trkpt>
<trkpt lat="37.961030" lon="127.320170" sectionIndex="0" pointIndex="3345" originalElevation="157.8" isOriginalElevationFromOSM="true"><ele>151.7</ele></trkpt>
<trkpt lat="37.960470" lon="127.319720" sectionIndex="0" pointIndex="3346" originalElevation="159.7" isOriginalElevationFromOSM="true"><ele>154.5</ele></trkpt>
<trkpt lat="37.960050" lon="127.319240" sectionIndex="0" pointIndex="3347" originalElevation="156.8" isOriginalElevationFromOSM="true"><ele>156.2</ele></trkpt>
<trkpt lat="37.959110" lon="127.318650" sectionIndex="0" pointIndex="3348" originalElevation="154.1" isOriginalElevationFromOSM="true"><ele>155.1</ele></trkpt>
<trkpt lat="37.958080" lon="127.318040" sectionIndex="0" pointIndex="3349" originalElevation="152.5" isOriginalElevationFromOSM="true"><ele>153.9</ele></trkpt>
<trkpt lat="37.956970" lon="127.317390" sectionIndex="0" pointIndex="3350" originalElevation="152.4" isOriginalElevationFromOSM="true"><ele>153.3</ele></trkpt>
<trkpt lat="37.955970" lon="127.316730" sectionIndex="0" pointIndex="3351" originalElevation="153.8" isOriginalElevationFromOSM="true"><ele>152.9</ele></trkpt>
<trkpt lat="37.955770" lon="127.316550" sectionIndex="0" pointIndex="3352" originalElevation="153.6" isOriginalElevationFromOSM="true"><ele>152.8</ele></trkpt>
<trkpt lat="37.955430" lon="127.316300" sectionIndex="0" pointIndex="3353" originalElevation="152.5" isOriginalElevationFromOSM="true"><ele>152.0</ele></trkpt>
<trkpt lat="37.954150" lon="127.315630" sectionIndex="0" pointIndex="3354" originalElevation="151.5" isOriginalElevationFromOSM="true"><ele>150.9</ele></trkpt>
<trkpt lat="37.953180" lon="127.315050" sectionIndex="0" pointIndex="3355" originalElevation="148.5" isOriginalElevationFromOSM="true"><ele>149.9</ele></trkpt>
<trkpt lat="37.952620" lon="127.314670" sectionIndex="0" pointIndex="3356" originalElevation="148.4" isOriginalElevationFromOSM="true"><ele>149.2</ele></trkpt>
<trkpt lat="37.952120" lon="127.314460" sectionIndex="0" pointIndex="3357" originalElevation="148.7" isOriginalElevationFromOSM="true"><ele>148.7</ele></trkpt>
<trkpt lat="37.951900" lon="127.314400" sectionIndex="0" pointIndex="3358" originalElevation="148.7" isOriginalElevationFromOSM="true"><ele>148.8</ele></trkpt>
<trkpt lat="37.950380" lon="127.314040" sectionIndex="0" pointIndex="3359" originalElevation="149.3" isOriginalElevationFromOSM="true"><ele>149.1</ele></trkpt>
<trkpt lat="37.950030" lon="127.313860" sectionIndex="0" pointIndex="3360" originalElevation="149.2" isOriginalElevationFromOSM="true"><ele>149.1</ele></trkpt>
<trkpt lat="37.948150" lon="127.313020" sectionIndex="0" pointIndex="3361" originalElevation="149.5" isOriginalElevationFromOSM="true"><ele>149.0</ele></trkpt>
<trkpt lat="37.948170" lon="127.312830" sectionIndex="0" pointIndex="3362" originalElevation="149.0" isOriginalElevationFromOSM="true"><ele>148.8</ele></trkpt>
<trkpt lat="37.948370" lon="127.311730" sectionIndex="0" pointIndex="3363" originalElevation="148.2" isOriginalElevationFromOSM="true"><ele>148.7</ele></trkpt>
<trkpt lat="37.948380" lon="127.311510" sectionIndex="0" pointIndex="3364" originalElevation="148.3" isOriginalElevationFromOSM="true"><ele>148.8</ele></trkpt>
<trkpt lat="37.948380" lon="127.311140" sectionIndex="0" pointIndex="3365" originalElevation="148.4" isOriginalElevationFromOSM="true"><ele>149.3</ele></trkpt>
<trkpt lat="37.948310" lon="127.309870" sectionIndex="0" pointIndex="3366" originalElevation="150.3" isOriginalElevationFromOSM="true"><ele>150.2</ele></trkpt>
<trkpt lat="37.948320" lon="127.309530" sectionIndex="0" pointIndex="3367" originalElevation="151.1" isOriginalElevationFromOSM="true"><ele>152.8</ele></trkpt>
<trkpt lat="37.948430" lon="127.308950" sectionIndex="0" pointIndex="3368" originalElevation="152.7" isOriginalElevationFromOSM="true"><ele>156.5</ele></trkpt>
<trkpt lat="37.948830" lon="127.307570" sectionIndex="0" pointIndex="3369" originalElevation="161.7" isOriginalElevationFromOSM="true"><ele>160.9</ele></trkpt>
<trkpt lat="37.948980" lon="127.307180" sectionIndex="0" pointIndex="3370" originalElevation="166.6" isOriginalElevationFromOSM="true"><ele>165.3</ele></trkpt>
<trkpt lat="37.949620" lon="127.306080" sectionIndex="0" pointIndex="3371" originalElevation="172.7" isOriginalElevationFromOSM="true"><ele>169.4</ele></trkpt>
<trkpt lat="37.949720" lon="127.305760" sectionIndex="0" pointIndex="3372" originalElevation="172.8" isOriginalElevationFromOSM="true"><ele>172.0</ele></trkpt>
<trkpt lat="37.949740" lon="127.305420" sectionIndex="0" pointIndex="3373" originalElevation="173.3" isOriginalElevationFromOSM="true"><ele>173.7</ele></trkpt>
<trkpt lat="37.949700" lon="127.305140" sectionIndex="0" pointIndex="3374" originalElevation="174.5" isOriginalElevationFromOSM="true"><ele>174.2</ele></trkpt>
<trkpt lat="37.949630" lon="127.304940" sectionIndex="0" pointIndex="3375" originalElevation="175.3" isOriginalElevationFromOSM="true"><ele>175.1</ele></trkpt>
<trkpt lat="37.949000" lon="127.303400" sectionIndex="0" pointIndex="3376" originalElevation="175.3" isOriginalElevationFromOSM="true"><ele>175.9</ele></trkpt>
<trkpt lat="37.948740" lon="127.302990" sectionIndex="0" pointIndex="3377" originalElevation="177.2" isOriginalElevationFromOSM="true"><ele>176.6</ele></trkpt>
<trkpt lat="37.948560" lon="127.302740" sectionIndex="0" pointIndex="3378" originalElevation="177.0" isOriginalElevationFromOSM="true"><ele>176.9</ele></trkpt>
<trkpt lat="37.946730" lon="127.300670" sectionIndex="0" pointIndex="3379" originalElevation="178.4" isOriginalElevationFromOSM="true"><ele>176.8</ele></trkpt>
<trkpt lat="37.946290" lon="127.300070" sectionIndex="0" pointIndex="3380" originalElevation="176.6" isOriginalElevationFromOSM="true"><ele>175.9</ele></trkpt>
<trkpt lat="37.946120" lon="127.299710" sectionIndex="0" pointIndex="3381" originalElevation="174.9" isOriginalElevationFromOSM="true"><ele>175.2</ele></trkpt>
<trkpt lat="37.946000" lon="127.299280" sectionIndex="0" pointIndex="3382" originalElevation="172.9" isOriginalElevationFromOSM="true"><ele>174.7</ele></trkpt>
<trkpt lat="37.945930" lon="127.298790" sectionIndex="0" pointIndex="3383" originalElevation="173.4" isOriginalElevationFromOSM="true"><ele>174.8</ele></trkpt>
<trkpt lat="37.945890" lon="127.298230" sectionIndex="0" pointIndex="3384" originalElevation="175.8" isOriginalElevationFromOSM="true"><ele>175.4</ele></trkpt>
<trkpt lat="37.945840" lon="127.297820" sectionIndex="0" pointIndex="3385" originalElevation="176.9" isOriginalElevationFromOSM="true"><ele>176.8</ele></trkpt>
<trkpt lat="37.945770" lon="127.297610" sectionIndex="0" pointIndex="3386" originalElevation="178.0" isOriginalElevationFromOSM="true"><ele>178.1</ele></trkpt>
<trkpt lat="37.945600" lon="127.297240" sectionIndex="0" pointIndex="3387" originalElevation="180.0" isOriginalElevationFromOSM="true"><ele>176.9</ele></trkpt>
<trkpt lat="37.945350" lon="127.296820" sectionIndex="0" pointIndex="3388" originalElevation="179.6" isOriginalElevationFromOSM="true"><ele>175.1</ele></trkpt>
<trkpt lat="37.944860" lon="127.296160" sectionIndex="0" pointIndex="3389" originalElevation="170.1" isOriginalElevationFromOSM="true"><ele>172.7</ele></trkpt>
<trkpt lat="37.943810" lon="127.294710" sectionIndex="0" pointIndex="3390" originalElevation="167.6" isOriginalElevationFromOSM="true"><ele>167.7</ele></trkpt>
<trkpt lat="37.943230" lon="127.294010" sectionIndex="0" pointIndex="3391" originalElevation="166.0" isOriginalElevationFromOSM="true"><ele>162.2</ele></trkpt>
<trkpt lat="37.941970" lon="127.292550" sectionIndex="0" pointIndex="3392" originalElevation="155.1" isOriginalElevationFromOSM="true"><ele>157.1</ele></trkpt>
<trkpt lat="37.941480" lon="127.292010" sectionIndex="0" pointIndex="3393" originalElevation="152.0" isOriginalElevationFromOSM="true"><ele>152.2</ele></trkpt>
<trkpt lat="37.941170" lon="127.291630" sectionIndex="0" pointIndex="3394" originalElevation="144.9" isOriginalElevationFromOSM="true"><ele>146.9</ele></trkpt>
<trkpt lat="37.940960" lon="127.291250" sectionIndex="0" pointIndex="3395" originalElevation="142.9" isOriginalElevationFromOSM="true"><ele>144.0</ele></trkpt>
<trkpt lat="37.940840" lon="127.290930" sectionIndex="0" pointIndex="3396" originalElevation="139.8" isOriginalElevationFromOSM="true"><ele>141.9</ele></trkpt>
<trkpt lat="37.940760" lon="127.290570" sectionIndex="0" pointIndex="3397" originalElevation="140.6" isOriginalElevationFromOSM="true"><ele>139.1</ele></trkpt>
<trkpt lat="37.940710" lon="127.290160" sectionIndex="0" pointIndex="3398" originalElevation="141.5" isOriginalElevationFromOSM="true"><ele>136.7</ele></trkpt>
<trkpt lat="37.940480" lon="127.287550" sectionIndex="0" pointIndex="3399" originalElevation="130.8" isOriginalElevationFromOSM="true"><ele>134.9</ele></trkpt>
<trkpt lat="37.940380" lon="127.286900" sectionIndex="0" pointIndex="3400" originalElevation="130.8" isOriginalElevationFromOSM="true"><ele>133.0</ele></trkpt>
<trkpt lat="37.940310" lon="127.286670" sectionIndex="0" pointIndex="3401" originalElevation="131.0" isOriginalElevationFromOSM="true"><ele>130.8</ele></trkpt>
<trkpt lat="37.940170" lon="127.286450" sectionIndex="0" pointIndex="3402" originalElevation="130.8" isOriginalElevationFromOSM="true"><ele>130.6</ele></trkpt>
<trkpt lat="37.940040" lon="127.286360" sectionIndex="0" pointIndex="3403" originalElevation="130.7" isOriginalElevationFromOSM="true"><ele>130.3</ele></trkpt>
<trkpt lat="37.939470" lon="127.285710" sectionIndex="0" pointIndex="3404" originalElevation="129.8" isOriginalElevationFromOSM="true"><ele>129.6</ele></trkpt>
<trkpt lat="37.939330" lon="127.285380" sectionIndex="0" pointIndex="3405" originalElevation="129.1" isOriginalElevationFromOSM="true"><ele>128.9</ele></trkpt>
<trkpt lat="37.939130" lon="127.284680" sectionIndex="0" pointIndex="3406" originalElevation="127.6" isOriginalElevationFromOSM="true"><ele>127.6</ele></trkpt>
<trkpt lat="37.939010" lon="127.284380" sectionIndex="0" pointIndex="3407" originalElevation="127.4" isOriginalElevationFromOSM="true"><ele>126.1</ele></trkpt>
<trkpt lat="37.937570" lon="127.281960" sectionIndex="0" pointIndex="3408" originalElevation="124.1" isOriginalElevationFromOSM="true"><ele>125.0</ele></trkpt>
<trkpt lat="37.937060" lon="127.280840" sectionIndex="0" pointIndex="3409" originalElevation="122.5" isOriginalElevationFromOSM="true"><ele>123.9</ele></trkpt>
<trkpt lat="37.936790" lon="127.280490" sectionIndex="0" pointIndex="3410" originalElevation="123.6" isOriginalElevationFromOSM="true"><ele>122.7</ele></trkpt>
<trkpt lat="37.936020" lon="127.279820" sectionIndex="0" pointIndex="3411" originalElevation="121.9" isOriginalElevationFromOSM="true"><ele>122.3</ele></trkpt>
<trkpt lat="37.935900" lon="127.279660" sectionIndex="0" pointIndex="3412" originalElevation="121.6" isOriginalElevationFromOSM="true"><ele>122.3</ele></trkpt>
<trkpt lat="37.935810" lon="127.279480" sectionIndex="0" pointIndex="3413" originalElevation="121.8" isOriginalElevationFromOSM="true"><ele>122.0</ele></trkpt>
<trkpt lat="37.935730" lon="127.279260" sectionIndex="0" pointIndex="3414" originalElevation="122.6" isOriginalElevationFromOSM="true"><ele>121.3</ele></trkpt>
<trkpt lat="37.935690" lon="127.278960" sectionIndex="0" pointIndex="3415" originalElevation="122.0" isOriginalElevationFromOSM="true"><ele>121.0</ele></trkpt>
<trkpt lat="37.935710" lon="127.277100" sectionIndex="0" pointIndex="3416" originalElevation="118.8" isOriginalElevationFromOSM="true"><ele>121.2</ele></trkpt>
<trkpt lat="37.935650" lon="127.276770" sectionIndex="0" pointIndex="3417" originalElevation="119.8" isOriginalElevationFromOSM="true"><ele>121.5</ele></trkpt>
<trkpt lat="37.935520" lon="127.276430" sectionIndex="0" pointIndex="3418" originalElevation="122.7" isOriginalElevationFromOSM="true"><ele>122.2</ele></trkpt>
<trkpt lat="37.935380" lon="127.276230" sectionIndex="0" pointIndex="3419" originalElevation="124.4" isOriginalElevationFromOSM="true"><ele>123.8</ele></trkpt>
<trkpt lat="37.935190" lon="127.276030" sectionIndex="0" pointIndex="3420" originalElevation="125.5" isOriginalElevationFromOSM="true"><ele>124.5</ele></trkpt>
<trkpt lat="37.934410" lon="127.275430" sectionIndex="0" pointIndex="3421" originalElevation="126.7" isOriginalElevationFromOSM="true"><ele>124.5</ele></trkpt>
<trkpt lat="37.933890" lon="127.275090" sectionIndex="0" pointIndex="3422" originalElevation="123.3" isOriginalElevationFromOSM="true"><ele>123.7</ele></trkpt>
<trkpt lat="37.933820" lon="127.275040" sectionIndex="0" pointIndex="3423" originalElevation="122.6" isOriginalElevationFromOSM="true"><ele>122.3</ele></trkpt>
<trkpt lat="37.933660" lon="127.274840" sectionIndex="0" pointIndex="3424" originalElevation="120.3" isOriginalElevationFromOSM="true"><ele>120.4</ele></trkpt>
<trkpt lat="37.933510" lon="127.274560" sectionIndex="0" pointIndex="3425" originalElevation="118.4" isOriginalElevationFromOSM="true"><ele>118.5</ele></trkpt>
<trkpt lat="37.933390" lon="127.274270" sectionIndex="0" pointIndex="3426" originalElevation="117.5" isOriginalElevationFromOSM="true"><ele>116.6</ele></trkpt>
<trkpt lat="37.933070" lon="127.273050" sectionIndex="0" pointIndex="3427" originalElevation="113.8" isOriginalElevationFromOSM="true"><ele>115.0</ele></trkpt>
<trkpt lat="37.932970" lon="127.272720" sectionIndex="0" pointIndex="3428" originalElevation="113.1" isOriginalElevationFromOSM="true"><ele>113.6</ele></trkpt>
<trkpt lat="37.932860" lon="127.272440" sectionIndex="0" pointIndex="3429" originalElevation="112.5" isOriginalElevationFromOSM="true"><ele>113.3</ele></trkpt>
<trkpt lat="37.932600" lon="127.271860" sectionIndex="0" pointIndex="3430" originalElevation="111.3" isOriginalElevationFromOSM="true"><ele>114.2</ele></trkpt>
<trkpt lat="37.931960" lon="127.270540" sectionIndex="0" pointIndex="3431" originalElevation="116.1" isOriginalElevationFromOSM="true"><ele>115.3</ele></trkpt>
<trkpt lat="37.931770" lon="127.270260" sectionIndex="0" pointIndex="3432" originalElevation="118.1" isOriginalElevationFromOSM="true"><ele>116.5</ele></trkpt>
<trkpt lat="37.931650" lon="127.270130" sectionIndex="0" pointIndex="3433" originalElevation="118.5" isOriginalElevationFromOSM="true"><ele>117.9</ele></trkpt>
<trkpt lat="37.931460" lon="127.269960" sectionIndex="0" pointIndex="3434" originalElevation="118.5" isOriginalElevationFromOSM="true"><ele>117.7</ele></trkpt>
<trkpt lat="37.931360" lon="127.269900" sectionIndex="0" pointIndex="3435" originalElevation="118.2" isOriginalElevationFromOSM="true"><ele>116.8</ele></trkpt>
<trkpt lat="37.930980" lon="127.269720" sectionIndex="0" pointIndex="3436" originalElevation="115.0" isOriginalElevationFromOSM="true"><ele>115.8</ele></trkpt>
<trkpt lat="37.930870" lon="127.269650" sectionIndex="0" pointIndex="3437" originalElevation="113.9" isOriginalElevationFromOSM="true"><ele>114.6</ele></trkpt>
<trkpt lat="37.930710" lon="127.269510" sectionIndex="0" pointIndex="3438" originalElevation="113.2" isOriginalElevationFromOSM="true"><ele>113.4</ele></trkpt>
<trkpt lat="37.930500" lon="127.269220" sectionIndex="0" pointIndex="3439" originalElevation="112.6" isOriginalElevationFromOSM="true"><ele>112.9</ele></trkpt>
<trkpt lat="37.930420" lon="127.269020" sectionIndex="0" pointIndex="3440" originalElevation="112.3" isOriginalElevationFromOSM="true"><ele>112.7</ele></trkpt>
<trkpt lat="37.930340" lon="127.268690" sectionIndex="0" pointIndex="3441" originalElevation="112.3" isOriginalElevationFromOSM="true"><ele>112.6</ele></trkpt>
<trkpt lat="37.930360" lon="127.268290" sectionIndex="0" pointIndex="3442" originalElevation="113.0" isOriginalElevationFromOSM="true"><ele>112.7</ele></trkpt>
<trkpt lat="37.930390" lon="127.268160" sectionIndex="0" pointIndex="3443" originalElevation="113.0" isOriginalElevationFromOSM="true"><ele>113.0</ele></trkpt>
<trkpt lat="37.930440" lon="127.268000" sectionIndex="0" pointIndex="3444" originalElevation="113.1" isOriginalElevationFromOSM="true"><ele>113.3</ele></trkpt>
<trkpt lat="37.930580" lon="127.267760" sectionIndex="0" pointIndex="3445" originalElevation="113.5" isOriginalElevationFromOSM="true"><ele>113.8</ele></trkpt>
<trkpt lat="37.930770" lon="127.267570" sectionIndex="0" pointIndex="3446" originalElevation="114.0" isOriginalElevationFromOSM="true"><ele>113.9</ele></trkpt>
<trkpt lat="37.931070" lon="127.267410" sectionIndex="0" pointIndex="3447" originalElevation="115.6" isOriginalElevationFromOSM="true"><ele>113.9</ele></trkpt>
<trkpt lat="37.933170" lon="127.266410" sectionIndex="0" pointIndex="3448" originalElevation="113.3" isOriginalElevationFromOSM="true"><ele>113.9</ele></trkpt>
<trkpt lat="37.933710" lon="127.266200" sectionIndex="0" pointIndex="3449" originalElevation="113.1" isOriginalElevationFromOSM="true"><ele>114.5</ele></trkpt>
<trkpt lat="37.934120" lon="127.266150" sectionIndex="0" pointIndex="3450" originalElevation="113.7" isOriginalElevationFromOSM="true"><ele>114.6</ele></trkpt>
<trkpt lat="37.935260" lon="127.266090" sectionIndex="0" pointIndex="3451" originalElevation="117.0" isOriginalElevationFromOSM="true"><ele>114.3</ele></trkpt>
<trkpt lat="37.936030" lon="127.266010" sectionIndex="0" pointIndex="3452" originalElevation="116.0" isOriginalElevationFromOSM="true"><ele>113.5</ele></trkpt>
<trkpt lat="37.937060" lon="127.265760" sectionIndex="0" pointIndex="3453" originalElevation="111.9" isOriginalElevationFromOSM="true"><ele>112.8</ele></trkpt>
<trkpt lat="37.939890" lon="127.264930" sectionIndex="0" pointIndex="3454" originalElevation="109.0" isOriginalElevationFromOSM="true"><ele>111.5</ele></trkpt>
<trkpt lat="37.941390" lon="127.264450" sectionIndex="0" pointIndex="3455" originalElevation="109.9" isOriginalElevationFromOSM="true"><ele>110.2</ele></trkpt>
<trkpt lat="37.941850" lon="127.264310" sectionIndex="0" pointIndex="3456" originalElevation="110.9" isOriginalElevationFromOSM="true"><ele>109.7</ele></trkpt>
<trkpt lat="37.942200" lon="127.264130" sectionIndex="0" pointIndex="3457" originalElevation="109.4" isOriginalElevationFromOSM="true"><ele>109.7</ele></trkpt>
<trkpt lat="37.942550" lon="127.263900" sectionIndex="0" pointIndex="3458" originalElevation="109.4" isOriginalElevationFromOSM="true"><ele>109.1</ele></trkpt>
<trkpt lat="37.943510" lon="127.263110" sectionIndex="0" pointIndex="3459" originalElevation="109.1" isOriginalElevationFromOSM="true"><ele>108.0</ele></trkpt>
<trkpt lat="37.943780" lon="127.262840" sectionIndex="0" pointIndex="3460" originalElevation="106.8" isOriginalElevationFromOSM="true"><ele>107.5</ele></trkpt>
<trkpt lat="37.944290" lon="127.262550" sectionIndex="0" pointIndex="3461" originalElevation="105.1" isOriginalElevationFromOSM="true"><ele>107.4</ele></trkpt>
<trkpt lat="37.945540" lon="127.262320" sectionIndex="0" pointIndex="3462" originalElevation="106.9" isOriginalElevationFromOSM="true"><ele>107.3</ele></trkpt>
<trkpt lat="37.946500" lon="127.262020" sectionIndex="0" pointIndex="3463" originalElevation="109.1" isOriginalElevationFromOSM="true"><ele>107.5</ele></trkpt>
<trkpt lat="37.946840" lon="127.261840" sectionIndex="0" pointIndex="3464" originalElevation="108.6" isOriginalElevationFromOSM="true"><ele>107.8</ele></trkpt>
<trkpt lat="37.947120" lon="127.261600" sectionIndex="0" pointIndex="3465" originalElevation="107.9" isOriginalElevationFromOSM="true"><ele>107.5</ele></trkpt>
<trkpt lat="37.947480" lon="127.261170" sectionIndex="0" pointIndex="3466" originalElevation="106.8" isOriginalElevationFromOSM="true"><ele>106.8</ele></trkpt>
<trkpt lat="37.948530" lon="127.259550" sectionIndex="0" pointIndex="3467" originalElevation="105.0" isOriginalElevationFromOSM="true"><ele>106.4</ele></trkpt>
<trkpt lat="37.948960" lon="127.259190" sectionIndex="0" pointIndex="3468" originalElevation="105.8" isOriginalElevationFromOSM="true"><ele>106.2</ele></trkpt>
<trkpt lat="37.949330" lon="127.259010" sectionIndex="0" pointIndex="3469" originalElevation="106.5" isOriginalElevationFromOSM="true"><ele>106.5</ele></trkpt>
<trkpt lat="37.949550" lon="127.258940" sectionIndex="0" pointIndex="3470" originalElevation="106.7" isOriginalElevationFromOSM="true"><ele>107.5</ele></trkpt>
<trkpt lat="37.950340" lon="127.258850" sectionIndex="0" pointIndex="3471" originalElevation="108.3" isOriginalElevationFromOSM="true"><ele>109.0</ele></trkpt>
<trkpt lat="37.951120" lon="127.258620" sectionIndex="0" pointIndex="3472" originalElevation="110.4" isOriginalElevationFromOSM="true"><ele>110.1</ele></trkpt>
<trkpt lat="37.952030" lon="127.258380" sectionIndex="0" pointIndex="3473" originalElevation="113.1" isOriginalElevationFromOSM="true"><ele>110.9</ele></trkpt>
<trkpt lat="37.952610" lon="127.258110" sectionIndex="0" pointIndex="3474" originalElevation="112.2" isOriginalElevationFromOSM="true"><ele>110.5</ele></trkpt>
<trkpt lat="37.953140" lon="127.257750" sectionIndex="0" pointIndex="3475" originalElevation="110.6" isOriginalElevationFromOSM="true"><ele>109.4</ele></trkpt>
<trkpt lat="37.953520" lon="127.257540" sectionIndex="0" pointIndex="3476" originalElevation="106.5" isOriginalElevationFromOSM="true"><ele>107.5</ele></trkpt>
<trkpt lat="37.953780" lon="127.257460" sectionIndex="0" pointIndex="3477" originalElevation="104.7" isOriginalElevationFromOSM="true"><ele>105.4</ele></trkpt>
<trkpt lat="37.954180" lon="127.257530" sectionIndex="0" pointIndex="3478" originalElevation="103.3" isOriginalElevationFromOSM="true"><ele>103.5</ele></trkpt>
<trkpt lat="37.954840" lon="127.257840" sectionIndex="0" pointIndex="3479" originalElevation="102.0" isOriginalElevationFromOSM="true"><ele>102.5</ele></trkpt>
<trkpt lat="37.955980" lon="127.258520" sectionIndex="0" pointIndex="3480" originalElevation="101.1" isOriginalElevationFromOSM="true"><ele>100.7</ele></trkpt>
<trkpt lat="37.957420" lon="127.259700" sectionIndex="0" pointIndex="3481" originalElevation="101.3" isOriginalElevationFromOSM="true"><ele>100.2</ele></trkpt>
<trkpt lat="37.958130" lon="127.260000" sectionIndex="0" pointIndex="3482" originalElevation="95.8" isOriginalElevationFromOSM="true"><ele>101.6</ele></trkpt>
<trkpt lat="37.959420" lon="127.260250" sectionIndex="0" pointIndex="3483" originalElevation="100.9" isOriginalElevationFromOSM="true"><ele>103.1</ele></trkpt>
<trkpt lat="37.960540" lon="127.260410" sectionIndex="0" pointIndex="3484" originalElevation="109.1" isOriginalElevationFromOSM="true"><ele>102.8</ele></trkpt>
<trkpt lat="37.961000" lon="127.260460" sectionIndex="0" pointIndex="3485" originalElevation="108.6" isOriginalElevationFromOSM="true"><ele>102.5</ele></trkpt>
<trkpt lat="37.961990" lon="127.260460" sectionIndex="0" pointIndex="3486" originalElevation="99.4" isOriginalElevationFromOSM="true"><ele>101.0</ele></trkpt>
<trkpt lat="37.962560" lon="127.260560" sectionIndex="0" pointIndex="3487" originalElevation="94.8" isOriginalElevationFromOSM="true"><ele>97.8</ele></trkpt>
<trkpt lat="37.964820" lon="127.261520" sectionIndex="0" pointIndex="3488" originalElevation="93.3" isOriginalElevationFromOSM="true"><ele>94.7</ele></trkpt>
<trkpt lat="37.965040" lon="127.261570" sectionIndex="0" pointIndex="3489" originalElevation="92.9" isOriginalElevationFromOSM="true"><ele>93.5</ele></trkpt>
<trkpt lat="37.965250" lon="127.261580" sectionIndex="0" pointIndex="3490" originalElevation="93.2" isOriginalElevationFromOSM="true"><ele>93.2</ele></trkpt>
<trkpt lat="37.965450" lon="127.261540" sectionIndex="0" pointIndex="3491" originalElevation="93.3" isOriginalElevationFromOSM="true"><ele>92.9</ele></trkpt>
<trkpt lat="37.965800" lon="127.261340" sectionIndex="0" pointIndex="3492" originalElevation="93.2" isOriginalElevationFromOSM="true"><ele>91.8</ele></trkpt>
<trkpt lat="37.966080" lon="127.260950" sectionIndex="0" pointIndex="3493" originalElevation="91.8" isOriginalElevationFromOSM="true"><ele>90.5</ele></trkpt>
<trkpt lat="37.966550" lon="127.259560" sectionIndex="0" pointIndex="3494" originalElevation="87.5" isOriginalElevationFromOSM="true"><ele>89.1</ele></trkpt>
<trkpt lat="37.966550" lon="127.259140" sectionIndex="0" pointIndex="3495" originalElevation="86.9" isOriginalElevationFromOSM="true"><ele>87.0</ele></trkpt>
<trkpt lat="37.966440" lon="127.258250" sectionIndex="0" pointIndex="3496" originalElevation="86.3" isOriginalElevationFromOSM="true"><ele>85.1</ele></trkpt>
<trkpt lat="37.966270" lon="127.257270" sectionIndex="0" pointIndex="3497" originalElevation="82.7" isOriginalElevationFromOSM="true"><ele>84.2</ele></trkpt>
<trkpt lat="37.966100" lon="127.256470" sectionIndex="0" pointIndex="3498" originalElevation="82.3" isOriginalElevationFromOSM="true"><ele>83.5</ele></trkpt>
<trkpt lat="37.966010" lon="127.256120" sectionIndex="0" pointIndex="3499" originalElevation="82.8" isOriginalElevationFromOSM="true"><ele>83.0</ele></trkpt>
<trkpt lat="37.965980" lon="127.255500" sectionIndex="0" pointIndex="3500" originalElevation="83.5" isOriginalElevationFromOSM="true"><ele>83.1</ele></trkpt>
<trkpt lat="37.965990" lon="127.255300" sectionIndex="0" pointIndex="3501" originalElevation="83.7" isOriginalElevationFromOSM="true"><ele>83.4</ele></trkpt>
<trkpt lat="37.966060" lon="127.254570" sectionIndex="0" pointIndex="3502" originalElevation="83.0" isOriginalElevationFromOSM="true"><ele>83.5</ele></trkpt>
<trkpt lat="37.966450" lon="127.252680" sectionIndex="0" pointIndex="3503" originalElevation="83.8" isOriginalElevationFromOSM="true"><ele>83.4</ele></trkpt>
<trkpt lat="37.966880" lon="127.251110" sectionIndex="0" pointIndex="3504" originalElevation="83.3" isOriginalElevationFromOSM="true"><ele>83.8</ele></trkpt>
<trkpt lat="37.967200" lon="127.250320" sectionIndex="0" pointIndex="3505" originalElevation="83.1" isOriginalElevationFromOSM="true"><ele>84.4</ele></trkpt>
<trkpt lat="37.965570" lon="127.249300" sectionIndex="0" pointIndex="3506" originalElevation="85.6" isOriginalElevationFromOSM="true"><ele>84.9</ele></trkpt>
<trkpt lat="37.965300" lon="127.249090" sectionIndex="0" pointIndex="3507" originalElevation="86.3" isOriginalElevationFromOSM="true"><ele>85.3</ele></trkpt>
<trkpt lat="37.965090" lon="127.248890" sectionIndex="0" pointIndex="3508" originalElevation="86.1" isOriginalElevationFromOSM="true"><ele>86.0</ele></trkpt>
<trkpt lat="37.964680" lon="127.248410" sectionIndex="0" pointIndex="3509" originalElevation="85.6" isOriginalElevationFromOSM="true"><ele>86.3</ele></trkpt>
<trkpt lat="37.964350" lon="127.247870" sectionIndex="0" pointIndex="3510" originalElevation="86.6" isOriginalElevationFromOSM="true"><ele>86.3</ele></trkpt>
<trkpt lat="37.963870" lon="127.247070" sectionIndex="0" pointIndex="3511" originalElevation="86.7" isOriginalElevationFromOSM="true"><ele>86.3</ele></trkpt>
<trkpt lat="37.963650" lon="127.246700" sectionIndex="0" pointIndex="3512" originalElevation="86.7" isOriginalElevationFromOSM="true"><ele>86.3</ele></trkpt>
<trkpt lat="37.963360" lon="127.246320" sectionIndex="0" pointIndex="3513" originalElevation="85.7" isOriginalElevationFromOSM="true"><ele>85.5</ele></trkpt>
<trkpt lat="37.963240" lon="127.246220" sectionIndex="0" pointIndex="3514" originalElevation="85.6" isOriginalElevationFromOSM="true"><ele>84.3</ele></trkpt>
<trkpt lat="37.963530" lon="127.245660" sectionIndex="0" pointIndex="3515" originalElevation="82.9" isOriginalElevationFromOSM="true"><ele>83.0</ele></trkpt>
<trkpt lat="37.964060" lon="127.245120" sectionIndex="0" pointIndex="3516" originalElevation="80.4" isOriginalElevationFromOSM="true"><ele>82.1</ele></trkpt>
<trkpt lat="37.964580" lon="127.244890" sectionIndex="0" pointIndex="3517" originalElevation="80.6" isOriginalElevationFromOSM="true"><ele>80.6</ele></trkpt>
<trkpt lat="37.965030" lon="127.244600" sectionIndex="0" pointIndex="3518" originalElevation="80.8" isOriginalElevationFromOSM="true"><ele>79.9</ele></trkpt>
<trkpt lat="37.965530" lon="127.244090" sectionIndex="0" pointIndex="3519" originalElevation="78.5" isOriginalElevationFromOSM="true"><ele>79.9</ele></trkpt>
<trkpt lat="37.965320" lon="127.243770" sectionIndex="0" pointIndex="3520" originalElevation="79.4" isOriginalElevationFromOSM="true"><ele>79.8</ele></trkpt>
<trkpt lat="37.964740" lon="127.243270" sectionIndex="0" pointIndex="3521" originalElevation="80.1" isOriginalElevationFromOSM="true"><ele>79.8</ele></trkpt>
<trkpt lat="37.964140" lon="127.242790" sectionIndex="0" pointIndex="3522" originalElevation="80.4" isOriginalElevationFromOSM="true"><ele>80.0</ele></trkpt>
<trkpt lat="37.962730" lon="127.241680" sectionIndex="0" pointIndex="3523" originalElevation="80.7" isOriginalElevationFromOSM="true"><ele>80.2</ele></trkpt>
<trkpt lat="37.961750" lon="127.240970" sectionIndex="0" pointIndex="3524" originalElevation="79.5" isOriginalElevationFromOSM="true"><ele>80.2</ele></trkpt>
<trkpt lat="37.960040" lon="127.240120" sectionIndex="0" pointIndex="3525" originalElevation="80.2" isOriginalElevationFromOSM="true"><ele>80.1</ele></trkpt>
<trkpt lat="37.959680" lon="127.239790" sectionIndex="0" pointIndex="3526" originalElevation="80.1" isOriginalElevationFromOSM="true"><ele>80.2</ele></trkpt>
<trkpt lat="37.959270" lon="127.239390" sectionIndex="0" pointIndex="3527" originalElevation="80.0" isOriginalElevationFromOSM="true"><ele>80.8</ele></trkpt>
<trkpt lat="37.958830" lon="127.238760" sectionIndex="0" pointIndex="3528" originalElevation="81.1" isOriginalElevationFromOSM="true"><ele>81.0</ele></trkpt>
<trkpt lat="37.958390" lon="127.238090" sectionIndex="0" pointIndex="3529" originalElevation="82.6" isOriginalElevationFromOSM="true"><ele>81.3</ele></trkpt>
<trkpt lat="37.956840" lon="127.237050" sectionIndex="0" pointIndex="3530" originalElevation="81.1" isOriginalElevationFromOSM="true"><ele>81.5</ele></trkpt>
<trkpt lat="37.956070" lon="127.236810" sectionIndex="0" pointIndex="3531" originalElevation="81.7" isOriginalElevationFromOSM="true"><ele>81.3</ele></trkpt>
<trkpt lat="37.954460" lon="127.236400" sectionIndex="0" pointIndex="3532" originalElevation="80.9" isOriginalElevationFromOSM="true"><ele>80.8</ele></trkpt>
<trkpt lat="37.952400" lon="127.236070" sectionIndex="0" pointIndex="3533" originalElevation="80.1" isOriginalElevationFromOSM="true"><ele>80.7</ele></trkpt>
<trkpt lat="37.952230" lon="127.236070" sectionIndex="0" pointIndex="3534" originalElevation="80.4" isOriginalElevationFromOSM="true"><ele>80.0</ele></trkpt>
<trkpt lat="37.951250" lon="127.235930" sectionIndex="0" pointIndex="3535" originalElevation="80.2" isOriginalElevationFromOSM="true"><ele>80.5</ele></trkpt>
<trkpt lat="37.950250" lon="127.235760" sectionIndex="0" pointIndex="3536" originalElevation="78.5" isOriginalElevationFromOSM="true"><ele>81.0</ele></trkpt>
<trkpt lat="37.949120" lon="127.235590" sectionIndex="0" pointIndex="3537" originalElevation="83.3" isOriginalElevationFromOSM="true"><ele>82.0</ele></trkpt>
<trkpt lat="37.949140" lon="127.235430" sectionIndex="0" pointIndex="3538" originalElevation="82.6" isOriginalElevationFromOSM="true"><ele>83.2</ele></trkpt>
<trkpt lat="37.949490" lon="127.234090" sectionIndex="0" pointIndex="3539" originalElevation="85.6" isOriginalElevationFromOSM="true"><ele>85.0</ele></trkpt>
<trkpt lat="37.949520" lon="127.233870" sectionIndex="0" pointIndex="3540" originalElevation="86.2" isOriginalElevationFromOSM="true"><ele>85.6</ele></trkpt>
<trkpt lat="37.949450" lon="127.233310" sectionIndex="0" pointIndex="3541" originalElevation="87.6" isOriginalElevationFromOSM="true"><ele>86.1</ele></trkpt>
<trkpt lat="37.949340" lon="127.232800" sectionIndex="0" pointIndex="3542" originalElevation="86.1" isOriginalElevationFromOSM="true"><ele>86.2</ele></trkpt>
<trkpt lat="37.949310" lon="127.232440" sectionIndex="0" pointIndex="3543" originalElevation="85.2" isOriginalElevationFromOSM="true"><ele>86.3</ele></trkpt>
<trkpt lat="37.949370" lon="127.231930" sectionIndex="0" pointIndex="3544" originalElevation="85.8" isOriginalElevationFromOSM="true"><ele>86.5</ele></trkpt>
<trkpt lat="37.949470" lon="127.231500" sectionIndex="0" pointIndex="3545" originalElevation="87.0" isOriginalElevationFromOSM="true"><ele>86.9</ele></trkpt>
<trkpt lat="37.949910" lon="127.229600" sectionIndex="0" pointIndex="3546" originalElevation="88.3" isOriginalElevationFromOSM="true"><ele>87.3</ele></trkpt>
<trkpt lat="37.949490" lon="127.229460" sectionIndex="0" pointIndex="3547" originalElevation="88.1" isOriginalElevationFromOSM="true"><ele>87.7</ele></trkpt>
<trkpt lat="37.949150" lon="127.229480" sectionIndex="0" pointIndex="3548" originalElevation="87.5" isOriginalElevationFromOSM="true"><ele>88.0</ele></trkpt>
<trkpt lat="37.948850" lon="127.229430" sectionIndex="0" pointIndex="3549" originalElevation="87.8" isOriginalElevationFromOSM="true"><ele>88.2</ele></trkpt>
<trkpt lat="37.948600" lon="127.229360" sectionIndex="0" pointIndex="3550" originalElevation="88.2" isOriginalElevationFromOSM="true"><ele>88.6</ele></trkpt>
<trkpt lat="37.947900" lon="127.228970" sectionIndex="0" pointIndex="3551" originalElevation="89.5" isOriginalElevationFromOSM="true"><ele>89.5</ele></trkpt>
<trkpt lat="37.947690" lon="127.228890" sectionIndex="0" pointIndex="3552" originalElevation="90.2" isOriginalElevationFromOSM="true"><ele>90.8</ele></trkpt>
<trkpt lat="37.947260" lon="127.228850" sectionIndex="0" pointIndex="3553" originalElevation="91.7" isOriginalElevationFromOSM="true"><ele>92.2</ele></trkpt>
<trkpt lat="37.946830" lon="127.228750" sectionIndex="0" pointIndex="3554" originalElevation="94.4" isOriginalElevationFromOSM="true"><ele>93.2</ele></trkpt>
<trkpt lat="37.946500" lon="127.228590" sectionIndex="0" pointIndex="3555" originalElevation="95.0" isOriginalElevationFromOSM="true"><ele>93.7</ele></trkpt>
<trkpt lat="37.946190" lon="127.228300" sectionIndex="0" pointIndex="3556" originalElevation="94.8" isOriginalElevationFromOSM="true"><ele>94.0</ele></trkpt>
<trkpt lat="37.944890" lon="127.226550" sectionIndex="0" pointIndex="3557" originalElevation="92.8" isOriginalElevationFromOSM="true"><ele>93.6</ele></trkpt>
<trkpt lat="37.944770" lon="127.226260" sectionIndex="0" pointIndex="3558" originalElevation="92.8" isOriginalElevationFromOSM="true"><ele>92.6</ele></trkpt>
<trkpt lat="37.944690" lon="127.225910" sectionIndex="0" pointIndex="3559" originalElevation="92.7" isOriginalElevationFromOSM="true"><ele>91.7</ele></trkpt>
<trkpt lat="37.944670" lon="127.225585" sectionIndex="0" pointIndex="3560" originalElevation="90.0" isOriginalElevationFromOSM="false"><ele>91.1</ele></trkpt>
<trkpt lat="37.944676" lon="127.225528" sectionIndex="0" pointIndex="3561" originalElevation="90.0" isOriginalElevationFromOSM="false"><ele>90.5</ele></trkpt>
<trkpt lat="37.944683" lon="127.225472" sectionIndex="0" pointIndex="3562" originalElevation="90.0" isOriginalElevationFromOSM="false"><ele>90.0</ele></trkpt>
<trkpt lat="37.944689" lon="127.225415" sectionIndex="0" pointIndex="3563" originalElevation="90.0" isOriginalElevationFromOSM="false"><ele>90.0</ele></trkpt>
<trkpt lat="37.944696" lon="127.225359" sectionIndex="0" pointIndex="3564" originalElevation="90.0" isOriginalElevationFromOSM="false"><ele>90.0</ele></trkpt>
<trkpt lat="37.944702" lon="127.225303" sectionIndex="0" pointIndex="3565" originalElevation="90.0" isOriginalElevationFromOSM="false"><ele>90.0</ele></trkpt>
<trkpt lat="37.944709" lon="127.225246" sectionIndex="0" pointIndex="3566" originalElevation="90.0" isOriginalElevationFromOSM="false"><ele>90.0</ele></trkpt>
<trkpt lat="37.944712" lon="127.225222" sectionIndex="0" pointIndex="3567" originalElevation="90.0" isOriginalElevationFromOSM="false"><ele>90.0</ele></trkpt>
<trkpt lat="37.944748" lon="127.225187" sectionIndex="0" pointIndex="3568" originalElevation="90.0" isOriginalElevationFromOSM="false"><ele>90.0</ele></trkpt>
<trkpt lat="37.944783" lon="127.225153" sectionIndex="0" pointIndex="3569" originalElevation="90.0" isOriginalElevationFromOSM="false"><ele>90.0</ele></trkpt>
<trkpt lat="37.944819" lon="127.225118" sectionIndex="0" pointIndex="3570" originalElevation="90.0" isOriginalElevationFromOSM="false"><ele>90.0</ele></trkpt>
<trkpt lat="37.944855" lon="127.225084" sectionIndex="0" pointIndex="3571" originalElevation="90.0" isOriginalElevationFromOSM="false"><ele>90.0</ele></trkpt>
<trkpt lat="37.944890" lon="127.225049" sectionIndex="0" pointIndex="3572" originalElevation="90.0" isOriginalElevationFromOSM="false"><ele>90.0</ele></trkpt>
<trkpt lat="37.944926" lon="127.225014" sectionIndex="0" pointIndex="3573" originalElevation="90.0" isOriginalElevationFromOSM="false"><ele>90.0</ele></trkpt>
<trkpt lat="37.944946" lon="127.224995" sectionIndex="0" pointIndex="3574" originalElevation="90.0" isOriginalElevationFromOSM="false"><ele>90.8</ele></trkpt>
<trkpt lat="37.944990" lon="127.224989" sectionIndex="0" pointIndex="3575" originalElevation="90.0" isOriginalElevationFromOSM="false"><ele>91.6</ele></trkpt>
<trkpt lat="37.945035" lon="127.224982" sectionIndex="0" pointIndex="3576" originalElevation="94.0" isOriginalElevationFromOSM="false"><ele>92.4</ele></trkpt>
<trkpt lat="37.945069" lon="127.224977" sectionIndex="0" pointIndex="3577" originalElevation="94.0" isOriginalElevationFromOSM="false"><ele>93.2</ele></trkpt>
<trkpt lat="37.945091" lon="127.224927" sectionIndex="0" pointIndex="3578" originalElevation="94.0" isOriginalElevationFromOSM="false"><ele>94.0</ele></trkpt>
<trkpt lat="37.945113" lon="127.224877" sectionIndex="0" pointIndex="3579" originalElevation="94.0" isOriginalElevationFromOSM="false"><ele>94.0</ele></trkpt>
<trkpt lat="37.945136" lon="127.224828" sectionIndex="0" pointIndex="3580" originalElevation="94.0" isOriginalElevationFromOSM="false"><ele>94.0</ele></trkpt>
<trkpt lat="37.945143" lon="127.224810" sectionIndex="0" pointIndex="3581" originalElevation="94.0" isOriginalElevationFromOSM="false"><ele>94.0</ele></trkpt>
<trkpt lat="37.945139" lon="127.224754" sectionIndex="0" pointIndex="3582" originalElevation="94.0" isOriginalElevationFromOSM="false"><ele>94.0</ele></trkpt>
<trkpt lat="37.945137" lon="127.224730" sectionIndex="0" pointIndex="3583" originalElevation="94.0" isOriginalElevationFromOSM="false"><ele>94.0</ele></trkpt>
<trkpt lat="37.945135" lon="127.224697" sectionIndex="0" pointIndex="3584" originalElevation="94.0" isOriginalElevationFromOSM="false"><ele>94.0</ele></trkpt>
<trkpt lat="37.945130" lon="127.224640" sectionIndex="0" pointIndex="3585" originalElevation="94.0" isOriginalElevationFromOSM="false"><ele>94.0</ele></trkpt>
<trkpt lat="37.945126" lon="127.224593" sectionIndex="0" pointIndex="3586" originalElevation="94.0" isOriginalElevationFromOSM="false"><ele>94.0</ele></trkpt>
<trkpt lat="37.945090" lon="127.224560" sectionIndex="0" pointIndex="3587" originalElevation="94.0" isOriginalElevationFromOSM="false"><ele>94.0</ele></trkpt>
<trkpt lat="37.945054" lon="127.224526" sectionIndex="0" pointIndex="3588" originalElevation="94.0" isOriginalElevationFromOSM="false"><ele>94.0</ele></trkpt>
<trkpt lat="37.945017" lon="127.224493" sectionIndex="0" pointIndex="3589" originalElevation="94.0" isOriginalElevationFromOSM="false"><ele>93.8</ele></trkpt>
<trkpt lat="37.945003" lon="127.224479" sectionIndex="0" pointIndex="3590" originalElevation="94.0" isOriginalElevationFromOSM="false"><ele>93.7</ele></trkpt>
<trkpt lat="37.944907" lon="127.224030" sectionIndex="0" pointIndex="3591" originalElevation="93.0" isOriginalElevationFromOSM="false"><ele>94.8</ele></trkpt>
<trkpt lat="37.944740" lon="127.223680" sectionIndex="0" pointIndex="3592" originalElevation="93.7" isOriginalElevationFromOSM="true"><ele>95.9</ele></trkpt>
<trkpt lat="37.942970" lon="127.221700" sectionIndex="0" pointIndex="3593" originalElevation="99.1" isOriginalElevationFromOSM="true"><ele>96.9</ele></trkpt>
<trkpt lat="37.942410" lon="127.220900" sectionIndex="0" pointIndex="3594" originalElevation="99.6" isOriginalElevationFromOSM="true"><ele>98.2</ele></trkpt>
<trkpt lat="37.941410" lon="127.219320" sectionIndex="0" pointIndex="3595" originalElevation="99.1" isOriginalElevationFromOSM="true"><ele>100.1</ele></trkpt>
<trkpt lat="37.940600" lon="127.218380" sectionIndex="0" pointIndex="3596" originalElevation="99.4" isOriginalElevationFromOSM="true"><ele>101.3</ele></trkpt>
<trkpt lat="37.939820" lon="127.217600" sectionIndex="0" pointIndex="3597" originalElevation="103.3" isOriginalElevationFromOSM="true"><ele>102.3</ele></trkpt>
<trkpt lat="37.939580" lon="127.217620" sectionIndex="0" pointIndex="3598" originalElevation="105.0" isOriginalElevationFromOSM="true"><ele>103.4</ele></trkpt>
<trkpt lat="37.939290" lon="127.218080" sectionIndex="0" pointIndex="3599" originalElevation="104.8" isOriginalElevationFromOSM="true"><ele>104.3</ele></trkpt>
<trkpt lat="37.939170" lon="127.218250" sectionIndex="0" pointIndex="3600" originalElevation="104.5" isOriginalElevationFromOSM="true"><ele>104.5</ele></trkpt>
<trkpt lat="37.939050" lon="127.218360" sectionIndex="0" pointIndex="3601" originalElevation="104.0" isOriginalElevationFromOSM="true"><ele>104.2</ele></trkpt>
<trkpt lat="37.938960" lon="127.218420" sectionIndex="0" pointIndex="3602" originalElevation="104.0" isOriginalElevationFromOSM="true"><ele>103.6</ele></trkpt>
<trkpt lat="37.938770" lon="127.218490" sectionIndex="0" pointIndex="3603" originalElevation="103.7" isOriginalElevationFromOSM="true"><ele>102.9</ele></trkpt>
<trkpt lat="37.938330" lon="127.218580" sectionIndex="0" pointIndex="3604" originalElevation="101.9" isOriginalElevationFromOSM="true"><ele>102.0</ele></trkpt>
<trkpt lat="37.938070" lon="127.218730" sectionIndex="0" pointIndex="3605" originalElevation="100.9" isOriginalElevationFromOSM="true"><ele>100.0</ele></trkpt>
<trkpt lat="37.937930" lon="127.218850" sectionIndex="0" pointIndex="3606" originalElevation="99.5" isOriginalElevationFromOSM="true"><ele>97.5</ele></trkpt>
<trkpt lat="37.937700" lon="127.219360" sectionIndex="0" pointIndex="3607" originalElevation="93.8" isOriginalElevationFromOSM="true"><ele>94.8</ele></trkpt>
<trkpt lat="37.937200" lon="127.220490" sectionIndex="0" pointIndex="3608" originalElevation="91.2" isOriginalElevationFromOSM="true"><ele>91.7</ele></trkpt>
<trkpt lat="37.937150" lon="127.220620" sectionIndex="0" pointIndex="3609" originalElevation="88.5" isOriginalElevationFromOSM="true"><ele>89.3</ele></trkpt>
<trkpt lat="37.936790" lon="127.222240" sectionIndex="0" pointIndex="3610" originalElevation="85.4" isOriginalElevationFromOSM="true"><ele>88.3</ele></trkpt>
<trkpt lat="37.936250" lon="127.222020" sectionIndex="0" pointIndex="3611" originalElevation="87.8" isOriginalElevationFromOSM="true"><ele>87.4</ele></trkpt>
<trkpt lat="37.935470" lon="127.221630" sectionIndex="0" pointIndex="3612" originalElevation="88.8" isOriginalElevationFromOSM="true"><ele>87.9</ele></trkpt>
<trkpt lat="37.933930" lon="127.220720" sectionIndex="0" pointIndex="3613" originalElevation="86.6" isOriginalElevationFromOSM="true"><ele>90.9</ele></trkpt>
<trkpt lat="37.933130" lon="127.220460" sectionIndex="0" pointIndex="3614" originalElevation="90.7" isOriginalElevationFromOSM="true"><ele>92.3</ele></trkpt>
<trkpt lat="37.932210" lon="127.220200" sectionIndex="0" pointIndex="3615" originalElevation="100.6" isOriginalElevationFromOSM="true"><ele>92.4</ele></trkpt>
<trkpt lat="37.931500" lon="127.220160" sectionIndex="0" pointIndex="3616" originalElevation="94.7" isOriginalElevationFromOSM="true"><ele>92.6</ele></trkpt>
<trkpt lat="37.930560" lon="127.220180" sectionIndex="0" pointIndex="3617" originalElevation="89.5" isOriginalElevationFromOSM="true"><ele>92.4</ele></trkpt>
<trkpt lat="37.929280" lon="127.220180" sectionIndex="0" pointIndex="3618" originalElevation="87.7" isOriginalElevationFromOSM="true"><ele>90.3</ele></trkpt>
<trkpt lat="37.927960" lon="127.220000" sectionIndex="0" pointIndex="3619" originalElevation="89.3" isOriginalElevationFromOSM="true"><ele>89.4</ele></trkpt>
<trkpt lat="37.927670" lon="127.219850" sectionIndex="0" pointIndex="3620" originalElevation="90.5" isOriginalElevationFromOSM="true"><ele>89.3</ele></trkpt>
<trkpt lat="37.926696" lon="127.219189" sectionIndex="0" pointIndex="3621" originalElevation="90.0" isOriginalElevationFromOSM="false"><ele>89.6</ele></trkpt>
<trkpt lat="37.926655" lon="127.219163" sectionIndex="0" pointIndex="3622" originalElevation="89.0" isOriginalElevationFromOSM="false"><ele>89.5</ele></trkpt>
<trkpt lat="37.926615" lon="127.219138" sectionIndex="0" pointIndex="3623" originalElevation="89.0" isOriginalElevationFromOSM="false"><ele>89.2</ele></trkpt>
<trkpt lat="37.926574" lon="127.219113" sectionIndex="0" pointIndex="3624" originalElevation="89.0" isOriginalElevationFromOSM="false"><ele>89.0</ele></trkpt>
<trkpt lat="37.926534" lon="127.219088" sectionIndex="0" pointIndex="3625" originalElevation="89.0" isOriginalElevationFromOSM="false"><ele>89.0</ele></trkpt>
<trkpt lat="37.926494" lon="127.219063" sectionIndex="0" pointIndex="3626" originalElevation="89.0" isOriginalElevationFromOSM="false"><ele>89.0</ele></trkpt>
<trkpt lat="37.926453" lon="127.219038" sectionIndex="0" pointIndex="3627" originalElevation="89.0" isOriginalElevationFromOSM="false"><ele>89.0</ele></trkpt>
<trkpt lat="37.926413" lon="127.219013" sectionIndex="0" pointIndex="3628" originalElevation="89.0" isOriginalElevationFromOSM="false"><ele>89.0</ele></trkpt>
<trkpt lat="37.926373" lon="127.218988" sectionIndex="0" pointIndex="3629" originalElevation="89.0" isOriginalElevationFromOSM="false"><ele>89.0</ele></trkpt>
<trkpt lat="37.926332" lon="127.218963" sectionIndex="0" pointIndex="3630" originalElevation="89.0" isOriginalElevationFromOSM="false"><ele>89.0</ele></trkpt>
<trkpt lat="37.926292" lon="127.218938" sectionIndex="0" pointIndex="3631" originalElevation="89.0" isOriginalElevationFromOSM="false"><ele>89.0</ele></trkpt>
<trkpt lat="37.926252" lon="127.218913" sectionIndex="0" pointIndex="3632" originalElevation="89.0" isOriginalElevationFromOSM="false"><ele>89.0</ele></trkpt>
<trkpt lat="37.926211" lon="127.218888" sectionIndex="0" pointIndex="3633" originalElevation="89.0" isOriginalElevationFromOSM="false"><ele>89.0</ele></trkpt>
<trkpt lat="37.926171" lon="127.218863" sectionIndex="0" pointIndex="3634" originalElevation="89.0" isOriginalElevationFromOSM="false"><ele>89.0</ele></trkpt>
<trkpt lat="37.926131" lon="127.218838" sectionIndex="0" pointIndex="3635" originalElevation="89.0" isOriginalElevationFromOSM="false"><ele>89.0</ele></trkpt>
<trkpt lat="37.926090" lon="127.218813" sectionIndex="0" pointIndex="3636" originalElevation="89.0" isOriginalElevationFromOSM="false"><ele>89.0</ele></trkpt>
<trkpt lat="37.926050" lon="127.218788" sectionIndex="0" pointIndex="3637" originalElevation="89.0" isOriginalElevationFromOSM="false"><ele>89.0</ele></trkpt>
<trkpt lat="37.926010" lon="127.218763" sectionIndex="0" pointIndex="3638" originalElevation="89.0" isOriginalElevationFromOSM="false"><ele>89.0</ele></trkpt>
<trkpt lat="37.925969" lon="127.218738" sectionIndex="0" pointIndex="3639" originalElevation="89.0" isOriginalElevationFromOSM="false"><ele>89.0</ele></trkpt>
<trkpt lat="37.925929" lon="127.218713" sectionIndex="0" pointIndex="3640" originalElevation="89.0" isOriginalElevationFromOSM="false"><ele>89.0</ele></trkpt>
<trkpt lat="37.925913" lon="127.218703" sectionIndex="0" pointIndex="3641" originalElevation="89.0" isOriginalElevationFromOSM="false"><ele>89.0</ele></trkpt>
<trkpt lat="37.925885" lon="127.218658" sectionIndex="0" pointIndex="3642" originalElevation="89.0" isOriginalElevationFromOSM="false"><ele>89.4</ele></trkpt>
<trkpt lat="37.925858" lon="127.218614" sectionIndex="0" pointIndex="3643" originalElevation="89.0" isOriginalElevationFromOSM="false"><ele>89.8</ele></trkpt>
<trkpt lat="37.925830" lon="127.218569" sectionIndex="0" pointIndex="3644" originalElevation="91.0" isOriginalElevationFromOSM="false"><ele>90.2</ele></trkpt>
<trkpt lat="37.925802" lon="127.218524" sectionIndex="0" pointIndex="3645" originalElevation="91.0" isOriginalElevationFromOSM="false"><ele>90.6</ele></trkpt>
<trkpt lat="37.925774" lon="127.218480" sectionIndex="0" pointIndex="3646" originalElevation="91.0" isOriginalElevationFromOSM="false"><ele>91.0</ele></trkpt>
<trkpt lat="37.925746" lon="127.218435" sectionIndex="0" pointIndex="3647" originalElevation="91.0" isOriginalElevationFromOSM="false"><ele>91.0</ele></trkpt>
<trkpt lat="37.925718" lon="127.218390" sectionIndex="0" pointIndex="3648" originalElevation="91.0" isOriginalElevationFromOSM="false"><ele>91.2</ele></trkpt>
<trkpt lat="37.925690" lon="127.218345" sectionIndex="0" pointIndex="3649" originalElevation="91.0" isOriginalElevationFromOSM="false"><ele>91.4</ele></trkpt>
<trkpt lat="37.925663" lon="127.218301" sectionIndex="0" pointIndex="3650" originalElevation="92.0" isOriginalElevationFromOSM="false"><ele>91.6</ele></trkpt>
<trkpt lat="37.925635" lon="127.218256" sectionIndex="0" pointIndex="3651" originalElevation="92.0" isOriginalElevationFromOSM="false"><ele>91.8</ele></trkpt>
<trkpt lat="37.925619" lon="127.218231" sectionIndex="0" pointIndex="3652" originalElevation="92.0" isOriginalElevationFromOSM="false"><ele>92.0</ele></trkpt>
<trkpt lat="37.925586" lon="127.218193" sectionIndex="0" pointIndex="3653" originalElevation="92.0" isOriginalElevationFromOSM="false"><ele>92.0</ele></trkpt>
<trkpt lat="37.925552" lon="127.218155" sectionIndex="0" pointIndex="3654" originalElevation="92.0" isOriginalElevationFromOSM="false"><ele>92.0</ele></trkpt>
<trkpt lat="37.925519" lon="127.218116" sectionIndex="0" pointIndex="3655" originalElevation="92.0" isOriginalElevationFromOSM="false"><ele>92.0</ele></trkpt>
<trkpt lat="37.925486" lon="127.218078" sectionIndex="0" pointIndex="3656" originalElevation="92.0" isOriginalElevationFromOSM="false"><ele>92.0</ele></trkpt>
<trkpt lat="37.925452" lon="127.218040" sectionIndex="0" pointIndex="3657" originalElevation="92.0" isOriginalElevationFromOSM="false"><ele>92.0</ele></trkpt>
<trkpt lat="37.925446" lon="127.218032" sectionIndex="0" pointIndex="3658" originalElevation="92.0" isOriginalElevationFromOSM="false"><ele>91.9</ele></trkpt>
<trkpt lat="37.925039" lon="127.217793" sectionIndex="0" pointIndex="3659" originalElevation="92.0" isOriginalElevationFromOSM="false"><ele>91.8</ele></trkpt>
<trkpt lat="37.924790" lon="127.217630" sectionIndex="0" pointIndex="3660" originalElevation="91.3" isOriginalElevationFromOSM="true"><ele>92.0</ele></trkpt>
<trkpt lat="37.922950" lon="127.216730" sectionIndex="0" pointIndex="3661" originalElevation="91.8" isOriginalElevationFromOSM="true"><ele>92.0</ele></trkpt>
<trkpt lat="37.921120" lon="127.215830" sectionIndex="0" pointIndex="3662" originalElevation="92.7" isOriginalElevationFromOSM="true"><ele>92.2</ele></trkpt>
<trkpt lat="37.920040" lon="127.215320" sectionIndex="0" pointIndex="3663" originalElevation="92.1" isOriginalElevationFromOSM="true"><ele>93.7</ele></trkpt>
<trkpt lat="37.918640" lon="127.214860" sectionIndex="0" pointIndex="3664" originalElevation="93.0" isOriginalElevationFromOSM="true"><ele>95.1</ele></trkpt>
<trkpt lat="37.915440" lon="127.214030" sectionIndex="0" pointIndex="3665" originalElevation="98.9" isOriginalElevationFromOSM="true"><ele>95.3</ele></trkpt>
<trkpt lat="37.914410" lon="127.213810" sectionIndex="0" pointIndex="3666" originalElevation="98.6" isOriginalElevationFromOSM="true"><ele>95.7</ele></trkpt>
<trkpt lat="37.913350" lon="127.213790" sectionIndex="0" pointIndex="3667" originalElevation="94.0" isOriginalElevationFromOSM="true"><ele>96.2</ele></trkpt>
<trkpt lat="37.912290" lon="127.213250" sectionIndex="0" pointIndex="3668" originalElevation="94.1" isOriginalElevationFromOSM="true"><ele>95.9</ele></trkpt>
<trkpt lat="37.906120" lon="127.209920" sectionIndex="0" pointIndex="3669" originalElevation="95.6" isOriginalElevationFromOSM="true"><ele>95.8</ele></trkpt>
<trkpt lat="37.905100" lon="127.209370" sectionIndex="0" pointIndex="3670" originalElevation="97.1" isOriginalElevationFromOSM="true"><ele>96.8</ele></trkpt>
<trkpt lat="37.903550" lon="127.208440" sectionIndex="0" pointIndex="3671" originalElevation="98.5" isOriginalElevationFromOSM="true"><ele>97.7</ele></trkpt>
<trkpt lat="37.902990" lon="127.208170" sectionIndex="0" pointIndex="3672" originalElevation="98.6" isOriginalElevationFromOSM="true"><ele>98.4</ele></trkpt>
<trkpt lat="37.902890" lon="127.208090" sectionIndex="0" pointIndex="3673" originalElevation="98.6" isOriginalElevationFromOSM="true"><ele>99.2</ele></trkpt>
<trkpt lat="37.901280" lon="127.207120" sectionIndex="0" pointIndex="3674" originalElevation="99.2" isOriginalElevationFromOSM="true"><ele>100.0</ele></trkpt>
<trkpt lat="37.898370" lon="127.204230" sectionIndex="0" pointIndex="3675" originalElevation="101.0" isOriginalElevationFromOSM="true"><ele>100.8</ele></trkpt>
<trkpt lat="37.896980" lon="127.202900" sectionIndex="0" pointIndex="3676" originalElevation="102.8" isOriginalElevationFromOSM="true"><ele>101.7</ele></trkpt>
<trkpt lat="37.896590" lon="127.202650" sectionIndex="0" pointIndex="3677" originalElevation="102.6" isOriginalElevationFromOSM="true"><ele>101.9</ele></trkpt>
<trkpt lat="37.896020" lon="127.202310" sectionIndex="0" pointIndex="3678" originalElevation="102.8" isOriginalElevationFromOSM="true"><ele>101.7</ele></trkpt>
<trkpt lat="37.894720" lon="127.201230" sectionIndex="0" pointIndex="3679" originalElevation="100.5" isOriginalElevationFromOSM="true"><ele>101.4</ele></trkpt>
<trkpt lat="37.890690" lon="127.197710" sectionIndex="0" pointIndex="3680" originalElevation="100.0" isOriginalElevationFromOSM="true"><ele>101.0</ele></trkpt>
<trkpt lat="37.889470" lon="127.196420" sectionIndex="0" pointIndex="3681" originalElevation="101.0" isOriginalElevationFromOSM="true"><ele>100.9</ele></trkpt>
<trkpt lat="37.889020" lon="127.195870" sectionIndex="0" pointIndex="3682" originalElevation="100.8" isOriginalElevationFromOSM="true"><ele>100.8</ele></trkpt>
<trkpt lat="37.888967" lon="127.195822" sectionIndex="0" pointIndex="3683" originalElevation="102.0" isOriginalElevationFromOSM="false"><ele>101.0</ele></trkpt>
<trkpt lat="37.888096" lon="127.194880" sectionIndex="0" pointIndex="3684" originalElevation="100.0" isOriginalElevationFromOSM="false"><ele>101.1</ele></trkpt>
<trkpt lat="37.888090" lon="127.194870" sectionIndex="0" pointIndex="3685" originalElevation="101.1" isOriginalElevationFromOSM="true"><ele>101.6</ele></trkpt>
<trkpt lat="37.887910" lon="127.194640" sectionIndex="0" pointIndex="3686" originalElevation="101.8" isOriginalElevationFromOSM="true"><ele>102.2</ele></trkpt>
<trkpt lat="37.886650" lon="127.193300" sectionIndex="0" pointIndex="3687" originalElevation="103.0" isOriginalElevationFromOSM="true"><ele>103.2</ele></trkpt>
<trkpt lat="37.884830" lon="127.191310" sectionIndex="0" pointIndex="3688" originalElevation="105.3" isOriginalElevationFromOSM="true"><ele>103.4</ele></trkpt>
<trkpt lat="37.884790" lon="127.191360" sectionIndex="0" pointIndex="3689" originalElevation="105.0" isOriginalElevationFromOSM="true"><ele>102.9</ele></trkpt>
<trkpt lat="37.884340" lon="127.192230" sectionIndex="0" pointIndex="3690" originalElevation="101.7" isOriginalElevationFromOSM="true"><ele>102.1</ele></trkpt>
<trkpt lat="37.884150" lon="127.192670" sectionIndex="0" pointIndex="3691" originalElevation="99.6" isOriginalElevationFromOSM="true"><ele>100.7</ele></trkpt>
<trkpt lat="37.884010" lon="127.193120" sectionIndex="0" pointIndex="3692" originalElevation="98.7" isOriginalElevationFromOSM="true"><ele>99.4</ele></trkpt>
<trkpt lat="37.883960" lon="127.193320" sectionIndex="0" pointIndex="3693" originalElevation="98.3" isOriginalElevationFromOSM="true"><ele>98.9</ele></trkpt>
<trkpt lat="37.883570" lon="127.193260" sectionIndex="0" pointIndex="3694" originalElevation="98.9" isOriginalElevationFromOSM="true"><ele>98.8</ele></trkpt>
<trkpt lat="37.883190" lon="127.193300" sectionIndex="0" pointIndex="3695" originalElevation="99.2" isOriginalElevationFromOSM="true"><ele>98.9</ele></trkpt>
<trkpt lat="37.883040" lon="127.193430" sectionIndex="0" pointIndex="3696" originalElevation="99.1" isOriginalElevationFromOSM="true"><ele>98.8</ele></trkpt>
<trkpt lat="37.882740" lon="127.193650" sectionIndex="0" pointIndex="3697" originalElevation="98.8" isOriginalElevationFromOSM="true"><ele>99.0</ele></trkpt>
<trkpt lat="37.882090" lon="127.194040" sectionIndex="0" pointIndex="3698" originalElevation="97.9" isOriginalElevationFromOSM="true"><ele>99.1</ele></trkpt>
<trkpt lat="37.880410" lon="127.195960" sectionIndex="0" pointIndex="3699" originalElevation="100.0" isOriginalElevationFromOSM="true"><ele>99.1</ele></trkpt>
<trkpt lat="37.880090" lon="127.195410" sectionIndex="0" pointIndex="3700" originalElevation="99.6" isOriginalElevationFromOSM="true"><ele>99.1</ele></trkpt>
<trkpt lat="37.879830" lon="127.195060" sectionIndex="0" pointIndex="3701" originalElevation="99.3" isOriginalElevationFromOSM="true"><ele>99.2</ele></trkpt>
<trkpt lat="37.879550" lon="127.194820" sectionIndex="0" pointIndex="3702" originalElevation="98.8" isOriginalElevationFromOSM="true"><ele>98.8</ele></trkpt>
<trkpt lat="37.879230" lon="127.194650" sectionIndex="0" pointIndex="3703" originalElevation="98.3" isOriginalElevationFromOSM="true"><ele>98.4</ele></trkpt>
<trkpt lat="37.878920" lon="127.194420" sectionIndex="0" pointIndex="3704" originalElevation="97.9" isOriginalElevationFromOSM="true"><ele>98.0</ele></trkpt>
<trkpt lat="37.878720" lon="127.194240" sectionIndex="0" pointIndex="3705" originalElevation="97.7" isOriginalElevationFromOSM="true"><ele>97.9</ele></trkpt>
<trkpt lat="37.878520" lon="127.194040" sectionIndex="0" pointIndex="3706" originalElevation="97.4" isOriginalElevationFromOSM="true"><ele>97.8</ele></trkpt>
<trkpt lat="37.877570" lon="127.192410" sectionIndex="0" pointIndex="3707" originalElevation="98.2" isOriginalElevationFromOSM="true"><ele>98.2</ele></trkpt>
<trkpt lat="37.877060" lon="127.191810" sectionIndex="0" pointIndex="3708" originalElevation="98.1" isOriginalElevationFromOSM="true"><ele>98.7</ele></trkpt>
<trkpt lat="37.876730" lon="127.191560" sectionIndex="0" pointIndex="3709" originalElevation="99.5" isOriginalElevationFromOSM="true"><ele>99.0</ele></trkpt>
<trkpt lat="37.876270" lon="127.191290" sectionIndex="0" pointIndex="3710" originalElevation="100.1" isOriginalElevationFromOSM="true"><ele>99.0</ele></trkpt>
<trkpt lat="37.875140" lon="127.190920" sectionIndex="0" pointIndex="3711" originalElevation="99.0" isOriginalElevationFromOSM="true"><ele>98.6</ele></trkpt>
<trkpt lat="37.874700" lon="127.190660" sectionIndex="0" pointIndex="3712" originalElevation="98.6" isOriginalElevationFromOSM="true"><ele>97.6</ele></trkpt>
<trkpt lat="37.874230" lon="127.190170" sectionIndex="0" pointIndex="3713" originalElevation="95.8" isOriginalElevationFromOSM="true"><ele>97.5</ele></trkpt>
<trkpt lat="37.873940" lon="127.189780" sectionIndex="0" pointIndex="3714" originalElevation="94.6" isOriginalElevationFromOSM="true"><ele>97.2</ele></trkpt>
<trkpt lat="37.872890" lon="127.187420" sectionIndex="0" pointIndex="3715" originalElevation="99.3" isOriginalElevationFromOSM="true"><ele>97.7</ele></trkpt>
<trkpt lat="37.872680" lon="127.187120" sectionIndex="0" pointIndex="3716" originalElevation="97.9" isOriginalElevationFromOSM="true"><ele>98.7</ele></trkpt>
<trkpt lat="37.870120" lon="127.184380" sectionIndex="0" pointIndex="3717" originalElevation="100.8" isOriginalElevationFromOSM="true"><ele>100.0</ele></trkpt>
<trkpt lat="37.869630" lon="127.184050" sectionIndex="0" pointIndex="3718" originalElevation="101.1" isOriginalElevationFromOSM="true"><ele>100.4</ele></trkpt>
<trkpt lat="37.869110" lon="127.183810" sectionIndex="0" pointIndex="3719" originalElevation="101.0" isOriginalElevationFromOSM="true"><ele>101.3</ele></trkpt>
<trkpt lat="37.868570" lon="127.183730" sectionIndex="0" pointIndex="3720" originalElevation="101.1" isOriginalElevationFromOSM="true"><ele>101.7</ele></trkpt>
<trkpt lat="37.867830" lon="127.183760" sectionIndex="0" pointIndex="3721" originalElevation="102.7" isOriginalElevationFromOSM="true"><ele>101.9</ele></trkpt>
<trkpt lat="37.867250" lon="127.183870" sectionIndex="0" pointIndex="3722" originalElevation="102.8" isOriginalElevationFromOSM="true"><ele>102.0</ele></trkpt>
<trkpt lat="37.866840" lon="127.183870" sectionIndex="0" pointIndex="3723" originalElevation="101.7" isOriginalElevationFromOSM="true"><ele>102.0</ele></trkpt>
<trkpt lat="37.866530" lon="127.183830" sectionIndex="0" pointIndex="3724" originalElevation="101.5" isOriginalElevationFromOSM="true"><ele>101.7</ele></trkpt>
<trkpt lat="37.866320" lon="127.183770" sectionIndex="0" pointIndex="3725" originalElevation="101.4" isOriginalElevationFromOSM="true"><ele>101.3</ele></trkpt>
<trkpt lat="37.865830" lon="127.183550" sectionIndex="0" pointIndex="3726" originalElevation="101.0" isOriginalElevationFromOSM="true"><ele>101.3</ele></trkpt>
<trkpt lat="37.865570" lon="127.183380" sectionIndex="0" pointIndex="3727" originalElevation="101.1" isOriginalElevationFromOSM="true"><ele>101.5</ele></trkpt>
<trkpt lat="37.865370" lon="127.183210" sectionIndex="0" pointIndex="3728" originalElevation="101.4" isOriginalElevationFromOSM="true"><ele>102.2</ele></trkpt>
<trkpt lat="37.864990" lon="127.182820" sectionIndex="0" pointIndex="3729" originalElevation="102.4" isOriginalElevationFromOSM="true"><ele>102.5</ele></trkpt>
<trkpt lat="37.864290" lon="127.182030" sectionIndex="0" pointIndex="3730" originalElevation="104.9" isOriginalElevationFromOSM="true"><ele>102.9</ele></trkpt>
<trkpt lat="37.863090" lon="127.180820" sectionIndex="0" pointIndex="3731" originalElevation="102.7" isOriginalElevationFromOSM="true"><ele>103.7</ele></trkpt>
<trkpt lat="37.862690" lon="127.180210" sectionIndex="0" pointIndex="3732" originalElevation="103.0" isOriginalElevationFromOSM="true"><ele>104.5</ele></trkpt>
<trkpt lat="37.862370" lon="127.179620" sectionIndex="0" pointIndex="3733" originalElevation="105.4" isOriginalElevationFromOSM="true"><ele>103.8</ele></trkpt>
<trkpt lat="37.862190" lon="127.179170" sectionIndex="0" pointIndex="3734" originalElevation="106.3" isOriginalElevationFromOSM="true"><ele>103.4</ele></trkpt>
<trkpt lat="37.861690" lon="127.177300" sectionIndex="0" pointIndex="3735" originalElevation="101.5" isOriginalElevationFromOSM="true"><ele>103.4</ele></trkpt>
<trkpt lat="37.861490" lon="127.176700" sectionIndex="0" pointIndex="3736" originalElevation="100.9" isOriginalElevationFromOSM="true"><ele>103.1</ele></trkpt>
<trkpt lat="37.861270" lon="127.176220" sectionIndex="0" pointIndex="3737" originalElevation="103.0" isOriginalElevationFromOSM="true"><ele>102.6</ele></trkpt>
<trkpt lat="37.861030" lon="127.175850" sectionIndex="0" pointIndex="3738" originalElevation="104.0" isOriginalElevationFromOSM="true"><ele>103.4</ele></trkpt>
<trkpt lat="37.860420" lon="127.175110" sectionIndex="0" pointIndex="3739" originalElevation="103.7" isOriginalElevationFromOSM="true"><ele>104.1</ele></trkpt>
<trkpt lat="37.859640" lon="127.174340" sectionIndex="0" pointIndex="3740" originalElevation="105.6" isOriginalElevationFromOSM="true"><ele>104.3</ele></trkpt>
<trkpt lat="37.859240" lon="127.173990" sectionIndex="0" pointIndex="3741" originalElevation="104.2" isOriginalElevationFromOSM="true"><ele>104.7</ele></trkpt>
<trkpt lat="37.858870" lon="127.173850" sectionIndex="0" pointIndex="3742" originalElevation="104.0" isOriginalElevationFromOSM="true"><ele>105.2</ele></trkpt>
<trkpt lat="37.858240" lon="127.173700" sectionIndex="0" pointIndex="3743" originalElevation="106.1" isOriginalElevationFromOSM="true"><ele>105.1</ele></trkpt>
<trkpt lat="37.857840" lon="127.173740" sectionIndex="0" pointIndex="3744" originalElevation="106.0" isOriginalElevationFromOSM="true"><ele>105.4</ele></trkpt>
<trkpt lat="37.856700" lon="127.173960" sectionIndex="0" pointIndex="3745" originalElevation="105.3" isOriginalElevationFromOSM="true"><ele>106.0</ele></trkpt>
<trkpt lat="37.856310" lon="127.173920" sectionIndex="0" pointIndex="3746" originalElevation="105.5" isOriginalElevationFromOSM="true"><ele>106.2</ele></trkpt>
<trkpt lat="37.855080" lon="127.173550" sectionIndex="0" pointIndex="3747" originalElevation="107.0" isOriginalElevationFromOSM="true"><ele>106.4</ele></trkpt>
<trkpt lat="37.854900" lon="127.173480" sectionIndex="0" pointIndex="3748" originalElevation="107.3" isOriginalElevationFromOSM="true"><ele>106.8</ele></trkpt>
<trkpt lat="37.854700" lon="127.173330" sectionIndex="0" pointIndex="3749" originalElevation="107.0" isOriginalElevationFromOSM="true"><ele>107.0</ele></trkpt>
<trkpt lat="37.852860" lon="127.170820" sectionIndex="0" pointIndex="3750" originalElevation="107.3" isOriginalElevationFromOSM="true"><ele>106.9</ele></trkpt>
<trkpt lat="37.852690" lon="127.170580" sectionIndex="0" pointIndex="3751" originalElevation="106.5" isOriginalElevationFromOSM="true"><ele>106.8</ele></trkpt>
<trkpt lat="37.852390" lon="127.170340" sectionIndex="0" pointIndex="3752" originalElevation="106.4" isOriginalElevationFromOSM="true"><ele>106.7</ele></trkpt>
<trkpt lat="37.852130" lon="127.170200" sectionIndex="0" pointIndex="3753" originalElevation="107.0" isOriginalElevationFromOSM="true"><ele>106.7</ele></trkpt>
<trkpt lat="37.851320" lon="127.169900" sectionIndex="0" pointIndex="3754" originalElevation="106.1" isOriginalElevationFromOSM="true"><ele>107.0</ele></trkpt>
<trkpt lat="37.849940" lon="127.169340" sectionIndex="0" pointIndex="3755" originalElevation="107.6" isOriginalElevationFromOSM="true"><ele>107.3</ele></trkpt>
<trkpt lat="37.849740" lon="127.169190" sectionIndex="0" pointIndex="3756" originalElevation="107.7" isOriginalElevationFromOSM="true"><ele>107.3</ele></trkpt>
<trkpt lat="37.849450" lon="127.168740" sectionIndex="0" pointIndex="3757" originalElevation="108.1" isOriginalElevationFromOSM="true"><ele>106.7</ele></trkpt>
<trkpt lat="37.848560" lon="127.166810" sectionIndex="0" pointIndex="3758" originalElevation="106.8" isOriginalElevationFromOSM="true"><ele>106.1</ele></trkpt>
<trkpt lat="37.848250" lon="127.166020" sectionIndex="0" pointIndex="3759" originalElevation="103.4" isOriginalElevationFromOSM="true"><ele>105.7</ele></trkpt>
<trkpt lat="37.847980" lon="127.165240" sectionIndex="0" pointIndex="3760" originalElevation="104.4" isOriginalElevationFromOSM="true"><ele>105.5</ele></trkpt>
<trkpt lat="37.847830" lon="127.165030" sectionIndex="0" pointIndex="3761" originalElevation="105.8" isOriginalElevationFromOSM="true"><ele>105.8</ele></trkpt>
<trkpt lat="37.847690" lon="127.164890" sectionIndex="0" pointIndex="3762" originalElevation="107.0" isOriginalElevationFromOSM="true"><ele>106.7</ele></trkpt>
<trkpt lat="37.847530" lon="127.164790" sectionIndex="0" pointIndex="3763" originalElevation="108.2" isOriginalElevationFromOSM="true"><ele>107.4</ele></trkpt>
<trkpt lat="37.847330" lon="127.164770" sectionIndex="0" pointIndex="3764" originalElevation="108.2" isOriginalElevationFromOSM="true"><ele>107.7</ele></trkpt>
<trkpt lat="37.847150" lon="127.164800" sectionIndex="0" pointIndex="3765" originalElevation="107.9" isOriginalElevationFromOSM="true"><ele>107.7</ele></trkpt>
<trkpt lat="37.846670" lon="127.165240" sectionIndex="0" pointIndex="3766" originalElevation="107.0" isOriginalElevationFromOSM="true"><ele>107.6</ele></trkpt>
<trkpt lat="37.846400" lon="127.165380" sectionIndex="0" pointIndex="3767" originalElevation="107.3" isOriginalElevationFromOSM="true"><ele>107.3</ele></trkpt>
<trkpt lat="37.846190" lon="127.165430" sectionIndex="0" pointIndex="3768" originalElevation="107.6" isOriginalElevationFromOSM="true"><ele>107.7</ele></trkpt>
<trkpt lat="37.845130" lon="127.165050" sectionIndex="0" pointIndex="3769" originalElevation="107.0" isOriginalElevationFromOSM="true"><ele>108.3</ele></trkpt>
<trkpt lat="37.843940" lon="127.164590" sectionIndex="0" pointIndex="3770" originalElevation="109.7" isOriginalElevationFromOSM="true"><ele>109.0</ele></trkpt>
<trkpt lat="37.843720" lon="127.164470" sectionIndex="0" pointIndex="3771" originalElevation="109.9" isOriginalElevationFromOSM="true"><ele>109.0</ele></trkpt>
<trkpt lat="37.843460" lon="127.164220" sectionIndex="0" pointIndex="3772" originalElevation="110.8" isOriginalElevationFromOSM="true"><ele>109.6</ele></trkpt>
<trkpt lat="37.842920" lon="127.163620" sectionIndex="0" pointIndex="3773" originalElevation="107.8" isOriginalElevationFromOSM="true"><ele>109.9</ele></trkpt>
<trkpt lat="37.841770" lon="127.162500" sectionIndex="0" pointIndex="3774" originalElevation="109.7" isOriginalElevationFromOSM="true"><ele>110.1</ele></trkpt>
<trkpt lat="37.841160" lon="127.162050" sectionIndex="0" pointIndex="3775" originalElevation="111.2" isOriginalElevationFromOSM="true"><ele>110.0</ele></trkpt>
<trkpt lat="37.839530" lon="127.161040" sectionIndex="0" pointIndex="3776" originalElevation="110.9" isOriginalElevationFromOSM="true"><ele>110.2</ele></trkpt>
<trkpt lat="37.838660" lon="127.160640" sectionIndex="0" pointIndex="3777" originalElevation="110.2" isOriginalElevationFromOSM="true"><ele>110.3</ele></trkpt>
<trkpt lat="37.836700" lon="127.159860" sectionIndex="0" pointIndex="3778" originalElevation="109.1" isOriginalElevationFromOSM="true"><ele>110.2</ele></trkpt>
<trkpt lat="37.836460" lon="127.159740" sectionIndex="0" pointIndex="3779" originalElevation="109.9" isOriginalElevationFromOSM="true"><ele>110.2</ele></trkpt>
<trkpt lat="37.836170" lon="127.159720" sectionIndex="0" pointIndex="3780" originalElevation="110.7" isOriginalElevationFromOSM="true"><ele>110.2</ele></trkpt>
<trkpt lat="37.835870" lon="127.159880" sectionIndex="0" pointIndex="3781" originalElevation="111.2" isOriginalElevationFromOSM="true"><ele>110.2</ele></trkpt>
<trkpt lat="37.835720" lon="127.160050" sectionIndex="0" pointIndex="3782" originalElevation="110.0" isOriginalElevationFromOSM="true"><ele>110.1</ele></trkpt>
<trkpt lat="37.835630" lon="127.160310" sectionIndex="0" pointIndex="3783" originalElevation="109.3" isOriginalElevationFromOSM="true"><ele>110.0</ele></trkpt>
<trkpt lat="37.835520" lon="127.160760" sectionIndex="0" pointIndex="3784" originalElevation="109.3" isOriginalElevationFromOSM="true"><ele>109.9</ele></trkpt>
<trkpt lat="37.835430" lon="127.160950" sectionIndex="0" pointIndex="3785" originalElevation="110.1" isOriginalElevationFromOSM="true"><ele>110.2</ele></trkpt>
<trkpt lat="37.835330" lon="127.161070" sectionIndex="0" pointIndex="3786" originalElevation="110.8" isOriginalElevationFromOSM="true"><ele>110.8</ele></trkpt>
<trkpt lat="37.835180" lon="127.161210" sectionIndex="0" pointIndex="3787" originalElevation="111.6" isOriginalElevationFromOSM="true"><ele>111.2</ele></trkpt>
<trkpt lat="37.834930" lon="127.161330" sectionIndex="0" pointIndex="3788" originalElevation="112.2" isOriginalElevationFromOSM="true"><ele>111.2</ele></trkpt>
<trkpt lat="37.834650" lon="127.161350" sectionIndex="0" pointIndex="3789" originalElevation="111.5" isOriginalElevationFromOSM="true"><ele>111.3</ele></trkpt>
<trkpt lat="37.833790" lon="127.161320" sectionIndex="0" pointIndex="3790" originalElevation="109.9" isOriginalElevationFromOSM="true"><ele>111.5</ele></trkpt>
<trkpt lat="37.832380" lon="127.161320" sectionIndex="0" pointIndex="3791" originalElevation="111.3" isOriginalElevationFromOSM="true"><ele>111.6</ele></trkpt>
<trkpt lat="37.831210" lon="127.161410" sectionIndex="0" pointIndex="3792" originalElevation="112.4" isOriginalElevationFromOSM="true"><ele>112.0</ele></trkpt>
<trkpt lat="37.830560" lon="127.161410" sectionIndex="0" pointIndex="3793" originalElevation="112.9" isOriginalElevationFromOSM="true"><ele>112.6</ele></trkpt>
<trkpt lat="37.829410" lon="127.161270" sectionIndex="0" pointIndex="3794" originalElevation="113.3" isOriginalElevationFromOSM="true"><ele>113.0</ele></trkpt>
<trkpt lat="37.829570" lon="127.161220" sectionIndex="0" pointIndex="3795" originalElevation="113.3" isOriginalElevationFromOSM="true"><ele>113.2</ele></trkpt>
<trkpt lat="37.830310" lon="127.161250" sectionIndex="0" pointIndex="3796" originalElevation="113.1" isOriginalElevationFromOSM="true"><ele>113.3</ele></trkpt>
<trkpt lat="37.829570" lon="127.161220" sectionIndex="0" pointIndex="3797" originalElevation="113.3" isOriginalElevationFromOSM="true"><ele>113.2</ele></trkpt>
<trkpt lat="37.829410" lon="127.161270" sectionIndex="0" pointIndex="3798" originalElevation="113.3" isOriginalElevationFromOSM="true"><ele>114.9</ele></trkpt>
<trkpt lat="37.828810" lon="127.161220" sectionIndex="0" pointIndex="3799" originalElevation="113.1" isOriginalElevationFromOSM="true"><ele>116.8</ele></trkpt>
<trkpt lat="37.819770" lon="127.160980" sectionIndex="0" pointIndex="3800" originalElevation="121.7" isOriginalElevationFromOSM="true"><ele>118.9</ele></trkpt>
<trkpt lat="37.819470" lon="127.160850" sectionIndex="0" pointIndex="3801" originalElevation="122.8" isOriginalElevationFromOSM="true"><ele>121.0</ele></trkpt>
<trkpt lat="37.819250" lon="127.160640" sectionIndex="0" pointIndex="3802" originalElevation="123.6" isOriginalElevationFromOSM="true"><ele>123.7</ele></trkpt>
<trkpt lat="37.819040" lon="127.160350" sectionIndex="0" pointIndex="3803" originalElevation="123.6" isOriginalElevationFromOSM="true"><ele>123.7</ele></trkpt>
<trkpt lat="37.818000" lon="127.157930" sectionIndex="0" pointIndex="3804" originalElevation="126.8" isOriginalElevationFromOSM="true"><ele>123.8</ele></trkpt>
<trkpt lat="37.817040" lon="127.156290" sectionIndex="0" pointIndex="3805" originalElevation="121.9" isOriginalElevationFromOSM="true"><ele>123.6</ele></trkpt>
<trkpt lat="37.816800" lon="127.155670" sectionIndex="0" pointIndex="3806" originalElevation="123.1" isOriginalElevationFromOSM="true"><ele>123.5</ele></trkpt>
<trkpt lat="37.816760" lon="127.154860" sectionIndex="0" pointIndex="3807" originalElevation="122.7" isOriginalElevationFromOSM="true"><ele>123.1</ele></trkpt>
<trkpt lat="37.816760" lon="127.153490" sectionIndex="0" pointIndex="3808" originalElevation="122.8" isOriginalElevationFromOSM="true"><ele>124.2</ele></trkpt>
<trkpt lat="37.816520" lon="127.152950" sectionIndex="0" pointIndex="3809" originalElevation="125.1" isOriginalElevationFromOSM="true"><ele>125.8</ele></trkpt>
<trkpt lat="37.815840" lon="127.152080" sectionIndex="0" pointIndex="3810" originalElevation="127.5" isOriginalElevationFromOSM="true"><ele>129.3</ele></trkpt>
<trkpt lat="37.814860" lon="127.150970" sectionIndex="0" pointIndex="3811" originalElevation="131.2" isOriginalElevationFromOSM="true"><ele>133.6</ele></trkpt>
<trkpt lat="37.814290" lon="127.150290" sectionIndex="0" pointIndex="3812" originalElevation="140.2" isOriginalElevationFromOSM="true"><ele>133.8</ele></trkpt>
<trkpt lat="37.814010" lon="127.149470" sectionIndex="0" pointIndex="3813" originalElevation="144.0" isOriginalElevationFromOSM="true"><ele>133.4</ele></trkpt>
<trkpt lat="37.813290" lon="127.146190" sectionIndex="0" pointIndex="3814" originalElevation="126.0" isOriginalElevationFromOSM="true"><ele>131.8</ele></trkpt>
<trkpt lat="37.813190" lon="127.145850" sectionIndex="0" pointIndex="3815" originalElevation="125.5" isOriginalElevationFromOSM="true"><ele>129.0</ele></trkpt>
<trkpt lat="37.812850" lon="127.144730" sectionIndex="0" pointIndex="3816" originalElevation="123.1" isOriginalElevationFromOSM="true"><ele>125.5</ele></trkpt>
<trkpt lat="37.812560" lon="127.143900" sectionIndex="0" pointIndex="3817" originalElevation="126.2" isOriginalElevationFromOSM="true"><ele>125.6</ele></trkpt>
<trkpt lat="37.812330" lon="127.143400" sectionIndex="0" pointIndex="3818" originalElevation="126.7" isOriginalElevationFromOSM="true"><ele>125.6</ele></trkpt>
<trkpt lat="37.812020" lon="127.142890" sectionIndex="0" pointIndex="3819" originalElevation="126.6" isOriginalElevationFromOSM="true"><ele>126.1</ele></trkpt>
<trkpt lat="37.810620" lon="127.140360" sectionIndex="0" pointIndex="3820" originalElevation="125.4" isOriginalElevationFromOSM="true"><ele>125.6</ele></trkpt>
<trkpt lat="37.810180" lon="127.139580" sectionIndex="0" pointIndex="3821" originalElevation="125.8" isOriginalElevationFromOSM="true"><ele>125.0</ele></trkpt>
<trkpt lat="37.809510" lon="127.138500" sectionIndex="0" pointIndex="3822" originalElevation="123.4" isOriginalElevationFromOSM="true"><ele>125.0</ele></trkpt>
<trkpt lat="37.808970" lon="127.137800" sectionIndex="0" pointIndex="3823" originalElevation="124.0" isOriginalElevationFromOSM="true"><ele>125.2</ele></trkpt>
<trkpt lat="37.808420" lon="127.137390" sectionIndex="0" pointIndex="3824" originalElevation="126.2" isOriginalElevationFromOSM="true"><ele>125.5</ele></trkpt>
<trkpt lat="37.806910" lon="127.136750" sectionIndex="0" pointIndex="3825" originalElevation="126.5" isOriginalElevationFromOSM="true"><ele>126.4</ele></trkpt>
<trkpt lat="37.806370" lon="127.136490" sectionIndex="0" pointIndex="3826" originalElevation="127.2" isOriginalElevationFromOSM="true"><ele>127.5</ele></trkpt>
<trkpt lat="37.805970" lon="127.136300" sectionIndex="0" pointIndex="3827" originalElevation="128.1" isOriginalElevationFromOSM="true"><ele>128.2</ele></trkpt>
<trkpt lat="37.805110" lon="127.135810" sectionIndex="0" pointIndex="3828" originalElevation="129.7" isOriginalElevationFromOSM="true"><ele>128.9</ele></trkpt>
<trkpt lat="37.804830" lon="127.135480" sectionIndex="0" pointIndex="3829" originalElevation="129.5" isOriginalElevationFromOSM="true"><ele>129.8</ele></trkpt>
<trkpt lat="37.804410" lon="127.135020" sectionIndex="0" pointIndex="3830" originalElevation="129.9" isOriginalElevationFromOSM="true"><ele>130.8</ele></trkpt>
<trkpt lat="37.803060" lon="127.134190" sectionIndex="0" pointIndex="3831" originalElevation="132.1" isOriginalElevationFromOSM="true"><ele>131.2</ele></trkpt>
<trkpt lat="37.802370" lon="127.133980" sectionIndex="0" pointIndex="3832" originalElevation="132.6" isOriginalElevationFromOSM="true"><ele>133.5</ele></trkpt>
<trkpt lat="37.801570" lon="127.133920" sectionIndex="0" pointIndex="3833" originalElevation="132.1" isOriginalElevationFromOSM="true"><ele>137.1</ele></trkpt>
<trkpt lat="37.797130" lon="127.134490" sectionIndex="0" pointIndex="3834" originalElevation="140.8" isOriginalElevationFromOSM="true"><ele>140.2</ele></trkpt>
<trkpt lat="37.795410" lon="127.134920" sectionIndex="0" pointIndex="3835" originalElevation="147.7" isOriginalElevationFromOSM="true"><ele>142.5</ele></trkpt>
<trkpt lat="37.794870" lon="127.134900" sectionIndex="0" pointIndex="3836" originalElevation="148.0" isOriginalElevationFromOSM="true"><ele>144.4</ele></trkpt>
<trkpt lat="37.793820" lon="127.134680" sectionIndex="0" pointIndex="3837" originalElevation="144.1" isOriginalElevationFromOSM="true"><ele>144.2</ele></trkpt>
<trkpt lat="37.792830" lon="127.134280" sectionIndex="0" pointIndex="3838" originalElevation="141.4" isOriginalElevationFromOSM="true"><ele>142.4</ele></trkpt>
<trkpt lat="37.792640" lon="127.134180" sectionIndex="0" pointIndex="3839" originalElevation="140.0" isOriginalElevationFromOSM="true"><ele>140.4</ele></trkpt>
<trkpt lat="37.792470" lon="127.134100" sectionIndex="0" pointIndex="3840" originalElevation="138.7" isOriginalElevationFromOSM="true"><ele>139.0</ele></trkpt>
<trkpt lat="37.792290" lon="127.133950" sectionIndex="0" pointIndex="3841" originalElevation="137.7" isOriginalElevationFromOSM="true"><ele>138.0</ele></trkpt>
<trkpt lat="37.792140" lon="127.133790" sectionIndex="0" pointIndex="3842" originalElevation="137.1" isOriginalElevationFromOSM="true"><ele>137.4</ele></trkpt>
<trkpt lat="37.792000" lon="127.133590" sectionIndex="0" pointIndex="3843" originalElevation="136.7" isOriginalElevationFromOSM="true"><ele>137.1</ele></trkpt>
<trkpt lat="37.791540" lon="127.132370" sectionIndex="0" pointIndex="3844" originalElevation="136.6" isOriginalElevationFromOSM="true"><ele>137.2</ele></trkpt>
<trkpt lat="37.791380" lon="127.132060" sectionIndex="0" pointIndex="3845" originalElevation="137.5" isOriginalElevationFromOSM="true"><ele>137.5</ele></trkpt>
<trkpt lat="37.791270" lon="127.131890" sectionIndex="0" pointIndex="3846" originalElevation="138.1" isOriginalElevationFromOSM="true"><ele>138.2</ele></trkpt>
<trkpt lat="37.791140" lon="127.131770" sectionIndex="0" pointIndex="3847" originalElevation="138.8" isOriginalElevationFromOSM="true"><ele>138.9</ele></trkpt>
<trkpt lat="37.790860" lon="127.131550" sectionIndex="0" pointIndex="3848" originalElevation="140.1" isOriginalElevationFromOSM="true"><ele>139.5</ele></trkpt>
<trkpt lat="37.790880" lon="127.131480" sectionIndex="0" pointIndex="3849" originalElevation="140.2" isOriginalElevationFromOSM="true"><ele>140.0</ele></trkpt>
<trkpt lat="37.790870" lon="127.131440" sectionIndex="0" pointIndex="3850" originalElevation="140.3" isOriginalElevationFromOSM="true"><ele>140.4</ele></trkpt>
<trkpt lat="37.790840" lon="127.131390" sectionIndex="0" pointIndex="3851" originalElevation="140.6" isOriginalElevationFromOSM="true"><ele>140.6</ele></trkpt>
<trkpt lat="37.790760" lon="127.131350" sectionIndex="0" pointIndex="3852" originalElevation="141.0" isOriginalElevationFromOSM="true"><ele>140.8</ele></trkpt>
<trkpt lat="37.790700" lon="127.131390" sectionIndex="0" pointIndex="3853" originalElevation="141.1" isOriginalElevationFromOSM="true"><ele>141.7</ele></trkpt>
<trkpt lat="37.790680" lon="127.131420" sectionIndex="0" pointIndex="3854" originalElevation="141.1" isOriginalElevationFromOSM="true"><ele>142.7</ele></trkpt>
<trkpt lat="37.790110" lon="127.131130" sectionIndex="0" pointIndex="3855" originalElevation="144.6" isOriginalElevationFromOSM="true"><ele>143.7</ele></trkpt>
<trkpt lat="37.790000" lon="127.131050" sectionIndex="0" pointIndex="3856" originalElevation="145.6" isOriginalElevationFromOSM="true"><ele>144.9</ele></trkpt>
<trkpt lat="37.789910" lon="127.130960" sectionIndex="0" pointIndex="3857" originalElevation="146.3" isOriginalElevationFromOSM="true"><ele>145.4</ele></trkpt>
<trkpt lat="37.789820" lon="127.130810" sectionIndex="0" pointIndex="3858" originalElevation="147.2" isOriginalElevationFromOSM="true"><ele>144.9</ele></trkpt>
<trkpt lat="37.789300" lon="127.129780" sectionIndex="0" pointIndex="3859" originalElevation="143.5" isOriginalElevationFromOSM="true"><ele>143.7</ele></trkpt>
<trkpt lat="37.789070" lon="127.129400" sectionIndex="0" pointIndex="3860" originalElevation="142.1" isOriginalElevationFromOSM="true"><ele>141.5</ele></trkpt>
<trkpt lat="37.788520" lon="127.128730" sectionIndex="0" pointIndex="3861" originalElevation="139.3" isOriginalElevationFromOSM="true"><ele>139.1</ele></trkpt>
<trkpt lat="37.788070" lon="127.128210" sectionIndex="0" pointIndex="3862" originalElevation="135.6" isOriginalElevationFromOSM="true"><ele>137.6</ele></trkpt>
<trkpt lat="37.787360" lon="127.127340" sectionIndex="0" pointIndex="3863" originalElevation="134.8" isOriginalElevationFromOSM="true"><ele>136.6</ele></trkpt>
<trkpt lat="37.786900" lon="127.126770" sectionIndex="0" pointIndex="3864" originalElevation="136.4" isOriginalElevationFromOSM="true"><ele>136.3</ele></trkpt>
<trkpt lat="37.785820" lon="127.125580" sectionIndex="0" pointIndex="3865" originalElevation="136.7" isOriginalElevationFromOSM="true"><ele>137.4</ele></trkpt>
<trkpt lat="37.785130" lon="127.124880" sectionIndex="0" pointIndex="3866" originalElevation="138.3" isOriginalElevationFromOSM="true"><ele>138.8</ele></trkpt>
<trkpt lat="37.784430" lon="127.124240" sectionIndex="0" pointIndex="3867" originalElevation="140.6" isOriginalElevationFromOSM="true"><ele>140.9</ele></trkpt>
<trkpt lat="37.783230" lon="127.123240" sectionIndex="0" pointIndex="3868" originalElevation="142.3" isOriginalElevationFromOSM="true"><ele>143.4</ele></trkpt>
<trkpt lat="37.782550" lon="127.122610" sectionIndex="0" pointIndex="3869" originalElevation="146.4" isOriginalElevationFromOSM="true"><ele>146.5</ele></trkpt>
<trkpt lat="37.781980" lon="127.121990" sectionIndex="0" pointIndex="3870" originalElevation="149.4" isOriginalElevationFromOSM="true"><ele>149.2</ele></trkpt>
<trkpt lat="37.781460" lon="127.121330" sectionIndex="0" pointIndex="3871" originalElevation="153.7" isOriginalElevationFromOSM="true"><ele>151.8</ele></trkpt>
<trkpt lat="37.781230" lon="127.121010" sectionIndex="0" pointIndex="3872" originalElevation="154.4" isOriginalElevationFromOSM="true"><ele>154.0</ele></trkpt>
<trkpt lat="37.781020" lon="127.120700" sectionIndex="0" pointIndex="3873" originalElevation="155.2" isOriginalElevationFromOSM="true"><ele>155.7</ele></trkpt>
<trkpt lat="37.779800" lon="127.118750" sectionIndex="0" pointIndex="3874" originalElevation="157.4" isOriginalElevationFromOSM="true"><ele>156.8</ele></trkpt>
<trkpt lat="37.779720" lon="127.118660" sectionIndex="0" pointIndex="3875" originalElevation="157.9" isOriginalElevationFromOSM="true"><ele>157.7</ele></trkpt>
<trkpt lat="37.779400" lon="127.117980" sectionIndex="0" pointIndex="3876" originalElevation="158.9" isOriginalElevationFromOSM="true"><ele>158.3</ele></trkpt>
<trkpt lat="37.779190" lon="127.117560" sectionIndex="0" pointIndex="3877" originalElevation="159.1" isOriginalElevationFromOSM="true"><ele>158.2</ele></trkpt>
<trkpt lat="37.778530" lon="127.116330" sectionIndex="0" pointIndex="3878" originalElevation="158.1" isOriginalElevationFromOSM="true"><ele>161.0</ele></trkpt>
<trkpt lat="37.778390" lon="127.116050" sectionIndex="0" pointIndex="3879" originalElevation="157.0" isOriginalElevationFromOSM="true"><ele>160.6</ele></trkpt>
<trkpt lat="37.778307" lon="127.115794" sectionIndex="0" pointIndex="3880" originalElevation="172.0" isOriginalElevationFromOSM="false"><ele>160.3</ele></trkpt>
<trkpt lat="37.778505" lon="127.115511" sectionIndex="0" pointIndex="3881" originalElevation="157.0" isOriginalElevationFromOSM="false"><ele>161.4</ele></trkpt>
<trkpt lat="37.778570" lon="127.115410" sectionIndex="0" pointIndex="3882" originalElevation="157.5" isOriginalElevationFromOSM="true"><ele>162.5</ele></trkpt>
<trkpt lat="37.777240" lon="127.113780" sectionIndex="0" pointIndex="3883" originalElevation="163.8" isOriginalElevationFromOSM="true"><ele>158.8</ele></trkpt>
<trkpt lat="37.776950" lon="127.113470" sectionIndex="0" pointIndex="3884" originalElevation="162.1" isOriginalElevationFromOSM="true"><ele>157.2</ele></trkpt>
<trkpt lat="37.775780" lon="127.112220" sectionIndex="0" pointIndex="3885" originalElevation="153.6" isOriginalElevationFromOSM="true"><ele>155.0</ele></trkpt>
<trkpt lat="37.775350" lon="127.111710" sectionIndex="0" pointIndex="3886" originalElevation="148.8" isOriginalElevationFromOSM="true"><ele>150.9</ele></trkpt>
<trkpt lat="37.774940" lon="127.111190" sectionIndex="0" pointIndex="3887" originalElevation="146.6" isOriginalElevationFromOSM="true"><ele>146.1</ele></trkpt>
<trkpt lat="37.774130" lon="127.109950" sectionIndex="0" pointIndex="3888" originalElevation="143.5" isOriginalElevationFromOSM="true"><ele>139.7</ele></trkpt>
<trkpt lat="37.773840" lon="127.109370" sectionIndex="0" pointIndex="3889" originalElevation="137.8" isOriginalElevationFromOSM="true"><ele>133.8</ele></trkpt>
<trkpt lat="37.773440" lon="127.108220" sectionIndex="0" pointIndex="3890" originalElevation="121.9" isOriginalElevationFromOSM="true"><ele>127.4</ele></trkpt>
<trkpt lat="37.773300" lon="127.107700" sectionIndex="0" pointIndex="3891" originalElevation="119.0" isOriginalElevationFromOSM="true"><ele>121.3</ele></trkpt>
<trkpt lat="37.773100" lon="127.106790" sectionIndex="0" pointIndex="3892" originalElevation="114.8" isOriginalElevationFromOSM="true"><ele>115.7</ele></trkpt>
<trkpt lat="37.772970" lon="127.106350" sectionIndex="0" pointIndex="3893" originalElevation="113.1" isOriginalElevationFromOSM="true"><ele>111.8</ele></trkpt>
<trkpt lat="37.772810" lon="127.105940" sectionIndex="0" pointIndex="3894" originalElevation="109.6" isOriginalElevationFromOSM="true"><ele>105.7</ele></trkpt>
<trkpt lat="37.772140" lon="127.104740" sectionIndex="0" pointIndex="3895" originalElevation="102.5" isOriginalElevationFromOSM="true"><ele>100.3</ele></trkpt>
<trkpt lat="37.770610" lon="127.102050" sectionIndex="0" pointIndex="3896" originalElevation="88.7" isOriginalElevationFromOSM="true"><ele>94.8</ele></trkpt>
<trkpt lat="37.770390" lon="127.101720" sectionIndex="0" pointIndex="3897" originalElevation="87.8" isOriginalElevationFromOSM="true"><ele>89.5</ele></trkpt>
<trkpt lat="37.769650" lon="127.100960" sectionIndex="0" pointIndex="3898" originalElevation="85.5" isOriginalElevationFromOSM="true"><ele>85.6</ele></trkpt>
<trkpt lat="37.769360" lon="127.100630" sectionIndex="0" pointIndex="3899" originalElevation="83.0" isOriginalElevationFromOSM="true"><ele>83.8</ele></trkpt>
<trkpt lat="37.768620" lon="127.099530" sectionIndex="0" pointIndex="3900" originalElevation="83.1" isOriginalElevationFromOSM="true"><ele>79.9</ele></trkpt>
<trkpt lat="37.767910" lon="127.098340" sectionIndex="0" pointIndex="3901" originalElevation="79.6" isOriginalElevationFromOSM="true"><ele>76.1</ele></trkpt>
<trkpt lat="37.766630" lon="127.096380" sectionIndex="0" pointIndex="3902" originalElevation="68.2" isOriginalElevationFromOSM="true"><ele>71.7</ele></trkpt>
<trkpt lat="37.765940" lon="127.095190" sectionIndex="0" pointIndex="3903" originalElevation="66.5" isOriginalElevationFromOSM="true"><ele>67.4</ele></trkpt>
<trkpt lat="37.764700" lon="127.092930" sectionIndex="0" pointIndex="3904" originalElevation="61.2" isOriginalElevationFromOSM="true"><ele>63.7</ele></trkpt>
<trkpt lat="37.762770" lon="127.089580" sectionIndex="0" pointIndex="3905" originalElevation="61.7" isOriginalElevationFromOSM="true"><ele>62.2</ele></trkpt>
<trkpt lat="37.762620" lon="127.089310" sectionIndex="0" pointIndex="3906" originalElevation="60.8" isOriginalElevationFromOSM="true"><ele>61.0</ele></trkpt>
<trkpt lat="37.762180" lon="127.088570" sectionIndex="0" pointIndex="3907" originalElevation="60.7" isOriginalElevationFromOSM="true"><ele>60.9</ele></trkpt>
<trkpt lat="37.761780" lon="127.088000" sectionIndex="0" pointIndex="3908" originalElevation="60.8" isOriginalElevationFromOSM="true"><ele>60.9</ele></trkpt>
<trkpt lat="37.761030" lon="127.087190" sectionIndex="0" pointIndex="3909" originalElevation="60.6" isOriginalElevationFromOSM="true"><ele>61.1</ele></trkpt>
<trkpt lat="37.760720" lon="127.086900" sectionIndex="0" pointIndex="3910" originalElevation="61.5" isOriginalElevationFromOSM="true"><ele>61.4</ele></trkpt>
<trkpt lat="37.760540" lon="127.086720" sectionIndex="0" pointIndex="3911" originalElevation="62.0" isOriginalElevationFromOSM="true"><ele>61.6</ele></trkpt>
<trkpt lat="37.760270" lon="127.086400" sectionIndex="0" pointIndex="3912" originalElevation="62.0" isOriginalElevationFromOSM="true"><ele>61.7</ele></trkpt>
<trkpt lat="37.760070" lon="127.086120" sectionIndex="0" pointIndex="3913" originalElevation="61.7" isOriginalElevationFromOSM="true"><ele>61.3</ele></trkpt>
<trkpt lat="37.759880" lon="127.085770" sectionIndex="0" pointIndex="3914" originalElevation="61.5" isOriginalElevationFromOSM="true"><ele>59.6</ele></trkpt>
<trkpt lat="37.759670" lon="127.085210" sectionIndex="0" pointIndex="3915" originalElevation="59.5" isOriginalElevationFromOSM="true"><ele>58.0</ele></trkpt>
<trkpt lat="37.759210" lon="127.083810" sectionIndex="0" pointIndex="3916" originalElevation="53.4" isOriginalElevationFromOSM="true"><ele>56.4</ele></trkpt>
<trkpt lat="37.758910" lon="127.083110" sectionIndex="0" pointIndex="3917" originalElevation="53.7" isOriginalElevationFromOSM="true"><ele>55.1</ele></trkpt>
<trkpt lat="37.758780" lon="127.082760" sectionIndex="0" pointIndex="3918" originalElevation="54.0" isOriginalElevationFromOSM="true"><ele>54.3</ele></trkpt>
<trkpt lat="37.758660" lon="127.082380" sectionIndex="0" pointIndex="3919" originalElevation="55.0" isOriginalElevationFromOSM="true"><ele>54.5</ele></trkpt>
<trkpt lat="37.758470" lon="127.081930" sectionIndex="0" pointIndex="3920" originalElevation="55.4" isOriginalElevationFromOSM="true"><ele>54.4</ele></trkpt>
<trkpt lat="37.758010" lon="127.080770" sectionIndex="0" pointIndex="3921" originalElevation="54.3" isOriginalElevationFromOSM="true"><ele>54.4</ele></trkpt>
<trkpt lat="37.757590" lon="127.079690" sectionIndex="0" pointIndex="3922" originalElevation="53.3" isOriginalElevationFromOSM="true"><ele>54.3</ele></trkpt>
<trkpt lat="37.757400" lon="127.079230" sectionIndex="0" pointIndex="3923" originalElevation="54.2" isOriginalElevationFromOSM="true"><ele>53.5</ele></trkpt>
<trkpt lat="37.757380" lon="127.079240" sectionIndex="0" pointIndex="3924" originalElevation="54.1" isOriginalElevationFromOSM="true"><ele>52.4</ele></trkpt>
<trkpt lat="37.756930" lon="127.079600" sectionIndex="0" pointIndex="3925" originalElevation="51.5" isOriginalElevationFromOSM="true"><ele>51.6</ele></trkpt>
<trkpt lat="37.756140" lon="127.078390" sectionIndex="0" pointIndex="3926" originalElevation="49.0" isOriginalElevationFromOSM="false"><ele>50.5</ele></trkpt>
<trkpt lat="37.756098" lon="127.078412" sectionIndex="0" pointIndex="3927" originalElevation="49.0" isOriginalElevationFromOSM="false"><ele>49.5</ele></trkpt>
<trkpt lat="37.756064" lon="127.078432" sectionIndex="0" pointIndex="3928" originalElevation="49.0" isOriginalElevationFromOSM="false"><ele>49.0</ele></trkpt>
<trkpt lat="37.756035" lon="127.078388" sectionIndex="0" pointIndex="3929" originalElevation="49.0" isOriginalElevationFromOSM="false"><ele>49.2</ele></trkpt>
<trkpt lat="37.756006" lon="127.078345" sectionIndex="0" pointIndex="3930" originalElevation="49.0" isOriginalElevationFromOSM="false"><ele>49.4</ele></trkpt>
<trkpt lat="37.755977" lon="127.078302" sectionIndex="0" pointIndex="3931" originalElevation="50.0" isOriginalElevationFromOSM="false"><ele>49.6</ele></trkpt>
<trkpt lat="37.755948" lon="127.078259" sectionIndex="0" pointIndex="3932" originalElevation="50.0" isOriginalElevationFromOSM="false"><ele>49.8</ele></trkpt>
<trkpt lat="37.755919" lon="127.078215" sectionIndex="0" pointIndex="3933" originalElevation="50.0" isOriginalElevationFromOSM="false"><ele>50.0</ele></trkpt>
<trkpt lat="37.755889" lon="127.078172" sectionIndex="0" pointIndex="3934" originalElevation="50.0" isOriginalElevationFromOSM="false"><ele>49.8</ele></trkpt>
<trkpt lat="37.755860" lon="127.078129" sectionIndex="0" pointIndex="3935" originalElevation="50.0" isOriginalElevationFromOSM="false"><ele>49.6</ele></trkpt>
<trkpt lat="37.755831" lon="127.078086" sectionIndex="0" pointIndex="3936" originalElevation="49.0" isOriginalElevationFromOSM="false"><ele>49.4</ele></trkpt>
<trkpt lat="37.755802" lon="127.078042" sectionIndex="0" pointIndex="3937" originalElevation="49.0" isOriginalElevationFromOSM="false"><ele>49.2</ele></trkpt>
<trkpt lat="37.755773" lon="127.077999" sectionIndex="0" pointIndex="3938" originalElevation="49.0" isOriginalElevationFromOSM="false"><ele>49.0</ele></trkpt>
<trkpt lat="37.755744" lon="127.077956" sectionIndex="0" pointIndex="3939" originalElevation="49.0" isOriginalElevationFromOSM="false"><ele>49.0</ele></trkpt>
<trkpt lat="37.755715" lon="127.077912" sectionIndex="0" pointIndex="3940" originalElevation="49.0" isOriginalElevationFromOSM="false"><ele>49.0</ele></trkpt>
<trkpt lat="37.755686" lon="127.077869" sectionIndex="0" pointIndex="3941" originalElevation="49.0" isOriginalElevationFromOSM="false"><ele>49.0</ele></trkpt>
<trkpt lat="37.755657" lon="127.077826" sectionIndex="0" pointIndex="3942" originalElevation="49.0" isOriginalElevationFromOSM="false"><ele>49.0</ele></trkpt>
<trkpt lat="37.755653" lon="127.077820" sectionIndex="0" pointIndex="3943" originalElevation="49.0" isOriginalElevationFromOSM="false"><ele>49.0</ele></trkpt>
<trkpt lat="37.755614" lon="127.077849" sectionIndex="0" pointIndex="3944" originalElevation="49.0" isOriginalElevationFromOSM="false"><ele>49.0</ele></trkpt>
<trkpt lat="37.755576" lon="127.077879" sectionIndex="0" pointIndex="3945" originalElevation="49.0" isOriginalElevationFromOSM="false"><ele>49.0</ele></trkpt>
<trkpt lat="37.755537" lon="127.077908" sectionIndex="0" pointIndex="3946" originalElevation="49.0" isOriginalElevationFromOSM="false"><ele>49.0</ele></trkpt>
<trkpt lat="37.755499" lon="127.077937" sectionIndex="0" pointIndex="3947" originalElevation="49.0" isOriginalElevationFromOSM="false"><ele>49.0</ele></trkpt>
<trkpt lat="37.755460" lon="127.077966" sectionIndex="0" pointIndex="3948" originalElevation="49.0" isOriginalElevationFromOSM="false"><ele>49.0</ele></trkpt>
<trkpt lat="37.755441" lon="127.077981" sectionIndex="0" pointIndex="3949" originalElevation="49.0" isOriginalElevationFromOSM="false"><ele>49.0</ele></trkpt>
<trkpt lat="37.755416" lon="127.077934" sectionIndex="0" pointIndex="3950" originalElevation="49.0" isOriginalElevationFromOSM="false"><ele>49.0</ele></trkpt>
<trkpt lat="37.755397" lon="127.077898" sectionIndex="0" pointIndex="3951" originalElevation="49.0" isOriginalElevationFromOSM="false"><ele>49.4</ele></trkpt>
<trkpt lat="37.755223" lon="127.078055" sectionIndex="0" pointIndex="3952" originalElevation="49.0" isOriginalElevationFromOSM="false"><ele>49.4</ele></trkpt>
<trkpt lat="37.755020" lon="127.078270" sectionIndex="0" pointIndex="3953" originalElevation="50.8" isOriginalElevationFromOSM="true"><ele>49.3</ele></trkpt>
<trkpt lat="37.754790" lon="127.077840" sectionIndex="0" pointIndex="3954" originalElevation="49.1" isOriginalElevationFromOSM="true"><ele>49.0</ele></trkpt>
<trkpt lat="37.754640" lon="127.077420" sectionIndex="0" pointIndex="3955" originalElevation="48.4" isOriginalElevationFromOSM="true"><ele>48.6</ele></trkpt>
<trkpt lat="37.754190" lon="127.076200" sectionIndex="0" pointIndex="3956" originalElevation="47.5" isOriginalElevationFromOSM="true"><ele>48.3</ele></trkpt>
<trkpt lat="37.753940" lon="127.075710" sectionIndex="0" pointIndex="3957" originalElevation="47.1" isOriginalElevationFromOSM="true"><ele>47.8</ele></trkpt>
<trkpt lat="37.753480" lon="127.075150" sectionIndex="0" pointIndex="3958" originalElevation="49.3" isOriginalElevationFromOSM="true"><ele>47.0</ele></trkpt>
<trkpt lat="37.752040" lon="127.073480" sectionIndex="0" pointIndex="3959" originalElevation="46.5" isOriginalElevationFromOSM="true"><ele>46.1</ele></trkpt>
<trkpt lat="37.751860" lon="127.073220" sectionIndex="0" pointIndex="3960" originalElevation="44.5" isOriginalElevationFromOSM="true"><ele>45.1</ele></trkpt>
<trkpt lat="37.751730" lon="127.072960" sectionIndex="0" pointIndex="3961" originalElevation="42.9" isOriginalElevationFromOSM="true"><ele>44.2</ele></trkpt>
<trkpt lat="37.751570" lon="127.072580" sectionIndex="0" pointIndex="3962" originalElevation="42.1" isOriginalElevationFromOSM="true"><ele>44.4</ele></trkpt>
<trkpt lat="37.751430" lon="127.072120" sectionIndex="0" pointIndex="3963" originalElevation="44.9" isOriginalElevationFromOSM="true"><ele>44.9</ele></trkpt>
<trkpt lat="37.751320" lon="127.071660" sectionIndex="0" pointIndex="3964" originalElevation="47.4" isOriginalElevationFromOSM="true"><ele>45.4</ele></trkpt>
<trkpt lat="37.750290" lon="127.067360" sectionIndex="0" pointIndex="3965" originalElevation="47.0" isOriginalElevationFromOSM="true"><ele>45.8</ele></trkpt>
<trkpt lat="37.749030" lon="127.062190" sectionIndex="0" pointIndex="3966" originalElevation="45.5" isOriginalElevationFromOSM="true"><ele>45.6</ele></trkpt>
<trkpt lat="37.748820" lon="127.061480" sectionIndex="0" pointIndex="3967" originalElevation="44.1" isOriginalElevationFromOSM="true"><ele>45.4</ele></trkpt>
<trkpt lat="37.748600" lon="127.060820" sectionIndex="0" pointIndex="3968" originalElevation="44.0" isOriginalElevationFromOSM="true"><ele>45.3</ele></trkpt>
<trkpt lat="37.748230" lon="127.060050" sectionIndex="0" pointIndex="3969" originalElevation="46.3" isOriginalElevationFromOSM="true"><ele>45.2</ele></trkpt>
<trkpt lat="37.747990" lon="127.059650" sectionIndex="0" pointIndex="3970" originalElevation="46.5" isOriginalElevationFromOSM="true"><ele>45.5</ele></trkpt>
<trkpt lat="37.747260" lon="127.058510" sectionIndex="0" pointIndex="3971" originalElevation="45.2" isOriginalElevationFromOSM="true"><ele>45.9</ele></trkpt>
<trkpt lat="37.746500" lon="127.057540" sectionIndex="0" pointIndex="3972" originalElevation="45.7" isOriginalElevationFromOSM="true"><ele>45.6</ele></trkpt>
<trkpt lat="37.746100" lon="127.057090" sectionIndex="0" pointIndex="3973" originalElevation="45.6" isOriginalElevationFromOSM="true"><ele>45.4</ele></trkpt>
<trkpt lat="37.745360" lon="127.056090" sectionIndex="0" pointIndex="3974" originalElevation="45.0" isOriginalElevationFromOSM="true"><ele>45.1</ele></trkpt>
<trkpt lat="37.744680" lon="127.055300" sectionIndex="0" pointIndex="3975" originalElevation="45.5" isOriginalElevationFromOSM="true"><ele>44.5</ele></trkpt>
<trkpt lat="37.744410" lon="127.054900" sectionIndex="0" pointIndex="3976" originalElevation="43.9" isOriginalElevationFromOSM="true"><ele>43.8</ele></trkpt>
<trkpt lat="37.744100" lon="127.054500" sectionIndex="0" pointIndex="3977" originalElevation="42.5" isOriginalElevationFromOSM="true"><ele>43.4</ele></trkpt>
<trkpt lat="37.744030" lon="127.054130" sectionIndex="0" pointIndex="3978" originalElevation="42.3" isOriginalElevationFromOSM="true"><ele>43.1</ele></trkpt>
<trkpt lat="37.744500" lon="127.053850" sectionIndex="0" pointIndex="3979" originalElevation="42.9" isOriginalElevationFromOSM="true"><ele>43.2</ele></trkpt>
<trkpt lat="37.745140" lon="127.053330" sectionIndex="0" pointIndex="3980" originalElevation="44.0" isOriginalElevationFromOSM="true"><ele>43.7</ele></trkpt>
<trkpt lat="37.745860" lon="127.052780" sectionIndex="0" pointIndex="3981" originalElevation="44.4" isOriginalElevationFromOSM="true"><ele>44.5</ele></trkpt>
<trkpt lat="37.747270" lon="127.051710" sectionIndex="0" pointIndex="3982" originalElevation="44.9" isOriginalElevationFromOSM="true"><ele>45.3</ele></trkpt>
<trkpt lat="37.749410" lon="127.049970" sectionIndex="0" pointIndex="3983" originalElevation="46.2" isOriginalElevationFromOSM="true"><ele>45.4</ele></trkpt>
<trkpt lat="37.750170" lon="127.049150" sectionIndex="0" pointIndex="3984" originalElevation="47.0" isOriginalElevationFromOSM="true"><ele>45.6</ele></trkpt>
<trkpt lat="37.751560" lon="127.047360" sectionIndex="0" pointIndex="3985" originalElevation="44.6" isOriginalElevationFromOSM="true"><ele>45.7</ele></trkpt>
<trkpt lat="37.752490" lon="127.046560" sectionIndex="0" pointIndex="3986" originalElevation="45.4" isOriginalElevationFromOSM="true"><ele>45.5</ele></trkpt>
<trkpt lat="37.754000" lon="127.045870" sectionIndex="0" pointIndex="3987" originalElevation="45.2" isOriginalElevationFromOSM="true"><ele>45.3</ele></trkpt>
<trkpt lat="37.754700" lon="127.045470" sectionIndex="0" pointIndex="3988" originalElevation="45.6" isOriginalElevationFromOSM="true"><ele>45.6</ele></trkpt>
<trkpt lat="37.754880" lon="127.045310" sectionIndex="0" pointIndex="3989" originalElevation="45.7" isOriginalElevationFromOSM="true"><ele>45.9</ele></trkpt>
<trkpt lat="37.755170" lon="127.045330" sectionIndex="0" pointIndex="3990" originalElevation="46.1" isOriginalElevationFromOSM="true"><ele>46.2</ele></trkpt>
<trkpt lat="37.755500" lon="127.045300" sectionIndex="0" pointIndex="3991" originalElevation="46.9" isOriginalElevationFromOSM="true"><ele>46.1</ele></trkpt>
<trkpt lat="37.756240" lon="127.045270" sectionIndex="0" pointIndex="3992" originalElevation="46.5" isOriginalElevationFromOSM="true"><ele>46.2</ele></trkpt>
<trkpt lat="37.756670" lon="127.045240" sectionIndex="0" pointIndex="3993" originalElevation="45.2" isOriginalElevationFromOSM="true"><ele>46.2</ele></trkpt>
<trkpt lat="37.757300" lon="127.045140" sectionIndex="0" pointIndex="3994" originalElevation="46.2" isOriginalElevationFromOSM="true"><ele>46.0</ele></trkpt>
<trkpt lat="37.759760" lon="127.044320" sectionIndex="0" pointIndex="3995" originalElevation="46.2" isOriginalElevationFromOSM="true"><ele>45.9</ele></trkpt>
<trkpt lat="37.760170" lon="127.044290" sectionIndex="0" pointIndex="3996" originalElevation="46.1" isOriginalElevationFromOSM="true"><ele>46.1</ele></trkpt>
<trkpt lat="37.760500" lon="127.044320" sectionIndex="0" pointIndex="3997" originalElevation="45.8" isOriginalElevationFromOSM="true"><ele>46.3</ele></trkpt>
<trkpt lat="37.760820" lon="127.044410" sectionIndex="0" pointIndex="3998" originalElevation="46.4" isOriginalElevationFromOSM="true"><ele>46.5</ele></trkpt>
<trkpt lat="37.761340" lon="127.044570" sectionIndex="0" pointIndex="3999" originalElevation="46.9" isOriginalElevationFromOSM="true"><ele>46.8</ele></trkpt>
<trkpt lat="37.761870" lon="127.044500" sectionIndex="0" pointIndex="4000" originalElevation="47.5" isOriginalElevationFromOSM="true"><ele>47.1</ele></trkpt>
<trkpt lat="37.761970" lon="127.044500" sectionIndex="0" pointIndex="4001" originalElevation="47.3" isOriginalElevationFromOSM="true"><ele>47.3</ele></trkpt>
<trkpt lat="37.762010" lon="127.044450" sectionIndex="0" pointIndex="4002" originalElevation="47.4" isOriginalElevationFromOSM="true"><ele>47.4</ele></trkpt>
<trkpt lat="37.762050" lon="127.044450" sectionIndex="0" pointIndex="4003" originalElevation="47.4" isOriginalElevationFromOSM="true"><ele>47.3</ele></trkpt>
<trkpt lat="37.762120" lon="127.044480" sectionIndex="0" pointIndex="4004" originalElevation="47.2" isOriginalElevationFromOSM="true"><ele>47.3</ele></trkpt>
<trkpt lat="37.762920" lon="127.043960" sectionIndex="0" pointIndex="4005" originalElevation="47.2" isOriginalElevationFromOSM="true"><ele>47.3</ele></trkpt>
<trkpt lat="37.762970" lon="127.043900" sectionIndex="0" pointIndex="4006" originalElevation="47.3" isOriginalElevationFromOSM="true"><ele>47.4</ele></trkpt>
<trkpt lat="37.763030" lon="127.043610" sectionIndex="0" pointIndex="4007" originalElevation="47.6" isOriginalElevationFromOSM="true"><ele>47.6</ele></trkpt>
<trkpt lat="37.763330" lon="127.043710" sectionIndex="0" pointIndex="4008" originalElevation="47.5" isOriginalElevationFromOSM="true"><ele>48.0</ele></trkpt>
<trkpt lat="37.763690" lon="127.043780" sectionIndex="0" pointIndex="4009" originalElevation="48.4" isOriginalElevationFromOSM="true"><ele>48.5</ele></trkpt>
<trkpt lat="37.764910" lon="127.043960" sectionIndex="0" pointIndex="4010" originalElevation="49.3" isOriginalElevationFromOSM="true"><ele>48.9</ele></trkpt>
<trkpt lat="37.764960" lon="127.043640" sectionIndex="0" pointIndex="4011" originalElevation="49.6" isOriginalElevationFromOSM="true"><ele>49.8</ele></trkpt>
<trkpt lat="37.765010" lon="127.043470" sectionIndex="0" pointIndex="4012" originalElevation="49.9" isOriginalElevationFromOSM="true"><ele>50.7</ele></trkpt>
<trkpt lat="37.765240" lon="127.043000" sectionIndex="0" pointIndex="4013" originalElevation="51.9" isOriginalElevationFromOSM="true"><ele>51.7</ele></trkpt>
<trkpt lat="37.765370" lon="127.042620" sectionIndex="0" pointIndex="4014" originalElevation="53.0" isOriginalElevationFromOSM="true"><ele>52.8</ele></trkpt>
<trkpt lat="37.765560" lon="127.042050" sectionIndex="0" pointIndex="4015" originalElevation="54.0" isOriginalElevationFromOSM="true"><ele>54.4</ele></trkpt>
<trkpt lat="37.765860" lon="127.041340" sectionIndex="0" pointIndex="4016" originalElevation="55.1" isOriginalElevationFromOSM="true"><ele>55.9</ele></trkpt>
<trkpt lat="37.766260" lon="127.040580" sectionIndex="0" pointIndex="4017" originalElevation="57.9" isOriginalElevationFromOSM="true"><ele>57.2</ele></trkpt>
<trkpt lat="37.766490" lon="127.040290" sectionIndex="0" pointIndex="4018" originalElevation="59.3" isOriginalElevationFromOSM="true"><ele>58.1</ele></trkpt>
<trkpt lat="37.766630" lon="127.040080" sectionIndex="0" pointIndex="4019" originalElevation="59.9" isOriginalElevationFromOSM="true"><ele>58.7</ele></trkpt>
<trkpt lat="37.767180" lon="127.039410" sectionIndex="0" pointIndex="4020" originalElevation="58.4" isOriginalElevationFromOSM="true"><ele>58.9</ele></trkpt>
<trkpt lat="37.767450" lon="127.038970" sectionIndex="0" pointIndex="4021" originalElevation="57.9" isOriginalElevationFromOSM="true"><ele>59.2</ele></trkpt>
<trkpt lat="37.767690" lon="127.038480" sectionIndex="0" pointIndex="4022" originalElevation="59.0" isOriginalElevationFromOSM="true"><ele>59.4</ele></trkpt>
<trkpt lat="37.768020" lon="127.037720" sectionIndex="0" pointIndex="4023" originalElevation="61.0" isOriginalElevationFromOSM="true"><ele>59.8</ele></trkpt>
<trkpt lat="37.768320" lon="127.037120" sectionIndex="0" pointIndex="4024" originalElevation="60.5" isOriginalElevationFromOSM="true"><ele>60.3</ele></trkpt>
<trkpt lat="37.768730" lon="127.036130" sectionIndex="0" pointIndex="4025" originalElevation="60.7" isOriginalElevationFromOSM="true"><ele>60.6</ele></trkpt>
<trkpt lat="37.768930" lon="127.035870" sectionIndex="0" pointIndex="4026" originalElevation="60.5" isOriginalElevationFromOSM="true"><ele>61.6</ele></trkpt>
<trkpt lat="37.769370" lon="127.035390" sectionIndex="0" pointIndex="4027" originalElevation="60.4" isOriginalElevationFromOSM="true"><ele>62.9</ele></trkpt>
<trkpt lat="37.769781" lon="127.034854" sectionIndex="0" pointIndex="4028" originalElevation="66.0" isOriginalElevationFromOSM="false"><ele>63.0</ele></trkpt>
<trkpt lat="37.770355" lon="127.034144" sectionIndex="0" pointIndex="4029" originalElevation="67.0" isOriginalElevationFromOSM="false"><ele>63.0</ele></trkpt>
<trkpt lat="37.770850" lon="127.033650" sectionIndex="0" pointIndex="4030" originalElevation="61.1" isOriginalElevationFromOSM="true"><ele>62.9</ele></trkpt>
<trkpt lat="37.771040" lon="127.033420" sectionIndex="0" pointIndex="4031" originalElevation="60.3" isOriginalElevationFromOSM="true"><ele>61.6</ele></trkpt>
<trkpt lat="37.771170" lon="127.033220" sectionIndex="0" pointIndex="4032" originalElevation="59.9" isOriginalElevationFromOSM="true"><ele>60.1</ele></trkpt>
<trkpt lat="37.771320" lon="127.032930" sectionIndex="0" pointIndex="4033" originalElevation="59.7" isOriginalElevationFromOSM="true"><ele>59.8</ele></trkpt>
<trkpt lat="37.771380" lon="127.032840" sectionIndex="0" pointIndex="4034" originalElevation="59.5" isOriginalElevationFromOSM="true"><ele>59.5</ele></trkpt>
<trkpt lat="37.771430" lon="127.032780" sectionIndex="0" pointIndex="4035" originalElevation="59.4" isOriginalElevationFromOSM="true"><ele>59.1</ele></trkpt>
<trkpt lat="37.771560" lon="127.032730" sectionIndex="0" pointIndex="4036" originalElevation="58.8" isOriginalElevationFromOSM="true"><ele>59.0</ele></trkpt>
<trkpt lat="37.771770" lon="127.032690" sectionIndex="0" pointIndex="4037" originalElevation="58.2" isOriginalElevationFromOSM="true"><ele>59.5</ele></trkpt>
<trkpt lat="37.773140" lon="127.032290" sectionIndex="0" pointIndex="4038" originalElevation="59.0" isOriginalElevationFromOSM="true"><ele>60.8</ele></trkpt>
<trkpt lat="37.773510" lon="127.032210" sectionIndex="0" pointIndex="4039" originalElevation="62.1" isOriginalElevationFromOSM="true"><ele>62.9</ele></trkpt>
<trkpt lat="37.774680" lon="127.031960" sectionIndex="0" pointIndex="4040" originalElevation="66.1" isOriginalElevationFromOSM="true"><ele>65.0</ele></trkpt>
<trkpt lat="37.775210" lon="127.031800" sectionIndex="0" pointIndex="4041" originalElevation="69.1" isOriginalElevationFromOSM="true"><ele>67.0</ele></trkpt>
<trkpt lat="37.775540" lon="127.031670" sectionIndex="0" pointIndex="4042" originalElevation="68.6" isOriginalElevationFromOSM="true"><ele>69.7</ele></trkpt>
<trkpt lat="37.777010" lon="127.030980" sectionIndex="0" pointIndex="4043" originalElevation="68.9" isOriginalElevationFromOSM="true"><ele>70.4</ele></trkpt>
<trkpt lat="37.779010" lon="127.029780" sectionIndex="0" pointIndex="4044" originalElevation="75.7" isOriginalElevationFromOSM="true"><ele>69.5</ele></trkpt>
<trkpt lat="37.779640" lon="127.029430" sectionIndex="0" pointIndex="4045" originalElevation="69.9" isOriginalElevationFromOSM="true"><ele>69.0</ele></trkpt>
<trkpt lat="37.780190" lon="127.029150" sectionIndex="0" pointIndex="4046" originalElevation="64.3" isOriginalElevationFromOSM="true"><ele>68.7</ele></trkpt>
<trkpt lat="37.780390" lon="127.029080" sectionIndex="0" pointIndex="4047" originalElevation="66.2" isOriginalElevationFromOSM="true"><ele>67.2</ele></trkpt>
<trkpt lat="37.780640" lon="127.029070" sectionIndex="0" pointIndex="4048" originalElevation="67.4" isOriginalElevationFromOSM="true"><ele>67.0</ele></trkpt>
<trkpt lat="37.780980" lon="127.029160" sectionIndex="0" pointIndex="4049" originalElevation="68.4" isOriginalElevationFromOSM="true"><ele>68.0</ele></trkpt>
<trkpt lat="37.781150" lon="127.029250" sectionIndex="0" pointIndex="4050" originalElevation="68.8" isOriginalElevationFromOSM="true"><ele>68.7</ele></trkpt>
<trkpt lat="37.781340" lon="127.029370" sectionIndex="0" pointIndex="4051" originalElevation="69.0" isOriginalElevationFromOSM="true"><ele>69.2</ele></trkpt>
<trkpt lat="37.781867" lon="127.029861" sectionIndex="0" pointIndex="4052" originalElevation="70.0" isOriginalElevationFromOSM="false"><ele>69.7</ele></trkpt>
<trkpt lat="37.781894" lon="127.029886" sectionIndex="0" pointIndex="4053" originalElevation="70.0" isOriginalElevationFromOSM="false"><ele>70.0</ele></trkpt>
</trkseg>
</trk>   
</gpx>