<?xml version="1.0" encoding="UTF-8"?>
<gpx xmlns:gpxdata="http://www.cluetrust.com/XML/GPXDATA/1/0" xmlns:xsi="http://www.w3.org/2001/XMLSchema-instance" xmlns="http://www.topografix.com/GPX/1/1" version="1.1" creator="http://ridewithgps.com/" xsi:schemaLocation="http://www.topografix.com/GPX/1/1 http://www.topografix.com/GPX/1/1/gpx.xsd http://www.cluetrust.com/XML/GPXDATA/1/0 http://www.cluetrust.com/Schemas/gpxdata10.xsd">
  <metadata>
    <name>B-200K-n (2025)</name>
    <link href="https://ridewithgps.com/routes/51692074">
      <text>B-200K-n (2025)</text>
    </link>
    <time>2025-07-13T11:25:55Z</time>
  </metadata>
  <wpt lat="35.35211508631059" lon="128.6568794219183">
    <name>CP2</name>
    <cmt>control</cmt>
    <sym>Dot</sym>
    <type>checkpoint</type>
  </wpt>
  <wpt lat="35.75661285022558" lon="129.04385269616682">
    <name>CP1</name>
    <cmt>control</cmt>
    <sym>Dot</sym>
    <type>checkpoint</type>
  </wpt>
  <trk>
    <name>B-200K-n (2025)</name>
    <trkseg>
      <trkpt lat="35.308071" lon="128.981462">
        <ele>4.7</ele>
      </trkpt>
      <trkpt lat="35.308071" lon="128.981462">
        <ele>4.7</ele>
      </trkpt>
      <trkpt lat="35.30742" lon="128.982457">
        <ele>4.8</ele>
      </trkpt>
      <trkpt lat="35.30742" lon="128.982457">
        <ele>4.8</ele>
      </trkpt>
      <trkpt lat="35.306842" lon="128.983393">
        <ele>4.3</ele>
      </trkpt>
      <trkpt lat="35.306265" lon="128.984328">
        <ele>5.4</ele>
      </trkpt>
      <trkpt lat="35.305687" lon="128.985264">
        <ele>6.2</ele>
      </trkpt>
      <trkpt lat="35.30511" lon="128.9862">
        <ele>5.3</ele>
      </trkpt>
      <trkpt lat="35.30511" lon="128.9862">
        <ele>5.3</ele>
      </trkpt>
      <trkpt lat="35.3047" lon="128.98686">
        <ele>5.3</ele>
      </trkpt>
      <trkpt lat="35.30439" lon="128.987469">
        <ele>5.5</ele>
      </trkpt>
      <trkpt lat="35.30439" lon="128.98747">
        <ele>5.5</ele>
      </trkpt>
      <trkpt lat="35.304" lon="128.98816">
        <ele>6.1</ele>
      </trkpt>
      <trkpt lat="35.30362" lon="128.98885">
        <ele>5.8</ele>
      </trkpt>
      <trkpt lat="35.30324" lon="128.98953">
        <ele>6.1</ele>
      </trkpt>
      <trkpt lat="35.30319" lon="128.98962">
        <ele>6.1</ele>
      </trkpt>
      <trkpt lat="35.30285" lon="128.99018">
        <ele>6.4</ele>
      </trkpt>
      <trkpt lat="35.30242" lon="128.99082">
        <ele>5.9</ele>
      </trkpt>
      <trkpt lat="35.3019" lon="128.99157">
        <ele>5.5</ele>
      </trkpt>
      <trkpt lat="35.30137" lon="128.99233">
        <ele>6.3</ele>
      </trkpt>
      <trkpt lat="35.30084" lon="128.993079">
        <ele>6.0</ele>
      </trkpt>
      <trkpt lat="35.30031" lon="128.99383">
        <ele>5.7</ele>
      </trkpt>
      <trkpt lat="35.29997" lon="128.99437">
        <ele>4.2</ele>
      </trkpt>
      <trkpt lat="35.29963" lon="128.99481">
        <ele>4.8</ele>
      </trkpt>
      <trkpt lat="35.29926" lon="128.99538">
        <ele>3.7</ele>
      </trkpt>
      <trkpt lat="35.29909" lon="128.99574">
        <ele>2.5</ele>
      </trkpt>
      <trkpt lat="35.2988" lon="128.99643">
        <ele>2.2</ele>
      </trkpt>
      <trkpt lat="35.29852" lon="128.99712">
        <ele>2.2</ele>
      </trkpt>
      <trkpt lat="35.2984" lon="128.997357">
        <ele>2.1</ele>
      </trkpt>
      <trkpt lat="35.29788" lon="128.99822">
        <ele>3.8</ele>
      </trkpt>
      <trkpt lat="35.29744" lon="128.99879">
        <ele>4.0</ele>
      </trkpt>
      <trkpt lat="35.297" lon="128.99936">
        <ele>4.0</ele>
      </trkpt>
      <trkpt lat="35.29656" lon="128.99994">
        <ele>3.1</ele>
      </trkpt>
      <trkpt lat="35.29604" lon="129.00052">
        <ele>3.0</ele>
      </trkpt>
      <trkpt lat="35.29551" lon="129.00111">
        <ele>3.2</ele>
      </trkpt>
      <trkpt lat="35.29499" lon="129.0017">
        <ele>3.1</ele>
      </trkpt>
      <trkpt lat="35.29447" lon="129.002288">
        <ele>3.9</ele>
      </trkpt>
      <trkpt lat="35.29447" lon="129.002288">
        <ele>3.9</ele>
      </trkpt>
      <trkpt lat="35.293811" lon="129.003042">
        <ele>3.3</ele>
      </trkpt>
      <trkpt lat="35.293152" lon="129.003794">
        <ele>4.1</ele>
      </trkpt>
      <trkpt lat="35.292493" lon="129.004546">
        <ele>4.4</ele>
      </trkpt>
      <trkpt lat="35.292301" lon="129.00428">
        <ele>3.8</ele>
      </trkpt>
      <trkpt lat="35.2923" lon="129.00428">
        <ele>3.8</ele>
      </trkpt>
      <trkpt lat="35.29202" lon="129.00465">
        <ele>4.6</ele>
      </trkpt>
      <trkpt lat="35.29139" lon="129.00531">
        <ele>3.7</ele>
      </trkpt>
      <trkpt lat="35.29076" lon="129.005969">
        <ele>2.9</ele>
      </trkpt>
      <trkpt lat="35.29013" lon="129.00663">
        <ele>3.8</ele>
      </trkpt>
      <trkpt lat="35.28951" lon="129.00729">
        <ele>2.5</ele>
      </trkpt>
      <trkpt lat="35.28948" lon="129.00734">
        <ele>2.4</ele>
      </trkpt>
      <trkpt lat="35.28935" lon="129.00765">
        <ele>2.5</ele>
      </trkpt>
      <trkpt lat="35.2893" lon="129.00774">
        <ele>2.7</ele>
      </trkpt>
      <trkpt lat="35.28918" lon="129.00791">
        <ele>3.0</ele>
      </trkpt>
      <trkpt lat="35.28912" lon="129.00798">
        <ele>3.1</ele>
      </trkpt>
      <trkpt lat="35.289" lon="129.00808">
        <ele>3.2</ele>
      </trkpt>
      <trkpt lat="35.28894" lon="129.008108">
        <ele>3.1</ele>
      </trkpt>
      <trkpt lat="35.28879" lon="129.00816">
        <ele>3.0</ele>
      </trkpt>
      <trkpt lat="35.2887" lon="129.00822">
        <ele>2.8</ele>
      </trkpt>
      <trkpt lat="35.28865" lon="129.00827">
        <ele>2.7</ele>
      </trkpt>
      <trkpt lat="35.28862" lon="129.00832">
        <ele>2.7</ele>
      </trkpt>
      <trkpt lat="35.28859" lon="129.008378">
        <ele>2.6</ele>
      </trkpt>
      <trkpt lat="35.28853" lon="129.0086">
        <ele>2.5</ele>
      </trkpt>
      <trkpt lat="35.28848" lon="129.00871">
        <ele>2.4</ele>
      </trkpt>
      <trkpt lat="35.28839" lon="129.00886">
        <ele>2.2</ele>
      </trkpt>
      <trkpt lat="35.28833" lon="129.008907">
        <ele>2.0</ele>
      </trkpt>
      <trkpt lat="35.2881" lon="129.00907">
        <ele>2.0</ele>
      </trkpt>
      <trkpt lat="35.28804" lon="129.00914">
        <ele>2.0</ele>
      </trkpt>
      <trkpt lat="35.28788" lon="129.00935">
        <ele>2.7</ele>
      </trkpt>
      <trkpt lat="35.28785" lon="129.00938">
        <ele>2.8</ele>
      </trkpt>
      <trkpt lat="35.28774" lon="129.00944">
        <ele>2.9</ele>
      </trkpt>
      <trkpt lat="35.2876" lon="129.00947">
        <ele>2.9</ele>
      </trkpt>
      <trkpt lat="35.28753" lon="129.00949">
        <ele>2.8</ele>
      </trkpt>
      <trkpt lat="35.28749" lon="129.00951">
        <ele>2.8</ele>
      </trkpt>
      <trkpt lat="35.28742" lon="129.00958">
        <ele>3.0</ele>
      </trkpt>
      <trkpt lat="35.28733" lon="129.00971">
        <ele>3.2</ele>
      </trkpt>
      <trkpt lat="35.28728" lon="129.00976">
        <ele>3.2</ele>
      </trkpt>
      <trkpt lat="35.28725" lon="129.00978">
        <ele>3.2</ele>
      </trkpt>
      <trkpt lat="35.28702" lon="129.009898">
        <ele>2.9</ele>
      </trkpt>
      <trkpt lat="35.28697" lon="129.00994">
        <ele>2.8</ele>
      </trkpt>
      <trkpt lat="35.28692" lon="129.01002">
        <ele>2.6</ele>
      </trkpt>
      <trkpt lat="35.2869" lon="129.01005">
        <ele>2.6</ele>
      </trkpt>
      <trkpt lat="35.28689" lon="129.01016">
        <ele>2.6</ele>
      </trkpt>
      <trkpt lat="35.2869" lon="129.01023">
        <ele>2.7</ele>
      </trkpt>
      <trkpt lat="35.28694" lon="129.01034">
        <ele>2.7</ele>
      </trkpt>
      <trkpt lat="35.28697" lon="129.01038">
        <ele>2.7</ele>
      </trkpt>
      <trkpt lat="35.28705" lon="129.01047">
        <ele>2.8</ele>
      </trkpt>
      <trkpt lat="35.28712" lon="129.01055">
        <ele>2.8</ele>
      </trkpt>
      <trkpt lat="35.28717" lon="129.010787">
        <ele>3.0</ele>
      </trkpt>
      <trkpt lat="35.28725" lon="129.010967">
        <ele>2.6</ele>
      </trkpt>
      <trkpt lat="35.28735" lon="129.01114">
        <ele>2.0</ele>
      </trkpt>
      <trkpt lat="35.28762" lon="129.0115">
        <ele>1.2</ele>
      </trkpt>
      <trkpt lat="35.28783" lon="129.01163">
        <ele>1.7</ele>
      </trkpt>
      <trkpt lat="35.28872" lon="129.01163">
        <ele>5.5</ele>
      </trkpt>
      <trkpt lat="35.28919" lon="129.01177">
        <ele>6.2</ele>
      </trkpt>
      <trkpt lat="35.28994" lon="129.01172">
        <ele>5.0</ele>
      </trkpt>
      <trkpt lat="35.29001" lon="129.01168">
        <ele>5.0</ele>
      </trkpt>
      <trkpt lat="35.29009" lon="129.01164">
        <ele>5.0</ele>
      </trkpt>
      <trkpt lat="35.29038" lon="129.01175">
        <ele>4.8</ele>
      </trkpt>
      <trkpt lat="35.29115" lon="129.012">
        <ele>4.4</ele>
      </trkpt>
      <trkpt lat="35.29191" lon="129.01225">
        <ele>5.6</ele>
      </trkpt>
      <trkpt lat="35.29268" lon="129.012498">
        <ele>8.6</ele>
      </trkpt>
      <trkpt lat="35.29268" lon="129.012498">
        <ele>8.6</ele>
      </trkpt>
      <trkpt lat="35.293579" lon="129.012788">
        <ele>6.5</ele>
      </trkpt>
      <trkpt lat="35.294479" lon="129.013076">
        <ele>4.3</ele>
      </trkpt>
      <trkpt lat="35.295378" lon="129.013364">
        <ele>4.9</ele>
      </trkpt>
      <trkpt lat="35.296278" lon="129.013652">
        <ele>5.2</ele>
      </trkpt>
      <trkpt lat="35.297177" lon="129.013939">
        <ele>6.0</ele>
      </trkpt>
      <trkpt lat="35.298076" lon="129.014227">
        <ele>5.4</ele>
      </trkpt>
      <trkpt lat="35.298976" lon="129.014513">
        <ele>4.3</ele>
      </trkpt>
      <trkpt lat="35.299875" lon="129.014803">
        <ele>3.9</ele>
      </trkpt>
      <trkpt lat="35.300775" lon="129.015091">
        <ele>4.1</ele>
      </trkpt>
      <trkpt lat="35.301674" lon="129.015379">
        <ele>3.5</ele>
      </trkpt>
      <trkpt lat="35.302573" lon="129.015667">
        <ele>3.0</ele>
      </trkpt>
      <trkpt lat="35.303473" lon="129.015954">
        <ele>3.2</ele>
      </trkpt>
      <trkpt lat="35.304372" lon="129.016242">
        <ele>3.4</ele>
      </trkpt>
      <trkpt lat="35.305272" lon="129.016528">
        <ele>1.0</ele>
      </trkpt>
      <trkpt lat="35.306171" lon="129.016818">
        <ele>1.6</ele>
      </trkpt>
      <trkpt lat="35.30707" lon="129.017106">
        <ele>2.4</ele>
      </trkpt>
      <trkpt lat="35.30797" lon="129.017394">
        <ele>3.9</ele>
      </trkpt>
      <trkpt lat="35.30797" lon="129.017394">
        <ele>3.9</ele>
      </trkpt>
      <trkpt lat="35.308912" lon="129.017518">
        <ele>3.4</ele>
      </trkpt>
      <trkpt lat="35.309854" lon="129.017642">
        <ele>5.2</ele>
      </trkpt>
      <trkpt lat="35.310796" lon="129.017765">
        <ele>5.4</ele>
      </trkpt>
      <trkpt lat="35.311739" lon="129.017889">
        <ele>3.7</ele>
      </trkpt>
      <trkpt lat="35.312681" lon="129.018013">
        <ele>5.4</ele>
      </trkpt>
      <trkpt lat="35.313623" lon="129.018137">
        <ele>6.0</ele>
      </trkpt>
      <trkpt lat="35.314565" lon="129.01826">
        <ele>4.7</ele>
      </trkpt>
      <trkpt lat="35.315507" lon="129.018384">
        <ele>6.9</ele>
      </trkpt>
      <trkpt lat="35.31645" lon="129.018508">
        <ele>5.9</ele>
      </trkpt>
      <trkpt lat="35.317392" lon="129.018632">
        <ele>3.3</ele>
      </trkpt>
      <trkpt lat="35.318334" lon="129.018755">
        <ele>4.5</ele>
      </trkpt>
      <trkpt lat="35.319276" lon="129.018879">
        <ele>4.7</ele>
      </trkpt>
      <trkpt lat="35.320218" lon="129.019003">
        <ele>2.7</ele>
      </trkpt>
      <trkpt lat="35.320712" lon="129.018824">
        <ele>3.8</ele>
      </trkpt>
      <trkpt lat="35.320736" lon="129.018416">
        <ele>3.9</ele>
      </trkpt>
      <trkpt lat="35.32097" lon="129.01827">
        <ele>4.0</ele>
      </trkpt>
      <trkpt lat="35.32123" lon="129.01808">
        <ele>4.0</ele>
      </trkpt>
      <trkpt lat="35.32128" lon="129.018">
        <ele>4.0</ele>
      </trkpt>
      <trkpt lat="35.32135" lon="129.0179">
        <ele>3.9</ele>
      </trkpt>
      <trkpt lat="35.3215" lon="129.01802">
        <ele>4.3</ele>
      </trkpt>
      <trkpt lat="35.32173" lon="129.01819">
        <ele>4.8</ele>
      </trkpt>
      <trkpt lat="35.32193" lon="129.018318">
        <ele>5.0</ele>
      </trkpt>
      <trkpt lat="35.32216" lon="129.01845">
        <ele>5.0</ele>
      </trkpt>
      <trkpt lat="35.32243" lon="129.018577">
        <ele>5.0</ele>
      </trkpt>
      <trkpt lat="35.32273" lon="129.0187">
        <ele>5.0</ele>
      </trkpt>
      <trkpt lat="35.32301" lon="129.0188">
        <ele>5.1</ele>
      </trkpt>
      <trkpt lat="35.32323" lon="129.018847">
        <ele>5.2</ele>
      </trkpt>
      <trkpt lat="35.3237" lon="129.01893">
        <ele>4.7</ele>
      </trkpt>
      <trkpt lat="35.32458" lon="129.019038">
        <ele>3.8</ele>
      </trkpt>
      <trkpt lat="35.32547" lon="129.01915">
        <ele>5.2</ele>
      </trkpt>
      <trkpt lat="35.32555" lon="129.01916">
        <ele>5.3</ele>
      </trkpt>
      <trkpt lat="35.32591" lon="129.0192">
        <ele>5.9</ele>
      </trkpt>
      <trkpt lat="35.32647" lon="129.019297">
        <ele>5.1</ele>
      </trkpt>
      <trkpt lat="35.32704" lon="129.019387">
        <ele>4.5</ele>
      </trkpt>
      <trkpt lat="35.32788" lon="129.01952">
        <ele>5.4</ele>
      </trkpt>
      <trkpt lat="35.32842" lon="129.0196">
        <ele>6.3</ele>
      </trkpt>
      <trkpt lat="35.32896" lon="129.019669">
        <ele>5.3</ele>
      </trkpt>
      <trkpt lat="35.32962" lon="129.019748">
        <ele>4.1</ele>
      </trkpt>
      <trkpt lat="35.33029" lon="129.01983">
        <ele>3.7</ele>
      </trkpt>
      <trkpt lat="35.33082" lon="129.01992">
        <ele>3.9</ele>
      </trkpt>
      <trkpt lat="35.3314" lon="129.02007">
        <ele>5.3</ele>
      </trkpt>
      <trkpt lat="35.33199" lon="129.02022">
        <ele>5.1</ele>
      </trkpt>
      <trkpt lat="35.33233" lon="129.020288">
        <ele>4.5</ele>
      </trkpt>
      <trkpt lat="35.33268" lon="129.02035">
        <ele>4.4</ele>
      </trkpt>
      <trkpt lat="35.33313" lon="129.02041">
        <ele>4.8</ele>
      </trkpt>
      <trkpt lat="35.33359" lon="129.02046">
        <ele>5.6</ele>
      </trkpt>
      <trkpt lat="35.33406" lon="129.020547">
        <ele>6.7</ele>
      </trkpt>
      <trkpt lat="35.33441" lon="129.02063">
        <ele>7.0</ele>
      </trkpt>
      <trkpt lat="35.33504" lon="129.020817">
        <ele>7.0</ele>
      </trkpt>
      <trkpt lat="35.33544" lon="129.02096">
        <ele>6.3</ele>
      </trkpt>
      <trkpt lat="35.33612" lon="129.02129">
        <ele>5.8</ele>
      </trkpt>
      <trkpt lat="35.33644" lon="129.021459">
        <ele>5.7</ele>
      </trkpt>
      <trkpt lat="35.33689" lon="129.021718">
        <ele>5.7</ele>
      </trkpt>
      <trkpt lat="35.33756" lon="129.0222">
        <ele>4.9</ele>
      </trkpt>
      <trkpt lat="35.33823" lon="129.02267">
        <ele>4.1</ele>
      </trkpt>
      <trkpt lat="35.3389" lon="129.02314">
        <ele>4.2</ele>
      </trkpt>
      <trkpt lat="35.33957" lon="129.02362">
        <ele>8.5</ele>
      </trkpt>
      <trkpt lat="35.34011" lon="129.02401">
        <ele>12.0</ele>
      </trkpt>
      <trkpt lat="35.34019" lon="129.02407">
        <ele>12.5</ele>
      </trkpt>
      <trkpt lat="35.34025" lon="129.02408">
        <ele>12.9</ele>
      </trkpt>
      <trkpt lat="35.3403" lon="129.02408">
        <ele>13.2</ele>
      </trkpt>
      <trkpt lat="35.34035" lon="129.024059">
        <ele>14.4</ele>
      </trkpt>
      <trkpt lat="35.34052" lon="129.02393">
        <ele>19.7</ele>
      </trkpt>
      <trkpt lat="35.34071" lon="129.02426">
        <ele>18.3</ele>
      </trkpt>
      <trkpt lat="35.34081" lon="129.02438">
        <ele>17.8</ele>
      </trkpt>
      <trkpt lat="35.34148" lon="129.025038">
        <ele>14.8</ele>
      </trkpt>
      <trkpt lat="35.34167" lon="129.02525">
        <ele>17.4</ele>
      </trkpt>
      <trkpt lat="35.34222" lon="129.02604">
        <ele>22.8</ele>
      </trkpt>
      <trkpt lat="35.34287" lon="129.026569">
        <ele>15.4</ele>
      </trkpt>
      <trkpt lat="35.34334" lon="129.026907">
        <ele>10.7</ele>
      </trkpt>
      <trkpt lat="35.34387" lon="129.02735">
        <ele>9.5</ele>
      </trkpt>
      <trkpt lat="35.3444" lon="129.02779">
        <ele>10.2</ele>
      </trkpt>
      <trkpt lat="35.344389" lon="129.027808">
        <ele>10.1</ele>
      </trkpt>
      <trkpt lat="35.344458" lon="129.027839">
        <ele>10.1</ele>
      </trkpt>
      <trkpt lat="35.34478" lon="129.02819">
        <ele>10.3</ele>
      </trkpt>
      <trkpt lat="35.3453" lon="129.02882">
        <ele>13.5</ele>
      </trkpt>
      <trkpt lat="35.34556" lon="129.02908">
        <ele>15.2</ele>
      </trkpt>
      <trkpt lat="35.34576" lon="129.02921">
        <ele>16.1</ele>
      </trkpt>
      <trkpt lat="35.34624" lon="129.029429">
        <ele>18.3</ele>
      </trkpt>
      <trkpt lat="35.34672" lon="129.02965">
        <ele>18.4</ele>
      </trkpt>
      <trkpt lat="35.34701" lon="129.02971">
        <ele>18.1</ele>
      </trkpt>
      <trkpt lat="35.34754" lon="129.02971">
        <ele>19.0</ele>
      </trkpt>
      <trkpt lat="35.34806" lon="129.02971">
        <ele>15.3</ele>
      </trkpt>
      <trkpt lat="35.34881" lon="129.02989">
        <ele>11.9</ele>
      </trkpt>
      <trkpt lat="35.34955" lon="129.03007">
        <ele>12.2</ele>
      </trkpt>
      <trkpt lat="35.34992" lon="129.03021">
        <ele>13.2</ele>
      </trkpt>
      <trkpt lat="35.35016" lon="129.03037">
        <ele>14.1</ele>
      </trkpt>
      <trkpt lat="35.35029" lon="129.03048">
        <ele>14.6</ele>
      </trkpt>
      <trkpt lat="35.35065" lon="129.03091">
        <ele>15.0</ele>
      </trkpt>
      <trkpt lat="35.35133" lon="129.03156">
        <ele>12.9</ele>
      </trkpt>
      <trkpt lat="35.35182" lon="129.03197">
        <ele>14.1</ele>
      </trkpt>
      <trkpt lat="35.35231" lon="129.032378">
        <ele>11.6</ele>
      </trkpt>
      <trkpt lat="35.35259" lon="129.03258">
        <ele>10.5</ele>
      </trkpt>
      <trkpt lat="35.35305" lon="129.03287">
        <ele>9.4</ele>
      </trkpt>
      <trkpt lat="35.35324" lon="129.03298">
        <ele>9.3</ele>
      </trkpt>
      <trkpt lat="35.35399" lon="129.03331">
        <ele>14.5</ele>
      </trkpt>
      <trkpt lat="35.35475" lon="129.033639">
        <ele>17.0</ele>
      </trkpt>
      <trkpt lat="35.3555" lon="129.03397">
        <ele>15.7</ele>
      </trkpt>
      <trkpt lat="35.35626" lon="129.0343">
        <ele>13.8</ele>
      </trkpt>
      <trkpt lat="35.3568" lon="129.034697">
        <ele>13.2</ele>
      </trkpt>
      <trkpt lat="35.35744" lon="129.03508">
        <ele>15.3</ele>
      </trkpt>
      <trkpt lat="35.35808" lon="129.03545">
        <ele>13.9</ele>
      </trkpt>
      <trkpt lat="35.35858" lon="129.035778">
        <ele>14.0</ele>
      </trkpt>
      <trkpt lat="35.35908" lon="129.0361">
        <ele>15.3</ele>
      </trkpt>
      <trkpt lat="35.35966" lon="129.03647">
        <ele>16.3</ele>
      </trkpt>
      <trkpt lat="35.36024" lon="129.03683">
        <ele>16.2</ele>
      </trkpt>
      <trkpt lat="35.36082" lon="129.0372">
        <ele>15.6</ele>
      </trkpt>
      <trkpt lat="35.36101" lon="129.03728">
        <ele>15.2</ele>
      </trkpt>
      <trkpt lat="35.36182" lon="129.03764">
        <ele>12.8</ele>
      </trkpt>
      <trkpt lat="35.36263" lon="129.03797">
        <ele>14.1</ele>
      </trkpt>
      <trkpt lat="35.36343" lon="129.038299">
        <ele>14.1</ele>
      </trkpt>
      <trkpt lat="35.36398" lon="129.03852">
        <ele>13.6</ele>
      </trkpt>
      <trkpt lat="35.36453" lon="129.038727">
        <ele>14.5</ele>
      </trkpt>
      <trkpt lat="35.36527" lon="129.039087">
        <ele>15.9</ele>
      </trkpt>
      <trkpt lat="35.36571" lon="129.039268">
        <ele>16.7</ele>
      </trkpt>
      <trkpt lat="35.36616" lon="129.039459">
        <ele>15.3</ele>
      </trkpt>
      <trkpt lat="35.36678" lon="129.039729">
        <ele>14.2</ele>
      </trkpt>
      <trkpt lat="35.36741" lon="129.039999">
        <ele>13.0</ele>
      </trkpt>
      <trkpt lat="35.36768" lon="129.04015">
        <ele>13.4</ele>
      </trkpt>
      <trkpt lat="35.36845" lon="129.040697">
        <ele>13.7</ele>
      </trkpt>
      <trkpt lat="35.36923" lon="129.041249">
        <ele>13.2</ele>
      </trkpt>
      <trkpt lat="35.37" lon="129.041789">
        <ele>15.7</ele>
      </trkpt>
      <trkpt lat="35.37078" lon="129.04234">
        <ele>15.3</ele>
      </trkpt>
      <trkpt lat="35.37156" lon="129.04289">
        <ele>13.4</ele>
      </trkpt>
      <trkpt lat="35.37233" lon="129.04344">
        <ele>14.6</ele>
      </trkpt>
      <trkpt lat="35.37276" lon="129.04371">
        <ele>13.7</ele>
      </trkpt>
      <trkpt lat="35.37309" lon="129.04389">
        <ele>13.7</ele>
      </trkpt>
      <trkpt lat="35.37355" lon="129.04406">
        <ele>13.8</ele>
      </trkpt>
      <trkpt lat="35.37401" lon="129.04423">
        <ele>14.0</ele>
      </trkpt>
      <trkpt lat="35.37442" lon="129.04434">
        <ele>14.4</ele>
      </trkpt>
      <trkpt lat="35.37508" lon="129.04445">
        <ele>13.8</ele>
      </trkpt>
      <trkpt lat="35.37574" lon="129.04457">
        <ele>12.2</ele>
      </trkpt>
      <trkpt lat="35.3764" lon="129.04469">
        <ele>13.0</ele>
      </trkpt>
      <trkpt lat="35.37723" lon="129.044727">
        <ele>12.0</ele>
      </trkpt>
      <trkpt lat="35.37802" lon="129.0448">
        <ele>12.0</ele>
      </trkpt>
      <trkpt lat="35.37891" lon="129.04489">
        <ele>13.5</ele>
      </trkpt>
      <trkpt lat="35.3798" lon="129.04499">
        <ele>15.5</ele>
      </trkpt>
      <trkpt lat="35.38069" lon="129.045088">
        <ele>15.1</ele>
      </trkpt>
      <trkpt lat="35.38094" lon="129.045178">
        <ele>14.7</ele>
      </trkpt>
      <trkpt lat="35.38172" lon="129.045448">
        <ele>13.3</ele>
      </trkpt>
      <trkpt lat="35.38218" lon="129.04561">
        <ele>14.2</ele>
      </trkpt>
      <trkpt lat="35.38226" lon="129.045628">
        <ele>14.3</ele>
      </trkpt>
      <trkpt lat="35.38278" lon="129.045808">
        <ele>15.4</ele>
      </trkpt>
      <trkpt lat="35.38344" lon="129.045988">
        <ele>16.5</ele>
      </trkpt>
      <trkpt lat="35.38426" lon="129.04615">
        <ele>18.2</ele>
      </trkpt>
      <trkpt lat="35.38514" lon="129.04629">
        <ele>19.0</ele>
      </trkpt>
      <trkpt lat="35.38584" lon="129.0463">
        <ele>21.3</ele>
      </trkpt>
      <trkpt lat="35.38654" lon="129.0463">
        <ele>21.5</ele>
      </trkpt>
      <trkpt lat="35.38723" lon="129.04631">
        <ele>24.3</ele>
      </trkpt>
      <trkpt lat="35.38793" lon="129.04631">
        <ele>27.6</ele>
      </trkpt>
      <trkpt lat="35.38863" lon="129.046337">
        <ele>29.7</ele>
      </trkpt>
      <trkpt lat="35.38934" lon="129.04638">
        <ele>30.9</ele>
      </trkpt>
      <trkpt lat="35.38951" lon="129.0464">
        <ele>31.2</ele>
      </trkpt>
      <trkpt lat="35.3897" lon="129.04646">
        <ele>31.4</ele>
      </trkpt>
      <trkpt lat="35.38987" lon="129.04654">
        <ele>31.4</ele>
      </trkpt>
      <trkpt lat="35.39012" lon="129.04675">
        <ele>33.9</ele>
      </trkpt>
      <trkpt lat="35.39051" lon="129.04719">
        <ele>35.2</ele>
      </trkpt>
      <trkpt lat="35.39105" lon="129.04773">
        <ele>32.4</ele>
      </trkpt>
      <trkpt lat="35.39127" lon="129.04793">
        <ele>32.5</ele>
      </trkpt>
      <trkpt lat="35.39193" lon="129.04834">
        <ele>29.4</ele>
      </trkpt>
      <trkpt lat="35.3926" lon="129.04874">
        <ele>28.0</ele>
      </trkpt>
      <trkpt lat="35.39307" lon="129.04897">
        <ele>30.3</ele>
      </trkpt>
      <trkpt lat="35.39354" lon="129.0492">
        <ele>31.4</ele>
      </trkpt>
      <trkpt lat="35.39428" lon="129.04951">
        <ele>33.4</ele>
      </trkpt>
      <trkpt lat="35.39474" lon="129.04963">
        <ele>33.9</ele>
      </trkpt>
      <trkpt lat="35.3952" lon="129.04974">
        <ele>31.4</ele>
      </trkpt>
      <trkpt lat="35.39556" lon="129.04987">
        <ele>26.8</ele>
      </trkpt>
      <trkpt lat="35.39611" lon="129.05013">
        <ele>29.2</ele>
      </trkpt>
      <trkpt lat="35.39653" lon="129.05039">
        <ele>33.7</ele>
      </trkpt>
      <trkpt lat="35.39719" lon="129.0509">
        <ele>34.2</ele>
      </trkpt>
      <trkpt lat="35.39768" lon="129.05133">
        <ele>34.1</ele>
      </trkpt>
      <trkpt lat="35.39817" lon="129.05176">
        <ele>33.5</ele>
      </trkpt>
      <trkpt lat="35.39889" lon="129.05212">
        <ele>37.8</ele>
      </trkpt>
      <trkpt lat="35.39939" lon="129.05246">
        <ele>36.6</ele>
      </trkpt>
      <trkpt lat="35.39983" lon="129.0526">
        <ele>40.6</ele>
      </trkpt>
      <trkpt lat="35.40061" lon="129.05278">
        <ele>44.0</ele>
      </trkpt>
      <trkpt lat="35.40127" lon="129.05301">
        <ele>39.8</ele>
      </trkpt>
      <trkpt lat="35.40145" lon="129.05309">
        <ele>38.4</ele>
      </trkpt>
      <trkpt lat="35.40169" lon="129.05326">
        <ele>36.1</ele>
      </trkpt>
      <trkpt lat="35.40201" lon="129.053598">
        <ele>35.2</ele>
      </trkpt>
      <trkpt lat="35.40241" lon="129.05421">
        <ele>33.1</ele>
      </trkpt>
      <trkpt lat="35.40261" lon="129.054409">
        <ele>31.2</ele>
      </trkpt>
      <trkpt lat="35.40286" lon="129.05456">
        <ele>29.2</ele>
      </trkpt>
      <trkpt lat="35.40316" lon="129.054679">
        <ele>27.9</ele>
      </trkpt>
      <trkpt lat="35.40348" lon="129.05473">
        <ele>26.6</ele>
      </trkpt>
      <trkpt lat="35.40375" lon="129.054757">
        <ele>25.5</ele>
      </trkpt>
      <trkpt lat="35.40457" lon="129.05475">
        <ele>25.4</ele>
      </trkpt>
      <trkpt lat="35.4054" lon="129.05474">
        <ele>26.1</ele>
      </trkpt>
      <trkpt lat="35.40622" lon="129.05473">
        <ele>26.8</ele>
      </trkpt>
      <trkpt lat="35.40686" lon="129.0547">
        <ele>27.7</ele>
      </trkpt>
      <trkpt lat="35.4075" lon="129.054667">
        <ele>29.4</ele>
      </trkpt>
      <trkpt lat="35.40813" lon="129.054667">
        <ele>27.7</ele>
      </trkpt>
      <trkpt lat="35.40876" lon="129.05466">
        <ele>26.9</ele>
      </trkpt>
      <trkpt lat="35.40942" lon="129.05465">
        <ele>26.9</ele>
      </trkpt>
      <trkpt lat="35.41007" lon="129.05463">
        <ele>27.6</ele>
      </trkpt>
      <trkpt lat="35.41082" lon="129.054769">
        <ele>28.8</ele>
      </trkpt>
      <trkpt lat="35.41157" lon="129.05492">
        <ele>31.1</ele>
      </trkpt>
      <trkpt lat="35.41241" lon="129.055039">
        <ele>36.8</ele>
      </trkpt>
      <trkpt lat="35.41325" lon="129.05517">
        <ele>39.4</ele>
      </trkpt>
      <trkpt lat="35.4141" lon="129.055298">
        <ele>43.9</ele>
      </trkpt>
      <trkpt lat="35.41491" lon="129.05547">
        <ele>44.4</ele>
      </trkpt>
      <trkpt lat="35.41571" lon="129.055838">
        <ele>47.5</ele>
      </trkpt>
      <trkpt lat="35.41641" lon="129.05622">
        <ele>52.4</ele>
      </trkpt>
      <trkpt lat="35.41711" lon="129.0566">
        <ele>50.6</ele>
      </trkpt>
      <trkpt lat="35.4178" lon="129.05698">
        <ele>46.6</ele>
      </trkpt>
      <trkpt lat="35.4178" lon="129.05698">
        <ele>46.6</ele>
      </trkpt>
      <trkpt lat="35.41808" lon="129.05713">
        <ele>44.3</ele>
      </trkpt>
      <trkpt lat="35.41874" lon="129.057448">
        <ele>40.8</ele>
      </trkpt>
      <trkpt lat="35.4194" lon="129.05776">
        <ele>38.5</ele>
      </trkpt>
      <trkpt lat="35.41993" lon="129.05804">
        <ele>36.4</ele>
      </trkpt>
      <trkpt lat="35.42046" lon="129.05831">
        <ele>37.8</ele>
      </trkpt>
      <trkpt lat="35.4206" lon="129.05838">
        <ele>38.1</ele>
      </trkpt>
      <trkpt lat="35.42115" lon="129.05874">
        <ele>39.7</ele>
      </trkpt>
      <trkpt lat="35.42155" lon="129.059148">
        <ele>40.6</ele>
      </trkpt>
      <trkpt lat="35.42195" lon="129.05955">
        <ele>40.3</ele>
      </trkpt>
      <trkpt lat="35.42247" lon="129.06006">
        <ele>40.7</ele>
      </trkpt>
      <trkpt lat="35.423" lon="129.06057">
        <ele>41.2</ele>
      </trkpt>
      <trkpt lat="35.42352" lon="129.06108">
        <ele>40.8</ele>
      </trkpt>
      <trkpt lat="35.42393" lon="129.06155">
        <ele>39.6</ele>
      </trkpt>
      <trkpt lat="35.42412" lon="129.061669">
        <ele>39.1</ele>
      </trkpt>
      <trkpt lat="35.42444" lon="129.061669">
        <ele>39.6</ele>
      </trkpt>
      <trkpt lat="35.42497" lon="129.06143">
        <ele>41.2</ele>
      </trkpt>
      <trkpt lat="35.42566" lon="129.061489">
        <ele>42.2</ele>
      </trkpt>
      <trkpt lat="35.42635" lon="129.06155">
        <ele>42.3</ele>
      </trkpt>
      <trkpt lat="35.42703" lon="129.0616">
        <ele>43.0</ele>
      </trkpt>
      <trkpt lat="35.42779" lon="129.0616">
        <ele>43.3</ele>
      </trkpt>
      <trkpt lat="35.42807" lon="129.06153">
        <ele>42.6</ele>
      </trkpt>
      <trkpt lat="35.42821" lon="129.06138">
        <ele>42.3</ele>
      </trkpt>
      <trkpt lat="35.42862" lon="129.060668">
        <ele>43.1</ele>
      </trkpt>
      <trkpt lat="35.42873" lon="129.06062">
        <ele>43.3</ele>
      </trkpt>
      <trkpt lat="35.42915" lon="129.06062">
        <ele>43.8</ele>
      </trkpt>
      <trkpt lat="35.42923" lon="129.06062">
        <ele>43.9</ele>
      </trkpt>
      <trkpt lat="35.42991" lon="129.06069">
        <ele>44.8</ele>
      </trkpt>
      <trkpt lat="35.43044" lon="129.06079">
        <ele>46.4</ele>
      </trkpt>
      <trkpt lat="35.43081" lon="129.06088">
        <ele>47.5</ele>
      </trkpt>
      <trkpt lat="35.43135" lon="129.061">
        <ele>49.2</ele>
      </trkpt>
      <trkpt lat="35.43189" lon="129.061129">
        <ele>50.5</ele>
      </trkpt>
      <trkpt lat="35.43216" lon="129.06124">
        <ele>50.3</ele>
      </trkpt>
      <trkpt lat="35.43242" lon="129.06141">
        <ele>49.9</ele>
      </trkpt>
      <trkpt lat="35.43305" lon="129.062018">
        <ele>49.5</ele>
      </trkpt>
      <trkpt lat="35.43332" lon="129.06217">
        <ele>49.2</ele>
      </trkpt>
      <trkpt lat="35.43357" lon="129.06223">
        <ele>49.7</ele>
      </trkpt>
      <trkpt lat="35.43414" lon="129.06234">
        <ele>50.9</ele>
      </trkpt>
      <trkpt lat="35.43471" lon="129.06245">
        <ele>52.7</ele>
      </trkpt>
      <trkpt lat="35.43486" lon="129.0625">
        <ele>52.5</ele>
      </trkpt>
      <trkpt lat="35.43507" lon="129.06263">
        <ele>53.1</ele>
      </trkpt>
      <trkpt lat="35.43566" lon="129.0633">
        <ele>52.7</ele>
      </trkpt>
      <trkpt lat="35.43626" lon="129.06396">
        <ele>51.9</ele>
      </trkpt>
      <trkpt lat="35.43685" lon="129.06463">
        <ele>50.3</ele>
      </trkpt>
      <trkpt lat="35.43703" lon="129.06476">
        <ele>50.3</ele>
      </trkpt>
      <trkpt lat="35.43726" lon="129.06485">
        <ele>50.3</ele>
      </trkpt>
      <trkpt lat="35.4379" lon="129.064979">
        <ele>51.5</ele>
      </trkpt>
      <trkpt lat="35.43854" lon="129.0651">
        <ele>52.9</ele>
      </trkpt>
      <trkpt lat="35.43935" lon="129.06519">
        <ele>54.8</ele>
      </trkpt>
      <trkpt lat="35.43958" lon="129.06529">
        <ele>54.9</ele>
      </trkpt>
      <trkpt lat="35.43977" lon="129.06541">
        <ele>54.0</ele>
      </trkpt>
      <trkpt lat="35.43996" lon="129.06549">
        <ele>53.3</ele>
      </trkpt>
      <trkpt lat="35.44015" lon="129.06548">
        <ele>54.2</ele>
      </trkpt>
      <trkpt lat="35.44037" lon="129.06544">
        <ele>55.9</ele>
      </trkpt>
      <trkpt lat="35.4407" lon="129.06541">
        <ele>58.0</ele>
      </trkpt>
      <trkpt lat="35.44122" lon="129.06546">
        <ele>57.1</ele>
      </trkpt>
      <trkpt lat="35.44174" lon="129.065508">
        <ele>56.2</ele>
      </trkpt>
      <trkpt lat="35.44201" lon="129.06557">
        <ele>57.0</ele>
      </trkpt>
      <trkpt lat="35.44235" lon="129.065677">
        <ele>57.6</ele>
      </trkpt>
      <trkpt lat="35.44249" lon="129.06582">
        <ele>57.1</ele>
      </trkpt>
      <trkpt lat="35.44264" lon="129.06615">
        <ele>56.0</ele>
      </trkpt>
      <trkpt lat="35.44281" lon="129.066409">
        <ele>55.3</ele>
      </trkpt>
      <trkpt lat="35.44314" lon="129.0667">
        <ele>55.2</ele>
      </trkpt>
      <trkpt lat="35.44347" lon="129.0668">
        <ele>55.8</ele>
      </trkpt>
      <trkpt lat="35.4437" lon="129.0668">
        <ele>56.5</ele>
      </trkpt>
      <trkpt lat="35.44434" lon="129.06674">
        <ele>58.5</ele>
      </trkpt>
      <trkpt lat="35.44468" lon="129.066668">
        <ele>59.0</ele>
      </trkpt>
      <trkpt lat="35.44494" lon="129.066679">
        <ele>59.0</ele>
      </trkpt>
      <trkpt lat="35.44518" lon="129.06678">
        <ele>59.3</ele>
      </trkpt>
      <trkpt lat="35.44582" lon="129.06715">
        <ele>59.1</ele>
      </trkpt>
      <trkpt lat="35.44643" lon="129.06782">
        <ele>59.1</ele>
      </trkpt>
      <trkpt lat="35.44703" lon="129.0685">
        <ele>60.2</ele>
      </trkpt>
      <trkpt lat="35.44764" lon="129.06917">
        <ele>59.7</ele>
      </trkpt>
      <trkpt lat="35.44819" lon="129.06941">
        <ele>62.1</ele>
      </trkpt>
      <trkpt lat="35.44875" lon="129.06964">
        <ele>64.4</ele>
      </trkpt>
      <trkpt lat="35.44885" lon="129.069797">
        <ele>64.4</ele>
      </trkpt>
      <trkpt lat="35.44907" lon="129.070337">
        <ele>63.5</ele>
      </trkpt>
      <trkpt lat="35.44923" lon="129.070619">
        <ele>63.1</ele>
      </trkpt>
      <trkpt lat="35.44939" lon="129.07085">
        <ele>63.0</ele>
      </trkpt>
      <trkpt lat="35.44977" lon="129.07121">
        <ele>63.0</ele>
      </trkpt>
      <trkpt lat="35.44992" lon="129.07157">
        <ele>61.4</ele>
      </trkpt>
      <trkpt lat="35.4503" lon="129.07202">
        <ele>60.7</ele>
      </trkpt>
      <trkpt lat="35.45071" lon="129.072139">
        <ele>62.4</ele>
      </trkpt>
      <trkpt lat="35.4509" lon="129.072229">
        <ele>62.8</ele>
      </trkpt>
      <trkpt lat="35.45113" lon="129.07238">
        <ele>62.6</ele>
      </trkpt>
      <trkpt lat="35.45157" lon="129.07272">
        <ele>62.8</ele>
      </trkpt>
      <trkpt lat="35.45203" lon="129.072938">
        <ele>63.7</ele>
      </trkpt>
      <trkpt lat="35.45269" lon="129.07314">
        <ele>64.6</ele>
      </trkpt>
      <trkpt lat="35.45318" lon="129.07323">
        <ele>64.3</ele>
      </trkpt>
      <trkpt lat="35.4538" lon="129.07326">
        <ele>64.9</ele>
      </trkpt>
      <trkpt lat="35.45405" lon="129.07332">
        <ele>64.9</ele>
      </trkpt>
      <trkpt lat="35.45434" lon="129.073489">
        <ele>65.5</ele>
      </trkpt>
      <trkpt lat="35.45497" lon="129.07399">
        <ele>65.6</ele>
      </trkpt>
      <trkpt lat="35.45541" lon="129.074199">
        <ele>66.0</ele>
      </trkpt>
      <trkpt lat="35.456" lon="129.074458">
        <ele>68.1</ele>
      </trkpt>
      <trkpt lat="35.45659" lon="129.07471">
        <ele>70.1</ele>
      </trkpt>
      <trkpt lat="35.45718" lon="129.07497">
        <ele>71.4</ele>
      </trkpt>
      <trkpt lat="35.458" lon="129.07524">
        <ele>74.0</ele>
      </trkpt>
      <trkpt lat="35.45851" lon="129.07532">
        <ele>75.3</ele>
      </trkpt>
      <trkpt lat="35.4589" lon="129.07542">
        <ele>75.0</ele>
      </trkpt>
      <trkpt lat="35.45937" lon="129.07568">
        <ele>72.6</ele>
      </trkpt>
      <trkpt lat="35.45983" lon="129.07595">
        <ele>72.1</ele>
      </trkpt>
      <trkpt lat="35.46005" lon="129.07629">
        <ele>72.2</ele>
      </trkpt>
      <trkpt lat="35.46027" lon="129.07649">
        <ele>72.8</ele>
      </trkpt>
      <trkpt lat="35.46078" lon="129.07685">
        <ele>73.2</ele>
      </trkpt>
      <trkpt lat="35.4613" lon="129.0772">
        <ele>75.1</ele>
      </trkpt>
      <trkpt lat="35.4616" lon="129.077317">
        <ele>76.1</ele>
      </trkpt>
      <trkpt lat="35.46185" lon="129.077508">
        <ele>76.7</ele>
      </trkpt>
      <trkpt lat="35.46212" lon="129.07774">
        <ele>77.8</ele>
      </trkpt>
      <trkpt lat="35.4625" lon="129.07819">
        <ele>76.4</ele>
      </trkpt>
      <trkpt lat="35.46299" lon="129.07829">
        <ele>75.8</ele>
      </trkpt>
      <trkpt lat="35.46322" lon="129.0783">
        <ele>75.9</ele>
      </trkpt>
      <trkpt lat="35.46354" lon="129.07825">
        <ele>76.6</ele>
      </trkpt>
      <trkpt lat="35.46399" lon="129.07826">
        <ele>77.7</ele>
      </trkpt>
      <trkpt lat="35.4644" lon="129.07833">
        <ele>78.0</ele>
      </trkpt>
      <trkpt lat="35.46512" lon="129.07854">
        <ele>77.1</ele>
      </trkpt>
      <trkpt lat="35.46551" lon="129.0786">
        <ele>77.1</ele>
      </trkpt>
      <trkpt lat="35.4657" lon="129.07855">
        <ele>77.6</ele>
      </trkpt>
      <trkpt lat="35.46621" lon="129.07836">
        <ele>80.6</ele>
      </trkpt>
      <trkpt lat="35.46621" lon="129.07836">
        <ele>80.6</ele>
      </trkpt>
      <trkpt lat="35.46704" lon="129.07803">
        <ele>86.0</ele>
      </trkpt>
      <trkpt lat="35.46734" lon="129.07788">
        <ele>87.9</ele>
      </trkpt>
      <trkpt lat="35.46758" lon="129.07781">
        <ele>89.6</ele>
      </trkpt>
      <trkpt lat="35.46776" lon="129.07779">
        <ele>91.1</ele>
      </trkpt>
      <trkpt lat="35.46814" lon="129.07785">
        <ele>93.2</ele>
      </trkpt>
      <trkpt lat="35.46875" lon="129.07801">
        <ele>95.5</ele>
      </trkpt>
      <trkpt lat="35.46935" lon="129.07817">
        <ele>95.7</ele>
      </trkpt>
      <trkpt lat="35.46996" lon="129.07833">
        <ele>93.1</ele>
      </trkpt>
      <trkpt lat="35.47054" lon="129.07853">
        <ele>96.4</ele>
      </trkpt>
      <trkpt lat="35.47115" lon="129.07915">
        <ele>99.5</ele>
      </trkpt>
      <trkpt lat="35.47145" lon="129.079287">
        <ele>101.4</ele>
      </trkpt>
      <trkpt lat="35.47225" lon="129.07943">
        <ele>102.5</ele>
      </trkpt>
      <trkpt lat="35.47305" lon="129.079557">
        <ele>102.2</ele>
      </trkpt>
      <trkpt lat="35.4732" lon="129.0796">
        <ele>102.1</ele>
      </trkpt>
      <trkpt lat="35.47349" lon="129.079748">
        <ele>101.7</ele>
      </trkpt>
      <trkpt lat="35.47364" lon="129.07981">
        <ele>101.4</ele>
      </trkpt>
      <trkpt lat="35.47426" lon="129.07978">
        <ele>102.9</ele>
      </trkpt>
      <trkpt lat="35.47436" lon="129.07981">
        <ele>103.5</ele>
      </trkpt>
      <trkpt lat="35.47494" lon="129.08018">
        <ele>105.5</ele>
      </trkpt>
      <trkpt lat="35.47552" lon="129.080548">
        <ele>106.4</ele>
      </trkpt>
      <trkpt lat="35.4761" lon="129.080908">
        <ele>105.4</ele>
      </trkpt>
      <trkpt lat="35.47633" lon="129.08102">
        <ele>105.5</ele>
      </trkpt>
      <trkpt lat="35.47642" lon="129.08102">
        <ele>105.7</ele>
      </trkpt>
      <trkpt lat="35.47657" lon="129.08097">
        <ele>106.3</ele>
      </trkpt>
      <trkpt lat="35.47738" lon="129.08069">
        <ele>112.7</ele>
      </trkpt>
      <trkpt lat="35.47803" lon="129.08063">
        <ele>115.0</ele>
      </trkpt>
      <trkpt lat="35.47839" lon="129.08066">
        <ele>115.2</ele>
      </trkpt>
      <trkpt lat="35.47889" lon="129.08075">
        <ele>115.9</ele>
      </trkpt>
      <trkpt lat="35.47905" lon="129.08079">
        <ele>115.6</ele>
      </trkpt>
      <trkpt lat="35.47948" lon="129.081088">
        <ele>113.3</ele>
      </trkpt>
      <trkpt lat="35.47991" lon="129.0814">
        <ele>111.7</ele>
      </trkpt>
      <trkpt lat="35.48028" lon="129.08169">
        <ele>114.6</ele>
      </trkpt>
      <trkpt lat="35.48069" lon="129.082259">
        <ele>115.5</ele>
      </trkpt>
      <trkpt lat="35.48089" lon="129.082439">
        <ele>114.9</ele>
      </trkpt>
      <trkpt lat="35.48121" lon="129.082518">
        <ele>114.8</ele>
      </trkpt>
      <trkpt lat="35.48171" lon="129.08236">
        <ele>118.3</ele>
      </trkpt>
      <trkpt lat="35.48191" lon="129.08239">
        <ele>117.8</ele>
      </trkpt>
      <trkpt lat="35.48263" lon="129.08281">
        <ele>116.8</ele>
      </trkpt>
      <trkpt lat="35.4833" lon="129.083227">
        <ele>119.7</ele>
      </trkpt>
      <trkpt lat="35.48351" lon="129.083328">
        <ele>119.2</ele>
      </trkpt>
      <trkpt lat="35.48382" lon="129.0834">
        <ele>119.2</ele>
      </trkpt>
      <trkpt lat="35.48398" lon="129.0834">
        <ele>119.4</ele>
      </trkpt>
      <trkpt lat="35.48437" lon="129.08346">
        <ele>119.0</ele>
      </trkpt>
      <trkpt lat="35.48483" lon="129.08361">
        <ele>117.8</ele>
      </trkpt>
      <trkpt lat="35.4851" lon="129.08361">
        <ele>117.9</ele>
      </trkpt>
      <trkpt lat="35.48548" lon="129.08367">
        <ele>118.3</ele>
      </trkpt>
      <trkpt lat="35.48622" lon="129.0839">
        <ele>120.7</ele>
      </trkpt>
      <trkpt lat="35.48685" lon="129.08417">
        <ele>121.8</ele>
      </trkpt>
      <trkpt lat="35.48731" lon="129.08428">
        <ele>120.8</ele>
      </trkpt>
      <trkpt lat="35.48777" lon="129.08439">
        <ele>120.7</ele>
      </trkpt>
      <trkpt lat="35.48787" lon="129.084398">
        <ele>120.8</ele>
      </trkpt>
      <trkpt lat="35.48797" lon="129.08438">
        <ele>121.1</ele>
      </trkpt>
      <trkpt lat="35.48849" lon="129.083947">
        <ele>126.1</ele>
      </trkpt>
      <trkpt lat="35.48901" lon="129.08353">
        <ele>131.5</ele>
      </trkpt>
      <trkpt lat="35.48921" lon="129.08328">
        <ele>134.5</ele>
      </trkpt>
      <trkpt lat="35.48958" lon="129.08264">
        <ele>139.6</ele>
      </trkpt>
      <trkpt lat="35.48967" lon="129.08251">
        <ele>139.8</ele>
      </trkpt>
      <trkpt lat="35.48976" lon="129.082428">
        <ele>139.8</ele>
      </trkpt>
      <trkpt lat="35.48986" lon="129.08237">
        <ele>139.2</ele>
      </trkpt>
      <trkpt lat="35.49" lon="129.08233">
        <ele>137.5</ele>
      </trkpt>
      <trkpt lat="35.49072" lon="129.082248">
        <ele>141.0</ele>
      </trkpt>
      <trkpt lat="35.49076" lon="129.08295">
        <ele>130.6</ele>
      </trkpt>
      <trkpt lat="35.49081" lon="129.08365">
        <ele>125.1</ele>
      </trkpt>
      <trkpt lat="35.49081" lon="129.08409">
        <ele>124.6</ele>
      </trkpt>
      <trkpt lat="35.49095" lon="129.08456">
        <ele>124.0</ele>
      </trkpt>
      <trkpt lat="35.49098" lon="129.08466">
        <ele>123.9</ele>
      </trkpt>
      <trkpt lat="35.49102" lon="129.08518">
        <ele>123.4</ele>
      </trkpt>
      <trkpt lat="35.49101" lon="129.085377">
        <ele>124.0</ele>
      </trkpt>
      <trkpt lat="35.49151" lon="129.085827">
        <ele>126.6</ele>
      </trkpt>
      <trkpt lat="35.49202" lon="129.086289">
        <ele>127.0</ele>
      </trkpt>
      <trkpt lat="35.492" lon="129.08632">
        <ele>127.0</ele>
      </trkpt>
      <trkpt lat="35.49194" lon="129.08694">
        <ele>126.8</ele>
      </trkpt>
      <trkpt lat="35.49243" lon="129.087009">
        <ele>127.0</ele>
      </trkpt>
      <trkpt lat="35.49293" lon="129.08707">
        <ele>128.3</ele>
      </trkpt>
      <trkpt lat="35.49366" lon="129.087178">
        <ele>129.9</ele>
      </trkpt>
      <trkpt lat="35.49438" lon="129.08729">
        <ele>130.3</ele>
      </trkpt>
      <trkpt lat="35.4951" lon="129.0874">
        <ele>130.9</ele>
      </trkpt>
      <trkpt lat="35.49558" lon="129.08748">
        <ele>134.8</ele>
      </trkpt>
      <trkpt lat="35.49607" lon="129.08756">
        <ele>137.7</ele>
      </trkpt>
      <trkpt lat="35.49652" lon="129.08767">
        <ele>138.5</ele>
      </trkpt>
      <trkpt lat="35.49732" lon="129.08795">
        <ele>139.6</ele>
      </trkpt>
      <trkpt lat="35.49811" lon="129.08824">
        <ele>136.4</ele>
      </trkpt>
      <trkpt lat="35.49891" lon="129.088518">
        <ele>139.6</ele>
      </trkpt>
      <trkpt lat="35.49939" lon="129.08867">
        <ele>143.2</ele>
      </trkpt>
      <trkpt lat="35.49986" lon="129.08882">
        <ele>145.8</ele>
      </trkpt>
      <trkpt lat="35.50004" lon="129.08886">
        <ele>146.4</ele>
      </trkpt>
      <trkpt lat="35.50023" lon="129.08885">
        <ele>146.3</ele>
      </trkpt>
      <trkpt lat="35.5004" lon="129.08881">
        <ele>146.4</ele>
      </trkpt>
      <trkpt lat="35.5005" lon="129.08876">
        <ele>146.5</ele>
      </trkpt>
      <trkpt lat="35.5012" lon="129.088529">
        <ele>147.0</ele>
      </trkpt>
      <trkpt lat="35.5019" lon="129.0883">
        <ele>147.4</ele>
      </trkpt>
      <trkpt lat="35.50255" lon="129.08811">
        <ele>147.2</ele>
      </trkpt>
      <trkpt lat="35.50319" lon="129.08792">
        <ele>145.8</ele>
      </trkpt>
      <trkpt lat="35.50353" lon="129.08797">
        <ele>144.4</ele>
      </trkpt>
      <trkpt lat="35.50411" lon="129.088259">
        <ele>143.1</ele>
      </trkpt>
      <trkpt lat="35.50469" lon="129.08855">
        <ele>144.5</ele>
      </trkpt>
      <trkpt lat="35.50489" lon="129.088709">
        <ele>144.8</ele>
      </trkpt>
      <trkpt lat="35.50507" lon="129.088979">
        <ele>144.6</ele>
      </trkpt>
      <trkpt lat="35.50534" lon="129.08957">
        <ele>143.4</ele>
      </trkpt>
      <trkpt lat="35.5056" lon="129.09016">
        <ele>142.4</ele>
      </trkpt>
      <trkpt lat="35.50588" lon="129.090668">
        <ele>142.2</ele>
      </trkpt>
      <trkpt lat="35.50623" lon="129.09123">
        <ele>141.7</ele>
      </trkpt>
      <trkpt lat="35.50657" lon="129.09178">
        <ele>142.8</ele>
      </trkpt>
      <trkpt lat="35.50704" lon="129.09231">
        <ele>147.8</ele>
      </trkpt>
      <trkpt lat="35.50748" lon="129.092638">
        <ele>151.5</ele>
      </trkpt>
      <trkpt lat="35.50774" lon="129.092807">
        <ele>151.0</ele>
      </trkpt>
      <trkpt lat="35.50816" lon="129.09315">
        <ele>149.6</ele>
      </trkpt>
      <trkpt lat="35.50837" lon="129.09337">
        <ele>149.0</ele>
      </trkpt>
      <trkpt lat="35.50881" lon="129.09395">
        <ele>149.8</ele>
      </trkpt>
      <trkpt lat="35.50892" lon="129.094068">
        <ele>150.1</ele>
      </trkpt>
      <trkpt lat="35.50902" lon="129.09415">
        <ele>150.5</ele>
      </trkpt>
      <trkpt lat="35.50965" lon="129.09447">
        <ele>153.7</ele>
      </trkpt>
      <trkpt lat="35.51044" lon="129.09482">
        <ele>157.3</ele>
      </trkpt>
      <trkpt lat="35.51123" lon="129.09518">
        <ele>157.6</ele>
      </trkpt>
      <trkpt lat="35.51138" lon="129.09527">
        <ele>157.5</ele>
      </trkpt>
      <trkpt lat="35.511384" lon="129.095272">
        <ele>157.5</ele>
      </trkpt>
      <trkpt lat="35.51156" lon="129.09545">
        <ele>157.1</ele>
      </trkpt>
      <trkpt lat="35.51201" lon="129.095599">
        <ele>157.7</ele>
      </trkpt>
      <trkpt lat="35.51247" lon="129.09575">
        <ele>158.2</ele>
      </trkpt>
      <trkpt lat="35.51298" lon="129.0959">
        <ele>158.8</ele>
      </trkpt>
      <trkpt lat="35.5135" lon="129.09606">
        <ele>159.5</ele>
      </trkpt>
      <trkpt lat="35.51416" lon="129.09624">
        <ele>160.5</ele>
      </trkpt>
      <trkpt lat="35.51482" lon="129.09642">
        <ele>159.9</ele>
      </trkpt>
      <trkpt lat="35.51548" lon="129.0966">
        <ele>157.9</ele>
      </trkpt>
      <trkpt lat="35.51614" lon="129.09678">
        <ele>156.1</ele>
      </trkpt>
      <trkpt lat="35.51692" lon="129.097017">
        <ele>155.3</ele>
      </trkpt>
      <trkpt lat="35.51769" lon="129.09727">
        <ele>157.7</ele>
      </trkpt>
      <trkpt lat="35.51847" lon="129.09751">
        <ele>157.3</ele>
      </trkpt>
      <trkpt lat="35.51913" lon="129.097738">
        <ele>152.4</ele>
      </trkpt>
      <trkpt lat="35.51988" lon="129.09798">
        <ele>149.1</ele>
      </trkpt>
      <trkpt lat="35.52062" lon="129.09821">
        <ele>147.1</ele>
      </trkpt>
      <trkpt lat="35.521" lon="129.09834">
        <ele>146.1</ele>
      </trkpt>
      <trkpt lat="35.52183" lon="129.09863">
        <ele>143.9</ele>
      </trkpt>
      <trkpt lat="35.52266" lon="129.098908">
        <ele>145.2</ele>
      </trkpt>
      <trkpt lat="35.52349" lon="129.0992">
        <ele>145.7</ele>
      </trkpt>
      <trkpt lat="35.52432" lon="129.09948">
        <ele>148.8</ele>
      </trkpt>
      <trkpt lat="35.52515" lon="129.09977">
        <ele>148.7</ele>
      </trkpt>
      <trkpt lat="35.52598" lon="129.10006">
        <ele>145.5</ele>
      </trkpt>
      <trkpt lat="35.52658" lon="129.10028">
        <ele>143.8</ele>
      </trkpt>
      <trkpt lat="35.52718" lon="129.10049">
        <ele>142.8</ele>
      </trkpt>
      <trkpt lat="35.52777" lon="129.100709">
        <ele>141.9</ele>
      </trkpt>
      <trkpt lat="35.52843" lon="129.10094">
        <ele>140.6</ele>
      </trkpt>
      <trkpt lat="35.52864" lon="129.10102">
        <ele>140.5</ele>
      </trkpt>
      <trkpt lat="35.52907" lon="129.10125">
        <ele>140.4</ele>
      </trkpt>
      <trkpt lat="35.52933" lon="129.101419">
        <ele>140.2</ele>
      </trkpt>
      <trkpt lat="35.52949" lon="129.10156">
        <ele>139.8</ele>
      </trkpt>
      <trkpt lat="35.52986" lon="129.10198">
        <ele>137.3</ele>
      </trkpt>
      <trkpt lat="35.53014" lon="129.10226">
        <ele>135.4</ele>
      </trkpt>
      <trkpt lat="35.53068" lon="129.10301">
        <ele>132.1</ele>
      </trkpt>
      <trkpt lat="35.53122" lon="129.10377">
        <ele>130.1</ele>
      </trkpt>
      <trkpt lat="35.53176" lon="129.10452">
        <ele>128.5</ele>
      </trkpt>
      <trkpt lat="35.53231" lon="129.105269">
        <ele>126.0</ele>
      </trkpt>
      <trkpt lat="35.53285" lon="129.10603">
        <ele>123.0</ele>
      </trkpt>
      <trkpt lat="35.53339" lon="129.106777">
        <ele>120.5</ele>
      </trkpt>
      <trkpt lat="35.53393" lon="129.10753">
        <ele>117.7</ele>
      </trkpt>
      <trkpt lat="35.53447" lon="129.10829">
        <ele>118.3</ele>
      </trkpt>
      <trkpt lat="35.53501" lon="129.10904">
        <ele>117.3</ele>
      </trkpt>
      <trkpt lat="35.53556" lon="129.10979">
        <ele>113.5</ele>
      </trkpt>
      <trkpt lat="35.5361" lon="129.110548">
        <ele>110.6</ele>
      </trkpt>
      <trkpt lat="35.53627" lon="129.11079">
        <ele>109.7</ele>
      </trkpt>
      <trkpt lat="35.53658" lon="129.11115">
        <ele>108.2</ele>
      </trkpt>
      <trkpt lat="35.53672" lon="129.11129">
        <ele>107.7</ele>
      </trkpt>
      <trkpt lat="35.53698" lon="129.1115">
        <ele>106.3</ele>
      </trkpt>
      <trkpt lat="35.53733" lon="129.11169">
        <ele>104.5</ele>
      </trkpt>
      <trkpt lat="35.5379" lon="129.11187">
        <ele>102.1</ele>
      </trkpt>
      <trkpt lat="35.53831" lon="129.11192">
        <ele>100.8</ele>
      </trkpt>
      <trkpt lat="35.53859" lon="129.11192">
        <ele>101.4</ele>
      </trkpt>
      <trkpt lat="35.53895" lon="129.11192">
        <ele>102.3</ele>
      </trkpt>
      <trkpt lat="35.53932" lon="129.11191">
        <ele>103.2</ele>
      </trkpt>
      <trkpt lat="35.53953" lon="129.11192">
        <ele>103.7</ele>
      </trkpt>
      <trkpt lat="35.5402" lon="129.11192">
        <ele>105.5</ele>
      </trkpt>
      <trkpt lat="35.54087" lon="129.11193">
        <ele>106.7</ele>
      </trkpt>
      <trkpt lat="35.54154" lon="129.11193">
        <ele>106.2</ele>
      </trkpt>
      <trkpt lat="35.54201" lon="129.111989">
        <ele>105.7</ele>
      </trkpt>
      <trkpt lat="35.54256" lon="129.11214">
        <ele>105.5</ele>
      </trkpt>
      <trkpt lat="35.54312" lon="129.1124">
        <ele>105.9</ele>
      </trkpt>
      <trkpt lat="35.5438" lon="129.11285">
        <ele>104.6</ele>
      </trkpt>
      <trkpt lat="35.54447" lon="129.1133">
        <ele>103.7</ele>
      </trkpt>
      <trkpt lat="35.54515" lon="129.11374">
        <ele>103.3</ele>
      </trkpt>
      <trkpt lat="35.54583" lon="129.11419">
        <ele>104.0</ele>
      </trkpt>
      <trkpt lat="35.54659" lon="129.11473">
        <ele>104.6</ele>
      </trkpt>
      <trkpt lat="35.54705" lon="129.11501">
        <ele>102.6</ele>
      </trkpt>
      <trkpt lat="35.54751" lon="129.115287">
        <ele>100.6</ele>
      </trkpt>
      <trkpt lat="35.54776" lon="129.11543">
        <ele>98.9</ele>
      </trkpt>
      <trkpt lat="35.548127" lon="129.115584">
        <ele>96.5</ele>
      </trkpt>
      <trkpt lat="35.54826" lon="129.11564">
        <ele>97.1</ele>
      </trkpt>
      <trkpt lat="35.54878" lon="129.11588">
        <ele>95.3</ele>
      </trkpt>
      <trkpt lat="35.54899" lon="129.11596">
        <ele>94.6</ele>
      </trkpt>
      <trkpt lat="35.54958" lon="129.11625">
        <ele>94.2</ele>
      </trkpt>
      <trkpt lat="35.55018" lon="129.116537">
        <ele>94.5</ele>
      </trkpt>
      <trkpt lat="35.55078" lon="129.116818">
        <ele>94.9</ele>
      </trkpt>
      <trkpt lat="35.55157" lon="129.11716">
        <ele>99.6</ele>
      </trkpt>
      <trkpt lat="35.55236" lon="129.1175">
        <ele>103.5</ele>
      </trkpt>
      <trkpt lat="35.55315" lon="129.11784">
        <ele>103.9</ele>
      </trkpt>
      <trkpt lat="35.55357" lon="129.118068">
        <ele>101.3</ele>
      </trkpt>
      <trkpt lat="35.55401" lon="129.118259">
        <ele>96.2</ele>
      </trkpt>
      <trkpt lat="35.55446" lon="129.11846">
        <ele>93.3</ele>
      </trkpt>
      <trkpt lat="35.55467" lon="129.11858">
        <ele>92.6</ele>
      </trkpt>
      <trkpt lat="35.55493" lon="129.11876">
        <ele>91.5</ele>
      </trkpt>
      <trkpt lat="35.55552" lon="129.11928">
        <ele>89.2</ele>
      </trkpt>
      <trkpt lat="35.55562" lon="129.1194">
        <ele>88.8</ele>
      </trkpt>
      <trkpt lat="35.55581" lon="129.11926">
        <ele>87.2</ele>
      </trkpt>
      <trkpt lat="35.55593" lon="129.119228">
        <ele>86.5</ele>
      </trkpt>
      <trkpt lat="35.556" lon="129.119239">
        <ele>86.2</ele>
      </trkpt>
      <trkpt lat="35.55646" lon="129.1194">
        <ele>83.6</ele>
      </trkpt>
      <trkpt lat="35.55676" lon="129.11956">
        <ele>81.8</ele>
      </trkpt>
      <trkpt lat="35.55748" lon="129.12002">
        <ele>78.0</ele>
      </trkpt>
      <trkpt lat="35.55771" lon="129.11912">
        <ele>81.4</ele>
      </trkpt>
      <trkpt lat="35.55794" lon="129.11823">
        <ele>83.7</ele>
      </trkpt>
      <trkpt lat="35.55816" lon="129.11734">
        <ele>85.8</ele>
      </trkpt>
      <trkpt lat="35.55839" lon="129.11644">
        <ele>90.6</ele>
      </trkpt>
      <trkpt lat="35.55862" lon="129.11555">
        <ele>95.0</ele>
      </trkpt>
      <trkpt lat="35.55882" lon="129.11472">
        <ele>98.9</ele>
      </trkpt>
      <trkpt lat="35.55903" lon="129.11389">
        <ele>105.5</ele>
      </trkpt>
      <trkpt lat="35.55923" lon="129.11307">
        <ele>112.6</ele>
      </trkpt>
      <trkpt lat="35.55944" lon="129.11224">
        <ele>124.7</ele>
      </trkpt>
      <trkpt lat="35.55968" lon="129.11143">
        <ele>135.8</ele>
      </trkpt>
      <trkpt lat="35.55984" lon="129.11102">
        <ele>138.4</ele>
      </trkpt>
      <trkpt lat="35.56009" lon="129.110368">
        <ele>135.3</ele>
      </trkpt>
      <trkpt lat="35.56029" lon="129.10958">
        <ele>131.7</ele>
      </trkpt>
      <trkpt lat="35.56043" lon="129.10915">
        <ele>129.7</ele>
      </trkpt>
      <trkpt lat="35.56059" lon="129.108758">
        <ele>127.9</ele>
      </trkpt>
      <trkpt lat="35.56082" lon="129.10839">
        <ele>125.9</ele>
      </trkpt>
      <trkpt lat="35.56105" lon="129.10809">
        <ele>124.1</ele>
      </trkpt>
      <trkpt lat="35.56137" lon="129.10782">
        <ele>122.1</ele>
      </trkpt>
      <trkpt lat="35.56166" lon="129.107588">
        <ele>120.3</ele>
      </trkpt>
      <trkpt lat="35.56201" lon="129.10738">
        <ele>118.2</ele>
      </trkpt>
      <trkpt lat="35.5628" lon="129.10721">
        <ele>114.0</ele>
      </trkpt>
      <trkpt lat="35.56361" lon="129.107149">
        <ele>109.7</ele>
      </trkpt>
      <trkpt lat="35.56437" lon="129.106957">
        <ele>105.6</ele>
      </trkpt>
      <trkpt lat="35.56514" lon="129.10677">
        <ele>101.5</ele>
      </trkpt>
      <trkpt lat="35.56559" lon="129.10663">
        <ele>99.1</ele>
      </trkpt>
      <trkpt lat="35.56633" lon="129.10627">
        <ele>89.9</ele>
      </trkpt>
      <trkpt lat="35.56662" lon="129.10611">
        <ele>88.9</ele>
      </trkpt>
      <trkpt lat="35.56705" lon="129.105798">
        <ele>89.6</ele>
      </trkpt>
      <trkpt lat="35.56751" lon="129.10538">
        <ele>91.6</ele>
      </trkpt>
      <trkpt lat="35.56775" lon="129.10511">
        <ele>92.9</ele>
      </trkpt>
      <trkpt lat="35.56809" lon="129.10468">
        <ele>93.7</ele>
      </trkpt>
      <trkpt lat="35.56828" lon="129.10441">
        <ele>93.9</ele>
      </trkpt>
      <trkpt lat="35.56846" lon="129.10405">
        <ele>94.1</ele>
      </trkpt>
      <trkpt lat="35.56876" lon="129.10359">
        <ele>94.3</ele>
      </trkpt>
      <trkpt lat="35.56906" lon="129.10313">
        <ele>94.6</ele>
      </trkpt>
      <trkpt lat="35.5696" lon="129.10225">
        <ele>96.0</ele>
      </trkpt>
      <trkpt lat="35.5701" lon="129.1014">
        <ele>97.1</ele>
      </trkpt>
      <trkpt lat="35.57039" lon="129.10099">
        <ele>98.2</ele>
      </trkpt>
      <trkpt lat="35.57088" lon="129.100338">
        <ele>99.8</ele>
      </trkpt>
      <trkpt lat="35.5715" lon="129.09964">
        <ele>101.0</ele>
      </trkpt>
      <trkpt lat="35.57185" lon="129.09928">
        <ele>100.9</ele>
      </trkpt>
      <trkpt lat="35.57211" lon="129.09906">
        <ele>101.1</ele>
      </trkpt>
      <trkpt lat="35.57267" lon="129.09863">
        <ele>101.7</ele>
      </trkpt>
      <trkpt lat="35.57311" lon="129.09823">
        <ele>104.8</ele>
      </trkpt>
      <trkpt lat="35.57347" lon="129.09787">
        <ele>105.4</ele>
      </trkpt>
      <trkpt lat="35.57384" lon="129.09752">
        <ele>106.2</ele>
      </trkpt>
      <trkpt lat="35.57435" lon="129.09698">
        <ele>106.0</ele>
      </trkpt>
      <trkpt lat="35.57487" lon="129.09645">
        <ele>107.7</ele>
      </trkpt>
      <trkpt lat="35.57506" lon="129.09625">
        <ele>108.0</ele>
      </trkpt>
      <trkpt lat="35.57527" lon="129.09611">
        <ele>107.8</ele>
      </trkpt>
      <trkpt lat="35.57536" lon="129.09609">
        <ele>107.8</ele>
      </trkpt>
      <trkpt lat="35.57546" lon="129.0961">
        <ele>107.8</ele>
      </trkpt>
      <trkpt lat="35.57557" lon="129.09615">
        <ele>107.9</ele>
      </trkpt>
      <trkpt lat="35.57567" lon="129.09625">
        <ele>108.0</ele>
      </trkpt>
      <trkpt lat="35.57588" lon="129.09664">
        <ele>108.1</ele>
      </trkpt>
      <trkpt lat="35.57611" lon="129.09716">
        <ele>107.9</ele>
      </trkpt>
      <trkpt lat="35.57645" lon="129.09785">
        <ele>107.5</ele>
      </trkpt>
      <trkpt lat="35.57677" lon="129.09835">
        <ele>106.9</ele>
      </trkpt>
      <trkpt lat="35.57709" lon="129.09884">
        <ele>105.6</ele>
      </trkpt>
      <trkpt lat="35.57777" lon="129.09839">
        <ele>105.3</ele>
      </trkpt>
      <trkpt lat="35.57846" lon="129.097929">
        <ele>107.0</ele>
      </trkpt>
      <trkpt lat="35.57914" lon="129.097479">
        <ele>109.0</ele>
      </trkpt>
      <trkpt lat="35.57982" lon="129.097017">
        <ele>108.5</ele>
      </trkpt>
      <trkpt lat="35.58051" lon="129.09657">
        <ele>111.0</ele>
      </trkpt>
      <trkpt lat="35.58107" lon="129.09615">
        <ele>112.3</ele>
      </trkpt>
      <trkpt lat="35.58163" lon="129.09573">
        <ele>112.2</ele>
      </trkpt>
      <trkpt lat="35.582" lon="129.09546">
        <ele>112.2</ele>
      </trkpt>
      <trkpt lat="35.58219" lon="129.095317">
        <ele>112.2</ele>
      </trkpt>
      <trkpt lat="35.58253" lon="129.095">
        <ele>112.0</ele>
      </trkpt>
      <trkpt lat="35.58304" lon="129.09446">
        <ele>112.9</ele>
      </trkpt>
      <trkpt lat="35.58356" lon="129.09392">
        <ele>113.8</ele>
      </trkpt>
      <trkpt lat="35.5842" lon="129.09321">
        <ele>116.2</ele>
      </trkpt>
      <trkpt lat="35.58485" lon="129.0925">
        <ele>117.0</ele>
      </trkpt>
      <trkpt lat="35.58549" lon="129.09179">
        <ele>118.4</ele>
      </trkpt>
      <trkpt lat="35.58613" lon="129.09108">
        <ele>120.2</ele>
      </trkpt>
      <trkpt lat="35.58673" lon="129.09042">
        <ele>121.1</ele>
      </trkpt>
      <trkpt lat="35.58719" lon="129.08989">
        <ele>122.7</ele>
      </trkpt>
      <trkpt lat="35.58765" lon="129.08937">
        <ele>123.8</ele>
      </trkpt>
      <trkpt lat="35.58828" lon="129.08868">
        <ele>124.6</ele>
      </trkpt>
      <trkpt lat="35.58891" lon="129.087989">
        <ele>126.8</ele>
      </trkpt>
      <trkpt lat="35.58954" lon="129.0873">
        <ele>128.4</ele>
      </trkpt>
      <trkpt lat="35.59006" lon="129.0868">
        <ele>128.9</ele>
      </trkpt>
      <trkpt lat="35.59039" lon="129.086548">
        <ele>129.3</ele>
      </trkpt>
      <trkpt lat="35.59087" lon="129.08623">
        <ele>128.9</ele>
      </trkpt>
      <trkpt lat="35.59134" lon="129.085917">
        <ele>128.1</ele>
      </trkpt>
      <trkpt lat="35.59183" lon="129.08554">
        <ele>128.3</ele>
      </trkpt>
      <trkpt lat="35.59232" lon="129.08517">
        <ele>128.9</ele>
      </trkpt>
      <trkpt lat="35.59294" lon="129.08471">
        <ele>131.4</ele>
      </trkpt>
      <trkpt lat="35.59357" lon="129.08425">
        <ele>133.0</ele>
      </trkpt>
      <trkpt lat="35.59387" lon="129.084049">
        <ele>133.8</ele>
      </trkpt>
      <trkpt lat="35.5944" lon="129.083677">
        <ele>135.3</ele>
      </trkpt>
      <trkpt lat="35.59493" lon="129.083317">
        <ele>135.8</ele>
      </trkpt>
      <trkpt lat="35.59562" lon="129.082788">
        <ele>136.6</ele>
      </trkpt>
      <trkpt lat="35.59631" lon="129.08227">
        <ele>137.4</ele>
      </trkpt>
      <trkpt lat="35.59699" lon="129.08174">
        <ele>138.3</ele>
      </trkpt>
      <trkpt lat="35.59716" lon="129.0816">
        <ele>138.8</ele>
      </trkpt>
      <trkpt lat="35.59746" lon="129.08129">
        <ele>139.9</ele>
      </trkpt>
      <trkpt lat="35.5979" lon="129.08077">
        <ele>141.5</ele>
      </trkpt>
      <trkpt lat="35.59833" lon="129.08025">
        <ele>143.0</ele>
      </trkpt>
      <trkpt lat="35.59893" lon="129.0795">
        <ele>144.6</ele>
      </trkpt>
      <trkpt lat="35.59952" lon="129.07875">
        <ele>146.6</ele>
      </trkpt>
      <trkpt lat="35.60012" lon="129.078">
        <ele>148.9</ele>
      </trkpt>
      <trkpt lat="35.60033" lon="129.07771">
        <ele>149.6</ele>
      </trkpt>
      <trkpt lat="35.60047" lon="129.077508">
        <ele>150.0</ele>
      </trkpt>
      <trkpt lat="35.60067" lon="129.077148">
        <ele>151.1</ele>
      </trkpt>
      <trkpt lat="35.60075" lon="129.07696">
        <ele>151.8</ele>
      </trkpt>
      <trkpt lat="35.60093" lon="129.07743">
        <ele>150.3</ele>
      </trkpt>
      <trkpt lat="35.60146" lon="129.07705">
        <ele>151.6</ele>
      </trkpt>
      <trkpt lat="35.60199" lon="129.07667">
        <ele>153.0</ele>
      </trkpt>
      <trkpt lat="35.60271" lon="129.0762">
        <ele>154.5</ele>
      </trkpt>
      <trkpt lat="35.60324" lon="129.07584">
        <ele>155.1</ele>
      </trkpt>
      <trkpt lat="35.60376" lon="129.07548">
        <ele>156.3</ele>
      </trkpt>
      <trkpt lat="35.60429" lon="129.07513">
        <ele>157.6</ele>
      </trkpt>
      <trkpt lat="35.60439" lon="129.07506">
        <ele>157.8</ele>
      </trkpt>
      <trkpt lat="35.6047" lon="129.07493">
        <ele>158.2</ele>
      </trkpt>
      <trkpt lat="35.60527" lon="129.07477">
        <ele>159.2</ele>
      </trkpt>
      <trkpt lat="35.60584" lon="129.07461">
        <ele>160.9</ele>
      </trkpt>
      <trkpt lat="35.60661" lon="129.07442">
        <ele>163.3</ele>
      </trkpt>
      <trkpt lat="35.60737" lon="129.07422">
        <ele>163.9</ele>
      </trkpt>
      <trkpt lat="35.60814" lon="129.07403">
        <ele>165.0</ele>
      </trkpt>
      <trkpt lat="35.60871" lon="129.07394">
        <ele>166.3</ele>
      </trkpt>
      <trkpt lat="35.60927" lon="129.073838">
        <ele>167.5</ele>
      </trkpt>
      <trkpt lat="35.60945" lon="129.07376">
        <ele>167.8</ele>
      </trkpt>
      <trkpt lat="35.6098" lon="129.073557">
        <ele>168.5</ele>
      </trkpt>
      <trkpt lat="35.60989" lon="129.073557">
        <ele>168.6</ele>
      </trkpt>
      <trkpt lat="35.61006" lon="129.073658">
        <ele>169.0</ele>
      </trkpt>
      <trkpt lat="35.61015" lon="129.073737">
        <ele>169.2</ele>
      </trkpt>
      <trkpt lat="35.61061" lon="129.0743">
        <ele>170.7</ele>
      </trkpt>
      <trkpt lat="35.61109" lon="129.074829">
        <ele>172.2</ele>
      </trkpt>
      <trkpt lat="35.61174" lon="129.074097">
        <ele>175.1</ele>
      </trkpt>
      <trkpt lat="35.61228" lon="129.073478">
        <ele>175.0</ele>
      </trkpt>
      <trkpt lat="35.61267" lon="129.07296">
        <ele>176.1</ele>
      </trkpt>
      <trkpt lat="35.61311" lon="129.07227">
        <ele>177.1</ele>
      </trkpt>
      <trkpt lat="35.61323" lon="129.07208">
        <ele>177.4</ele>
      </trkpt>
      <trkpt lat="35.61364" lon="129.0714">
        <ele>178.4</ele>
      </trkpt>
      <trkpt lat="35.61406" lon="129.07072">
        <ele>179.6</ele>
      </trkpt>
      <trkpt lat="35.61447" lon="129.07004">
        <ele>180.4</ele>
      </trkpt>
      <trkpt lat="35.61489" lon="129.069358">
        <ele>181.4</ele>
      </trkpt>
      <trkpt lat="35.6153" lon="129.06867">
        <ele>183.8</ele>
      </trkpt>
      <trkpt lat="35.61571" lon="129.06797">
        <ele>185.6</ele>
      </trkpt>
      <trkpt lat="35.616147" lon="129.067342">
        <ele>187.8</ele>
      </trkpt>
      <trkpt lat="35.61628" lon="129.06715">
        <ele>188.1</ele>
      </trkpt>
      <trkpt lat="35.6165" lon="129.06709">
        <ele>188.6</ele>
      </trkpt>
      <trkpt lat="35.61668" lon="129.067">
        <ele>189.0</ele>
      </trkpt>
      <trkpt lat="35.61684" lon="129.0669">
        <ele>189.4</ele>
      </trkpt>
      <trkpt lat="35.61723" lon="129.06657">
        <ele>190.3</ele>
      </trkpt>
      <trkpt lat="35.61753" lon="129.06635">
        <ele>190.7</ele>
      </trkpt>
      <trkpt lat="35.61767" lon="129.066217">
        <ele>191.2</ele>
      </trkpt>
      <trkpt lat="35.61799" lon="129.06585">
        <ele>192.4</ele>
      </trkpt>
      <trkpt lat="35.61845" lon="129.06528">
        <ele>196.7</ele>
      </trkpt>
      <trkpt lat="35.61885" lon="129.064889">
        <ele>200.9</ele>
      </trkpt>
      <trkpt lat="35.61908" lon="129.06482">
        <ele>202.3</ele>
      </trkpt>
      <trkpt lat="35.61932" lon="129.064799">
        <ele>203.6</ele>
      </trkpt>
      <trkpt lat="35.61988" lon="129.06487">
        <ele>207.0</ele>
      </trkpt>
      <trkpt lat="35.62026" lon="129.06494">
        <ele>212.4</ele>
      </trkpt>
      <trkpt lat="35.62042" lon="129.06493">
        <ele>215.1</ele>
      </trkpt>
      <trkpt lat="35.62055" lon="129.0649">
        <ele>217.1</ele>
      </trkpt>
      <trkpt lat="35.62063" lon="129.06483">
        <ele>217.9</ele>
      </trkpt>
      <trkpt lat="35.62074" lon="129.06464">
        <ele>217.8</ele>
      </trkpt>
      <trkpt lat="35.62087" lon="129.06448">
        <ele>218.1</ele>
      </trkpt>
      <trkpt lat="35.62118" lon="129.06424">
        <ele>221.6</ele>
      </trkpt>
      <trkpt lat="35.62143" lon="129.06409">
        <ele>225.0</ele>
      </trkpt>
      <trkpt lat="35.62157" lon="129.06392">
        <ele>226.2</ele>
      </trkpt>
      <trkpt lat="35.62163" lon="129.06375">
        <ele>225.6</ele>
      </trkpt>
      <trkpt lat="35.62184" lon="129.06332">
        <ele>226.7</ele>
      </trkpt>
      <trkpt lat="35.62187" lon="129.06322">
        <ele>227.3</ele>
      </trkpt>
      <trkpt lat="35.62192" lon="129.06308">
        <ele>228.3</ele>
      </trkpt>
      <trkpt lat="35.62213" lon="129.06267">
        <ele>232.8</ele>
      </trkpt>
      <trkpt lat="35.62235" lon="129.06194">
        <ele>239.1</ele>
      </trkpt>
      <trkpt lat="35.62257" lon="129.061219">
        <ele>241.8</ele>
      </trkpt>
      <trkpt lat="35.62262" lon="129.061129">
        <ele>242.5</ele>
      </trkpt>
      <trkpt lat="35.62299" lon="129.06071">
        <ele>248.7</ele>
      </trkpt>
      <trkpt lat="35.62336" lon="129.06029">
        <ele>251.4</ele>
      </trkpt>
      <trkpt lat="35.62363" lon="129.0599">
        <ele>253.2</ele>
      </trkpt>
      <trkpt lat="35.6241" lon="129.05901">
        <ele>251.2</ele>
      </trkpt>
      <trkpt lat="35.6244" lon="129.05854">
        <ele>254.4</ele>
      </trkpt>
      <trkpt lat="35.62461" lon="129.05813">
        <ele>256.1</ele>
      </trkpt>
      <trkpt lat="35.62494" lon="129.05766">
        <ele>257.5</ele>
      </trkpt>
      <trkpt lat="35.62536" lon="129.05716">
        <ele>259.6</ele>
      </trkpt>
      <trkpt lat="35.62577" lon="129.05666">
        <ele>258.7</ele>
      </trkpt>
      <trkpt lat="35.6261" lon="129.05633">
        <ele>257.9</ele>
      </trkpt>
      <trkpt lat="35.62662" lon="129.05612">
        <ele>259.7</ele>
      </trkpt>
      <trkpt lat="35.62695" lon="129.056007">
        <ele>261.7</ele>
      </trkpt>
      <trkpt lat="35.6272" lon="129.05595">
        <ele>263.3</ele>
      </trkpt>
      <trkpt lat="35.62748" lon="129.05595">
        <ele>267.2</ele>
      </trkpt>
      <trkpt lat="35.62794" lon="129.0559">
        <ele>267.9</ele>
      </trkpt>
      <trkpt lat="35.62841" lon="129.055849">
        <ele>268.0</ele>
      </trkpt>
      <trkpt lat="35.62862" lon="129.05579">
        <ele>267.5</ele>
      </trkpt>
      <trkpt lat="35.62932" lon="129.05579">
        <ele>270.0</ele>
      </trkpt>
      <trkpt lat="35.62977" lon="129.055669">
        <ele>270.2</ele>
      </trkpt>
      <trkpt lat="35.63021" lon="129.05554">
        <ele>270.0</ele>
      </trkpt>
      <trkpt lat="35.63092" lon="129.05544">
        <ele>271.3</ele>
      </trkpt>
      <trkpt lat="35.63162" lon="129.05534">
        <ele>275.1</ele>
      </trkpt>
      <trkpt lat="35.63219" lon="129.05529">
        <ele>280.1</ele>
      </trkpt>
      <trkpt lat="35.63276" lon="129.05523">
        <ele>284.4</ele>
      </trkpt>
      <trkpt lat="35.63333" lon="129.05536">
        <ele>290.2</ele>
      </trkpt>
      <trkpt lat="35.63383" lon="129.05578">
        <ele>296.3</ele>
      </trkpt>
      <trkpt lat="35.6343" lon="129.056108">
        <ele>301.7</ele>
      </trkpt>
      <trkpt lat="35.63477" lon="129.05644">
        <ele>305.4</ele>
      </trkpt>
      <trkpt lat="35.63524" lon="129.056739">
        <ele>309.9</ele>
      </trkpt>
      <trkpt lat="35.63572" lon="129.05703">
        <ele>316.5</ele>
      </trkpt>
      <trkpt lat="35.6362" lon="129.05713">
        <ele>317.5</ele>
      </trkpt>
      <trkpt lat="35.63658" lon="129.057459">
        <ele>321.9</ele>
      </trkpt>
      <trkpt lat="35.63697" lon="129.05779">
        <ele>327.2</ele>
      </trkpt>
      <trkpt lat="35.63712" lon="129.05784">
        <ele>328.0</ele>
      </trkpt>
      <trkpt lat="35.63772" lon="129.05792">
        <ele>329.2</ele>
      </trkpt>
      <trkpt lat="35.63831" lon="129.058">
        <ele>331.0</ele>
      </trkpt>
      <trkpt lat="35.6385" lon="129.0582">
        <ele>334.4</ele>
      </trkpt>
      <trkpt lat="35.63866" lon="129.058607">
        <ele>341.2</ele>
      </trkpt>
      <trkpt lat="35.63873" lon="129.05872">
        <ele>342.5</ele>
      </trkpt>
      <trkpt lat="35.63894" lon="129.05884">
        <ele>341.6</ele>
      </trkpt>
      <trkpt lat="35.63921" lon="129.058878">
        <ele>339.2</ele>
      </trkpt>
      <trkpt lat="35.63961" lon="129.05883">
        <ele>344.5</ele>
      </trkpt>
      <trkpt lat="35.64022" lon="129.05908">
        <ele>352.4</ele>
      </trkpt>
      <trkpt lat="35.640278" lon="129.059114">
        <ele>353.1</ele>
      </trkpt>
      <trkpt lat="35.64095" lon="129.05955">
        <ele>363.0</ele>
      </trkpt>
      <trkpt lat="35.64131" lon="129.05982">
        <ele>364.1</ele>
      </trkpt>
      <trkpt lat="35.6416" lon="129.05988">
        <ele>364.5</ele>
      </trkpt>
      <trkpt lat="35.64205" lon="129.059778">
        <ele>374.2</ele>
      </trkpt>
      <trkpt lat="35.64227" lon="129.05982">
        <ele>377.9</ele>
      </trkpt>
      <trkpt lat="35.64279" lon="129.06029">
        <ele>383.5</ele>
      </trkpt>
      <trkpt lat="35.64339" lon="129.06048">
        <ele>392.0</ele>
      </trkpt>
      <trkpt lat="35.64353" lon="129.06054">
        <ele>394.4</ele>
      </trkpt>
      <trkpt lat="35.644" lon="129.06092">
        <ele>398.6</ele>
      </trkpt>
      <trkpt lat="35.64443" lon="129.061399">
        <ele>403.6</ele>
      </trkpt>
      <trkpt lat="35.64485" lon="129.06187">
        <ele>408.6</ele>
      </trkpt>
      <trkpt lat="35.64526" lon="129.06242">
        <ele>413.2</ele>
      </trkpt>
      <trkpt lat="35.64588" lon="129.06295">
        <ele>423.7</ele>
      </trkpt>
      <trkpt lat="35.64613" lon="129.06322">
        <ele>426.9</ele>
      </trkpt>
      <trkpt lat="35.64634" lon="129.06374">
        <ele>426.5</ele>
      </trkpt>
      <trkpt lat="35.64655" lon="129.06406">
        <ele>425.6</ele>
      </trkpt>
      <trkpt lat="35.64672" lon="129.06419">
        <ele>425.8</ele>
      </trkpt>
      <trkpt lat="35.64711" lon="129.06424">
        <ele>431.4</ele>
      </trkpt>
      <trkpt lat="35.64728" lon="129.06424">
        <ele>433.9</ele>
      </trkpt>
      <trkpt lat="35.64766" lon="129.064169">
        <ele>440.3</ele>
      </trkpt>
      <trkpt lat="35.6478" lon="129.064169">
        <ele>442.3</ele>
      </trkpt>
      <trkpt lat="35.64835" lon="129.06436">
        <ele>446.1</ele>
      </trkpt>
      <trkpt lat="35.64906" lon="129.064799">
        <ele>447.4</ele>
      </trkpt>
      <trkpt lat="35.64957" lon="129.06529">
        <ele>448.6</ele>
      </trkpt>
      <trkpt lat="35.64997" lon="129.065598">
        <ele>450.9</ele>
      </trkpt>
      <trkpt lat="35.6501" lon="129.06563">
        <ele>452.4</ele>
      </trkpt>
      <trkpt lat="35.65019" lon="129.06563">
        <ele>453.7</ele>
      </trkpt>
      <trkpt lat="35.65034" lon="129.06557">
        <ele>456.6</ele>
      </trkpt>
      <trkpt lat="35.65039" lon="129.06545">
        <ele>458.5</ele>
      </trkpt>
      <trkpt lat="35.65037" lon="129.06538">
        <ele>458.9</ele>
      </trkpt>
      <trkpt lat="35.65028" lon="129.06531">
        <ele>458.3</ele>
      </trkpt>
      <trkpt lat="35.65023" lon="129.06523">
        <ele>458.3</ele>
      </trkpt>
      <trkpt lat="35.65014" lon="129.064799">
        <ele>464.6</ele>
      </trkpt>
      <trkpt lat="35.65003" lon="129.06473">
        <ele>464.9</ele>
      </trkpt>
      <trkpt lat="35.64997" lon="129.06463">
        <ele>466.7</ele>
      </trkpt>
      <trkpt lat="35.65001" lon="129.0645">
        <ele>470.9</ele>
      </trkpt>
      <trkpt lat="35.65014" lon="129.06445">
        <ele>474.0</ele>
      </trkpt>
      <trkpt lat="35.65076" lon="129.06439">
        <ele>483.7</ele>
      </trkpt>
      <trkpt lat="35.65138" lon="129.06448">
        <ele>487.1</ele>
      </trkpt>
      <trkpt lat="35.65219" lon="129.06476">
        <ele>494.9</ele>
      </trkpt>
      <trkpt lat="35.653" lon="129.06503">
        <ele>498.6</ele>
      </trkpt>
      <trkpt lat="35.6535" lon="129.065148">
        <ele>498.9</ele>
      </trkpt>
      <trkpt lat="35.65376" lon="129.06503">
        <ele>499.1</ele>
      </trkpt>
      <trkpt lat="35.65429" lon="129.06468">
        <ele>500.9</ele>
      </trkpt>
      <trkpt lat="35.65482" lon="129.06432">
        <ele>502.7</ele>
      </trkpt>
      <trkpt lat="35.65495" lon="129.064259">
        <ele>503.0</ele>
      </trkpt>
      <trkpt lat="35.65572" lon="129.06413">
        <ele>504.5</ele>
      </trkpt>
      <trkpt lat="35.65631" lon="129.06406">
        <ele>508.4</ele>
      </trkpt>
      <trkpt lat="35.65698" lon="129.06383">
        <ele>511.9</ele>
      </trkpt>
      <trkpt lat="35.65716" lon="129.06374">
        <ele>512.4</ele>
      </trkpt>
      <trkpt lat="35.65731" lon="129.063628">
        <ele>511.9</ele>
      </trkpt>
      <trkpt lat="35.65761" lon="129.06331">
        <ele>508.6</ele>
      </trkpt>
      <trkpt lat="35.6583" lon="129.0627">
        <ele>503.4</ele>
      </trkpt>
      <trkpt lat="35.65896" lon="129.06226">
        <ele>501.2</ele>
      </trkpt>
      <trkpt lat="35.65919" lon="129.06205">
        <ele>498.9</ele>
      </trkpt>
      <trkpt lat="35.65937" lon="129.061827">
        <ele>495.1</ele>
      </trkpt>
      <trkpt lat="35.6596" lon="129.061489">
        <ele>489.6</ele>
      </trkpt>
      <trkpt lat="35.65986" lon="129.06117">
        <ele>484.6</ele>
      </trkpt>
      <trkpt lat="35.66013" lon="129.06099">
        <ele>481.4</ele>
      </trkpt>
      <trkpt lat="35.66093" lon="129.06052">
        <ele>475.2</ele>
      </trkpt>
      <trkpt lat="35.66125" lon="129.06025">
        <ele>471.0</ele>
      </trkpt>
      <trkpt lat="35.6616" lon="129.059857">
        <ele>465.3</ele>
      </trkpt>
      <trkpt lat="35.66195" lon="129.05946">
        <ele>464.1</ele>
      </trkpt>
      <trkpt lat="35.66271" lon="129.05935">
        <ele>458.7</ele>
      </trkpt>
      <trkpt lat="35.66339" lon="129.05923">
        <ele>456.6</ele>
      </trkpt>
      <trkpt lat="35.66389" lon="129.05909">
        <ele>451.9</ele>
      </trkpt>
      <trkpt lat="35.66429" lon="129.058878">
        <ele>449.6</ele>
      </trkpt>
      <trkpt lat="35.6648" lon="129.05868">
        <ele>447.9</ele>
      </trkpt>
      <trkpt lat="35.66531" lon="129.05847">
        <ele>444.0</ele>
      </trkpt>
      <trkpt lat="35.6655" lon="129.05836">
        <ele>441.7</ele>
      </trkpt>
      <trkpt lat="35.66586" lon="129.05784">
        <ele>441.9</ele>
      </trkpt>
      <trkpt lat="35.66622" lon="129.05732">
        <ele>439.4</ele>
      </trkpt>
      <trkpt lat="35.66635" lon="129.057189">
        <ele>438.2</ele>
      </trkpt>
      <trkpt lat="35.66673" lon="129.056908">
        <ele>434.4</ele>
      </trkpt>
      <trkpt lat="35.66737" lon="129.05649">
        <ele>430.3</ele>
      </trkpt>
      <trkpt lat="35.66781" lon="129.05614">
        <ele>431.2</ele>
      </trkpt>
      <trkpt lat="35.66808" lon="129.05599">
        <ele>430.1</ele>
      </trkpt>
      <trkpt lat="35.6685" lon="129.05588">
        <ele>427.1</ele>
      </trkpt>
      <trkpt lat="35.66866" lon="129.05582">
        <ele>426.6</ele>
      </trkpt>
      <trkpt lat="35.66885" lon="129.0558">
        <ele>425.8</ele>
      </trkpt>
      <trkpt lat="35.66949" lon="129.05524">
        <ele>426.3</ele>
      </trkpt>
      <trkpt lat="35.67016" lon="129.05463">
        <ele>424.8</ele>
      </trkpt>
      <trkpt lat="35.67083" lon="129.05402">
        <ele>421.5</ele>
      </trkpt>
      <trkpt lat="35.67136" lon="129.05359">
        <ele>417.7</ele>
      </trkpt>
      <trkpt lat="35.67188" lon="129.053148">
        <ele>414.0</ele>
      </trkpt>
      <trkpt lat="35.67248" lon="129.05284">
        <ele>410.2</ele>
      </trkpt>
      <trkpt lat="35.67291" lon="129.05265">
        <ele>408.3</ele>
      </trkpt>
      <trkpt lat="35.67334" lon="129.05247">
        <ele>405.5</ele>
      </trkpt>
      <trkpt lat="35.67374" lon="129.05232">
        <ele>405.3</ele>
      </trkpt>
      <trkpt lat="35.67445" lon="129.05214">
        <ele>402.7</ele>
      </trkpt>
      <trkpt lat="35.67473" lon="129.051988">
        <ele>402.6</ele>
      </trkpt>
      <trkpt lat="35.67534" lon="129.05162">
        <ele>402.1</ele>
      </trkpt>
      <trkpt lat="35.67595" lon="129.05124">
        <ele>402.3</ele>
      </trkpt>
      <trkpt lat="35.67656" lon="129.05087">
        <ele>401.6</ele>
      </trkpt>
      <trkpt lat="35.67704" lon="129.05063">
        <ele>402.9</ele>
      </trkpt>
      <trkpt lat="35.67737" lon="129.05067">
        <ele>400.4</ele>
      </trkpt>
      <trkpt lat="35.67772" lon="129.05078">
        <ele>396.6</ele>
      </trkpt>
      <trkpt lat="35.67807" lon="129.0508">
        <ele>394.1</ele>
      </trkpt>
      <trkpt lat="35.67864" lon="129.05057">
        <ele>395.1</ele>
      </trkpt>
      <trkpt lat="35.67937" lon="129.05051">
        <ele>394.7</ele>
      </trkpt>
      <trkpt lat="35.68024" lon="129.05053">
        <ele>393.1</ele>
      </trkpt>
      <trkpt lat="35.68077" lon="129.05067">
        <ele>387.3</ele>
      </trkpt>
      <trkpt lat="35.68109" lon="129.050637">
        <ele>386.1</ele>
      </trkpt>
      <trkpt lat="35.68179" lon="129.05043">
        <ele>386.2</ele>
      </trkpt>
      <trkpt lat="35.68209" lon="129.0505">
        <ele>385.0</ele>
      </trkpt>
      <trkpt lat="35.68247" lon="129.05067">
        <ele>382.4</ele>
      </trkpt>
      <trkpt lat="35.68299" lon="129.05066">
        <ele>380.7</ele>
      </trkpt>
      <trkpt lat="35.68382" lon="129.05026">
        <ele>378.3</ele>
      </trkpt>
      <trkpt lat="35.68462" lon="129.049928">
        <ele>375.5</ele>
      </trkpt>
      <trkpt lat="35.685" lon="129.0499">
        <ele>374.2</ele>
      </trkpt>
      <trkpt lat="35.68529" lon="129.050029">
        <ele>373.2</ele>
      </trkpt>
      <trkpt lat="35.68586" lon="129.05025">
        <ele>372.7</ele>
      </trkpt>
      <trkpt lat="35.68623" lon="129.05031">
        <ele>375.7</ele>
      </trkpt>
      <trkpt lat="35.6865" lon="129.05032">
        <ele>378.2</ele>
      </trkpt>
      <trkpt lat="35.68677" lon="129.050468">
        <ele>378.7</ele>
      </trkpt>
      <trkpt lat="35.68709" lon="129.050919">
        <ele>374.3</ele>
      </trkpt>
      <trkpt lat="35.68728" lon="129.05138">
        <ele>369.1</ele>
      </trkpt>
      <trkpt lat="35.68755" lon="129.05186">
        <ele>364.7</ele>
      </trkpt>
      <trkpt lat="35.68782" lon="129.052337">
        <ele>367.2</ele>
      </trkpt>
      <trkpt lat="35.68827" lon="129.05291">
        <ele>366.4</ele>
      </trkpt>
      <trkpt lat="35.68864" lon="129.05328">
        <ele>362.5</ele>
      </trkpt>
      <trkpt lat="35.68901" lon="129.05364">
        <ele>361.1</ele>
      </trkpt>
      <trkpt lat="35.68943" lon="129.054">
        <ele>360.1</ele>
      </trkpt>
      <trkpt lat="35.68984" lon="129.05435">
        <ele>359.8</ele>
      </trkpt>
      <trkpt lat="35.69023" lon="129.05475">
        <ele>359.0</ele>
      </trkpt>
      <trkpt lat="35.69061" lon="129.05515">
        <ele>357.3</ele>
      </trkpt>
      <trkpt lat="35.69103" lon="129.05533">
        <ele>359.9</ele>
      </trkpt>
      <trkpt lat="35.69129" lon="129.05563">
        <ele>357.2</ele>
      </trkpt>
      <trkpt lat="35.69149" lon="129.05613">
        <ele>351.6</ele>
      </trkpt>
      <trkpt lat="35.6917" lon="129.05645">
        <ele>348.5</ele>
      </trkpt>
      <trkpt lat="35.69222" lon="129.057099">
        <ele>346.3</ele>
      </trkpt>
      <trkpt lat="35.69242" lon="129.05721">
        <ele>345.9</ele>
      </trkpt>
      <trkpt lat="35.69311" lon="129.05717">
        <ele>344.7</ele>
      </trkpt>
      <trkpt lat="35.69346" lon="129.05706">
        <ele>344.9</ele>
      </trkpt>
      <trkpt lat="35.69381" lon="129.05688">
        <ele>344.6</ele>
      </trkpt>
      <trkpt lat="35.69425" lon="129.056739">
        <ele>341.9</ele>
      </trkpt>
      <trkpt lat="35.69469" lon="129.0566">
        <ele>340.9</ele>
      </trkpt>
      <trkpt lat="35.69541" lon="129.05643">
        <ele>339.7</ele>
      </trkpt>
      <trkpt lat="35.69584" lon="129.05635">
        <ele>338.5</ele>
      </trkpt>
      <trkpt lat="35.69646" lon="129.056288">
        <ele>347.7</ele>
      </trkpt>
      <trkpt lat="35.69662" lon="129.05633">
        <ele>348.2</ele>
      </trkpt>
      <trkpt lat="35.69697" lon="129.05658">
        <ele>346.8</ele>
      </trkpt>
      <trkpt lat="35.69729" lon="129.05721">
        <ele>342.3</ele>
      </trkpt>
      <trkpt lat="35.69747" lon="129.05748">
        <ele>338.3</ele>
      </trkpt>
      <trkpt lat="35.69785" lon="129.05811">
        <ele>336.4</ele>
      </trkpt>
      <trkpt lat="35.69813" lon="129.05846">
        <ele>336.2</ele>
      </trkpt>
      <trkpt lat="35.69827" lon="129.05858">
        <ele>336.9</ele>
      </trkpt>
      <trkpt lat="35.69872" lon="129.05884">
        <ele>335.1</ele>
      </trkpt>
      <trkpt lat="35.69916" lon="129.05903">
        <ele>330.3</ele>
      </trkpt>
      <trkpt lat="35.7" lon="129.05892">
        <ele>333.0</ele>
      </trkpt>
      <trkpt lat="35.70066" lon="129.05908">
        <ele>328.7</ele>
      </trkpt>
      <trkpt lat="35.70131" lon="129.05919">
        <ele>325.9</ele>
      </trkpt>
      <trkpt lat="35.70196" lon="129.05935">
        <ele>323.1</ele>
      </trkpt>
      <trkpt lat="35.7023" lon="129.05928">
        <ele>322.0</ele>
      </trkpt>
      <trkpt lat="35.7028" lon="129.059159">
        <ele>321.5</ele>
      </trkpt>
      <trkpt lat="35.70329" lon="129.05903">
        <ele>322.8</ele>
      </trkpt>
      <trkpt lat="35.70368" lon="129.05885">
        <ele>322.8</ele>
      </trkpt>
      <trkpt lat="35.70428" lon="129.058607">
        <ele>321.3</ele>
      </trkpt>
      <trkpt lat="35.70488" lon="129.05837">
        <ele>316.6</ele>
      </trkpt>
      <trkpt lat="35.70569" lon="129.058">
        <ele>316.7</ele>
      </trkpt>
      <trkpt lat="35.7065" lon="129.057617">
        <ele>316.4</ele>
      </trkpt>
      <trkpt lat="35.70678" lon="129.05742">
        <ele>316.3</ele>
      </trkpt>
      <trkpt lat="35.70692" lon="129.05729">
        <ele>317.1</ele>
      </trkpt>
      <trkpt lat="35.70719" lon="129.05708">
        <ele>317.2</ele>
      </trkpt>
      <trkpt lat="35.70759" lon="129.056829">
        <ele>315.8</ele>
      </trkpt>
      <trkpt lat="35.708" lon="129.0566">
        <ele>316.8</ele>
      </trkpt>
      <trkpt lat="35.70821" lon="129.05653">
        <ele>316.9</ele>
      </trkpt>
      <trkpt lat="35.70835" lon="129.056547">
        <ele>315.2</ele>
      </trkpt>
      <trkpt lat="35.70848" lon="129.05653">
        <ele>315.6</ele>
      </trkpt>
      <trkpt lat="35.70925" lon="129.05667">
        <ele>311.0</ele>
      </trkpt>
      <trkpt lat="35.70992" lon="129.05658">
        <ele>312.8</ele>
      </trkpt>
      <trkpt lat="35.7104" lon="129.05657">
        <ele>309.2</ele>
      </trkpt>
      <trkpt lat="35.71054" lon="129.05651">
        <ele>309.1</ele>
      </trkpt>
      <trkpt lat="35.71124" lon="129.05613">
        <ele>309.6</ele>
      </trkpt>
      <trkpt lat="35.71161" lon="129.05597">
        <ele>308.1</ele>
      </trkpt>
      <trkpt lat="35.71227" lon="129.0556">
        <ele>306.1</ele>
      </trkpt>
      <trkpt lat="35.71293" lon="129.05523">
        <ele>307.3</ele>
      </trkpt>
      <trkpt lat="35.71365" lon="129.05487">
        <ele>305.9</ele>
      </trkpt>
      <trkpt lat="35.71399" lon="129.05472">
        <ele>304.7</ele>
      </trkpt>
      <trkpt lat="35.71453" lon="129.054577">
        <ele>301.3</ele>
      </trkpt>
      <trkpt lat="35.71496" lon="129.05465">
        <ele>296.2</ele>
      </trkpt>
      <trkpt lat="35.71528" lon="129.054757">
        <ele>295.9</ele>
      </trkpt>
      <trkpt lat="35.71558" lon="129.0549">
        <ele>294.9</ele>
      </trkpt>
      <trkpt lat="35.71592" lon="129.05498">
        <ele>294.6</ele>
      </trkpt>
      <trkpt lat="35.71644" lon="129.05506">
        <ele>293.8</ele>
      </trkpt>
      <trkpt lat="35.71686" lon="129.05499">
        <ele>294.2</ele>
      </trkpt>
      <trkpt lat="35.71712" lon="129.05489">
        <ele>295.8</ele>
      </trkpt>
      <trkpt lat="35.71774" lon="129.05472">
        <ele>295.8</ele>
      </trkpt>
      <trkpt lat="35.71822" lon="129.054757">
        <ele>289.3</ele>
      </trkpt>
      <trkpt lat="35.71903" lon="129.054769">
        <ele>289.6</ele>
      </trkpt>
      <trkpt lat="35.71963" lon="129.054757">
        <ele>293.6</ele>
      </trkpt>
      <trkpt lat="35.71998" lon="129.05482">
        <ele>293.6</ele>
      </trkpt>
      <trkpt lat="35.72026" lon="129.05501">
        <ele>293.0</ele>
      </trkpt>
      <trkpt lat="35.72052" lon="129.055399">
        <ele>289.8</ele>
      </trkpt>
      <trkpt lat="35.72066" lon="129.05586">
        <ele>279.3</ele>
      </trkpt>
      <trkpt lat="35.7208" lon="129.056018">
        <ele>278.6</ele>
      </trkpt>
      <trkpt lat="35.7214" lon="129.05618">
        <ele>277.6</ele>
      </trkpt>
      <trkpt lat="35.72187" lon="129.0564">
        <ele>274.2</ele>
      </trkpt>
      <trkpt lat="35.72233" lon="129.05663">
        <ele>270.6</ele>
      </trkpt>
      <trkpt lat="35.72282" lon="129.0569">
        <ele>270.1</ele>
      </trkpt>
      <trkpt lat="35.72331" lon="129.05717">
        <ele>267.7</ele>
      </trkpt>
      <trkpt lat="35.72392" lon="129.057549">
        <ele>268.8</ele>
      </trkpt>
      <trkpt lat="35.72443" lon="129.05774">
        <ele>270.1</ele>
      </trkpt>
      <trkpt lat="35.725" lon="129.057808">
        <ele>267.0</ele>
      </trkpt>
      <trkpt lat="35.72574" lon="129.057819">
        <ele>266.9</ele>
      </trkpt>
      <trkpt lat="35.72648" lon="129.057819">
        <ele>265.6</ele>
      </trkpt>
      <trkpt lat="35.72714" lon="129.057977">
        <ele>264.4</ele>
      </trkpt>
      <trkpt lat="35.7278" lon="129.05813">
        <ele>263.0</ele>
      </trkpt>
      <trkpt lat="35.72822" lon="129.05821">
        <ele>261.5</ele>
      </trkpt>
      <trkpt lat="35.72893" lon="129.058247">
        <ele>260.2</ele>
      </trkpt>
      <trkpt lat="35.72964" lon="129.05829">
        <ele>258.8</ele>
      </trkpt>
      <trkpt lat="35.73035" lon="129.05833">
        <ele>257.2</ele>
      </trkpt>
      <trkpt lat="35.73088" lon="129.058439">
        <ele>255.6</ele>
      </trkpt>
      <trkpt lat="35.73141" lon="129.05855">
        <ele>254.3</ele>
      </trkpt>
      <trkpt lat="35.73182" lon="129.058427">
        <ele>254.7</ele>
      </trkpt>
      <trkpt lat="35.73222" lon="129.058247">
        <ele>258.6</ele>
      </trkpt>
      <trkpt lat="35.73273" lon="129.05823">
        <ele>261.5</ele>
      </trkpt>
      <trkpt lat="35.73324" lon="129.05821">
        <ele>263.2</ele>
      </trkpt>
      <trkpt lat="35.73385" lon="129.05821">
        <ele>262.8</ele>
      </trkpt>
      <trkpt lat="35.73417" lon="129.058258">
        <ele>261.4</ele>
      </trkpt>
      <trkpt lat="35.73444" lon="129.0584">
        <ele>258.0</ele>
      </trkpt>
      <trkpt lat="35.73509" lon="129.0589">
        <ele>250.2</ele>
      </trkpt>
      <trkpt lat="35.73584" lon="129.059429">
        <ele>249.8</ele>
      </trkpt>
      <trkpt lat="35.73621" lon="129.05964">
        <ele>249.6</ele>
      </trkpt>
      <trkpt lat="35.73659" lon="129.05983">
        <ele>249.1</ele>
      </trkpt>
      <trkpt lat="35.736645" lon="129.059849">
        <ele>249.1</ele>
      </trkpt>
      <trkpt lat="35.73734" lon="129.06009">
        <ele>247.8</ele>
      </trkpt>
      <trkpt lat="35.73794" lon="129.06016">
        <ele>250.9</ele>
      </trkpt>
      <trkpt lat="35.7384" lon="129.060228">
        <ele>253.0</ele>
      </trkpt>
      <trkpt lat="35.73886" lon="129.0603">
        <ele>252.4</ele>
      </trkpt>
      <trkpt lat="35.73939" lon="129.06045">
        <ele>249.4</ele>
      </trkpt>
      <trkpt lat="35.73991" lon="129.06061">
        <ele>245.6</ele>
      </trkpt>
      <trkpt lat="35.74041" lon="129.06073">
        <ele>243.9</ele>
      </trkpt>
      <trkpt lat="35.74102" lon="129.06107">
        <ele>242.9</ele>
      </trkpt>
      <trkpt lat="35.74146" lon="129.06129">
        <ele>243.1</ele>
      </trkpt>
      <trkpt lat="35.74181" lon="129.06128">
        <ele>243.5</ele>
      </trkpt>
      <trkpt lat="35.74242" lon="129.060859">
        <ele>245.9</ele>
      </trkpt>
      <trkpt lat="35.74273" lon="129.060679">
        <ele>248.0</ele>
      </trkpt>
      <trkpt lat="35.74321" lon="129.060577">
        <ele>248.2</ele>
      </trkpt>
      <trkpt lat="35.74382" lon="129.06071">
        <ele>248.8</ele>
      </trkpt>
      <trkpt lat="35.74443" lon="129.06084">
        <ele>251.4</ele>
      </trkpt>
      <trkpt lat="35.745" lon="129.06106">
        <ele>254.4</ele>
      </trkpt>
      <trkpt lat="35.74567" lon="129.06145">
        <ele>260.1</ele>
      </trkpt>
      <trkpt lat="35.74591" lon="129.06164">
        <ele>261.4</ele>
      </trkpt>
      <trkpt lat="35.74632" lon="129.06205">
        <ele>262.2</ele>
      </trkpt>
      <trkpt lat="35.74667" lon="129.062457">
        <ele>255.7</ele>
      </trkpt>
      <trkpt lat="35.74704" lon="129.06297">
        <ele>255.3</ele>
      </trkpt>
      <trkpt lat="35.74741" lon="129.06348">
        <ele>248.8</ele>
      </trkpt>
      <trkpt lat="35.74751" lon="129.06359">
        <ele>248.0</ele>
      </trkpt>
      <trkpt lat="35.74763" lon="129.06365">
        <ele>248.1</ele>
      </trkpt>
      <trkpt lat="35.74812" lon="129.06374">
        <ele>251.4</ele>
      </trkpt>
      <trkpt lat="35.74896" lon="129.06385">
        <ele>255.8</ele>
      </trkpt>
      <trkpt lat="35.74932" lon="129.06394">
        <ele>256.2</ele>
      </trkpt>
      <trkpt lat="35.74954" lon="129.06424">
        <ele>249.5</ele>
      </trkpt>
      <trkpt lat="35.74979" lon="129.06454">
        <ele>245.7</ele>
      </trkpt>
      <trkpt lat="35.75021" lon="129.064799">
        <ele>245.3</ele>
      </trkpt>
      <trkpt lat="35.75048" lon="129.06494">
        <ele>246.5</ele>
      </trkpt>
      <trkpt lat="35.75098" lon="129.065159">
        <ele>250.1</ele>
      </trkpt>
      <trkpt lat="35.75141" lon="129.0654">
        <ele>250.6</ele>
      </trkpt>
      <trkpt lat="35.7518" lon="129.065677">
        <ele>247.9</ele>
      </trkpt>
      <trkpt lat="35.75219" lon="129.065958">
        <ele>250.4</ele>
      </trkpt>
      <trkpt lat="35.75263" lon="129.066217">
        <ele>253.7</ele>
      </trkpt>
      <trkpt lat="35.75296" lon="129.06645">
        <ele>255.0</ele>
      </trkpt>
      <trkpt lat="35.75355" lon="129.06702">
        <ele>251.6</ele>
      </trkpt>
      <trkpt lat="35.75413" lon="129.067467">
        <ele>244.9</ele>
      </trkpt>
      <trkpt lat="35.7545" lon="129.067658">
        <ele>245.2</ele>
      </trkpt>
      <trkpt lat="35.75496" lon="129.06795">
        <ele>241.2</ele>
      </trkpt>
      <trkpt lat="35.7552" lon="129.06804">
        <ele>239.1</ele>
      </trkpt>
      <trkpt lat="35.75587" lon="129.06808">
        <ele>240.0</ele>
      </trkpt>
      <trkpt lat="35.75653" lon="129.06813">
        <ele>239.5</ele>
      </trkpt>
      <trkpt lat="35.7572" lon="129.06817">
        <ele>241.9</ele>
      </trkpt>
      <trkpt lat="35.75767" lon="129.06849">
        <ele>238.7</ele>
      </trkpt>
      <trkpt lat="35.7583" lon="129.068728">
        <ele>239.8</ele>
      </trkpt>
      <trkpt lat="35.75893" lon="129.06896">
        <ele>240.7</ele>
      </trkpt>
      <trkpt lat="35.75929" lon="129.069178">
        <ele>238.1</ele>
      </trkpt>
      <trkpt lat="35.75964" lon="129.06943">
        <ele>238.1</ele>
      </trkpt>
      <trkpt lat="35.76018" lon="129.06973">
        <ele>234.2</ele>
      </trkpt>
      <trkpt lat="35.76085" lon="129.07">
        <ele>228.9</ele>
      </trkpt>
      <trkpt lat="35.76129" lon="129.07006">
        <ele>226.3</ele>
      </trkpt>
      <trkpt lat="35.761402" lon="129.070049">
        <ele>225.9</ele>
      </trkpt>
      <trkpt lat="35.7614" lon="129.07005">
        <ele>225.9</ele>
      </trkpt>
      <trkpt lat="35.76171" lon="129.07002">
        <ele>224.7</ele>
      </trkpt>
      <trkpt lat="35.7619" lon="129.06991">
        <ele>225.1</ele>
      </trkpt>
      <trkpt lat="35.7622" lon="129.0695">
        <ele>226.1</ele>
      </trkpt>
      <trkpt lat="35.7622" lon="129.0695">
        <ele>226.1</ele>
      </trkpt>
      <trkpt lat="35.76223" lon="129.069459">
        <ele>225.9</ele>
      </trkpt>
      <trkpt lat="35.76246" lon="129.06897">
        <ele>224.4</ele>
      </trkpt>
      <trkpt lat="35.76269" lon="129.06848">
        <ele>224.4</ele>
      </trkpt>
      <trkpt lat="35.76277" lon="129.06827">
        <ele>224.4</ele>
      </trkpt>
      <trkpt lat="35.7629" lon="129.0675">
        <ele>228.0</ele>
      </trkpt>
      <trkpt lat="35.76302" lon="129.06673">
        <ele>228.7</ele>
      </trkpt>
      <trkpt lat="35.763024" lon="129.066724">
        <ele>228.5</ele>
      </trkpt>
      <trkpt lat="35.76306" lon="129.06612">
        <ele>229.0</ele>
      </trkpt>
      <trkpt lat="35.76295" lon="129.06541">
        <ele>232.0</ele>
      </trkpt>
      <trkpt lat="35.76277" lon="129.064788">
        <ele>233.8</ele>
      </trkpt>
      <trkpt lat="35.76259" lon="129.064157">
        <ele>231.8</ele>
      </trkpt>
      <trkpt lat="35.76219" lon="129.063358">
        <ele>237.6</ele>
      </trkpt>
      <trkpt lat="35.76178" lon="129.062547">
        <ele>237.1</ele>
      </trkpt>
      <trkpt lat="35.76145" lon="129.062">
        <ele>235.3</ele>
      </trkpt>
      <trkpt lat="35.76091" lon="129.06125">
        <ele>232.0</ele>
      </trkpt>
      <trkpt lat="35.7606" lon="129.06099">
        <ele>229.6</ele>
      </trkpt>
      <trkpt lat="35.76004" lon="129.06081">
        <ele>231.1</ele>
      </trkpt>
      <trkpt lat="35.75948" lon="129.06062">
        <ele>235.5</ele>
      </trkpt>
      <trkpt lat="35.75872" lon="129.060127">
        <ele>237.4</ele>
      </trkpt>
      <trkpt lat="35.75833" lon="129.05985">
        <ele>237.3</ele>
      </trkpt>
      <trkpt lat="35.75793" lon="129.05956">
        <ele>243.8</ele>
      </trkpt>
      <trkpt lat="35.75759" lon="129.05918">
        <ele>240.6</ele>
      </trkpt>
      <trkpt lat="35.75726" lon="129.05873">
        <ele>238.6</ele>
      </trkpt>
      <trkpt lat="35.7566" lon="129.05804">
        <ele>237.8</ele>
      </trkpt>
      <trkpt lat="35.75635" lon="129.057707">
        <ele>235.7</ele>
      </trkpt>
      <trkpt lat="35.756" lon="129.05703">
        <ele>230.8</ele>
      </trkpt>
      <trkpt lat="35.75549" lon="129.05615">
        <ele>229.8</ele>
      </trkpt>
      <trkpt lat="35.75503" lon="129.055309">
        <ele>230.4</ele>
      </trkpt>
      <trkpt lat="35.75487" lon="129.055118">
        <ele>231.1</ele>
      </trkpt>
      <trkpt lat="35.75476" lon="129.05502">
        <ele>231.8</ele>
      </trkpt>
      <trkpt lat="35.75418" lon="129.05462">
        <ele>242.2</ele>
      </trkpt>
      <trkpt lat="35.75395" lon="129.05437">
        <ele>243.5</ele>
      </trkpt>
      <trkpt lat="35.75388" lon="129.05421">
        <ele>243.3</ele>
      </trkpt>
      <trkpt lat="35.75386" lon="129.053767">
        <ele>240.4</ele>
      </trkpt>
      <trkpt lat="35.75388" lon="129.05319">
        <ele>235.3</ele>
      </trkpt>
      <trkpt lat="35.7539" lon="129.052619">
        <ele>228.1</ele>
      </trkpt>
      <trkpt lat="35.75387" lon="129.051988">
        <ele>223.1</ele>
      </trkpt>
      <trkpt lat="35.75384" lon="129.051358">
        <ele>219.9</ele>
      </trkpt>
      <trkpt lat="35.75382" lon="129.050277">
        <ele>214.0</ele>
      </trkpt>
      <trkpt lat="35.75388" lon="129.04947">
        <ele>210.3</ele>
      </trkpt>
      <trkpt lat="35.75396" lon="129.04902">
        <ele>208.7</ele>
      </trkpt>
      <trkpt lat="35.75396" lon="129.04834">
        <ele>206.0</ele>
      </trkpt>
      <trkpt lat="35.75391" lon="129.04771">
        <ele>204.4</ele>
      </trkpt>
      <trkpt lat="35.75385" lon="129.04709">
        <ele>202.8</ele>
      </trkpt>
      <trkpt lat="35.75385" lon="129.046877">
        <ele>202.0</ele>
      </trkpt>
      <trkpt lat="35.75386" lon="129.04676">
        <ele>201.5</ele>
      </trkpt>
      <trkpt lat="35.75389" lon="129.04665">
        <ele>200.9</ele>
      </trkpt>
      <trkpt lat="35.75414" lon="129.045988">
        <ele>197.5</ele>
      </trkpt>
      <trkpt lat="35.75437" lon="129.04529">
        <ele>196.8</ele>
      </trkpt>
      <trkpt lat="35.75458" lon="129.044739">
        <ele>196.2</ele>
      </trkpt>
      <trkpt lat="35.75475" lon="129.04445">
        <ele>195.4</ele>
      </trkpt>
      <trkpt lat="35.75489" lon="129.0443">
        <ele>194.7</ele>
      </trkpt>
      <trkpt lat="35.75513" lon="129.044097">
        <ele>193.8</ele>
      </trkpt>
      <trkpt lat="35.75542" lon="129.04397">
        <ele>193.5</ele>
      </trkpt>
      <trkpt lat="35.75625" lon="129.04386">
        <ele>195.4</ele>
      </trkpt>
      <trkpt lat="35.756592" lon="129.043853">
        <ele>196.9</ele>
      </trkpt>
      <trkpt lat="35.756595" lon="129.043853">
        <ele>196.9</ele>
      </trkpt>
      <trkpt lat="35.756613" lon="129.043853">
        <ele>197.0</ele>
      </trkpt>
      <trkpt lat="35.75683" lon="129.043849">
        <ele>197.3</ele>
      </trkpt>
      <trkpt lat="35.7574" lon="129.043838">
        <ele>197.4</ele>
      </trkpt>
      <trkpt lat="35.75749" lon="129.043219">
        <ele>198.0</ele>
      </trkpt>
      <trkpt lat="35.75766" lon="129.04216">
        <ele>199.2</ele>
      </trkpt>
      <trkpt lat="35.75772" lon="129.04171">
        <ele>199.8</ele>
      </trkpt>
      <trkpt lat="35.7577" lon="129.04072">
        <ele>197.6</ele>
      </trkpt>
      <trkpt lat="35.75767" lon="129.03974">
        <ele>201.2</ele>
      </trkpt>
      <trkpt lat="35.75765" lon="129.03875">
        <ele>202.1</ele>
      </trkpt>
      <trkpt lat="35.75762" lon="129.037759">
        <ele>194.8</ele>
      </trkpt>
      <trkpt lat="35.7576" lon="129.036768">
        <ele>191.0</ele>
      </trkpt>
      <trkpt lat="35.75758" lon="129.035789">
        <ele>187.8</ele>
      </trkpt>
      <trkpt lat="35.75764" lon="129.03477">
        <ele>188.3</ele>
      </trkpt>
      <trkpt lat="35.75775" lon="129.03375">
        <ele>188.6</ele>
      </trkpt>
      <trkpt lat="35.75785" lon="129.03272">
        <ele>187.8</ele>
      </trkpt>
      <trkpt lat="35.75797" lon="129.03163">
        <ele>186.0</ele>
      </trkpt>
      <trkpt lat="35.7581" lon="129.03054">
        <ele>184.7</ele>
      </trkpt>
      <trkpt lat="35.75822" lon="129.02945">
        <ele>185.2</ele>
      </trkpt>
      <trkpt lat="35.75835" lon="129.028359">
        <ele>186.2</ele>
      </trkpt>
      <trkpt lat="35.75847" lon="129.027267">
        <ele>185.2</ele>
      </trkpt>
      <trkpt lat="35.75859" lon="129.026648">
        <ele>183.1</ele>
      </trkpt>
      <trkpt lat="35.75882" lon="129.0258">
        <ele>182.7</ele>
      </trkpt>
      <trkpt lat="35.75905" lon="129.024937">
        <ele>180.0</ele>
      </trkpt>
      <trkpt lat="35.75928" lon="129.02409">
        <ele>178.6</ele>
      </trkpt>
      <trkpt lat="35.75947" lon="129.02359">
        <ele>179.6</ele>
      </trkpt>
      <trkpt lat="35.75972" lon="129.02301">
        <ele>180.2</ele>
      </trkpt>
      <trkpt lat="35.75997" lon="129.022438">
        <ele>180.8</ele>
      </trkpt>
      <trkpt lat="35.7601" lon="129.02204">
        <ele>180.8</ele>
      </trkpt>
      <trkpt lat="35.76016" lon="129.02175">
        <ele>180.5</ele>
      </trkpt>
      <trkpt lat="35.76019" lon="129.02147">
        <ele>180.7</ele>
      </trkpt>
      <trkpt lat="35.76019" lon="129.02085">
        <ele>181.4</ele>
      </trkpt>
      <trkpt lat="35.7602" lon="129.02022">
        <ele>181.8</ele>
      </trkpt>
      <trkpt lat="35.76017" lon="129.01919">
        <ele>182.8</ele>
      </trkpt>
      <trkpt lat="35.76018" lon="129.019">
        <ele>182.5</ele>
      </trkpt>
      <trkpt lat="35.76025" lon="129.01862">
        <ele>182.1</ele>
      </trkpt>
      <trkpt lat="35.76052" lon="129.01767">
        <ele>182.6</ele>
      </trkpt>
      <trkpt lat="35.76078" lon="129.016708">
        <ele>184.5</ele>
      </trkpt>
      <trkpt lat="35.76082" lon="129.01632">
        <ele>184.0</ele>
      </trkpt>
      <trkpt lat="35.76086" lon="129.01542">
        <ele>184.3</ele>
      </trkpt>
      <trkpt lat="35.76078" lon="129.01446">
        <ele>181.1</ele>
      </trkpt>
      <trkpt lat="35.76081" lon="129.01413">
        <ele>180.5</ele>
      </trkpt>
      <trkpt lat="35.76097" lon="129.01315">
        <ele>177.1</ele>
      </trkpt>
      <trkpt lat="35.76113" lon="129.01217">
        <ele>174.5</ele>
      </trkpt>
      <trkpt lat="35.76122" lon="129.01177">
        <ele>173.7</ele>
      </trkpt>
      <trkpt lat="35.76126" lon="129.0113">
        <ele>173.3</ele>
      </trkpt>
      <trkpt lat="35.76116" lon="129.0107">
        <ele>172.9</ele>
      </trkpt>
      <trkpt lat="35.76111" lon="129.010528">
        <ele>173.0</ele>
      </trkpt>
      <trkpt lat="35.76072" lon="129.00975">
        <ele>174.5</ele>
      </trkpt>
      <trkpt lat="35.76068" lon="129.009639">
        <ele>174.7</ele>
      </trkpt>
      <trkpt lat="35.76058" lon="129.00932">
        <ele>175.2</ele>
      </trkpt>
      <trkpt lat="35.76036" lon="129.00833">
        <ele>176.9</ele>
      </trkpt>
      <trkpt lat="35.76023" lon="129.00774">
        <ele>178.0</ele>
      </trkpt>
      <trkpt lat="35.76009" lon="129.00714">
        <ele>178.1</ele>
      </trkpt>
      <trkpt lat="35.75992" lon="129.006149">
        <ele>176.7</ele>
      </trkpt>
      <trkpt lat="35.75995" lon="129.00567">
        <ele>176.8</ele>
      </trkpt>
      <trkpt lat="35.76003" lon="129.005079">
        <ele>176.8</ele>
      </trkpt>
      <trkpt lat="35.7601" lon="129.00449">
        <ele>179.2</ele>
      </trkpt>
      <trkpt lat="35.76025" lon="129.003627">
        <ele>181.1</ele>
      </trkpt>
      <trkpt lat="35.76037" lon="129.00315">
        <ele>181.8</ele>
      </trkpt>
      <trkpt lat="35.76054" lon="129.00255">
        <ele>182.3</ele>
      </trkpt>
      <trkpt lat="35.76071" lon="129.001939">
        <ele>184.5</ele>
      </trkpt>
      <trkpt lat="35.76086" lon="129.00117">
        <ele>183.6</ele>
      </trkpt>
      <trkpt lat="35.76097" lon="129.000228">
        <ele>184.0</ele>
      </trkpt>
      <trkpt lat="35.76105" lon="128.99944">
        <ele>183.9</ele>
      </trkpt>
      <trkpt lat="35.76113" lon="128.99865">
        <ele>184.5</ele>
      </trkpt>
      <trkpt lat="35.76121" lon="128.99786">
        <ele>185.6</ele>
      </trkpt>
      <trkpt lat="35.7613" lon="128.99735">
        <ele>185.5</ele>
      </trkpt>
      <trkpt lat="35.76147" lon="128.996659">
        <ele>181.0</ele>
      </trkpt>
      <trkpt lat="35.76151" lon="128.99642">
        <ele>178.7</ele>
      </trkpt>
      <trkpt lat="35.76152" lon="128.99595">
        <ele>172.4</ele>
      </trkpt>
      <trkpt lat="35.76145" lon="128.99534">
        <ele>168.9</ele>
      </trkpt>
      <trkpt lat="35.76138" lon="128.99472">
        <ele>167.2</ele>
      </trkpt>
      <trkpt lat="35.76136" lon="128.99428">
        <ele>166.4</ele>
      </trkpt>
      <trkpt lat="35.76156" lon="128.99367">
        <ele>166.5</ele>
      </trkpt>
      <trkpt lat="35.76196" lon="128.99277">
        <ele>170.2</ele>
      </trkpt>
      <trkpt lat="35.76225" lon="128.99207">
        <ele>173.1</ele>
      </trkpt>
      <trkpt lat="35.76237" lon="128.99149">
        <ele>172.2</ele>
      </trkpt>
      <trkpt lat="35.76239" lon="128.9905">
        <ele>170.6</ele>
      </trkpt>
      <trkpt lat="35.76239" lon="128.98981">
        <ele>174.1</ele>
      </trkpt>
      <trkpt lat="35.76238" lon="128.98912">
        <ele>178.6</ele>
      </trkpt>
      <trkpt lat="35.76225" lon="128.98861">
        <ele>182.0</ele>
      </trkpt>
      <trkpt lat="35.76189" lon="128.98781">
        <ele>181.3</ele>
      </trkpt>
      <trkpt lat="35.76153" lon="128.98701">
        <ele>177.1</ele>
      </trkpt>
      <trkpt lat="35.76127" lon="128.98598">
        <ele>180.8</ele>
      </trkpt>
      <trkpt lat="35.76111" lon="128.98523">
        <ele>180.8</ele>
      </trkpt>
      <trkpt lat="35.76094" lon="128.98449">
        <ele>175.3</ele>
      </trkpt>
      <trkpt lat="35.7609" lon="128.98387">
        <ele>172.8</ele>
      </trkpt>
      <trkpt lat="35.7609" lon="128.98318">
        <ele>171.4</ele>
      </trkpt>
      <trkpt lat="35.76091" lon="128.98248">
        <ele>174.8</ele>
      </trkpt>
      <trkpt lat="35.76092" lon="128.981698">
        <ele>169.6</ele>
      </trkpt>
      <trkpt lat="35.761" lon="128.98132">
        <ele>168.2</ele>
      </trkpt>
      <trkpt lat="35.7612" lon="128.98101">
        <ele>168.4</ele>
      </trkpt>
      <trkpt lat="35.76173" lon="128.98048">
        <ele>168.5</ele>
      </trkpt>
      <trkpt lat="35.76226" lon="128.97995">
        <ele>167.5</ele>
      </trkpt>
      <trkpt lat="35.76255" lon="128.97971">
        <ele>167.2</ele>
      </trkpt>
      <trkpt lat="35.76306" lon="128.97943">
        <ele>163.4</ele>
      </trkpt>
      <trkpt lat="35.7633" lon="128.97936">
        <ele>162.3</ele>
      </trkpt>
      <trkpt lat="35.76408" lon="128.979278">
        <ele>161.0</ele>
      </trkpt>
      <trkpt lat="35.76461" lon="128.97942">
        <ele>163.0</ele>
      </trkpt>
      <trkpt lat="35.76538" lon="128.979458">
        <ele>163.6</ele>
      </trkpt>
      <trkpt lat="35.76616" lon="128.97927">
        <ele>161.4</ele>
      </trkpt>
      <trkpt lat="35.76695" lon="128.97908">
        <ele>162.0</ele>
      </trkpt>
      <trkpt lat="35.76726" lon="128.97894">
        <ele>162.1</ele>
      </trkpt>
      <trkpt lat="35.76749" lon="128.97879">
        <ele>161.1</ele>
      </trkpt>
      <trkpt lat="35.76768" lon="128.97858">
        <ele>161.2</ele>
      </trkpt>
      <trkpt lat="35.76774" lon="128.97849">
        <ele>160.4</ele>
      </trkpt>
      <trkpt lat="35.76782" lon="128.97832">
        <ele>158.1</ele>
      </trkpt>
      <trkpt lat="35.76789" lon="128.977837">
        <ele>159.2</ele>
      </trkpt>
      <trkpt lat="35.76794" lon="128.97717">
        <ele>160.7</ele>
      </trkpt>
      <trkpt lat="35.76799" lon="128.976497">
        <ele>162.3</ele>
      </trkpt>
      <trkpt lat="35.76807" lon="128.97554">
        <ele>164.6</ele>
      </trkpt>
      <trkpt lat="35.76814" lon="128.97458">
        <ele>169.1</ele>
      </trkpt>
      <trkpt lat="35.76821" lon="128.97362">
        <ele>169.5</ele>
      </trkpt>
      <trkpt lat="35.76829" lon="128.97267">
        <ele>165.2</ele>
      </trkpt>
      <trkpt lat="35.76842" lon="128.97218">
        <ele>161.7</ele>
      </trkpt>
      <trkpt lat="35.76859" lon="128.97178">
        <ele>159.0</ele>
      </trkpt>
      <trkpt lat="35.76874" lon="128.97153">
        <ele>157.4</ele>
      </trkpt>
      <trkpt lat="35.76896" lon="128.97107">
        <ele>154.3</ele>
      </trkpt>
      <trkpt lat="35.76924" lon="128.97008">
        <ele>157.4</ele>
      </trkpt>
      <trkpt lat="35.76939" lon="128.96954">
        <ele>159.1</ele>
      </trkpt>
      <trkpt lat="35.76954" lon="128.96901">
        <ele>160.8</ele>
      </trkpt>
      <trkpt lat="35.76965" lon="128.968539">
        <ele>162.3</ele>
      </trkpt>
      <trkpt lat="35.76969" lon="128.96828">
        <ele>163.1</ele>
      </trkpt>
      <trkpt lat="35.76986" lon="128.96777">
        <ele>160.9</ele>
      </trkpt>
      <trkpt lat="35.76965" lon="128.96766">
        <ele>157.0</ele>
      </trkpt>
      <trkpt lat="35.76956" lon="128.96742">
        <ele>154.4</ele>
      </trkpt>
      <trkpt lat="35.76908" lon="128.96685">
        <ele>150.0</ele>
      </trkpt>
      <trkpt lat="35.76866" lon="128.96631">
        <ele>149.5</ele>
      </trkpt>
      <trkpt lat="35.7682" lon="128.9658">
        <ele>149.4</ele>
      </trkpt>
      <trkpt lat="35.76784" lon="128.96536">
        <ele>153.4</ele>
      </trkpt>
      <trkpt lat="35.76748" lon="128.96492">
        <ele>164.1</ele>
      </trkpt>
      <trkpt lat="35.76735" lon="128.96483">
        <ele>166.9</ele>
      </trkpt>
      <trkpt lat="35.76671" lon="128.96465">
        <ele>165.0</ele>
      </trkpt>
      <trkpt lat="35.76642" lon="128.96455">
        <ele>163.8</ele>
      </trkpt>
      <trkpt lat="35.7661" lon="128.96436">
        <ele>161.8</ele>
      </trkpt>
      <trkpt lat="35.76584" lon="128.96416">
        <ele>157.4</ele>
      </trkpt>
      <trkpt lat="35.76575" lon="128.964058">
        <ele>158.6</ele>
      </trkpt>
      <trkpt lat="35.76555" lon="128.96364">
        <ele>164.7</ele>
      </trkpt>
      <trkpt lat="35.76539" lon="128.9634">
        <ele>165.3</ele>
      </trkpt>
      <trkpt lat="35.76484" lon="128.962629">
        <ele>167.5</ele>
      </trkpt>
      <trkpt lat="35.76449" lon="128.96216">
        <ele>167.0</ele>
      </trkpt>
      <trkpt lat="35.76413" lon="128.96168">
        <ele>163.1</ele>
      </trkpt>
      <trkpt lat="35.76384" lon="128.96132">
        <ele>164.7</ele>
      </trkpt>
      <trkpt lat="35.76328" lon="128.96079">
        <ele>164.0</ele>
      </trkpt>
      <trkpt lat="35.76271" lon="128.96025">
        <ele>171.8</ele>
      </trkpt>
      <trkpt lat="35.76215" lon="128.95972">
        <ele>175.3</ele>
      </trkpt>
      <trkpt lat="35.76189" lon="128.95954">
        <ele>176.1</ele>
      </trkpt>
      <trkpt lat="35.7617" lon="128.95945">
        <ele>175.7</ele>
      </trkpt>
      <trkpt lat="35.76113" lon="128.959319">
        <ele>175.6</ele>
      </trkpt>
      <trkpt lat="35.76057" lon="128.95918">
        <ele>177.4</ele>
      </trkpt>
      <trkpt lat="35.75997" lon="128.958959">
        <ele>184.5</ele>
      </trkpt>
      <trkpt lat="35.75938" lon="128.95874">
        <ele>190.6</ele>
      </trkpt>
      <trkpt lat="35.75907" lon="128.95873">
        <ele>190.5</ele>
      </trkpt>
      <trkpt lat="35.75854" lon="128.958767">
        <ele>187.7</ele>
      </trkpt>
      <trkpt lat="35.75805" lon="128.95885">
        <ele>183.7</ele>
      </trkpt>
      <trkpt lat="35.75781" lon="128.958869">
        <ele>182.2</ele>
      </trkpt>
      <trkpt lat="35.75753" lon="128.95883">
        <ele>182.6</ele>
      </trkpt>
      <trkpt lat="35.75733" lon="128.95871">
        <ele>185.8</ele>
      </trkpt>
      <trkpt lat="35.75724" lon="128.95862">
        <ele>188.1</ele>
      </trkpt>
      <trkpt lat="35.75713" lon="128.95839">
        <ele>194.3</ele>
      </trkpt>
      <trkpt lat="35.75697" lon="128.95811">
        <ele>197.5</ele>
      </trkpt>
      <trkpt lat="35.75691" lon="128.95804">
        <ele>197.6</ele>
      </trkpt>
      <trkpt lat="35.75647" lon="128.957698">
        <ele>195.3</ele>
      </trkpt>
      <trkpt lat="35.75641" lon="128.957608">
        <ele>195.4</ele>
      </trkpt>
      <trkpt lat="35.75619" lon="128.957169">
        <ele>196.1</ele>
      </trkpt>
      <trkpt lat="35.75602" lon="128.9567">
        <ele>196.2</ele>
      </trkpt>
      <trkpt lat="35.75601" lon="128.956178">
        <ele>197.9</ele>
      </trkpt>
      <trkpt lat="35.7562" lon="128.9556">
        <ele>199.8</ele>
      </trkpt>
      <trkpt lat="35.75647" lon="128.955109">
        <ele>198.0</ele>
      </trkpt>
      <trkpt lat="35.75671" lon="128.954748">
        <ele>197.2</ele>
      </trkpt>
      <trkpt lat="35.75714" lon="128.95432">
        <ele>197.2</ele>
      </trkpt>
      <trkpt lat="35.7573" lon="128.954197">
        <ele>197.5</ele>
      </trkpt>
      <trkpt lat="35.75791" lon="128.9539">
        <ele>203.9</ele>
      </trkpt>
      <trkpt lat="35.75816" lon="128.95371">
        <ele>205.9</ele>
      </trkpt>
      <trkpt lat="35.75838" lon="128.953499">
        <ele>208.3</ele>
      </trkpt>
      <trkpt lat="35.75852" lon="128.953229">
        <ele>209.6</ele>
      </trkpt>
      <trkpt lat="35.75886" lon="128.95267">
        <ele>211.1</ele>
      </trkpt>
      <trkpt lat="35.75928" lon="128.9522">
        <ele>213.8</ele>
      </trkpt>
      <trkpt lat="35.75969" lon="128.95178">
        <ele>218.9</ele>
      </trkpt>
      <trkpt lat="35.76011" lon="128.95136">
        <ele>223.7</ele>
      </trkpt>
      <trkpt lat="35.76054" lon="128.95096">
        <ele>224.2</ele>
      </trkpt>
      <trkpt lat="35.76077" lon="128.950707">
        <ele>222.5</ele>
      </trkpt>
      <trkpt lat="35.7609" lon="128.95048">
        <ele>219.6</ele>
      </trkpt>
      <trkpt lat="35.761" lon="128.95011">
        <ele>212.9</ele>
      </trkpt>
      <trkpt lat="35.76105" lon="128.9497">
        <ele>221.8</ele>
      </trkpt>
      <trkpt lat="35.76104" lon="128.949289">
        <ele>235.7</ele>
      </trkpt>
      <trkpt lat="35.76076" lon="128.948737">
        <ele>238.9</ele>
      </trkpt>
      <trkpt lat="35.76071" lon="128.94852">
        <ele>240.6</ele>
      </trkpt>
      <trkpt lat="35.76068" lon="128.94827">
        <ele>242.8</ele>
      </trkpt>
      <trkpt lat="35.76069" lon="128.94787">
        <ele>245.3</ele>
      </trkpt>
      <trkpt lat="35.76078" lon="128.94706">
        <ele>252.4</ele>
      </trkpt>
      <trkpt lat="35.76089" lon="128.94656">
        <ele>256.1</ele>
      </trkpt>
      <trkpt lat="35.761" lon="128.94629">
        <ele>255.7</ele>
      </trkpt>
      <trkpt lat="35.76112" lon="128.946058">
        <ele>255.1</ele>
      </trkpt>
      <trkpt lat="35.76116" lon="128.94591">
        <ele>252.5</ele>
      </trkpt>
      <trkpt lat="35.76118" lon="128.94554">
        <ele>252.1</ele>
      </trkpt>
      <trkpt lat="35.76116" lon="128.945439">
        <ele>251.9</ele>
      </trkpt>
      <trkpt lat="35.76104" lon="128.94529">
        <ele>249.5</ele>
      </trkpt>
      <trkpt lat="35.76072" lon="128.94497">
        <ele>245.4</ele>
      </trkpt>
      <trkpt lat="35.76066" lon="128.94484">
        <ele>246.4</ele>
      </trkpt>
      <trkpt lat="35.76062" lon="128.94473">
        <ele>247.4</ele>
      </trkpt>
      <trkpt lat="35.76062" lon="128.94439">
        <ele>252.8</ele>
      </trkpt>
      <trkpt lat="35.76059" lon="128.94407">
        <ele>256.9</ele>
      </trkpt>
      <trkpt lat="35.76051" lon="128.94387">
        <ele>257.9</ele>
      </trkpt>
      <trkpt lat="35.76046" lon="128.94381">
        <ele>257.8</ele>
      </trkpt>
      <trkpt lat="35.76031" lon="128.94371">
        <ele>257.0</ele>
      </trkpt>
      <trkpt lat="35.76004" lon="128.943649">
        <ele>254.1</ele>
      </trkpt>
      <trkpt lat="35.75987" lon="128.94378">
        <ele>254.9</ele>
      </trkpt>
      <trkpt lat="35.75975" lon="128.9439">
        <ele>256.8</ele>
      </trkpt>
      <trkpt lat="35.75963" lon="128.944178">
        <ele>257.1</ele>
      </trkpt>
      <trkpt lat="35.75951" lon="128.94459">
        <ele>257.4</ele>
      </trkpt>
      <trkpt lat="35.75943" lon="128.94495">
        <ele>257.1</ele>
      </trkpt>
      <trkpt lat="35.7593" lon="128.945337">
        <ele>255.8</ele>
      </trkpt>
      <trkpt lat="35.75916" lon="128.945608">
        <ele>255.8</ele>
      </trkpt>
      <trkpt lat="35.75887" lon="128.94583">
        <ele>260.7</ele>
      </trkpt>
      <trkpt lat="35.75849" lon="128.946058">
        <ele>268.7</ele>
      </trkpt>
      <trkpt lat="35.75839" lon="128.94627">
        <ele>267.9</ele>
      </trkpt>
      <trkpt lat="35.75835" lon="128.94657">
        <ele>263.4</ele>
      </trkpt>
      <trkpt lat="35.7583" lon="128.946778">
        <ele>261.4</ele>
      </trkpt>
      <trkpt lat="35.75819" lon="128.94692">
        <ele>261.4</ele>
      </trkpt>
      <trkpt lat="35.75811" lon="128.94698">
        <ele>261.8</ele>
      </trkpt>
      <trkpt lat="35.75793" lon="128.94706">
        <ele>262.9</ele>
      </trkpt>
      <trkpt lat="35.7576" lon="128.94717">
        <ele>264.9</ele>
      </trkpt>
      <trkpt lat="35.75753" lon="128.947217">
        <ele>264.7</ele>
      </trkpt>
      <trkpt lat="35.75746" lon="128.947307">
        <ele>265.4</ele>
      </trkpt>
      <trkpt lat="35.75733" lon="128.94754">
        <ele>267.6</ele>
      </trkpt>
      <trkpt lat="35.75728" lon="128.947758">
        <ele>265.9</ele>
      </trkpt>
      <trkpt lat="35.75713" lon="128.9482">
        <ele>263.5</ele>
      </trkpt>
      <trkpt lat="35.75705" lon="128.94835">
        <ele>263.6</ele>
      </trkpt>
      <trkpt lat="35.75692" lon="128.94844">
        <ele>267.5</ele>
      </trkpt>
      <trkpt lat="35.75676" lon="128.948489">
        <ele>272.9</ele>
      </trkpt>
      <trkpt lat="35.75652" lon="128.94841">
        <ele>277.5</ele>
      </trkpt>
      <trkpt lat="35.75628" lon="128.94841">
        <ele>278.0</ele>
      </trkpt>
      <trkpt lat="35.7556" lon="128.94855">
        <ele>280.3</ele>
      </trkpt>
      <trkpt lat="35.7552" lon="128.94869">
        <ele>282.1</ele>
      </trkpt>
      <trkpt lat="35.75462" lon="128.94897">
        <ele>281.6</ele>
      </trkpt>
      <trkpt lat="35.75404" lon="128.94926">
        <ele>284.0</ele>
      </trkpt>
      <trkpt lat="35.75368" lon="128.94935">
        <ele>291.2</ele>
      </trkpt>
      <trkpt lat="35.75354" lon="128.94931">
        <ele>294.0</ele>
      </trkpt>
      <trkpt lat="35.75339" lon="128.949187">
        <ele>295.5</ele>
      </trkpt>
      <trkpt lat="35.75329" lon="128.94898">
        <ele>292.4</ele>
      </trkpt>
      <trkpt lat="35.75324" lon="128.948647">
        <ele>285.6</ele>
      </trkpt>
      <trkpt lat="35.75323" lon="128.9482">
        <ele>279.2</ele>
      </trkpt>
      <trkpt lat="35.75318" lon="128.94744">
        <ele>272.7</ele>
      </trkpt>
      <trkpt lat="35.75321" lon="128.94712">
        <ele>268.8</ele>
      </trkpt>
      <trkpt lat="35.75327" lon="128.94698">
        <ele>269.0</ele>
      </trkpt>
      <trkpt lat="35.75337" lon="128.94688">
        <ele>270.2</ele>
      </trkpt>
      <trkpt lat="35.75358" lon="128.94674">
        <ele>269.0</ele>
      </trkpt>
      <trkpt lat="35.75386" lon="128.946688">
        <ele>269.3</ele>
      </trkpt>
      <trkpt lat="35.75426" lon="128.94658">
        <ele>268.9</ele>
      </trkpt>
      <trkpt lat="35.75459" lon="128.94644">
        <ele>271.6</ele>
      </trkpt>
      <trkpt lat="35.75479" lon="128.94617">
        <ele>270.9</ele>
      </trkpt>
      <trkpt lat="35.75486" lon="128.94599">
        <ele>269.8</ele>
      </trkpt>
      <trkpt lat="35.75489" lon="128.94577">
        <ele>267.9</ele>
      </trkpt>
      <trkpt lat="35.7548" lon="128.94531">
        <ele>261.7</ele>
      </trkpt>
      <trkpt lat="35.75481" lon="128.94495">
        <ele>260.2</ele>
      </trkpt>
      <trkpt lat="35.75479" lon="128.944448">
        <ele>262.5</ele>
      </trkpt>
      <trkpt lat="35.75471" lon="128.94411">
        <ele>260.7</ele>
      </trkpt>
      <trkpt lat="35.75461" lon="128.94396">
        <ele>257.5</ele>
      </trkpt>
      <trkpt lat="35.75437" lon="128.94375">
        <ele>248.1</ele>
      </trkpt>
      <trkpt lat="35.75425" lon="128.94359">
        <ele>244.4</ele>
      </trkpt>
      <trkpt lat="35.75417" lon="128.94339">
        <ele>243.3</ele>
      </trkpt>
      <trkpt lat="35.7542" lon="128.94313">
        <ele>242.0</ele>
      </trkpt>
      <trkpt lat="35.75428" lon="128.9429">
        <ele>241.0</ele>
      </trkpt>
      <trkpt lat="35.7544" lon="128.942647">
        <ele>240.1</ele>
      </trkpt>
      <trkpt lat="35.75453" lon="128.942489">
        <ele>240.2</ele>
      </trkpt>
      <trkpt lat="35.75481" lon="128.94232">
        <ele>243.3</ele>
      </trkpt>
      <trkpt lat="35.75512" lon="128.94219">
        <ele>247.7</ele>
      </trkpt>
      <trkpt lat="35.75524" lon="128.94208">
        <ele>247.2</ele>
      </trkpt>
      <trkpt lat="35.75538" lon="128.94184">
        <ele>243.6</ele>
      </trkpt>
      <trkpt lat="35.75543" lon="128.94166">
        <ele>239.9</ele>
      </trkpt>
      <trkpt lat="35.75544" lon="128.94147">
        <ele>242.7</ele>
      </trkpt>
      <trkpt lat="35.75543" lon="128.94125">
        <ele>245.4</ele>
      </trkpt>
      <trkpt lat="35.75529" lon="128.94092">
        <ele>245.1</ele>
      </trkpt>
      <trkpt lat="35.75514" lon="128.94063">
        <ele>245.8</ele>
      </trkpt>
      <trkpt lat="35.75498" lon="128.940418">
        <ele>244.7</ele>
      </trkpt>
      <trkpt lat="35.75469" lon="128.940148">
        <ele>240.6</ele>
      </trkpt>
      <trkpt lat="35.75458" lon="128.94002">
        <ele>239.5</ele>
      </trkpt>
      <trkpt lat="35.7544" lon="128.93948">
        <ele>242.9</ele>
      </trkpt>
      <trkpt lat="35.75436" lon="128.9394">
        <ele>243.0</ele>
      </trkpt>
      <trkpt lat="35.75426" lon="128.9393">
        <ele>241.5</ele>
      </trkpt>
      <trkpt lat="35.75407" lon="128.93921">
        <ele>239.1</ele>
      </trkpt>
      <trkpt lat="35.75395" lon="128.93921">
        <ele>237.7</ele>
      </trkpt>
      <trkpt lat="35.75378" lon="128.939259">
        <ele>234.7</ele>
      </trkpt>
      <trkpt lat="35.75362" lon="128.939349">
        <ele>230.7</ele>
      </trkpt>
      <trkpt lat="35.75324" lon="128.939517">
        <ele>222.0</ele>
      </trkpt>
      <trkpt lat="35.75302" lon="128.93958">
        <ele>219.2</ele>
      </trkpt>
      <trkpt lat="35.75294" lon="128.93957">
        <ele>218.9</ele>
      </trkpt>
      <trkpt lat="35.75272" lon="128.93949">
        <ele>218.8</ele>
      </trkpt>
      <trkpt lat="35.75269" lon="128.939439">
        <ele>219.3</ele>
      </trkpt>
      <trkpt lat="35.75254" lon="128.939349">
        <ele>219.2</ele>
      </trkpt>
      <trkpt lat="35.75227" lon="128.939078">
        <ele>214.4</ele>
      </trkpt>
      <trkpt lat="35.75218" lon="128.93897">
        <ele>212.3</ele>
      </trkpt>
      <trkpt lat="35.75209" lon="128.938808">
        <ele>210.6</ele>
      </trkpt>
      <trkpt lat="35.75199" lon="128.93856">
        <ele>209.0</ele>
      </trkpt>
      <trkpt lat="35.75196" lon="128.93838">
        <ele>209.2</ele>
      </trkpt>
      <trkpt lat="35.75195" lon="128.93808">
        <ele>205.4</ele>
      </trkpt>
      <trkpt lat="35.75199" lon="128.937457">
        <ele>198.3</ele>
      </trkpt>
      <trkpt lat="35.75202" lon="128.936838">
        <ele>204.4</ele>
      </trkpt>
      <trkpt lat="35.75209" lon="128.936129">
        <ele>211.2</ele>
      </trkpt>
      <trkpt lat="35.7521" lon="128.93547">
        <ele>213.6</ele>
      </trkpt>
      <trkpt lat="35.75212" lon="128.9348">
        <ele>216.7</ele>
      </trkpt>
      <trkpt lat="35.75201" lon="128.93449">
        <ele>217.1</ele>
      </trkpt>
      <trkpt lat="35.75189" lon="128.93437">
        <ele>216.7</ele>
      </trkpt>
      <trkpt lat="35.75176" lon="128.93431">
        <ele>215.8</ele>
      </trkpt>
      <trkpt lat="35.75159" lon="128.93431">
        <ele>214.7</ele>
      </trkpt>
      <trkpt lat="35.7514" lon="128.93435">
        <ele>214.3</ele>
      </trkpt>
      <trkpt lat="35.75119" lon="128.934429">
        <ele>212.7</ele>
      </trkpt>
      <trkpt lat="35.75082" lon="128.93462">
        <ele>208.2</ele>
      </trkpt>
      <trkpt lat="35.75057" lon="128.934767">
        <ele>209.6</ele>
      </trkpt>
      <trkpt lat="35.7499" lon="128.93542">
        <ele>206.2</ele>
      </trkpt>
      <trkpt lat="35.74923" lon="128.93607">
        <ele>202.6</ele>
      </trkpt>
      <trkpt lat="35.74901" lon="128.936208">
        <ele>199.8</ele>
      </trkpt>
      <trkpt lat="35.7488" lon="128.93626">
        <ele>197.4</ele>
      </trkpt>
      <trkpt lat="35.74863" lon="128.93625">
        <ele>196.5</ele>
      </trkpt>
      <trkpt lat="35.74813" lon="128.93597">
        <ele>202.3</ele>
      </trkpt>
      <trkpt lat="35.74802" lon="128.93593">
        <ele>204.0</ele>
      </trkpt>
      <trkpt lat="35.74789" lon="128.93596">
        <ele>204.2</ele>
      </trkpt>
      <trkpt lat="35.74776" lon="128.93601">
        <ele>204.0</ele>
      </trkpt>
      <trkpt lat="35.74743" lon="128.93635">
        <ele>198.2</ele>
      </trkpt>
      <trkpt lat="35.74724" lon="128.93647">
        <ele>196.2</ele>
      </trkpt>
      <trkpt lat="35.74696" lon="128.936478">
        <ele>197.4</ele>
      </trkpt>
      <trkpt lat="35.74672" lon="128.93642">
        <ele>201.3</ele>
      </trkpt>
      <trkpt lat="35.74649" lon="128.936309">
        <ele>205.9</ele>
      </trkpt>
      <trkpt lat="35.7463" lon="128.93619">
        <ele>210.8</ele>
      </trkpt>
      <trkpt lat="35.74598" lon="128.93614">
        <ele>212.5</ele>
      </trkpt>
      <trkpt lat="35.74571" lon="128.93623">
        <ele>208.9</ele>
      </trkpt>
      <trkpt lat="35.7454" lon="128.93632">
        <ele>206.9</ele>
      </trkpt>
      <trkpt lat="35.74536" lon="128.93632">
        <ele>207.2</ele>
      </trkpt>
      <trkpt lat="35.74483" lon="128.93629">
        <ele>210.9</ele>
      </trkpt>
      <trkpt lat="35.74429" lon="128.93627">
        <ele>210.0</ele>
      </trkpt>
      <trkpt lat="35.7438" lon="128.93618">
        <ele>205.3</ele>
      </trkpt>
      <trkpt lat="35.74356" lon="128.936118">
        <ele>202.1</ele>
      </trkpt>
      <trkpt lat="35.74324" lon="128.936">
        <ele>198.8</ele>
      </trkpt>
      <trkpt lat="35.74305" lon="128.935859">
        <ele>199.2</ele>
      </trkpt>
      <trkpt lat="35.74292" lon="128.935668">
        <ele>195.8</ele>
      </trkpt>
      <trkpt lat="35.74284" lon="128.93545">
        <ele>191.9</ele>
      </trkpt>
      <trkpt lat="35.74275" lon="128.93481">
        <ele>187.0</ele>
      </trkpt>
      <trkpt lat="35.74263" lon="128.93441">
        <ele>186.3</ele>
      </trkpt>
      <trkpt lat="35.7425" lon="128.93412">
        <ele>183.4</ele>
      </trkpt>
      <trkpt lat="35.74231" lon="128.933788">
        <ele>180.7</ele>
      </trkpt>
      <trkpt lat="35.7422" lon="128.93346">
        <ele>180.0</ele>
      </trkpt>
      <trkpt lat="35.74216" lon="128.93312">
        <ele>179.3</ele>
      </trkpt>
      <trkpt lat="35.74216" lon="128.93286">
        <ele>178.8</ele>
      </trkpt>
      <trkpt lat="35.74222" lon="128.932628">
        <ele>180.2</ele>
      </trkpt>
      <trkpt lat="35.74229" lon="128.93242">
        <ele>182.1</ele>
      </trkpt>
      <trkpt lat="35.74245" lon="128.93207">
        <ele>186.9</ele>
      </trkpt>
      <trkpt lat="35.74262" lon="128.93151">
        <ele>194.3</ele>
      </trkpt>
      <trkpt lat="35.74264" lon="128.93139">
        <ele>195.6</ele>
      </trkpt>
      <trkpt lat="35.74264" lon="128.93115">
        <ele>196.1</ele>
      </trkpt>
      <trkpt lat="35.74258" lon="128.93079">
        <ele>194.5</ele>
      </trkpt>
      <trkpt lat="35.74246" lon="128.930309">
        <ele>191.8</ele>
      </trkpt>
      <trkpt lat="35.74219" lon="128.92942">
        <ele>185.4</ele>
      </trkpt>
      <trkpt lat="35.74192" lon="128.92854">
        <ele>179.3</ele>
      </trkpt>
      <trkpt lat="35.74175" lon="128.92818">
        <ele>175.1</ele>
      </trkpt>
      <trkpt lat="35.7416" lon="128.92795">
        <ele>172.2</ele>
      </trkpt>
      <trkpt lat="35.74133" lon="128.92772">
        <ele>169.4</ele>
      </trkpt>
      <trkpt lat="35.74102" lon="128.927517">
        <ele>166.7</ele>
      </trkpt>
      <trkpt lat="35.74065" lon="128.92733">
        <ele>165.3</ele>
      </trkpt>
      <trkpt lat="35.73988" lon="128.926887">
        <ele>161.8</ele>
      </trkpt>
      <trkpt lat="35.7391" lon="128.92644">
        <ele>161.5</ele>
      </trkpt>
      <trkpt lat="35.73833" lon="128.925998">
        <ele>163.0</ele>
      </trkpt>
      <trkpt lat="35.73828" lon="128.92593">
        <ele>163.5</ele>
      </trkpt>
      <trkpt lat="35.73817" lon="128.92588">
        <ele>162.8</ele>
      </trkpt>
      <trkpt lat="35.73779" lon="128.92563">
        <ele>163.7</ele>
      </trkpt>
      <trkpt lat="35.73755" lon="128.92551">
        <ele>164.3</ele>
      </trkpt>
      <trkpt lat="35.73716" lon="128.9254">
        <ele>162.9</ele>
      </trkpt>
      <trkpt lat="35.73673" lon="128.92525">
        <ele>162.3</ele>
      </trkpt>
      <trkpt lat="35.73644" lon="128.92508">
        <ele>164.1</ele>
      </trkpt>
      <trkpt lat="35.7357" lon="128.92452">
        <ele>170.4</ele>
      </trkpt>
      <trkpt lat="35.73521" lon="128.92406">
        <ele>169.3</ele>
      </trkpt>
      <trkpt lat="35.73499" lon="128.9237">
        <ele>167.9</ele>
      </trkpt>
      <trkpt lat="35.73485" lon="128.92338">
        <ele>168.3</ele>
      </trkpt>
      <trkpt lat="35.73479" lon="128.9229">
        <ele>167.2</ele>
      </trkpt>
      <trkpt lat="35.73483" lon="128.92228">
        <ele>166.4</ele>
      </trkpt>
      <trkpt lat="35.73489" lon="128.92203">
        <ele>165.8</ele>
      </trkpt>
      <trkpt lat="35.73519" lon="128.921337">
        <ele>168.3</ele>
      </trkpt>
      <trkpt lat="35.73525" lon="128.92112">
        <ele>167.4</ele>
      </trkpt>
      <trkpt lat="35.73529" lon="128.92079">
        <ele>165.3</ele>
      </trkpt>
      <trkpt lat="35.73523" lon="128.92023">
        <ele>171.3</ele>
      </trkpt>
      <trkpt lat="35.73496" lon="128.9196">
        <ele>170.2</ele>
      </trkpt>
      <trkpt lat="35.73489" lon="128.91904">
        <ele>174.0</ele>
      </trkpt>
      <trkpt lat="35.73495" lon="128.91826">
        <ele>177.9</ele>
      </trkpt>
      <trkpt lat="35.73472" lon="128.91753">
        <ele>174.5</ele>
      </trkpt>
      <trkpt lat="35.73459" lon="128.91735">
        <ele>172.5</ele>
      </trkpt>
      <trkpt lat="35.73425" lon="128.91698">
        <ele>166.7</ele>
      </trkpt>
      <trkpt lat="35.73369" lon="128.91649">
        <ele>162.7</ele>
      </trkpt>
      <trkpt lat="35.73306" lon="128.916">
        <ele>158.9</ele>
      </trkpt>
      <trkpt lat="35.7327" lon="128.91566">
        <ele>157.2</ele>
      </trkpt>
      <trkpt lat="35.73242" lon="128.915179">
        <ele>158.1</ele>
      </trkpt>
      <trkpt lat="35.73213" lon="128.9147">
        <ele>161.4</ele>
      </trkpt>
      <trkpt lat="35.73198" lon="128.914538">
        <ele>161.8</ele>
      </trkpt>
      <trkpt lat="35.7313" lon="128.914099">
        <ele>160.1</ele>
      </trkpt>
      <trkpt lat="35.73052" lon="128.91363">
        <ele>163.6</ele>
      </trkpt>
      <trkpt lat="35.72974" lon="128.91316">
        <ele>160.3</ele>
      </trkpt>
      <trkpt lat="35.72897" lon="128.9127">
        <ele>158.9</ele>
      </trkpt>
      <trkpt lat="35.72819" lon="128.91223">
        <ele>163.6</ele>
      </trkpt>
      <trkpt lat="35.72741" lon="128.911757">
        <ele>168.3</ele>
      </trkpt>
      <trkpt lat="35.72696" lon="128.911577">
        <ele>172.2</ele>
      </trkpt>
      <trkpt lat="35.72661" lon="128.91152">
        <ele>173.3</ele>
      </trkpt>
      <trkpt lat="35.72598" lon="128.91154">
        <ele>175.2</ele>
      </trkpt>
      <trkpt lat="35.72582" lon="128.91161">
        <ele>174.0</ele>
      </trkpt>
      <trkpt lat="35.72551" lon="128.911859">
        <ele>176.6</ele>
      </trkpt>
      <trkpt lat="35.72527" lon="128.91215">
        <ele>178.4</ele>
      </trkpt>
      <trkpt lat="35.72518" lon="128.91235">
        <ele>177.9</ele>
      </trkpt>
      <trkpt lat="35.72502" lon="128.91301">
        <ele>170.7</ele>
      </trkpt>
      <trkpt lat="35.72485" lon="128.91366">
        <ele>163.5</ele>
      </trkpt>
      <trkpt lat="35.72464" lon="128.914087">
        <ele>157.9</ele>
      </trkpt>
      <trkpt lat="35.72451" lon="128.91426">
        <ele>157.0</ele>
      </trkpt>
      <trkpt lat="35.72403" lon="128.91458">
        <ele>157.5</ele>
      </trkpt>
      <trkpt lat="35.72339" lon="128.914909">
        <ele>151.8</ele>
      </trkpt>
      <trkpt lat="35.72288" lon="128.91514">
        <ele>158.3</ele>
      </trkpt>
      <trkpt lat="35.72234" lon="128.915427">
        <ele>160.9</ele>
      </trkpt>
      <trkpt lat="35.72165" lon="128.91569">
        <ele>162.6</ele>
      </trkpt>
      <trkpt lat="35.72143" lon="128.91573">
        <ele>160.8</ele>
      </trkpt>
      <trkpt lat="35.72104" lon="128.91578">
        <ele>158.7</ele>
      </trkpt>
      <trkpt lat="35.72084" lon="128.91574">
        <ele>159.7</ele>
      </trkpt>
      <trkpt lat="35.72028" lon="128.91557">
        <ele>152.9</ele>
      </trkpt>
      <trkpt lat="35.71986" lon="128.915528">
        <ele>146.1</ele>
      </trkpt>
      <trkpt lat="35.71913" lon="128.91557">
        <ele>136.8</ele>
      </trkpt>
      <trkpt lat="35.7184" lon="128.915607">
        <ele>128.4</ele>
      </trkpt>
      <trkpt lat="35.71784" lon="128.915607">
        <ele>124.6</ele>
      </trkpt>
      <trkpt lat="35.71728" lon="128.91551">
        <ele>121.1</ele>
      </trkpt>
      <trkpt lat="35.71666" lon="128.915247">
        <ele>117.8</ele>
      </trkpt>
      <trkpt lat="35.71625" lon="128.91486">
        <ele>117.4</ele>
      </trkpt>
      <trkpt lat="35.71585" lon="128.91448">
        <ele>116.3</ele>
      </trkpt>
      <trkpt lat="35.7154" lon="128.914009">
        <ele>116.5</ele>
      </trkpt>
      <trkpt lat="35.71495" lon="128.91354">
        <ele>116.4</ele>
      </trkpt>
      <trkpt lat="35.71439" lon="128.91301">
        <ele>115.6</ele>
      </trkpt>
      <trkpt lat="35.71386" lon="128.912399">
        <ele>114.2</ele>
      </trkpt>
      <trkpt lat="35.71351" lon="128.911859">
        <ele>114.3</ele>
      </trkpt>
      <trkpt lat="35.71316" lon="128.911329">
        <ele>114.2</ele>
      </trkpt>
      <trkpt lat="35.71287" lon="128.91085">
        <ele>113.8</ele>
      </trkpt>
      <trkpt lat="35.71257" lon="128.91038">
        <ele>113.4</ele>
      </trkpt>
      <trkpt lat="35.71196" lon="128.91101">
        <ele>111.4</ele>
      </trkpt>
      <trkpt lat="35.71135" lon="128.91164">
        <ele>110.2</ele>
      </trkpt>
      <trkpt lat="35.71073" lon="128.91226">
        <ele>107.7</ele>
      </trkpt>
      <trkpt lat="35.71012" lon="128.91289">
        <ele>107.8</ele>
      </trkpt>
      <trkpt lat="35.7095" lon="128.91352">
        <ele>107.2</ele>
      </trkpt>
      <trkpt lat="35.70889" lon="128.91415">
        <ele>105.4</ele>
      </trkpt>
      <trkpt lat="35.70828" lon="128.91478">
        <ele>105.3</ele>
      </trkpt>
      <trkpt lat="35.70793" lon="128.915089">
        <ele>105.3</ele>
      </trkpt>
      <trkpt lat="35.70741" lon="128.91538">
        <ele>106.8</ele>
      </trkpt>
      <trkpt lat="35.70668" lon="128.91596">
        <ele>109.1</ele>
      </trkpt>
      <trkpt lat="35.70595" lon="128.91654">
        <ele>111.4</ele>
      </trkpt>
      <trkpt lat="35.70543" lon="128.91665">
        <ele>112.9</ele>
      </trkpt>
      <trkpt lat="35.70469" lon="128.91663">
        <ele>109.6</ele>
      </trkpt>
      <trkpt lat="35.70396" lon="128.91662">
        <ele>105.7</ele>
      </trkpt>
      <trkpt lat="35.70374" lon="128.916699">
        <ele>105.7</ele>
      </trkpt>
      <trkpt lat="35.70324" lon="128.91708">
        <ele>107.9</ele>
      </trkpt>
      <trkpt lat="35.70309" lon="128.917127">
        <ele>109.0</ele>
      </trkpt>
      <trkpt lat="35.7026" lon="128.91708">
        <ele>111.0</ele>
      </trkpt>
      <trkpt lat="35.70198" lon="128.917048">
        <ele>111.5</ele>
      </trkpt>
      <trkpt lat="35.7013" lon="128.91673">
        <ele>109.3</ele>
      </trkpt>
      <trkpt lat="35.70115" lon="128.91654">
        <ele>108.8</ele>
      </trkpt>
      <trkpt lat="35.70082" lon="128.91635">
        <ele>108.8</ele>
      </trkpt>
      <trkpt lat="35.70028" lon="128.91631">
        <ele>107.7</ele>
      </trkpt>
      <trkpt lat="35.70004" lon="128.916339">
        <ele>107.3</ele>
      </trkpt>
      <trkpt lat="35.69977" lon="128.91641">
        <ele>107.6</ele>
      </trkpt>
      <trkpt lat="35.69962" lon="128.91695">
        <ele>108.7</ele>
      </trkpt>
      <trkpt lat="35.69953" lon="128.91691">
        <ele>108.6</ele>
      </trkpt>
      <trkpt lat="35.69915" lon="128.91623">
        <ele>108.8</ele>
      </trkpt>
      <trkpt lat="35.69902" lon="128.91587">
        <ele>112.4</ele>
      </trkpt>
      <trkpt lat="35.69888" lon="128.9153">
        <ele>114.1</ele>
      </trkpt>
      <trkpt lat="35.69868" lon="128.91471">
        <ele>112.9</ele>
      </trkpt>
      <trkpt lat="35.69847" lon="128.91412">
        <ele>105.6</ele>
      </trkpt>
      <trkpt lat="35.69845" lon="128.91387">
        <ele>104.5</ele>
      </trkpt>
      <trkpt lat="35.69843" lon="128.91386">
        <ele>104.5</ele>
      </trkpt>
      <trkpt lat="35.69846" lon="128.9129">
        <ele>102.1</ele>
      </trkpt>
      <trkpt lat="35.69831" lon="128.91236">
        <ele>101.8</ele>
      </trkpt>
      <trkpt lat="35.69811" lon="128.91182">
        <ele>101.6</ele>
      </trkpt>
      <trkpt lat="35.69792" lon="128.911498">
        <ele>101.9</ele>
      </trkpt>
      <trkpt lat="35.69753" lon="128.91112">
        <ele>101.7</ele>
      </trkpt>
      <trkpt lat="35.69714" lon="128.91074">
        <ele>101.1</ele>
      </trkpt>
      <trkpt lat="35.69661" lon="128.910238">
        <ele>101.0</ele>
      </trkpt>
      <trkpt lat="35.69608" lon="128.90975">
        <ele>100.7</ele>
      </trkpt>
      <trkpt lat="35.69565" lon="128.90939">
        <ele>100.0</ele>
      </trkpt>
      <trkpt lat="35.69523" lon="128.90903">
        <ele>99.3</ele>
      </trkpt>
      <trkpt lat="35.69486" lon="128.908639">
        <ele>98.9</ele>
      </trkpt>
      <trkpt lat="35.6945" lon="128.90824">
        <ele>98.5</ele>
      </trkpt>
      <trkpt lat="35.69411" lon="128.90777">
        <ele>98.7</ele>
      </trkpt>
      <trkpt lat="35.69381" lon="128.90804">
        <ele>98.5</ele>
      </trkpt>
      <trkpt lat="35.69362" lon="128.90813">
        <ele>98.6</ele>
      </trkpt>
      <trkpt lat="35.69342" lon="128.908189">
        <ele>98.8</ele>
      </trkpt>
      <trkpt lat="35.69312" lon="128.908177">
        <ele>99.4</ele>
      </trkpt>
      <trkpt lat="35.69259" lon="128.908099">
        <ele>100.6</ele>
      </trkpt>
      <trkpt lat="35.69241" lon="128.90803">
        <ele>101.0</ele>
      </trkpt>
      <trkpt lat="35.6919" lon="128.907648">
        <ele>102.2</ele>
      </trkpt>
      <trkpt lat="35.69131" lon="128.90742">
        <ele>103.4</ele>
      </trkpt>
      <trkpt lat="35.69104" lon="128.90723">
        <ele>102.9</ele>
      </trkpt>
      <trkpt lat="35.6907" lon="128.90696">
        <ele>102.4</ele>
      </trkpt>
      <trkpt lat="35.69033" lon="128.90662">
        <ele>102.8</ele>
      </trkpt>
      <trkpt lat="35.68996" lon="128.90628">
        <ele>103.2</ele>
      </trkpt>
      <trkpt lat="35.68961" lon="128.90592">
        <ele>101.9</ele>
      </trkpt>
      <trkpt lat="35.68948" lon="128.90581">
        <ele>101.5</ele>
      </trkpt>
      <trkpt lat="35.68889" lon="128.90522">
        <ele>99.1</ele>
      </trkpt>
      <trkpt lat="35.6883" lon="128.90462">
        <ele>97.6</ele>
      </trkpt>
      <trkpt lat="35.68771" lon="128.90402">
        <ele>98.9</ele>
      </trkpt>
      <trkpt lat="35.68712" lon="128.90342">
        <ele>97.2</ele>
      </trkpt>
      <trkpt lat="35.68657" lon="128.902909">
        <ele>95.8</ele>
      </trkpt>
      <trkpt lat="35.68602" lon="128.9024">
        <ele>96.3</ele>
      </trkpt>
      <trkpt lat="35.68545" lon="128.90186">
        <ele>96.4</ele>
      </trkpt>
      <trkpt lat="35.68488" lon="128.90131">
        <ele>98.2</ele>
      </trkpt>
      <trkpt lat="35.68445" lon="128.90087">
        <ele>100.7</ele>
      </trkpt>
      <trkpt lat="35.68409" lon="128.90055">
        <ele>103.0</ele>
      </trkpt>
      <trkpt lat="35.68361" lon="128.90017">
        <ele>107.0</ele>
      </trkpt>
      <trkpt lat="35.68313" lon="128.89979">
        <ele>109.0</ele>
      </trkpt>
      <trkpt lat="35.68274" lon="128.899318">
        <ele>106.9</ele>
      </trkpt>
      <trkpt lat="35.68213" lon="128.89853">
        <ele>105.9</ele>
      </trkpt>
      <trkpt lat="35.68183" lon="128.89817">
        <ele>105.9</ele>
      </trkpt>
      <trkpt lat="35.68165" lon="128.897967">
        <ele>106.3</ele>
      </trkpt>
      <trkpt lat="35.68144" lon="128.897798">
        <ele>105.6</ele>
      </trkpt>
      <trkpt lat="35.68109" lon="128.89757">
        <ele>105.0</ele>
      </trkpt>
      <trkpt lat="35.6806" lon="128.89729">
        <ele>104.3</ele>
      </trkpt>
      <trkpt lat="35.68029" lon="128.89706">
        <ele>103.6</ele>
      </trkpt>
      <trkpt lat="35.67999" lon="128.896819">
        <ele>103.2</ele>
      </trkpt>
      <trkpt lat="35.67979" lon="128.89661">
        <ele>103.3</ele>
      </trkpt>
      <trkpt lat="35.67972" lon="128.89648">
        <ele>103.3</ele>
      </trkpt>
      <trkpt lat="35.67927" lon="128.89638">
        <ele>103.9</ele>
      </trkpt>
      <trkpt lat="35.67866" lon="128.89614">
        <ele>104.8</ele>
      </trkpt>
      <trkpt lat="35.67803" lon="128.89567">
        <ele>104.8</ele>
      </trkpt>
      <trkpt lat="35.67768" lon="128.89533">
        <ele>104.4</ele>
      </trkpt>
      <trkpt lat="35.67732" lon="128.89499">
        <ele>104.4</ele>
      </trkpt>
      <trkpt lat="35.67685" lon="128.89459">
        <ele>105.5</ele>
      </trkpt>
      <trkpt lat="35.67638" lon="128.89419">
        <ele>106.0</ele>
      </trkpt>
      <trkpt lat="35.67619" lon="128.89407">
        <ele>105.8</ele>
      </trkpt>
      <trkpt lat="35.67548" lon="128.89391">
        <ele>104.0</ele>
      </trkpt>
      <trkpt lat="35.67477" lon="128.89375">
        <ele>101.4</ele>
      </trkpt>
      <trkpt lat="35.67407" lon="128.893577">
        <ele>99.5</ele>
      </trkpt>
      <trkpt lat="35.67336" lon="128.893419">
        <ele>95.3</ele>
      </trkpt>
      <trkpt lat="35.67265" lon="128.89326">
        <ele>95.9</ele>
      </trkpt>
      <trkpt lat="35.67213" lon="128.89308">
        <ele>95.9</ele>
      </trkpt>
      <trkpt lat="35.67138" lon="128.89292">
        <ele>95.3</ele>
      </trkpt>
      <trkpt lat="35.67082" lon="128.89293">
        <ele>95.3</ele>
      </trkpt>
      <trkpt lat="35.67041" lon="128.89283">
        <ele>102.2</ele>
      </trkpt>
      <trkpt lat="35.67028" lon="128.89276">
        <ele>103.5</ele>
      </trkpt>
      <trkpt lat="35.66982" lon="128.892429">
        <ele>104.7</ele>
      </trkpt>
      <trkpt lat="35.66943" lon="128.89218">
        <ele>105.9</ele>
      </trkpt>
      <trkpt lat="35.66901" lon="128.89199">
        <ele>105.8</ele>
      </trkpt>
      <trkpt lat="35.66854" lon="128.89186">
        <ele>106.0</ele>
      </trkpt>
      <trkpt lat="35.66825" lon="128.89169">
        <ele>105.2</ele>
      </trkpt>
      <trkpt lat="35.66808" lon="128.89155">
        <ele>104.4</ele>
      </trkpt>
      <trkpt lat="35.66782" lon="128.89122">
        <ele>103.0</ele>
      </trkpt>
      <trkpt lat="35.66774" lon="128.89103">
        <ele>102.3</ele>
      </trkpt>
      <trkpt lat="35.66752" lon="128.890008">
        <ele>98.1</ele>
      </trkpt>
      <trkpt lat="35.6673" lon="128.88898">
        <ele>91.1</ele>
      </trkpt>
      <trkpt lat="35.6671" lon="128.887937">
        <ele>87.9</ele>
      </trkpt>
      <trkpt lat="35.6669" lon="128.88689">
        <ele>91.1</ele>
      </trkpt>
      <trkpt lat="35.66676" lon="128.88628">
        <ele>91.3</ele>
      </trkpt>
      <trkpt lat="35.66668" lon="128.886068">
        <ele>90.6</ele>
      </trkpt>
      <trkpt lat="35.66646" lon="128.88576">
        <ele>94.6</ele>
      </trkpt>
      <trkpt lat="35.66614" lon="128.88552">
        <ele>98.5</ele>
      </trkpt>
      <trkpt lat="35.66542" lon="128.88493">
        <ele>98.8</ele>
      </trkpt>
      <trkpt lat="35.6647" lon="128.88434">
        <ele>102.3</ele>
      </trkpt>
      <trkpt lat="35.66432" lon="128.88397">
        <ele>100.3</ele>
      </trkpt>
      <trkpt lat="35.66393" lon="128.8836">
        <ele>98.4</ele>
      </trkpt>
      <trkpt lat="35.66362" lon="128.88317">
        <ele>95.5</ele>
      </trkpt>
      <trkpt lat="35.66309" lon="128.88253">
        <ele>95.1</ele>
      </trkpt>
      <trkpt lat="35.66262" lon="128.882038">
        <ele>95.3</ele>
      </trkpt>
      <trkpt lat="35.66215" lon="128.88155">
        <ele>91.5</ele>
      </trkpt>
      <trkpt lat="35.66159" lon="128.88098">
        <ele>90.6</ele>
      </trkpt>
      <trkpt lat="35.66102" lon="128.88041">
        <ele>91.1</ele>
      </trkpt>
      <trkpt lat="35.66087" lon="128.8802">
        <ele>90.3</ele>
      </trkpt>
      <trkpt lat="35.66076" lon="128.87994">
        <ele>89.6</ele>
      </trkpt>
      <trkpt lat="35.66062" lon="128.87934">
        <ele>90.3</ele>
      </trkpt>
      <trkpt lat="35.66061" lon="128.87885">
        <ele>91.9</ele>
      </trkpt>
      <trkpt lat="35.66069" lon="128.878368">
        <ele>93.2</ele>
      </trkpt>
      <trkpt lat="35.66075" lon="128.87817">
        <ele>93.5</ele>
      </trkpt>
      <trkpt lat="35.66097" lon="128.8778">
        <ele>93.4</ele>
      </trkpt>
      <trkpt lat="35.66128" lon="128.87743">
        <ele>91.5</ele>
      </trkpt>
      <trkpt lat="35.66188" lon="128.876657">
        <ele>87.8</ele>
      </trkpt>
      <trkpt lat="35.6621" lon="128.87579">
        <ele>88.2</ele>
      </trkpt>
      <trkpt lat="35.66223" lon="128.87536">
        <ele>90.1</ele>
      </trkpt>
      <trkpt lat="35.66268" lon="128.87457">
        <ele>91.2</ele>
      </trkpt>
      <trkpt lat="35.66304" lon="128.874">
        <ele>90.6</ele>
      </trkpt>
      <trkpt lat="35.66339" lon="128.87343">
        <ele>85.6</ele>
      </trkpt>
      <trkpt lat="35.66372" lon="128.873077">
        <ele>85.7</ele>
      </trkpt>
      <trkpt lat="35.66433" lon="128.872537">
        <ele>84.8</ele>
      </trkpt>
      <trkpt lat="35.66494" lon="128.87199">
        <ele>85.5</ele>
      </trkpt>
      <trkpt lat="35.66541" lon="128.87154">
        <ele>86.6</ele>
      </trkpt>
      <trkpt lat="35.66579" lon="128.87122">
        <ele>87.8</ele>
      </trkpt>
      <trkpt lat="35.66603" lon="128.87108">
        <ele>88.9</ele>
      </trkpt>
      <trkpt lat="35.66653" lon="128.87097">
        <ele>91.1</ele>
      </trkpt>
      <trkpt lat="35.66723" lon="128.87086">
        <ele>91.4</ele>
      </trkpt>
      <trkpt lat="35.66776" lon="128.87082">
        <ele>92.9</ele>
      </trkpt>
      <trkpt lat="35.66828" lon="128.87079">
        <ele>97.1</ele>
      </trkpt>
      <trkpt lat="35.66911" lon="128.87106">
        <ele>103.1</ele>
      </trkpt>
      <trkpt lat="35.66947" lon="128.87116">
        <ele>100.3</ele>
      </trkpt>
      <trkpt lat="35.66979" lon="128.87119">
        <ele>98.8</ele>
      </trkpt>
      <trkpt lat="35.67013" lon="128.87117">
        <ele>97.9</ele>
      </trkpt>
      <trkpt lat="35.67083" lon="128.87081">
        <ele>99.5</ele>
      </trkpt>
      <trkpt lat="35.67164" lon="128.87069">
        <ele>91.6</ele>
      </trkpt>
      <trkpt lat="35.67205" lon="128.870398">
        <ele>91.4</ele>
      </trkpt>
      <trkpt lat="35.67252" lon="128.86998">
        <ele>90.9</ele>
      </trkpt>
      <trkpt lat="35.67271" lon="128.86964">
        <ele>90.5</ele>
      </trkpt>
      <trkpt lat="35.67274" lon="128.869509">
        <ele>90.5</ele>
      </trkpt>
      <trkpt lat="35.67279" lon="128.86873">
        <ele>89.3</ele>
      </trkpt>
      <trkpt lat="35.67284" lon="128.86836">
        <ele>87.6</ele>
      </trkpt>
      <trkpt lat="35.67298" lon="128.867989">
        <ele>85.7</ele>
      </trkpt>
      <trkpt lat="35.67333" lon="128.867269">
        <ele>86.9</ele>
      </trkpt>
      <trkpt lat="35.67346" lon="128.86704">
        <ele>87.3</ele>
      </trkpt>
      <trkpt lat="35.67391" lon="128.866267">
        <ele>88.7</ele>
      </trkpt>
      <trkpt lat="35.67436" lon="128.8655">
        <ele>90.1</ele>
      </trkpt>
      <trkpt lat="35.67444" lon="128.86537">
        <ele>90.4</ele>
      </trkpt>
      <trkpt lat="35.67402" lon="128.86459">
        <ele>91.8</ele>
      </trkpt>
      <trkpt lat="35.67382" lon="128.86434">
        <ele>92.4</ele>
      </trkpt>
      <trkpt lat="35.67309" lon="128.86376">
        <ele>92.6</ele>
      </trkpt>
      <trkpt lat="35.67297" lon="128.86361">
        <ele>93.1</ele>
      </trkpt>
      <trkpt lat="35.67272" lon="128.8631">
        <ele>93.0</ele>
      </trkpt>
      <trkpt lat="35.67247" lon="128.862597">
        <ele>88.8</ele>
      </trkpt>
      <trkpt lat="35.6722" lon="128.86211">
        <ele>87.0</ele>
      </trkpt>
      <trkpt lat="35.67161" lon="128.86139">
        <ele>82.4</ele>
      </trkpt>
      <trkpt lat="35.67108" lon="128.860818">
        <ele>83.9</ele>
      </trkpt>
      <trkpt lat="35.67056" lon="128.86025">
        <ele>84.9</ele>
      </trkpt>
      <trkpt lat="35.67049" lon="128.86015">
        <ele>85.1</ele>
      </trkpt>
      <trkpt lat="35.67014" lon="128.85951">
        <ele>88.0</ele>
      </trkpt>
      <trkpt lat="35.66995" lon="128.85934">
        <ele>88.1</ele>
      </trkpt>
      <trkpt lat="35.66957" lon="128.8591">
        <ele>89.0</ele>
      </trkpt>
      <trkpt lat="35.66933" lon="128.85891">
        <ele>89.6</ele>
      </trkpt>
      <trkpt lat="35.66875" lon="128.85836">
        <ele>91.3</ele>
      </trkpt>
      <trkpt lat="35.66828" lon="128.85783">
        <ele>92.4</ele>
      </trkpt>
      <trkpt lat="35.6678" lon="128.8573">
        <ele>91.3</ele>
      </trkpt>
      <trkpt lat="35.66757" lon="128.85725">
        <ele>88.5</ele>
      </trkpt>
      <trkpt lat="35.66698" lon="128.85692">
        <ele>86.4</ele>
      </trkpt>
      <trkpt lat="35.66644" lon="128.8565">
        <ele>85.0</ele>
      </trkpt>
      <trkpt lat="35.6659" lon="128.856079">
        <ele>81.8</ele>
      </trkpt>
      <trkpt lat="35.6653" lon="128.85568">
        <ele>82.6</ele>
      </trkpt>
      <trkpt lat="35.66469" lon="128.85528">
        <ele>81.5</ele>
      </trkpt>
      <trkpt lat="35.6642" lon="128.85498">
        <ele>80.1</ele>
      </trkpt>
      <trkpt lat="35.66372" lon="128.85467">
        <ele>78.3</ele>
      </trkpt>
      <trkpt lat="35.66318" lon="128.85435">
        <ele>77.5</ele>
      </trkpt>
      <trkpt lat="35.66265" lon="128.85398">
        <ele>77.5</ele>
      </trkpt>
      <trkpt lat="35.66211" lon="128.85363">
        <ele>77.7</ele>
      </trkpt>
      <trkpt lat="35.66156" lon="128.853287">
        <ele>77.8</ele>
      </trkpt>
      <trkpt lat="35.66102" lon="128.852938">
        <ele>77.5</ele>
      </trkpt>
      <trkpt lat="35.66053" lon="128.8526">
        <ele>77.2</ele>
      </trkpt>
      <trkpt lat="35.65979" lon="128.85203">
        <ele>76.2</ele>
      </trkpt>
      <trkpt lat="35.65904" lon="128.85146">
        <ele>75.2</ele>
      </trkpt>
      <trkpt lat="35.65879" lon="128.85125">
        <ele>75.0</ele>
      </trkpt>
      <trkpt lat="35.65829" lon="128.85089">
        <ele>74.1</ele>
      </trkpt>
      <trkpt lat="35.65761" lon="128.850169">
        <ele>74.1</ele>
      </trkpt>
      <trkpt lat="35.65738" lon="128.85">
        <ele>74.1</ele>
      </trkpt>
      <trkpt lat="35.65705" lon="128.849809">
        <ele>76.7</ele>
      </trkpt>
      <trkpt lat="35.65627" lon="128.849449">
        <ele>77.5</ele>
      </trkpt>
      <trkpt lat="35.6559" lon="128.84919">
        <ele>79.5</ele>
      </trkpt>
      <trkpt lat="35.65536" lon="128.84887">
        <ele>82.3</ele>
      </trkpt>
      <trkpt lat="35.65483" lon="128.848548">
        <ele>85.1</ele>
      </trkpt>
      <trkpt lat="35.65455" lon="128.84843">
        <ele>86.6</ele>
      </trkpt>
      <trkpt lat="35.65428" lon="128.8484">
        <ele>86.3</ele>
      </trkpt>
      <trkpt lat="35.65394" lon="128.848289">
        <ele>86.5</ele>
      </trkpt>
      <trkpt lat="35.65349" lon="128.84807">
        <ele>90.9</ele>
      </trkpt>
      <trkpt lat="35.65304" lon="128.847839">
        <ele>91.5</ele>
      </trkpt>
      <trkpt lat="35.65279" lon="128.84762">
        <ele>90.4</ele>
      </trkpt>
      <trkpt lat="35.65223" lon="128.84706">
        <ele>88.4</ele>
      </trkpt>
      <trkpt lat="35.65167" lon="128.846488">
        <ele>80.2</ele>
      </trkpt>
      <trkpt lat="35.65129" lon="128.84601">
        <ele>78.1</ele>
      </trkpt>
      <trkpt lat="35.6509" lon="128.84553">
        <ele>76.0</ele>
      </trkpt>
      <trkpt lat="35.65081" lon="128.845328">
        <ele>76.5</ele>
      </trkpt>
      <trkpt lat="35.65075" lon="128.845148">
        <ele>77.4</ele>
      </trkpt>
      <trkpt lat="35.6507" lon="128.8449">
        <ele>78.1</ele>
      </trkpt>
      <trkpt lat="35.65066" lon="128.84458">
        <ele>78.2</ele>
      </trkpt>
      <trkpt lat="35.65062" lon="128.84394">
        <ele>78.8</ele>
      </trkpt>
      <trkpt lat="35.65059" lon="128.842897">
        <ele>81.9</ele>
      </trkpt>
      <trkpt lat="35.65055" lon="128.84186">
        <ele>83.3</ele>
      </trkpt>
      <trkpt lat="35.6505" lon="128.841">
        <ele>86.9</ele>
      </trkpt>
      <trkpt lat="35.65044" lon="128.8406">
        <ele>88.3</ele>
      </trkpt>
      <trkpt lat="35.65035" lon="128.84035">
        <ele>88.6</ele>
      </trkpt>
      <trkpt lat="35.65008" lon="128.83976">
        <ele>87.6</ele>
      </trkpt>
      <trkpt lat="35.64977" lon="128.839317">
        <ele>89.7</ele>
      </trkpt>
      <trkpt lat="35.64949" lon="128.839058">
        <ele>93.9</ele>
      </trkpt>
      <trkpt lat="35.64907" lon="128.83886">
        <ele>102.1</ele>
      </trkpt>
      <trkpt lat="35.64851" lon="128.83875">
        <ele>108.4</ele>
      </trkpt>
      <trkpt lat="35.64804" lon="128.83873">
        <ele>105.5</ele>
      </trkpt>
      <trkpt lat="35.64737" lon="128.838889">
        <ele>97.6</ele>
      </trkpt>
      <trkpt lat="35.64713" lon="128.8389">
        <ele>95.7</ele>
      </trkpt>
      <trkpt lat="35.64631" lon="128.838709">
        <ele>87.5</ele>
      </trkpt>
      <trkpt lat="35.64549" lon="128.838529">
        <ele>81.7</ele>
      </trkpt>
      <trkpt lat="35.64522" lon="128.83836">
        <ele>79.2</ele>
      </trkpt>
      <trkpt lat="35.64497" lon="128.83812">
        <ele>78.0</ele>
      </trkpt>
      <trkpt lat="35.6446" lon="128.83782">
        <ele>78.1</ele>
      </trkpt>
      <trkpt lat="35.64445" lon="128.83773">
        <ele>78.3</ele>
      </trkpt>
      <trkpt lat="35.64388" lon="128.83761">
        <ele>77.5</ele>
      </trkpt>
      <trkpt lat="35.6433" lon="128.83748">
        <ele>75.0</ele>
      </trkpt>
      <trkpt lat="35.64252" lon="128.83741">
        <ele>74.9</ele>
      </trkpt>
      <trkpt lat="35.64164" lon="128.8372">
        <ele>72.6</ele>
      </trkpt>
      <trkpt lat="35.64087" lon="128.836728">
        <ele>72.0</ele>
      </trkpt>
      <trkpt lat="35.64057" lon="128.83644">
        <ele>72.0</ele>
      </trkpt>
      <trkpt lat="35.64011" lon="128.83615">
        <ele>71.3</ele>
      </trkpt>
      <trkpt lat="35.63988" lon="128.836007">
        <ele>71.0</ele>
      </trkpt>
      <trkpt lat="35.63949" lon="128.83578">
        <ele>70.5</ele>
      </trkpt>
      <trkpt lat="35.63922" lon="128.835478">
        <ele>69.9</ele>
      </trkpt>
      <trkpt lat="35.63869" lon="128.8347">
        <ele>70.2</ele>
      </trkpt>
      <trkpt lat="35.63854" lon="128.83436">
        <ele>71.0</ele>
      </trkpt>
      <trkpt lat="35.63832" lon="128.83365">
        <ele>75.0</ele>
      </trkpt>
      <trkpt lat="35.63811" lon="128.83295">
        <ele>77.6</ele>
      </trkpt>
      <trkpt lat="35.63801" lon="128.83249">
        <ele>77.8</ele>
      </trkpt>
      <trkpt lat="35.63803" lon="128.83197">
        <ele>77.7</ele>
      </trkpt>
      <trkpt lat="35.63807" lon="128.83164">
        <ele>78.1</ele>
      </trkpt>
      <trkpt lat="35.63823" lon="128.8309">
        <ele>73.5</ele>
      </trkpt>
      <trkpt lat="35.63834" lon="128.83027">
        <ele>71.5</ele>
      </trkpt>
      <trkpt lat="35.6385" lon="128.829478">
        <ele>73.2</ele>
      </trkpt>
      <trkpt lat="35.6385" lon="128.82847">
        <ele>73.3</ele>
      </trkpt>
      <trkpt lat="35.63832" lon="128.82794">
        <ele>72.1</ele>
      </trkpt>
      <trkpt lat="35.6379" lon="128.82718">
        <ele>71.2</ele>
      </trkpt>
      <trkpt lat="35.63753" lon="128.826428">
        <ele>65.5</ele>
      </trkpt>
      <trkpt lat="35.63719" lon="128.8257">
        <ele>67.3</ele>
      </trkpt>
      <trkpt lat="35.63685" lon="128.82497">
        <ele>67.2</ele>
      </trkpt>
      <trkpt lat="35.63671" lon="128.82453">
        <ele>69.5</ele>
      </trkpt>
      <trkpt lat="35.63626" lon="128.8239">
        <ele>68.2</ele>
      </trkpt>
      <trkpt lat="35.63612" lon="128.823737">
        <ele>67.2</ele>
      </trkpt>
      <trkpt lat="35.63584" lon="128.823309">
        <ele>65.4</ele>
      </trkpt>
      <trkpt lat="35.63542" lon="128.82305">
        <ele>65.2</ele>
      </trkpt>
      <trkpt lat="35.63499" lon="128.82278">
        <ele>64.6</ele>
      </trkpt>
      <trkpt lat="35.63465" lon="128.822409">
        <ele>64.8</ele>
      </trkpt>
      <trkpt lat="35.6343" lon="128.822037">
        <ele>64.0</ele>
      </trkpt>
      <trkpt lat="35.63396" lon="128.82164">
        <ele>64.4</ele>
      </trkpt>
      <trkpt lat="35.63362" lon="128.82123">
        <ele>64.1</ele>
      </trkpt>
      <trkpt lat="35.63322" lon="128.820788">
        <ele>63.2</ele>
      </trkpt>
      <trkpt lat="35.6329" lon="128.820518">
        <ele>64.5</ele>
      </trkpt>
      <trkpt lat="35.63258" lon="128.82033">
        <ele>65.2</ele>
      </trkpt>
      <trkpt lat="35.63196" lon="128.819797">
        <ele>66.4</ele>
      </trkpt>
      <trkpt lat="35.63135" lon="128.819279">
        <ele>66.6</ele>
      </trkpt>
      <trkpt lat="35.63072" lon="128.8189">
        <ele>67.9</ele>
      </trkpt>
      <trkpt lat="35.63011" lon="128.81879">
        <ele>69.0</ele>
      </trkpt>
      <trkpt lat="35.62951" lon="128.81867">
        <ele>69.2</ele>
      </trkpt>
      <trkpt lat="35.6289" lon="128.818548">
        <ele>69.1</ele>
      </trkpt>
      <trkpt lat="35.62806" lon="128.81843">
        <ele>68.0</ele>
      </trkpt>
      <trkpt lat="35.62722" lon="128.81835">
        <ele>68.1</ele>
      </trkpt>
      <trkpt lat="35.62642" lon="128.81834">
        <ele>70.4</ele>
      </trkpt>
      <trkpt lat="35.62591" lon="128.818458">
        <ele>71.3</ele>
      </trkpt>
      <trkpt lat="35.62511" lon="128.81876">
        <ele>73.2</ele>
      </trkpt>
      <trkpt lat="35.62431" lon="128.81905">
        <ele>74.5</ele>
      </trkpt>
      <trkpt lat="35.62381" lon="128.8192">
        <ele>75.1</ele>
      </trkpt>
      <trkpt lat="35.62331" lon="128.819347">
        <ele>76.4</ele>
      </trkpt>
      <trkpt lat="35.62282" lon="128.81957">
        <ele>75.3</ele>
      </trkpt>
      <trkpt lat="35.62233" lon="128.81973">
        <ele>75.1</ele>
      </trkpt>
      <trkpt lat="35.62152" lon="128.820067">
        <ele>72.8</ele>
      </trkpt>
      <trkpt lat="35.62109" lon="128.82037">
        <ele>73.3</ele>
      </trkpt>
      <trkpt lat="35.62067" lon="128.82067">
        <ele>73.7</ele>
      </trkpt>
      <trkpt lat="35.62029" lon="128.820979">
        <ele>73.4</ele>
      </trkpt>
      <trkpt lat="35.62008" lon="128.82112">
        <ele>73.1</ele>
      </trkpt>
      <trkpt lat="35.61966" lon="128.82128">
        <ele>75.8</ele>
      </trkpt>
      <trkpt lat="35.61919" lon="128.82171">
        <ele>72.7</ele>
      </trkpt>
      <trkpt lat="35.61872" lon="128.822127">
        <ele>69.6</ele>
      </trkpt>
      <trkpt lat="35.6184" lon="128.82234">
        <ele>67.3</ele>
      </trkpt>
      <trkpt lat="35.61806" lon="128.82261">
        <ele>66.2</ele>
      </trkpt>
      <trkpt lat="35.61767" lon="128.82308">
        <ele>64.7</ele>
      </trkpt>
      <trkpt lat="35.61727" lon="128.82355">
        <ele>62.7</ele>
      </trkpt>
      <trkpt lat="35.61669" lon="128.82391">
        <ele>63.0</ele>
      </trkpt>
      <trkpt lat="35.6164" lon="128.82403">
        <ele>64.1</ele>
      </trkpt>
      <trkpt lat="35.61562" lon="128.82426">
        <ele>67.2</ele>
      </trkpt>
      <trkpt lat="35.61505" lon="128.824379">
        <ele>66.8</ele>
      </trkpt>
      <trkpt lat="35.61478" lon="128.82433">
        <ele>66.1</ele>
      </trkpt>
      <trkpt lat="35.61397" lon="128.82394">
        <ele>63.8</ele>
      </trkpt>
      <trkpt lat="35.61315" lon="128.82355">
        <ele>60.6</ele>
      </trkpt>
      <trkpt lat="35.61291" lon="128.82345">
        <ele>60.1</ele>
      </trkpt>
      <trkpt lat="35.61252" lon="128.823219">
        <ele>59.8</ele>
      </trkpt>
      <trkpt lat="35.61242" lon="128.8231">
        <ele>60.1</ele>
      </trkpt>
      <trkpt lat="35.6121" lon="128.82255">
        <ele>60.9</ele>
      </trkpt>
      <trkpt lat="35.61178" lon="128.82199">
        <ele>60.8</ele>
      </trkpt>
      <trkpt lat="35.61155" lon="128.82167">
        <ele>60.3</ele>
      </trkpt>
      <trkpt lat="35.61119" lon="128.821">
        <ele>60.0</ele>
      </trkpt>
      <trkpt lat="35.6108" lon="128.82018">
        <ele>58.4</ele>
      </trkpt>
      <trkpt lat="35.61042" lon="128.819369">
        <ele>59.8</ele>
      </trkpt>
      <trkpt lat="35.61013" lon="128.81867">
        <ele>58.4</ele>
      </trkpt>
      <trkpt lat="35.61009" lon="128.818469">
        <ele>58.2</ele>
      </trkpt>
      <trkpt lat="35.60999" lon="128.81746">
        <ele>59.2</ele>
      </trkpt>
      <trkpt lat="35.6099" lon="128.8168">
        <ele>62.0</ele>
      </trkpt>
      <trkpt lat="35.60985" lon="128.816139">
        <ele>66.4</ele>
      </trkpt>
      <trkpt lat="35.60981" lon="128.81599">
        <ele>66.9</ele>
      </trkpt>
      <trkpt lat="35.60969" lon="128.81574">
        <ele>66.5</ele>
      </trkpt>
      <trkpt lat="35.60945" lon="128.81535">
        <ele>64.8</ele>
      </trkpt>
      <trkpt lat="35.60905" lon="128.81478">
        <ele>59.9</ele>
      </trkpt>
      <trkpt lat="35.60865" lon="128.81421">
        <ele>55.0</ele>
      </trkpt>
      <trkpt lat="35.60831" lon="128.81339">
        <ele>53.8</ele>
      </trkpt>
      <trkpt lat="35.60802" lon="128.812829">
        <ele>53.7</ele>
      </trkpt>
      <trkpt lat="35.60773" lon="128.812277">
        <ele>56.5</ele>
      </trkpt>
      <trkpt lat="35.6074" lon="128.81187">
        <ele>62.2</ele>
      </trkpt>
      <trkpt lat="35.60707" lon="128.81146">
        <ele>65.0</ele>
      </trkpt>
      <trkpt lat="35.60659" lon="128.81102">
        <ele>67.2</ele>
      </trkpt>
      <trkpt lat="35.60614" lon="128.81072">
        <ele>72.7</ele>
      </trkpt>
      <trkpt lat="35.6057" lon="128.810409">
        <ele>77.2</ele>
      </trkpt>
      <trkpt lat="35.60537" lon="128.81021">
        <ele>79.8</ele>
      </trkpt>
      <trkpt lat="35.60496" lon="128.81015">
        <ele>81.4</ele>
      </trkpt>
      <trkpt lat="35.60464" lon="128.81018">
        <ele>82.2</ele>
      </trkpt>
      <trkpt lat="35.60394" lon="128.81053">
        <ele>79.7</ele>
      </trkpt>
      <trkpt lat="35.60362" lon="128.81063">
        <ele>80.0</ele>
      </trkpt>
      <trkpt lat="35.60316" lon="128.81061">
        <ele>80.5</ele>
      </trkpt>
      <trkpt lat="35.60269" lon="128.8106">
        <ele>76.0</ele>
      </trkpt>
      <trkpt lat="35.60217" lon="128.81066">
        <ele>71.7</ele>
      </trkpt>
      <trkpt lat="35.60164" lon="128.81072">
        <ele>68.3</ele>
      </trkpt>
      <trkpt lat="35.60112" lon="128.810859">
        <ele>65.1</ele>
      </trkpt>
      <trkpt lat="35.60059" lon="128.811">
        <ele>62.5</ele>
      </trkpt>
      <trkpt lat="35.60012" lon="128.810938">
        <ele>64.5</ele>
      </trkpt>
      <trkpt lat="35.59974" lon="128.811">
        <ele>63.5</ele>
      </trkpt>
      <trkpt lat="35.59929" lon="128.811208">
        <ele>59.6</ele>
      </trkpt>
      <trkpt lat="35.59863" lon="128.8112">
        <ele>58.3</ele>
      </trkpt>
      <trkpt lat="35.59792" lon="128.81111">
        <ele>56.7</ele>
      </trkpt>
      <trkpt lat="35.59736" lon="128.81097">
        <ele>55.3</ele>
      </trkpt>
      <trkpt lat="35.59687" lon="128.81079">
        <ele>55.5</ele>
      </trkpt>
      <trkpt lat="35.59639" lon="128.81061">
        <ele>55.6</ele>
      </trkpt>
      <trkpt lat="35.596" lon="128.810307">
        <ele>55.6</ele>
      </trkpt>
      <trkpt lat="35.59582" lon="128.81021">
        <ele>54.7</ele>
      </trkpt>
      <trkpt lat="35.59523" lon="128.81011">
        <ele>54.0</ele>
      </trkpt>
      <trkpt lat="35.59466" lon="128.809958">
        <ele>52.4</ele>
      </trkpt>
      <trkpt lat="35.59409" lon="128.80982">
        <ele>50.2</ele>
      </trkpt>
      <trkpt lat="35.59337" lon="128.809429">
        <ele>49.3</ele>
      </trkpt>
      <trkpt lat="35.59266" lon="128.80904">
        <ele>48.5</ele>
      </trkpt>
      <trkpt lat="35.59194" lon="128.80865">
        <ele>48.6</ele>
      </trkpt>
      <trkpt lat="35.59186" lon="128.80857">
        <ele>48.7</ele>
      </trkpt>
      <trkpt lat="35.59157" lon="128.80793">
        <ele>50.1</ele>
      </trkpt>
      <trkpt lat="35.59138" lon="128.80739">
        <ele>50.8</ele>
      </trkpt>
      <trkpt lat="35.59119" lon="128.80685">
        <ele>51.6</ele>
      </trkpt>
      <trkpt lat="35.59098" lon="128.80595">
        <ele>51.8</ele>
      </trkpt>
      <trkpt lat="35.59078" lon="128.80506">
        <ele>52.2</ele>
      </trkpt>
      <trkpt lat="35.59057" lon="128.80416">
        <ele>53.6</ele>
      </trkpt>
      <trkpt lat="35.59029" lon="128.80356">
        <ele>51.8</ele>
      </trkpt>
      <trkpt lat="35.59015" lon="128.80301">
        <ele>51.5</ele>
      </trkpt>
      <trkpt lat="35.59015" lon="128.80205">
        <ele>56.1</ele>
      </trkpt>
      <trkpt lat="35.58978" lon="128.80139">
        <ele>58.1</ele>
      </trkpt>
      <trkpt lat="35.58919" lon="128.8007">
        <ele>63.9</ele>
      </trkpt>
      <trkpt lat="35.58904" lon="128.800559">
        <ele>68.3</ele>
      </trkpt>
      <trkpt lat="35.5885" lon="128.800277">
        <ele>71.3</ele>
      </trkpt>
      <trkpt lat="35.58796" lon="128.800007">
        <ele>67.0</ele>
      </trkpt>
      <trkpt lat="35.5874" lon="128.799658">
        <ele>60.8</ele>
      </trkpt>
      <trkpt lat="35.58684" lon="128.799298">
        <ele>54.0</ele>
      </trkpt>
      <trkpt lat="35.58628" lon="128.798949">
        <ele>49.1</ele>
      </trkpt>
      <trkpt lat="35.58597" lon="128.79883">
        <ele>48.4</ele>
      </trkpt>
      <trkpt lat="35.58549" lon="128.798577">
        <ele>48.5</ele>
      </trkpt>
      <trkpt lat="35.58519" lon="128.79837">
        <ele>48.7</ele>
      </trkpt>
      <trkpt lat="35.58469" lon="128.79809">
        <ele>55.7</ele>
      </trkpt>
      <trkpt lat="35.5843" lon="128.79798">
        <ele>55.7</ele>
      </trkpt>
      <trkpt lat="35.58363" lon="128.79782">
        <ele>51.5</ele>
      </trkpt>
      <trkpt lat="35.58295" lon="128.79767">
        <ele>46.1</ele>
      </trkpt>
      <trkpt lat="35.5821" lon="128.79738">
        <ele>44.7</ele>
      </trkpt>
      <trkpt lat="35.58126" lon="128.7971">
        <ele>46.2</ele>
      </trkpt>
      <trkpt lat="35.58041" lon="128.79681">
        <ele>44.0</ele>
      </trkpt>
      <trkpt lat="35.57957" lon="128.79649">
        <ele>44.0</ele>
      </trkpt>
      <trkpt lat="35.57923" lon="128.79638">
        <ele>43.6</ele>
      </trkpt>
      <trkpt lat="35.57859" lon="128.79584">
        <ele>41.9</ele>
      </trkpt>
      <trkpt lat="35.57795" lon="128.79529">
        <ele>42.2</ele>
      </trkpt>
      <trkpt lat="35.57746" lon="128.79498">
        <ele>42.0</ele>
      </trkpt>
      <trkpt lat="35.57696" lon="128.79467">
        <ele>42.5</ele>
      </trkpt>
      <trkpt lat="35.57644" lon="128.79436">
        <ele>43.1</ele>
      </trkpt>
      <trkpt lat="35.57591" lon="128.79404">
        <ele>46.7</ele>
      </trkpt>
      <trkpt lat="35.57543" lon="128.79369">
        <ele>48.3</ele>
      </trkpt>
      <trkpt lat="35.57495" lon="128.79327">
        <ele>46.0</ele>
      </trkpt>
      <trkpt lat="35.57467" lon="128.79299">
        <ele>45.0</ele>
      </trkpt>
      <trkpt lat="35.57437" lon="128.792498">
        <ele>43.2</ele>
      </trkpt>
      <trkpt lat="35.57406" lon="128.79201">
        <ele>41.4</ele>
      </trkpt>
      <trkpt lat="35.57367" lon="128.79132">
        <ele>41.1</ele>
      </trkpt>
      <trkpt lat="35.57327" lon="128.79063">
        <ele>41.0</ele>
      </trkpt>
      <trkpt lat="35.57304" lon="128.79011">
        <ele>41.0</ele>
      </trkpt>
      <trkpt lat="35.57272" lon="128.78932">
        <ele>41.2</ele>
      </trkpt>
      <trkpt lat="35.57247" lon="128.7886">
        <ele>41.0</ele>
      </trkpt>
      <trkpt lat="35.57218" lon="128.788029">
        <ele>40.6</ele>
      </trkpt>
      <trkpt lat="35.57188" lon="128.78746">
        <ele>40.6</ele>
      </trkpt>
      <trkpt lat="35.57151" lon="128.7868">
        <ele>46.5</ele>
      </trkpt>
      <trkpt lat="35.57114" lon="128.786138">
        <ele>49.3</ele>
      </trkpt>
      <trkpt lat="35.57093" lon="128.78572">
        <ele>46.6</ele>
      </trkpt>
      <trkpt lat="35.5708" lon="128.78517">
        <ele>45.0</ele>
      </trkpt>
      <trkpt lat="35.57067" lon="128.784607">
        <ele>44.9</ele>
      </trkpt>
      <trkpt lat="35.57052" lon="128.78385">
        <ele>43.4</ele>
      </trkpt>
      <trkpt lat="35.57037" lon="128.783099">
        <ele>41.1</ele>
      </trkpt>
      <trkpt lat="35.57035" lon="128.782919">
        <ele>41.0</ele>
      </trkpt>
      <trkpt lat="35.57048" lon="128.78224">
        <ele>42.9</ele>
      </trkpt>
      <trkpt lat="35.57064" lon="128.78156">
        <ele>45.4</ele>
      </trkpt>
      <trkpt lat="35.57068" lon="128.78083">
        <ele>46.0</ele>
      </trkpt>
      <trkpt lat="35.57066" lon="128.78053">
        <ele>45.7</ele>
      </trkpt>
      <trkpt lat="35.57058" lon="128.7798">
        <ele>44.8</ele>
      </trkpt>
      <trkpt lat="35.57054" lon="128.779069">
        <ele>44.8</ele>
      </trkpt>
      <trkpt lat="35.5705" lon="128.77833">
        <ele>44.6</ele>
      </trkpt>
      <trkpt lat="35.57043" lon="128.77765">
        <ele>42.9</ele>
      </trkpt>
      <trkpt lat="35.5702" lon="128.77695">
        <ele>38.8</ele>
      </trkpt>
      <trkpt lat="35.56996" lon="128.776018">
        <ele>35.9</ele>
      </trkpt>
      <trkpt lat="35.56988" lon="128.775478">
        <ele>36.1</ele>
      </trkpt>
      <trkpt lat="35.56979" lon="128.77493">
        <ele>36.3</ele>
      </trkpt>
      <trkpt lat="35.56967" lon="128.774318">
        <ele>36.5</ele>
      </trkpt>
      <trkpt lat="35.56955" lon="128.77371">
        <ele>36.4</ele>
      </trkpt>
      <trkpt lat="35.56954" lon="128.77344">
        <ele>36.7</ele>
      </trkpt>
      <trkpt lat="35.56969" lon="128.77243">
        <ele>36.7</ele>
      </trkpt>
      <trkpt lat="35.56983" lon="128.77176">
        <ele>35.8</ele>
      </trkpt>
      <trkpt lat="35.56981" lon="128.771639">
        <ele>35.5</ele>
      </trkpt>
      <trkpt lat="35.56972" lon="128.7714">
        <ele>35.5</ele>
      </trkpt>
      <trkpt lat="35.56939" lon="128.770558">
        <ele>35.5</ele>
      </trkpt>
      <trkpt lat="35.56906" lon="128.76972">
        <ele>35.6</ele>
      </trkpt>
      <trkpt lat="35.56879" lon="128.769">
        <ele>35.7</ele>
      </trkpt>
      <trkpt lat="35.56853" lon="128.76828">
        <ele>35.5</ele>
      </trkpt>
      <trkpt lat="35.56826" lon="128.76755">
        <ele>35.9</ele>
      </trkpt>
      <trkpt lat="35.56792" lon="128.76719">
        <ele>37.1</ele>
      </trkpt>
      <trkpt lat="35.56752" lon="128.76703">
        <ele>36.1</ele>
      </trkpt>
      <trkpt lat="35.56691" lon="128.766607">
        <ele>34.2</ele>
      </trkpt>
      <trkpt lat="35.56668" lon="128.76651">
        <ele>33.6</ele>
      </trkpt>
      <trkpt lat="35.56655" lon="128.7665">
        <ele>33.7</ele>
      </trkpt>
      <trkpt lat="35.5665" lon="128.76634">
        <ele>34.2</ele>
      </trkpt>
      <trkpt lat="35.5665" lon="128.76624">
        <ele>34.5</ele>
      </trkpt>
      <trkpt lat="35.56657" lon="128.766089">
        <ele>35.0</ele>
      </trkpt>
      <trkpt lat="35.56598" lon="128.7656">
        <ele>35.3</ele>
      </trkpt>
      <trkpt lat="35.5657" lon="128.76539">
        <ele>35.1</ele>
      </trkpt>
      <trkpt lat="35.56552" lon="128.765278">
        <ele>35.2</ele>
      </trkpt>
      <trkpt lat="35.5649" lon="128.764839">
        <ele>34.9</ele>
      </trkpt>
      <trkpt lat="35.56422" lon="128.76418">
        <ele>28.4</ele>
      </trkpt>
      <trkpt lat="35.56354" lon="128.76353">
        <ele>26.4</ele>
      </trkpt>
      <trkpt lat="35.56286" lon="128.76288">
        <ele>32.7</ele>
      </trkpt>
      <trkpt lat="35.56264" lon="128.7627">
        <ele>34.5</ele>
      </trkpt>
      <trkpt lat="35.56242" lon="128.76254">
        <ele>36.7</ele>
      </trkpt>
      <trkpt lat="35.56181" lon="128.762149">
        <ele>46.2</ele>
      </trkpt>
      <trkpt lat="35.56141" lon="128.76193">
        <ele>46.1</ele>
      </trkpt>
      <trkpt lat="35.56094" lon="128.76172">
        <ele>44.6</ele>
      </trkpt>
      <trkpt lat="35.56064" lon="128.76163">
        <ele>44.9</ele>
      </trkpt>
      <trkpt lat="35.56003" lon="128.76144">
        <ele>46.3</ele>
      </trkpt>
      <trkpt lat="35.55942" lon="128.761248">
        <ele>43.2</ele>
      </trkpt>
      <trkpt lat="35.55898" lon="128.761237">
        <ele>42.9</ele>
      </trkpt>
      <trkpt lat="35.55813" lon="128.76144">
        <ele>45.8</ele>
      </trkpt>
      <trkpt lat="35.55728" lon="128.76163">
        <ele>45.0</ele>
      </trkpt>
      <trkpt lat="35.55677" lon="128.76155">
        <ele>40.9</ele>
      </trkpt>
      <trkpt lat="35.55626" lon="128.76148">
        <ele>38.3</ele>
      </trkpt>
      <trkpt lat="35.55571" lon="128.76148">
        <ele>36.5</ele>
      </trkpt>
      <trkpt lat="35.55526" lon="128.76155">
        <ele>36.6</ele>
      </trkpt>
      <trkpt lat="35.55492" lon="128.761687">
        <ele>36.9</ele>
      </trkpt>
      <trkpt lat="35.5542" lon="128.76212">
        <ele>37.3</ele>
      </trkpt>
      <trkpt lat="35.55349" lon="128.76254">
        <ele>37.7</ele>
      </trkpt>
      <trkpt lat="35.55287" lon="128.76288">
        <ele>36.5</ele>
      </trkpt>
      <trkpt lat="35.55225" lon="128.763218">
        <ele>35.7</ele>
      </trkpt>
      <trkpt lat="35.55164" lon="128.76356">
        <ele>36.4</ele>
      </trkpt>
      <trkpt lat="35.55142" lon="128.76377">
        <ele>36.0</ele>
      </trkpt>
      <trkpt lat="35.55136" lon="128.76388">
        <ele>36.1</ele>
      </trkpt>
      <trkpt lat="35.55116" lon="128.76371">
        <ele>33.6</ele>
      </trkpt>
      <trkpt lat="35.55084" lon="128.76352">
        <ele>32.8</ele>
      </trkpt>
      <trkpt lat="35.55012" lon="128.76311">
        <ele>31.2</ele>
      </trkpt>
      <trkpt lat="35.5494" lon="128.76271">
        <ele>29.6</ele>
      </trkpt>
      <trkpt lat="35.54871" lon="128.762318">
        <ele>28.1</ele>
      </trkpt>
      <trkpt lat="35.54803" lon="128.76193">
        <ele>29.1</ele>
      </trkpt>
      <trkpt lat="35.54734" lon="128.76154">
        <ele>29.0</ele>
      </trkpt>
      <trkpt lat="35.54666" lon="128.761147">
        <ele>29.0</ele>
      </trkpt>
      <trkpt lat="35.54597" lon="128.76077">
        <ele>28.1</ele>
      </trkpt>
      <trkpt lat="35.54529" lon="128.76038">
        <ele>28.1</ele>
      </trkpt>
      <trkpt lat="35.54508" lon="128.76028">
        <ele>28.3</ele>
      </trkpt>
      <trkpt lat="35.54497" lon="128.76025">
        <ele>28.4</ele>
      </trkpt>
      <trkpt lat="35.54488" lon="128.760258">
        <ele>28.4</ele>
      </trkpt>
      <trkpt lat="35.54462" lon="128.76033">
        <ele>28.2</ele>
      </trkpt>
      <trkpt lat="35.54387" lon="128.76065">
        <ele>28.0</ele>
      </trkpt>
      <trkpt lat="35.54312" lon="128.76096">
        <ele>28.5</ele>
      </trkpt>
      <trkpt lat="35.54252" lon="128.76123">
        <ele>27.5</ele>
      </trkpt>
      <trkpt lat="35.54192" lon="128.76149">
        <ele>27.1</ele>
      </trkpt>
      <trkpt lat="35.54135" lon="128.76176">
        <ele>27.3</ele>
      </trkpt>
      <trkpt lat="35.54077" lon="128.76203">
        <ele>27.6</ele>
      </trkpt>
      <trkpt lat="35.54001" lon="128.762329">
        <ele>28.2</ele>
      </trkpt>
      <trkpt lat="35.53924" lon="128.76262">
        <ele>26.2</ele>
      </trkpt>
      <trkpt lat="35.53866" lon="128.762858">
        <ele>26.6</ele>
      </trkpt>
      <trkpt lat="35.53788" lon="128.76323">
        <ele>26.5</ele>
      </trkpt>
      <trkpt lat="35.5374" lon="128.763477">
        <ele>26.0</ele>
      </trkpt>
      <trkpt lat="35.53691" lon="128.76374">
        <ele>26.0</ele>
      </trkpt>
      <trkpt lat="35.53617" lon="128.76405">
        <ele>25.8</ele>
      </trkpt>
      <trkpt lat="35.53542" lon="128.76437">
        <ele>26.0</ele>
      </trkpt>
      <trkpt lat="35.53468" lon="128.76468">
        <ele>26.1</ele>
      </trkpt>
      <trkpt lat="35.53393" lon="128.764997">
        <ele>26.0</ele>
      </trkpt>
      <trkpt lat="35.53319" lon="128.76532">
        <ele>25.9</ele>
      </trkpt>
      <trkpt lat="35.53244" lon="128.765627">
        <ele>26.2</ele>
      </trkpt>
      <trkpt lat="35.53174" lon="128.76593">
        <ele>25.3</ele>
      </trkpt>
      <trkpt lat="35.53103" lon="128.76624">
        <ele>23.6</ele>
      </trkpt>
      <trkpt lat="35.53033" lon="128.766539">
        <ele>25.5</ele>
      </trkpt>
      <trkpt lat="35.52962" lon="128.76685">
        <ele>28.7</ele>
      </trkpt>
      <trkpt lat="35.52939" lon="128.76693">
        <ele>30.2</ele>
      </trkpt>
      <trkpt lat="35.52886" lon="128.76705">
        <ele>30.5</ele>
      </trkpt>
      <trkpt lat="35.52812" lon="128.76717">
        <ele>27.8</ele>
      </trkpt>
      <trkpt lat="35.52749" lon="128.76718">
        <ele>24.9</ele>
      </trkpt>
      <trkpt lat="35.52686" lon="128.76718">
        <ele>24.3</ele>
      </trkpt>
      <trkpt lat="35.5266" lon="128.76722">
        <ele>24.1</ele>
      </trkpt>
      <trkpt lat="35.52626" lon="128.76732">
        <ele>24.0</ele>
      </trkpt>
      <trkpt lat="35.5259" lon="128.76741">
        <ele>24.1</ele>
      </trkpt>
      <trkpt lat="35.5258" lon="128.76741">
        <ele>24.2</ele>
      </trkpt>
      <trkpt lat="35.52556" lon="128.76736">
        <ele>24.0</ele>
      </trkpt>
      <trkpt lat="35.52507" lon="128.76719">
        <ele>23.5</ele>
      </trkpt>
      <trkpt lat="35.52458" lon="128.76702">
        <ele>23.1</ele>
      </trkpt>
      <trkpt lat="35.52431" lon="128.76696">
        <ele>22.8</ele>
      </trkpt>
      <trkpt lat="35.52364" lon="128.76687">
        <ele>21.8</ele>
      </trkpt>
      <trkpt lat="35.52311" lon="128.76687">
        <ele>21.8</ele>
      </trkpt>
      <trkpt lat="35.52259" lon="128.766877">
        <ele>23.0</ele>
      </trkpt>
      <trkpt lat="35.52245" lon="128.76691">
        <ele>23.1</ele>
      </trkpt>
      <trkpt lat="35.52217" lon="128.76692">
        <ele>23.1</ele>
      </trkpt>
      <trkpt lat="35.5217" lon="128.76701">
        <ele>22.8</ele>
      </trkpt>
      <trkpt lat="35.52122" lon="128.7671">
        <ele>23.0</ele>
      </trkpt>
      <trkpt lat="35.52041" lon="128.76728">
        <ele>22.1</ele>
      </trkpt>
      <trkpt lat="35.52021" lon="128.767327">
        <ele>21.7</ele>
      </trkpt>
      <trkpt lat="35.52003" lon="128.767417">
        <ele>21.2</ele>
      </trkpt>
      <trkpt lat="35.51986" lon="128.767597">
        <ele>21.2</ele>
      </trkpt>
      <trkpt lat="35.51952" lon="128.76808">
        <ele>22.0</ele>
      </trkpt>
      <trkpt lat="35.51918" lon="128.76855">
        <ele>22.5</ele>
      </trkpt>
      <trkpt lat="35.51906" lon="128.7687">
        <ele>22.2</ele>
      </trkpt>
      <trkpt lat="35.51857" lon="128.76907">
        <ele>21.9</ele>
      </trkpt>
      <trkpt lat="35.51841" lon="128.769128">
        <ele>22.0</ele>
      </trkpt>
      <trkpt lat="35.5177" lon="128.76929">
        <ele>22.0</ele>
      </trkpt>
      <trkpt lat="35.51699" lon="128.76944">
        <ele>22.0</ele>
      </trkpt>
      <trkpt lat="35.51629" lon="128.76959">
        <ele>22.2</ele>
      </trkpt>
      <trkpt lat="35.51558" lon="128.76974">
        <ele>22.4</ele>
      </trkpt>
      <trkpt lat="35.51523" lon="128.76979">
        <ele>22.0</ele>
      </trkpt>
      <trkpt lat="35.51443" lon="128.76974">
        <ele>22.1</ele>
      </trkpt>
      <trkpt lat="35.51428" lon="128.76969">
        <ele>22.3</ele>
      </trkpt>
      <trkpt lat="35.51418" lon="128.76963">
        <ele>22.4</ele>
      </trkpt>
      <trkpt lat="35.51402" lon="128.76942">
        <ele>22.8</ele>
      </trkpt>
      <trkpt lat="35.51377" lon="128.76873">
        <ele>23.5</ele>
      </trkpt>
      <trkpt lat="35.51352" lon="128.76803">
        <ele>24.6</ele>
      </trkpt>
      <trkpt lat="35.51345" lon="128.767417">
        <ele>28.1</ele>
      </trkpt>
      <trkpt lat="35.51343" lon="128.76713">
        <ele>29.8</ele>
      </trkpt>
      <trkpt lat="35.51337" lon="128.76659">
        <ele>33.0</ele>
      </trkpt>
      <trkpt lat="35.51326" lon="128.76611">
        <ele>34.6</ele>
      </trkpt>
      <trkpt lat="35.51309" lon="128.76567">
        <ele>34.7</ele>
      </trkpt>
      <trkpt lat="35.51285" lon="128.76512">
        <ele>34.1</ele>
      </trkpt>
      <trkpt lat="35.51264" lon="128.76454">
        <ele>35.4</ele>
      </trkpt>
      <trkpt lat="35.51238" lon="128.76387">
        <ele>36.5</ele>
      </trkpt>
      <trkpt lat="35.51216" lon="128.76289">
        <ele>39.8</ele>
      </trkpt>
      <trkpt lat="35.51194" lon="128.76191">
        <ele>42.5</ele>
      </trkpt>
      <trkpt lat="35.51172" lon="128.76094">
        <ele>45.7</ele>
      </trkpt>
      <trkpt lat="35.5115" lon="128.75996">
        <ele>49.0</ele>
      </trkpt>
      <trkpt lat="35.51128" lon="128.75898">
        <ele>54.1</ele>
      </trkpt>
      <trkpt lat="35.51109" lon="128.758479">
        <ele>57.8</ele>
      </trkpt>
      <trkpt lat="35.51081" lon="128.75797">
        <ele>62.6</ele>
      </trkpt>
      <trkpt lat="35.51062" lon="128.75771">
        <ele>65.0</ele>
      </trkpt>
      <trkpt lat="35.51041" lon="128.7575">
        <ele>66.5</ele>
      </trkpt>
      <trkpt lat="35.51" lon="128.75719">
        <ele>69.7</ele>
      </trkpt>
      <trkpt lat="35.50934" lon="128.756858">
        <ele>67.4</ele>
      </trkpt>
      <trkpt lat="35.50884" lon="128.75682">
        <ele>65.7</ele>
      </trkpt>
      <trkpt lat="35.50804" lon="128.75688">
        <ele>60.7</ele>
      </trkpt>
      <trkpt lat="35.507631" lon="128.756903">
        <ele>57.1</ele>
      </trkpt>
      <trkpt lat="35.507554" lon="128.75691">
        <ele>56.4</ele>
      </trkpt>
      <trkpt lat="35.50755" lon="128.75691">
        <ele>56.4</ele>
      </trkpt>
      <trkpt lat="35.50699" lon="128.756948">
        <ele>52.4</ele>
      </trkpt>
      <trkpt lat="35.50643" lon="128.75699">
        <ele>49.0</ele>
      </trkpt>
      <trkpt lat="35.50603" lon="128.75692">
        <ele>47.7</ele>
      </trkpt>
      <trkpt lat="35.50553" lon="128.75693">
        <ele>44.4</ele>
      </trkpt>
      <trkpt lat="35.5053" lon="128.7569">
        <ele>42.8</ele>
      </trkpt>
      <trkpt lat="35.50512" lon="128.756847">
        <ele>41.9</ele>
      </trkpt>
      <trkpt lat="35.50478" lon="128.75656">
        <ele>40.6</ele>
      </trkpt>
      <trkpt lat="35.50457" lon="128.75628">
        <ele>38.0</ele>
      </trkpt>
      <trkpt lat="35.50441" lon="128.75604">
        <ele>36.1</ele>
      </trkpt>
      <trkpt lat="35.50412" lon="128.75501">
        <ele>32.0</ele>
      </trkpt>
      <trkpt lat="35.50384" lon="128.75397">
        <ele>32.3</ele>
      </trkpt>
      <trkpt lat="35.5037" lon="128.753267">
        <ele>33.4</ele>
      </trkpt>
      <trkpt lat="35.50357" lon="128.75258">
        <ele>33.8</ele>
      </trkpt>
      <trkpt lat="35.50338" lon="128.75287">
        <ele>32.7</ele>
      </trkpt>
      <trkpt lat="35.50326" lon="128.752929">
        <ele>32.3</ele>
      </trkpt>
      <trkpt lat="35.50269" lon="128.75285">
        <ele>30.8</ele>
      </trkpt>
      <trkpt lat="35.50212" lon="128.75278">
        <ele>29.3</ele>
      </trkpt>
      <trkpt lat="35.50162" lon="128.75269">
        <ele>27.7</ele>
      </trkpt>
      <trkpt lat="35.50111" lon="128.75259">
        <ele>26.6</ele>
      </trkpt>
      <trkpt lat="35.50047" lon="128.75243">
        <ele>25.2</ele>
      </trkpt>
      <trkpt lat="35.50047" lon="128.75243">
        <ele>25.2</ele>
      </trkpt>
      <trkpt lat="35.49986" lon="128.75222">
        <ele>23.8</ele>
      </trkpt>
      <trkpt lat="35.49921" lon="128.75197">
        <ele>21.2</ele>
      </trkpt>
      <trkpt lat="35.49855" lon="128.75168">
        <ele>19.6</ele>
      </trkpt>
      <trkpt lat="35.49789" lon="128.751398">
        <ele>19.3</ele>
      </trkpt>
      <trkpt lat="35.49771" lon="128.75137">
        <ele>19.3</ele>
      </trkpt>
      <trkpt lat="35.49762" lon="128.75137">
        <ele>19.3</ele>
      </trkpt>
      <trkpt lat="35.49752" lon="128.751398">
        <ele>19.4</ele>
      </trkpt>
      <trkpt lat="35.49694" lon="128.75169">
        <ele>20.3</ele>
      </trkpt>
      <trkpt lat="35.49677" lon="128.75172">
        <ele>20.9</ele>
      </trkpt>
      <trkpt lat="35.49665" lon="128.75172">
        <ele>20.9</ele>
      </trkpt>
      <trkpt lat="35.49612" lon="128.75164">
        <ele>18.6</ele>
      </trkpt>
      <trkpt lat="35.49589" lon="128.7515">
        <ele>17.9</ele>
      </trkpt>
      <trkpt lat="35.49589" lon="128.75144">
        <ele>17.8</ele>
      </trkpt>
      <trkpt lat="35.49584" lon="128.75134">
        <ele>17.6</ele>
      </trkpt>
      <trkpt lat="35.4958" lon="128.75132">
        <ele>17.6</ele>
      </trkpt>
      <trkpt lat="35.4957" lon="128.75132">
        <ele>17.7</ele>
      </trkpt>
      <trkpt lat="35.49563" lon="128.751387">
        <ele>17.8</ele>
      </trkpt>
      <trkpt lat="35.49561" lon="128.7515">
        <ele>18.0</ele>
      </trkpt>
      <trkpt lat="35.49565" lon="128.7516">
        <ele>18.1</ele>
      </trkpt>
      <trkpt lat="35.49559" lon="128.75191">
        <ele>21.0</ele>
      </trkpt>
      <trkpt lat="35.49551" lon="128.75206">
        <ele>22.5</ele>
      </trkpt>
      <trkpt lat="35.49538" lon="128.75219">
        <ele>23.4</ele>
      </trkpt>
      <trkpt lat="35.49483" lon="128.75251">
        <ele>23.7</ele>
      </trkpt>
      <trkpt lat="35.49459" lon="128.75272">
        <ele>24.3</ele>
      </trkpt>
      <trkpt lat="35.49452" lon="128.7528">
        <ele>24.6</ele>
      </trkpt>
      <trkpt lat="35.49419" lon="128.75331">
        <ele>26.0</ele>
      </trkpt>
      <trkpt lat="35.49409" lon="128.75361">
        <ele>25.6</ele>
      </trkpt>
      <trkpt lat="35.49385" lon="128.753999">
        <ele>24.5</ele>
      </trkpt>
      <trkpt lat="35.49357" lon="128.753999">
        <ele>23.1</ele>
      </trkpt>
      <trkpt lat="35.493569" lon="128.753994">
        <ele>23.1</ele>
      </trkpt>
      <trkpt lat="35.49325" lon="128.753988">
        <ele>21.7</ele>
      </trkpt>
      <trkpt lat="35.493207" lon="128.753987">
        <ele>21.6</ele>
      </trkpt>
      <trkpt lat="35.49265" lon="128.75397">
        <ele>19.9</ele>
      </trkpt>
      <trkpt lat="35.49197" lon="128.75396">
        <ele>17.9</ele>
      </trkpt>
      <trkpt lat="35.49128" lon="128.75396">
        <ele>17.1</ele>
      </trkpt>
      <trkpt lat="35.49049" lon="128.753988">
        <ele>16.3</ele>
      </trkpt>
      <trkpt lat="35.48971" lon="128.75401">
        <ele>15.5</ele>
      </trkpt>
      <trkpt lat="35.48914" lon="128.75404">
        <ele>15.0</ele>
      </trkpt>
      <trkpt lat="35.48895" lon="128.7541">
        <ele>14.7</ele>
      </trkpt>
      <trkpt lat="35.4888" lon="128.754179">
        <ele>14.5</ele>
      </trkpt>
      <trkpt lat="35.48808" lon="128.75477">
        <ele>14.0</ele>
      </trkpt>
      <trkpt lat="35.48736" lon="128.75536">
        <ele>13.7</ele>
      </trkpt>
      <trkpt lat="35.48678" lon="128.75586">
        <ele>13.9</ele>
      </trkpt>
      <trkpt lat="35.48619" lon="128.75635">
        <ele>13.6</ele>
      </trkpt>
      <trkpt lat="35.48561" lon="128.756847">
        <ele>13.5</ele>
      </trkpt>
      <trkpt lat="35.48502" lon="128.75736">
        <ele>13.9</ele>
      </trkpt>
      <trkpt lat="35.48444" lon="128.75787">
        <ele>14.4</ele>
      </trkpt>
      <trkpt lat="35.48385" lon="128.758378">
        <ele>14.1</ele>
      </trkpt>
      <trkpt lat="35.48327" lon="128.75889">
        <ele>13.3</ele>
      </trkpt>
      <trkpt lat="35.48278" lon="128.75942">
        <ele>13.4</ele>
      </trkpt>
      <trkpt lat="35.48219" lon="128.76016">
        <ele>13.6</ele>
      </trkpt>
      <trkpt lat="35.48159" lon="128.760899">
        <ele>13.7</ele>
      </trkpt>
      <trkpt lat="35.48099" lon="128.76164">
        <ele>13.9</ele>
      </trkpt>
      <trkpt lat="35.48081" lon="128.76175">
        <ele>14.0</ele>
      </trkpt>
      <trkpt lat="35.48064" lon="128.76174">
        <ele>14.0</ele>
      </trkpt>
      <trkpt lat="35.48013" lon="128.76165">
        <ele>13.9</ele>
      </trkpt>
      <trkpt lat="35.47968" lon="128.76158">
        <ele>13.6</ele>
      </trkpt>
      <trkpt lat="35.47922" lon="128.7615">
        <ele>13.3</ele>
      </trkpt>
      <trkpt lat="35.47843" lon="128.761429">
        <ele>11.3</ele>
      </trkpt>
      <trkpt lat="35.47757" lon="128.76145">
        <ele>10.7</ele>
      </trkpt>
      <trkpt lat="35.47688" lon="128.76149">
        <ele>9.8</ele>
      </trkpt>
      <trkpt lat="35.47651" lon="128.76153">
        <ele>9.4</ele>
      </trkpt>
      <trkpt lat="35.47608" lon="128.76162">
        <ele>9.2</ele>
      </trkpt>
      <trkpt lat="35.47534" lon="128.76182">
        <ele>9.9</ele>
      </trkpt>
      <trkpt lat="35.47508" lon="128.76193">
        <ele>10.3</ele>
      </trkpt>
      <trkpt lat="35.47475" lon="128.76212">
        <ele>9.9</ele>
      </trkpt>
      <trkpt lat="35.47453" lon="128.76227">
        <ele>9.9</ele>
      </trkpt>
      <trkpt lat="35.47414" lon="128.762588">
        <ele>11.2</ele>
      </trkpt>
      <trkpt lat="35.47385" lon="128.76291">
        <ele>11.8</ele>
      </trkpt>
      <trkpt lat="35.47361" lon="128.7632">
        <ele>12.1</ele>
      </trkpt>
      <trkpt lat="35.47342" lon="128.76353">
        <ele>12.3</ele>
      </trkpt>
      <trkpt lat="35.47314" lon="128.76415">
        <ele>12.3</ele>
      </trkpt>
      <trkpt lat="35.473105" lon="128.764254">
        <ele>12.4</ele>
      </trkpt>
      <trkpt lat="35.473105" lon="128.764254">
        <ele>12.4</ele>
      </trkpt>
      <trkpt lat="35.472707" lon="128.765295">
        <ele>14.7</ele>
      </trkpt>
      <trkpt lat="35.472707" lon="128.765295">
        <ele>14.7</ele>
      </trkpt>
      <trkpt lat="35.471955" lon="128.764648">
        <ele>14.1</ele>
      </trkpt>
      <trkpt lat="35.471203" lon="128.764004">
        <ele>13.5</ele>
      </trkpt>
      <trkpt lat="35.470451" lon="128.763359">
        <ele>12.9</ele>
      </trkpt>
      <trkpt lat="35.470212" lon="128.763151">
        <ele>11.9</ele>
      </trkpt>
      <trkpt lat="35.47022" lon="128.76315">
        <ele>11.9</ele>
      </trkpt>
      <trkpt lat="35.46974" lon="128.76272">
        <ele>10.1</ele>
      </trkpt>
      <trkpt lat="35.46971" lon="128.762689">
        <ele>7.2</ele>
      </trkpt>
      <trkpt lat="35.469838" lon="128.762532">
        <ele>6.6</ele>
      </trkpt>
      <trkpt lat="35.469792" lon="128.762689">
        <ele>6.8</ele>
      </trkpt>
      <trkpt lat="35.469697" lon="128.762843">
        <ele>7.0</ele>
      </trkpt>
      <trkpt lat="35.469638" lon="128.76289">
        <ele>7.6</ele>
      </trkpt>
      <trkpt lat="35.46958" lon="128.762939">
        <ele>7.8</ele>
      </trkpt>
      <trkpt lat="35.46958" lon="128.762939">
        <ele>7.8</ele>
      </trkpt>
      <trkpt lat="35.46963" lon="128.763039">
        <ele>7.7</ele>
      </trkpt>
      <trkpt lat="35.46963" lon="128.763038">
        <ele>7.7</ele>
      </trkpt>
      <trkpt lat="35.46963" lon="128.763038">
        <ele>7.7</ele>
      </trkpt>
      <trkpt lat="35.46923" lon="128.763928">
        <ele>6.7</ele>
      </trkpt>
      <trkpt lat="35.46882" lon="128.76481">
        <ele>5.8</ele>
      </trkpt>
      <trkpt lat="35.46842" lon="128.7657">
        <ele>7.6</ele>
      </trkpt>
      <trkpt lat="35.46802" lon="128.76659">
        <ele>7.1</ele>
      </trkpt>
      <trkpt lat="35.46761" lon="128.76748">
        <ele>8.7</ele>
      </trkpt>
      <trkpt lat="35.46721" lon="128.76837">
        <ele>7.0</ele>
      </trkpt>
      <trkpt lat="35.46687" lon="128.76914">
        <ele>8.3</ele>
      </trkpt>
      <trkpt lat="35.46653" lon="128.76991">
        <ele>7.4</ele>
      </trkpt>
      <trkpt lat="35.46619" lon="128.77068">
        <ele>7.1</ele>
      </trkpt>
      <trkpt lat="35.46602" lon="128.770998">
        <ele>7.0</ele>
      </trkpt>
      <trkpt lat="35.46546" lon="128.77166">
        <ele>7.9</ele>
      </trkpt>
      <trkpt lat="35.46478" lon="128.77234">
        <ele>7.5</ele>
      </trkpt>
      <trkpt lat="35.46409" lon="128.77302">
        <ele>7.4</ele>
      </trkpt>
      <trkpt lat="35.46341" lon="128.773699">
        <ele>7.1</ele>
      </trkpt>
      <trkpt lat="35.46273" lon="128.77438">
        <ele>7.2</ele>
      </trkpt>
      <trkpt lat="35.46204" lon="128.77507">
        <ele>6.9</ele>
      </trkpt>
      <trkpt lat="35.46136" lon="128.775748">
        <ele>6.4</ele>
      </trkpt>
      <trkpt lat="35.46068" lon="128.77643">
        <ele>6.6</ele>
      </trkpt>
      <trkpt lat="35.46" lon="128.77708">
        <ele>8.0</ele>
      </trkpt>
      <trkpt lat="35.45933" lon="128.777718">
        <ele>7.7</ele>
      </trkpt>
      <trkpt lat="35.45875" lon="128.7783">
        <ele>6.5</ele>
      </trkpt>
      <trkpt lat="35.45816" lon="128.77887">
        <ele>6.1</ele>
      </trkpt>
      <trkpt lat="35.45741" lon="128.77931">
        <ele>6.9</ele>
      </trkpt>
      <trkpt lat="35.45682" lon="128.779519">
        <ele>6.5</ele>
      </trkpt>
      <trkpt lat="35.45631" lon="128.77963">
        <ele>5.9</ele>
      </trkpt>
      <trkpt lat="35.45573" lon="128.77964">
        <ele>5.2</ele>
      </trkpt>
      <trkpt lat="35.45506" lon="128.77953">
        <ele>6.9</ele>
      </trkpt>
      <trkpt lat="35.4543" lon="128.77921">
        <ele>7.0</ele>
      </trkpt>
      <trkpt lat="35.45355" lon="128.778888">
        <ele>7.1</ele>
      </trkpt>
      <trkpt lat="35.4528" lon="128.77857">
        <ele>7.1</ele>
      </trkpt>
      <trkpt lat="35.45205" lon="128.77824">
        <ele>7.8</ele>
      </trkpt>
      <trkpt lat="35.4513" lon="128.77792">
        <ele>8.1</ele>
      </trkpt>
      <trkpt lat="35.45055" lon="128.7776">
        <ele>7.5</ele>
      </trkpt>
      <trkpt lat="35.44991" lon="128.77732">
        <ele>6.8</ele>
      </trkpt>
      <trkpt lat="35.44926" lon="128.77705">
        <ele>6.5</ele>
      </trkpt>
      <trkpt lat="35.44883" lon="128.77703">
        <ele>6.7</ele>
      </trkpt>
      <trkpt lat="35.4483" lon="128.77705">
        <ele>7.0</ele>
      </trkpt>
      <trkpt lat="35.448203" lon="128.777069">
        <ele>6.9</ele>
      </trkpt>
      <trkpt lat="35.4482" lon="128.77707">
        <ele>6.9</ele>
      </trkpt>
      <trkpt lat="35.4482" lon="128.77707">
        <ele>6.9</ele>
      </trkpt>
      <trkpt lat="35.44794" lon="128.77714">
        <ele>6.7</ele>
      </trkpt>
      <trkpt lat="35.44726" lon="128.77741">
        <ele>6.3</ele>
      </trkpt>
      <trkpt lat="35.44651" lon="128.77775">
        <ele>6.6</ele>
      </trkpt>
      <trkpt lat="35.44577" lon="128.778089">
        <ele>6.0</ele>
      </trkpt>
      <trkpt lat="35.44503" lon="128.778428">
        <ele>6.0</ele>
      </trkpt>
      <trkpt lat="35.44429" lon="128.77877">
        <ele>7.7</ele>
      </trkpt>
      <trkpt lat="35.44355" lon="128.77911">
        <ele>7.5</ele>
      </trkpt>
      <trkpt lat="35.44281" lon="128.77945">
        <ele>5.8</ele>
      </trkpt>
      <trkpt lat="35.44226" lon="128.77974">
        <ele>5.4</ele>
      </trkpt>
      <trkpt lat="35.44171" lon="128.78003">
        <ele>5.9</ele>
      </trkpt>
      <trkpt lat="35.44108" lon="128.78044">
        <ele>4.6</ele>
      </trkpt>
      <trkpt lat="35.44044" lon="128.780848">
        <ele>5.0</ele>
      </trkpt>
      <trkpt lat="35.44002" lon="128.78118">
        <ele>6.0</ele>
      </trkpt>
      <trkpt lat="35.43961" lon="128.78152">
        <ele>5.9</ele>
      </trkpt>
      <trkpt lat="35.43925" lon="128.781939">
        <ele>6.3</ele>
      </trkpt>
      <trkpt lat="35.43888" lon="128.782368">
        <ele>6.3</ele>
      </trkpt>
      <trkpt lat="35.43841" lon="128.783189">
        <ele>5.8</ele>
      </trkpt>
      <trkpt lat="35.4382" lon="128.78338">
        <ele>5.7</ele>
      </trkpt>
      <trkpt lat="35.437997" lon="128.783549">
        <ele>5.3</ele>
      </trkpt>
      <trkpt lat="35.43755" lon="128.78432">
        <ele>6.2</ele>
      </trkpt>
      <trkpt lat="35.43705" lon="128.7851">
        <ele>5.0</ele>
      </trkpt>
      <trkpt lat="35.43655" lon="128.78589">
        <ele>4.2</ele>
      </trkpt>
      <trkpt lat="35.4362" lon="128.786408">
        <ele>5.6</ele>
      </trkpt>
      <trkpt lat="35.43584" lon="128.78693">
        <ele>7.0</ele>
      </trkpt>
      <trkpt lat="35.43544" lon="128.78743">
        <ele>6.1</ele>
      </trkpt>
      <trkpt lat="35.43498" lon="128.78789">
        <ele>5.0</ele>
      </trkpt>
      <trkpt lat="35.43453" lon="128.78836">
        <ele>6.1</ele>
      </trkpt>
      <trkpt lat="35.43404" lon="128.78879">
        <ele>6.5</ele>
      </trkpt>
      <trkpt lat="35.43354" lon="128.78923">
        <ele>6.8</ele>
      </trkpt>
      <trkpt lat="35.43305" lon="128.78966">
        <ele>6.5</ele>
      </trkpt>
      <trkpt lat="35.43254" lon="128.790068">
        <ele>6.0</ele>
      </trkpt>
      <trkpt lat="35.43205" lon="128.79037">
        <ele>5.7</ele>
      </trkpt>
      <trkpt lat="35.43172" lon="128.78961">
        <ele>5.0</ele>
      </trkpt>
      <trkpt lat="35.43139" lon="128.78885">
        <ele>5.1</ele>
      </trkpt>
      <trkpt lat="35.43107" lon="128.78809">
        <ele>5.2</ele>
      </trkpt>
      <trkpt lat="35.43069" lon="128.78719">
        <ele>3.9</ele>
      </trkpt>
      <trkpt lat="35.43031" lon="128.7863">
        <ele>3.3</ele>
      </trkpt>
      <trkpt lat="35.42993" lon="128.7854">
        <ele>2.4</ele>
      </trkpt>
      <trkpt lat="35.42987" lon="128.785159">
        <ele>2.6</ele>
      </trkpt>
      <trkpt lat="35.42973" lon="128.7841">
        <ele>1.8</ele>
      </trkpt>
      <trkpt lat="35.42959" lon="128.78303">
        <ele>2.7</ele>
      </trkpt>
      <trkpt lat="35.42946" lon="128.78196">
        <ele>3.0</ele>
      </trkpt>
      <trkpt lat="35.42932" lon="128.7809">
        <ele>3.8</ele>
      </trkpt>
      <trkpt lat="35.42918" lon="128.77983">
        <ele>3.8</ele>
      </trkpt>
      <trkpt lat="35.42904" lon="128.77876">
        <ele>2.6</ele>
      </trkpt>
      <trkpt lat="35.4289" lon="128.7777">
        <ele>3.4</ele>
      </trkpt>
      <trkpt lat="35.42877" lon="128.77663">
        <ele>3.5</ele>
      </trkpt>
      <trkpt lat="35.42863" lon="128.775568">
        <ele>3.7</ele>
      </trkpt>
      <trkpt lat="35.42863" lon="128.775568">
        <ele>3.7</ele>
      </trkpt>
      <trkpt lat="35.42851" lon="128.77462">
        <ele>3.5</ele>
      </trkpt>
      <trkpt lat="35.42838" lon="128.77367">
        <ele>4.0</ele>
      </trkpt>
      <trkpt lat="35.42826" lon="128.772719">
        <ele>3.9</ele>
      </trkpt>
      <trkpt lat="35.42814" lon="128.77177">
        <ele>3.8</ele>
      </trkpt>
      <trkpt lat="35.42802" lon="128.770828">
        <ele>3.8</ele>
      </trkpt>
      <trkpt lat="35.42801" lon="128.7708">
        <ele>3.8</ele>
      </trkpt>
      <trkpt lat="35.42793" lon="128.77054">
        <ele>3.8</ele>
      </trkpt>
      <trkpt lat="35.42791" lon="128.770468">
        <ele>3.8</ele>
      </trkpt>
      <trkpt lat="35.42781" lon="128.76968">
        <ele>3.8</ele>
      </trkpt>
      <trkpt lat="35.42771" lon="128.76888">
        <ele>4.5</ele>
      </trkpt>
      <trkpt lat="35.42766" lon="128.76853">
        <ele>4.8</ele>
      </trkpt>
      <trkpt lat="35.42754" lon="128.76762">
        <ele>5.7</ele>
      </trkpt>
      <trkpt lat="35.42733" lon="128.76675">
        <ele>9.3</ele>
      </trkpt>
      <trkpt lat="35.42724" lon="128.7665">
        <ele>10.0</ele>
      </trkpt>
      <trkpt lat="35.42719" lon="128.76641">
        <ele>10.3</ele>
      </trkpt>
      <trkpt lat="35.42712" lon="128.76632">
        <ele>10.6</ele>
      </trkpt>
      <trkpt lat="35.42705" lon="128.76621">
        <ele>11.0</ele>
      </trkpt>
      <trkpt lat="35.42674" lon="128.76658">
        <ele>12.4</ele>
      </trkpt>
      <trkpt lat="35.426744" lon="128.766584">
        <ele>12.4</ele>
      </trkpt>
      <trkpt lat="35.42669" lon="128.76665">
        <ele>12.1</ele>
      </trkpt>
      <trkpt lat="35.42633" lon="128.76709">
        <ele>16.0</ele>
      </trkpt>
      <trkpt lat="35.4257" lon="128.76781">
        <ele>19.2</ele>
      </trkpt>
      <trkpt lat="35.42525" lon="128.76819">
        <ele>23.0</ele>
      </trkpt>
      <trkpt lat="35.42479" lon="128.768577">
        <ele>23.1</ele>
      </trkpt>
      <trkpt lat="35.42424" lon="128.76898">
        <ele>20.9</ele>
      </trkpt>
      <trkpt lat="35.42369" lon="128.76937">
        <ele>14.4</ele>
      </trkpt>
      <trkpt lat="35.42309" lon="128.770119">
        <ele>9.4</ele>
      </trkpt>
      <trkpt lat="35.42267" lon="128.77087">
        <ele>9.8</ele>
      </trkpt>
      <trkpt lat="35.42225" lon="128.77162">
        <ele>13.6</ele>
      </trkpt>
      <trkpt lat="35.42182" lon="128.77237">
        <ele>18.8</ele>
      </trkpt>
      <trkpt lat="35.4214" lon="128.77313">
        <ele>19.8</ele>
      </trkpt>
      <trkpt lat="35.42094" lon="128.77389">
        <ele>19.1</ele>
      </trkpt>
      <trkpt lat="35.42035" lon="128.774498">
        <ele>22.7</ele>
      </trkpt>
      <trkpt lat="35.41977" lon="128.7751">
        <ele>20.9</ele>
      </trkpt>
      <trkpt lat="35.41918" lon="128.7757">
        <ele>22.8</ele>
      </trkpt>
      <trkpt lat="35.4186" lon="128.776299">
        <ele>25.0</ele>
      </trkpt>
      <trkpt lat="35.41836" lon="128.77649">
        <ele>25.0</ele>
      </trkpt>
      <trkpt lat="35.41808" lon="128.77663">
        <ele>20.9</ele>
      </trkpt>
      <trkpt lat="35.41761" lon="128.77671">
        <ele>17.8</ele>
      </trkpt>
      <trkpt lat="35.41706" lon="128.77677">
        <ele>20.2</ele>
      </trkpt>
      <trkpt lat="35.41672" lon="128.77677">
        <ele>23.0</ele>
      </trkpt>
      <trkpt lat="35.41643" lon="128.77671">
        <ele>25.1</ele>
      </trkpt>
      <trkpt lat="35.41595" lon="128.77649">
        <ele>31.8</ele>
      </trkpt>
      <trkpt lat="35.41547" lon="128.77627">
        <ele>32.6</ele>
      </trkpt>
      <trkpt lat="35.41481" lon="128.775928">
        <ele>31.7</ele>
      </trkpt>
      <trkpt lat="35.4144" lon="128.775658">
        <ele>34.2</ele>
      </trkpt>
      <trkpt lat="35.41429" lon="128.7756">
        <ele>34.4</ele>
      </trkpt>
      <trkpt lat="35.414291" lon="128.775596">
        <ele>34.5</ele>
      </trkpt>
      <trkpt lat="35.41392" lon="128.775387">
        <ele>35.0</ele>
      </trkpt>
      <trkpt lat="35.41322" lon="128.775">
        <ele>33.9</ele>
      </trkpt>
      <trkpt lat="35.41305" lon="128.77482">
        <ele>35.7</ele>
      </trkpt>
      <trkpt lat="35.41282" lon="128.774487">
        <ele>36.7</ele>
      </trkpt>
      <trkpt lat="35.41263" lon="128.77409">
        <ele>35.4</ele>
      </trkpt>
      <trkpt lat="35.41252" lon="128.77349">
        <ele>33.4</ele>
      </trkpt>
      <trkpt lat="35.41255" lon="128.772877">
        <ele>33.3</ele>
      </trkpt>
      <trkpt lat="35.41257" lon="128.772258">
        <ele>33.0</ele>
      </trkpt>
      <trkpt lat="35.41242" lon="128.7713">
        <ele>37.7</ele>
      </trkpt>
      <trkpt lat="35.41218" lon="128.770727">
        <ele>39.1</ele>
      </trkpt>
      <trkpt lat="35.41194" lon="128.77015">
        <ele>34.8</ele>
      </trkpt>
      <trkpt lat="35.41151" lon="128.76926">
        <ele>41.5</ele>
      </trkpt>
      <trkpt lat="35.41107" lon="128.76837">
        <ele>62.4</ele>
      </trkpt>
      <trkpt lat="35.41098" lon="128.76791">
        <ele>65.9</ele>
      </trkpt>
      <trkpt lat="35.41098" lon="128.767147">
        <ele>65.4</ele>
      </trkpt>
      <trkpt lat="35.41109" lon="128.76665">
        <ele>62.1</ele>
      </trkpt>
      <trkpt lat="35.41112" lon="128.76577">
        <ele>53.4</ele>
      </trkpt>
      <trkpt lat="35.41115" lon="128.76488">
        <ele>48.7</ele>
      </trkpt>
      <trkpt lat="35.41119" lon="128.764">
        <ele>47.2</ele>
      </trkpt>
      <trkpt lat="35.41119" lon="128.763387">
        <ele>45.8</ele>
      </trkpt>
      <trkpt lat="35.41119" lon="128.762779">
        <ele>48.8</ele>
      </trkpt>
      <trkpt lat="35.41127" lon="128.761958">
        <ele>54.5</ele>
      </trkpt>
      <trkpt lat="35.41144" lon="128.76114">
        <ele>56.9</ele>
      </trkpt>
      <trkpt lat="35.41146" lon="128.760719">
        <ele>56.1</ele>
      </trkpt>
      <trkpt lat="35.41136" lon="128.75996">
        <ele>57.5</ele>
      </trkpt>
      <trkpt lat="35.41126" lon="128.75921">
        <ele>66.9</ele>
      </trkpt>
      <trkpt lat="35.41128" lon="128.75897">
        <ele>69.7</ele>
      </trkpt>
      <trkpt lat="35.41164" lon="128.75801">
        <ele>73.8</ele>
      </trkpt>
      <trkpt lat="35.41183" lon="128.75759">
        <ele>76.4</ele>
      </trkpt>
      <trkpt lat="35.41191" lon="128.75718">
        <ele>70.8</ele>
      </trkpt>
      <trkpt lat="35.41161" lon="128.756498">
        <ele>62.5</ele>
      </trkpt>
      <trkpt lat="35.41119" lon="128.755687">
        <ele>52.3</ele>
      </trkpt>
      <trkpt lat="35.41095" lon="128.755057">
        <ele>44.7</ele>
      </trkpt>
      <trkpt lat="35.41071" lon="128.754438">
        <ele>42.5</ele>
      </trkpt>
      <trkpt lat="35.41042" lon="128.753548">
        <ele>43.0</ele>
      </trkpt>
      <trkpt lat="35.41032" lon="128.75271">
        <ele>38.8</ele>
      </trkpt>
      <trkpt lat="35.4104" lon="128.7526">
        <ele>36.9</ele>
      </trkpt>
      <trkpt lat="35.41066" lon="128.75192">
        <ele>30.3</ele>
      </trkpt>
      <trkpt lat="35.41072" lon="128.75154">
        <ele>28.4</ele>
      </trkpt>
      <trkpt lat="35.41068" lon="128.7509">
        <ele>26.6</ele>
      </trkpt>
      <trkpt lat="35.41069" lon="128.75008">
        <ele>25.4</ele>
      </trkpt>
      <trkpt lat="35.41088" lon="128.749169">
        <ele>26.1</ele>
      </trkpt>
      <trkpt lat="35.41125" lon="128.748449">
        <ele>28.5</ele>
      </trkpt>
      <trkpt lat="35.41175" lon="128.74802">
        <ele>29.6</ele>
      </trkpt>
      <trkpt lat="35.41193" lon="128.747458">
        <ele>25.3</ele>
      </trkpt>
      <trkpt lat="35.41206" lon="128.74649">
        <ele>24.7</ele>
      </trkpt>
      <trkpt lat="35.41231" lon="128.745477">
        <ele>24.9</ele>
      </trkpt>
      <trkpt lat="35.41225" lon="128.745207">
        <ele>24.5</ele>
      </trkpt>
      <trkpt lat="35.41224" lon="128.74489">
        <ele>24.1</ele>
      </trkpt>
      <trkpt lat="35.4123" lon="128.74389">
        <ele>23.1</ele>
      </trkpt>
      <trkpt lat="35.41236" lon="128.74288">
        <ele>24.1</ele>
      </trkpt>
      <trkpt lat="35.41241" lon="128.74188">
        <ele>24.1</ele>
      </trkpt>
      <trkpt lat="35.41247" lon="128.74087">
        <ele>25.0</ele>
      </trkpt>
      <trkpt lat="35.41257" lon="128.74062">
        <ele>25.4</ele>
      </trkpt>
      <trkpt lat="35.41283" lon="128.74016">
        <ele>26.0</ele>
      </trkpt>
      <trkpt lat="35.41309" lon="128.73969">
        <ele>26.7</ele>
      </trkpt>
      <trkpt lat="35.41225" lon="128.7398">
        <ele>26.3</ele>
      </trkpt>
      <trkpt lat="35.41159" lon="128.73991">
        <ele>25.4</ele>
      </trkpt>
      <trkpt lat="35.41112" lon="128.73996">
        <ele>24.8</ele>
      </trkpt>
      <trkpt lat="35.41079" lon="128.740029">
        <ele>23.9</ele>
      </trkpt>
      <trkpt lat="35.41038" lon="128.74026">
        <ele>22.6</ele>
      </trkpt>
      <trkpt lat="35.41019" lon="128.73997">
        <ele>22.6</ele>
      </trkpt>
      <trkpt lat="35.40989" lon="128.74019">
        <ele>21.4</ele>
      </trkpt>
      <trkpt lat="35.4097" lon="128.74019">
        <ele>20.7</ele>
      </trkpt>
      <trkpt lat="35.40889" lon="128.74001">
        <ele>19.0</ele>
      </trkpt>
      <trkpt lat="35.40807" lon="128.739837">
        <ele>24.9</ele>
      </trkpt>
      <trkpt lat="35.40824" lon="128.73933">
        <ele>24.6</ele>
      </trkpt>
      <trkpt lat="35.40848" lon="128.73898">
        <ele>23.9</ele>
      </trkpt>
      <trkpt lat="35.40914" lon="128.738317">
        <ele>21.2</ele>
      </trkpt>
      <trkpt lat="35.40923" lon="128.73812">
        <ele>21.9</ele>
      </trkpt>
      <trkpt lat="35.40942" lon="128.73731">
        <ele>24.3</ele>
      </trkpt>
      <trkpt lat="35.40961" lon="128.73651">
        <ele>25.8</ele>
      </trkpt>
      <trkpt lat="35.40964" lon="128.7362">
        <ele>26.6</ele>
      </trkpt>
      <trkpt lat="35.40957" lon="128.73512">
        <ele>26.5</ele>
      </trkpt>
      <trkpt lat="35.40994" lon="128.73432">
        <ele>30.4</ele>
      </trkpt>
      <trkpt lat="35.41018" lon="128.73362">
        <ele>36.0</ele>
      </trkpt>
      <trkpt lat="35.41042" lon="128.73292">
        <ele>37.4</ele>
      </trkpt>
      <trkpt lat="35.4105" lon="128.73222">
        <ele>32.5</ele>
      </trkpt>
      <trkpt lat="35.41058" lon="128.731507">
        <ele>31.7</ele>
      </trkpt>
      <trkpt lat="35.41064" lon="128.73088">
        <ele>32.6</ele>
      </trkpt>
      <trkpt lat="35.41069" lon="128.73025">
        <ele>32.4</ele>
      </trkpt>
      <trkpt lat="35.41071" lon="128.72915">
        <ele>30.9</ele>
      </trkpt>
      <trkpt lat="35.41069" lon="128.728197">
        <ele>33.8</ele>
      </trkpt>
      <trkpt lat="35.41067" lon="128.72725">
        <ele>34.8</ele>
      </trkpt>
      <trkpt lat="35.41065" lon="128.72631">
        <ele>34.9</ele>
      </trkpt>
      <trkpt lat="35.4107" lon="128.72528">
        <ele>34.7</ele>
      </trkpt>
      <trkpt lat="35.41076" lon="128.72425">
        <ele>36.7</ele>
      </trkpt>
      <trkpt lat="35.41079" lon="128.723199">
        <ele>35.6</ele>
      </trkpt>
      <trkpt lat="35.41082" lon="128.72216">
        <ele>38.8</ele>
      </trkpt>
      <trkpt lat="35.41084" lon="128.72111">
        <ele>42.7</ele>
      </trkpt>
      <trkpt lat="35.41087" lon="128.720058">
        <ele>46.9</ele>
      </trkpt>
      <trkpt lat="35.4109" lon="128.71902">
        <ele>49.4</ele>
      </trkpt>
      <trkpt lat="35.41089" lon="128.71868">
        <ele>49.5</ele>
      </trkpt>
      <trkpt lat="35.41092" lon="128.71786">
        <ele>51.5</ele>
      </trkpt>
      <trkpt lat="35.41096" lon="128.71704">
        <ele>54.2</ele>
      </trkpt>
      <trkpt lat="35.41099" lon="128.71622">
        <ele>57.7</ele>
      </trkpt>
      <trkpt lat="35.41104" lon="128.715949">
        <ele>59.4</ele>
      </trkpt>
      <trkpt lat="35.41124" lon="128.715398">
        <ele>62.3</ele>
      </trkpt>
      <trkpt lat="35.41144" lon="128.71485">
        <ele>64.5</ele>
      </trkpt>
      <trkpt lat="35.41169" lon="128.71435">
        <ele>66.7</ele>
      </trkpt>
      <trkpt lat="35.41194" lon="128.71385">
        <ele>68.1</ele>
      </trkpt>
      <trkpt lat="35.41215" lon="128.71368">
        <ele>69.1</ele>
      </trkpt>
      <trkpt lat="35.41262" lon="128.713428">
        <ele>72.3</ele>
      </trkpt>
      <trkpt lat="35.41304" lon="128.71311">
        <ele>76.2</ele>
      </trkpt>
      <trkpt lat="35.41348" lon="128.71225">
        <ele>77.5</ele>
      </trkpt>
      <trkpt lat="35.41392" lon="128.711379">
        <ele>78.5</ele>
      </trkpt>
      <trkpt lat="35.41397" lon="128.71103">
        <ele>77.1</ele>
      </trkpt>
      <trkpt lat="35.41403" lon="128.71034">
        <ele>75.3</ele>
      </trkpt>
      <trkpt lat="35.41416" lon="128.70997">
        <ele>75.0</ele>
      </trkpt>
      <trkpt lat="35.41472" lon="128.70933">
        <ele>78.2</ele>
      </trkpt>
      <trkpt lat="35.41509" lon="128.70858">
        <ele>82.1</ele>
      </trkpt>
      <trkpt lat="35.41547" lon="128.70784">
        <ele>89.5</ele>
      </trkpt>
      <trkpt lat="35.41565" lon="128.70718">
        <ele>92.2</ele>
      </trkpt>
      <trkpt lat="35.41592" lon="128.70631">
        <ele>90.8</ele>
      </trkpt>
      <trkpt lat="35.41596" lon="128.705919">
        <ele>88.8</ele>
      </trkpt>
      <trkpt lat="35.41613" lon="128.705289">
        <ele>85.2</ele>
      </trkpt>
      <trkpt lat="35.4163" lon="128.704658">
        <ele>81.5</ele>
      </trkpt>
      <trkpt lat="35.4163" lon="128.70415">
        <ele>78.5</ele>
      </trkpt>
      <trkpt lat="35.41636" lon="128.70351">
        <ele>77.2</ele>
      </trkpt>
      <trkpt lat="35.41624" lon="128.70336">
        <ele>76.0</ele>
      </trkpt>
      <trkpt lat="35.41598" lon="128.70318">
        <ele>73.2</ele>
      </trkpt>
      <trkpt lat="35.41576" lon="128.70307">
        <ele>71.8</ele>
      </trkpt>
      <trkpt lat="35.41565" lon="128.70292">
        <ele>71.1</ele>
      </trkpt>
      <trkpt lat="35.41543" lon="128.70244">
        <ele>66.3</ele>
      </trkpt>
      <trkpt lat="35.41521" lon="128.70195">
        <ele>63.1</ele>
      </trkpt>
      <trkpt lat="35.41502" lon="128.70174">
        <ele>60.6</ele>
      </trkpt>
      <trkpt lat="35.41482" lon="128.70142">
        <ele>61.7</ele>
      </trkpt>
      <trkpt lat="35.41472" lon="128.70113">
        <ele>61.1</ele>
      </trkpt>
      <trkpt lat="35.41469" lon="128.70078">
        <ele>59.4</ele>
      </trkpt>
      <trkpt lat="35.41471" lon="128.69994">
        <ele>60.3</ele>
      </trkpt>
      <trkpt lat="35.41466" lon="128.69961">
        <ele>61.5</ele>
      </trkpt>
      <trkpt lat="35.41445" lon="128.69923">
        <ele>62.8</ele>
      </trkpt>
      <trkpt lat="35.41409" lon="128.69871">
        <ele>69.6</ele>
      </trkpt>
      <trkpt lat="35.41386" lon="128.698467">
        <ele>71.3</ele>
      </trkpt>
      <trkpt lat="35.4134" lon="128.69809">
        <ele>72.0</ele>
      </trkpt>
      <trkpt lat="35.41285" lon="128.69789">
        <ele>70.6</ele>
      </trkpt>
      <trkpt lat="35.41216" lon="128.69778">
        <ele>65.4</ele>
      </trkpt>
      <trkpt lat="35.41146" lon="128.697679">
        <ele>56.0</ele>
      </trkpt>
      <trkpt lat="35.4106" lon="128.69764">
        <ele>42.6</ele>
      </trkpt>
      <trkpt lat="35.41038" lon="128.69757">
        <ele>40.2</ele>
      </trkpt>
      <trkpt lat="35.41017" lon="128.69742">
        <ele>38.0</ele>
      </trkpt>
      <trkpt lat="35.4097" lon="128.69684">
        <ele>36.8</ele>
      </trkpt>
      <trkpt lat="35.40937" lon="128.696677">
        <ele>35.2</ele>
      </trkpt>
      <trkpt lat="35.40873" lon="128.69658">
        <ele>32.2</ele>
      </trkpt>
      <trkpt lat="35.40838" lon="128.6962">
        <ele>30.5</ele>
      </trkpt>
      <trkpt lat="35.408152" lon="128.695952">
        <ele>29.9</ele>
      </trkpt>
      <trkpt lat="35.407912" lon="128.695683">
        <ele>29.4</ele>
      </trkpt>
      <trkpt lat="35.407912" lon="128.695683">
        <ele>29.4</ele>
      </trkpt>
      <trkpt lat="35.40882" lon="128.694876">
        <ele>30.1</ele>
      </trkpt>
      <trkpt lat="35.409728" lon="128.694075">
        <ele>29.2</ele>
      </trkpt>
      <trkpt lat="35.410636" lon="128.69327">
        <ele>31.4</ele>
      </trkpt>
      <trkpt lat="35.411544" lon="128.692466">
        <ele>29.4</ele>
      </trkpt>
      <trkpt lat="35.411213" lon="128.691655">
        <ele>25.4</ele>
      </trkpt>
      <trkpt lat="35.41155" lon="128.69128">
        <ele>24.0</ele>
      </trkpt>
      <trkpt lat="35.41197" lon="128.690677">
        <ele>24.1</ele>
      </trkpt>
      <trkpt lat="35.41259" lon="128.69003">
        <ele>25.9</ele>
      </trkpt>
      <trkpt lat="35.41321" lon="128.68938">
        <ele>26.7</ele>
      </trkpt>
      <trkpt lat="35.41348" lon="128.68893">
        <ele>25.8</ele>
      </trkpt>
      <trkpt lat="35.41375" lon="128.68849">
        <ele>24.9</ele>
      </trkpt>
      <trkpt lat="35.41393" lon="128.68814">
        <ele>24.2</ele>
      </trkpt>
      <trkpt lat="35.4142" lon="128.68723">
        <ele>20.2</ele>
      </trkpt>
      <trkpt lat="35.41464" lon="128.68659">
        <ele>16.2</ele>
      </trkpt>
      <trkpt lat="35.41493" lon="128.68587">
        <ele>15.2</ele>
      </trkpt>
      <trkpt lat="35.41533" lon="128.685048">
        <ele>15.3</ele>
      </trkpt>
      <trkpt lat="35.4155" lon="128.68432">
        <ele>16.5</ele>
      </trkpt>
      <trkpt lat="35.41568" lon="128.68359">
        <ele>17.9</ele>
      </trkpt>
      <trkpt lat="35.41598" lon="128.68302">
        <ele>19.8</ele>
      </trkpt>
      <trkpt lat="35.41637" lon="128.68249">
        <ele>21.3</ele>
      </trkpt>
      <trkpt lat="35.41681" lon="128.68203">
        <ele>22.6</ele>
      </trkpt>
      <trkpt lat="35.41716" lon="128.68154">
        <ele>20.1</ele>
      </trkpt>
      <trkpt lat="35.41734" lon="128.680928">
        <ele>14.3</ele>
      </trkpt>
      <trkpt lat="35.41752" lon="128.680309">
        <ele>12.1</ele>
      </trkpt>
      <trkpt lat="35.41765" lon="128.679667">
        <ele>11.0</ele>
      </trkpt>
      <trkpt lat="35.41778" lon="128.67903">
        <ele>11.5</ele>
      </trkpt>
      <trkpt lat="35.41788" lon="128.67844">
        <ele>12.9</ele>
      </trkpt>
      <trkpt lat="35.41799" lon="128.67785">
        <ele>17.5</ele>
      </trkpt>
      <trkpt lat="35.41814" lon="128.67721">
        <ele>21.7</ele>
      </trkpt>
      <trkpt lat="35.4183" lon="128.67657">
        <ele>21.1</ele>
      </trkpt>
      <trkpt lat="35.41842" lon="128.67617">
        <ele>21.7</ele>
      </trkpt>
      <trkpt lat="35.41829" lon="128.675908">
        <ele>18.0</ele>
      </trkpt>
      <trkpt lat="35.41811" lon="128.67518">
        <ele>16.5</ele>
      </trkpt>
      <trkpt lat="35.41794" lon="128.67445">
        <ele>16.9</ele>
      </trkpt>
      <trkpt lat="35.4178" lon="128.67429">
        <ele>16.7</ele>
      </trkpt>
      <trkpt lat="35.41771" lon="128.67425">
        <ele>16.5</ele>
      </trkpt>
      <trkpt lat="35.41756" lon="128.674219">
        <ele>16.0</ele>
      </trkpt>
      <trkpt lat="35.41725" lon="128.674208">
        <ele>16.9</ele>
      </trkpt>
      <trkpt lat="35.41729" lon="128.67409">
        <ele>17.8</ele>
      </trkpt>
      <trkpt lat="35.41731" lon="128.67393">
        <ele>19.3</ele>
      </trkpt>
      <trkpt lat="35.41749" lon="128.67326">
        <ele>23.6</ele>
      </trkpt>
      <trkpt lat="35.41758" lon="128.67303">
        <ele>24.7</ele>
      </trkpt>
      <trkpt lat="35.41783" lon="128.67255">
        <ele>26.3</ele>
      </trkpt>
      <trkpt lat="35.41839" lon="128.67176">
        <ele>23.7</ele>
      </trkpt>
      <trkpt lat="35.41849" lon="128.67154">
        <ele>24.3</ele>
      </trkpt>
      <trkpt lat="35.41863" lon="128.67049">
        <ele>30.4</ele>
      </trkpt>
      <trkpt lat="35.41877" lon="128.669817">
        <ele>33.7</ele>
      </trkpt>
      <trkpt lat="35.41894" lon="128.66913">
        <ele>37.1</ele>
      </trkpt>
      <trkpt lat="35.41905" lon="128.66842">
        <ele>38.1</ele>
      </trkpt>
      <trkpt lat="35.4191" lon="128.668219">
        <ele>38.6</ele>
      </trkpt>
      <trkpt lat="35.41932" lon="128.667769">
        <ele>44.8</ele>
      </trkpt>
      <trkpt lat="35.41934" lon="128.667408">
        <ele>48.0</ele>
      </trkpt>
      <trkpt lat="35.41914" lon="128.66712">
        <ele>45.6</ele>
      </trkpt>
      <trkpt lat="35.41895" lon="128.667">
        <ele>45.2</ele>
      </trkpt>
      <trkpt lat="35.41865" lon="128.66677">
        <ele>43.7</ele>
      </trkpt>
      <trkpt lat="35.41856" lon="128.666429">
        <ele>41.6</ele>
      </trkpt>
      <trkpt lat="35.41844" lon="128.66555">
        <ele>37.8</ele>
      </trkpt>
      <trkpt lat="35.41832" lon="128.66467">
        <ele>33.7</ele>
      </trkpt>
      <trkpt lat="35.41822" lon="128.66405">
        <ele>29.5</ele>
      </trkpt>
      <trkpt lat="35.41812" lon="128.663637">
        <ele>26.9</ele>
      </trkpt>
      <trkpt lat="35.41792" lon="128.663457">
        <ele>25.5</ele>
      </trkpt>
      <trkpt lat="35.41769" lon="128.66344">
        <ele>25.2</ele>
      </trkpt>
      <trkpt lat="35.41719" lon="128.66342">
        <ele>27.3</ele>
      </trkpt>
      <trkpt lat="35.41666" lon="128.66344">
        <ele>31.5</ele>
      </trkpt>
      <trkpt lat="35.41617" lon="128.663558">
        <ele>33.6</ele>
      </trkpt>
      <trkpt lat="35.41557" lon="128.663367">
        <ele>37.4</ele>
      </trkpt>
      <trkpt lat="35.41508" lon="128.66316">
        <ele>39.3</ele>
      </trkpt>
      <trkpt lat="35.41466" lon="128.662939">
        <ele>38.3</ele>
      </trkpt>
      <trkpt lat="35.41448" lon="128.66262">
        <ele>36.2</ele>
      </trkpt>
      <trkpt lat="35.4144" lon="128.66181">
        <ele>29.0</ele>
      </trkpt>
      <trkpt lat="35.41437" lon="128.66108">
        <ele>26.8</ele>
      </trkpt>
      <trkpt lat="35.41396" lon="128.660159">
        <ele>20.9</ele>
      </trkpt>
      <trkpt lat="35.41378" lon="128.65956">
        <ele>18.1</ele>
      </trkpt>
      <trkpt lat="35.41361" lon="128.65897">
        <ele>14.5</ele>
      </trkpt>
      <trkpt lat="35.41332" lon="128.65821">
        <ele>10.3</ele>
      </trkpt>
      <trkpt lat="35.41293" lon="128.65736">
        <ele>14.0</ele>
      </trkpt>
      <trkpt lat="35.41266" lon="128.657029">
        <ele>14.1</ele>
      </trkpt>
      <trkpt lat="35.41249" lon="128.656297">
        <ele>11.7</ele>
      </trkpt>
      <trkpt lat="35.41214" lon="128.656478">
        <ele>11.5</ele>
      </trkpt>
      <trkpt lat="35.41198" lon="128.65661">
        <ele>11.5</ele>
      </trkpt>
      <trkpt lat="35.41176" lon="128.65682">
        <ele>12.0</ele>
      </trkpt>
      <trkpt lat="35.41142" lon="128.65725">
        <ele>12.0</ele>
      </trkpt>
      <trkpt lat="35.41109" lon="128.65767">
        <ele>10.7</ele>
      </trkpt>
      <trkpt lat="35.41086" lon="128.657828">
        <ele>9.8</ele>
      </trkpt>
      <trkpt lat="35.41032" lon="128.65813">
        <ele>10.7</ele>
      </trkpt>
      <trkpt lat="35.40977" lon="128.65843">
        <ele>12.8</ele>
      </trkpt>
      <trkpt lat="35.40962" lon="128.658459">
        <ele>12.9</ele>
      </trkpt>
      <trkpt lat="35.40901" lon="128.6584">
        <ele>12.0</ele>
      </trkpt>
      <trkpt lat="35.40841" lon="128.65833">
        <ele>11.9</ele>
      </trkpt>
      <trkpt lat="35.4082" lon="128.65835">
        <ele>11.6</ele>
      </trkpt>
      <trkpt lat="35.4077" lon="128.658628">
        <ele>10.8</ele>
      </trkpt>
      <trkpt lat="35.40728" lon="128.65877">
        <ele>11.0</ele>
      </trkpt>
      <trkpt lat="35.40669" lon="128.65856">
        <ele>10.6</ele>
      </trkpt>
      <trkpt lat="35.4062" lon="128.65834">
        <ele>7.8</ele>
      </trkpt>
      <trkpt lat="35.40553" lon="128.65833">
        <ele>8.6</ele>
      </trkpt>
      <trkpt lat="35.40503" lon="128.65856">
        <ele>10.0</ele>
      </trkpt>
      <trkpt lat="35.40452" lon="128.65878">
        <ele>9.4</ele>
      </trkpt>
      <trkpt lat="35.40413" lon="128.658909">
        <ele>8.9</ele>
      </trkpt>
      <trkpt lat="35.40365" lon="128.658819">
        <ele>13.2</ele>
      </trkpt>
      <trkpt lat="35.40318" lon="128.658729">
        <ele>14.8</ele>
      </trkpt>
      <trkpt lat="35.4025" lon="128.658628">
        <ele>13.5</ele>
      </trkpt>
      <trkpt lat="35.40207" lon="128.6588">
        <ele>15.3</ele>
      </trkpt>
      <trkpt lat="35.40156" lon="128.65853">
        <ele>11.9</ele>
      </trkpt>
      <trkpt lat="35.40119" lon="128.657919">
        <ele>13.5</ele>
      </trkpt>
      <trkpt lat="35.40075" lon="128.65701">
        <ele>12.4</ele>
      </trkpt>
      <trkpt lat="35.40031" lon="128.6561">
        <ele>13.4</ele>
      </trkpt>
      <trkpt lat="35.39987" lon="128.65519">
        <ele>14.4</ele>
      </trkpt>
      <trkpt lat="35.39943" lon="128.65428">
        <ele>12.0</ele>
      </trkpt>
      <trkpt lat="35.39899" lon="128.65337">
        <ele>18.9</ele>
      </trkpt>
      <trkpt lat="35.39881" lon="128.65286">
        <ele>25.9</ele>
      </trkpt>
      <trkpt lat="35.39863" lon="128.65234">
        <ele>31.9</ele>
      </trkpt>
      <trkpt lat="35.39859" lon="128.651907">
        <ele>28.4</ele>
      </trkpt>
      <trkpt lat="35.39874" lon="128.65134">
        <ele>15.7</ele>
      </trkpt>
      <trkpt lat="35.39885" lon="128.65101">
        <ele>9.4</ele>
      </trkpt>
      <trkpt lat="35.39891" lon="128.65059">
        <ele>6.1</ele>
      </trkpt>
      <trkpt lat="35.39891" lon="128.65041">
        <ele>5.5</ele>
      </trkpt>
      <trkpt lat="35.39887" lon="128.650219">
        <ele>5.1</ele>
      </trkpt>
      <trkpt lat="35.39877" lon="128.65009">
        <ele>4.9</ele>
      </trkpt>
      <trkpt lat="35.39835" lon="128.650038">
        <ele>5.4</ele>
      </trkpt>
      <trkpt lat="35.39781" lon="128.65008">
        <ele>18.4</ele>
      </trkpt>
      <trkpt lat="35.39763" lon="128.65002">
        <ele>22.1</ele>
      </trkpt>
      <trkpt lat="35.39747" lon="128.64982">
        <ele>24.4</ele>
      </trkpt>
      <trkpt lat="35.39725" lon="128.64925">
        <ele>26.8</ele>
      </trkpt>
      <trkpt lat="35.39679" lon="128.64886">
        <ele>36.8</ele>
      </trkpt>
      <trkpt lat="35.39648" lon="128.64812">
        <ele>28.5</ele>
      </trkpt>
      <trkpt lat="35.39578" lon="128.647438">
        <ele>25.1</ele>
      </trkpt>
      <trkpt lat="35.39524" lon="128.646999">
        <ele>12.6</ele>
      </trkpt>
      <trkpt lat="35.39459" lon="128.646988">
        <ele>9.7</ele>
      </trkpt>
      <trkpt lat="35.39393" lon="128.64698">
        <ele>8.4</ele>
      </trkpt>
      <trkpt lat="35.39327" lon="128.64696">
        <ele>9.3</ele>
      </trkpt>
      <trkpt lat="35.39259" lon="128.64746">
        <ele>10.3</ele>
      </trkpt>
      <trkpt lat="35.39196" lon="128.64801">
        <ele>12.4</ele>
      </trkpt>
      <trkpt lat="35.39118" lon="128.648417">
        <ele>12.6</ele>
      </trkpt>
      <trkpt lat="35.39054" lon="128.64881">
        <ele>16.1</ele>
      </trkpt>
      <trkpt lat="35.38989" lon="128.64919">
        <ele>10.3</ele>
      </trkpt>
      <trkpt lat="35.38924" lon="128.649577">
        <ele>10.5</ele>
      </trkpt>
      <trkpt lat="35.38867" lon="128.64993">
        <ele>11.4</ele>
      </trkpt>
      <trkpt lat="35.38809" lon="128.65029">
        <ele>10.6</ele>
      </trkpt>
      <trkpt lat="35.38752" lon="128.65065">
        <ele>12.6</ele>
      </trkpt>
      <trkpt lat="35.3871" lon="128.65082">
        <ele>17.7</ele>
      </trkpt>
      <trkpt lat="35.38667" lon="128.65086">
        <ele>22.4</ele>
      </trkpt>
      <trkpt lat="35.38615" lon="128.65088">
        <ele>24.4</ele>
      </trkpt>
      <trkpt lat="35.38563" lon="128.65091">
        <ele>23.0</ele>
      </trkpt>
      <trkpt lat="35.3853" lon="128.65097">
        <ele>19.7</ele>
      </trkpt>
      <trkpt lat="35.38511" lon="128.6511">
        <ele>19.3</ele>
      </trkpt>
      <trkpt lat="35.38495" lon="128.65126">
        <ele>19.6</ele>
      </trkpt>
      <trkpt lat="35.3847" lon="128.651648">
        <ele>22.3</ele>
      </trkpt>
      <trkpt lat="35.38447" lon="128.65189">
        <ele>24.7</ele>
      </trkpt>
      <trkpt lat="35.38421" lon="128.65208">
        <ele>24.4</ele>
      </trkpt>
      <trkpt lat="35.38381" lon="128.65226">
        <ele>24.7</ele>
      </trkpt>
      <trkpt lat="35.38303" lon="128.65241">
        <ele>18.6</ele>
      </trkpt>
      <trkpt lat="35.38291" lon="128.65249">
        <ele>17.8</ele>
      </trkpt>
      <trkpt lat="35.38238" lon="128.65302">
        <ele>15.5</ele>
      </trkpt>
      <trkpt lat="35.382032" lon="128.65301">
        <ele>14.7</ele>
      </trkpt>
      <trkpt lat="35.38203" lon="128.65301">
        <ele>14.7</ele>
      </trkpt>
      <trkpt lat="35.38203" lon="128.65301">
        <ele>14.7</ele>
      </trkpt>
      <trkpt lat="35.38203" lon="128.652898">
        <ele>14.5</ele>
      </trkpt>
      <trkpt lat="35.38205" lon="128.651907">
        <ele>12.8</ele>
      </trkpt>
      <trkpt lat="35.38207" lon="128.650928">
        <ele>11.1</ele>
      </trkpt>
      <trkpt lat="35.38208" lon="128.649937">
        <ele>9.4</ele>
      </trkpt>
      <trkpt lat="35.38208" lon="128.64919">
        <ele>8.1</ele>
      </trkpt>
      <trkpt lat="35.38208" lon="128.64844">
        <ele>8.0</ele>
      </trkpt>
      <trkpt lat="35.38206" lon="128.64749">
        <ele>8.0</ele>
      </trkpt>
      <trkpt lat="35.38204" lon="128.64653">
        <ele>8.1</ele>
      </trkpt>
      <trkpt lat="35.38202" lon="128.64558">
        <ele>8.7</ele>
      </trkpt>
      <trkpt lat="35.382" lon="128.64462">
        <ele>9.0</ele>
      </trkpt>
      <trkpt lat="35.38198" lon="128.64366">
        <ele>9.0</ele>
      </trkpt>
      <trkpt lat="35.38196" lon="128.64271">
        <ele>9.5</ele>
      </trkpt>
      <trkpt lat="35.38171" lon="128.642789">
        <ele>9.6</ele>
      </trkpt>
      <trkpt lat="35.38149" lon="128.64282">
        <ele>10.0</ele>
      </trkpt>
      <trkpt lat="35.38092" lon="128.64283">
        <ele>11.4</ele>
      </trkpt>
      <trkpt lat="35.38036" lon="128.64284">
        <ele>11.6</ele>
      </trkpt>
      <trkpt lat="35.37947" lon="128.64291">
        <ele>10.9</ele>
      </trkpt>
      <trkpt lat="35.37894" lon="128.64292">
        <ele>10.9</ele>
      </trkpt>
      <trkpt lat="35.37841" lon="128.64293">
        <ele>10.8</ele>
      </trkpt>
      <trkpt lat="35.37765" lon="128.642958">
        <ele>10.6</ele>
      </trkpt>
      <trkpt lat="35.37689" lon="128.64299">
        <ele>10.5</ele>
      </trkpt>
      <trkpt lat="35.37613" lon="128.64303">
        <ele>10.4</ele>
      </trkpt>
      <trkpt lat="35.37538" lon="128.643059">
        <ele>10.3</ele>
      </trkpt>
      <trkpt lat="35.37462" lon="128.64309">
        <ele>10.2</ele>
      </trkpt>
      <trkpt lat="35.37386" lon="128.64313">
        <ele>10.0</ele>
      </trkpt>
      <trkpt lat="35.37313" lon="128.64316">
        <ele>10.0</ele>
      </trkpt>
      <trkpt lat="35.3724" lon="128.6432">
        <ele>10.0</ele>
      </trkpt>
      <trkpt lat="35.37167" lon="128.643239">
        <ele>10.0</ele>
      </trkpt>
      <trkpt lat="35.37094" lon="128.64328">
        <ele>10.0</ele>
      </trkpt>
      <trkpt lat="35.37021" lon="128.643318">
        <ele>10.0</ele>
      </trkpt>
      <trkpt lat="35.36968" lon="128.64334">
        <ele>10.1</ele>
      </trkpt>
      <trkpt lat="35.36891" lon="128.64336">
        <ele>8.8</ele>
      </trkpt>
      <trkpt lat="35.3686" lon="128.643408">
        <ele>8.3</ele>
      </trkpt>
      <trkpt lat="35.36841" lon="128.64345">
        <ele>8.0</ele>
      </trkpt>
      <trkpt lat="35.36828" lon="128.643498">
        <ele>7.8</ele>
      </trkpt>
      <trkpt lat="35.36812" lon="128.64356">
        <ele>7.5</ele>
      </trkpt>
      <trkpt lat="35.3679" lon="128.643667">
        <ele>7.2</ele>
      </trkpt>
      <trkpt lat="35.36773" lon="128.643779">
        <ele>6.9</ele>
      </trkpt>
      <trkpt lat="35.3671" lon="128.64427">
        <ele>6.2</ele>
      </trkpt>
      <trkpt lat="35.36654" lon="128.644658">
        <ele>6.3</ele>
      </trkpt>
      <trkpt lat="35.36609" lon="128.64488">
        <ele>6.4</ele>
      </trkpt>
      <trkpt lat="35.36529" lon="128.64523">
        <ele>4.8</ele>
      </trkpt>
      <trkpt lat="35.36455" lon="128.64558">
        <ele>5.4</ele>
      </trkpt>
      <trkpt lat="35.36381" lon="128.645918">
        <ele>6.0</ele>
      </trkpt>
      <trkpt lat="35.36306" lon="128.646267">
        <ele>5.8</ele>
      </trkpt>
      <trkpt lat="35.36232" lon="128.64661">
        <ele>7.1</ele>
      </trkpt>
      <trkpt lat="35.36159" lon="128.646988">
        <ele>15.2</ele>
      </trkpt>
      <trkpt lat="35.36165" lon="128.64728">
        <ele>17.8</ele>
      </trkpt>
      <trkpt lat="35.36192" lon="128.6479">
        <ele>23.2</ele>
      </trkpt>
      <trkpt lat="35.36207" lon="128.64854">
        <ele>28.5</ele>
      </trkpt>
      <trkpt lat="35.36222" lon="128.64918">
        <ele>27.9</ele>
      </trkpt>
      <trkpt lat="35.36222" lon="128.64953">
        <ele>24.9</ele>
      </trkpt>
      <trkpt lat="35.36213" lon="128.64978">
        <ele>22.6</ele>
      </trkpt>
      <trkpt lat="35.36201" lon="128.6498">
        <ele>22.1</ele>
      </trkpt>
      <trkpt lat="35.36141" lon="128.650027">
        <ele>20.8</ele>
      </trkpt>
      <trkpt lat="35.36133" lon="128.65008">
        <ele>21.2</ele>
      </trkpt>
      <trkpt lat="35.36121" lon="128.650219">
        <ele>21.6</ele>
      </trkpt>
      <trkpt lat="35.36102" lon="128.65056">
        <ele>21.8</ele>
      </trkpt>
      <trkpt lat="35.36066" lon="128.65132">
        <ele>19.8</ele>
      </trkpt>
      <trkpt lat="35.36029" lon="128.65208">
        <ele>16.6</ele>
      </trkpt>
      <trkpt lat="35.36005" lon="128.65265">
        <ele>15.4</ele>
      </trkpt>
      <trkpt lat="35.35981" lon="128.65321">
        <ele>15.8</ele>
      </trkpt>
      <trkpt lat="35.35973" lon="128.65333">
        <ele>16.0</ele>
      </trkpt>
      <trkpt lat="35.35965" lon="128.65348">
        <ele>15.8</ele>
      </trkpt>
      <trkpt lat="35.35957" lon="128.65359">
        <ele>15.7</ele>
      </trkpt>
      <trkpt lat="35.35906" lon="128.65413">
        <ele>14.4</ele>
      </trkpt>
      <trkpt lat="35.35855" lon="128.65466">
        <ele>13.4</ele>
      </trkpt>
      <trkpt lat="35.35814" lon="128.65511">
        <ele>14.1</ele>
      </trkpt>
      <trkpt lat="35.35773" lon="128.65555">
        <ele>14.7</ele>
      </trkpt>
      <trkpt lat="35.35763" lon="128.65564">
        <ele>14.7</ele>
      </trkpt>
      <trkpt lat="35.35745" lon="128.655757">
        <ele>14.6</ele>
      </trkpt>
      <trkpt lat="35.35738" lon="128.65578">
        <ele>14.5</ele>
      </trkpt>
      <trkpt lat="35.35726" lon="128.65578">
        <ele>14.6</ele>
      </trkpt>
      <trkpt lat="35.35708" lon="128.65564">
        <ele>15.7</ele>
      </trkpt>
      <trkpt lat="35.35655" lon="128.6553">
        <ele>17.0</ele>
      </trkpt>
      <trkpt lat="35.35614" lon="128.65503">
        <ele>15.8</ele>
      </trkpt>
      <trkpt lat="35.35596" lon="128.65492">
        <ele>14.9</ele>
      </trkpt>
      <trkpt lat="35.35579" lon="128.65483">
        <ele>14.3</ele>
      </trkpt>
      <trkpt lat="35.35563" lon="128.65481">
        <ele>14.8</ele>
      </trkpt>
      <trkpt lat="35.3555" lon="128.65481">
        <ele>15.2</ele>
      </trkpt>
      <trkpt lat="35.35506" lon="128.6551">
        <ele>15.4</ele>
      </trkpt>
      <trkpt lat="35.35462" lon="128.65539">
        <ele>15.3</ele>
      </trkpt>
      <trkpt lat="35.3543" lon="128.65557">
        <ele>15.5</ele>
      </trkpt>
      <trkpt lat="35.35367" lon="128.656">
        <ele>15.4</ele>
      </trkpt>
      <trkpt lat="35.35303" lon="128.65643">
        <ele>16.1</ele>
      </trkpt>
      <trkpt lat="35.3526" lon="128.65671">
        <ele>17.1</ele>
      </trkpt>
      <trkpt lat="35.35245" lon="128.65679">
        <ele>17.4</ele>
      </trkpt>
      <trkpt lat="35.35225" lon="128.656849">
        <ele>17.4</ele>
      </trkpt>
      <trkpt lat="35.35212" lon="128.65688">
        <ele>17.5</ele>
      </trkpt>
      <trkpt lat="35.352115" lon="128.656879">
        <ele>17.5</ele>
      </trkpt>
      <trkpt lat="35.35195" lon="128.65686">
        <ele>18.0</ele>
      </trkpt>
      <trkpt lat="35.35122" lon="128.65683">
        <ele>18.2</ele>
      </trkpt>
      <trkpt lat="35.35121" lon="128.6576">
        <ele>14.6</ele>
      </trkpt>
      <trkpt lat="35.3512" lon="128.658358">
        <ele>11.2</ele>
      </trkpt>
      <trkpt lat="35.35121" lon="128.65904">
        <ele>11.3</ele>
      </trkpt>
      <trkpt lat="35.35128" lon="128.65928">
        <ele>10.7</ele>
      </trkpt>
      <trkpt lat="35.3515" lon="128.65981">
        <ele>9.2</ele>
      </trkpt>
      <trkpt lat="35.35158" lon="128.66001">
        <ele>8.6</ele>
      </trkpt>
      <trkpt lat="35.35191" lon="128.66082">
        <ele>6.4</ele>
      </trkpt>
      <trkpt lat="35.35224" lon="128.66162">
        <ele>5.6</ele>
      </trkpt>
      <trkpt lat="35.35257" lon="128.66243">
        <ele>5.1</ele>
      </trkpt>
      <trkpt lat="35.3529" lon="128.66324">
        <ele>5.1</ele>
      </trkpt>
      <trkpt lat="35.353147" lon="128.663846">
        <ele>5.1</ele>
      </trkpt>
      <trkpt lat="35.35323" lon="128.66405">
        <ele>5.1</ele>
      </trkpt>
      <trkpt lat="35.35337" lon="128.664358">
        <ele>5.0</ele>
      </trkpt>
      <trkpt lat="35.35358" lon="128.66488">
        <ele>4.7</ele>
      </trkpt>
      <trkpt lat="35.3537" lon="128.665247">
        <ele>4.4</ele>
      </trkpt>
      <trkpt lat="35.35379" lon="128.66572">
        <ele>4.1</ele>
      </trkpt>
      <trkpt lat="35.35382" lon="128.66609">
        <ele>4.5</ele>
      </trkpt>
      <trkpt lat="35.35384" lon="128.66656">
        <ele>5.3</ele>
      </trkpt>
      <trkpt lat="35.3538" lon="128.6676">
        <ele>6.8</ele>
      </trkpt>
      <trkpt lat="35.35379" lon="128.667769">
        <ele>7.5</ele>
      </trkpt>
      <trkpt lat="35.35377" lon="128.66861">
        <ele>9.5</ele>
      </trkpt>
      <trkpt lat="35.35375" lon="128.66945">
        <ele>9.0</ele>
      </trkpt>
      <trkpt lat="35.35372" lon="128.670009">
        <ele>8.9</ele>
      </trkpt>
      <trkpt lat="35.35367" lon="128.67024">
        <ele>10.2</ele>
      </trkpt>
      <trkpt lat="35.3535" lon="128.67056">
        <ele>11.3</ele>
      </trkpt>
      <trkpt lat="35.35283" lon="128.67096">
        <ele>10.3</ele>
      </trkpt>
      <trkpt lat="35.35217" lon="128.67137">
        <ele>9.3</ele>
      </trkpt>
      <trkpt lat="35.35211" lon="128.67142">
        <ele>9.1</ele>
      </trkpt>
      <trkpt lat="35.35203" lon="128.67151">
        <ele>9.0</ele>
      </trkpt>
      <trkpt lat="35.35197" lon="128.671619">
        <ele>9.0</ele>
      </trkpt>
      <trkpt lat="35.35187" lon="128.67186">
        <ele>10.1</ele>
      </trkpt>
      <trkpt lat="35.35168" lon="128.672508">
        <ele>13.2</ele>
      </trkpt>
      <trkpt lat="35.35157" lon="128.67292">
        <ele>9.8</ele>
      </trkpt>
      <trkpt lat="35.35155" lon="128.673048">
        <ele>9.0</ele>
      </trkpt>
      <trkpt lat="35.35154" lon="128.673228">
        <ele>8.1</ele>
      </trkpt>
      <trkpt lat="35.35155" lon="128.67351">
        <ele>7.1</ele>
      </trkpt>
      <trkpt lat="35.35182" lon="128.67444">
        <ele>8.3</ele>
      </trkpt>
      <trkpt lat="35.35193" lon="128.67474">
        <ele>10.2</ele>
      </trkpt>
      <trkpt lat="35.35211" lon="128.675288">
        <ele>11.1</ele>
      </trkpt>
      <trkpt lat="35.35229" lon="128.675829">
        <ele>9.5</ele>
      </trkpt>
      <trkpt lat="35.35232" lon="128.67598">
        <ele>9.7</ele>
      </trkpt>
      <trkpt lat="35.35232" lon="128.676088">
        <ele>9.7</ele>
      </trkpt>
      <trkpt lat="35.35231" lon="128.6763">
        <ele>9.8</ele>
      </trkpt>
      <trkpt lat="35.3523" lon="128.676358">
        <ele>9.8</ele>
      </trkpt>
      <trkpt lat="35.35222" lon="128.67667">
        <ele>9.7</ele>
      </trkpt>
      <trkpt lat="35.35209" lon="128.677157">
        <ele>9.9</ele>
      </trkpt>
      <trkpt lat="35.35188" lon="128.67772">
        <ele>10.2</ele>
      </trkpt>
      <trkpt lat="35.35178" lon="128.67796">
        <ele>10.1</ele>
      </trkpt>
      <trkpt lat="35.3517" lon="128.6782">
        <ele>10.0</ele>
      </trkpt>
      <trkpt lat="35.35166" lon="128.67838">
        <ele>9.9</ele>
      </trkpt>
      <trkpt lat="35.35162" lon="128.67865">
        <ele>9.4</ele>
      </trkpt>
      <trkpt lat="35.35161" lon="128.678868">
        <ele>9.1</ele>
      </trkpt>
      <trkpt lat="35.35163" lon="128.67916">
        <ele>8.9</ele>
      </trkpt>
      <trkpt lat="35.35166" lon="128.67935">
        <ele>9.0</ele>
      </trkpt>
      <trkpt lat="35.35178" lon="128.67973">
        <ele>9.9</ele>
      </trkpt>
      <trkpt lat="35.35186" lon="128.68007">
        <ele>10.1</ele>
      </trkpt>
      <trkpt lat="35.35188" lon="128.68025">
        <ele>10.1</ele>
      </trkpt>
      <trkpt lat="35.35189" lon="128.68042">
        <ele>10.1</ele>
      </trkpt>
      <trkpt lat="35.35188" lon="128.68062">
        <ele>9.9</ele>
      </trkpt>
      <trkpt lat="35.35184" lon="128.68095">
        <ele>9.4</ele>
      </trkpt>
      <trkpt lat="35.35176" lon="128.68114">
        <ele>8.9</ele>
      </trkpt>
      <trkpt lat="35.35167" lon="128.68131">
        <ele>8.4</ele>
      </trkpt>
      <trkpt lat="35.35155" lon="128.68149">
        <ele>8.4</ele>
      </trkpt>
      <trkpt lat="35.35134" lon="128.68177">
        <ele>8.8</ele>
      </trkpt>
      <trkpt lat="35.35081" lon="128.682369">
        <ele>9.1</ele>
      </trkpt>
      <trkpt lat="35.35018" lon="128.68311">
        <ele>8.8</ele>
      </trkpt>
      <trkpt lat="35.34954" lon="128.68386">
        <ele>8.0</ele>
      </trkpt>
      <trkpt lat="35.34891" lon="128.684598">
        <ele>7.3</ele>
      </trkpt>
      <trkpt lat="35.34827" lon="128.68535">
        <ele>7.0</ele>
      </trkpt>
      <trkpt lat="35.34764" lon="128.68609">
        <ele>7.5</ele>
      </trkpt>
      <trkpt lat="35.34701" lon="128.686838">
        <ele>6.9</ele>
      </trkpt>
      <trkpt lat="35.34659" lon="128.68733">
        <ele>7.1</ele>
      </trkpt>
      <trkpt lat="35.34618" lon="128.687818">
        <ele>7.4</ele>
      </trkpt>
      <trkpt lat="35.34555" lon="128.68856">
        <ele>7.6</ele>
      </trkpt>
      <trkpt lat="35.34548" lon="128.68875">
        <ele>7.5</ele>
      </trkpt>
      <trkpt lat="35.34542" lon="128.68893">
        <ele>7.5</ele>
      </trkpt>
      <trkpt lat="35.34537" lon="128.689157">
        <ele>7.6</ele>
      </trkpt>
      <trkpt lat="35.34527" lon="128.68973">
        <ele>6.3</ele>
      </trkpt>
      <trkpt lat="35.34513" lon="128.69072">
        <ele>6.4</ele>
      </trkpt>
      <trkpt lat="35.34498" lon="128.6916">
        <ele>6.0</ele>
      </trkpt>
      <trkpt lat="35.34484" lon="128.692467">
        <ele>4.5</ele>
      </trkpt>
      <trkpt lat="35.34469" lon="128.69335">
        <ele>6.1</ele>
      </trkpt>
      <trkpt lat="35.34467" lon="128.693998">
        <ele>5.6</ele>
      </trkpt>
      <trkpt lat="35.34461" lon="128.694437">
        <ele>5.5</ele>
      </trkpt>
      <trkpt lat="35.3444" lon="128.6954">
        <ele>4.9</ele>
      </trkpt>
      <trkpt lat="35.3442" lon="128.69636">
        <ele>2.8</ele>
      </trkpt>
      <trkpt lat="35.34404" lon="128.69712">
        <ele>3.2</ele>
      </trkpt>
      <trkpt lat="35.34389" lon="128.69788">
        <ele>4.6</ele>
      </trkpt>
      <trkpt lat="35.34373" lon="128.69864">
        <ele>4.2</ele>
      </trkpt>
      <trkpt lat="35.34352" lon="128.699638">
        <ele>2.9</ele>
      </trkpt>
      <trkpt lat="35.34331" lon="128.70065">
        <ele>3.8</ele>
      </trkpt>
      <trkpt lat="35.3431" lon="128.70165">
        <ele>5.0</ele>
      </trkpt>
      <trkpt lat="35.34289" lon="128.70266">
        <ele>5.1</ele>
      </trkpt>
      <trkpt lat="35.34268" lon="128.70366">
        <ele>3.7</ele>
      </trkpt>
      <trkpt lat="35.34247" lon="128.70467">
        <ele>4.3</ele>
      </trkpt>
      <trkpt lat="35.34226" lon="128.70568">
        <ele>3.4</ele>
      </trkpt>
      <trkpt lat="35.34205" lon="128.70668">
        <ele>4.6</ele>
      </trkpt>
      <trkpt lat="35.34184" lon="128.70769">
        <ele>7.1</ele>
      </trkpt>
      <trkpt lat="35.3417" lon="128.70854">
        <ele>8.2</ele>
      </trkpt>
      <trkpt lat="35.34162" lon="128.70917">
        <ele>9.0</ele>
      </trkpt>
      <trkpt lat="35.3416" lon="128.70975">
        <ele>9.6</ele>
      </trkpt>
      <trkpt lat="35.34158" lon="128.71033">
        <ele>9.4</ele>
      </trkpt>
      <trkpt lat="35.34159" lon="128.710568">
        <ele>9.1</ele>
      </trkpt>
      <trkpt lat="35.34152" lon="128.71163">
        <ele>8.8</ele>
      </trkpt>
      <trkpt lat="35.34145" lon="128.71269">
        <ele>8.6</ele>
      </trkpt>
      <trkpt lat="35.34137" lon="128.71375">
        <ele>7.9</ele>
      </trkpt>
      <trkpt lat="35.3413" lon="128.71481">
        <ele>9.6</ele>
      </trkpt>
      <trkpt lat="35.3413" lon="128.71481">
        <ele>9.6</ele>
      </trkpt>
      <trkpt lat="35.34125" lon="128.71551">
        <ele>8.5</ele>
      </trkpt>
      <trkpt lat="35.3412" lon="128.716208">
        <ele>7.6</ele>
      </trkpt>
      <trkpt lat="35.34179" lon="128.71626">
        <ele>8.8</ele>
      </trkpt>
      <trkpt lat="35.34237" lon="128.71631">
        <ele>10.0</ele>
      </trkpt>
      <trkpt lat="35.34247" lon="128.71632">
        <ele>10.2</ele>
      </trkpt>
      <trkpt lat="35.34254" lon="128.71635">
        <ele>10.1</ele>
      </trkpt>
      <trkpt lat="35.34259" lon="128.71641">
        <ele>9.7</ele>
      </trkpt>
      <trkpt lat="35.34265" lon="128.71651">
        <ele>9.3</ele>
      </trkpt>
      <trkpt lat="35.34285" lon="128.71705">
        <ele>8.9</ele>
      </trkpt>
      <trkpt lat="35.34289" lon="128.717109">
        <ele>8.8</ele>
      </trkpt>
      <trkpt lat="35.34293" lon="128.71715">
        <ele>8.8</ele>
      </trkpt>
      <trkpt lat="35.3431" lon="128.717289">
        <ele>8.6</ele>
      </trkpt>
      <trkpt lat="35.34383" lon="128.717908">
        <ele>8.0</ele>
      </trkpt>
      <trkpt lat="35.34455" lon="128.718539">
        <ele>8.8</ele>
      </trkpt>
      <trkpt lat="35.34528" lon="128.719158">
        <ele>8.7</ele>
      </trkpt>
      <trkpt lat="35.34601" lon="128.719777">
        <ele>8.0</ele>
      </trkpt>
      <trkpt lat="35.34674" lon="128.7204">
        <ele>8.5</ele>
      </trkpt>
      <trkpt lat="35.34747" lon="128.72102">
        <ele>9.2</ele>
      </trkpt>
      <trkpt lat="35.34741" lon="128.7212">
        <ele>9.4</ele>
      </trkpt>
      <trkpt lat="35.34719" lon="128.72223">
        <ele>8.1</ele>
      </trkpt>
      <trkpt lat="35.34697" lon="128.72327">
        <ele>10.5</ele>
      </trkpt>
      <trkpt lat="35.34676" lon="128.7243">
        <ele>9.9</ele>
      </trkpt>
      <trkpt lat="35.34653" lon="128.72529">
        <ele>8.1</ele>
      </trkpt>
      <trkpt lat="35.34631" lon="128.72628">
        <ele>8.2</ele>
      </trkpt>
      <trkpt lat="35.34609" lon="128.72727">
        <ele>9.4</ele>
      </trkpt>
      <trkpt lat="35.34586" lon="128.72832">
        <ele>9.0</ele>
      </trkpt>
      <trkpt lat="35.34563" lon="128.72936">
        <ele>7.6</ele>
      </trkpt>
      <trkpt lat="35.34542" lon="128.7304">
        <ele>8.5</ele>
      </trkpt>
      <trkpt lat="35.3452" lon="128.731428">
        <ele>8.8</ele>
      </trkpt>
      <trkpt lat="35.34498" lon="128.73247">
        <ele>9.0</ele>
      </trkpt>
      <trkpt lat="35.34477" lon="128.733499">
        <ele>8.3</ele>
      </trkpt>
      <trkpt lat="35.34456" lon="128.73453">
        <ele>9.8</ele>
      </trkpt>
      <trkpt lat="35.34436" lon="128.735559">
        <ele>10.5</ele>
      </trkpt>
      <trkpt lat="35.34415" lon="128.73658">
        <ele>9.2</ele>
      </trkpt>
      <trkpt lat="35.34395" lon="128.737608">
        <ele>9.0</ele>
      </trkpt>
      <trkpt lat="35.34374" lon="128.73864">
        <ele>8.5</ele>
      </trkpt>
      <trkpt lat="35.34354" lon="128.739668">
        <ele>8.9</ele>
      </trkpt>
      <trkpt lat="35.34335" lon="128.740569">
        <ele>9.0</ele>
      </trkpt>
      <trkpt lat="35.34317" lon="128.741469">
        <ele>8.8</ele>
      </trkpt>
      <trkpt lat="35.34298" lon="128.74238">
        <ele>10.3</ele>
      </trkpt>
      <trkpt lat="35.3428" lon="128.74328">
        <ele>11.6</ele>
      </trkpt>
      <trkpt lat="35.34298" lon="128.743507">
        <ele>11.0</ele>
      </trkpt>
      <trkpt lat="35.34311" lon="128.74365">
        <ele>10.5</ele>
      </trkpt>
      <trkpt lat="35.343117" lon="128.743641">
        <ele>10.5</ele>
      </trkpt>
      <trkpt lat="35.34334" lon="128.74386">
        <ele>9.8</ele>
      </trkpt>
      <trkpt lat="35.3437" lon="128.74421">
        <ele>9.0</ele>
      </trkpt>
      <trkpt lat="35.34415" lon="128.744689">
        <ele>9.0</ele>
      </trkpt>
      <trkpt lat="35.34451" lon="128.745049">
        <ele>9.4</ele>
      </trkpt>
      <trkpt lat="35.34487" lon="128.74542">
        <ele>9.5</ele>
      </trkpt>
      <trkpt lat="35.34495" lon="128.74553">
        <ele>9.3</ele>
      </trkpt>
      <trkpt lat="35.34499" lon="128.745668">
        <ele>9.1</ele>
      </trkpt>
      <trkpt lat="35.345" lon="128.74591">
        <ele>8.8</ele>
      </trkpt>
      <trkpt lat="35.34508" lon="128.746749">
        <ele>7.7</ele>
      </trkpt>
      <trkpt lat="35.34515" lon="128.7476">
        <ele>10.3</ele>
      </trkpt>
      <trkpt lat="35.34518" lon="128.7481">
        <ele>11.0</ele>
      </trkpt>
      <trkpt lat="35.34519" lon="128.74841">
        <ele>11.4</ele>
      </trkpt>
      <trkpt lat="35.34513" lon="128.749079">
        <ele>11.1</ele>
      </trkpt>
      <trkpt lat="35.34514" lon="128.74928">
        <ele>10.9</ele>
      </trkpt>
      <trkpt lat="35.34519" lon="128.749428">
        <ele>11.0</ele>
      </trkpt>
      <trkpt lat="35.3452" lon="128.74957">
        <ele>10.7</ele>
      </trkpt>
      <trkpt lat="35.34519" lon="128.749699">
        <ele>10.4</ele>
      </trkpt>
      <trkpt lat="35.34514" lon="128.74982">
        <ele>9.9</ele>
      </trkpt>
      <trkpt lat="35.34529" lon="128.750228">
        <ele>9.0</ele>
      </trkpt>
      <trkpt lat="35.34535" lon="128.75031">
        <ele>8.8</ele>
      </trkpt>
      <trkpt lat="35.34545" lon="128.75038">
        <ele>8.5</ele>
      </trkpt>
      <trkpt lat="35.34548" lon="128.75043">
        <ele>8.4</ele>
      </trkpt>
      <trkpt lat="35.34548" lon="128.75049">
        <ele>8.3</ele>
      </trkpt>
      <trkpt lat="35.3454" lon="128.75085">
        <ele>7.7</ele>
      </trkpt>
      <trkpt lat="35.3453" lon="128.7512">
        <ele>7.2</ele>
      </trkpt>
      <trkpt lat="35.34517" lon="128.75144">
        <ele>7.9</ele>
      </trkpt>
      <trkpt lat="35.34507" lon="128.751578">
        <ele>8.5</ele>
      </trkpt>
      <trkpt lat="35.34468" lon="128.751939">
        <ele>8.8</ele>
      </trkpt>
      <trkpt lat="35.34468" lon="128.751939">
        <ele>8.4</ele>
      </trkpt>
      <trkpt lat="35.34457" lon="128.75205">
        <ele>8.4</ele>
      </trkpt>
      <trkpt lat="35.34436" lon="128.75231">
        <ele>8.4</ele>
      </trkpt>
      <trkpt lat="35.34417" lon="128.75263">
        <ele>8.3</ele>
      </trkpt>
      <trkpt lat="35.34371" lon="128.75353">
        <ele>8.7</ele>
      </trkpt>
      <trkpt lat="35.34325" lon="128.75443">
        <ele>8.1</ele>
      </trkpt>
      <trkpt lat="35.34279" lon="128.755338">
        <ele>9.9</ele>
      </trkpt>
      <trkpt lat="35.34233" lon="128.756239">
        <ele>10.6</ele>
      </trkpt>
      <trkpt lat="35.34187" lon="128.75714">
        <ele>10.5</ele>
      </trkpt>
      <trkpt lat="35.34141" lon="128.75804">
        <ele>10.2</ele>
      </trkpt>
      <trkpt lat="35.34095" lon="128.75894">
        <ele>9.6</ele>
      </trkpt>
      <trkpt lat="35.34049" lon="128.75984">
        <ele>9.9</ele>
      </trkpt>
      <trkpt lat="35.34003" lon="128.76074">
        <ele>10.9</ele>
      </trkpt>
      <trkpt lat="35.33957" lon="128.76165">
        <ele>10.0</ele>
      </trkpt>
      <trkpt lat="35.33911" lon="128.76255">
        <ele>11.1</ele>
      </trkpt>
      <trkpt lat="35.33908" lon="128.76263">
        <ele>11.5</ele>
      </trkpt>
      <trkpt lat="35.33906" lon="128.76281">
        <ele>12.3</ele>
      </trkpt>
      <trkpt lat="35.33909" lon="128.762948">
        <ele>12.8</ele>
      </trkpt>
      <trkpt lat="35.33918" lon="128.763128">
        <ele>13.2</ele>
      </trkpt>
      <trkpt lat="35.33922" lon="128.76327">
        <ele>13.5</ele>
      </trkpt>
      <trkpt lat="35.3392" lon="128.76341">
        <ele>13.5</ele>
      </trkpt>
      <trkpt lat="35.33911" lon="128.76351">
        <ele>13.7</ele>
      </trkpt>
      <trkpt lat="35.33901" lon="128.76356">
        <ele>14.2</ele>
      </trkpt>
      <trkpt lat="35.33888" lon="128.763657">
        <ele>14.8</ele>
      </trkpt>
      <trkpt lat="35.33883" lon="128.76373">
        <ele>15.0</ele>
      </trkpt>
      <trkpt lat="35.338721" lon="128.763982">
        <ele>15.2</ele>
      </trkpt>
      <trkpt lat="35.33872" lon="128.76398">
        <ele>15.2</ele>
      </trkpt>
      <trkpt lat="35.33857" lon="128.76433">
        <ele>15.1</ele>
      </trkpt>
      <trkpt lat="35.33864" lon="128.76462">
        <ele>13.0</ele>
      </trkpt>
      <trkpt lat="35.3387" lon="128.76493">
        <ele>11.0</ele>
      </trkpt>
      <trkpt lat="35.33871" lon="128.76512">
        <ele>10.6</ele>
      </trkpt>
      <trkpt lat="35.3387" lon="128.76552">
        <ele>10.3</ele>
      </trkpt>
      <trkpt lat="35.33862" lon="128.76641">
        <ele>9.4</ele>
      </trkpt>
      <trkpt lat="35.33853" lon="128.76731">
        <ele>9.4</ele>
      </trkpt>
      <trkpt lat="35.33844" lon="128.76821">
        <ele>8.1</ele>
      </trkpt>
      <trkpt lat="35.33836" lon="128.76911">
        <ele>9.9</ele>
      </trkpt>
      <trkpt lat="35.33829" lon="128.76988">
        <ele>9.1</ele>
      </trkpt>
      <trkpt lat="35.33823" lon="128.770648">
        <ele>8.2</ele>
      </trkpt>
      <trkpt lat="35.33816" lon="128.77142">
        <ele>8.0</ele>
      </trkpt>
      <trkpt lat="35.33815" lon="128.7721">
        <ele>8.3</ele>
      </trkpt>
      <trkpt lat="35.33813" lon="128.77278">
        <ele>8.1</ele>
      </trkpt>
      <trkpt lat="35.33814" lon="128.773507">
        <ele>7.7</ele>
      </trkpt>
      <trkpt lat="35.33816" lon="128.774228">
        <ele>9.5</ele>
      </trkpt>
      <trkpt lat="35.33823" lon="128.77516">
        <ele>9.1</ele>
      </trkpt>
      <trkpt lat="35.33832" lon="128.77588">
        <ele>10.0</ele>
      </trkpt>
      <trkpt lat="35.33841" lon="128.77661">
        <ele>9.9</ele>
      </trkpt>
      <trkpt lat="35.3386" lon="128.777639">
        <ele>8.1</ele>
      </trkpt>
      <trkpt lat="35.3386" lon="128.777639">
        <ele>8.1</ele>
      </trkpt>
      <trkpt lat="35.33877" lon="128.778539">
        <ele>8.5</ele>
      </trkpt>
      <trkpt lat="35.33893" lon="128.779429">
        <ele>8.3</ele>
      </trkpt>
      <trkpt lat="35.3391" lon="128.780329">
        <ele>9.5</ele>
      </trkpt>
      <trkpt lat="35.33915" lon="128.78072">
        <ele>11.4</ele>
      </trkpt>
      <trkpt lat="35.33914" lon="128.78087">
        <ele>11.9</ele>
      </trkpt>
      <trkpt lat="35.33926" lon="128.78102">
        <ele>12.0</ele>
      </trkpt>
      <trkpt lat="35.33948" lon="128.78124">
        <ele>12.5</ele>
      </trkpt>
      <trkpt lat="35.33961" lon="128.78125">
        <ele>12.8</ele>
      </trkpt>
      <trkpt lat="35.33988" lon="128.78124">
        <ele>13.2</ele>
      </trkpt>
      <trkpt lat="35.34015" lon="128.78115">
        <ele>12.2</ele>
      </trkpt>
      <trkpt lat="35.34028" lon="128.78115">
        <ele>11.8</ele>
      </trkpt>
      <trkpt lat="35.34033" lon="128.78118">
        <ele>11.9</ele>
      </trkpt>
      <trkpt lat="35.34043" lon="128.78135">
        <ele>12.5</ele>
      </trkpt>
      <trkpt lat="35.3405" lon="128.78143">
        <ele>12.7</ele>
      </trkpt>
      <trkpt lat="35.34056" lon="128.78146">
        <ele>12.6</ele>
      </trkpt>
      <trkpt lat="35.34069" lon="128.78146">
        <ele>11.9</ele>
      </trkpt>
      <trkpt lat="35.34072" lon="128.781478">
        <ele>11.9</ele>
      </trkpt>
      <trkpt lat="35.34081" lon="128.781849">
        <ele>12.8</ele>
      </trkpt>
      <trkpt lat="35.34087" lon="128.78197">
        <ele>12.9</ele>
      </trkpt>
      <trkpt lat="35.34106" lon="128.782209">
        <ele>12.7</ele>
      </trkpt>
      <trkpt lat="35.34126" lon="128.78257">
        <ele>12.4</ele>
      </trkpt>
      <trkpt lat="35.34142" lon="128.78289">
        <ele>12.9</ele>
      </trkpt>
      <trkpt lat="35.34153" lon="128.783087">
        <ele>12.7</ele>
      </trkpt>
      <trkpt lat="35.34199" lon="128.783628">
        <ele>12.0</ele>
      </trkpt>
      <trkpt lat="35.34206" lon="128.7838">
        <ele>12.3</ele>
      </trkpt>
      <trkpt lat="35.34213" lon="128.784089">
        <ele>13.0</ele>
      </trkpt>
      <trkpt lat="35.34213" lon="128.784179">
        <ele>13.2</ele>
      </trkpt>
      <trkpt lat="35.34209" lon="128.784258">
        <ele>13.2</ele>
      </trkpt>
      <trkpt lat="35.34186" lon="128.78439">
        <ele>14.0</ele>
      </trkpt>
      <trkpt lat="35.34178" lon="128.78446">
        <ele>14.1</ele>
      </trkpt>
      <trkpt lat="35.34196" lon="128.78504">
        <ele>11.2</ele>
      </trkpt>
      <trkpt lat="35.34215" lon="128.78562">
        <ele>10.2</ele>
      </trkpt>
      <trkpt lat="35.34238" lon="128.78643">
        <ele>9.4</ele>
      </trkpt>
      <trkpt lat="35.34261" lon="128.78724">
        <ele>9.5</ele>
      </trkpt>
      <trkpt lat="35.3429" lon="128.788187">
        <ele>9.8</ele>
      </trkpt>
      <trkpt lat="35.34323" lon="128.78911">
        <ele>9.7</ele>
      </trkpt>
      <trkpt lat="35.34342" lon="128.789628">
        <ele>8.8</ele>
      </trkpt>
      <trkpt lat="35.34362" lon="128.79014">
        <ele>7.8</ele>
      </trkpt>
      <trkpt lat="35.34394" lon="128.7909">
        <ele>7.4</ele>
      </trkpt>
      <trkpt lat="35.34426" lon="128.79166">
        <ele>7.0</ele>
      </trkpt>
      <trkpt lat="35.34452" lon="128.7922">
        <ele>7.3</ele>
      </trkpt>
      <trkpt lat="35.34477" lon="128.79274">
        <ele>7.7</ele>
      </trkpt>
      <trkpt lat="35.34511" lon="128.79342">
        <ele>8.2</ele>
      </trkpt>
      <trkpt lat="35.34545" lon="128.79404">
        <ele>8.3</ele>
      </trkpt>
      <trkpt lat="35.34578" lon="128.79466">
        <ele>8.3</ele>
      </trkpt>
      <trkpt lat="35.34612" lon="128.795279">
        <ele>8.1</ele>
      </trkpt>
      <trkpt lat="35.34663" lon="128.79615">
        <ele>7.3</ele>
      </trkpt>
      <trkpt lat="35.34714" lon="128.79703">
        <ele>7.8</ele>
      </trkpt>
      <trkpt lat="35.34766" lon="128.7979">
        <ele>6.7</ele>
      </trkpt>
      <trkpt lat="35.34817" lon="128.79878">
        <ele>8.0</ele>
      </trkpt>
      <trkpt lat="35.34868" lon="128.79965">
        <ele>7.6</ele>
      </trkpt>
      <trkpt lat="35.348815" lon="128.799883">
        <ele>7.3</ele>
      </trkpt>
      <trkpt lat="35.34882" lon="128.79988">
        <ele>7.3</ele>
      </trkpt>
      <trkpt lat="35.34889" lon="128.800007">
        <ele>7.3</ele>
      </trkpt>
      <trkpt lat="35.34887" lon="128.80004">
        <ele>7.3</ele>
      </trkpt>
      <trkpt lat="35.34887" lon="128.80008">
        <ele>7.2</ele>
      </trkpt>
      <trkpt lat="35.34908" lon="128.80069">
        <ele>7.0</ele>
      </trkpt>
      <trkpt lat="35.34908" lon="128.80075">
        <ele>7.0</ele>
      </trkpt>
      <trkpt lat="35.34905" lon="128.80078">
        <ele>6.9</ele>
      </trkpt>
      <trkpt lat="35.34948" lon="128.80151">
        <ele>6.4</ele>
      </trkpt>
      <trkpt lat="35.34991" lon="128.80224">
        <ele>6.8</ele>
      </trkpt>
      <trkpt lat="35.35008" lon="128.80255">
        <ele>7.0</ele>
      </trkpt>
      <trkpt lat="35.35041" lon="128.803058">
        <ele>6.5</ele>
      </trkpt>
      <trkpt lat="35.35074" lon="128.80358">
        <ele>7.1</ele>
      </trkpt>
      <trkpt lat="35.35074" lon="128.80358">
        <ele>7.1</ele>
      </trkpt>
      <trkpt lat="35.35116" lon="128.8043">
        <ele>7.9</ele>
      </trkpt>
      <trkpt lat="35.351488" lon="128.80487">
        <ele>7.8</ele>
      </trkpt>
      <trkpt lat="35.351485" lon="128.805015">
        <ele>7.8</ele>
      </trkpt>
      <trkpt lat="35.351468" lon="128.805118">
        <ele>7.6</ele>
      </trkpt>
      <trkpt lat="35.35091" lon="128.805568">
        <ele>6.4</ele>
      </trkpt>
      <trkpt lat="35.35047" lon="128.80589">
        <ele>6.5</ele>
      </trkpt>
      <trkpt lat="35.35007" lon="128.80614">
        <ele>6.6</ele>
      </trkpt>
      <trkpt lat="35.34943" lon="128.80649">
        <ele>6.6</ele>
      </trkpt>
      <trkpt lat="35.34948" lon="128.80658">
        <ele>6.6</ele>
      </trkpt>
      <trkpt lat="35.34988" lon="128.80734">
        <ele>6.6</ele>
      </trkpt>
      <trkpt lat="35.34993" lon="128.80742">
        <ele>6.6</ele>
      </trkpt>
      <trkpt lat="35.35012" lon="128.8077">
        <ele>6.7</ele>
      </trkpt>
      <trkpt lat="35.35043" lon="128.80785">
        <ele>7.4</ele>
      </trkpt>
      <trkpt lat="35.35087" lon="128.80813">
        <ele>8.1</ele>
      </trkpt>
      <trkpt lat="35.35111" lon="128.80833">
        <ele>8.7</ele>
      </trkpt>
      <trkpt lat="35.35129" lon="128.80857">
        <ele>10.6</ele>
      </trkpt>
      <trkpt lat="35.35105" lon="128.808799">
        <ele>12.0</ele>
      </trkpt>
      <trkpt lat="35.35096" lon="128.80884">
        <ele>12.3</ele>
      </trkpt>
      <trkpt lat="35.35062" lon="128.80886">
        <ele>12.6</ele>
      </trkpt>
      <trkpt lat="35.35001" lon="128.808979">
        <ele>14.2</ele>
      </trkpt>
      <trkpt lat="35.3498" lon="128.809">
        <ele>14.8</ele>
      </trkpt>
      <trkpt lat="35.34947" lon="128.80899">
        <ele>15.3</ele>
      </trkpt>
      <trkpt lat="35.34937" lon="128.80901">
        <ele>15.7</ele>
      </trkpt>
      <trkpt lat="35.34926" lon="128.80905">
        <ele>16.1</ele>
      </trkpt>
      <trkpt lat="35.3492" lon="128.8091">
        <ele>16.6</ele>
      </trkpt>
      <trkpt lat="35.34913" lon="128.80919">
        <ele>16.8</ele>
      </trkpt>
      <trkpt lat="35.34906" lon="128.80931">
        <ele>16.7</ele>
      </trkpt>
      <trkpt lat="35.34924" lon="128.80932">
        <ele>17.4</ele>
      </trkpt>
      <trkpt lat="35.34969" lon="128.80941">
        <ele>18.1</ele>
      </trkpt>
      <trkpt lat="35.34969" lon="128.80941">
        <ele>18.1</ele>
      </trkpt>
      <trkpt lat="35.35026" lon="128.80954">
        <ele>20.3</ele>
      </trkpt>
      <trkpt lat="35.35056" lon="128.80965">
        <ele>22.7</ele>
      </trkpt>
      <trkpt lat="35.35119" lon="128.81">
        <ele>26.2</ele>
      </trkpt>
      <trkpt lat="35.35183" lon="128.81034">
        <ele>28.0</ele>
      </trkpt>
      <trkpt lat="35.35193" lon="128.81038">
        <ele>29.0</ele>
      </trkpt>
      <trkpt lat="35.35203" lon="128.81039">
        <ele>29.5</ele>
      </trkpt>
      <trkpt lat="35.35203" lon="128.81043">
        <ele>30.0</ele>
      </trkpt>
      <trkpt lat="35.35207" lon="128.81045">
        <ele>30.3</ele>
      </trkpt>
      <trkpt lat="35.35269" lon="128.81069">
        <ele>30.4</ele>
      </trkpt>
      <trkpt lat="35.35343" lon="128.810758">
        <ele>30.5</ele>
      </trkpt>
      <trkpt lat="35.35417" lon="128.81082">
        <ele>30.6</ele>
      </trkpt>
      <trkpt lat="35.35491" lon="128.81089">
        <ele>30.7</ele>
      </trkpt>
      <trkpt lat="35.35565" lon="128.810949">
        <ele>30.9</ele>
      </trkpt>
      <trkpt lat="35.35612" lon="128.810949">
        <ele>31.0</ele>
      </trkpt>
      <trkpt lat="35.35653" lon="128.81098">
        <ele>25.6</ele>
      </trkpt>
      <trkpt lat="35.35679" lon="128.81105">
        <ele>23.5</ele>
      </trkpt>
      <trkpt lat="35.35684" lon="128.81105">
        <ele>23.0</ele>
      </trkpt>
      <trkpt lat="35.3569" lon="128.810938">
        <ele>21.2</ele>
      </trkpt>
      <trkpt lat="35.35709" lon="128.810848">
        <ele>18.6</ele>
      </trkpt>
      <trkpt lat="35.3573" lon="128.81098">
        <ele>18.0</ele>
      </trkpt>
      <trkpt lat="35.35763" lon="128.81111">
        <ele>16.2</ele>
      </trkpt>
      <trkpt lat="35.35779" lon="128.81114">
        <ele>15.0</ele>
      </trkpt>
      <trkpt lat="35.35812" lon="128.81115">
        <ele>12.2</ele>
      </trkpt>
      <trkpt lat="35.35839" lon="128.811219">
        <ele>10.7</ele>
      </trkpt>
      <trkpt lat="35.35903" lon="128.81143">
        <ele>10.3</ele>
      </trkpt>
      <trkpt lat="35.35967" lon="128.811647">
        <ele>9.7</ele>
      </trkpt>
      <trkpt lat="35.36006" lon="128.81188">
        <ele>10.3</ele>
      </trkpt>
      <trkpt lat="35.36069" lon="128.81233">
        <ele>10.6</ele>
      </trkpt>
      <trkpt lat="35.36083" lon="128.8124">
        <ele>10.4</ele>
      </trkpt>
      <trkpt lat="35.36107" lon="128.81245">
        <ele>11.0</ele>
      </trkpt>
      <trkpt lat="35.36156" lon="128.81245">
        <ele>11.6</ele>
      </trkpt>
      <trkpt lat="35.3618" lon="128.81239">
        <ele>11.5</ele>
      </trkpt>
      <trkpt lat="35.36226" lon="128.81215">
        <ele>10.9</ele>
      </trkpt>
      <trkpt lat="35.36279" lon="128.81178">
        <ele>10.9</ele>
      </trkpt>
      <trkpt lat="35.363" lon="128.811658">
        <ele>10.8</ele>
      </trkpt>
      <trkpt lat="35.36365" lon="128.81136">
        <ele>9.6</ele>
      </trkpt>
      <trkpt lat="35.36383" lon="128.81129">
        <ele>8.6</ele>
      </trkpt>
      <trkpt lat="35.36416" lon="128.81123">
        <ele>6.9</ele>
      </trkpt>
      <trkpt lat="35.36447" lon="128.811208">
        <ele>6.3</ele>
      </trkpt>
      <trkpt lat="35.36472" lon="128.811208">
        <ele>5.9</ele>
      </trkpt>
      <trkpt lat="35.36518" lon="128.81127">
        <ele>5.2</ele>
      </trkpt>
      <trkpt lat="35.36547" lon="128.81134">
        <ele>4.8</ele>
      </trkpt>
      <trkpt lat="35.36581" lon="128.811478">
        <ele>4.6</ele>
      </trkpt>
      <trkpt lat="35.36596" lon="128.811568">
        <ele>4.5</ele>
      </trkpt>
      <trkpt lat="35.36644" lon="128.81198">
        <ele>4.6</ele>
      </trkpt>
      <trkpt lat="35.36666" lon="128.81212">
        <ele>4.6</ele>
      </trkpt>
      <trkpt lat="35.36719" lon="128.8124">
        <ele>4.6</ele>
      </trkpt>
      <trkpt lat="35.36772" lon="128.81269">
        <ele>4.3</ele>
      </trkpt>
      <trkpt lat="35.36798" lon="128.812908">
        <ele>4.2</ele>
      </trkpt>
      <trkpt lat="35.36819" lon="128.81306">
        <ele>4.1</ele>
      </trkpt>
      <trkpt lat="35.36899" lon="128.813549">
        <ele>4.2</ele>
      </trkpt>
      <trkpt lat="35.36979" lon="128.81404">
        <ele>4.9</ele>
      </trkpt>
      <trkpt lat="35.37049" lon="128.81448">
        <ele>6.2</ele>
      </trkpt>
      <trkpt lat="35.37119" lon="128.81493">
        <ele>5.6</ele>
      </trkpt>
      <trkpt lat="35.3719" lon="128.81537">
        <ele>4.7</ele>
      </trkpt>
      <trkpt lat="35.3726" lon="128.81582">
        <ele>5.7</ele>
      </trkpt>
      <trkpt lat="35.37294" lon="128.816048">
        <ele>5.5</ele>
      </trkpt>
      <trkpt lat="35.37301" lon="128.81611">
        <ele>5.5</ele>
      </trkpt>
      <trkpt lat="35.37332" lon="128.816397">
        <ele>5.4</ele>
      </trkpt>
      <trkpt lat="35.37369" lon="128.81689">
        <ele>5.8</ele>
      </trkpt>
      <trkpt lat="35.37406" lon="128.81738">
        <ele>6.6</ele>
      </trkpt>
      <trkpt lat="35.3746" lon="128.81814">
        <ele>6.5</ele>
      </trkpt>
      <trkpt lat="35.37515" lon="128.8189">
        <ele>6.9</ele>
      </trkpt>
      <trkpt lat="35.37554" lon="128.819437">
        <ele>7.1</ele>
      </trkpt>
      <trkpt lat="35.37594" lon="128.819977">
        <ele>7.7</ele>
      </trkpt>
      <trkpt lat="35.37611" lon="128.82019">
        <ele>7.6</ele>
      </trkpt>
      <trkpt lat="35.3766" lon="128.82076">
        <ele>8.7</ele>
      </trkpt>
      <trkpt lat="35.3767" lon="128.82073">
        <ele>8.5</ele>
      </trkpt>
      <trkpt lat="35.3769" lon="128.82074">
        <ele>8.0</ele>
      </trkpt>
      <trkpt lat="35.37707" lon="128.820788">
        <ele>7.6</ele>
      </trkpt>
      <trkpt lat="35.37754" lon="128.82104">
        <ele>6.5</ele>
      </trkpt>
      <trkpt lat="35.37792" lon="128.82136">
        <ele>5.6</ele>
      </trkpt>
      <trkpt lat="35.37828" lon="128.82148">
        <ele>5.9</ele>
      </trkpt>
      <trkpt lat="35.37908" lon="128.821519">
        <ele>6.6</ele>
      </trkpt>
      <trkpt lat="35.37987" lon="128.82156">
        <ele>7.3</ele>
      </trkpt>
      <trkpt lat="35.38066" lon="128.821598">
        <ele>8.1</ele>
      </trkpt>
      <trkpt lat="35.38146" lon="128.82164">
        <ele>8.8</ele>
      </trkpt>
      <trkpt lat="35.38225" lon="128.821677">
        <ele>9.5</ele>
      </trkpt>
      <trkpt lat="35.38304" lon="128.82172">
        <ele>10.2</ele>
      </trkpt>
      <trkpt lat="35.38349" lon="128.82176">
        <ele>10.7</ele>
      </trkpt>
      <trkpt lat="35.38367" lon="128.82183">
        <ele>10.7</ele>
      </trkpt>
      <trkpt lat="35.38384" lon="128.82199">
        <ele>10.4</ele>
      </trkpt>
      <trkpt lat="35.38398" lon="128.8222">
        <ele>10.1</ele>
      </trkpt>
      <trkpt lat="35.38398" lon="128.8222">
        <ele>10.1</ele>
      </trkpt>
      <trkpt lat="35.38457" lon="128.82302">
        <ele>10.1</ele>
      </trkpt>
      <trkpt lat="35.38457" lon="128.82302">
        <ele>10.1</ele>
      </trkpt>
      <trkpt lat="35.38457" lon="128.82302">
        <ele>10.1</ele>
      </trkpt>
      <trkpt lat="35.38482" lon="128.823377">
        <ele>10.7</ele>
      </trkpt>
      <trkpt lat="35.38496" lon="128.82368">
        <ele>10.9</ele>
      </trkpt>
      <trkpt lat="35.38501" lon="128.82387">
        <ele>11.1</ele>
      </trkpt>
      <trkpt lat="35.38512" lon="128.824458">
        <ele>11.2</ele>
      </trkpt>
      <trkpt lat="35.38523" lon="128.82515">
        <ele>9.7</ele>
      </trkpt>
      <trkpt lat="35.38527" lon="128.82558">
        <ele>9.5</ele>
      </trkpt>
      <trkpt lat="35.38522" lon="128.82595">
        <ele>9.1</ele>
      </trkpt>
      <trkpt lat="35.38523" lon="128.826028">
        <ele>8.9</ele>
      </trkpt>
      <trkpt lat="35.38523" lon="128.82603">
        <ele>8.9</ele>
      </trkpt>
      <trkpt lat="35.38527" lon="128.82622">
        <ele>8.7</ele>
      </trkpt>
      <trkpt lat="35.3854" lon="128.826439">
        <ele>8.7</ele>
      </trkpt>
      <trkpt lat="35.38553" lon="128.826709">
        <ele>8.8</ele>
      </trkpt>
      <trkpt lat="35.38566" lon="128.82693">
        <ele>8.7</ele>
      </trkpt>
      <trkpt lat="35.38595" lon="128.8273">
        <ele>8.7</ele>
      </trkpt>
      <trkpt lat="35.38615" lon="128.82766">
        <ele>8.8</ele>
      </trkpt>
      <trkpt lat="35.38663" lon="128.828499">
        <ele>9.7</ele>
      </trkpt>
      <trkpt lat="35.38712" lon="128.82933">
        <ele>9.1</ele>
      </trkpt>
      <trkpt lat="35.38744" lon="128.82979">
        <ele>9.7</ele>
      </trkpt>
      <trkpt lat="35.38776" lon="128.83026">
        <ele>9.7</ele>
      </trkpt>
      <trkpt lat="35.3882" lon="128.83102">
        <ele>9.1</ele>
      </trkpt>
      <trkpt lat="35.38864" lon="128.83177">
        <ele>10.6</ele>
      </trkpt>
      <trkpt lat="35.38898" lon="128.832338">
        <ele>10.7</ele>
      </trkpt>
      <trkpt lat="35.3891" lon="128.8325">
        <ele>10.8</ele>
      </trkpt>
      <trkpt lat="35.3891" lon="128.8325">
        <ele>10.8</ele>
      </trkpt>
      <trkpt lat="35.38924" lon="128.83267">
        <ele>11.1</ele>
      </trkpt>
      <trkpt lat="35.38981" lon="128.83319">
        <ele>11.3</ele>
      </trkpt>
      <trkpt lat="35.39043" lon="128.83373">
        <ele>9.5</ele>
      </trkpt>
      <trkpt lat="35.39105" lon="128.83426">
        <ele>9.4</ele>
      </trkpt>
      <trkpt lat="35.39167" lon="128.83479">
        <ele>10.3</ele>
      </trkpt>
      <trkpt lat="35.391667" lon="128.834792">
        <ele>10.2</ele>
      </trkpt>
      <trkpt lat="35.391667" lon="128.834792">
        <ele>10.2</ele>
      </trkpt>
      <trkpt lat="35.390458" lon="128.835827">
        <ele>7.0</ele>
      </trkpt>
      <trkpt lat="35.39046" lon="128.835827">
        <ele>7.0</ele>
      </trkpt>
      <trkpt lat="35.39046" lon="128.835827">
        <ele>7.0</ele>
      </trkpt>
      <trkpt lat="35.39057" lon="128.83603">
        <ele>7.0</ele>
      </trkpt>
      <trkpt lat="35.390574" lon="128.836025">
        <ele>7.0</ele>
      </trkpt>
      <trkpt lat="35.39061" lon="128.83609">
        <ele>7.0</ele>
      </trkpt>
      <trkpt lat="35.39101" lon="128.836998">
        <ele>7.4</ele>
      </trkpt>
      <trkpt lat="35.39142" lon="128.83791">
        <ele>7.9</ele>
      </trkpt>
      <trkpt lat="35.39176" lon="128.83867">
        <ele>7.6</ele>
      </trkpt>
      <trkpt lat="35.39209" lon="128.83943">
        <ele>7.7</ele>
      </trkpt>
      <trkpt lat="35.39248" lon="128.840319">
        <ele>8.0</ele>
      </trkpt>
      <trkpt lat="35.39287" lon="128.84122">
        <ele>7.6</ele>
      </trkpt>
      <trkpt lat="35.39326" lon="128.84212">
        <ele>7.6</ele>
      </trkpt>
      <trkpt lat="35.39365" lon="128.843009">
        <ele>7.2</ele>
      </trkpt>
      <trkpt lat="35.39405" lon="128.84392">
        <ele>7.5</ele>
      </trkpt>
      <trkpt lat="35.39445" lon="128.84482">
        <ele>8.0</ele>
      </trkpt>
      <trkpt lat="35.39485" lon="128.84573">
        <ele>7.1</ele>
      </trkpt>
      <trkpt lat="35.39525" lon="128.84663">
        <ele>8.0</ele>
      </trkpt>
      <trkpt lat="35.39526" lon="128.84719">
        <ele>7.2</ele>
      </trkpt>
      <trkpt lat="35.39528" lon="128.847749">
        <ele>6.5</ele>
      </trkpt>
      <trkpt lat="35.39558" lon="128.84842">
        <ele>6.0</ele>
      </trkpt>
      <trkpt lat="35.39588" lon="128.849077">
        <ele>6.0</ele>
      </trkpt>
      <trkpt lat="35.39618" lon="128.84975">
        <ele>6.4</ele>
      </trkpt>
      <trkpt lat="35.39631" lon="128.850338">
        <ele>6.5</ele>
      </trkpt>
      <trkpt lat="35.39634" lon="128.851148">
        <ele>6.2</ele>
      </trkpt>
      <trkpt lat="35.39637" lon="128.851959">
        <ele>5.4</ele>
      </trkpt>
      <trkpt lat="35.39639" lon="128.852758">
        <ele>4.4</ele>
      </trkpt>
      <trkpt lat="35.39649" lon="128.85367">
        <ele>3.0</ele>
      </trkpt>
      <trkpt lat="35.39671" lon="128.85432">
        <ele>3.4</ele>
      </trkpt>
      <trkpt lat="35.39717" lon="128.85521">
        <ele>4.8</ele>
      </trkpt>
      <trkpt lat="35.39729" lon="128.85555">
        <ele>4.7</ele>
      </trkpt>
      <trkpt lat="35.39741" lon="128.85615">
        <ele>4.1</ele>
      </trkpt>
      <trkpt lat="35.39754" lon="128.85676">
        <ele>3.2</ele>
      </trkpt>
      <trkpt lat="35.39773" lon="128.856957">
        <ele>3.8</ele>
      </trkpt>
      <trkpt lat="35.39809" lon="128.8571">
        <ele>4.4</ele>
      </trkpt>
      <trkpt lat="35.39817" lon="128.85713">
        <ele>4.6</ele>
      </trkpt>
      <trkpt lat="35.39836" lon="128.85719">
        <ele>5.0</ele>
      </trkpt>
      <trkpt lat="35.39893" lon="128.85704">
        <ele>4.6</ele>
      </trkpt>
      <trkpt lat="35.3995" lon="128.8569">
        <ele>5.5</ele>
      </trkpt>
      <trkpt lat="35.39961" lon="128.85694">
        <ele>5.9</ele>
      </trkpt>
      <trkpt lat="35.39989" lon="128.8572">
        <ele>6.4</ele>
      </trkpt>
      <trkpt lat="35.40006" lon="128.857509">
        <ele>6.1</ele>
      </trkpt>
      <trkpt lat="35.4001" lon="128.85827">
        <ele>5.3</ele>
      </trkpt>
      <trkpt lat="35.40014" lon="128.859017">
        <ele>5.9</ele>
      </trkpt>
      <trkpt lat="35.40008" lon="128.860019">
        <ele>5.9</ele>
      </trkpt>
      <trkpt lat="35.40002" lon="128.86101">
        <ele>5.7</ele>
      </trkpt>
      <trkpt lat="35.39986" lon="128.86177">
        <ele>4.9</ele>
      </trkpt>
      <trkpt lat="35.39969" lon="128.862529">
        <ele>5.3</ele>
      </trkpt>
      <trkpt lat="35.39938" lon="128.86327">
        <ele>4.7</ele>
      </trkpt>
      <trkpt lat="35.39928" lon="128.86352">
        <ele>4.9</ele>
      </trkpt>
      <trkpt lat="35.39924" lon="128.86361">
        <ele>4.9</ele>
      </trkpt>
      <trkpt lat="35.39894" lon="128.86424">
        <ele>5.5</ele>
      </trkpt>
      <trkpt lat="35.39865" lon="128.86488">
        <ele>5.3</ele>
      </trkpt>
      <trkpt lat="35.39832" lon="128.86536">
        <ele>5.8</ele>
      </trkpt>
      <trkpt lat="35.398" lon="128.86585">
        <ele>6.2</ele>
      </trkpt>
      <trkpt lat="35.39764" lon="128.86624">
        <ele>5.9</ele>
      </trkpt>
      <trkpt lat="35.39728" lon="128.866627">
        <ele>5.2</ele>
      </trkpt>
      <trkpt lat="35.3967" lon="128.867167">
        <ele>5.7</ele>
      </trkpt>
      <trkpt lat="35.39612" lon="128.867719">
        <ele>4.6</ele>
      </trkpt>
      <trkpt lat="35.39546" lon="128.86801">
        <ele>4.0</ele>
      </trkpt>
      <trkpt lat="35.3953" lon="128.86818">
        <ele>4.4</ele>
      </trkpt>
      <trkpt lat="35.39519" lon="128.868338">
        <ele>4.8</ele>
      </trkpt>
      <trkpt lat="35.39472" lon="128.86891">
        <ele>11.2</ele>
      </trkpt>
      <trkpt lat="35.39425" lon="128.86947">
        <ele>14.8</ele>
      </trkpt>
      <trkpt lat="35.39392" lon="128.86975">
        <ele>16.7</ele>
      </trkpt>
      <trkpt lat="35.39336" lon="128.87001">
        <ele>12.8</ele>
      </trkpt>
      <trkpt lat="35.3926" lon="128.87025">
        <ele>18.7</ele>
      </trkpt>
      <trkpt lat="35.39234" lon="128.87035">
        <ele>17.9</ele>
      </trkpt>
      <trkpt lat="35.39202" lon="128.87063">
        <ele>18.0</ele>
      </trkpt>
      <trkpt lat="35.39162" lon="128.870927">
        <ele>19.5</ele>
      </trkpt>
      <trkpt lat="35.3912" lon="128.87116">
        <ele>21.7</ele>
      </trkpt>
      <trkpt lat="35.39078" lon="128.871389">
        <ele>18.3</ele>
      </trkpt>
      <trkpt lat="35.39026" lon="128.87172">
        <ele>16.0</ele>
      </trkpt>
      <trkpt lat="35.38974" lon="128.87205">
        <ele>20.1</ele>
      </trkpt>
      <trkpt lat="35.38898" lon="128.87238">
        <ele>21.6</ele>
      </trkpt>
      <trkpt lat="35.38821" lon="128.8727">
        <ele>19.1</ele>
      </trkpt>
      <trkpt lat="35.38745" lon="128.872909">
        <ele>13.3</ele>
      </trkpt>
      <trkpt lat="35.38669" lon="128.87312">
        <ele>16.9</ele>
      </trkpt>
      <trkpt lat="35.38593" lon="128.87332">
        <ele>16.5</ele>
      </trkpt>
      <trkpt lat="35.38532" lon="128.873438">
        <ele>15.8</ele>
      </trkpt>
      <trkpt lat="35.38472" lon="128.87355">
        <ele>16.4</ele>
      </trkpt>
      <trkpt lat="35.38412" lon="128.87366">
        <ele>18.3</ele>
      </trkpt>
      <trkpt lat="35.38368" lon="128.87384">
        <ele>25.1</ele>
      </trkpt>
      <trkpt lat="35.38325" lon="128.87401">
        <ele>29.0</ele>
      </trkpt>
      <trkpt lat="35.38289" lon="128.87404">
        <ele>23.6</ele>
      </trkpt>
      <trkpt lat="35.38257" lon="128.87397">
        <ele>16.1</ele>
      </trkpt>
      <trkpt lat="35.38213" lon="128.87402">
        <ele>9.8</ele>
      </trkpt>
      <trkpt lat="35.38193" lon="128.87414">
        <ele>7.2</ele>
      </trkpt>
      <trkpt lat="35.38162" lon="128.87441">
        <ele>5.2</ele>
      </trkpt>
      <trkpt lat="35.38092" lon="128.87473">
        <ele>8.2</ele>
      </trkpt>
      <trkpt lat="35.38018" lon="128.87513">
        <ele>9.9</ele>
      </trkpt>
      <trkpt lat="35.37943" lon="128.87553">
        <ele>7.2</ele>
      </trkpt>
      <trkpt lat="35.37868" lon="128.87593">
        <ele>5.3</ele>
      </trkpt>
      <trkpt lat="35.37802" lon="128.87655">
        <ele>6.7</ele>
      </trkpt>
      <trkpt lat="35.37741" lon="128.87723">
        <ele>4.3</ele>
      </trkpt>
      <trkpt lat="35.3768" lon="128.87791">
        <ele>6.3</ele>
      </trkpt>
      <trkpt lat="35.37619" lon="128.87859">
        <ele>8.5</ele>
      </trkpt>
      <trkpt lat="35.37558" lon="128.879269">
        <ele>8.6</ele>
      </trkpt>
      <trkpt lat="35.37497" lon="128.87995">
        <ele>8.7</ele>
      </trkpt>
      <trkpt lat="35.37437" lon="128.88063">
        <ele>9.5</ele>
      </trkpt>
      <trkpt lat="35.37387" lon="128.881329">
        <ele>10.2</ele>
      </trkpt>
      <trkpt lat="35.37337" lon="128.882038">
        <ele>9.4</ele>
      </trkpt>
      <trkpt lat="35.37298" lon="128.88289">
        <ele>12.3</ele>
      </trkpt>
      <trkpt lat="35.37259" lon="128.883749">
        <ele>10.1</ele>
      </trkpt>
      <trkpt lat="35.37238" lon="128.88442">
        <ele>8.8</ele>
      </trkpt>
      <trkpt lat="35.37218" lon="128.885089">
        <ele>8.5</ele>
      </trkpt>
      <trkpt lat="35.37206" lon="128.88594">
        <ele>8.4</ele>
      </trkpt>
      <trkpt lat="35.37194" lon="128.886777">
        <ele>7.6</ele>
      </trkpt>
      <trkpt lat="35.37182" lon="128.88763">
        <ele>6.9</ele>
      </trkpt>
      <trkpt lat="35.37168" lon="128.887959">
        <ele>5.9</ele>
      </trkpt>
      <trkpt lat="35.3715" lon="128.88824">
        <ele>5.5</ele>
      </trkpt>
      <trkpt lat="35.37082" lon="128.888489">
        <ele>6.8</ele>
      </trkpt>
      <trkpt lat="35.3707" lon="128.88865">
        <ele>6.9</ele>
      </trkpt>
      <trkpt lat="35.37065" lon="128.88898">
        <ele>6.7</ele>
      </trkpt>
      <trkpt lat="35.3707" lon="128.88916">
        <ele>6.3</ele>
      </trkpt>
      <trkpt lat="35.37111" lon="128.889378">
        <ele>6.2</ele>
      </trkpt>
      <trkpt lat="35.37124" lon="128.88955">
        <ele>6.5</ele>
      </trkpt>
      <trkpt lat="35.37136" lon="128.88988">
        <ele>6.9</ele>
      </trkpt>
      <trkpt lat="35.37135" lon="128.89021">
        <ele>7.2</ele>
      </trkpt>
      <trkpt lat="35.37119" lon="128.89123">
        <ele>7.8</ele>
      </trkpt>
      <trkpt lat="35.37103" lon="128.892248">
        <ele>6.9</ele>
      </trkpt>
      <trkpt lat="35.37087" lon="128.89327">
        <ele>5.1</ele>
      </trkpt>
      <trkpt lat="35.3707" lon="128.894297">
        <ele>5.0</ele>
      </trkpt>
      <trkpt lat="35.37054" lon="128.89532">
        <ele>5.2</ele>
      </trkpt>
      <trkpt lat="35.37038" lon="128.89634">
        <ele>5.4</ele>
      </trkpt>
      <trkpt lat="35.37022" lon="128.89737">
        <ele>5.0</ele>
      </trkpt>
      <trkpt lat="35.37006" lon="128.89839">
        <ele>6.1</ele>
      </trkpt>
      <trkpt lat="35.3699" lon="128.899408">
        <ele>7.5</ele>
      </trkpt>
      <trkpt lat="35.36974" lon="128.90043">
        <ele>6.3</ele>
      </trkpt>
      <trkpt lat="35.36958" lon="128.901457">
        <ele>5.6</ele>
      </trkpt>
      <trkpt lat="35.36942" lon="128.90248">
        <ele>4.7</ele>
      </trkpt>
      <trkpt lat="35.36926" lon="128.9035">
        <ele>5.9</ele>
      </trkpt>
      <trkpt lat="35.3691" lon="128.904519">
        <ele>5.7</ele>
      </trkpt>
      <trkpt lat="35.36878" lon="128.90501">
        <ele>5.5</ele>
      </trkpt>
      <trkpt lat="35.36847" lon="128.905509">
        <ele>5.9</ele>
      </trkpt>
      <trkpt lat="35.3684" lon="128.9065">
        <ele>6.0</ele>
      </trkpt>
      <trkpt lat="35.36833" lon="128.90749">
        <ele>6.0</ele>
      </trkpt>
      <trkpt lat="35.36826" lon="128.90848">
        <ele>5.2</ele>
      </trkpt>
      <trkpt lat="35.36819" lon="128.90948">
        <ele>5.7</ele>
      </trkpt>
      <trkpt lat="35.36812" lon="128.91047">
        <ele>4.3</ele>
      </trkpt>
      <trkpt lat="35.36805" lon="128.91146">
        <ele>4.0</ele>
      </trkpt>
      <trkpt lat="35.36785" lon="128.91226">
        <ele>4.3</ele>
      </trkpt>
      <trkpt lat="35.36765" lon="128.91306">
        <ele>4.0</ele>
      </trkpt>
      <trkpt lat="35.36745" lon="128.91386">
        <ele>5.3</ele>
      </trkpt>
      <trkpt lat="35.3672" lon="128.914448">
        <ele>6.5</ele>
      </trkpt>
      <trkpt lat="35.36695" lon="128.91503">
        <ele>6.0</ele>
      </trkpt>
      <trkpt lat="35.36632" lon="128.91578">
        <ele>5.7</ele>
      </trkpt>
      <trkpt lat="35.36569" lon="128.91654">
        <ele>3.9</ele>
      </trkpt>
      <trkpt lat="35.36506" lon="128.91729">
        <ele>5.0</ele>
      </trkpt>
      <trkpt lat="35.36443" lon="128.91805">
        <ele>7.6</ele>
      </trkpt>
      <trkpt lat="35.36405" lon="128.91852">
        <ele>7.8</ele>
      </trkpt>
      <trkpt lat="35.36367" lon="128.919">
        <ele>7.8</ele>
      </trkpt>
      <trkpt lat="35.36298" lon="128.91961">
        <ele>7.2</ele>
      </trkpt>
      <trkpt lat="35.36242" lon="128.920268">
        <ele>8.7</ele>
      </trkpt>
      <trkpt lat="35.36204" lon="128.9205">
        <ele>7.8</ele>
      </trkpt>
      <trkpt lat="35.36166" lon="128.92113">
        <ele>9.8</ele>
      </trkpt>
      <trkpt lat="35.36128" lon="128.9215">
        <ele>8.1</ele>
      </trkpt>
      <trkpt lat="35.36069" lon="128.92232">
        <ele>8.7</ele>
      </trkpt>
      <trkpt lat="35.3601" lon="128.923138">
        <ele>11.6</ele>
      </trkpt>
      <trkpt lat="35.35952" lon="128.92396">
        <ele>10.1</ele>
      </trkpt>
      <trkpt lat="35.35932" lon="128.924208">
        <ele>8.9</ele>
      </trkpt>
      <trkpt lat="35.35918" lon="128.92445">
        <ele>8.9</ele>
      </trkpt>
      <trkpt lat="35.35858" lon="128.92514">
        <ele>10.6</ele>
      </trkpt>
      <trkpt lat="35.35798" lon="128.92584">
        <ele>11.8</ele>
      </trkpt>
      <trkpt lat="35.35755" lon="128.926268">
        <ele>7.4</ele>
      </trkpt>
      <trkpt lat="35.35703" lon="128.92669">
        <ele>6.1</ele>
      </trkpt>
      <trkpt lat="35.35652" lon="128.9271">
        <ele>11.2</ele>
      </trkpt>
      <trkpt lat="35.35605" lon="128.927427">
        <ele>11.5</ele>
      </trkpt>
      <trkpt lat="35.35578" lon="128.92768">
        <ele>12.0</ele>
      </trkpt>
      <trkpt lat="35.35511" lon="128.92838">
        <ele>12.3</ele>
      </trkpt>
      <trkpt lat="35.35444" lon="128.92908">
        <ele>12.4</ele>
      </trkpt>
      <trkpt lat="35.35434" lon="128.92912">
        <ele>10.9</ele>
      </trkpt>
      <trkpt lat="35.35411" lon="128.92942">
        <ele>13.4</ele>
      </trkpt>
      <trkpt lat="35.35408" lon="128.92951">
        <ele>15.0</ele>
      </trkpt>
      <trkpt lat="35.3536" lon="128.93015">
        <ele>16.6</ele>
      </trkpt>
      <trkpt lat="35.35311" lon="128.93079">
        <ele>16.3</ele>
      </trkpt>
      <trkpt lat="35.35263" lon="128.93144">
        <ele>17.9</ele>
      </trkpt>
      <trkpt lat="35.35215" lon="128.93208">
        <ele>22.9</ele>
      </trkpt>
      <trkpt lat="35.35192" lon="128.93231">
        <ele>20.8</ele>
      </trkpt>
      <trkpt lat="35.35185" lon="128.9324">
        <ele>19.8</ele>
      </trkpt>
      <trkpt lat="35.35177" lon="128.932448">
        <ele>17.5</ele>
      </trkpt>
      <trkpt lat="35.35172" lon="128.932549">
        <ele>16.8</ele>
      </trkpt>
      <trkpt lat="35.35165" lon="128.932617">
        <ele>15.4</ele>
      </trkpt>
      <trkpt lat="35.35155" lon="128.93267">
        <ele>15.0</ele>
      </trkpt>
      <trkpt lat="35.3514" lon="128.932808">
        <ele>14.6</ele>
      </trkpt>
      <trkpt lat="35.35134" lon="128.93302">
        <ele>15.3</ele>
      </trkpt>
      <trkpt lat="35.35114" lon="128.93337">
        <ele>13.2</ele>
      </trkpt>
      <trkpt lat="35.35054" lon="128.934148">
        <ele>9.5</ele>
      </trkpt>
      <trkpt lat="35.34994" lon="128.93493">
        <ele>10.9</ele>
      </trkpt>
      <trkpt lat="35.34942" lon="128.93555">
        <ele>17.0</ele>
      </trkpt>
      <trkpt lat="35.34895" lon="128.93599">
        <ele>16.2</ele>
      </trkpt>
      <trkpt lat="35.34847" lon="128.93642">
        <ele>17.7</ele>
      </trkpt>
      <trkpt lat="35.34843" lon="128.93645">
        <ele>17.3</ele>
      </trkpt>
      <trkpt lat="35.34824" lon="128.93653">
        <ele>15.3</ele>
      </trkpt>
      <trkpt lat="35.34811" lon="128.93663">
        <ele>15.7</ele>
      </trkpt>
      <trkpt lat="35.34755" lon="128.93721">
        <ele>10.2</ele>
      </trkpt>
      <trkpt lat="35.34699" lon="128.93778">
        <ele>6.1</ele>
      </trkpt>
      <trkpt lat="35.34643" lon="128.938358">
        <ele>5.7</ele>
      </trkpt>
      <trkpt lat="35.34586" lon="128.93894">
        <ele>6.4</ele>
      </trkpt>
      <trkpt lat="35.3453" lon="128.939517">
        <ele>6.5</ele>
      </trkpt>
      <trkpt lat="35.34491" lon="128.939878">
        <ele>8.7</ele>
      </trkpt>
      <trkpt lat="35.34448" lon="128.940328">
        <ele>12.9</ele>
      </trkpt>
      <trkpt lat="35.34439" lon="128.94037">
        <ele>13.0</ele>
      </trkpt>
      <trkpt lat="35.34421" lon="128.94037">
        <ele>12.1</ele>
      </trkpt>
      <trkpt lat="35.34403" lon="128.94041">
        <ele>11.3</ele>
      </trkpt>
      <trkpt lat="35.3439" lon="128.94055">
        <ele>11.8</ele>
      </trkpt>
      <trkpt lat="35.34347" lon="128.94084">
        <ele>10.5</ele>
      </trkpt>
      <trkpt lat="35.3434" lon="128.94091">
        <ele>9.6</ele>
      </trkpt>
      <trkpt lat="35.34334" lon="128.941127">
        <ele>8.7</ele>
      </trkpt>
      <trkpt lat="35.34332" lon="128.94124">
        <ele>8.4</ele>
      </trkpt>
      <trkpt lat="35.34327" lon="128.94146">
        <ele>8.0</ele>
      </trkpt>
      <trkpt lat="35.34322" lon="128.94155">
        <ele>7.7</ele>
      </trkpt>
      <trkpt lat="35.34274" lon="128.94217">
        <ele>5.3</ele>
      </trkpt>
      <trkpt lat="35.34226" lon="128.9428">
        <ele>4.4</ele>
      </trkpt>
      <trkpt lat="35.34178" lon="128.94342">
        <ele>5.7</ele>
      </trkpt>
      <trkpt lat="35.34138" lon="128.94426">
        <ele>8.9</ele>
      </trkpt>
      <trkpt lat="35.34099" lon="128.94511">
        <ele>10.5</ele>
      </trkpt>
      <trkpt lat="35.34059" lon="128.94595">
        <ele>7.8</ele>
      </trkpt>
      <trkpt lat="35.34044" lon="128.946339">
        <ele>7.6</ele>
      </trkpt>
      <trkpt lat="35.34033" lon="128.94672">
        <ele>7.4</ele>
      </trkpt>
      <trkpt lat="35.34008" lon="128.94761">
        <ele>6.9</ele>
      </trkpt>
      <trkpt lat="35.33983" lon="128.9485">
        <ele>8.2</ele>
      </trkpt>
      <trkpt lat="35.33974" lon="128.948737">
        <ele>7.9</ele>
      </trkpt>
      <trkpt lat="35.33961" lon="128.949277">
        <ele>7.4</ele>
      </trkpt>
      <trkpt lat="35.33934" lon="128.95017">
        <ele>5.9</ele>
      </trkpt>
      <trkpt lat="35.33912" lon="128.95076">
        <ele>5.1</ele>
      </trkpt>
      <trkpt lat="35.33878" lon="128.951529">
        <ele>5.8</ele>
      </trkpt>
      <trkpt lat="35.33848" lon="128.952317">
        <ele>6.1</ele>
      </trkpt>
      <trkpt lat="35.33832" lon="128.95281">
        <ele>6.0</ele>
      </trkpt>
      <trkpt lat="35.33821" lon="128.95326">
        <ele>5.7</ele>
      </trkpt>
      <trkpt lat="35.33804" lon="128.9539">
        <ele>6.4</ele>
      </trkpt>
      <trkpt lat="35.33787" lon="128.95455">
        <ele>6.1</ele>
      </trkpt>
      <trkpt lat="35.33772" lon="128.95508">
        <ele>5.3</ele>
      </trkpt>
      <trkpt lat="35.33757" lon="128.9556">
        <ele>6.4</ele>
      </trkpt>
      <trkpt lat="35.3373" lon="128.95646">
        <ele>5.6</ele>
      </trkpt>
      <trkpt lat="35.33703" lon="128.95732">
        <ele>6.0</ele>
      </trkpt>
      <trkpt lat="35.33686" lon="128.95784">
        <ele>6.5</ele>
      </trkpt>
      <trkpt lat="35.33668" lon="128.95836">
        <ele>7.0</ele>
      </trkpt>
      <trkpt lat="35.33644" lon="128.95926">
        <ele>6.6</ele>
      </trkpt>
      <trkpt lat="35.33631" lon="128.96">
        <ele>7.1</ele>
      </trkpt>
      <trkpt lat="35.33625" lon="128.960208">
        <ele>7.3</ele>
      </trkpt>
      <trkpt lat="35.33611" lon="128.96052">
        <ele>7.3</ele>
      </trkpt>
      <trkpt lat="35.3359" lon="128.96089">
        <ele>7.2</ele>
      </trkpt>
      <trkpt lat="35.33582" lon="128.96108">
        <ele>7.0</ele>
      </trkpt>
      <trkpt lat="35.33573" lon="128.96135">
        <ele>6.8</ele>
      </trkpt>
      <trkpt lat="35.33559" lon="128.962099">
        <ele>6.0</ele>
      </trkpt>
      <trkpt lat="35.33554" lon="128.96251">
        <ele>5.3</ele>
      </trkpt>
      <trkpt lat="35.33542" lon="128.962989">
        <ele>5.4</ele>
      </trkpt>
      <trkpt lat="35.33509" lon="128.9639">
        <ele>4.6</ele>
      </trkpt>
      <trkpt lat="35.33487" lon="128.96464">
        <ele>5.6</ele>
      </trkpt>
      <trkpt lat="35.33465" lon="128.96539">
        <ele>6.4</ele>
      </trkpt>
      <trkpt lat="35.33455" lon="128.96562">
        <ele>6.1</ele>
      </trkpt>
      <trkpt lat="35.33428" lon="128.96613">
        <ele>5.2</ele>
      </trkpt>
      <trkpt lat="35.33406" lon="128.966659">
        <ele>4.9</ele>
      </trkpt>
      <trkpt lat="35.33383" lon="128.967188">
        <ele>4.7</ele>
      </trkpt>
      <trkpt lat="35.3336" lon="128.96769">
        <ele>3.4</ele>
      </trkpt>
      <trkpt lat="35.33334" lon="128.96813">
        <ele>0.8</ele>
      </trkpt>
      <trkpt lat="35.33324" lon="128.96833">
        <ele>0.0</ele>
      </trkpt>
      <trkpt lat="35.33308" lon="128.96882">
        <ele>1.8</ele>
      </trkpt>
      <trkpt lat="35.33286" lon="128.96964">
        <ele>2.8</ele>
      </trkpt>
      <trkpt lat="35.33284" lon="128.96981">
        <ele>2.7</ele>
      </trkpt>
      <trkpt lat="35.33284" lon="128.96991">
        <ele>2.7</ele>
      </trkpt>
      <trkpt lat="35.33287" lon="128.97">
        <ele>2.8</ele>
      </trkpt>
      <trkpt lat="35.33296" lon="128.970137">
        <ele>3.4</ele>
      </trkpt>
      <trkpt lat="35.33298" lon="128.97026">
        <ele>3.6</ele>
      </trkpt>
      <trkpt lat="35.33294" lon="128.97039">
        <ele>3.6</ele>
      </trkpt>
      <trkpt lat="35.33283" lon="128.97058">
        <ele>3.7</ele>
      </trkpt>
      <trkpt lat="35.33273" lon="128.97079">
        <ele>3.9</ele>
      </trkpt>
      <trkpt lat="35.3326" lon="128.97092">
        <ele>4.1</ele>
      </trkpt>
      <trkpt lat="35.33228" lon="128.97133">
        <ele>4.6</ele>
      </trkpt>
      <trkpt lat="35.33197" lon="128.97174">
        <ele>7.4</ele>
      </trkpt>
      <trkpt lat="35.33181" lon="128.9719">
        <ele>8.6</ele>
      </trkpt>
      <trkpt lat="35.33139" lon="128.97228">
        <ele>9.0</ele>
      </trkpt>
      <trkpt lat="35.33097" lon="128.97261">
        <ele>9.5</ele>
      </trkpt>
      <trkpt lat="35.33051" lon="128.972918">
        <ele>11.3</ele>
      </trkpt>
      <trkpt lat="35.33008" lon="128.97318">
        <ele>12.1</ele>
      </trkpt>
      <trkpt lat="35.32949" lon="128.97342">
        <ele>11.4</ele>
      </trkpt>
      <trkpt lat="35.32889" lon="128.97366">
        <ele>13.9</ele>
      </trkpt>
      <trkpt lat="35.32872" lon="128.973717">
        <ele>15.0</ele>
      </trkpt>
      <trkpt lat="35.32793" lon="128.97389">
        <ele>17.1</ele>
      </trkpt>
      <trkpt lat="35.32776" lon="128.97389">
        <ele>16.7</ele>
      </trkpt>
      <trkpt lat="35.32717" lon="128.97403">
        <ele>16.9</ele>
      </trkpt>
      <trkpt lat="35.32673" lon="128.97422">
        <ele>17.7</ele>
      </trkpt>
      <trkpt lat="35.32619" lon="128.97432">
        <ele>18.9</ele>
      </trkpt>
      <trkpt lat="35.32594" lon="128.974347">
        <ele>18.9</ele>
      </trkpt>
      <trkpt lat="35.32579" lon="128.974359">
        <ele>18.4</ele>
      </trkpt>
      <trkpt lat="35.32557" lon="128.97434">
        <ele>16.0</ele>
      </trkpt>
      <trkpt lat="35.32523" lon="128.97424">
        <ele>10.5</ele>
      </trkpt>
      <trkpt lat="35.32492" lon="128.97428">
        <ele>10.3</ele>
      </trkpt>
      <trkpt lat="35.32429" lon="128.974257">
        <ele>12.4</ele>
      </trkpt>
      <trkpt lat="35.32398" lon="128.97428">
        <ele>14.9</ele>
      </trkpt>
      <trkpt lat="35.32387" lon="128.974268">
        <ele>15.6</ele>
      </trkpt>
      <trkpt lat="35.32358" lon="128.97419">
        <ele>15.3</ele>
      </trkpt>
      <trkpt lat="35.32336" lon="128.97419">
        <ele>15.1</ele>
      </trkpt>
      <trkpt lat="35.32321" lon="128.97414">
        <ele>15.1</ele>
      </trkpt>
      <trkpt lat="35.32275" lon="128.973897">
        <ele>14.8</ele>
      </trkpt>
      <trkpt lat="35.32238" lon="128.973728">
        <ele>14.6</ele>
      </trkpt>
      <trkpt lat="35.3219" lon="128.973649">
        <ele>14.3</ele>
      </trkpt>
      <trkpt lat="35.32141" lon="128.973559">
        <ele>14.1</ele>
      </trkpt>
      <trkpt lat="35.32099" lon="128.97351">
        <ele>13.8</ele>
      </trkpt>
      <trkpt lat="35.32032" lon="128.97351">
        <ele>13.5</ele>
      </trkpt>
      <trkpt lat="35.31985" lon="128.973469">
        <ele>13.2</ele>
      </trkpt>
      <trkpt lat="35.31938" lon="128.97336">
        <ele>13.0</ele>
      </trkpt>
      <trkpt lat="35.31883" lon="128.9734">
        <ele>12.7</ele>
      </trkpt>
      <trkpt lat="35.31828" lon="128.9734">
        <ele>12.4</ele>
      </trkpt>
      <trkpt lat="35.31797" lon="128.97331">
        <ele>12.2</ele>
      </trkpt>
      <trkpt lat="35.31741" lon="128.9734">
        <ele>11.9</ele>
      </trkpt>
      <trkpt lat="35.31712" lon="128.97352">
        <ele>11.8</ele>
      </trkpt>
      <trkpt lat="35.317" lon="128.97357">
        <ele>11.7</ele>
      </trkpt>
      <trkpt lat="35.31694" lon="128.97362">
        <ele>11.7</ele>
      </trkpt>
      <trkpt lat="35.31682" lon="128.9738">
        <ele>11.6</ele>
      </trkpt>
      <trkpt lat="35.31647" lon="128.97394">
        <ele>11.4</ele>
      </trkpt>
      <trkpt lat="35.31632" lon="128.97395">
        <ele>11.3</ele>
      </trkpt>
      <trkpt lat="35.3158" lon="128.97424">
        <ele>11.0</ele>
      </trkpt>
      <trkpt lat="35.31554" lon="128.97441">
        <ele>10.9</ele>
      </trkpt>
      <trkpt lat="35.3148" lon="128.975">
        <ele>12.3</ele>
      </trkpt>
      <trkpt lat="35.31427" lon="128.975428">
        <ele>11.6</ele>
      </trkpt>
      <trkpt lat="35.31374" lon="128.975867">
        <ele>10.9</ele>
      </trkpt>
      <trkpt lat="35.31333" lon="128.97619">
        <ele>10.7</ele>
      </trkpt>
      <trkpt lat="35.31293" lon="128.976509">
        <ele>10.9</ele>
      </trkpt>
      <trkpt lat="35.31244" lon="128.97692">
        <ele>12.6</ele>
      </trkpt>
      <trkpt lat="35.31197" lon="128.97733">
        <ele>12.4</ele>
      </trkpt>
      <trkpt lat="35.31155" lon="128.97761">
        <ele>11.9</ele>
      </trkpt>
      <trkpt lat="35.31125" lon="128.977747">
        <ele>12.3</ele>
      </trkpt>
      <trkpt lat="35.311248" lon="128.977747">
        <ele>12.2</ele>
      </trkpt>
      <trkpt lat="35.31125" lon="128.977747">
        <ele>12.3</ele>
      </trkpt>
      <trkpt lat="35.31125" lon="128.977747">
        <ele>12.3</ele>
      </trkpt>
      <trkpt lat="35.31107" lon="128.97801">
        <ele>13.5</ele>
      </trkpt>
      <trkpt lat="35.31087" lon="128.97817">
        <ele>11.7</ele>
      </trkpt>
      <trkpt lat="35.31075" lon="128.97828">
        <ele>11.0</ele>
      </trkpt>
      <trkpt lat="35.31061" lon="128.978479">
        <ele>11.1</ele>
      </trkpt>
      <trkpt lat="35.31046" lon="128.97873">
        <ele>11.1</ele>
      </trkpt>
      <trkpt lat="35.31046" lon="128.97873">
        <ele>11.1</ele>
      </trkpt>
      <trkpt lat="35.31041" lon="128.97882">
        <ele>11.0</ele>
      </trkpt>
      <trkpt lat="35.31035" lon="128.9789">
        <ele>10.7</ele>
      </trkpt>
      <trkpt lat="35.31024" lon="128.97896">
        <ele>9.6</ele>
      </trkpt>
      <trkpt lat="35.31025" lon="128.97907">
        <ele>10.2</ele>
      </trkpt>
      <trkpt lat="35.31024" lon="128.97915">
        <ele>10.4</ele>
      </trkpt>
      <trkpt lat="35.31016" lon="128.97927">
        <ele>9.4</ele>
      </trkpt>
      <trkpt lat="35.30988" lon="128.97966">
        <ele>7.4</ele>
      </trkpt>
      <trkpt lat="35.30938" lon="128.98029">
        <ele>7.3</ele>
      </trkpt>
      <trkpt lat="35.30909" lon="128.980888">
        <ele>6.8</ele>
      </trkpt>
      <trkpt lat="35.3089" lon="128.98124">
        <ele>6.4</ele>
      </trkpt>
      <trkpt lat="35.30855" lon="128.981788">
        <ele>5.6</ele>
      </trkpt>
      <trkpt lat="35.3085" lon="128.98191">
        <ele>5.6</ele>
      </trkpt>
      <trkpt lat="35.30862" lon="128.98199">
        <ele>5.7</ele>
      </trkpt>
      <trkpt lat="35.30877" lon="128.98213">
        <ele>5.8</ele>
      </trkpt>
      <trkpt lat="35.30884" lon="128.98218">
        <ele>5.9</ele>
      </trkpt>
      <trkpt lat="35.30884" lon="128.98218">
        <ele>5.9</ele>
      </trkpt>
      <trkpt lat="35.30906" lon="128.98237">
        <ele>6.1</ele>
      </trkpt>
      <trkpt lat="35.30928" lon="128.98258">
        <ele>5.9</ele>
      </trkpt>
      <trkpt lat="35.30932" lon="128.9827">
        <ele>5.8</ele>
      </trkpt>
      <trkpt lat="35.30933" lon="128.98279">
        <ele>5.8</ele>
      </trkpt>
      <trkpt lat="35.30932" lon="128.98301">
        <ele>5.6</ele>
      </trkpt>
      <trkpt lat="35.30911" lon="128.983229">
        <ele>5.1</ele>
      </trkpt>
      <trkpt lat="35.30899" lon="128.98338">
        <ele>5.0</ele>
      </trkpt>
      <trkpt lat="35.30882" lon="128.98365">
        <ele>4.8</ele>
      </trkpt>
      <trkpt lat="35.30857" lon="128.98413">
        <ele>4.3</ele>
      </trkpt>
      <trkpt lat="35.30832" lon="128.9845">
        <ele>4.4</ele>
      </trkpt>
      <trkpt lat="35.30822" lon="128.98464">
        <ele>4.9</ele>
      </trkpt>
    </trkseg>
  </trk>
</gpx>
