<?xml version="1.0" encoding="UTF-8"?>
<gpx xmlns:gpxdata="http://www.cluetrust.com/XML/GPXDATA/1/0" xmlns:xsi="http://www.w3.org/2001/XMLSchema-instance" xmlns="http://www.topografix.com/GPX/1/1" version="1.1" creator="http://ridewithgps.com/" xsi:schemaLocation="http://www.topografix.com/GPX/1/1 http://www.topografix.com/GPX/1/1/gpx.xsd http://www.cluetrust.com/XML/GPXDATA/1/0 http://www.cluetrust.com/Schemas/gpxdata10.xsd">
  <metadata>
    <name>GB_2025</name>
    <link href="https://ridewithgps.com/routes/52202865">
      <text>GB_2025</text>
    </link>
    <time>2025-08-14T15:15:08Z</time>
  </metadata>
  <wpt lat="35.33864" lon="127.188463">
    <name>CP1 Hyangga</name>
    <cmt>generic</cmt>
    <sym>Dot</sym>
    <type>generic</type>
  </wpt>
  <wpt lat="35.5787489925315" lon="128.16797375679">
    <name>CP3 Hapcheon</name>
    <cmt>generic</cmt>
    <sym>Dot</sym>
    <type>generic</type>
  </wpt>
  <wpt lat="35.37978923015112" lon="128.8068302439944">
    <name>CP4 Nakdong River </name>
    <cmt>generic</cmt>
    <sym>Dot</sym>
    <type>generic</type>
  </wpt>
  <wpt lat="35.30809430256663" lon="128.98484353156402">
    <name>CP5/F Monkey Bicycle</name>
    <cmt>generic</cmt>
    <sym>Dot</sym>
    <type>generic</type>
  </wpt>
  <wpt lat="35.39583715174751" lon="127.66394708477094">
    <name>CP2 Macheon</name>
    <cmt>generic</cmt>
    <sym>Dot</sym>
    <type>generic</type>
  </wpt>
  <wpt lat="35.206282" lon="126.861235">
    <name>Start / Finish</name>
    <cmt>generic</cmt>
    <sym>Dot</sym>
    <type>generic</type>
  </wpt>
  <trk>
    <name>GB_2025</name>
    <trkseg>
      <trkpt lat="35.206282" lon="126.86125">
        <ele>19.0</ele>
      </trkpt>
      <trkpt lat="35.20633" lon="126.85664">
        <ele>20.8</ele>
      </trkpt>
      <trkpt lat="35.20665" lon="126.85141">
        <ele>22.0</ele>
      </trkpt>
      <trkpt lat="35.2114" lon="126.85143">
        <ele>22.7</ele>
      </trkpt>
      <trkpt lat="35.21338" lon="126.85191">
        <ele>23.4</ele>
      </trkpt>
      <trkpt lat="35.21465" lon="126.85257">
        <ele>24.5</ele>
      </trkpt>
      <trkpt lat="35.21567" lon="126.85288">
        <ele>25.5</ele>
      </trkpt>
      <trkpt lat="35.225955" lon="126.85293">
        <ele>26.0</ele>
      </trkpt>
      <trkpt lat="35.227317" lon="126.852967">
        <ele>26.5</ele>
      </trkpt>
      <trkpt lat="35.228045" lon="126.852785">
        <ele>27.3</ele>
      </trkpt>
      <trkpt lat="35.228561" lon="126.852538">
        <ele>28.1</ele>
      </trkpt>
      <trkpt lat="35.233535" lon="126.849883">
        <ele>28.3</ele>
      </trkpt>
      <trkpt lat="35.233965" lon="126.849711">
        <ele>28.3</ele>
      </trkpt>
      <trkpt lat="35.236471" lon="126.856824">
        <ele>28.2</ele>
      </trkpt>
      <trkpt lat="35.238188" lon="126.861502">
        <ele>28.3</ele>
      </trkpt>
      <trkpt lat="35.242114" lon="126.87295">
        <ele>28.4</ele>
      </trkpt>
      <trkpt lat="35.244042" lon="126.879537">
        <ele>27.8</ele>
      </trkpt>
      <trkpt lat="35.244401" lon="126.880867">
        <ele>27.1</ele>
      </trkpt>
      <trkpt lat="35.244638" lon="126.882702">
        <ele>26.9</ele>
      </trkpt>
      <trkpt lat="35.244594" lon="126.884322">
        <ele>26.8</ele>
      </trkpt>
      <trkpt lat="35.245374" lon="126.884601">
        <ele>26.8</ele>
      </trkpt>
      <trkpt lat="35.24627" lon="126.88741">
        <ele>26.4</ele>
      </trkpt>
      <trkpt lat="35.24733" lon="126.88826">
        <ele>25.8</ele>
      </trkpt>
      <trkpt lat="35.25204" lon="126.89136">
        <ele>26.3</ele>
      </trkpt>
      <trkpt lat="35.25264" lon="126.8917">
        <ele>26.5</ele>
      </trkpt>
      <trkpt lat="35.25325" lon="126.89185">
        <ele>27.0</ele>
      </trkpt>
      <trkpt lat="35.25381" lon="126.89188">
        <ele>27.6</ele>
      </trkpt>
      <trkpt lat="35.25594" lon="126.89193">
        <ele>28.3</ele>
      </trkpt>
      <trkpt lat="35.2565" lon="126.89185">
        <ele>29.2</ele>
      </trkpt>
      <trkpt lat="35.25724" lon="126.89152">
        <ele>30.2</ele>
      </trkpt>
      <trkpt lat="35.25867" lon="126.89063">
        <ele>31.3</ele>
      </trkpt>
      <trkpt lat="35.26076" lon="126.88982">
        <ele>32.1</ele>
      </trkpt>
      <trkpt lat="35.26177" lon="126.88948">
        <ele>33.1</ele>
      </trkpt>
      <trkpt lat="35.263646" lon="126.889216">
        <ele>34.1</ele>
      </trkpt>
      <trkpt lat="35.264313" lon="126.889173">
        <ele>35.3</ele>
      </trkpt>
      <trkpt lat="35.264748" lon="126.889319">
        <ele>36.5</ele>
      </trkpt>
      <trkpt lat="35.26524" lon="126.889534">
        <ele>38.5</ele>
      </trkpt>
      <trkpt lat="35.265534" lon="126.889869">
        <ele>40.5</ele>
      </trkpt>
      <trkpt lat="35.265668" lon="126.89023">
        <ele>42.5</ele>
      </trkpt>
      <trkpt lat="35.26891" lon="126.888858">
        <ele>47.6</ele>
      </trkpt>
      <trkpt lat="35.277086" lon="126.888634">
        <ele>53.0</ele>
      </trkpt>
      <trkpt lat="35.2791" lon="126.892877">
        <ele>59.2</ele>
      </trkpt>
      <trkpt lat="35.280589" lon="126.89677">
        <ele>57.5</ele>
      </trkpt>
      <trkpt lat="35.28084" lon="126.89688">
        <ele>57.3</ele>
      </trkpt>
      <trkpt lat="35.28375" lon="126.89677">
        <ele>58.7</ele>
      </trkpt>
      <trkpt lat="35.28607" lon="126.89941">
        <ele>65.5</ele>
      </trkpt>
      <trkpt lat="35.28619" lon="126.8999">
        <ele>65.9</ele>
      </trkpt>
      <trkpt lat="35.286029" lon="126.90155">
        <ele>65.9</ele>
      </trkpt>
      <trkpt lat="35.28648" lon="126.9038">
        <ele>63.6</ele>
      </trkpt>
      <trkpt lat="35.28636" lon="126.9051">
        <ele>61.3</ele>
      </trkpt>
      <trkpt lat="35.28836" lon="126.91091">
        <ele>53.1</ele>
      </trkpt>
      <trkpt lat="35.28938" lon="126.91611">
        <ele>53.7</ele>
      </trkpt>
      <trkpt lat="35.28993" lon="126.91761">
        <ele>53.3</ele>
      </trkpt>
      <trkpt lat="35.29036" lon="126.91798">
        <ele>53.3</ele>
      </trkpt>
      <trkpt lat="35.29058" lon="126.91819">
        <ele>53.7</ele>
      </trkpt>
      <trkpt lat="35.29162" lon="126.91968">
        <ele>54.5</ele>
      </trkpt>
      <trkpt lat="35.29255" lon="126.92027">
        <ele>55.7</ele>
      </trkpt>
      <trkpt lat="35.29389" lon="126.9216">
        <ele>58.8</ele>
      </trkpt>
      <trkpt lat="35.29413" lon="126.92193">
        <ele>59.7</ele>
      </trkpt>
      <trkpt lat="35.29453" lon="126.92342">
        <ele>61.6</ele>
      </trkpt>
      <trkpt lat="35.294759" lon="126.92369">
        <ele>62.3</ele>
      </trkpt>
      <trkpt lat="35.30037" lon="126.92661">
        <ele>69.7</ele>
      </trkpt>
      <trkpt lat="35.30064" lon="126.92677">
        <ele>69.9</ele>
      </trkpt>
      <trkpt lat="35.30083" lon="126.927">
        <ele>70.2</ele>
      </trkpt>
      <trkpt lat="35.3019" lon="126.93042">
        <ele>69.1</ele>
      </trkpt>
      <trkpt lat="35.30187" lon="126.93166">
        <ele>67.3</ele>
      </trkpt>
      <trkpt lat="35.3051" lon="126.93961">
        <ele>56.1</ele>
      </trkpt>
      <trkpt lat="35.30532" lon="126.94009">
        <ele>55.7</ele>
      </trkpt>
      <trkpt lat="35.30577" lon="126.94056">
        <ele>55.2</ele>
      </trkpt>
      <trkpt lat="35.30711" lon="126.94159">
        <ele>54.3</ele>
      </trkpt>
      <trkpt lat="35.30745" lon="126.94189">
        <ele>53.9</ele>
      </trkpt>
      <trkpt lat="35.30769" lon="126.94222">
        <ele>53.5</ele>
      </trkpt>
      <trkpt lat="35.308708" lon="126.946646">
        <ele>49.4</ele>
      </trkpt>
      <trkpt lat="35.308174" lon="126.94685">
        <ele>49.4</ele>
      </trkpt>
      <trkpt lat="35.307823" lon="126.947161">
        <ele>49.9</ele>
      </trkpt>
      <trkpt lat="35.307841" lon="126.947354">
        <ele>50.4</ele>
      </trkpt>
      <trkpt lat="35.308943" lon="126.948159">
        <ele>50.8</ele>
      </trkpt>
      <trkpt lat="35.309268" lon="126.948878">
        <ele>50.4</ele>
      </trkpt>
      <trkpt lat="35.309461" lon="126.949478">
        <ele>50.3</ele>
      </trkpt>
      <trkpt lat="35.309907" lon="126.951721">
        <ele>47.7</ele>
      </trkpt>
      <trkpt lat="35.31017" lon="126.952279">
        <ele>47.1</ele>
      </trkpt>
      <trkpt lat="35.31087" lon="126.95333">
        <ele>46.0</ele>
      </trkpt>
      <trkpt lat="35.314929" lon="126.95671">
        <ele>43.3</ele>
      </trkpt>
      <trkpt lat="35.31583" lon="126.95782">
        <ele>43.2</ele>
      </trkpt>
      <trkpt lat="35.31644" lon="126.95899">
        <ele>43.7</ele>
      </trkpt>
      <trkpt lat="35.31798" lon="126.964">
        <ele>44.0</ele>
      </trkpt>
      <trkpt lat="35.31825" lon="126.96532">
        <ele>44.5</ele>
      </trkpt>
      <trkpt lat="35.31837" lon="126.97061">
        <ele>45.3</ele>
      </trkpt>
      <trkpt lat="35.31856" lon="126.97313">
        <ele>46.3</ele>
      </trkpt>
      <trkpt lat="35.3187" lon="126.97555">
        <ele>47.3</ele>
      </trkpt>
      <trkpt lat="35.31948" lon="126.97833">
        <ele>48.3</ele>
      </trkpt>
      <trkpt lat="35.31995" lon="126.98263">
        <ele>49.3</ele>
      </trkpt>
      <trkpt lat="35.31987" lon="126.98525">
        <ele>50.1</ele>
      </trkpt>
      <trkpt lat="35.32047" lon="126.99233">
        <ele>50.9</ele>
      </trkpt>
      <trkpt lat="35.321599" lon="126.99661">
        <ele>51.8</ele>
      </trkpt>
      <trkpt lat="35.32148" lon="126.99714">
        <ele>52.6</ele>
      </trkpt>
      <trkpt lat="35.322539" lon="126.99928">
        <ele>53.3</ele>
      </trkpt>
      <trkpt lat="35.32381" lon="127.00367">
        <ele>54.1</ele>
      </trkpt>
      <trkpt lat="35.32637" lon="127.00659">
        <ele>54.7</ele>
      </trkpt>
      <trkpt lat="35.32795" lon="127.00908">
        <ele>55.1</ele>
      </trkpt>
      <trkpt lat="35.3288" lon="127.01018">
        <ele>55.6</ele>
      </trkpt>
      <trkpt lat="35.33077" lon="127.01197">
        <ele>55.9</ele>
      </trkpt>
      <trkpt lat="35.331962" lon="127.013711">
        <ele>57.0</ele>
      </trkpt>
      <trkpt lat="35.332367" lon="127.014995">
        <ele>57.5</ele>
      </trkpt>
      <trkpt lat="35.332127" lon="127.015524">
        <ele>58.1</ele>
      </trkpt>
      <trkpt lat="35.332254" lon="127.017281">
        <ele>62.6</ele>
      </trkpt>
      <trkpt lat="35.332817" lon="127.017495">
        <ele>63.5</ele>
      </trkpt>
      <trkpt lat="35.332754" lon="127.018148">
        <ele>65.4</ele>
      </trkpt>
      <trkpt lat="35.3329" lon="127.01868">
        <ele>66.2</ele>
      </trkpt>
      <trkpt lat="35.33288" lon="127.01891">
        <ele>66.6</ele>
      </trkpt>
      <trkpt lat="35.33275" lon="127.0192">
        <ele>67.0</ele>
      </trkpt>
      <trkpt lat="35.33266" lon="127.01947">
        <ele>67.4</ele>
      </trkpt>
      <trkpt lat="35.33262" lon="127.01968">
        <ele>67.8</ele>
      </trkpt>
      <trkpt lat="35.33252" lon="127.020387">
        <ele>68.0</ele>
      </trkpt>
      <trkpt lat="35.332926" lon="127.02062">
        <ele>61.8</ele>
      </trkpt>
      <trkpt lat="35.333685" lon="127.023525">
        <ele>61.5</ele>
      </trkpt>
      <trkpt lat="35.33419" lon="127.0247">
        <ele>62.0</ele>
      </trkpt>
      <trkpt lat="35.33455" lon="127.02535">
        <ele>62.3</ele>
      </trkpt>
      <trkpt lat="35.33515" lon="127.02623">
        <ele>62.6</ele>
      </trkpt>
      <trkpt lat="35.3362" lon="127.0275">
        <ele>62.9</ele>
      </trkpt>
      <trkpt lat="35.33806" lon="127.0295">
        <ele>63.3</ele>
      </trkpt>
      <trkpt lat="35.33828" lon="127.02977">
        <ele>63.8</ele>
      </trkpt>
      <trkpt lat="35.34129" lon="127.03093">
        <ele>64.4</ele>
      </trkpt>
      <trkpt lat="35.34288" lon="127.03153">
        <ele>64.9</ele>
      </trkpt>
      <trkpt lat="35.34324" lon="127.03177">
        <ele>65.5</ele>
      </trkpt>
      <trkpt lat="35.3434" lon="127.032">
        <ele>66.0</ele>
      </trkpt>
      <trkpt lat="35.34334" lon="127.03244">
        <ele>66.5</ele>
      </trkpt>
      <trkpt lat="35.34342" lon="127.03279">
        <ele>67.0</ele>
      </trkpt>
      <trkpt lat="35.34348" lon="127.03328">
        <ele>66.5</ele>
      </trkpt>
      <trkpt lat="35.3438" lon="127.03353">
        <ele>66.1</ele>
      </trkpt>
      <trkpt lat="35.344029" lon="127.0338">
        <ele>67.8</ele>
      </trkpt>
      <trkpt lat="35.3446" lon="127.03494">
        <ele>72.3</ele>
      </trkpt>
      <trkpt lat="35.34458" lon="127.03508">
        <ele>73.3</ele>
      </trkpt>
      <trkpt lat="35.34454" lon="127.03519">
        <ele>74.5</ele>
      </trkpt>
      <trkpt lat="35.34377" lon="127.03549">
        <ele>77.5</ele>
      </trkpt>
      <trkpt lat="35.34335" lon="127.03599">
        <ele>79.7</ele>
      </trkpt>
      <trkpt lat="35.34235" lon="127.0363">
        <ele>81.9</ele>
      </trkpt>
      <trkpt lat="35.34217" lon="127.03641">
        <ele>81.0</ele>
      </trkpt>
      <trkpt lat="35.34204" lon="127.03653">
        <ele>80.4</ele>
      </trkpt>
      <trkpt lat="35.34136" lon="127.03852">
        <ele>80.8</ele>
      </trkpt>
      <trkpt lat="35.34101" lon="127.03906">
        <ele>80.7</ele>
      </trkpt>
      <trkpt lat="35.34091" lon="127.03926">
        <ele>80.9</ele>
      </trkpt>
      <trkpt lat="35.34076" lon="127.04039">
        <ele>81.9</ele>
      </trkpt>
      <trkpt lat="35.3396" lon="127.04137">
        <ele>82.8</ele>
      </trkpt>
      <trkpt lat="35.339" lon="127.04208">
        <ele>87.5</ele>
      </trkpt>
      <trkpt lat="35.33866" lon="127.04224">
        <ele>88.6</ele>
      </trkpt>
      <trkpt lat="35.33852" lon="127.04242">
        <ele>89.7</ele>
      </trkpt>
      <trkpt lat="35.33786" lon="127.04308">
        <ele>91.9</ele>
      </trkpt>
      <trkpt lat="35.33742" lon="127.04412">
        <ele>97.9</ele>
      </trkpt>
      <trkpt lat="35.33682" lon="127.04486">
        <ele>103.7</ele>
      </trkpt>
      <trkpt lat="35.33659" lon="127.04508">
        <ele>105.7</ele>
      </trkpt>
      <trkpt lat="35.3364" lon="127.04516">
        <ele>106.5</ele>
      </trkpt>
      <trkpt lat="35.33636" lon="127.04566">
        <ele>109.5</ele>
      </trkpt>
      <trkpt lat="35.33592" lon="127.04608">
        <ele>111.5</ele>
      </trkpt>
      <trkpt lat="35.33578" lon="127.04618">
        <ele>111.7</ele>
      </trkpt>
      <trkpt lat="35.33557" lon="127.04612">
        <ele>111.8</ele>
      </trkpt>
      <trkpt lat="35.33473" lon="127.04659">
        <ele>111.9</ele>
      </trkpt>
      <trkpt lat="35.33457" lon="127.04665">
        <ele>111.8</ele>
      </trkpt>
      <trkpt lat="35.33357" lon="127.04649">
        <ele>112.3</ele>
      </trkpt>
      <trkpt lat="35.33219" lon="127.04685">
        <ele>113.7</ele>
      </trkpt>
      <trkpt lat="35.33181" lon="127.04726">
        <ele>119.0</ele>
      </trkpt>
      <trkpt lat="35.33076" lon="127.04688">
        <ele>123.7</ele>
      </trkpt>
      <trkpt lat="35.33029" lon="127.04635">
        <ele>128.5</ele>
      </trkpt>
      <trkpt lat="35.33014" lon="127.04643">
        <ele>129.7</ele>
      </trkpt>
      <trkpt lat="35.32997" lon="127.04659">
        <ele>131.5</ele>
      </trkpt>
      <trkpt lat="35.32893" lon="127.04695">
        <ele>136.1</ele>
      </trkpt>
      <trkpt lat="35.32874" lon="127.04706">
        <ele>137.2</ele>
      </trkpt>
      <trkpt lat="35.3285" lon="127.04738">
        <ele>138.3</ele>
      </trkpt>
      <trkpt lat="35.32812" lon="127.04748">
        <ele>139.5</ele>
      </trkpt>
      <trkpt lat="35.32766" lon="127.04831">
        <ele>143.3</ele>
      </trkpt>
      <trkpt lat="35.32687" lon="127.04878">
        <ele>147.5</ele>
      </trkpt>
      <trkpt lat="35.32659" lon="127.04956">
        <ele>147.7</ele>
      </trkpt>
      <trkpt lat="35.326569" lon="127.04969">
        <ele>147.4</ele>
      </trkpt>
      <trkpt lat="35.326569" lon="127.04992">
        <ele>145.9</ele>
      </trkpt>
      <trkpt lat="35.32679" lon="127.05085">
        <ele>141.3</ele>
      </trkpt>
      <trkpt lat="35.32656" lon="127.05177">
        <ele>137.5</ele>
      </trkpt>
      <trkpt lat="35.326505" lon="127.052872">
        <ele>133.7</ele>
      </trkpt>
      <trkpt lat="35.326853" lon="127.053515">
        <ele>136.1</ele>
      </trkpt>
      <trkpt lat="35.32833" lon="127.054239">
        <ele>135.0</ele>
      </trkpt>
      <trkpt lat="35.328798" lon="127.054645">
        <ele>131.0</ele>
      </trkpt>
      <trkpt lat="35.329524" lon="127.056018">
        <ele>131.2</ele>
      </trkpt>
      <trkpt lat="35.33147" lon="127.05799">
        <ele>127.0</ele>
      </trkpt>
      <trkpt lat="35.331919" lon="127.05924">
        <ele>126.5</ele>
      </trkpt>
      <trkpt lat="35.332235" lon="127.059885">
        <ele>125.9</ele>
      </trkpt>
      <trkpt lat="35.332906" lon="127.060586">
        <ele>125.3</ele>
      </trkpt>
      <trkpt lat="35.33343" lon="127.06125">
        <ele>124.7</ele>
      </trkpt>
      <trkpt lat="35.33422" lon="127.06302">
        <ele>124.9</ele>
      </trkpt>
      <trkpt lat="35.33442" lon="127.06362">
        <ele>124.3</ele>
      </trkpt>
      <trkpt lat="35.33449" lon="127.06407">
        <ele>124.1</ele>
      </trkpt>
      <trkpt lat="35.33448" lon="127.06504">
        <ele>123.7</ele>
      </trkpt>
      <trkpt lat="35.3346" lon="127.06581">
        <ele>123.3</ele>
      </trkpt>
      <trkpt lat="35.33472" lon="127.06605">
        <ele>122.8</ele>
      </trkpt>
      <trkpt lat="35.33488" lon="127.06613">
        <ele>122.3</ele>
      </trkpt>
      <trkpt lat="35.33574" lon="127.06647">
        <ele>121.7</ele>
      </trkpt>
      <trkpt lat="35.335949" lon="127.06672">
        <ele>121.3</ele>
      </trkpt>
      <trkpt lat="35.33612" lon="127.0672">
        <ele>121.2</ele>
      </trkpt>
      <trkpt lat="35.33641" lon="127.06866">
        <ele>120.9</ele>
      </trkpt>
      <trkpt lat="35.33618" lon="127.07018">
        <ele>119.9</ele>
      </trkpt>
      <trkpt lat="35.3361" lon="127.07329">
        <ele>119.8</ele>
      </trkpt>
      <trkpt lat="35.336039" lon="127.07354">
        <ele>118.9</ele>
      </trkpt>
      <trkpt lat="35.33592" lon="127.07378">
        <ele>118.8</ele>
      </trkpt>
      <trkpt lat="35.3358" lon="127.07403">
        <ele>118.3</ele>
      </trkpt>
      <trkpt lat="35.33507" lon="127.07481">
        <ele>117.5</ele>
      </trkpt>
      <trkpt lat="35.3349" lon="127.07523">
        <ele>117.3</ele>
      </trkpt>
      <trkpt lat="35.33477" lon="127.07547">
        <ele>117.1</ele>
      </trkpt>
      <trkpt lat="35.333979" lon="127.07656">
        <ele>116.9</ele>
      </trkpt>
      <trkpt lat="35.33382" lon="127.07692">
        <ele>116.6</ele>
      </trkpt>
      <trkpt lat="35.33368" lon="127.07729">
        <ele>116.5</ele>
      </trkpt>
      <trkpt lat="35.33332" lon="127.07927">
        <ele>115.9</ele>
      </trkpt>
      <trkpt lat="35.332812" lon="127.080013">
        <ele>114.9</ele>
      </trkpt>
      <trkpt lat="35.332676" lon="127.079988">
        <ele>114.1</ele>
      </trkpt>
      <trkpt lat="35.332406" lon="127.080337">
        <ele>113.5</ele>
      </trkpt>
      <trkpt lat="35.33186" lon="127.08105">
        <ele>113.5</ele>
      </trkpt>
      <trkpt lat="35.33142" lon="127.08198">
        <ele>113.5</ele>
      </trkpt>
      <trkpt lat="35.33122" lon="127.08234">
        <ele>113.3</ele>
      </trkpt>
      <trkpt lat="35.33077" lon="127.0828">
        <ele>113.1</ele>
      </trkpt>
      <trkpt lat="35.32916" lon="127.08421">
        <ele>112.5</ele>
      </trkpt>
      <trkpt lat="35.328919" lon="127.08447">
        <ele>112.1</ele>
      </trkpt>
      <trkpt lat="35.32871" lon="127.08483">
        <ele>111.5</ele>
      </trkpt>
      <trkpt lat="35.32861" lon="127.08533">
        <ele>111.1</ele>
      </trkpt>
      <trkpt lat="35.32848" lon="127.08691">
        <ele>110.9</ele>
      </trkpt>
      <trkpt lat="35.327219" lon="127.08968">
        <ele>110.0</ele>
      </trkpt>
      <trkpt lat="35.32687" lon="127.09143">
        <ele>109.8</ele>
      </trkpt>
      <trkpt lat="35.32685" lon="127.09168">
        <ele>109.5</ele>
      </trkpt>
      <trkpt lat="35.32689" lon="127.09198">
        <ele>109.3</ele>
      </trkpt>
      <trkpt lat="35.327039" lon="127.09235">
        <ele>108.8</ele>
      </trkpt>
      <trkpt lat="35.3273" lon="127.09272">
        <ele>108.3</ele>
      </trkpt>
      <trkpt lat="35.33027" lon="127.09393">
        <ele>108.3</ele>
      </trkpt>
      <trkpt lat="35.33058" lon="127.09437">
        <ele>108.5</ele>
      </trkpt>
      <trkpt lat="35.3309" lon="127.09605">
        <ele>109.1</ele>
      </trkpt>
      <trkpt lat="35.33084" lon="127.09629">
        <ele>109.3</ele>
      </trkpt>
      <trkpt lat="35.33065" lon="127.09667">
        <ele>110.1</ele>
      </trkpt>
      <trkpt lat="35.33041" lon="127.09701">
        <ele>110.3</ele>
      </trkpt>
      <trkpt lat="35.33006" lon="127.09726">
        <ele>110.2</ele>
      </trkpt>
      <trkpt lat="35.32968" lon="127.09767">
        <ele>111.0</ele>
      </trkpt>
      <trkpt lat="35.3294" lon="127.09831">
        <ele>110.5</ele>
      </trkpt>
      <trkpt lat="35.32899" lon="127.09819">
        <ele>110.5</ele>
      </trkpt>
      <trkpt lat="35.32883" lon="127.09949">
        <ele>110.1</ele>
      </trkpt>
      <trkpt lat="35.32887" lon="127.09991">
        <ele>109.7</ele>
      </trkpt>
      <trkpt lat="35.32916" lon="127.10028">
        <ele>109.3</ele>
      </trkpt>
      <trkpt lat="35.33137" lon="127.10158">
        <ele>108.9</ele>
      </trkpt>
      <trkpt lat="35.33181" lon="127.10187">
        <ele>108.5</ele>
      </trkpt>
      <trkpt lat="35.3319" lon="127.10202">
        <ele>108.1</ele>
      </trkpt>
      <trkpt lat="35.3319" lon="127.10349">
        <ele>106.3</ele>
      </trkpt>
      <trkpt lat="35.332299" lon="127.10447">
        <ele>104.9</ele>
      </trkpt>
      <trkpt lat="35.33225" lon="127.10481">
        <ele>104.8</ele>
      </trkpt>
      <trkpt lat="35.33206" lon="127.10513">
        <ele>104.7</ele>
      </trkpt>
      <trkpt lat="35.33102" lon="127.10633">
        <ele>104.2</ele>
      </trkpt>
      <trkpt lat="35.33063" lon="127.10755">
        <ele>103.8</ele>
      </trkpt>
      <trkpt lat="35.33046" lon="127.10762">
        <ele>103.7</ele>
      </trkpt>
      <trkpt lat="35.3302" lon="127.10757">
        <ele>103.6</ele>
      </trkpt>
      <trkpt lat="35.3297" lon="127.10754">
        <ele>103.5</ele>
      </trkpt>
      <trkpt lat="35.32927" lon="127.10763">
        <ele>103.5</ele>
      </trkpt>
      <trkpt lat="35.32841" lon="127.10792">
        <ele>103.7</ele>
      </trkpt>
      <trkpt lat="35.327979" lon="127.10836">
        <ele>103.9</ele>
      </trkpt>
      <trkpt lat="35.32754" lon="127.10885">
        <ele>104.1</ele>
      </trkpt>
      <trkpt lat="35.32718" lon="127.10908">
        <ele>104.3</ele>
      </trkpt>
      <trkpt lat="35.32691" lon="127.10916">
        <ele>104.5</ele>
      </trkpt>
      <trkpt lat="35.32678" lon="127.10913">
        <ele>104.6</ele>
      </trkpt>
      <trkpt lat="35.32667" lon="127.109">
        <ele>104.8</ele>
      </trkpt>
      <trkpt lat="35.32646" lon="127.10845">
        <ele>106.7</ele>
      </trkpt>
      <trkpt lat="35.32632" lon="127.10852">
        <ele>107.2</ele>
      </trkpt>
      <trkpt lat="35.32642" lon="127.109">
        <ele>107.3</ele>
      </trkpt>
      <trkpt lat="35.32637" lon="127.10922">
        <ele>107.6</ele>
      </trkpt>
      <trkpt lat="35.32603" lon="127.10953">
        <ele>107.6</ele>
      </trkpt>
      <trkpt lat="35.325629" lon="127.10996">
        <ele>107.5</ele>
      </trkpt>
      <trkpt lat="35.32539" lon="127.11058">
        <ele>107.2</ele>
      </trkpt>
      <trkpt lat="35.32517" lon="127.11139">
        <ele>106.9</ele>
      </trkpt>
      <trkpt lat="35.32497" lon="127.11159">
        <ele>106.5</ele>
      </trkpt>
      <trkpt lat="35.32182" lon="127.11251">
        <ele>105.9</ele>
      </trkpt>
      <trkpt lat="35.319339" lon="127.11359">
        <ele>103.7</ele>
      </trkpt>
      <trkpt lat="35.319249" lon="127.11375">
        <ele>103.2</ele>
      </trkpt>
      <trkpt lat="35.31912" lon="127.11427">
        <ele>102.6</ele>
      </trkpt>
      <trkpt lat="35.31915" lon="127.11464">
        <ele>102.2</ele>
      </trkpt>
      <trkpt lat="35.32027" lon="127.11637">
        <ele>100.7</ele>
      </trkpt>
      <trkpt lat="35.32043" lon="127.11717">
        <ele>100.6</ele>
      </trkpt>
      <trkpt lat="35.320569" lon="127.11811">
        <ele>100.5</ele>
      </trkpt>
      <trkpt lat="35.32095" lon="127.11901">
        <ele>100.2</ele>
      </trkpt>
      <trkpt lat="35.3211" lon="127.11965">
        <ele>99.9</ele>
      </trkpt>
      <trkpt lat="35.321129" lon="127.12045">
        <ele>99.7</ele>
      </trkpt>
      <trkpt lat="35.32104" lon="127.12073">
        <ele>99.5</ele>
      </trkpt>
      <trkpt lat="35.32082" lon="127.12096">
        <ele>99.1</ele>
      </trkpt>
      <trkpt lat="35.31984" lon="127.1213">
        <ele>98.7</ele>
      </trkpt>
      <trkpt lat="35.31939" lon="127.1215">
        <ele>98.3</ele>
      </trkpt>
      <trkpt lat="35.31904" lon="127.1218">
        <ele>98.1</ele>
      </trkpt>
      <trkpt lat="35.31811" lon="127.12601">
        <ele>98.0</ele>
      </trkpt>
      <trkpt lat="35.31756" lon="127.12698">
        <ele>97.8</ele>
      </trkpt>
      <trkpt lat="35.31661" lon="127.12834">
        <ele>97.7</ele>
      </trkpt>
      <trkpt lat="35.31603" lon="127.12954">
        <ele>97.4</ele>
      </trkpt>
      <trkpt lat="35.31555" lon="127.13081">
        <ele>96.9</ele>
      </trkpt>
      <trkpt lat="35.31546" lon="127.13122">
        <ele>96.4</ele>
      </trkpt>
      <trkpt lat="35.31553" lon="127.13171">
        <ele>95.9</ele>
      </trkpt>
      <trkpt lat="35.31564" lon="127.13207">
        <ele>95.5</ele>
      </trkpt>
      <trkpt lat="35.31598" lon="127.13268">
        <ele>95.2</ele>
      </trkpt>
      <trkpt lat="35.31668" lon="127.13356">
        <ele>95.7</ele>
      </trkpt>
      <trkpt lat="35.32224" lon="127.13558">
        <ele>98.1</ele>
      </trkpt>
      <trkpt lat="35.32284" lon="127.13561">
        <ele>98.1</ele>
      </trkpt>
      <trkpt lat="35.323294" lon="127.135411">
        <ele>98.9</ele>
      </trkpt>
      <trkpt lat="35.323851" lon="127.138737">
        <ele>100.1</ele>
      </trkpt>
      <trkpt lat="35.323977" lon="127.139779">
        <ele>102.0</ele>
      </trkpt>
      <trkpt lat="35.32466" lon="127.140976">
        <ele>104.2</ele>
      </trkpt>
      <trkpt lat="35.32475" lon="127.141464">
        <ele>106.3</ele>
      </trkpt>
      <trkpt lat="35.32457" lon="127.142373">
        <ele>108.6</ele>
      </trkpt>
      <trkpt lat="35.324552" lon="127.14306">
        <ele>111.8</ele>
      </trkpt>
      <trkpt lat="35.325163" lon="127.146608">
        <ele>114.7</ele>
      </trkpt>
      <trkpt lat="35.325539" lon="127.14714">
        <ele>117.7</ele>
      </trkpt>
      <trkpt lat="35.326295" lon="127.148049">
        <ele>118.6</ele>
      </trkpt>
      <trkpt lat="35.326528" lon="127.148803">
        <ele>119.0</ele>
      </trkpt>
      <trkpt lat="35.326834" lon="127.151974">
        <ele>119.7</ele>
      </trkpt>
      <trkpt lat="35.327031" lon="127.15275">
        <ele>120.5</ele>
      </trkpt>
      <trkpt lat="35.327517" lon="127.153504">
        <ele>121.2</ele>
      </trkpt>
      <trkpt lat="35.328541" lon="127.154324">
        <ele>121.9</ele>
      </trkpt>
      <trkpt lat="35.328864" lon="127.154923">
        <ele>121.9</ele>
      </trkpt>
      <trkpt lat="35.329421" lon="127.155877">
        <ele>121.7</ele>
      </trkpt>
      <trkpt lat="35.330014" lon="127.15652">
        <ele>120.9</ele>
      </trkpt>
      <trkpt lat="35.330499" lon="127.157673">
        <ele>119.6</ele>
      </trkpt>
      <trkpt lat="35.330822" lon="127.158138">
        <ele>118.5</ele>
      </trkpt>
      <trkpt lat="35.331218" lon="127.158183">
        <ele>117.1</ele>
      </trkpt>
      <trkpt lat="35.331828" lon="127.158183">
        <ele>114.5</ele>
      </trkpt>
      <trkpt lat="35.332834" lon="127.158693">
        <ele>112.5</ele>
      </trkpt>
      <trkpt lat="35.33438" lon="127.159269">
        <ele>110.6</ele>
      </trkpt>
      <trkpt lat="35.334739" lon="127.159624">
        <ele>109.4</ele>
      </trkpt>
      <trkpt lat="35.335313" lon="127.160489">
        <ele>108.2</ele>
      </trkpt>
      <trkpt lat="35.335943" lon="127.160888">
        <ele>107.1</ele>
      </trkpt>
      <trkpt lat="35.33729" lon="127.162861">
        <ele>105.8</ele>
      </trkpt>
      <trkpt lat="35.337811" lon="127.163283">
        <ele>104.4</ele>
      </trkpt>
      <trkpt lat="35.340165" lon="127.164236">
        <ele>103.6</ele>
      </trkpt>
      <trkpt lat="35.341189" lon="127.165389">
        <ele>101.3</ele>
      </trkpt>
      <trkpt lat="35.342411" lon="127.166498">
        <ele>99.9</ele>
      </trkpt>
      <trkpt lat="35.342734" lon="127.167096">
        <ele>98.7</ele>
      </trkpt>
      <trkpt lat="35.342914" lon="127.168316">
        <ele>98.5</ele>
      </trkpt>
      <trkpt lat="35.343129" lon="127.168804">
        <ele>97.9</ele>
      </trkpt>
      <trkpt lat="35.343507" lon="127.16907">
        <ele>97.3</ele>
      </trkpt>
      <trkpt lat="35.344459" lon="127.169757">
        <ele>96.7</ele>
      </trkpt>
      <trkpt lat="35.343848" lon="127.170334">
        <ele>96.0</ele>
      </trkpt>
      <trkpt lat="35.343255" lon="127.170999">
        <ele>95.8</ele>
      </trkpt>
      <trkpt lat="35.34289" lon="127.171645">
        <ele>95.5</ele>
      </trkpt>
      <trkpt lat="35.342688" lon="127.172543">
        <ele>95.5</ele>
      </trkpt>
      <trkpt lat="35.341702" lon="127.184732">
        <ele>104.1</ele>
      </trkpt>
      <trkpt lat="35.341429" lon="127.184948">
        <ele>103.3</ele>
      </trkpt>
      <trkpt lat="35.34049" lon="127.1863">
        <ele>102.7</ele>
      </trkpt>
      <trkpt lat="35.33979" lon="127.18716">
        <ele>102.0</ele>
      </trkpt>
      <trkpt lat="35.33885" lon="127.18818">
        <ele>101.3</ele>
      </trkpt>
      <trkpt lat="35.33864" lon="127.188463">
        <ele>99.9</ele>
      </trkpt>
      <trkpt lat="35.338639" lon="127.188464">
        <ele>91.7</ele>
      </trkpt>
      <trkpt lat="35.33668" lon="127.19012">
        <ele>98.9</ele>
      </trkpt>
      <trkpt lat="35.3365" lon="127.19027">
        <ele>97.3</ele>
      </trkpt>
      <trkpt lat="35.335994" lon="127.1884">
        <ele>79.9</ele>
      </trkpt>
      <trkpt lat="35.335738" lon="127.187907">
        <ele>79.1</ele>
      </trkpt>
      <trkpt lat="35.335401" lon="127.187402">
        <ele>78.7</ele>
      </trkpt>
      <trkpt lat="35.334993" lon="127.186926">
        <ele>77.3</ele>
      </trkpt>
      <trkpt lat="35.334606" lon="127.186537">
        <ele>76.0</ele>
      </trkpt>
      <trkpt lat="35.332393" lon="127.185157">
        <ele>72.2</ele>
      </trkpt>
      <trkpt lat="35.33184" lon="127.184925">
        <ele>71.9</ele>
      </trkpt>
      <trkpt lat="35.331369" lon="127.184808">
        <ele>71.3</ele>
      </trkpt>
      <trkpt lat="35.330892" lon="127.18472">
        <ele>71.0</ele>
      </trkpt>
      <trkpt lat="35.330439" lon="127.184708">
        <ele>70.7</ele>
      </trkpt>
      <trkpt lat="35.328351" lon="127.184914">
        <ele>70.7</ele>
      </trkpt>
      <trkpt lat="35.326599" lon="127.185418">
        <ele>70.2</ele>
      </trkpt>
      <trkpt lat="35.32528" lon="127.18636">
        <ele>69.4</ele>
      </trkpt>
      <trkpt lat="35.32441" lon="127.18713">
        <ele>68.9</ele>
      </trkpt>
      <trkpt lat="35.32381" lon="127.18805">
        <ele>68.6</ele>
      </trkpt>
      <trkpt lat="35.32239" lon="127.19141">
        <ele>67.8</ele>
      </trkpt>
      <trkpt lat="35.32051" lon="127.19613">
        <ele>67.5</ele>
      </trkpt>
      <trkpt lat="35.31964" lon="127.19757">
        <ele>67.4</ele>
      </trkpt>
      <trkpt lat="35.31901" lon="127.19844">
        <ele>67.0</ele>
      </trkpt>
      <trkpt lat="35.31854" lon="127.19872">
        <ele>66.5</ele>
      </trkpt>
      <trkpt lat="35.31806" lon="127.1988">
        <ele>66.0</ele>
      </trkpt>
      <trkpt lat="35.31759" lon="127.19926">
        <ele>65.8</ele>
      </trkpt>
      <trkpt lat="35.31742" lon="127.19969">
        <ele>65.8</ele>
      </trkpt>
      <trkpt lat="35.316989" lon="127.20143">
        <ele>65.7</ele>
      </trkpt>
      <trkpt lat="35.31703" lon="127.20177">
        <ele>65.8</ele>
      </trkpt>
      <trkpt lat="35.31713" lon="127.20325">
        <ele>65.7</ele>
      </trkpt>
      <trkpt lat="35.31706" lon="127.20391">
        <ele>65.7</ele>
      </trkpt>
      <trkpt lat="35.31707" lon="127.20454">
        <ele>65.7</ele>
      </trkpt>
      <trkpt lat="35.31723" lon="127.20576">
        <ele>65.9</ele>
      </trkpt>
      <trkpt lat="35.31721" lon="127.207">
        <ele>65.9</ele>
      </trkpt>
      <trkpt lat="35.31716" lon="127.20833">
        <ele>66.5</ele>
      </trkpt>
      <trkpt lat="35.31785" lon="127.21363">
        <ele>66.3</ele>
      </trkpt>
      <trkpt lat="35.31811" lon="127.21432">
        <ele>66.5</ele>
      </trkpt>
      <trkpt lat="35.31865" lon="127.21487">
        <ele>66.8</ele>
      </trkpt>
      <trkpt lat="35.3195" lon="127.21549">
        <ele>67.0</ele>
      </trkpt>
      <trkpt lat="35.32013" lon="127.21579">
        <ele>67.3</ele>
      </trkpt>
      <trkpt lat="35.3207" lon="127.21591">
        <ele>67.3</ele>
      </trkpt>
      <trkpt lat="35.32158" lon="127.21587">
        <ele>67.6</ele>
      </trkpt>
      <trkpt lat="35.32874" lon="127.21466">
        <ele>67.5</ele>
      </trkpt>
      <trkpt lat="35.33049" lon="127.21475">
        <ele>67.5</ele>
      </trkpt>
      <trkpt lat="35.33222" lon="127.21546">
        <ele>67.4</ele>
      </trkpt>
      <trkpt lat="35.33504" lon="127.21728">
        <ele>67.3</ele>
      </trkpt>
      <trkpt lat="35.33588" lon="127.21803">
        <ele>67.4</ele>
      </trkpt>
      <trkpt lat="35.33687" lon="127.21948">
        <ele>67.4</ele>
      </trkpt>
      <trkpt lat="35.337406" lon="127.221229">
        <ele>63.0</ele>
      </trkpt>
      <trkpt lat="35.337552" lon="127.22226">
        <ele>68.6</ele>
      </trkpt>
      <trkpt lat="35.337557" lon="127.224244">
        <ele>67.0</ele>
      </trkpt>
      <trkpt lat="35.337715" lon="127.225829">
        <ele>65.5</ele>
      </trkpt>
      <trkpt lat="35.337798" lon="127.226046">
        <ele>65.2</ele>
      </trkpt>
      <trkpt lat="35.337993" lon="127.226142">
        <ele>65.0</ele>
      </trkpt>
      <trkpt lat="35.338007" lon="127.226693">
        <ele>65.0</ele>
      </trkpt>
      <trkpt lat="35.337442" lon="127.226988">
        <ele>62.3</ele>
      </trkpt>
      <trkpt lat="35.336539" lon="127.231109">
        <ele>59.4</ele>
      </trkpt>
      <trkpt lat="35.336675" lon="127.231652">
        <ele>62.6</ele>
      </trkpt>
      <trkpt lat="35.336556" lon="127.231955">
        <ele>66.5</ele>
      </trkpt>
      <trkpt lat="35.33428" lon="127.23419">
        <ele>66.1</ele>
      </trkpt>
      <trkpt lat="35.333889" lon="127.23441">
        <ele>66.1</ele>
      </trkpt>
      <trkpt lat="35.33365" lon="127.23452">
        <ele>66.1</ele>
      </trkpt>
      <trkpt lat="35.33122" lon="127.235">
        <ele>66.7</ele>
      </trkpt>
      <trkpt lat="35.33082" lon="127.23519">
        <ele>66.7</ele>
      </trkpt>
      <trkpt lat="35.33057" lon="127.23533">
        <ele>67.1</ele>
      </trkpt>
      <trkpt lat="35.33016" lon="127.23574">
        <ele>66.8</ele>
      </trkpt>
      <trkpt lat="35.32974" lon="127.23643">
        <ele>67.1</ele>
      </trkpt>
      <trkpt lat="35.32962" lon="127.2367">
        <ele>67.5</ele>
      </trkpt>
      <trkpt lat="35.32952" lon="127.23705">
        <ele>67.2</ele>
      </trkpt>
      <trkpt lat="35.32927" lon="127.23812">
        <ele>67.1</ele>
      </trkpt>
      <trkpt lat="35.329" lon="127.23896">
        <ele>67.1</ele>
      </trkpt>
      <trkpt lat="35.32876" lon="127.23938">
        <ele>66.9</ele>
      </trkpt>
      <trkpt lat="35.32821" lon="127.24001">
        <ele>66.8</ele>
      </trkpt>
      <trkpt lat="35.32781" lon="127.24035">
        <ele>66.9</ele>
      </trkpt>
      <trkpt lat="35.324456" lon="127.242909">
        <ele>65.5</ele>
      </trkpt>
      <trkpt lat="35.323891" lon="127.243489">
        <ele>66.1</ele>
      </trkpt>
      <trkpt lat="35.32355" lon="127.244132">
        <ele>66.1</ele>
      </trkpt>
      <trkpt lat="35.322795" lon="127.24564">
        <ele>66.3</ele>
      </trkpt>
      <trkpt lat="35.321879" lon="127.246904">
        <ele>66.0</ele>
      </trkpt>
      <trkpt lat="35.320513" lon="127.248766">
        <ele>65.3</ele>
      </trkpt>
      <trkpt lat="35.319974" lon="127.24972">
        <ele>65.0</ele>
      </trkpt>
      <trkpt lat="35.319148" lon="127.251139">
        <ele>65.4</ele>
      </trkpt>
      <trkpt lat="35.318573" lon="127.25176">
        <ele>65.6</ele>
      </trkpt>
      <trkpt lat="35.31683" lon="127.252847">
        <ele>66.1</ele>
      </trkpt>
      <trkpt lat="35.316093" lon="127.25349">
        <ele>65.8</ele>
      </trkpt>
      <trkpt lat="35.3155" lon="127.254399">
        <ele>65.4</ele>
      </trkpt>
      <trkpt lat="35.314853" lon="127.256062">
        <ele>65.4</ele>
      </trkpt>
      <trkpt lat="35.313524" lon="127.260053">
        <ele>66.1</ele>
      </trkpt>
      <trkpt lat="35.313524" lon="127.260962">
        <ele>66.9</ele>
      </trkpt>
      <trkpt lat="35.31374" lon="127.262093">
        <ele>66.3</ele>
      </trkpt>
      <trkpt lat="35.314405" lon="127.263667">
        <ele>65.1</ele>
      </trkpt>
      <trkpt lat="35.314763" lon="127.265397">
        <ele>64.8</ele>
      </trkpt>
      <trkpt lat="35.314746" lon="127.266661">
        <ele>63.8</ele>
      </trkpt>
      <trkpt lat="35.314225" lon="127.270031">
        <ele>62.9</ele>
      </trkpt>
      <trkpt lat="35.314297" lon="127.274688">
        <ele>62.5</ele>
      </trkpt>
      <trkpt lat="35.314387" lon="127.275907">
        <ele>61.7</ele>
      </trkpt>
      <trkpt lat="35.315518" lon="127.284754">
        <ele>60.7</ele>
      </trkpt>
      <trkpt lat="35.316004" lon="127.286728">
        <ele>60.1</ele>
      </trkpt>
      <trkpt lat="35.316111" lon="127.288103">
        <ele>59.2</ele>
      </trkpt>
      <trkpt lat="35.316704" lon="127.292582">
        <ele>59.0</ele>
      </trkpt>
      <trkpt lat="35.317064" lon="127.294755">
        <ele>58.8</ele>
      </trkpt>
      <trkpt lat="35.317513" lon="127.295997">
        <ele>57.9</ele>
      </trkpt>
      <trkpt lat="35.318124" lon="127.298924">
        <ele>57.1</ele>
      </trkpt>
      <trkpt lat="35.318501" lon="127.298946">
        <ele>56.8</ele>
      </trkpt>
      <trkpt lat="35.318411" lon="127.306685">
        <ele>57.0</ele>
      </trkpt>
      <trkpt lat="35.318501" lon="127.309612">
        <ele>56.8</ele>
      </trkpt>
      <trkpt lat="35.31877" lon="127.31092">
        <ele>56.7</ele>
      </trkpt>
      <trkpt lat="35.320028" lon="127.314867">
        <ele>57.0</ele>
      </trkpt>
      <trkpt lat="35.32032" lon="127.316841">
        <ele>57.1</ele>
      </trkpt>
      <trkpt lat="35.321849" lon="127.327812">
        <ele>57.2</ele>
      </trkpt>
      <trkpt lat="35.322684" lon="127.328079">
        <ele>57.4</ele>
      </trkpt>
      <trkpt lat="35.324259" lon="127.3272">
        <ele>57.7</ele>
      </trkpt>
      <trkpt lat="35.324626" lon="127.327122">
        <ele>59.0</ele>
      </trkpt>
      <trkpt lat="35.325075" lon="127.32733">
        <ele>59.9</ele>
      </trkpt>
      <trkpt lat="35.325567" lon="127.327746">
        <ele>60.1</ele>
      </trkpt>
      <trkpt lat="35.326026" lon="127.328212">
        <ele>60.1</ele>
      </trkpt>
      <trkpt lat="35.326807" lon="127.328744">
        <ele>60.2</ele>
      </trkpt>
      <trkpt lat="35.327571" lon="127.329065">
        <ele>60.4</ele>
      </trkpt>
      <trkpt lat="35.328451" lon="127.328977">
        <ele>60.7</ele>
      </trkpt>
      <trkpt lat="35.328726" lon="127.329154">
        <ele>61.4</ele>
      </trkpt>
      <trkpt lat="35.327962" lon="127.329908">
        <ele>61.9</ele>
      </trkpt>
      <trkpt lat="35.327127" lon="127.330418">
        <ele>62.3</ele>
      </trkpt>
      <trkpt lat="35.326946" lon="127.330862">
        <ele>62.5</ele>
      </trkpt>
      <trkpt lat="35.326205" lon="127.333247">
        <ele>62.9</ele>
      </trkpt>
      <trkpt lat="35.326115" lon="127.334936">
        <ele>63.0</ele>
      </trkpt>
      <trkpt lat="35.326637" lon="127.336433">
        <ele>63.0</ele>
      </trkpt>
      <trkpt lat="35.326731" lon="127.336998">
        <ele>62.9</ele>
      </trkpt>
      <trkpt lat="35.326651" lon="127.337381">
        <ele>63.5</ele>
      </trkpt>
      <trkpt lat="35.326434" lon="127.338245">
        <ele>64.3</ele>
      </trkpt>
      <trkpt lat="35.3263" lon="127.339992">
        <ele>64.9</ele>
      </trkpt>
      <trkpt lat="35.326192" lon="127.340424">
        <ele>65.1</ele>
      </trkpt>
      <trkpt lat="35.32568" lon="127.341522">
        <ele>65.2</ele>
      </trkpt>
      <trkpt lat="35.32568" lon="127.341888">
        <ele>65.3</ele>
      </trkpt>
      <trkpt lat="35.326109" lon="127.342735">
        <ele>65.5</ele>
      </trkpt>
      <trkpt lat="35.326506" lon="127.343914">
        <ele>65.7</ele>
      </trkpt>
      <trkpt lat="35.32669" lon="127.344432">
        <ele>66.7</ele>
      </trkpt>
      <trkpt lat="35.326704" lon="127.345048">
        <ele>67.4</ele>
      </trkpt>
      <trkpt lat="35.326327" lon="127.346195">
        <ele>67.9</ele>
      </trkpt>
      <trkpt lat="35.326246" lon="127.346844">
        <ele>68.9</ele>
      </trkpt>
      <trkpt lat="35.326354" lon="127.347376">
        <ele>69.9</ele>
      </trkpt>
      <trkpt lat="35.326583" lon="127.347825">
        <ele>71.7</ele>
      </trkpt>
      <trkpt lat="35.326987" lon="127.348407">
        <ele>72.9</ele>
      </trkpt>
      <trkpt lat="35.327567" lon="127.349072">
        <ele>74.1</ele>
      </trkpt>
      <trkpt lat="35.328901" lon="127.350369">
        <ele>74.5</ele>
      </trkpt>
      <trkpt lat="35.329157" lon="127.350818">
        <ele>74.9</ele>
      </trkpt>
      <trkpt lat="35.330208" lon="127.353413">
        <ele>76.4</ele>
      </trkpt>
      <trkpt lat="35.330289" lon="127.354643">
        <ele>77.9</ele>
      </trkpt>
      <trkpt lat="35.330855" lon="127.356157">
        <ele>79.3</ele>
      </trkpt>
      <trkpt lat="35.330936" lon="127.358817">
        <ele>83.2</ele>
      </trkpt>
      <trkpt lat="35.331192" lon="127.360647">
        <ele>84.8</ele>
      </trkpt>
      <trkpt lat="35.331677" lon="127.362193">
        <ele>86.3</ele>
      </trkpt>
      <trkpt lat="35.331746" lon="127.362781">
        <ele>87.7</ele>
      </trkpt>
      <trkpt lat="35.33168" lon="127.36317">
        <ele>89.9</ele>
      </trkpt>
      <trkpt lat="35.33231" lon="127.3635">
        <ele>91.1</ele>
      </trkpt>
      <trkpt lat="35.33287" lon="127.3641">
        <ele>91.7</ele>
      </trkpt>
      <trkpt lat="35.33415" lon="127.36602">
        <ele>95.5</ele>
      </trkpt>
      <trkpt lat="35.33466" lon="127.36666">
        <ele>96.3</ele>
      </trkpt>
      <trkpt lat="35.33534" lon="127.36744">
        <ele>97.1</ele>
      </trkpt>
      <trkpt lat="35.33834" lon="127.37196">
        <ele>101.3</ele>
      </trkpt>
      <trkpt lat="35.33851" lon="127.37229">
        <ele>101.5</ele>
      </trkpt>
      <trkpt lat="35.3387" lon="127.37284">
        <ele>101.0</ele>
      </trkpt>
      <trkpt lat="35.33947" lon="127.37329">
        <ele>100.7</ele>
      </trkpt>
      <trkpt lat="35.34015" lon="127.37362">
        <ele>101.3</ele>
      </trkpt>
      <trkpt lat="35.34081" lon="127.37379">
        <ele>101.7</ele>
      </trkpt>
      <trkpt lat="35.342323" lon="127.374509">
        <ele>102.8</ele>
      </trkpt>
      <trkpt lat="35.342781" lon="127.374538">
        <ele>102.1</ele>
      </trkpt>
      <trkpt lat="35.344072" lon="127.375778">
        <ele>106.1</ele>
      </trkpt>
      <trkpt lat="35.34486" lon="127.37733">
        <ele>113.7</ele>
      </trkpt>
      <trkpt lat="35.34582" lon="127.37842">
        <ele>119.3</ele>
      </trkpt>
      <trkpt lat="35.34761" lon="127.38408">
        <ele>124.3</ele>
      </trkpt>
      <trkpt lat="35.34794" lon="127.38556">
        <ele>130.3</ele>
      </trkpt>
      <trkpt lat="35.350456" lon="127.389709">
        <ele>147.0</ele>
      </trkpt>
      <trkpt lat="35.351505" lon="127.390583">
        <ele>151.6</ele>
      </trkpt>
      <trkpt lat="35.353571" lon="127.391594">
        <ele>170.3</ele>
      </trkpt>
      <trkpt lat="35.353953" lon="127.391927">
        <ele>169.0</ele>
      </trkpt>
      <trkpt lat="35.35428" lon="127.392452">
        <ele>174.5</ele>
      </trkpt>
      <trkpt lat="35.354463" lon="127.393074">
        <ele>178.9</ele>
      </trkpt>
      <trkpt lat="35.354377" lon="127.394524">
        <ele>186.7</ele>
      </trkpt>
      <trkpt lat="35.354451" lon="127.395092">
        <ele>189.5</ele>
      </trkpt>
      <trkpt lat="35.354909" lon="127.39581">
        <ele>192.9</ele>
      </trkpt>
      <trkpt lat="35.35545" lon="127.39614">
        <ele>193.7</ele>
      </trkpt>
      <trkpt lat="35.35604" lon="127.39647">
        <ele>194.5</ele>
      </trkpt>
      <trkpt lat="35.35651" lon="127.39668">
        <ele>195.9</ele>
      </trkpt>
      <trkpt lat="35.35673" lon="127.39672">
        <ele>197.7</ele>
      </trkpt>
      <trkpt lat="35.35826" lon="127.3959">
        <ele>204.5</ele>
      </trkpt>
      <trkpt lat="35.35969" lon="127.39684">
        <ele>204.4</ele>
      </trkpt>
      <trkpt lat="35.3611" lon="127.39619">
        <ele>204.7</ele>
      </trkpt>
      <trkpt lat="35.36186" lon="127.39612">
        <ele>205.0</ele>
      </trkpt>
      <trkpt lat="35.362392" lon="127.396103">
        <ele>204.6</ele>
      </trkpt>
      <trkpt lat="35.363018" lon="127.396174">
        <ele>201.0</ele>
      </trkpt>
      <trkpt lat="35.364138" lon="127.39557">
        <ele>197.8</ele>
      </trkpt>
      <trkpt lat="35.364426" lon="127.395607">
        <ele>202.8</ele>
      </trkpt>
      <trkpt lat="35.364646" lon="127.395919">
        <ele>199.0</ele>
      </trkpt>
      <trkpt lat="35.364603" lon="127.39668">
        <ele>196.0</ele>
      </trkpt>
      <trkpt lat="35.364899" lon="127.397168">
        <ele>189.0</ele>
      </trkpt>
      <trkpt lat="35.365892" lon="127.396824">
        <ele>169.6</ele>
      </trkpt>
      <trkpt lat="35.369086" lon="127.39775">
        <ele>144.2</ele>
      </trkpt>
      <trkpt lat="35.369939" lon="127.397771">
        <ele>142.5</ele>
      </trkpt>
      <trkpt lat="35.370906" lon="127.398235">
        <ele>138.7</ele>
      </trkpt>
      <trkpt lat="35.373489" lon="127.40107">
        <ele>130.8</ele>
      </trkpt>
      <trkpt lat="35.37607" lon="127.4024">
        <ele>128.6</ele>
      </trkpt>
      <trkpt lat="35.37744" lon="127.40316">
        <ele>126.3</ele>
      </trkpt>
      <trkpt lat="35.38118" lon="127.40582">
        <ele>119.1</ele>
      </trkpt>
      <trkpt lat="35.38148" lon="127.40592">
        <ele>118.3</ele>
      </trkpt>
      <trkpt lat="35.38203" lon="127.40598">
        <ele>118.0</ele>
      </trkpt>
      <trkpt lat="35.3825" lon="127.40592">
        <ele>117.3</ele>
      </trkpt>
      <trkpt lat="35.38454" lon="127.40516">
        <ele>115.9</ele>
      </trkpt>
      <trkpt lat="35.38722" lon="127.40485">
        <ele>116.7</ele>
      </trkpt>
      <trkpt lat="35.3872" lon="127.40599">
        <ele>116.1</ele>
      </trkpt>
      <trkpt lat="35.38724" lon="127.40678">
        <ele>115.9</ele>
      </trkpt>
      <trkpt lat="35.38755" lon="127.40751">
        <ele>115.9</ele>
      </trkpt>
      <trkpt lat="35.38791" lon="127.40811">
        <ele>116.1</ele>
      </trkpt>
      <trkpt lat="35.38823" lon="127.40855">
        <ele>116.7</ele>
      </trkpt>
      <trkpt lat="35.38836" lon="127.40892">
        <ele>117.3</ele>
      </trkpt>
      <trkpt lat="35.38836" lon="127.40943">
        <ele>118.3</ele>
      </trkpt>
      <trkpt lat="35.38832" lon="127.41013">
        <ele>119.3</ele>
      </trkpt>
      <trkpt lat="35.38818" lon="127.4109">
        <ele>120.3</ele>
      </trkpt>
      <trkpt lat="35.38692" lon="127.41601">
        <ele>122.1</ele>
      </trkpt>
      <trkpt lat="35.38652" lon="127.41899">
        <ele>123.1</ele>
      </trkpt>
      <trkpt lat="35.38641" lon="127.41997">
        <ele>123.6</ele>
      </trkpt>
      <trkpt lat="35.38629" lon="127.42178">
        <ele>124.3</ele>
      </trkpt>
      <trkpt lat="35.38621" lon="127.42218">
        <ele>125.7</ele>
      </trkpt>
      <trkpt lat="35.38597" lon="127.4228">
        <ele>127.7</ele>
      </trkpt>
      <trkpt lat="35.38566" lon="127.42333">
        <ele>129.8</ele>
      </trkpt>
      <trkpt lat="35.38367" lon="127.42631">
        <ele>137.7</ele>
      </trkpt>
      <trkpt lat="35.383339" lon="127.42652">
        <ele>142.3</ele>
      </trkpt>
      <trkpt lat="35.38318" lon="127.42658">
        <ele>146.9</ele>
      </trkpt>
      <trkpt lat="35.38335" lon="127.42761">
        <ele>150.4</ele>
      </trkpt>
      <trkpt lat="35.3838" lon="127.43085">
        <ele>153.3</ele>
      </trkpt>
      <trkpt lat="35.38414" lon="127.43242">
        <ele>156.4</ele>
      </trkpt>
      <trkpt lat="35.38427" lon="127.4348">
        <ele>159.3</ele>
      </trkpt>
      <trkpt lat="35.38662" lon="127.43836">
        <ele>172.6</ele>
      </trkpt>
      <trkpt lat="35.387825" lon="127.441514">
        <ele>175.4</ele>
      </trkpt>
      <trkpt lat="35.388236" lon="127.441943">
        <ele>175.1</ele>
      </trkpt>
      <trkpt lat="35.388516" lon="127.442093">
        <ele>173.1</ele>
      </trkpt>
      <trkpt lat="35.388866" lon="127.442157">
        <ele>171.1</ele>
      </trkpt>
      <trkpt lat="35.389321" lon="127.442104">
        <ele>170.1</ele>
      </trkpt>
      <trkpt lat="35.390336" lon="127.441331">
        <ele>169.5</ele>
      </trkpt>
      <trkpt lat="35.390458" lon="127.441438">
        <ele>168.8</ele>
      </trkpt>
      <trkpt lat="35.390876" lon="127.447197">
        <ele>165.1</ele>
      </trkpt>
      <trkpt lat="35.391008" lon="127.448565">
        <ele>163.6</ele>
      </trkpt>
      <trkpt lat="35.391191" lon="127.449258">
        <ele>163.6</ele>
      </trkpt>
      <trkpt lat="35.39054" lon="127.45076">
        <ele>167.7</ele>
      </trkpt>
      <trkpt lat="35.38948" lon="127.45181">
        <ele>171.9</ele>
      </trkpt>
      <trkpt lat="35.38921" lon="127.45365">
        <ele>179.0</ele>
      </trkpt>
      <trkpt lat="35.38868" lon="127.45455">
        <ele>186.9</ele>
      </trkpt>
      <trkpt lat="35.3884" lon="127.45607">
        <ele>191.3</ele>
      </trkpt>
      <trkpt lat="35.38838" lon="127.45804">
        <ele>195.5</ele>
      </trkpt>
      <trkpt lat="35.38825" lon="127.45914">
        <ele>198.5</ele>
      </trkpt>
      <trkpt lat="35.3883" lon="127.45935">
        <ele>201.1</ele>
      </trkpt>
      <trkpt lat="35.38842" lon="127.45944">
        <ele>203.5</ele>
      </trkpt>
      <trkpt lat="35.38879" lon="127.45949">
        <ele>206.4</ele>
      </trkpt>
      <trkpt lat="35.38915" lon="127.45964">
        <ele>209.2</ele>
      </trkpt>
      <trkpt lat="35.3893" lon="127.45976">
        <ele>212.9</ele>
      </trkpt>
      <trkpt lat="35.3895" lon="127.45999">
        <ele>216.3</ele>
      </trkpt>
      <trkpt lat="35.38955" lon="127.46016">
        <ele>219.3</ele>
      </trkpt>
      <trkpt lat="35.38958" lon="127.46051">
        <ele>221.4</ele>
      </trkpt>
      <trkpt lat="35.38953" lon="127.46082">
        <ele>223.1</ele>
      </trkpt>
      <trkpt lat="35.38773" lon="127.46282">
        <ele>229.7</ele>
      </trkpt>
      <trkpt lat="35.38772" lon="127.46291">
        <ele>231.5</ele>
      </trkpt>
      <trkpt lat="35.38776" lon="127.46324">
        <ele>234.5</ele>
      </trkpt>
      <trkpt lat="35.38765" lon="127.46379">
        <ele>239.6</ele>
      </trkpt>
      <trkpt lat="35.3876" lon="127.46416">
        <ele>245.1</ele>
      </trkpt>
      <trkpt lat="35.38781" lon="127.46588">
        <ele>264.1</ele>
      </trkpt>
      <trkpt lat="35.38702" lon="127.46792">
        <ele>286.4</ele>
      </trkpt>
      <trkpt lat="35.38696" lon="127.46797">
        <ele>292.0</ele>
      </trkpt>
      <trkpt lat="35.38652" lon="127.46809">
        <ele>296.8</ele>
      </trkpt>
      <trkpt lat="35.38644" lon="127.46821">
        <ele>301.6</ele>
      </trkpt>
      <trkpt lat="35.38595" lon="127.46968">
        <ele>310.0</ele>
      </trkpt>
      <trkpt lat="35.38622" lon="127.4701">
        <ele>316.3</ele>
      </trkpt>
      <trkpt lat="35.3863" lon="127.47036">
        <ele>319.3</ele>
      </trkpt>
      <trkpt lat="35.38632" lon="127.47049">
        <ele>322.3</ele>
      </trkpt>
      <trkpt lat="35.38561" lon="127.47155">
        <ele>338.2</ele>
      </trkpt>
      <trkpt lat="35.385732" lon="127.472431">
        <ele>341.7</ele>
      </trkpt>
      <trkpt lat="35.386109" lon="127.472635">
        <ele>323.7</ele>
      </trkpt>
      <trkpt lat="35.386486" lon="127.472545">
        <ele>322.0</ele>
      </trkpt>
      <trkpt lat="35.386602" lon="127.472718">
        <ele>322.0</ele>
      </trkpt>
      <trkpt lat="35.386289" lon="127.473504">
        <ele>339.1</ele>
      </trkpt>
      <trkpt lat="35.386156" lon="127.475236">
        <ele>381.6</ele>
      </trkpt>
      <trkpt lat="35.386302" lon="127.475387">
        <ele>384.0</ele>
      </trkpt>
      <trkpt lat="35.38663" lon="127.475349">
        <ele>359.6</ele>
      </trkpt>
      <trkpt lat="35.386932" lon="127.476367">
        <ele>354.0</ele>
      </trkpt>
      <trkpt lat="35.387913" lon="127.47674">
        <ele>357.4</ele>
      </trkpt>
      <trkpt lat="35.38819" lon="127.47719">
        <ele>372.3</ele>
      </trkpt>
      <trkpt lat="35.38859" lon="127.47741">
        <ele>378.1</ele>
      </trkpt>
      <trkpt lat="35.38862" lon="127.47752">
        <ele>393.8</ele>
      </trkpt>
      <trkpt lat="35.38861" lon="127.47759">
        <ele>403.1</ele>
      </trkpt>
      <trkpt lat="35.38857" lon="127.47764">
        <ele>408.8</ele>
      </trkpt>
      <trkpt lat="35.38776" lon="127.4778">
        <ele>414.5</ele>
      </trkpt>
      <trkpt lat="35.38487" lon="127.47968">
        <ele>441.7</ele>
      </trkpt>
      <trkpt lat="35.38483" lon="127.47989">
        <ele>448.5</ele>
      </trkpt>
      <trkpt lat="35.38492" lon="127.48003">
        <ele>449.0</ele>
      </trkpt>
      <trkpt lat="35.38518" lon="127.48016">
        <ele>447.1</ele>
      </trkpt>
      <trkpt lat="35.38532" lon="127.48018">
        <ele>448.0</ele>
      </trkpt>
      <trkpt lat="35.38555" lon="127.48016">
        <ele>445.6</ele>
      </trkpt>
      <trkpt lat="35.38575" lon="127.48004">
        <ele>445.5</ele>
      </trkpt>
      <trkpt lat="35.38592" lon="127.47998">
        <ele>442.7</ele>
      </trkpt>
      <trkpt lat="35.38648" lon="127.48002">
        <ele>436.4</ele>
      </trkpt>
      <trkpt lat="35.38652" lon="127.48009">
        <ele>436.7</ele>
      </trkpt>
      <trkpt lat="35.3865" lon="127.4806">
        <ele>439.5</ele>
      </trkpt>
      <trkpt lat="35.38657" lon="127.48073">
        <ele>443.6</ele>
      </trkpt>
      <trkpt lat="35.38673" lon="127.48116">
        <ele>447.4</ele>
      </trkpt>
      <trkpt lat="35.38661" lon="127.4814">
        <ele>467.4</ele>
      </trkpt>
      <trkpt lat="35.384" lon="127.48268">
        <ele>489.9</ele>
      </trkpt>
      <trkpt lat="35.38306" lon="127.48374">
        <ele>503.1</ele>
      </trkpt>
      <trkpt lat="35.38152" lon="127.4835">
        <ele>503.7</ele>
      </trkpt>
      <trkpt lat="35.38147" lon="127.48343">
        <ele>503.2</ele>
      </trkpt>
      <trkpt lat="35.38123" lon="127.48326">
        <ele>502.7</ele>
      </trkpt>
      <trkpt lat="35.3811" lon="127.48326">
        <ele>502.1</ele>
      </trkpt>
      <trkpt lat="35.381" lon="127.48333">
        <ele>502.4</ele>
      </trkpt>
      <trkpt lat="35.38088" lon="127.48396">
        <ele>503.3</ele>
      </trkpt>
      <trkpt lat="35.38113" lon="127.48491">
        <ele>508.7</ele>
      </trkpt>
      <trkpt lat="35.38115" lon="127.4851">
        <ele>509.7</ele>
      </trkpt>
      <trkpt lat="35.38115" lon="127.48549">
        <ele>510.7</ele>
      </trkpt>
      <trkpt lat="35.38107" lon="127.48564">
        <ele>512.5</ele>
      </trkpt>
      <trkpt lat="35.38087" lon="127.48582">
        <ele>514.3</ele>
      </trkpt>
      <trkpt lat="35.37985" lon="127.48632">
        <ele>522.1</ele>
      </trkpt>
      <trkpt lat="35.37941" lon="127.48748">
        <ele>529.1</ele>
      </trkpt>
      <trkpt lat="35.37942" lon="127.48754">
        <ele>527.7</ele>
      </trkpt>
      <trkpt lat="35.37945" lon="127.48758">
        <ele>527.3</ele>
      </trkpt>
      <trkpt lat="35.38002" lon="127.48744">
        <ele>529.6</ele>
      </trkpt>
      <trkpt lat="35.38028" lon="127.48746">
        <ele>529.4</ele>
      </trkpt>
      <trkpt lat="35.38039" lon="127.48749">
        <ele>529.2</ele>
      </trkpt>
      <trkpt lat="35.38057" lon="127.48853">
        <ele>525.3</ele>
      </trkpt>
      <trkpt lat="35.38066" lon="127.48868">
        <ele>523.9</ele>
      </trkpt>
      <trkpt lat="35.38075" lon="127.48876">
        <ele>523.4</ele>
      </trkpt>
      <trkpt lat="35.38096" lon="127.48881">
        <ele>524.0</ele>
      </trkpt>
      <trkpt lat="35.38106" lon="127.48877">
        <ele>527.5</ele>
      </trkpt>
      <trkpt lat="35.38165" lon="127.4878">
        <ele>528.3</ele>
      </trkpt>
      <trkpt lat="35.38192" lon="127.48798">
        <ele>533.5</ele>
      </trkpt>
      <trkpt lat="35.38196" lon="127.48807">
        <ele>535.1</ele>
      </trkpt>
      <trkpt lat="35.38199" lon="127.48872">
        <ele>538.3</ele>
      </trkpt>
      <trkpt lat="35.38196" lon="127.48939">
        <ele>540.3</ele>
      </trkpt>
      <trkpt lat="35.3819" lon="127.48975">
        <ele>542.3</ele>
      </trkpt>
      <trkpt lat="35.38212" lon="127.49107">
        <ele>548.9</ele>
      </trkpt>
      <trkpt lat="35.38301" lon="127.49158">
        <ele>554.5</ele>
      </trkpt>
      <trkpt lat="35.38366" lon="127.49212">
        <ele>554.9</ele>
      </trkpt>
      <trkpt lat="35.38462" lon="127.49473">
        <ele>548.7</ele>
      </trkpt>
      <trkpt lat="35.38594" lon="127.49623">
        <ele>551.5</ele>
      </trkpt>
      <trkpt lat="35.38612" lon="127.49693">
        <ele>555.6</ele>
      </trkpt>
      <trkpt lat="35.38628" lon="127.49714">
        <ele>557.1</ele>
      </trkpt>
      <trkpt lat="35.38649" lon="127.49746">
        <ele>559.5</ele>
      </trkpt>
      <trkpt lat="35.38671" lon="127.49769">
        <ele>561.6</ele>
      </trkpt>
      <trkpt lat="35.38683" lon="127.49779">
        <ele>564.2</ele>
      </trkpt>
      <trkpt lat="35.38734" lon="127.49784">
        <ele>572.0</ele>
      </trkpt>
      <trkpt lat="35.38749" lon="127.49803">
        <ele>574.7</ele>
      </trkpt>
      <trkpt lat="35.38762" lon="127.49836">
        <ele>577.5</ele>
      </trkpt>
      <trkpt lat="35.38763" lon="127.49847">
        <ele>580.2</ele>
      </trkpt>
      <trkpt lat="35.38762" lon="127.49871">
        <ele>582.7</ele>
      </trkpt>
      <trkpt lat="35.38733" lon="127.49931">
        <ele>585.3</ele>
      </trkpt>
      <trkpt lat="35.38722" lon="127.49944">
        <ele>587.8</ele>
      </trkpt>
      <trkpt lat="35.38635" lon="127.49951">
        <ele>592.2</ele>
      </trkpt>
      <trkpt lat="35.38588" lon="127.49985">
        <ele>592.3</ele>
      </trkpt>
      <trkpt lat="35.38564" lon="127.50012">
        <ele>592.3</ele>
      </trkpt>
      <trkpt lat="35.38545" lon="127.50051">
        <ele>593.3</ele>
      </trkpt>
      <trkpt lat="35.38536" lon="127.50077">
        <ele>594.3</ele>
      </trkpt>
      <trkpt lat="35.3854" lon="127.50106">
        <ele>595.4</ele>
      </trkpt>
      <trkpt lat="35.38545" lon="127.50146">
        <ele>596.7</ele>
      </trkpt>
      <trkpt lat="35.3849" lon="127.50266">
        <ele>596.5</ele>
      </trkpt>
      <trkpt lat="35.3848" lon="127.50444">
        <ele>596.5</ele>
      </trkpt>
      <trkpt lat="35.38477" lon="127.50455">
        <ele>597.3</ele>
      </trkpt>
      <trkpt lat="35.3845" lon="127.50521">
        <ele>597.5</ele>
      </trkpt>
      <trkpt lat="35.38526" lon="127.50595">
        <ele>584.9</ele>
      </trkpt>
      <trkpt lat="35.38576" lon="127.50623">
        <ele>581.7</ele>
      </trkpt>
      <trkpt lat="35.38628" lon="127.50645">
        <ele>578.4</ele>
      </trkpt>
      <trkpt lat="35.38831" lon="127.5064">
        <ele>575.3</ele>
      </trkpt>
      <trkpt lat="35.38915" lon="127.5066">
        <ele>572.1</ele>
      </trkpt>
      <trkpt lat="35.39052" lon="127.50651">
        <ele>568.7</ele>
      </trkpt>
      <trkpt lat="35.39146" lon="127.50666">
        <ele>565.3</ele>
      </trkpt>
      <trkpt lat="35.3939" lon="127.50624">
        <ele>562.9</ele>
      </trkpt>
      <trkpt lat="35.394526" lon="127.506139">
        <ele>559.8</ele>
      </trkpt>
      <trkpt lat="35.39501" lon="127.506193">
        <ele>556.7</ele>
      </trkpt>
      <trkpt lat="35.395375" lon="127.506364">
        <ele>554.1</ele>
      </trkpt>
      <trkpt lat="35.395684" lon="127.506573">
        <ele>552.5</ele>
      </trkpt>
      <trkpt lat="35.395916" lon="127.506837">
        <ele>550.9</ele>
      </trkpt>
      <trkpt lat="35.396174" lon="127.507218">
        <ele>549.9</ele>
      </trkpt>
      <trkpt lat="35.396564" lon="127.508995">
        <ele>544.4</ele>
      </trkpt>
      <trkpt lat="35.39691" lon="127.50974">
        <ele>541.1</ele>
      </trkpt>
      <trkpt lat="35.397381" lon="127.510702">
        <ele>537.5</ele>
      </trkpt>
      <trkpt lat="35.397872" lon="127.5113">
        <ele>534.0</ele>
      </trkpt>
      <trkpt lat="35.401513" lon="127.514474">
        <ele>524.1</ele>
      </trkpt>
      <trkpt lat="35.404632" lon="127.516764">
        <ele>520.5</ele>
      </trkpt>
      <trkpt lat="35.406021" lon="127.51778">
        <ele>516.9</ele>
      </trkpt>
      <trkpt lat="35.407065" lon="127.518681">
        <ele>512.9</ele>
      </trkpt>
      <trkpt lat="35.40748" lon="127.51882">
        <ele>508.7</ele>
      </trkpt>
      <trkpt lat="35.407977" lon="127.518805">
        <ele>504.5</ele>
      </trkpt>
      <trkpt lat="35.40904" lon="127.518479">
        <ele>500.3</ele>
      </trkpt>
      <trkpt lat="35.409951" lon="127.518277">
        <ele>496.9</ele>
      </trkpt>
      <trkpt lat="35.41184" lon="127.51808">
        <ele>493.8</ele>
      </trkpt>
      <trkpt lat="35.412356" lon="127.518152">
        <ele>491.9</ele>
      </trkpt>
      <trkpt lat="35.41869" lon="127.52036">
        <ele>489.0</ele>
      </trkpt>
      <trkpt lat="35.4227" lon="127.52314">
        <ele>479.6</ele>
      </trkpt>
      <trkpt lat="35.42477" lon="127.52354">
        <ele>476.3</ele>
      </trkpt>
      <trkpt lat="35.42862" lon="127.52379">
        <ele>475.1</ele>
      </trkpt>
      <trkpt lat="35.43002" lon="127.52429">
        <ele>474.0</ele>
      </trkpt>
      <trkpt lat="35.430891" lon="127.52542">
        <ele>468.4</ele>
      </trkpt>
      <trkpt lat="35.431546" lon="127.525805">
        <ele>467.5</ele>
      </trkpt>
      <trkpt lat="35.43151" lon="127.526189">
        <ele>466.5</ele>
      </trkpt>
      <trkpt lat="35.431964" lon="127.526719">
        <ele>466.2</ele>
      </trkpt>
      <trkpt lat="35.43238" lon="127.5272">
        <ele>466.1</ele>
      </trkpt>
      <trkpt lat="35.433549" lon="127.52782">
        <ele>465.8</ele>
      </trkpt>
      <trkpt lat="35.43418" lon="127.52861">
        <ele>465.5</ele>
      </trkpt>
      <trkpt lat="35.43457" lon="127.52927">
        <ele>465.3</ele>
      </trkpt>
      <trkpt lat="35.43522" lon="127.53041">
        <ele>464.2</ele>
      </trkpt>
      <trkpt lat="35.44009" lon="127.53297">
        <ele>461.0</ele>
      </trkpt>
      <trkpt lat="35.4405" lon="127.53355">
        <ele>460.5</ele>
      </trkpt>
      <trkpt lat="35.442664" lon="127.535057">
        <ele>458.0</ele>
      </trkpt>
      <trkpt lat="35.44625" lon="127.543364">
        <ele>453.9</ele>
      </trkpt>
      <trkpt lat="35.450594" lon="127.552663">
        <ele>451.8</ele>
      </trkpt>
      <trkpt lat="35.450871" lon="127.554033">
        <ele>451.3</ele>
      </trkpt>
      <trkpt lat="35.451016" lon="127.554644">
        <ele>450.7</ele>
      </trkpt>
      <trkpt lat="35.45408" lon="127.564726">
        <ele>451.3</ele>
      </trkpt>
      <trkpt lat="35.455324" lon="127.569973">
        <ele>452.1</ele>
      </trkpt>
      <trkpt lat="35.455391" lon="127.570339">
        <ele>451.9</ele>
      </trkpt>
      <trkpt lat="35.455682" lon="127.572209">
        <ele>451.3</ele>
      </trkpt>
      <trkpt lat="35.455807" lon="127.572736">
        <ele>450.7</ele>
      </trkpt>
      <trkpt lat="35.456074" lon="127.573572">
        <ele>450.3</ele>
      </trkpt>
      <trkpt lat="35.457077" lon="127.575761">
        <ele>449.5</ele>
      </trkpt>
      <trkpt lat="35.458757" lon="127.578094">
        <ele>447.1</ele>
      </trkpt>
      <trkpt lat="35.459218" lon="127.579188">
        <ele>442.8</ele>
      </trkpt>
      <trkpt lat="35.459424" lon="127.580474">
        <ele>438.8</ele>
      </trkpt>
      <trkpt lat="35.459418" lon="127.582935">
        <ele>436.9</ele>
      </trkpt>
      <trkpt lat="35.458965" lon="127.588046">
        <ele>433.0</ele>
      </trkpt>
      <trkpt lat="35.45901" lon="127.588363">
        <ele>431.7</ele>
      </trkpt>
      <trkpt lat="35.459179" lon="127.588938">
        <ele>430.4</ele>
      </trkpt>
      <trkpt lat="35.460016" lon="127.590379">
        <ele>426.9</ele>
      </trkpt>
      <trkpt lat="35.461747" lon="127.595035">
        <ele>419.9</ele>
      </trkpt>
      <trkpt lat="35.461929" lon="127.596058">
        <ele>417.9</ele>
      </trkpt>
      <trkpt lat="35.461764" lon="127.596681">
        <ele>416.5</ele>
      </trkpt>
      <trkpt lat="35.460799" lon="127.600255">
        <ele>415.7</ele>
      </trkpt>
      <trkpt lat="35.460853" lon="127.601719">
        <ele>415.5</ele>
      </trkpt>
      <trkpt lat="35.461339" lon="127.603246">
        <ele>415.1</ele>
      </trkpt>
      <trkpt lat="35.461809" lon="127.605466">
        <ele>414.7</ele>
      </trkpt>
      <trkpt lat="35.45862" lon="127.606907">
        <ele>413.9</ele>
      </trkpt>
      <trkpt lat="35.45817" lon="127.608071">
        <ele>413.4</ele>
      </trkpt>
      <trkpt lat="35.457938" lon="127.608205">
        <ele>410.9</ele>
      </trkpt>
      <trkpt lat="35.455296" lon="127.609734">
        <ele>413.0</ele>
      </trkpt>
      <trkpt lat="35.454352" lon="127.609678">
        <ele>412.4</ele>
      </trkpt>
      <trkpt lat="35.45296" lon="127.607683">
        <ele>411.4</ele>
      </trkpt>
      <trkpt lat="35.450535" lon="127.607073">
        <ele>409.5</ele>
      </trkpt>
      <trkpt lat="35.448648" lon="127.606075">
        <ele>408.6</ele>
      </trkpt>
      <trkpt lat="35.44775" lon="127.606297">
        <ele>406.1</ele>
      </trkpt>
      <trkpt lat="35.445774" lon="127.609069">
        <ele>404.1</ele>
      </trkpt>
      <trkpt lat="35.443258" lon="127.609623">
        <ele>401.7</ele>
      </trkpt>
      <trkpt lat="35.441327" lon="127.608958">
        <ele>399.1</ele>
      </trkpt>
      <trkpt lat="35.43971" lon="127.607073">
        <ele>395.7</ele>
      </trkpt>
      <trkpt lat="35.438318" lon="127.606741">
        <ele>392.1</ele>
      </trkpt>
      <trkpt lat="35.435712" lon="127.60857">
        <ele>388.8</ele>
      </trkpt>
      <trkpt lat="35.436656" lon="127.610732">
        <ele>385.4</ele>
      </trkpt>
      <trkpt lat="35.437599" lon="127.614058">
        <ele>382.5</ele>
      </trkpt>
      <trkpt lat="35.437195" lon="127.615721">
        <ele>379.3</ele>
      </trkpt>
      <trkpt lat="35.435353" lon="127.617273">
        <ele>375.9</ele>
      </trkpt>
      <trkpt lat="35.431356" lon="127.615554">
        <ele>372.7</ele>
      </trkpt>
      <trkpt lat="35.430102" lon="127.617649">
        <ele>369.8</ele>
      </trkpt>
      <trkpt lat="35.429891" lon="127.618777">
        <ele>347.0</ele>
      </trkpt>
      <trkpt lat="35.428707" lon="127.620967">
        <ele>353.6</ele>
      </trkpt>
      <trkpt lat="35.425967" lon="127.623331">
        <ele>354.6</ele>
      </trkpt>
      <trkpt lat="35.42533" lon="127.623601">
        <ele>364.0</ele>
      </trkpt>
      <trkpt lat="35.423741" lon="127.624659">
        <ele>373.0</ele>
      </trkpt>
      <trkpt lat="35.422503" lon="127.62494">
        <ele>346.6</ele>
      </trkpt>
      <trkpt lat="35.42107" lon="127.62714">
        <ele>342.1</ele>
      </trkpt>
      <trkpt lat="35.420575" lon="127.629524">
        <ele>338.1</ele>
      </trkpt>
      <trkpt lat="35.421429" lon="127.631298">
        <ele>333.5</ele>
      </trkpt>
      <trkpt lat="35.421474" lon="127.633127">
        <ele>328.4</ele>
      </trkpt>
      <trkpt lat="35.420845" lon="127.635289">
        <ele>322.7</ele>
      </trkpt>
      <trkpt lat="35.417207" lon="127.639335">
        <ele>316.7</ele>
      </trkpt>
      <trkpt lat="35.414467" lon="127.641054">
        <ele>310.7</ele>
      </trkpt>
      <trkpt lat="35.410245" lon="127.648205">
        <ele>304.7</ele>
      </trkpt>
      <trkpt lat="35.408133" lon="127.649147">
        <ele>300.7</ele>
      </trkpt>
      <trkpt lat="35.406787" lon="127.650699">
        <ele>297.8</ele>
      </trkpt>
      <trkpt lat="35.406068" lon="127.652417">
        <ele>295.5</ele>
      </trkpt>
      <trkpt lat="35.402205" lon="127.656131">
        <ele>292.3</ele>
      </trkpt>
      <trkpt lat="35.399735" lon="127.659347">
        <ele>290.5</ele>
      </trkpt>
      <trkpt lat="35.396276" lon="127.661675">
        <ele>288.0</ele>
      </trkpt>
      <trkpt lat="35.396208" lon="127.661849">
        <ele>285.2</ele>
      </trkpt>
      <trkpt lat="35.396096" lon="127.662135">
        <ele>286.4</ele>
      </trkpt>
      <trkpt lat="35.395958" lon="127.662485">
        <ele>286.5</ele>
      </trkpt>
      <trkpt lat="35.395558" lon="127.663504">
        <ele>284.3</ele>
      </trkpt>
      <trkpt lat="35.395837" lon="127.663947">
        <ele>286.1</ele>
      </trkpt>
      <trkpt lat="35.398325" lon="127.667896">
        <ele>280.9</ele>
      </trkpt>
      <trkpt lat="35.399093" lon="127.669689">
        <ele>276.9</ele>
      </trkpt>
      <trkpt lat="35.399285" lon="127.671431">
        <ele>274.2</ele>
      </trkpt>
      <trkpt lat="35.398881" lon="127.672318">
        <ele>272.3</ele>
      </trkpt>
      <trkpt lat="35.399241" lon="127.675699">
        <ele>270.1</ele>
      </trkpt>
      <trkpt lat="35.401172" lon="127.679635">
        <ele>268.3</ele>
      </trkpt>
      <trkpt lat="35.40207" lon="127.683571">
        <ele>266.2</ele>
      </trkpt>
      <trkpt lat="35.402924" lon="127.685456">
        <ele>263.4</ele>
      </trkpt>
      <trkpt lat="35.403957" lon="127.68601">
        <ele>261.7</ele>
      </trkpt>
      <trkpt lat="35.405753" lon="127.686065">
        <ele>262.5</ele>
      </trkpt>
      <trkpt lat="35.408628" lon="127.687285">
        <ele>260.2</ele>
      </trkpt>
      <trkpt lat="35.408808" lon="127.688283">
        <ele>258.5</ele>
      </trkpt>
      <trkpt lat="35.409481" lon="127.690666">
        <ele>254.9</ele>
      </trkpt>
      <trkpt lat="35.409077" lon="127.692108">
        <ele>252.1</ele>
      </trkpt>
      <trkpt lat="35.408162" lon="127.697133">
        <ele>250.5</ele>
      </trkpt>
      <trkpt lat="35.408363" lon="127.697529">
        <ele>249.0</ele>
      </trkpt>
      <trkpt lat="35.409571" lon="127.697485">
        <ele>247.5</ele>
      </trkpt>
      <trkpt lat="35.411293" lon="127.699234">
        <ele>245.3</ele>
      </trkpt>
      <trkpt lat="35.412158" lon="127.700462">
        <ele>242.3</ele>
      </trkpt>
      <trkpt lat="35.41285" lon="127.701975">
        <ele>240.0</ele>
      </trkpt>
      <trkpt lat="35.412895" lon="127.703582">
        <ele>237.7</ele>
      </trkpt>
      <trkpt lat="35.412176" lon="127.705467">
        <ele>236.1</ele>
      </trkpt>
      <trkpt lat="35.411188" lon="127.709514">
        <ele>235.1</ele>
      </trkpt>
      <trkpt lat="35.411107" lon="127.709934">
        <ele>232.7</ele>
      </trkpt>
      <trkpt lat="35.410959" lon="127.711759">
        <ele>236.2</ele>
      </trkpt>
      <trkpt lat="35.41117" lon="127.712471">
        <ele>241.5</ele>
      </trkpt>
      <trkpt lat="35.412137" lon="127.713651">
        <ele>245.3</ele>
      </trkpt>
      <trkpt lat="35.414782" lon="127.715778">
        <ele>244.9</ele>
      </trkpt>
      <trkpt lat="35.416578" lon="127.717773">
        <ele>246.5</ele>
      </trkpt>
      <trkpt lat="35.417566" lon="127.71866">
        <ele>247.1</ele>
      </trkpt>
      <trkpt lat="35.417836" lon="127.719214">
        <ele>247.7</ele>
      </trkpt>
      <trkpt lat="35.418869" lon="127.71999">
        <ele>248.3</ele>
      </trkpt>
      <trkpt lat="35.419498" lon="127.720822">
        <ele>248.9</ele>
      </trkpt>
      <trkpt lat="35.420126" lon="127.720767">
        <ele>249.5</ele>
      </trkpt>
      <trkpt lat="35.42044" lon="127.721709">
        <ele>249.6</ele>
      </trkpt>
      <trkpt lat="35.422507" lon="127.723372">
        <ele>248.2</ele>
      </trkpt>
      <trkpt lat="35.422872" lon="127.724426">
        <ele>249.9</ele>
      </trkpt>
      <trkpt lat="35.4229" lon="127.725842">
        <ele>239.2</ele>
      </trkpt>
      <trkpt lat="35.423168" lon="127.726163">
        <ele>241.1</ele>
      </trkpt>
      <trkpt lat="35.424034" lon="127.726753">
        <ele>242.7</ele>
      </trkpt>
      <trkpt lat="35.423989" lon="127.727696">
        <ele>242.8</ele>
      </trkpt>
      <trkpt lat="35.424143" lon="127.728229">
        <ele>241.9</ele>
      </trkpt>
      <trkpt lat="35.424442" lon="127.728401">
        <ele>240.9</ele>
      </trkpt>
      <trkpt lat="35.425112" lon="127.728195">
        <ele>240.0</ele>
      </trkpt>
      <trkpt lat="35.42619" lon="127.728527">
        <ele>239.7</ele>
      </trkpt>
      <trkpt lat="35.427583" lon="127.728361">
        <ele>239.3</ele>
      </trkpt>
      <trkpt lat="35.42884" lon="127.728693">
        <ele>239.0</ele>
      </trkpt>
      <trkpt lat="35.43185" lon="127.73141">
        <ele>238.1</ele>
      </trkpt>
      <trkpt lat="35.43185" lon="127.732102">
        <ele>238.0</ele>
      </trkpt>
      <trkpt lat="35.431965" lon="127.732338">
        <ele>227.7</ele>
      </trkpt>
      <trkpt lat="35.432247" lon="127.732568">
        <ele>217.5</ele>
      </trkpt>
      <trkpt lat="35.432762" lon="127.7327">
        <ele>222.4</ele>
      </trkpt>
      <trkpt lat="35.432895" lon="127.732871">
        <ele>224.0</ele>
      </trkpt>
      <trkpt lat="35.432646" lon="127.733731">
        <ele>197.5</ele>
      </trkpt>
      <trkpt lat="35.432628" lon="127.734156">
        <ele>195.0</ele>
      </trkpt>
      <trkpt lat="35.432702" lon="127.736676">
        <ele>192.8</ele>
      </trkpt>
      <trkpt lat="35.433017" lon="127.737507">
        <ele>190.3</ele>
      </trkpt>
      <trkpt lat="35.433017" lon="127.739226">
        <ele>187.5</ele>
      </trkpt>
      <trkpt lat="35.433422" lon="127.741277">
        <ele>184.6</ele>
      </trkpt>
      <trkpt lat="35.434949" lon="127.741499">
        <ele>181.7</ele>
      </trkpt>
      <trkpt lat="35.435937" lon="127.740334">
        <ele>178.9</ele>
      </trkpt>
      <trkpt lat="35.438048" lon="127.739558">
        <ele>176.0</ele>
      </trkpt>
      <trkpt lat="35.439036" lon="127.740833">
        <ele>173.1</ele>
      </trkpt>
      <trkpt lat="35.439171" lon="127.742718">
        <ele>171.7</ele>
      </trkpt>
      <trkpt lat="35.439441" lon="127.743993">
        <ele>170.4</ele>
      </trkpt>
      <trkpt lat="35.441668" lon="127.747218">
        <ele>164.1</ele>
      </trkpt>
      <trkpt lat="35.441995" lon="127.748052">
        <ele>160.1</ele>
      </trkpt>
      <trkpt lat="35.442032" lon="127.748658">
        <ele>161.7</ele>
      </trkpt>
      <trkpt lat="35.441312" lon="127.7519">
        <ele>159.5</ele>
      </trkpt>
      <trkpt lat="35.43989" lon="127.755412">
        <ele>160.5</ele>
      </trkpt>
      <trkpt lat="35.438318" lon="127.764004">
        <ele>163.0</ele>
      </trkpt>
      <trkpt lat="35.43998" lon="127.768107">
        <ele>164.3</ele>
      </trkpt>
      <trkpt lat="35.442001" lon="127.769659">
        <ele>164.4</ele>
      </trkpt>
      <trkpt lat="35.442899" lon="127.770656">
        <ele>164.0</ele>
      </trkpt>
      <trkpt lat="35.444741" lon="127.772098">
        <ele>162.7</ele>
      </trkpt>
      <trkpt lat="35.446941" lon="127.775091">
        <ele>162.2</ele>
      </trkpt>
      <trkpt lat="35.44766" lon="127.776976">
        <ele>161.9</ele>
      </trkpt>
      <trkpt lat="35.448963" lon="127.779027">
        <ele>160.3</ele>
      </trkpt>
      <trkpt lat="35.451074" lon="127.780634">
        <ele>159.1</ele>
      </trkpt>
      <trkpt lat="35.457766" lon="127.77886">
        <ele>157.9</ele>
      </trkpt>
      <trkpt lat="35.460731" lon="127.780025">
        <ele>156.1</ele>
      </trkpt>
      <trkpt lat="35.461629" lon="127.781133">
        <ele>153.4</ele>
      </trkpt>
      <trkpt lat="35.461898" lon="127.78263">
        <ele>151.3</ele>
      </trkpt>
      <trkpt lat="35.463156" lon="127.784404">
        <ele>149.1</ele>
      </trkpt>
      <trkpt lat="35.463156" lon="127.786527">
        <ele>145.9</ele>
      </trkpt>
      <trkpt lat="35.463434" lon="127.787124">
        <ele>132.4</ele>
      </trkpt>
      <trkpt lat="35.464286" lon="127.788022">
        <ele>132.3</ele>
      </trkpt>
      <trkpt lat="35.464093" lon="127.788586">
        <ele>134.5</ele>
      </trkpt>
      <trkpt lat="35.464349" lon="127.789564">
        <ele>135.7</ele>
      </trkpt>
      <trkpt lat="35.465111" lon="127.791176">
        <ele>136.0</ele>
      </trkpt>
      <trkpt lat="35.465368" lon="127.791365">
        <ele>141.0</ele>
      </trkpt>
      <trkpt lat="35.465946" lon="127.791459">
        <ele>140.1</ele>
      </trkpt>
      <trkpt lat="35.465994" lon="127.791743">
        <ele>139.3</ele>
      </trkpt>
      <trkpt lat="35.463426" lon="127.793329">
        <ele>138.6</ele>
      </trkpt>
      <trkpt lat="35.464369" lon="127.798816">
        <ele>137.5</ele>
      </trkpt>
      <trkpt lat="35.466031" lon="127.79987">
        <ele>136.1</ele>
      </trkpt>
      <trkpt lat="35.466389" lon="127.801256">
        <ele>134.3</ele>
      </trkpt>
      <trkpt lat="35.465986" lon="127.808517">
        <ele>132.5</ele>
      </trkpt>
      <trkpt lat="35.466076" lon="127.810236">
        <ele>130.7</ele>
      </trkpt>
      <trkpt lat="35.469759" lon="127.814393">
        <ele>128.9</ele>
      </trkpt>
      <trkpt lat="35.47187" lon="127.81528">
        <ele>127.9</ele>
      </trkpt>
      <trkpt lat="35.473711" lon="127.814116">
        <ele>127.1</ele>
      </trkpt>
      <trkpt lat="35.476011" lon="127.811649">
        <ele>126.5</ele>
      </trkpt>
      <trkpt lat="35.477256" lon="127.811181">
        <ele>121.3</ele>
      </trkpt>
      <trkpt lat="35.480947" lon="127.811638">
        <ele>122.1</ele>
      </trkpt>
      <trkpt lat="35.482083" lon="127.811969">
        <ele>122.0</ele>
      </trkpt>
      <trkpt lat="35.482744" lon="127.812439">
        <ele>118.7</ele>
      </trkpt>
      <trkpt lat="35.483574" lon="127.81545">
        <ele>118.1</ele>
      </trkpt>
      <trkpt lat="35.483987" lon="127.81681">
        <ele>117.8</ele>
      </trkpt>
      <trkpt lat="35.486755" lon="127.823872">
        <ele>117.5</ele>
      </trkpt>
      <trkpt lat="35.487157" lon="127.825263">
        <ele>117.3</ele>
      </trkpt>
      <trkpt lat="35.487532" lon="127.827194">
        <ele>118.4</ele>
      </trkpt>
      <trkpt lat="35.487939" lon="127.828341">
        <ele>118.0</ele>
      </trkpt>
      <trkpt lat="35.487829" lon="127.829731">
        <ele>117.0</ele>
      </trkpt>
      <trkpt lat="35.489027" lon="127.829957">
        <ele>114.7</ele>
      </trkpt>
      <trkpt lat="35.490803" lon="127.829713">
        <ele>113.9</ele>
      </trkpt>
      <trkpt lat="35.491026" lon="127.831233">
        <ele>116.4</ele>
      </trkpt>
      <trkpt lat="35.492219" lon="127.833957">
        <ele>114.1</ele>
      </trkpt>
      <trkpt lat="35.492294" lon="127.834373">
        <ele>113.7</ele>
      </trkpt>
      <trkpt lat="35.492147" lon="127.83717">
        <ele>111.1</ele>
      </trkpt>
      <trkpt lat="35.49208" lon="127.837618">
        <ele>111.1</ele>
      </trkpt>
      <trkpt lat="35.49195" lon="127.837904">
        <ele>111.5</ele>
      </trkpt>
      <trkpt lat="35.490586" lon="127.838979">
        <ele>112.3</ele>
      </trkpt>
      <trkpt lat="35.490228" lon="127.839095">
        <ele>112.5</ele>
      </trkpt>
      <trkpt lat="35.489889" lon="127.839231">
        <ele>112.7</ele>
      </trkpt>
      <trkpt lat="35.489128" lon="127.839709">
        <ele>113.0</ele>
      </trkpt>
      <trkpt lat="35.488106" lon="127.840715">
        <ele>113.3</ele>
      </trkpt>
      <trkpt lat="35.48688" lon="127.841509">
        <ele>113.3</ele>
      </trkpt>
      <trkpt lat="35.486356" lon="127.842006">
        <ele>113.5</ele>
      </trkpt>
      <trkpt lat="35.48577" lon="127.842845">
        <ele>113.5</ele>
      </trkpt>
      <trkpt lat="35.485106" lon="127.8438">
        <ele>113.3</ele>
      </trkpt>
      <trkpt lat="35.482162" lon="127.846498">
        <ele>112.0</ele>
      </trkpt>
      <trkpt lat="35.479463" lon="127.849947">
        <ele>109.4</ele>
      </trkpt>
      <trkpt lat="35.479579" lon="127.850116">
        <ele>110.7</ele>
      </trkpt>
      <trkpt lat="35.479945" lon="127.850129">
        <ele>112.9</ele>
      </trkpt>
      <trkpt lat="35.481223" lon="127.85125">
        <ele>113.3</ele>
      </trkpt>
      <trkpt lat="35.482023" lon="127.852314">
        <ele>114.1</ele>
      </trkpt>
      <trkpt lat="35.482437" lon="127.852786">
        <ele>114.8</ele>
      </trkpt>
      <trkpt lat="35.482901" lon="127.853119">
        <ele>115.3</ele>
      </trkpt>
      <trkpt lat="35.483354" lon="127.853277">
        <ele>115.7</ele>
      </trkpt>
      <trkpt lat="35.483925" lon="127.85338">
        <ele>116.1</ele>
      </trkpt>
      <trkpt lat="35.485881" lon="127.853613">
        <ele>116.5</ele>
      </trkpt>
      <trkpt lat="35.486178" lon="127.853683">
        <ele>117.0</ele>
      </trkpt>
      <trkpt lat="35.486864" lon="127.853911">
        <ele>117.5</ele>
      </trkpt>
      <trkpt lat="35.488167" lon="127.854527">
        <ele>119.1</ele>
      </trkpt>
      <trkpt lat="35.488825" lon="127.855399">
        <ele>122.5</ele>
      </trkpt>
      <trkpt lat="35.488995" lon="127.85596">
        <ele>124.2</ele>
      </trkpt>
      <trkpt lat="35.489134" lon="127.856891">
        <ele>126.1</ele>
      </trkpt>
      <trkpt lat="35.48915" lon="127.857216">
        <ele>126.7</ele>
      </trkpt>
      <trkpt lat="35.489114" lon="127.857796">
        <ele>127.9</ele>
      </trkpt>
      <trkpt lat="35.489002" lon="127.858366">
        <ele>129.1</ele>
      </trkpt>
      <trkpt lat="35.488217" lon="127.860088">
        <ele>131.1</ele>
      </trkpt>
      <trkpt lat="35.488155" lon="127.86111">
        <ele>131.9</ele>
      </trkpt>
      <trkpt lat="35.488434" lon="127.86236">
        <ele>132.6</ele>
      </trkpt>
      <trkpt lat="35.488481" lon="127.862721">
        <ele>133.3</ele>
      </trkpt>
      <trkpt lat="35.488639" lon="127.863065">
        <ele>134.0</ele>
      </trkpt>
      <trkpt lat="35.489258" lon="127.863521">
        <ele>134.1</ele>
      </trkpt>
      <trkpt lat="35.489528" lon="127.863893">
        <ele>134.3</ele>
      </trkpt>
      <trkpt lat="35.489708" lon="127.865146">
        <ele>131.5</ele>
      </trkpt>
      <trkpt lat="35.489628" lon="127.865347">
        <ele>133.3</ele>
      </trkpt>
      <trkpt lat="35.488439" lon="127.866487">
        <ele>135.1</ele>
      </trkpt>
      <trkpt lat="35.488034" lon="127.866718">
        <ele>135.3</ele>
      </trkpt>
      <trkpt lat="35.487117" lon="127.866893">
        <ele>139.5</ele>
      </trkpt>
      <trkpt lat="35.486098" lon="127.866487">
        <ele>144.7</ele>
      </trkpt>
      <trkpt lat="35.48569" lon="127.866557">
        <ele>146.1</ele>
      </trkpt>
      <trkpt lat="35.485181" lon="127.867132">
        <ele>148.3</ele>
      </trkpt>
      <trkpt lat="35.485009" lon="127.867501">
        <ele>150.5</ele>
      </trkpt>
      <trkpt lat="35.485034" lon="127.867934">
        <ele>152.3</ele>
      </trkpt>
      <trkpt lat="35.485295" lon="127.868465">
        <ele>153.7</ele>
      </trkpt>
      <trkpt lat="35.485493" lon="127.868684">
        <ele>155.3</ele>
      </trkpt>
      <trkpt lat="35.485687" lon="127.86892">
        <ele>157.4</ele>
      </trkpt>
      <trkpt lat="35.485776" lon="127.869668">
        <ele>159.8</ele>
      </trkpt>
      <trkpt lat="35.485876" lon="127.87007">
        <ele>162.1</ele>
      </trkpt>
      <trkpt lat="35.485868" lon="127.870809">
        <ele>163.9</ele>
      </trkpt>
      <trkpt lat="35.48579" lon="127.871529">
        <ele>164.3</ele>
      </trkpt>
      <trkpt lat="35.485781" lon="127.87244">
        <ele>164.8</ele>
      </trkpt>
      <trkpt lat="35.485848" lon="127.872773">
        <ele>165.4</ele>
      </trkpt>
      <trkpt lat="35.487106" lon="127.873542">
        <ele>169.7</ele>
      </trkpt>
      <trkpt lat="35.487305" lon="127.873903">
        <ele>170.7</ele>
      </trkpt>
      <trkpt lat="35.487595" lon="127.874434">
        <ele>172.1</ele>
      </trkpt>
      <trkpt lat="35.487581" lon="127.874856">
        <ele>173.1</ele>
      </trkpt>
      <trkpt lat="35.487501" lon="127.875259">
        <ele>174.3</ele>
      </trkpt>
      <trkpt lat="35.487112" lon="127.876136">
        <ele>175.6</ele>
      </trkpt>
      <trkpt lat="35.487018" lon="127.876786">
        <ele>176.8</ele>
      </trkpt>
      <trkpt lat="35.487015" lon="127.87712">
        <ele>177.7</ele>
      </trkpt>
      <trkpt lat="35.487198" lon="127.877597">
        <ele>178.7</ele>
      </trkpt>
      <trkpt lat="35.487561" lon="127.87827">
        <ele>179.6</ele>
      </trkpt>
      <trkpt lat="35.487659" lon="127.878603">
        <ele>180.9</ele>
      </trkpt>
      <trkpt lat="35.48769" lon="127.879031">
        <ele>182.1</ele>
      </trkpt>
      <trkpt lat="35.487512" lon="127.879906">
        <ele>183.2</ele>
      </trkpt>
      <trkpt lat="35.487287" lon="127.880319">
        <ele>183.8</ele>
      </trkpt>
      <trkpt lat="35.487201" lon="127.880589">
        <ele>184.0</ele>
      </trkpt>
      <trkpt lat="35.487279" lon="127.880905">
        <ele>189.5</ele>
      </trkpt>
      <trkpt lat="35.488008" lon="127.881256">
        <ele>190.4</ele>
      </trkpt>
      <trkpt lat="35.488767" lon="127.881572">
        <ele>190.9</ele>
      </trkpt>
      <trkpt lat="35.489002" lon="127.881739">
        <ele>191.3</ele>
      </trkpt>
      <trkpt lat="35.489486" lon="127.882155">
        <ele>192.8</ele>
      </trkpt>
      <trkpt lat="35.489676" lon="127.882453">
        <ele>194.1</ele>
      </trkpt>
      <trkpt lat="35.489837" lon="127.882908">
        <ele>195.6</ele>
      </trkpt>
      <trkpt lat="35.48992" lon="127.883383">
        <ele>198.6</ele>
      </trkpt>
      <trkpt lat="35.48988" lon="127.883755">
        <ele>200.9</ele>
      </trkpt>
      <trkpt lat="35.489817" lon="127.884183">
        <ele>202.2</ele>
      </trkpt>
      <trkpt lat="35.489951" lon="127.884511">
        <ele>202.0</ele>
      </trkpt>
      <trkpt lat="35.490614" lon="127.884866">
        <ele>204.0</ele>
      </trkpt>
      <trkpt lat="35.491117" lon="127.885366">
        <ele>204.2</ele>
      </trkpt>
      <trkpt lat="35.491417" lon="127.885669">
        <ele>204.4</ele>
      </trkpt>
      <trkpt lat="35.492309" lon="127.885752">
        <ele>205.2</ele>
      </trkpt>
      <trkpt lat="35.494831" lon="127.885244">
        <ele>207.4</ele>
      </trkpt>
      <trkpt lat="35.495411" lon="127.885416">
        <ele>206.9</ele>
      </trkpt>
      <trkpt lat="35.495836" lon="127.885591">
        <ele>206.6</ele>
      </trkpt>
      <trkpt lat="35.496192" lon="127.885844">
        <ele>206.3</ele>
      </trkpt>
      <trkpt lat="35.4965" lon="127.886019">
        <ele>204.6</ele>
      </trkpt>
      <trkpt lat="35.497324" lon="127.88623">
        <ele>203.8</ele>
      </trkpt>
      <trkpt lat="35.497691" lon="127.886388">
        <ele>203.0</ele>
      </trkpt>
      <trkpt lat="35.498919" lon="127.887288">
        <ele>201.9</ele>
      </trkpt>
      <trkpt lat="35.499091" lon="127.887657">
        <ele>202.1</ele>
      </trkpt>
      <trkpt lat="35.499222" lon="127.887977">
        <ele>202.3</ele>
      </trkpt>
      <trkpt lat="35.500252" lon="127.88931">
        <ele>204.7</ele>
      </trkpt>
      <trkpt lat="35.500938" lon="127.891657">
        <ele>207.2</ele>
      </trkpt>
      <trkpt lat="35.50153" lon="127.892821">
        <ele>209.4</ele>
      </trkpt>
      <trkpt lat="35.501283" lon="127.893948">
        <ele>211.0</ele>
      </trkpt>
      <trkpt lat="35.501311" lon="127.894271">
        <ele>212.3</ele>
      </trkpt>
      <trkpt lat="35.501755" lon="127.894548">
        <ele>213.8</ele>
      </trkpt>
      <trkpt lat="35.502013" lon="127.894754">
        <ele>215.3</ele>
      </trkpt>
      <trkpt lat="35.502208" lon="127.896318">
        <ele>216.5</ele>
      </trkpt>
      <trkpt lat="35.502577" lon="127.89769">
        <ele>221.1</ele>
      </trkpt>
      <trkpt lat="35.503369" lon="127.902067">
        <ele>232.6</ele>
      </trkpt>
      <trkpt lat="35.503286" lon="127.902756">
        <ele>234.7</ele>
      </trkpt>
      <trkpt lat="35.503699" lon="127.903997">
        <ele>235.8</ele>
      </trkpt>
      <trkpt lat="35.503708" lon="127.904667">
        <ele>237.4</ele>
      </trkpt>
      <trkpt lat="35.503949" lon="127.90522">
        <ele>239.8</ele>
      </trkpt>
      <trkpt lat="35.504288" lon="127.905606">
        <ele>242.2</ele>
      </trkpt>
      <trkpt lat="35.504669" lon="127.906631">
        <ele>244.9</ele>
      </trkpt>
      <trkpt lat="35.504322" lon="127.906728">
        <ele>249.0</ele>
      </trkpt>
      <trkpt lat="35.503986" lon="127.907067">
        <ele>251.9</ele>
      </trkpt>
      <trkpt lat="35.503816" lon="127.90738">
        <ele>255.8</ele>
      </trkpt>
      <trkpt lat="35.503641" lon="127.907922">
        <ele>258.9</ele>
      </trkpt>
      <trkpt lat="35.503516" lon="127.908414">
        <ele>262.5</ele>
      </trkpt>
      <trkpt lat="35.503538" lon="127.908766">
        <ele>265.8</ele>
      </trkpt>
      <trkpt lat="35.504324" lon="127.910052">
        <ele>286.5</ele>
      </trkpt>
      <trkpt lat="35.504213" lon="127.910263">
        <ele>282.1</ele>
      </trkpt>
      <trkpt lat="35.503788" lon="127.910339">
        <ele>275.0</ele>
      </trkpt>
      <trkpt lat="35.503492" lon="127.911056">
        <ele>287.0</ele>
      </trkpt>
      <trkpt lat="35.503723" lon="127.911744">
        <ele>292.4</ele>
      </trkpt>
      <trkpt lat="35.504057" lon="127.912038">
        <ele>294.0</ele>
      </trkpt>
      <trkpt lat="35.504046" lon="127.912286">
        <ele>294.0</ele>
      </trkpt>
      <trkpt lat="35.503766" lon="127.912512">
        <ele>298.3</ele>
      </trkpt>
      <trkpt lat="35.503675" lon="127.912789">
        <ele>304.9</ele>
      </trkpt>
      <trkpt lat="35.50371" lon="127.91304">
        <ele>313.0</ele>
      </trkpt>
      <trkpt lat="35.50373" lon="127.913111">
        <ele>316.8</ele>
      </trkpt>
      <trkpt lat="35.504077" lon="127.913708">
        <ele>320.7</ele>
      </trkpt>
      <trkpt lat="35.503866" lon="127.914608">
        <ele>324.5</ele>
      </trkpt>
      <trkpt lat="35.503983" lon="127.915133">
        <ele>328.3</ele>
      </trkpt>
      <trkpt lat="35.504014" lon="127.915766">
        <ele>333.1</ele>
      </trkpt>
      <trkpt lat="35.504211" lon="127.916232">
        <ele>337.5</ele>
      </trkpt>
      <trkpt lat="35.504194" lon="127.916744">
        <ele>342.2</ele>
      </trkpt>
      <trkpt lat="35.504174" lon="127.917199">
        <ele>346.9</ele>
      </trkpt>
      <trkpt lat="35.504308" lon="127.917788">
        <ele>352.6</ele>
      </trkpt>
      <trkpt lat="35.504765" lon="127.918752">
        <ele>358.5</ele>
      </trkpt>
      <trkpt lat="35.504694" lon="127.919132">
        <ele>364.0</ele>
      </trkpt>
      <trkpt lat="35.504277" lon="127.919271">
        <ele>369.2</ele>
      </trkpt>
      <trkpt lat="35.503974" lon="127.919899">
        <ele>375.1</ele>
      </trkpt>
      <trkpt lat="35.503783" lon="127.920265">
        <ele>379.5</ele>
      </trkpt>
      <trkpt lat="35.50355" lon="127.920429">
        <ele>385.5</ele>
      </trkpt>
      <trkpt lat="35.503278" lon="127.920563">
        <ele>391.1</ele>
      </trkpt>
      <trkpt lat="35.503041" lon="127.920965">
        <ele>396.7</ele>
      </trkpt>
      <trkpt lat="35.502358" lon="127.92094">
        <ele>401.8</ele>
      </trkpt>
      <trkpt lat="35.501958" lon="127.921593">
        <ele>406.2</ele>
      </trkpt>
      <trkpt lat="35.501222" lon="127.924257">
        <ele>410.7</ele>
      </trkpt>
      <trkpt lat="35.5002" lon="127.92574">
        <ele>409.7</ele>
      </trkpt>
      <trkpt lat="35.500053" lon="127.927071">
        <ele>408.2</ele>
      </trkpt>
      <trkpt lat="35.500484" lon="127.927537">
        <ele>405.5</ele>
      </trkpt>
      <trkpt lat="35.500659" lon="127.927843">
        <ele>401.7</ele>
      </trkpt>
      <trkpt lat="35.500594" lon="127.928257">
        <ele>396.3</ele>
      </trkpt>
      <trkpt lat="35.500352" lon="127.928565">
        <ele>391.7</ele>
      </trkpt>
      <trkpt lat="35.500006" lon="127.929287">
        <ele>386.9</ele>
      </trkpt>
      <trkpt lat="35.499761" lon="127.929915">
        <ele>383.2</ele>
      </trkpt>
      <trkpt lat="35.499137" lon="127.930734">
        <ele>380.2</ele>
      </trkpt>
      <trkpt lat="35.498317" lon="127.931701">
        <ele>379.2</ele>
      </trkpt>
      <trkpt lat="35.497815" lon="127.932103">
        <ele>378.9</ele>
      </trkpt>
      <trkpt lat="35.497562" lon="127.932351">
        <ele>378.5</ele>
      </trkpt>
      <trkpt lat="35.498223" lon="127.932987">
        <ele>378.9</ele>
      </trkpt>
      <trkpt lat="35.498417" lon="127.93332">
        <ele>379.7</ele>
      </trkpt>
      <trkpt lat="35.498627" lon="127.933664">
        <ele>381.3</ele>
      </trkpt>
      <trkpt lat="35.500781" lon="127.934878">
        <ele>390.2</ele>
      </trkpt>
      <trkpt lat="35.501717" lon="127.935125">
        <ele>394.4</ele>
      </trkpt>
      <trkpt lat="35.501859" lon="127.935542">
        <ele>398.1</ele>
      </trkpt>
      <trkpt lat="35.501995" lon="127.935878">
        <ele>401.5</ele>
      </trkpt>
      <trkpt lat="35.502808" lon="127.936409">
        <ele>403.7</ele>
      </trkpt>
      <trkpt lat="35.503042" lon="127.936642">
        <ele>406.0</ele>
      </trkpt>
      <trkpt lat="35.503974" lon="127.938028">
        <ele>415.3</ele>
      </trkpt>
      <trkpt lat="35.504775" lon="127.938683">
        <ele>417.6</ele>
      </trkpt>
      <trkpt lat="35.506039" lon="127.93928">
        <ele>433.9</ele>
      </trkpt>
      <trkpt lat="35.506455" lon="127.939769">
        <ele>438.9</ele>
      </trkpt>
      <trkpt lat="35.506928" lon="127.940214">
        <ele>442.5</ele>
      </trkpt>
      <trkpt lat="35.508005" lon="127.940944">
        <ele>445.5</ele>
      </trkpt>
      <trkpt lat="35.51073" lon="127.94511">
        <ele>461.7</ele>
      </trkpt>
      <trkpt lat="35.511172" lon="127.945513">
        <ele>469.1</ele>
      </trkpt>
      <trkpt lat="35.512074" lon="127.946105">
        <ele>477.3</ele>
      </trkpt>
      <trkpt lat="35.512291" lon="127.946344">
        <ele>490.6</ele>
      </trkpt>
      <trkpt lat="35.512469" lon="127.946699">
        <ele>503.5</ele>
      </trkpt>
      <trkpt lat="35.512483" lon="127.947096">
        <ele>516.8</ele>
      </trkpt>
      <trkpt lat="35.512366" lon="127.947566">
        <ele>529.1</ele>
      </trkpt>
      <trkpt lat="35.511316" lon="127.950346">
        <ele>535.3</ele>
      </trkpt>
      <trkpt lat="35.510974" lon="127.951254">
        <ele>540.2</ele>
      </trkpt>
      <trkpt lat="35.510844" lon="127.951974">
        <ele>543.3</ele>
      </trkpt>
      <trkpt lat="35.510625" lon="127.955048">
        <ele>546.1</ele>
      </trkpt>
      <trkpt lat="35.510619" lon="127.955604">
        <ele>546.7</ele>
      </trkpt>
      <trkpt lat="35.510683" lon="127.956257">
        <ele>547.9</ele>
      </trkpt>
      <trkpt lat="35.510802" lon="127.956782">
        <ele>547.8</ele>
      </trkpt>
      <trkpt lat="35.513885" lon="127.9652">
        <ele>546.5</ele>
      </trkpt>
      <trkpt lat="35.514683" lon="127.966994">
        <ele>542.5</ele>
      </trkpt>
      <trkpt lat="35.515277" lon="127.967933">
        <ele>537.6</ele>
      </trkpt>
      <trkpt lat="35.515927" lon="127.968861">
        <ele>531.5</ele>
      </trkpt>
      <trkpt lat="35.516155" lon="127.969269">
        <ele>519.9</ele>
      </trkpt>
      <trkpt lat="35.516316" lon="127.969719">
        <ele>507.4</ele>
      </trkpt>
      <trkpt lat="35.516477" lon="127.970958">
        <ele>475.5</ele>
      </trkpt>
      <trkpt lat="35.516452" lon="127.971472">
        <ele>471.4</ele>
      </trkpt>
      <trkpt lat="35.516388" lon="127.971863">
        <ele>464.3</ele>
      </trkpt>
      <trkpt lat="35.515005" lon="127.975366">
        <ele>436.9</ele>
      </trkpt>
      <trkpt lat="35.514922" lon="127.975771">
        <ele>430.7</ele>
      </trkpt>
      <trkpt lat="35.514922" lon="127.976146">
        <ele>424.7</ele>
      </trkpt>
      <trkpt lat="35.515169" lon="127.97673">
        <ele>418.8</ele>
      </trkpt>
      <trkpt lat="35.516141" lon="127.977335">
        <ele>412.8</ele>
      </trkpt>
      <trkpt lat="35.516485" lon="127.977591">
        <ele>407.3</ele>
      </trkpt>
      <trkpt lat="35.516683" lon="127.977843">
        <ele>402.6</ele>
      </trkpt>
      <trkpt lat="35.516866" lon="127.978166">
        <ele>396.9</ele>
      </trkpt>
      <trkpt lat="35.517038" lon="127.978685">
        <ele>393.4</ele>
      </trkpt>
      <trkpt lat="35.517094" lon="127.979202">
        <ele>384.7</ele>
      </trkpt>
      <trkpt lat="35.517072" lon="127.980404">
        <ele>364.7</ele>
      </trkpt>
      <trkpt lat="35.517158" lon="127.980715">
        <ele>360.3</ele>
      </trkpt>
      <trkpt lat="35.517266" lon="127.981007">
        <ele>355.5</ele>
      </trkpt>
      <trkpt lat="35.517601" lon="127.981562">
        <ele>351.1</ele>
      </trkpt>
      <trkpt lat="35.51898" lon="127.983171">
        <ele>347.0</ele>
      </trkpt>
      <trkpt lat="35.519799" lon="127.983684">
        <ele>331.9</ele>
      </trkpt>
      <trkpt lat="35.52006" lon="127.983987">
        <ele>326.5</ele>
      </trkpt>
      <trkpt lat="35.520357" lon="127.984265">
        <ele>320.9</ele>
      </trkpt>
      <trkpt lat="35.521277" lon="127.984529">
        <ele>314.9</ele>
      </trkpt>
      <trkpt lat="35.521631" lon="127.984757">
        <ele>306.8</ele>
      </trkpt>
      <trkpt lat="35.52254" lon="127.986023">
        <ele>300.2</ele>
      </trkpt>
      <trkpt lat="35.522889" lon="127.986354">
        <ele>294.5</ele>
      </trkpt>
      <trkpt lat="35.525512" lon="127.987584">
        <ele>265.3</ele>
      </trkpt>
      <trkpt lat="35.528773" lon="127.989925">
        <ele>243.3</ele>
      </trkpt>
      <trkpt lat="35.531615" lon="127.991286">
        <ele>212.3</ele>
      </trkpt>
      <trkpt lat="35.531956" lon="127.991742">
        <ele>207.9</ele>
      </trkpt>
      <trkpt lat="35.533102" lon="127.99385">
        <ele>204.7</ele>
      </trkpt>
      <trkpt lat="35.532567" lon="127.994255">
        <ele>201.4</ele>
      </trkpt>
      <trkpt lat="35.532248" lon="127.994761">
        <ele>199.8</ele>
      </trkpt>
      <trkpt lat="35.531898" lon="127.995661">
        <ele>196.5</ele>
      </trkpt>
      <trkpt lat="35.53179" lon="127.995964">
        <ele>195.3</ele>
      </trkpt>
      <trkpt lat="35.531765" lon="127.996305">
        <ele>194.1</ele>
      </trkpt>
      <trkpt lat="35.531967" lon="127.997136">
        <ele>194.1</ele>
      </trkpt>
      <trkpt lat="35.532423" lon="127.998152">
        <ele>197.1</ele>
      </trkpt>
      <trkpt lat="35.53264" lon="127.998444">
        <ele>199.2</ele>
      </trkpt>
      <trkpt lat="35.533741" lon="127.99943">
        <ele>201.8</ele>
      </trkpt>
      <trkpt lat="35.534001" lon="127.999849">
        <ele>203.7</ele>
      </trkpt>
      <trkpt lat="35.533997" lon="128.00031">
        <ele>205.3</ele>
      </trkpt>
      <trkpt lat="35.53329" lon="128.001596">
        <ele>209.5</ele>
      </trkpt>
      <trkpt lat="35.533256" lon="128.003074">
        <ele>214.2</ele>
      </trkpt>
      <trkpt lat="35.533192" lon="128.003424">
        <ele>215.8</ele>
      </trkpt>
      <trkpt lat="35.532984" lon="128.003905">
        <ele>217.7</ele>
      </trkpt>
      <trkpt lat="35.532415" lon="128.004782">
        <ele>220.1</ele>
      </trkpt>
      <trkpt lat="35.532212" lon="128.005066">
        <ele>222.6</ele>
      </trkpt>
      <trkpt lat="35.531931" lon="128.005271">
        <ele>225.6</ele>
      </trkpt>
      <trkpt lat="35.531481" lon="128.00531">
        <ele>226.5</ele>
      </trkpt>
      <trkpt lat="35.531223" lon="128.005361">
        <ele>227.5</ele>
      </trkpt>
      <trkpt lat="35.530107" lon="128.006441">
        <ele>233.9</ele>
      </trkpt>
      <trkpt lat="35.528926" lon="128.006846">
        <ele>238.6</ele>
      </trkpt>
      <trkpt lat="35.528587" lon="128.007061">
        <ele>239.3</ele>
      </trkpt>
      <trkpt lat="35.528346" lon="128.007293">
        <ele>240.1</ele>
      </trkpt>
      <trkpt lat="35.528137" lon="128.007601">
        <ele>237.7</ele>
      </trkpt>
      <trkpt lat="35.527965" lon="128.008029">
        <ele>235.3</ele>
      </trkpt>
      <trkpt lat="35.527549" lon="128.010682">
        <ele>225.9</ele>
      </trkpt>
      <trkpt lat="35.527357" lon="128.011062">
        <ele>223.8</ele>
      </trkpt>
      <trkpt lat="35.527063" lon="128.011371">
        <ele>222.1</ele>
      </trkpt>
      <trkpt lat="35.525682" lon="128.012135">
        <ele>216.0</ele>
      </trkpt>
      <trkpt lat="35.525399" lon="128.012348">
        <ele>214.0</ele>
      </trkpt>
      <trkpt lat="35.525091" lon="128.012667">
        <ele>212.7</ele>
      </trkpt>
      <trkpt lat="35.523341" lon="128.014973">
        <ele>206.3</ele>
      </trkpt>
      <trkpt lat="35.522388" lon="128.017201">
        <ele>206.5</ele>
      </trkpt>
      <trkpt lat="35.522099" lon="128.017504">
        <ele>207.1</ele>
      </trkpt>
      <trkpt lat="35.521849" lon="128.01767">
        <ele>207.7</ele>
      </trkpt>
      <trkpt lat="35.520843" lon="128.018059">
        <ele>204.1</ele>
      </trkpt>
      <trkpt lat="35.520102" lon="128.018903">
        <ele>196.9</ele>
      </trkpt>
      <trkpt lat="35.519984" lon="128.019169">
        <ele>196.8</ele>
      </trkpt>
      <trkpt lat="35.520131" lon="128.020337">
        <ele>196.3</ele>
      </trkpt>
      <trkpt lat="35.520214" lon="128.021346">
        <ele>195.1</ele>
      </trkpt>
      <trkpt lat="35.520418" lon="128.021853">
        <ele>193.8</ele>
      </trkpt>
      <trkpt lat="35.520675" lon="128.022228">
        <ele>193.1</ele>
      </trkpt>
      <trkpt lat="35.522474" lon="128.024542">
        <ele>191.4</ele>
      </trkpt>
      <trkpt lat="35.523041" lon="128.025103">
        <ele>190.0</ele>
      </trkpt>
      <trkpt lat="35.52373" lon="128.025511">
        <ele>189.7</ele>
      </trkpt>
      <trkpt lat="35.523916" lon="128.025793">
        <ele>189.2</ele>
      </trkpt>
      <trkpt lat="35.524227" lon="128.026731">
        <ele>188.9</ele>
      </trkpt>
      <trkpt lat="35.524749" lon="128.02823">
        <ele>188.9</ele>
      </trkpt>
      <trkpt lat="35.524883" lon="128.028539">
        <ele>190.1</ele>
      </trkpt>
      <trkpt lat="35.52513" lon="128.028787">
        <ele>190.5</ele>
      </trkpt>
      <trkpt lat="35.52731" lon="128.029372">
        <ele>187.9</ele>
      </trkpt>
      <trkpt lat="35.528268" lon="128.02944">
        <ele>184.5</ele>
      </trkpt>
      <trkpt lat="35.529124" lon="128.029872">
        <ele>184.7</ele>
      </trkpt>
      <trkpt lat="35.529454" lon="128.029877">
        <ele>186.4</ele>
      </trkpt>
      <trkpt lat="35.530657" lon="128.029436">
        <ele>190.5</ele>
      </trkpt>
      <trkpt lat="35.531035" lon="128.029654">
        <ele>190.9</ele>
      </trkpt>
      <trkpt lat="35.531274" lon="128.029988">
        <ele>191.9</ele>
      </trkpt>
      <trkpt lat="35.531365" lon="128.030574">
        <ele>192.1</ele>
      </trkpt>
      <trkpt lat="35.531351" lon="128.031061">
        <ele>192.4</ele>
      </trkpt>
      <trkpt lat="35.531135" lon="128.032366">
        <ele>190.2</ele>
      </trkpt>
      <trkpt lat="35.531129" lon="128.034421">
        <ele>185.7</ele>
      </trkpt>
      <trkpt lat="35.530957" lon="128.034807">
        <ele>181.3</ele>
      </trkpt>
      <trkpt lat="35.530007" lon="128.03573">
        <ele>167.1</ele>
      </trkpt>
      <trkpt lat="35.529791" lon="128.036157">
        <ele>161.1</ele>
      </trkpt>
      <trkpt lat="35.529721" lon="128.03651">
        <ele>156.1</ele>
      </trkpt>
      <trkpt lat="35.529868" lon="128.037002">
        <ele>151.2</ele>
      </trkpt>
      <trkpt lat="35.530046" lon="128.037298">
        <ele>146.9</ele>
      </trkpt>
      <trkpt lat="35.53031" lon="128.037507">
        <ele>142.5</ele>
      </trkpt>
      <trkpt lat="35.530582" lon="128.037579">
        <ele>139.1</ele>
      </trkpt>
      <trkpt lat="35.530879" lon="128.037554">
        <ele>136.2</ele>
      </trkpt>
      <trkpt lat="35.531937" lon="128.03714">
        <ele>132.5</ele>
      </trkpt>
      <trkpt lat="35.532293" lon="128.037039">
        <ele>129.1</ele>
      </trkpt>
      <trkpt lat="35.532662" lon="128.036977">
        <ele>126.5</ele>
      </trkpt>
      <trkpt lat="35.53314" lon="128.036999">
        <ele>124.5</ele>
      </trkpt>
      <trkpt lat="35.536123" lon="128.037993">
        <ele>118.1</ele>
      </trkpt>
      <trkpt lat="35.536378" lon="128.038104">
        <ele>118.6</ele>
      </trkpt>
      <trkpt lat="35.536843" lon="128.038382">
        <ele>118.4</ele>
      </trkpt>
      <trkpt lat="35.537062" lon="128.038568">
        <ele>117.7</ele>
      </trkpt>
      <trkpt lat="35.537394" lon="128.038951">
        <ele>116.9</ele>
      </trkpt>
      <trkpt lat="35.538567" lon="128.040787">
        <ele>114.6</ele>
      </trkpt>
      <trkpt lat="35.540053" lon="128.042515">
        <ele>114.1</ele>
      </trkpt>
      <trkpt lat="35.541237" lon="128.044434">
        <ele>110.3</ele>
      </trkpt>
      <trkpt lat="35.541595" lon="128.044845">
        <ele>110.3</ele>
      </trkpt>
      <trkpt lat="35.541992" lon="128.045187">
        <ele>109.5</ele>
      </trkpt>
      <trkpt lat="35.543349" lon="128.046168">
        <ele>108.1</ele>
      </trkpt>
      <trkpt lat="35.543997" lon="128.047187">
        <ele>107.3</ele>
      </trkpt>
      <trkpt lat="35.544122" lon="128.047706">
        <ele>106.2</ele>
      </trkpt>
      <trkpt lat="35.544161" lon="128.048034">
        <ele>104.8</ele>
      </trkpt>
      <trkpt lat="35.544209" lon="128.048609">
        <ele>104.3</ele>
      </trkpt>
      <trkpt lat="35.54441" lon="128.05132">
        <ele>103.6</ele>
      </trkpt>
      <trkpt lat="35.544375" lon="128.051958">
        <ele>102.5</ele>
      </trkpt>
      <trkpt lat="35.544272" lon="128.05236">
        <ele>103.1</ele>
      </trkpt>
      <trkpt lat="35.543581" lon="128.054487">
        <ele>101.2</ele>
      </trkpt>
      <trkpt lat="35.543306" lon="128.055058">
        <ele>100.3</ele>
      </trkpt>
      <trkpt lat="35.542984" lon="128.055516">
        <ele>98.9</ele>
      </trkpt>
      <trkpt lat="35.542653" lon="128.055838">
        <ele>99.6</ele>
      </trkpt>
      <trkpt lat="35.542392" lon="128.05603">
        <ele>97.9</ele>
      </trkpt>
      <trkpt lat="35.540422" lon="128.057008">
        <ele>91.4</ele>
      </trkpt>
      <trkpt lat="35.540151" lon="128.057255">
        <ele>89.7</ele>
      </trkpt>
      <trkpt lat="35.54002" lon="128.057536">
        <ele>87.6</ele>
      </trkpt>
      <trkpt lat="35.539979" lon="128.057869">
        <ele>85.5</ele>
      </trkpt>
      <trkpt lat="35.540162" lon="128.060983">
        <ele>81.4</ele>
      </trkpt>
      <trkpt lat="35.540368" lon="128.061602">
        <ele>79.0</ele>
      </trkpt>
      <trkpt lat="35.540529" lon="128.061895">
        <ele>76.6</ele>
      </trkpt>
      <trkpt lat="35.541934" lon="128.064011">
        <ele>71.5</ele>
      </trkpt>
      <trkpt lat="35.543156" lon="128.065513">
        <ele>68.1</ele>
      </trkpt>
      <trkpt lat="35.543839" lon="128.066652">
        <ele>68.0</ele>
      </trkpt>
      <trkpt lat="35.544075" lon="128.066982">
        <ele>67.1</ele>
      </trkpt>
      <trkpt lat="35.545" lon="128.068165">
        <ele>66.3</ele>
      </trkpt>
      <trkpt lat="35.545575" lon="128.068676">
        <ele>65.8</ele>
      </trkpt>
      <trkpt lat="35.546114" lon="128.069329">
        <ele>65.3</ele>
      </trkpt>
      <trkpt lat="35.547239" lon="128.071707">
        <ele>62.5</ele>
      </trkpt>
      <trkpt lat="35.547495" lon="128.072105">
        <ele>61.9</ele>
      </trkpt>
      <trkpt lat="35.5488" lon="128.073956">
        <ele>62.5</ele>
      </trkpt>
      <trkpt lat="35.549022" lon="128.074462">
        <ele>61.6</ele>
      </trkpt>
      <trkpt lat="35.549128" lon="128.074878">
        <ele>62.5</ele>
      </trkpt>
      <trkpt lat="35.549169" lon="128.075369">
        <ele>62.9</ele>
      </trkpt>
      <trkpt lat="35.548953" lon="128.076492">
        <ele>66.2</ele>
      </trkpt>
      <trkpt lat="35.547306" lon="128.080395">
        <ele>68.0</ele>
      </trkpt>
      <trkpt lat="35.546989" lon="128.081505">
        <ele>67.9</ele>
      </trkpt>
      <trkpt lat="35.546987" lon="128.081931">
        <ele>68.7</ele>
      </trkpt>
      <trkpt lat="35.54703" lon="128.082375">
        <ele>69.4</ele>
      </trkpt>
      <trkpt lat="35.547701" lon="128.0863">
        <ele>73.5</ele>
      </trkpt>
      <trkpt lat="35.547701" lon="128.086689">
        <ele>72.3</ele>
      </trkpt>
      <trkpt lat="35.547606" lon="128.087235">
        <ele>72.5</ele>
      </trkpt>
      <trkpt lat="35.547081" lon="128.088313">
        <ele>74.3</ele>
      </trkpt>
      <trkpt lat="35.545781" lon="128.089531">
        <ele>79.5</ele>
      </trkpt>
      <trkpt lat="35.54557" lon="128.089805">
        <ele>79.9</ele>
      </trkpt>
      <trkpt lat="35.545401" lon="128.09008">
        <ele>77.1</ele>
      </trkpt>
      <trkpt lat="35.54474" lon="128.092413">
        <ele>67.5</ele>
      </trkpt>
      <trkpt lat="35.54449" lon="128.096049">
        <ele>53.8</ele>
      </trkpt>
      <trkpt lat="35.543532" lon="128.099121">
        <ele>46.5</ele>
      </trkpt>
      <trkpt lat="35.543448" lon="128.099513">
        <ele>46.4</ele>
      </trkpt>
      <trkpt lat="35.543396" lon="128.099951">
        <ele>46.3</ele>
      </trkpt>
      <trkpt lat="35.543325" lon="128.101008">
        <ele>46.0</ele>
      </trkpt>
      <trkpt lat="35.543217" lon="128.103557">
        <ele>45.9</ele>
      </trkpt>
      <trkpt lat="35.543415" lon="128.104633">
        <ele>45.7</ele>
      </trkpt>
      <trkpt lat="35.543621" lon="128.105331">
        <ele>46.2</ele>
      </trkpt>
      <trkpt lat="35.543926" lon="128.105919">
        <ele>46.2</ele>
      </trkpt>
      <trkpt lat="35.545153" lon="128.1073">
        <ele>45.9</ele>
      </trkpt>
      <trkpt lat="35.552304" lon="128.114639">
        <ele>45.6</ele>
      </trkpt>
      <trkpt lat="35.553058" lon="128.115591">
        <ele>45.3</ele>
      </trkpt>
      <trkpt lat="35.555448" lon="128.119628">
        <ele>45.1</ele>
      </trkpt>
      <trkpt lat="35.555987" lon="128.120426">
        <ele>44.7</ele>
      </trkpt>
      <trkpt lat="35.556759" lon="128.121247">
        <ele>44.4</ele>
      </trkpt>
      <trkpt lat="35.557604" lon="128.121668">
        <ele>44.1</ele>
      </trkpt>
      <trkpt lat="35.560209" lon="128.122511">
        <ele>43.3</ele>
      </trkpt>
      <trkpt lat="35.565491" lon="128.123354">
        <ele>42.3</ele>
      </trkpt>
      <trkpt lat="35.566192" lon="128.123708">
        <ele>41.3</ele>
      </trkpt>
      <trkpt lat="35.566713" lon="128.124196">
        <ele>41.3</ele>
      </trkpt>
      <trkpt lat="35.569049" lon="128.126923">
        <ele>40.5</ele>
      </trkpt>
      <trkpt lat="35.569677" lon="128.128165">
        <ele>39.6</ele>
      </trkpt>
      <trkpt lat="35.570127" lon="128.129939">
        <ele>38.3</ele>
      </trkpt>
      <trkpt lat="35.570341" lon="128.131114">
        <ele>37.5</ele>
      </trkpt>
      <trkpt lat="35.570558" lon="128.135039">
        <ele>37.0</ele>
      </trkpt>
      <trkpt lat="35.570431" lon="128.135771">
        <ele>36.5</ele>
      </trkpt>
      <trkpt lat="35.569426" lon="128.136901">
        <ele>35.9</ele>
      </trkpt>
      <trkpt lat="35.568575" lon="128.138016">
        <ele>35.5</ele>
      </trkpt>
      <trkpt lat="35.56731" lon="128.140093">
        <ele>33.5</ele>
      </trkpt>
      <trkpt lat="35.566857" lon="128.141506">
        <ele>34.1</ele>
      </trkpt>
      <trkpt lat="35.566263" lon="128.143199">
        <ele>34.7</ele>
      </trkpt>
      <trkpt lat="35.563802" lon="128.147966">
        <ele>34.9</ele>
      </trkpt>
      <trkpt lat="35.562185" lon="128.150072">
        <ele>35.0</ele>
      </trkpt>
      <trkpt lat="35.561143" lon="128.152689">
        <ele>35.1</ele>
      </trkpt>
      <trkpt lat="35.561089" lon="128.153266">
        <ele>35.3</ele>
      </trkpt>
      <trkpt lat="35.561033" lon="128.153672">
        <ele>35.0</ele>
      </trkpt>
      <trkpt lat="35.563878" lon="128.154101">
        <ele>63.0</ele>
      </trkpt>
      <trkpt lat="35.564349" lon="128.154401">
        <ele>65.0</ele>
      </trkpt>
      <trkpt lat="35.564568" lon="128.154568">
        <ele>64.0</ele>
      </trkpt>
      <trkpt lat="35.56517" lon="128.15468">
        <ele>60.0</ele>
      </trkpt>
      <trkpt lat="35.56983" lon="128.155367">
        <ele>27.0</ele>
      </trkpt>
      <trkpt lat="35.570633" lon="128.155689">
        <ele>30.0</ele>
      </trkpt>
      <trkpt lat="35.570306" lon="128.157443">
        <ele>30.0</ele>
      </trkpt>
      <trkpt lat="35.570319" lon="128.158504">
        <ele>29.0</ele>
      </trkpt>
      <trkpt lat="35.570275" lon="128.158842">
        <ele>29.0</ele>
      </trkpt>
      <trkpt lat="35.570642" lon="128.159765">
        <ele>32.0</ele>
      </trkpt>
      <trkpt lat="35.571314" lon="128.160935">
        <ele>31.0</ele>
      </trkpt>
      <trkpt lat="35.571942" lon="128.161643">
        <ele>37.0</ele>
      </trkpt>
      <trkpt lat="35.572483" lon="128.161697">
        <ele>50.0</ele>
      </trkpt>
      <trkpt lat="35.572832" lon="128.161911">
        <ele>53.0</ele>
      </trkpt>
      <trkpt lat="35.5736" lon="128.16381">
        <ele>46.0</ele>
      </trkpt>
      <trkpt lat="35.57353" lon="128.164154">
        <ele>39.0</ele>
      </trkpt>
      <trkpt lat="35.573718" lon="128.164425">
        <ele>38.0</ele>
      </trkpt>
      <trkpt lat="35.573919" lon="128.1652">
        <ele>35.0</ele>
      </trkpt>
      <trkpt lat="35.574063" lon="128.165613">
        <ele>34.0</ele>
      </trkpt>
      <trkpt lat="35.574237" lon="128.165911">
        <ele>34.0</ele>
      </trkpt>
      <trkpt lat="35.574429" lon="128.166133">
        <ele>34.0</ele>
      </trkpt>
      <trkpt lat="35.574748" lon="128.166369">
        <ele>30.0</ele>
      </trkpt>
      <trkpt lat="35.574988" lon="128.16646">
        <ele>29.0</ele>
      </trkpt>
      <trkpt lat="35.575995" lon="128.166616">
        <ele>37.0</ele>
      </trkpt>
      <trkpt lat="35.576414" lon="128.166766">
        <ele>36.0</ele>
      </trkpt>
      <trkpt lat="35.576672" lon="128.166981">
        <ele>36.0</ele>
      </trkpt>
      <trkpt lat="35.577173" lon="128.167587">
        <ele>31.0</ele>
      </trkpt>
      <trkpt lat="35.577697" lon="128.167941">
        <ele>31.0</ele>
      </trkpt>
      <trkpt lat="35.578151" lon="128.168123">
        <ele>32.0</ele>
      </trkpt>
      <trkpt lat="35.578696" lon="128.168182">
        <ele>36.0</ele>
      </trkpt>
      <trkpt lat="35.578783" lon="128.168032">
        <ele>37.0</ele>
      </trkpt>
      <trkpt lat="35.578742" lon="128.168038">
        <ele>37.7</ele>
      </trkpt>
      <trkpt lat="35.578741" lon="128.168038">
        <ele>37.7</ele>
      </trkpt>
      <trkpt lat="35.578456" lon="128.168081">
        <ele>34.0</ele>
      </trkpt>
      <trkpt lat="35.578059" lon="128.168016">
        <ele>33.0</ele>
      </trkpt>
      <trkpt lat="35.57764" lon="128.167834">
        <ele>32.0</ele>
      </trkpt>
      <trkpt lat="35.577239" lon="128.167528">
        <ele>32.0</ele>
      </trkpt>
      <trkpt lat="35.576724" lon="128.166947">
        <ele>37.0</ele>
      </trkpt>
      <trkpt lat="35.576475" lon="128.166729">
        <ele>37.0</ele>
      </trkpt>
      <trkpt lat="35.57603" lon="128.166541">
        <ele>37.0</ele>
      </trkpt>
      <trkpt lat="35.575114" lon="128.166406">
        <ele>29.0</ele>
      </trkpt>
      <trkpt lat="35.574817" lon="128.16631">
        <ele>30.0</ele>
      </trkpt>
      <trkpt lat="35.574477" lon="128.166106">
        <ele>34.0</ele>
      </trkpt>
      <trkpt lat="35.574259" lon="128.165821">
        <ele>34.0</ele>
      </trkpt>
      <trkpt lat="35.574028" lon="128.165388">
        <ele>36.0</ele>
      </trkpt>
      <trkpt lat="35.573919" lon="128.164926">
        <ele>36.0</ele>
      </trkpt>
      <trkpt lat="35.573836" lon="128.164486">
        <ele>39.0</ele>
      </trkpt>
      <trkpt lat="35.573727" lon="128.164041">
        <ele>45.0</ele>
      </trkpt>
      <trkpt lat="35.573391" lon="128.164099">
        <ele>40.0</ele>
      </trkpt>
      <trkpt lat="35.572553" lon="128.163993">
        <ele>33.0</ele>
      </trkpt>
      <trkpt lat="35.563828" lon="128.162651">
        <ele>39.3</ele>
      </trkpt>
      <trkpt lat="35.563481" lon="128.162504">
        <ele>39.6</ele>
      </trkpt>
      <trkpt lat="35.563056" lon="128.162268">
        <ele>39.8</ele>
      </trkpt>
      <trkpt lat="35.56205" lon="128.16129">
        <ele>39.8</ele>
      </trkpt>
      <trkpt lat="35.5617" lon="128.161029">
        <ele>39.8</ele>
      </trkpt>
      <trkpt lat="35.561264" lon="128.160923">
        <ele>39.8</ele>
      </trkpt>
      <trkpt lat="35.560525" lon="128.160995">
        <ele>39.6</ele>
      </trkpt>
      <trkpt lat="35.56035" lon="128.160805">
        <ele>37.2</ele>
      </trkpt>
      <trkpt lat="35.560215" lon="128.16082">
        <ele>39.1</ele>
      </trkpt>
      <trkpt lat="35.560051" lon="128.161044">
        <ele>40.8</ele>
      </trkpt>
      <trkpt lat="35.556554" lon="128.161665">
        <ele>45.9</ele>
      </trkpt>
      <trkpt lat="35.556134" lon="128.161762">
        <ele>47.2</ele>
      </trkpt>
      <trkpt lat="35.555625" lon="128.161965">
        <ele>48.5</ele>
      </trkpt>
      <trkpt lat="35.551418" lon="128.162466">
        <ele>54.5</ele>
      </trkpt>
      <trkpt lat="35.550024" lon="128.163085">
        <ele>53.1</ele>
      </trkpt>
      <trkpt lat="35.547123" lon="128.165087">
        <ele>53.5</ele>
      </trkpt>
      <trkpt lat="35.545433" lon="128.166829">
        <ele>51.8</ele>
      </trkpt>
      <trkpt lat="35.543827" lon="128.168162">
        <ele>51.2</ele>
      </trkpt>
      <trkpt lat="35.542725" lon="128.168451">
        <ele>52.1</ele>
      </trkpt>
      <trkpt lat="35.54238" lon="128.168504">
        <ele>53.0</ele>
      </trkpt>
      <trkpt lat="35.541008" lon="128.168545">
        <ele>53.5</ele>
      </trkpt>
      <trkpt lat="35.540386" lon="128.168557">
        <ele>54.8</ele>
      </trkpt>
      <trkpt lat="35.5401" lon="128.168467">
        <ele>56.3</ele>
      </trkpt>
      <trkpt lat="35.539858" lon="128.168295">
        <ele>57.7</ele>
      </trkpt>
      <trkpt lat="35.539536" lon="128.168039">
        <ele>56.1</ele>
      </trkpt>
      <trkpt lat="35.539211" lon="128.167909">
        <ele>55.6</ele>
      </trkpt>
      <trkpt lat="35.538917" lon="128.167923">
        <ele>56.3</ele>
      </trkpt>
      <trkpt lat="35.53802" lon="128.168362">
        <ele>57.4</ele>
      </trkpt>
      <trkpt lat="35.537436" lon="128.168657">
        <ele>57.8</ele>
      </trkpt>
      <trkpt lat="35.535759" lon="128.169318">
        <ele>55.8</ele>
      </trkpt>
      <trkpt lat="35.535467" lon="128.169557">
        <ele>53.9</ele>
      </trkpt>
      <trkpt lat="35.534753" lon="128.170527">
        <ele>51.0</ele>
      </trkpt>
      <trkpt lat="35.534487" lon="128.170729">
        <ele>49.9</ele>
      </trkpt>
      <trkpt lat="35.534028" lon="128.170808">
        <ele>48.2</ele>
      </trkpt>
      <trkpt lat="35.533765" lon="128.170845">
        <ele>47.2</ele>
      </trkpt>
      <trkpt lat="35.531984" lon="128.170976">
        <ele>41.7</ele>
      </trkpt>
      <trkpt lat="35.530557" lon="128.170895">
        <ele>38.3</ele>
      </trkpt>
      <trkpt lat="35.527671" lon="128.17034">
        <ele>35.9</ele>
      </trkpt>
      <trkpt lat="35.525121" lon="128.170446">
        <ele>36.5</ele>
      </trkpt>
      <trkpt lat="35.523999" lon="128.16984">
        <ele>37.6</ele>
      </trkpt>
      <trkpt lat="35.521763" lon="128.169049">
        <ele>36.1</ele>
      </trkpt>
      <trkpt lat="35.52115" lon="128.169176">
        <ele>39.2</ele>
      </trkpt>
      <trkpt lat="35.520863" lon="128.17041">
        <ele>39.4</ele>
      </trkpt>
      <trkpt lat="35.520519" lon="128.170605">
        <ele>39.3</ele>
      </trkpt>
      <trkpt lat="35.517435" lon="128.173701">
        <ele>39.4</ele>
      </trkpt>
      <trkpt lat="35.517156" lon="128.173846">
        <ele>39.5</ele>
      </trkpt>
      <trkpt lat="35.51716" lon="128.173859">
        <ele>46.0</ele>
      </trkpt>
      <trkpt lat="35.51708" lon="128.1739">
        <ele>45.2</ele>
      </trkpt>
      <trkpt lat="35.51669" lon="128.173949">
        <ele>40.1</ele>
      </trkpt>
      <trkpt lat="35.51627" lon="128.17397">
        <ele>39.3</ele>
      </trkpt>
      <trkpt lat="35.51626" lon="128.17417">
        <ele>39.5</ele>
      </trkpt>
      <trkpt lat="35.51622" lon="128.17456">
        <ele>41.4</ele>
      </trkpt>
      <trkpt lat="35.51614" lon="128.17507">
        <ele>43.5</ele>
      </trkpt>
      <trkpt lat="35.5161" lon="128.175367">
        <ele>46.0</ele>
      </trkpt>
      <trkpt lat="35.51587" lon="128.17586">
        <ele>44.3</ele>
      </trkpt>
      <trkpt lat="35.51552" lon="128.17649">
        <ele>44.7</ele>
      </trkpt>
      <trkpt lat="35.51519" lon="128.177067">
        <ele>44.8</ele>
      </trkpt>
      <trkpt lat="35.51485" lon="128.17764">
        <ele>43.1</ele>
      </trkpt>
      <trkpt lat="35.51463" lon="128.17799">
        <ele>43.8</ele>
      </trkpt>
      <trkpt lat="35.51429" lon="128.178598">
        <ele>44.7</ele>
      </trkpt>
      <trkpt lat="35.51398" lon="128.17911">
        <ele>45.3</ele>
      </trkpt>
      <trkpt lat="35.51366" lon="128.17962">
        <ele>47.2</ele>
      </trkpt>
      <trkpt lat="35.51346" lon="128.17978">
        <ele>46.4</ele>
      </trkpt>
      <trkpt lat="35.51291" lon="128.1801">
        <ele>46.6</ele>
      </trkpt>
      <trkpt lat="35.51235" lon="128.18041">
        <ele>50.1</ele>
      </trkpt>
      <trkpt lat="35.51191" lon="128.18068">
        <ele>52.2</ele>
      </trkpt>
      <trkpt lat="35.51147" lon="128.18096">
        <ele>53.8</ele>
      </trkpt>
      <trkpt lat="35.51126" lon="128.181097">
        <ele>54.1</ele>
      </trkpt>
      <trkpt lat="35.51113" lon="128.18121">
        <ele>54.2</ele>
      </trkpt>
      <trkpt lat="35.51099" lon="128.181379">
        <ele>54.5</ele>
      </trkpt>
      <trkpt lat="35.51095" lon="128.181469">
        <ele>54.9</ele>
      </trkpt>
      <trkpt lat="35.51086" lon="128.18172">
        <ele>55.7</ele>
      </trkpt>
      <trkpt lat="35.51072" lon="128.182189">
        <ele>55.8</ele>
      </trkpt>
      <trkpt lat="35.51068" lon="128.18257">
        <ele>56.4</ele>
      </trkpt>
      <trkpt lat="35.51069" lon="128.18284">
        <ele>55.9</ele>
      </trkpt>
      <trkpt lat="35.51077" lon="128.183067">
        <ele>56.2</ele>
      </trkpt>
      <trkpt lat="35.51082" lon="128.183168">
        <ele>56.4</ele>
      </trkpt>
      <trkpt lat="35.51091" lon="128.183258">
        <ele>57.4</ele>
      </trkpt>
      <trkpt lat="35.51109" lon="128.18337">
        <ele>59.6</ele>
      </trkpt>
      <trkpt lat="35.51128" lon="128.18345">
        <ele>62.2</ele>
      </trkpt>
      <trkpt lat="35.51136" lon="128.18347">
        <ele>63.3</ele>
      </trkpt>
      <trkpt lat="35.51182" lon="128.18345">
        <ele>68.1</ele>
      </trkpt>
      <trkpt lat="35.51261" lon="128.18338">
        <ele>71.5</ele>
      </trkpt>
      <trkpt lat="35.51337" lon="128.18337">
        <ele>73.8</ele>
      </trkpt>
      <trkpt lat="35.51367" lon="128.18338">
        <ele>77.1</ele>
      </trkpt>
      <trkpt lat="35.51393" lon="128.18349">
        <ele>77.5</ele>
      </trkpt>
      <trkpt lat="35.51434" lon="128.183698">
        <ele>76.6</ele>
      </trkpt>
      <trkpt lat="35.51473" lon="128.183878">
        <ele>77.6</ele>
      </trkpt>
      <trkpt lat="35.51507" lon="128.18409">
        <ele>79.0</ele>
      </trkpt>
      <trkpt lat="35.51521" lon="128.1842">
        <ele>79.7</ele>
      </trkpt>
      <trkpt lat="35.51537" lon="128.184339">
        <ele>80.7</ele>
      </trkpt>
      <trkpt lat="35.5157" lon="128.184688">
        <ele>81.2</ele>
      </trkpt>
      <trkpt lat="35.51593" lon="128.18499">
        <ele>80.6</ele>
      </trkpt>
      <trkpt lat="35.51602" lon="128.185138">
        <ele>81.2</ele>
      </trkpt>
      <trkpt lat="35.51609" lon="128.185319">
        <ele>81.3</ele>
      </trkpt>
      <trkpt lat="35.51615" lon="128.185499">
        <ele>81.3</ele>
      </trkpt>
      <trkpt lat="35.51623" lon="128.18581">
        <ele>80.8</ele>
      </trkpt>
      <trkpt lat="35.51628" lon="128.18615">
        <ele>85.2</ele>
      </trkpt>
      <trkpt lat="35.51628" lon="128.18643">
        <ele>88.5</ele>
      </trkpt>
      <trkpt lat="35.51613" lon="128.18745">
        <ele>93.4</ele>
      </trkpt>
      <trkpt lat="35.51609" lon="128.18768">
        <ele>92.6</ele>
      </trkpt>
      <trkpt lat="35.5161" lon="128.1882">
        <ele>92.3</ele>
      </trkpt>
      <trkpt lat="35.51613" lon="128.188707">
        <ele>95.3</ele>
      </trkpt>
      <trkpt lat="35.51609" lon="128.18974">
        <ele>102.1</ele>
      </trkpt>
      <trkpt lat="35.51609" lon="128.189979">
        <ele>103.7</ele>
      </trkpt>
      <trkpt lat="35.51614" lon="128.190249">
        <ele>104.1</ele>
      </trkpt>
      <trkpt lat="35.51628" lon="128.190699">
        <ele>102.7</ele>
      </trkpt>
      <trkpt lat="35.51636" lon="128.191048">
        <ele>101.7</ele>
      </trkpt>
      <trkpt lat="35.51639" lon="128.19126">
        <ele>101.7</ele>
      </trkpt>
      <trkpt lat="35.51639" lon="128.191397">
        <ele>101.9</ele>
      </trkpt>
      <trkpt lat="35.5163" lon="128.19173">
        <ele>103.9</ele>
      </trkpt>
      <trkpt lat="35.51609" lon="128.19235">
        <ele>105.2</ele>
      </trkpt>
      <trkpt lat="35.51596" lon="128.19259">
        <ele>106.2</ele>
      </trkpt>
      <trkpt lat="35.51592" lon="128.19264">
        <ele>106.1</ele>
      </trkpt>
      <trkpt lat="35.51579" lon="128.1927">
        <ele>107.4</ele>
      </trkpt>
      <trkpt lat="35.51516" lon="128.192748">
        <ele>113.5</ele>
      </trkpt>
      <trkpt lat="35.51468" lon="128.19286">
        <ele>117.7</ele>
      </trkpt>
      <trkpt lat="35.5143" lon="128.19305">
        <ele>119.6</ele>
      </trkpt>
      <trkpt lat="35.51413" lon="128.19339">
        <ele>117.4</ele>
      </trkpt>
      <trkpt lat="35.51406" lon="128.19371">
        <ele>123.6</ele>
      </trkpt>
      <trkpt lat="35.51406" lon="128.1939">
        <ele>126.8</ele>
      </trkpt>
      <trkpt lat="35.51407" lon="128.19407">
        <ele>129.4</ele>
      </trkpt>
      <trkpt lat="35.51414" lon="128.194268">
        <ele>132.2</ele>
      </trkpt>
      <trkpt lat="35.51434" lon="128.194977">
        <ele>138.6</ele>
      </trkpt>
      <trkpt lat="35.51448" lon="128.1954">
        <ele>135.8</ele>
      </trkpt>
      <trkpt lat="35.51446" lon="128.19563">
        <ele>137.5</ele>
      </trkpt>
      <trkpt lat="35.51419" lon="128.19636">
        <ele>146.3</ele>
      </trkpt>
      <trkpt lat="35.51408" lon="128.19682">
        <ele>145.6</ele>
      </trkpt>
      <trkpt lat="35.51404" lon="128.19728">
        <ele>142.4</ele>
      </trkpt>
      <trkpt lat="35.51411" lon="128.19763">
        <ele>141.7</ele>
      </trkpt>
      <trkpt lat="35.51413" lon="128.19788">
        <ele>143.6</ele>
      </trkpt>
      <trkpt lat="35.5141" lon="128.19806">
        <ele>144.3</ele>
      </trkpt>
      <trkpt lat="35.51404" lon="128.19823">
        <ele>143.9</ele>
      </trkpt>
      <trkpt lat="35.51398" lon="128.19833">
        <ele>142.6</ele>
      </trkpt>
      <trkpt lat="35.5139" lon="128.19842">
        <ele>141.4</ele>
      </trkpt>
      <trkpt lat="35.51385" lon="128.19846">
        <ele>140.4</ele>
      </trkpt>
      <trkpt lat="35.51383" lon="128.198737">
        <ele>143.2</ele>
      </trkpt>
      <trkpt lat="35.51385" lon="128.199199">
        <ele>149.1</ele>
      </trkpt>
      <trkpt lat="35.51389" lon="128.19969">
        <ele>152.2</ele>
      </trkpt>
      <trkpt lat="35.51393" lon="128.200369">
        <ele>157.0</ele>
      </trkpt>
      <trkpt lat="35.51387" lon="128.20074">
        <ele>159.5</ele>
      </trkpt>
      <trkpt lat="35.51377" lon="128.20094">
        <ele>160.6</ele>
      </trkpt>
      <trkpt lat="35.51363" lon="128.201067">
        <ele>162.0</ele>
      </trkpt>
      <trkpt lat="35.51337" lon="128.201157">
        <ele>165.0</ele>
      </trkpt>
      <trkpt lat="35.513" lon="128.20121">
        <ele>165.5</ele>
      </trkpt>
      <trkpt lat="35.51288" lon="128.201247">
        <ele>165.9</ele>
      </trkpt>
      <trkpt lat="35.51278" lon="128.201338">
        <ele>167.3</ele>
      </trkpt>
      <trkpt lat="35.5127" lon="128.201428">
        <ele>168.6</ele>
      </trkpt>
      <trkpt lat="35.51259" lon="128.201619">
        <ele>171.5</ele>
      </trkpt>
      <trkpt lat="35.51253" lon="128.20186">
        <ele>176.5</ele>
      </trkpt>
      <trkpt lat="35.51248" lon="128.202328">
        <ele>186.6</ele>
      </trkpt>
      <trkpt lat="35.51242" lon="128.20255">
        <ele>190.2</ele>
      </trkpt>
      <trkpt lat="35.51234" lon="128.20271">
        <ele>191.9</ele>
      </trkpt>
      <trkpt lat="35.51218" lon="128.202767">
        <ele>189.2</ele>
      </trkpt>
      <trkpt lat="35.51196" lon="128.2027">
        <ele>181.9</ele>
      </trkpt>
      <trkpt lat="35.51182" lon="128.20271">
        <ele>178.5</ele>
      </trkpt>
      <trkpt lat="35.51175" lon="128.20276">
        <ele>177.8</ele>
      </trkpt>
      <trkpt lat="35.5117" lon="128.20292">
        <ele>180.0</ele>
      </trkpt>
      <trkpt lat="35.51168" lon="128.20317">
        <ele>184.8</ele>
      </trkpt>
      <trkpt lat="35.5117" lon="128.20357">
        <ele>193.2</ele>
      </trkpt>
      <trkpt lat="35.51169" lon="128.203668">
        <ele>194.9</ele>
      </trkpt>
      <trkpt lat="35.51162" lon="128.2038">
        <ele>196.0</ele>
      </trkpt>
      <trkpt lat="35.51153" lon="128.203859">
        <ele>195.4</ele>
      </trkpt>
      <trkpt lat="35.5113" lon="128.20407">
        <ele>195.9</ele>
      </trkpt>
      <trkpt lat="35.51099" lon="128.20442">
        <ele>200.7</ele>
      </trkpt>
      <trkpt lat="35.51082" lon="128.20443">
        <ele>199.7</ele>
      </trkpt>
      <trkpt lat="35.51049" lon="128.20442">
        <ele>194.8</ele>
      </trkpt>
      <trkpt lat="35.51035" lon="128.20443">
        <ele>193.3</ele>
      </trkpt>
      <trkpt lat="35.51024" lon="128.20451">
        <ele>194.6</ele>
      </trkpt>
      <trkpt lat="35.51015" lon="128.20464">
        <ele>198.0</ele>
      </trkpt>
      <trkpt lat="35.50995" lon="128.20512">
        <ele>213.1</ele>
      </trkpt>
      <trkpt lat="35.50985" lon="128.20521">
        <ele>216.0</ele>
      </trkpt>
      <trkpt lat="35.50975" lon="128.20522">
        <ele>216.2</ele>
      </trkpt>
      <trkpt lat="35.50954" lon="128.20514">
        <ele>214.1</ele>
      </trkpt>
      <trkpt lat="35.50935" lon="128.2049">
        <ele>209.4</ele>
      </trkpt>
      <trkpt lat="35.50927" lon="128.204839">
        <ele>208.9</ele>
      </trkpt>
      <trkpt lat="35.5092" lon="128.204827">
        <ele>209.3</ele>
      </trkpt>
      <trkpt lat="35.5091" lon="128.20485">
        <ele>212.0</ele>
      </trkpt>
      <trkpt lat="35.50907" lon="128.20488">
        <ele>213.4</ele>
      </trkpt>
      <trkpt lat="35.50897" lon="128.20495">
        <ele>217.4</ele>
      </trkpt>
      <trkpt lat="35.5089" lon="128.205019">
        <ele>220.1</ele>
      </trkpt>
      <trkpt lat="35.50888" lon="128.20509">
        <ele>220.8</ele>
      </trkpt>
      <trkpt lat="35.50883" lon="128.20542">
        <ele>222.0</ele>
      </trkpt>
      <trkpt lat="35.50885" lon="128.20631">
        <ele>215.2</ele>
      </trkpt>
      <trkpt lat="35.50889" lon="128.20668">
        <ele>210.6</ele>
      </trkpt>
      <trkpt lat="35.50898" lon="128.20711">
        <ele>208.7</ele>
      </trkpt>
      <trkpt lat="35.509" lon="128.207259">
        <ele>208.0</ele>
      </trkpt>
      <trkpt lat="35.50898" lon="128.20763">
        <ele>204.4</ele>
      </trkpt>
      <trkpt lat="35.50887" lon="128.20801">
        <ele>198.9</ele>
      </trkpt>
      <trkpt lat="35.50859" lon="128.208587">
        <ele>190.9</ele>
      </trkpt>
      <trkpt lat="35.50831" lon="128.20917">
        <ele>185.1</ele>
      </trkpt>
      <trkpt lat="35.50802" lon="128.20975">
        <ele>182.6</ele>
      </trkpt>
      <trkpt lat="35.50774" lon="128.21033">
        <ele>175.5</ele>
      </trkpt>
      <trkpt lat="35.50714" lon="128.21069">
        <ele>169.8</ele>
      </trkpt>
      <trkpt lat="35.50668" lon="128.210737">
        <ele>167.6</ele>
      </trkpt>
      <trkpt lat="35.50622" lon="128.21079">
        <ele>171.3</ele>
      </trkpt>
      <trkpt lat="35.50536" lon="128.21096">
        <ele>172.2</ele>
      </trkpt>
      <trkpt lat="35.50474" lon="128.21104">
        <ele>170.2</ele>
      </trkpt>
      <trkpt lat="35.50457" lon="128.211019">
        <ele>169.5</ele>
      </trkpt>
      <trkpt lat="35.50394" lon="128.21087">
        <ele>163.9</ele>
      </trkpt>
      <trkpt lat="35.50332" lon="128.21089">
        <ele>161.3</ele>
      </trkpt>
      <trkpt lat="35.50284" lon="128.21103">
        <ele>161.5</ele>
      </trkpt>
      <trkpt lat="35.50264" lon="128.21112">
        <ele>162.5</ele>
      </trkpt>
      <trkpt lat="35.50229" lon="128.21124">
        <ele>162.4</ele>
      </trkpt>
      <trkpt lat="35.50199" lon="128.21142">
        <ele>162.3</ele>
      </trkpt>
      <trkpt lat="35.5018" lon="128.21153">
        <ele>161.3</ele>
      </trkpt>
      <trkpt lat="35.50124" lon="128.211829">
        <ele>159.1</ele>
      </trkpt>
      <trkpt lat="35.50069" lon="128.212268">
        <ele>159.4</ele>
      </trkpt>
      <trkpt lat="35.50057" lon="128.212437">
        <ele>159.3</ele>
      </trkpt>
      <trkpt lat="35.50037" lon="128.212617">
        <ele>159.0</ele>
      </trkpt>
      <trkpt lat="35.50018" lon="128.21282">
        <ele>159.3</ele>
      </trkpt>
      <trkpt lat="35.49991" lon="128.21301">
        <ele>157.1</ele>
      </trkpt>
      <trkpt lat="35.49928" lon="128.21342">
        <ele>152.6</ele>
      </trkpt>
      <trkpt lat="35.49866" lon="128.213878">
        <ele>152.5</ele>
      </trkpt>
      <trkpt lat="35.49818" lon="128.21449">
        <ele>150.9</ele>
      </trkpt>
      <trkpt lat="35.49782" lon="128.21499">
        <ele>149.6</ele>
      </trkpt>
      <trkpt lat="35.49743" lon="128.21574">
        <ele>147.3</ele>
      </trkpt>
      <trkpt lat="35.49697" lon="128.21654">
        <ele>150.4</ele>
      </trkpt>
      <trkpt lat="35.49688" lon="128.2166">
        <ele>148.9</ele>
      </trkpt>
      <trkpt lat="35.49627" lon="128.216929">
        <ele>143.3</ele>
      </trkpt>
      <trkpt lat="35.4955" lon="128.217368">
        <ele>136.6</ele>
      </trkpt>
      <trkpt lat="35.49495" lon="128.21803">
        <ele>132.6</ele>
      </trkpt>
      <trkpt lat="35.49437" lon="128.21868">
        <ele>133.0</ele>
      </trkpt>
      <trkpt lat="35.49407" lon="128.219079">
        <ele>133.4</ele>
      </trkpt>
      <trkpt lat="35.49338" lon="128.21966">
        <ele>130.7</ele>
      </trkpt>
      <trkpt lat="35.49271" lon="128.22025">
        <ele>132.8</ele>
      </trkpt>
      <trkpt lat="35.49261" lon="128.220328">
        <ele>133.1</ele>
      </trkpt>
      <trkpt lat="35.49219" lon="128.22073">
        <ele>134.6</ele>
      </trkpt>
      <trkpt lat="35.49202" lon="128.22092">
        <ele>133.4</ele>
      </trkpt>
      <trkpt lat="35.4917" lon="128.22161">
        <ele>128.8</ele>
      </trkpt>
      <trkpt lat="35.49144" lon="128.22246">
        <ele>127.3</ele>
      </trkpt>
      <trkpt lat="35.49125" lon="128.223109">
        <ele>126.8</ele>
      </trkpt>
      <trkpt lat="35.49121" lon="128.223199">
        <ele>126.4</ele>
      </trkpt>
      <trkpt lat="35.49116" lon="128.223559">
        <ele>125.7</ele>
      </trkpt>
      <trkpt lat="35.49116" lon="128.22379">
        <ele>125.5</ele>
      </trkpt>
      <trkpt lat="35.49119" lon="128.22407">
        <ele>125.3</ele>
      </trkpt>
      <trkpt lat="35.49122" lon="128.22423">
        <ele>125.2</ele>
      </trkpt>
      <trkpt lat="35.49124" lon="128.22455">
        <ele>125.0</ele>
      </trkpt>
      <trkpt lat="35.49124" lon="128.224978">
        <ele>124.0</ele>
      </trkpt>
      <trkpt lat="35.49117" lon="128.22512">
        <ele>124.0</ele>
      </trkpt>
      <trkpt lat="35.49102" lon="128.22528">
        <ele>123.9</ele>
      </trkpt>
      <trkpt lat="35.49063" lon="128.22551">
        <ele>123.2</ele>
      </trkpt>
      <trkpt lat="35.49038" lon="128.225687">
        <ele>122.8</ele>
      </trkpt>
      <trkpt lat="35.49007" lon="128.226">
        <ele>123.2</ele>
      </trkpt>
      <trkpt lat="35.4897" lon="128.22647">
        <ele>125.3</ele>
      </trkpt>
      <trkpt lat="35.48938" lon="128.22697">
        <ele>127.4</ele>
      </trkpt>
      <trkpt lat="35.48892" lon="128.2276">
        <ele>126.0</ele>
      </trkpt>
      <trkpt lat="35.48847" lon="128.22823">
        <ele>123.0</ele>
      </trkpt>
      <trkpt lat="35.48798" lon="128.22886">
        <ele>122.6</ele>
      </trkpt>
      <trkpt lat="35.48732" lon="128.22945">
        <ele>122.1</ele>
      </trkpt>
      <trkpt lat="35.48698" lon="128.22987">
        <ele>120.5</ele>
      </trkpt>
      <trkpt lat="35.48646" lon="128.2306">
        <ele>117.7</ele>
      </trkpt>
      <trkpt lat="35.48624" lon="128.23092">
        <ele>117.7</ele>
      </trkpt>
      <trkpt lat="35.48607" lon="128.2312">
        <ele>118.4</ele>
      </trkpt>
      <trkpt lat="35.48567" lon="128.23195">
        <ele>119.4</ele>
      </trkpt>
      <trkpt lat="35.48535" lon="128.232509">
        <ele>118.0</ele>
      </trkpt>
      <trkpt lat="35.48503" lon="128.23308">
        <ele>118.1</ele>
      </trkpt>
      <trkpt lat="35.48458" lon="128.23392">
        <ele>118.0</ele>
      </trkpt>
      <trkpt lat="35.48413" lon="128.23471">
        <ele>113.8</ele>
      </trkpt>
      <trkpt lat="35.48406" lon="128.2348">
        <ele>113.6</ele>
      </trkpt>
      <trkpt lat="35.48395" lon="128.2349">
        <ele>112.7</ele>
      </trkpt>
      <trkpt lat="35.48379" lon="128.235008">
        <ele>110.8</ele>
      </trkpt>
      <trkpt lat="35.48356" lon="128.23514">
        <ele>108.6</ele>
      </trkpt>
      <trkpt lat="35.48308" lon="128.23535">
        <ele>104.9</ele>
      </trkpt>
      <trkpt lat="35.4826" lon="128.235559">
        <ele>102.2</ele>
      </trkpt>
      <trkpt lat="35.48219" lon="128.23575">
        <ele>102.1</ele>
      </trkpt>
      <trkpt lat="35.48189" lon="128.23593">
        <ele>103.4</ele>
      </trkpt>
      <trkpt lat="35.48145" lon="128.23625">
        <ele>103.2</ele>
      </trkpt>
      <trkpt lat="35.48102" lon="128.23656">
        <ele>101.7</ele>
      </trkpt>
      <trkpt lat="35.48068" lon="128.23692">
        <ele>101.1</ele>
      </trkpt>
      <trkpt lat="35.48061" lon="128.2371">
        <ele>101.1</ele>
      </trkpt>
      <trkpt lat="35.48055" lon="128.237428">
        <ele>101.3</ele>
      </trkpt>
      <trkpt lat="35.48052" lon="128.23777">
        <ele>101.7</ele>
      </trkpt>
      <trkpt lat="35.48048" lon="128.23803">
        <ele>102.0</ele>
      </trkpt>
      <trkpt lat="35.48041" lon="128.23828">
        <ele>101.9</ele>
      </trkpt>
      <trkpt lat="35.48009" lon="128.2391">
        <ele>101.9</ele>
      </trkpt>
      <trkpt lat="35.47977" lon="128.23992">
        <ele>105.3</ele>
      </trkpt>
      <trkpt lat="35.47948" lon="128.24069">
        <ele>104.8</ele>
      </trkpt>
      <trkpt lat="35.47916" lon="128.24149">
        <ele>100.5</ele>
      </trkpt>
      <trkpt lat="35.47884" lon="128.2423">
        <ele>102.3</ele>
      </trkpt>
      <trkpt lat="35.47865" lon="128.24284">
        <ele>104.0</ele>
      </trkpt>
      <trkpt lat="35.47858" lon="128.24321">
        <ele>106.3</ele>
      </trkpt>
      <trkpt lat="35.47844" lon="128.24408">
        <ele>105.3</ele>
      </trkpt>
      <trkpt lat="35.47834" lon="128.2448">
        <ele>102.6</ele>
      </trkpt>
      <trkpt lat="35.47823" lon="128.24552">
        <ele>104.4</ele>
      </trkpt>
      <trkpt lat="35.47814" lon="128.2457">
        <ele>103.9</ele>
      </trkpt>
      <trkpt lat="35.4779" lon="128.24606">
        <ele>101.8</ele>
      </trkpt>
      <trkpt lat="35.47771" lon="128.24637">
        <ele>98.7</ele>
      </trkpt>
      <trkpt lat="35.47763" lon="128.24654">
        <ele>96.9</ele>
      </trkpt>
      <trkpt lat="35.4775" lon="128.247008">
        <ele>93.8</ele>
      </trkpt>
      <trkpt lat="35.47727" lon="128.24774">
        <ele>94.4</ele>
      </trkpt>
      <trkpt lat="35.47708" lon="128.248179">
        <ele>93.4</ele>
      </trkpt>
      <trkpt lat="35.47677" lon="128.24878">
        <ele>91.1</ele>
      </trkpt>
      <trkpt lat="35.47646" lon="128.24938">
        <ele>90.9</ele>
      </trkpt>
      <trkpt lat="35.47639" lon="128.2495">
        <ele>91.4</ele>
      </trkpt>
      <trkpt lat="35.47632" lon="128.249608">
        <ele>91.7</ele>
      </trkpt>
      <trkpt lat="35.47572" lon="128.25037">
        <ele>89.4</ele>
      </trkpt>
      <trkpt lat="35.47563" lon="128.25053">
        <ele>89.2</ele>
      </trkpt>
      <trkpt lat="35.47548" lon="128.25085">
        <ele>88.9</ele>
      </trkpt>
      <trkpt lat="35.47521" lon="128.25152">
        <ele>89.1</ele>
      </trkpt>
      <trkpt lat="35.47505" lon="128.25207">
        <ele>87.9</ele>
      </trkpt>
      <trkpt lat="35.47495" lon="128.25298">
        <ele>85.7</ele>
      </trkpt>
      <trkpt lat="35.47489" lon="128.2537">
        <ele>84.0</ele>
      </trkpt>
      <trkpt lat="35.47482" lon="128.25441">
        <ele>83.7</ele>
      </trkpt>
      <trkpt lat="35.47471" lon="128.255428">
        <ele>85.5</ele>
      </trkpt>
      <trkpt lat="35.47461" lon="128.25645">
        <ele>85.3</ele>
      </trkpt>
      <trkpt lat="35.4746" lon="128.25663">
        <ele>85.3</ele>
      </trkpt>
      <trkpt lat="35.47452" lon="128.25741">
        <ele>85.2</ele>
      </trkpt>
      <trkpt lat="35.47444" lon="128.25819">
        <ele>83.2</ele>
      </trkpt>
      <trkpt lat="35.47431" lon="128.259008">
        <ele>79.8</ele>
      </trkpt>
      <trkpt lat="35.47419" lon="128.25966">
        <ele>77.1</ele>
      </trkpt>
      <trkpt lat="35.47407" lon="128.2603">
        <ele>76.5</ele>
      </trkpt>
      <trkpt lat="35.47391" lon="128.26094">
        <ele>77.5</ele>
      </trkpt>
      <trkpt lat="35.47374" lon="128.26157">
        <ele>76.7</ele>
      </trkpt>
      <trkpt lat="35.47353" lon="128.262498">
        <ele>74.9</ele>
      </trkpt>
      <trkpt lat="35.47334" lon="128.26317">
        <ele>75.6</ele>
      </trkpt>
      <trkpt lat="35.47315" lon="128.263849">
        <ele>76.3</ele>
      </trkpt>
      <trkpt lat="35.47293" lon="128.2647">
        <ele>74.3</ele>
      </trkpt>
      <trkpt lat="35.47271" lon="128.26556">
        <ele>72.4</ele>
      </trkpt>
      <trkpt lat="35.47249" lon="128.26641">
        <ele>72.0</ele>
      </trkpt>
      <trkpt lat="35.47227" lon="128.26727">
        <ele>71.6</ele>
      </trkpt>
      <trkpt lat="35.47205" lon="128.26803">
        <ele>71.0</ele>
      </trkpt>
      <trkpt lat="35.47201" lon="128.26826">
        <ele>70.6</ele>
      </trkpt>
      <trkpt lat="35.47194" lon="128.26852">
        <ele>71.0</ele>
      </trkpt>
      <trkpt lat="35.47172" lon="128.268937">
        <ele>71.1</ele>
      </trkpt>
      <trkpt lat="35.47169" lon="128.26896">
        <ele>70.9</ele>
      </trkpt>
      <trkpt lat="35.47153" lon="128.26917">
        <ele>71.2</ele>
      </trkpt>
      <trkpt lat="35.47132" lon="128.26934">
        <ele>71.6</ele>
      </trkpt>
      <trkpt lat="35.47106" lon="128.269658">
        <ele>71.6</ele>
      </trkpt>
      <trkpt lat="35.47044" lon="128.27026">
        <ele>71.2</ele>
      </trkpt>
      <trkpt lat="35.47025" lon="128.27049">
        <ele>70.6</ele>
      </trkpt>
      <trkpt lat="35.46994" lon="128.270828">
        <ele>69.1</ele>
      </trkpt>
      <trkpt lat="35.46927" lon="128.27152">
        <ele>70.4</ele>
      </trkpt>
      <trkpt lat="35.4686" lon="128.27221">
        <ele>76.4</ele>
      </trkpt>
      <trkpt lat="35.46793" lon="128.2729">
        <ele>74.4</ele>
      </trkpt>
      <trkpt lat="35.46788" lon="128.27299">
        <ele>74.0</ele>
      </trkpt>
      <trkpt lat="35.46783" lon="128.27327">
        <ele>74.4</ele>
      </trkpt>
      <trkpt lat="35.46784" lon="128.27341">
        <ele>74.8</ele>
      </trkpt>
      <trkpt lat="35.46787" lon="128.273598">
        <ele>75.2</ele>
      </trkpt>
      <trkpt lat="35.46809" lon="128.27398">
        <ele>79.1</ele>
      </trkpt>
      <trkpt lat="35.46842" lon="128.27445">
        <ele>80.4</ele>
      </trkpt>
      <trkpt lat="35.46876" lon="128.27493">
        <ele>81.9</ele>
      </trkpt>
      <trkpt lat="35.46919" lon="128.27578">
        <ele>76.2</ele>
      </trkpt>
      <trkpt lat="35.46947" lon="128.276389">
        <ele>75.5</ele>
      </trkpt>
      <trkpt lat="35.4695" lon="128.276468">
        <ele>74.8</ele>
      </trkpt>
      <trkpt lat="35.46956" lon="128.27668">
        <ele>72.5</ele>
      </trkpt>
      <trkpt lat="35.46965" lon="128.27735">
        <ele>75.6</ele>
      </trkpt>
      <trkpt lat="35.46974" lon="128.27801">
        <ele>76.1</ele>
      </trkpt>
      <trkpt lat="35.46976" lon="128.278269">
        <ele>75.5</ele>
      </trkpt>
      <trkpt lat="35.46975" lon="128.2785">
        <ele>73.1</ele>
      </trkpt>
      <trkpt lat="35.4697" lon="128.27873">
        <ele>71.0</ele>
      </trkpt>
      <trkpt lat="35.46946" lon="128.27937">
        <ele>64.9</ele>
      </trkpt>
      <trkpt lat="35.46942" lon="128.2795">
        <ele>63.7</ele>
      </trkpt>
      <trkpt lat="35.46937" lon="128.27981">
        <ele>61.0</ele>
      </trkpt>
      <trkpt lat="35.46941" lon="128.28048">
        <ele>61.1</ele>
      </trkpt>
      <trkpt lat="35.46951" lon="128.28144">
        <ele>62.6</ele>
      </trkpt>
      <trkpt lat="35.46961" lon="128.2824">
        <ele>68.5</ele>
      </trkpt>
      <trkpt lat="35.46963" lon="128.2827">
        <ele>67.7</ele>
      </trkpt>
      <trkpt lat="35.46959" lon="128.283087">
        <ele>67.4</ele>
      </trkpt>
      <trkpt lat="35.46953" lon="128.28347">
        <ele>66.7</ele>
      </trkpt>
      <trkpt lat="35.46946" lon="128.28374">
        <ele>64.7</ele>
      </trkpt>
      <trkpt lat="35.46936" lon="128.28394">
        <ele>62.8</ele>
      </trkpt>
      <trkpt lat="35.46924" lon="128.28411">
        <ele>60.2</ele>
      </trkpt>
      <trkpt lat="35.46883" lon="128.28458">
        <ele>69.3</ele>
      </trkpt>
      <trkpt lat="35.46867" lon="128.284787">
        <ele>70.9</ele>
      </trkpt>
      <trkpt lat="35.46858" lon="128.285">
        <ele>68.8</ele>
      </trkpt>
      <trkpt lat="35.46836" lon="128.28553">
        <ele>65.8</ele>
      </trkpt>
      <trkpt lat="35.46815" lon="128.286048">
        <ele>69.5</ele>
      </trkpt>
      <trkpt lat="35.46808" lon="128.286329">
        <ele>70.9</ele>
      </trkpt>
      <trkpt lat="35.46803" lon="128.28665">
        <ele>70.7</ele>
      </trkpt>
      <trkpt lat="35.46792" lon="128.287298">
        <ele>71.7</ele>
      </trkpt>
      <trkpt lat="35.46789" lon="128.28769">
        <ele>70.5</ele>
      </trkpt>
      <trkpt lat="35.46778" lon="128.28835">
        <ele>68.3</ele>
      </trkpt>
      <trkpt lat="35.46766" lon="128.28902">
        <ele>58.3</ele>
      </trkpt>
      <trkpt lat="35.46765" lon="128.28914">
        <ele>56.2</ele>
      </trkpt>
      <trkpt lat="35.46763" lon="128.28975">
        <ele>49.2</ele>
      </trkpt>
      <trkpt lat="35.46762" lon="128.29023">
        <ele>50.4</ele>
      </trkpt>
      <trkpt lat="35.4676" lon="128.290787">
        <ele>51.9</ele>
      </trkpt>
      <trkpt lat="35.46755" lon="128.29138">
        <ele>53.5</ele>
      </trkpt>
      <trkpt lat="35.46749" lon="128.291789">
        <ele>55.4</ele>
      </trkpt>
      <trkpt lat="35.46733" lon="128.29274">
        <ele>57.9</ele>
      </trkpt>
      <trkpt lat="35.46716" lon="128.29368">
        <ele>57.3</ele>
      </trkpt>
      <trkpt lat="35.46714" lon="128.29378">
        <ele>57.2</ele>
      </trkpt>
      <trkpt lat="35.46701" lon="128.29448">
        <ele>56.8</ele>
      </trkpt>
      <trkpt lat="35.46686" lon="128.29488">
        <ele>57.4</ele>
      </trkpt>
      <trkpt lat="35.46653" lon="128.29556">
        <ele>54.1</ele>
      </trkpt>
      <trkpt lat="35.46621" lon="128.29623">
        <ele>51.5</ele>
      </trkpt>
      <trkpt lat="35.46605" lon="128.29658">
        <ele>49.1</ele>
      </trkpt>
      <trkpt lat="35.46593" lon="128.29696">
        <ele>46.2</ele>
      </trkpt>
      <trkpt lat="35.46576" lon="128.29755">
        <ele>43.5</ele>
      </trkpt>
      <trkpt lat="35.4656" lon="128.298138">
        <ele>49.1</ele>
      </trkpt>
      <trkpt lat="35.46553" lon="128.29846">
        <ele>50.3</ele>
      </trkpt>
      <trkpt lat="35.46552" lon="128.29869">
        <ele>50.8</ele>
      </trkpt>
      <trkpt lat="35.46556" lon="128.2989">
        <ele>52.2</ele>
      </trkpt>
      <trkpt lat="35.46574" lon="128.299579">
        <ele>52.9</ele>
      </trkpt>
      <trkpt lat="35.46581" lon="128.29989">
        <ele>50.2</ele>
      </trkpt>
      <trkpt lat="35.46584" lon="128.29998">
        <ele>49.4</ele>
      </trkpt>
      <trkpt lat="35.46586" lon="128.30036">
        <ele>50.6</ele>
      </trkpt>
      <trkpt lat="35.46584" lon="128.30087">
        <ele>51.1</ele>
      </trkpt>
      <trkpt lat="35.46577" lon="128.30159">
        <ele>47.7</ele>
      </trkpt>
      <trkpt lat="35.4657" lon="128.3023">
        <ele>48.8</ele>
      </trkpt>
      <trkpt lat="35.46549" lon="128.30304">
        <ele>50.0</ele>
      </trkpt>
      <trkpt lat="35.46528" lon="128.303767">
        <ele>48.3</ele>
      </trkpt>
      <trkpt lat="35.46507" lon="128.304499">
        <ele>43.3</ele>
      </trkpt>
      <trkpt lat="35.46502" lon="128.30488">
        <ele>41.6</ele>
      </trkpt>
      <trkpt lat="35.46497" lon="128.305759">
        <ele>41.8</ele>
      </trkpt>
      <trkpt lat="35.46493" lon="128.30663">
        <ele>45.8</ele>
      </trkpt>
      <trkpt lat="35.46488" lon="128.30751">
        <ele>44.0</ele>
      </trkpt>
      <trkpt lat="35.46482" lon="128.30811">
        <ele>38.6</ele>
      </trkpt>
      <trkpt lat="35.46476" lon="128.308517">
        <ele>36.0</ele>
      </trkpt>
      <trkpt lat="35.46462" lon="128.30938">
        <ele>34.3</ele>
      </trkpt>
      <trkpt lat="35.46448" lon="128.310228">
        <ele>34.2</ele>
      </trkpt>
      <trkpt lat="35.46435" lon="128.31108">
        <ele>32.9</ele>
      </trkpt>
      <trkpt lat="35.46428" lon="128.31161">
        <ele>33.9</ele>
      </trkpt>
      <trkpt lat="35.46426" lon="128.31188">
        <ele>34.0</ele>
      </trkpt>
      <trkpt lat="35.46426" lon="128.31212">
        <ele>33.9</ele>
      </trkpt>
      <trkpt lat="35.46426" lon="128.312649">
        <ele>33.8</ele>
      </trkpt>
      <trkpt lat="35.46425" lon="128.312908">
        <ele>33.8</ele>
      </trkpt>
      <trkpt lat="35.46424" lon="128.313099">
        <ele>33.6</ele>
      </trkpt>
      <trkpt lat="35.46415" lon="128.31379">
        <ele>31.9</ele>
      </trkpt>
      <trkpt lat="35.46406" lon="128.31448">
        <ele>30.5</ele>
      </trkpt>
      <trkpt lat="35.46402" lon="128.31483">
        <ele>30.3</ele>
      </trkpt>
      <trkpt lat="35.464" lon="128.3154">
        <ele>30.5</ele>
      </trkpt>
      <trkpt lat="35.46402" lon="128.31584">
        <ele>30.8</ele>
      </trkpt>
      <trkpt lat="35.46412" lon="128.31646">
        <ele>30.1</ele>
      </trkpt>
      <trkpt lat="35.46419" lon="128.31707">
        <ele>29.6</ele>
      </trkpt>
      <trkpt lat="35.46426" lon="128.31807">
        <ele>27.6</ele>
      </trkpt>
      <trkpt lat="35.46434" lon="128.31908">
        <ele>25.6</ele>
      </trkpt>
      <trkpt lat="35.46441" lon="128.32009">
        <ele>27.5</ele>
      </trkpt>
      <trkpt lat="35.46448" lon="128.3211">
        <ele>23.5</ele>
      </trkpt>
      <trkpt lat="35.46451" lon="128.32138">
        <ele>24.0</ele>
      </trkpt>
      <trkpt lat="35.46455" lon="128.32158">
        <ele>24.4</ele>
      </trkpt>
      <trkpt lat="35.46462" lon="128.321767">
        <ele>24.4</ele>
      </trkpt>
      <trkpt lat="35.46467" lon="128.32189">
        <ele>24.3</ele>
      </trkpt>
      <trkpt lat="35.46477" lon="128.322049">
        <ele>24.1</ele>
      </trkpt>
      <trkpt lat="35.46495" lon="128.32226">
        <ele>24.0</ele>
      </trkpt>
      <trkpt lat="35.46517" lon="128.32248">
        <ele>24.0</ele>
      </trkpt>
      <trkpt lat="35.46503" lon="128.32264">
        <ele>24.2</ele>
      </trkpt>
      <trkpt lat="35.4649" lon="128.32317">
        <ele>24.8</ele>
      </trkpt>
      <trkpt lat="35.46484" lon="128.32335">
        <ele>25.0</ele>
      </trkpt>
      <trkpt lat="35.46457" lon="128.32363">
        <ele>23.9</ele>
      </trkpt>
      <trkpt lat="35.46457" lon="128.32412">
        <ele>22.1</ele>
      </trkpt>
      <trkpt lat="35.4644" lon="128.32425">
        <ele>21.5</ele>
      </trkpt>
      <trkpt lat="35.46438" lon="128.32439">
        <ele>21.4</ele>
      </trkpt>
      <trkpt lat="35.46438" lon="128.32469">
        <ele>21.4</ele>
      </trkpt>
      <trkpt lat="35.46467" lon="128.32486">
        <ele>21.7</ele>
      </trkpt>
      <trkpt lat="35.46498" lon="128.32542">
        <ele>22.5</ele>
      </trkpt>
      <trkpt lat="35.46468" lon="128.32566">
        <ele>22.4</ele>
      </trkpt>
      <trkpt lat="35.46457" lon="128.32573">
        <ele>22.4</ele>
      </trkpt>
      <trkpt lat="35.46446" lon="128.32577">
        <ele>22.8</ele>
      </trkpt>
      <trkpt lat="35.46432" lon="128.325887">
        <ele>23.6</ele>
      </trkpt>
      <trkpt lat="35.46419" lon="128.32601">
        <ele>24.3</ele>
      </trkpt>
      <trkpt lat="35.46374" lon="128.32646">
        <ele>26.8</ele>
      </trkpt>
      <trkpt lat="35.46369" lon="128.32654">
        <ele>27.2</ele>
      </trkpt>
      <trkpt lat="35.46314" lon="128.32721">
        <ele>30.6</ele>
      </trkpt>
      <trkpt lat="35.46259" lon="128.327869">
        <ele>34.9</ele>
      </trkpt>
      <trkpt lat="35.46204" lon="128.32853">
        <ele>32.3</ele>
      </trkpt>
      <trkpt lat="35.46188" lon="128.3287">
        <ele>32.8</ele>
      </trkpt>
      <trkpt lat="35.4616" lon="128.32889">
        <ele>32.5</ele>
      </trkpt>
      <trkpt lat="35.46098" lon="128.32927">
        <ele>37.6</ele>
      </trkpt>
      <trkpt lat="35.46035" lon="128.329658">
        <ele>39.0</ele>
      </trkpt>
      <trkpt lat="35.45973" lon="128.33005">
        <ele>40.8</ele>
      </trkpt>
      <trkpt lat="35.4591" lon="128.33044">
        <ele>46.8</ele>
      </trkpt>
      <trkpt lat="35.459" lon="128.33054">
        <ele>45.4</ele>
      </trkpt>
      <trkpt lat="35.45891" lon="128.330638">
        <ele>44.2</ele>
      </trkpt>
      <trkpt lat="35.45862" lon="128.330908">
        <ele>43.7</ele>
      </trkpt>
      <trkpt lat="35.45844" lon="128.331088">
        <ele>44.4</ele>
      </trkpt>
      <trkpt lat="35.45819" lon="128.331279">
        <ele>44.2</ele>
      </trkpt>
      <trkpt lat="35.45762" lon="128.33175">
        <ele>43.8</ele>
      </trkpt>
      <trkpt lat="35.45726" lon="128.3321">
        <ele>48.1</ele>
      </trkpt>
      <trkpt lat="35.45689" lon="128.33245">
        <ele>51.2</ele>
      </trkpt>
      <trkpt lat="35.45625" lon="128.333047">
        <ele>54.7</ele>
      </trkpt>
      <trkpt lat="35.45561" lon="128.33366">
        <ele>59.3</ele>
      </trkpt>
      <trkpt lat="35.45499" lon="128.33421">
        <ele>63.6</ele>
      </trkpt>
      <trkpt lat="35.45458" lon="128.33444">
        <ele>67.7</ele>
      </trkpt>
      <trkpt lat="35.45416" lon="128.33466">
        <ele>67.6</ele>
      </trkpt>
      <trkpt lat="35.45343" lon="128.33492">
        <ele>60.6</ele>
      </trkpt>
      <trkpt lat="35.45271" lon="128.33518">
        <ele>58.7</ele>
      </trkpt>
      <trkpt lat="35.45194" lon="128.335557">
        <ele>57.2</ele>
      </trkpt>
      <trkpt lat="35.45135" lon="128.33595">
        <ele>53.6</ele>
      </trkpt>
      <trkpt lat="35.45097" lon="128.33626">
        <ele>50.9</ele>
      </trkpt>
      <trkpt lat="35.4507" lon="128.33652">
        <ele>48.4</ele>
      </trkpt>
      <trkpt lat="35.45045" lon="128.336829">
        <ele>45.6</ele>
      </trkpt>
      <trkpt lat="35.45013" lon="128.3373">
        <ele>43.2</ele>
      </trkpt>
      <trkpt lat="35.44982" lon="128.33777">
        <ele>44.5</ele>
      </trkpt>
      <trkpt lat="35.4495" lon="128.338248">
        <ele>46.2</ele>
      </trkpt>
      <trkpt lat="35.44899" lon="128.33882">
        <ele>46.2</ele>
      </trkpt>
      <trkpt lat="35.44847" lon="128.3394">
        <ele>44.3</ele>
      </trkpt>
      <trkpt lat="35.44799" lon="128.33985">
        <ele>44.6</ele>
      </trkpt>
      <trkpt lat="35.44758" lon="128.34026">
        <ele>47.9</ele>
      </trkpt>
      <trkpt lat="35.44701" lon="128.34069">
        <ele>48.0</ele>
      </trkpt>
      <trkpt lat="35.44647" lon="128.34107">
        <ele>48.1</ele>
      </trkpt>
      <trkpt lat="35.44609" lon="128.34137">
        <ele>48.0</ele>
      </trkpt>
      <trkpt lat="35.44571" lon="128.34167">
        <ele>43.9</ele>
      </trkpt>
      <trkpt lat="35.44559" lon="128.34182">
        <ele>44.7</ele>
      </trkpt>
      <trkpt lat="35.4455" lon="128.34196">
        <ele>44.9</ele>
      </trkpt>
      <trkpt lat="35.44543" lon="128.34214">
        <ele>44.8</ele>
      </trkpt>
      <trkpt lat="35.44538" lon="128.342368">
        <ele>44.6</ele>
      </trkpt>
      <trkpt lat="35.4454" lon="128.34267">
        <ele>46.3</ele>
      </trkpt>
      <trkpt lat="35.44549" lon="128.34306">
        <ele>51.7</ele>
      </trkpt>
      <trkpt lat="35.44549" lon="128.343437">
        <ele>54.2</ele>
      </trkpt>
      <trkpt lat="35.44546" lon="128.343797">
        <ele>53.4</ele>
      </trkpt>
      <trkpt lat="35.44528" lon="128.34457">
        <ele>46.9</ele>
      </trkpt>
      <trkpt lat="35.4451" lon="128.34517">
        <ele>41.6</ele>
      </trkpt>
      <trkpt lat="35.44485" lon="128.34593">
        <ele>43.1</ele>
      </trkpt>
      <trkpt lat="35.44453" lon="128.34683">
        <ele>44.3</ele>
      </trkpt>
      <trkpt lat="35.44421" lon="128.34772">
        <ele>36.2</ele>
      </trkpt>
      <trkpt lat="35.44388" lon="128.34861">
        <ele>29.3</ele>
      </trkpt>
      <trkpt lat="35.44372" lon="128.34893">
        <ele>28.6</ele>
      </trkpt>
      <trkpt lat="35.44344" lon="128.34966">
        <ele>27.2</ele>
      </trkpt>
      <trkpt lat="35.44315" lon="128.3504">
        <ele>25.7</ele>
      </trkpt>
      <trkpt lat="35.44303" lon="128.35068">
        <ele>25.2</ele>
      </trkpt>
      <trkpt lat="35.44296" lon="128.35077">
        <ele>25.4</ele>
      </trkpt>
      <trkpt lat="35.4429" lon="128.350867">
        <ele>25.6</ele>
      </trkpt>
      <trkpt lat="35.44285" lon="128.35093">
        <ele>25.9</ele>
      </trkpt>
      <trkpt lat="35.44297" lon="128.35102">
        <ele>26.2</ele>
      </trkpt>
      <trkpt lat="35.44303" lon="128.35109">
        <ele>26.5</ele>
      </trkpt>
      <trkpt lat="35.44317" lon="128.35117">
        <ele>27.1</ele>
      </trkpt>
      <trkpt lat="35.44369" lon="128.35135">
        <ele>28.5</ele>
      </trkpt>
      <trkpt lat="35.44446" lon="128.35166">
        <ele>31.6</ele>
      </trkpt>
      <trkpt lat="35.44507" lon="128.35193">
        <ele>37.7</ele>
      </trkpt>
      <trkpt lat="35.44568" lon="128.3522">
        <ele>34.6</ele>
      </trkpt>
      <trkpt lat="35.44597" lon="128.352319">
        <ele>32.4</ele>
      </trkpt>
      <trkpt lat="35.44621" lon="128.352488">
        <ele>31.5</ele>
      </trkpt>
      <trkpt lat="35.44662" lon="128.35296">
        <ele>30.6</ele>
      </trkpt>
      <trkpt lat="35.44704" lon="128.35342">
        <ele>29.9</ele>
      </trkpt>
      <trkpt lat="35.44713" lon="128.35353">
        <ele>28.9</ele>
      </trkpt>
      <trkpt lat="35.4472" lon="128.35367">
        <ele>28.2</ele>
      </trkpt>
      <trkpt lat="35.44724" lon="128.353839">
        <ele>27.8</ele>
      </trkpt>
      <trkpt lat="35.44722" lon="128.354019">
        <ele>28.0</ele>
      </trkpt>
      <trkpt lat="35.44719" lon="128.35418">
        <ele>28.3</ele>
      </trkpt>
      <trkpt lat="35.44706" lon="128.35458">
        <ele>29.3</ele>
      </trkpt>
      <trkpt lat="35.44692" lon="128.35486">
        <ele>29.8</ele>
      </trkpt>
      <trkpt lat="35.44676" lon="128.35504">
        <ele>29.9</ele>
      </trkpt>
      <trkpt lat="35.44662" lon="128.35515">
        <ele>30.0</ele>
      </trkpt>
      <trkpt lat="35.44606" lon="128.35559">
        <ele>29.9</ele>
      </trkpt>
      <trkpt lat="35.44562" lon="128.35595">
        <ele>31.0</ele>
      </trkpt>
      <trkpt lat="35.44544" lon="128.35612">
        <ele>32.1</ele>
      </trkpt>
      <trkpt lat="35.4453" lon="128.35627">
        <ele>32.6</ele>
      </trkpt>
      <trkpt lat="35.4451" lon="128.356529">
        <ele>32.5</ele>
      </trkpt>
      <trkpt lat="35.44478" lon="128.35709">
        <ele>34.4</ele>
      </trkpt>
      <trkpt lat="35.44457" lon="128.357419">
        <ele>35.1</ele>
      </trkpt>
      <trkpt lat="35.44436" lon="128.35773">
        <ele>36.3</ele>
      </trkpt>
      <trkpt lat="35.44423" lon="128.357869">
        <ele>36.6</ele>
      </trkpt>
      <trkpt lat="35.44386" lon="128.35821">
        <ele>39.5</ele>
      </trkpt>
      <trkpt lat="35.44322" lon="128.35873">
        <ele>42.1</ele>
      </trkpt>
      <trkpt lat="35.44306" lon="128.35892">
        <ele>41.8</ele>
      </trkpt>
      <trkpt lat="35.44296" lon="128.35908">
        <ele>41.6</ele>
      </trkpt>
      <trkpt lat="35.44289" lon="128.359287">
        <ele>42.4</ele>
      </trkpt>
      <trkpt lat="35.44282" lon="128.35959">
        <ele>44.3</ele>
      </trkpt>
      <trkpt lat="35.44261" lon="128.36061">
        <ele>50.2</ele>
      </trkpt>
      <trkpt lat="35.44241" lon="128.361629">
        <ele>52.7</ele>
      </trkpt>
      <trkpt lat="35.44238" lon="128.36193">
        <ele>55.0</ele>
      </trkpt>
      <trkpt lat="35.44241" lon="128.36219">
        <ele>56.2</ele>
      </trkpt>
      <trkpt lat="35.44245" lon="128.36249">
        <ele>57.6</ele>
      </trkpt>
      <trkpt lat="35.44254" lon="128.36284">
        <ele>57.8</ele>
      </trkpt>
      <trkpt lat="35.4427" lon="128.36352">
        <ele>58.2</ele>
      </trkpt>
      <trkpt lat="35.44273" lon="128.3638">
        <ele>59.1</ele>
      </trkpt>
      <trkpt lat="35.44275" lon="128.364319">
        <ele>61.5</ele>
      </trkpt>
      <trkpt lat="35.44274" lon="128.36477">
        <ele>64.7</ele>
      </trkpt>
      <trkpt lat="35.4427" lon="128.365">
        <ele>65.6</ele>
      </trkpt>
      <trkpt lat="35.44264" lon="128.36519">
        <ele>65.2</ele>
      </trkpt>
      <trkpt lat="35.44253" lon="128.36535">
        <ele>63.5</ele>
      </trkpt>
      <trkpt lat="35.44192" lon="128.36612">
        <ele>65.9</ele>
      </trkpt>
      <trkpt lat="35.44131" lon="128.36688">
        <ele>61.2</ele>
      </trkpt>
      <trkpt lat="35.44106" lon="128.36716">
        <ele>58.3</ele>
      </trkpt>
      <trkpt lat="35.44089" lon="128.367359">
        <ele>53.3</ele>
      </trkpt>
      <trkpt lat="35.44077" lon="128.36758">
        <ele>49.8</ele>
      </trkpt>
      <trkpt lat="35.44041" lon="128.36846">
        <ele>56.0</ele>
      </trkpt>
      <trkpt lat="35.44005" lon="128.36935">
        <ele>49.3</ele>
      </trkpt>
      <trkpt lat="35.43992" lon="128.36971">
        <ele>42.9</ele>
      </trkpt>
      <trkpt lat="35.43983" lon="128.370049">
        <ele>38.8</ele>
      </trkpt>
      <trkpt lat="35.43974" lon="128.37044">
        <ele>38.0</ele>
      </trkpt>
      <trkpt lat="35.43968" lon="128.37077">
        <ele>37.2</ele>
      </trkpt>
      <trkpt lat="35.43962" lon="128.37158">
        <ele>32.6</ele>
      </trkpt>
      <trkpt lat="35.43958" lon="128.37216">
        <ele>25.7</ele>
      </trkpt>
      <trkpt lat="35.43956" lon="128.37285">
        <ele>18.3</ele>
      </trkpt>
      <trkpt lat="35.43959" lon="128.37349">
        <ele>14.1</ele>
      </trkpt>
      <trkpt lat="35.43965" lon="128.37432">
        <ele>13.9</ele>
      </trkpt>
      <trkpt lat="35.4397" lon="128.37529">
        <ele>13.7</ele>
      </trkpt>
      <trkpt lat="35.43974" lon="128.37626">
        <ele>13.5</ele>
      </trkpt>
      <trkpt lat="35.43979" lon="128.37724">
        <ele>13.3</ele>
      </trkpt>
      <trkpt lat="35.43984" lon="128.37821">
        <ele>13.1</ele>
      </trkpt>
      <trkpt lat="35.43991" lon="128.379269">
        <ele>12.9</ele>
      </trkpt>
      <trkpt lat="35.43996" lon="128.38031">
        <ele>12.7</ele>
      </trkpt>
      <trkpt lat="35.44001" lon="128.38135">
        <ele>12.5</ele>
      </trkpt>
      <trkpt lat="35.44007" lon="128.38238">
        <ele>12.4</ele>
      </trkpt>
      <trkpt lat="35.44012" lon="128.38342">
        <ele>12.2</ele>
      </trkpt>
      <trkpt lat="35.44" lon="128.38346">
        <ele>12.1</ele>
      </trkpt>
      <trkpt lat="35.43971" lon="128.38362">
        <ele>12.1</ele>
      </trkpt>
      <trkpt lat="35.43902" lon="128.38421">
        <ele>15.1</ele>
      </trkpt>
      <trkpt lat="35.43833" lon="128.3848">
        <ele>13.7</ele>
      </trkpt>
      <trkpt lat="35.43764" lon="128.38538">
        <ele>13.1</ele>
      </trkpt>
      <trkpt lat="35.43695" lon="128.385967">
        <ele>13.8</ele>
      </trkpt>
      <trkpt lat="35.43629" lon="128.38657">
        <ele>14.9</ele>
      </trkpt>
      <trkpt lat="35.43563" lon="128.38718">
        <ele>14.6</ele>
      </trkpt>
      <trkpt lat="35.43526" lon="128.38744">
        <ele>14.0</ele>
      </trkpt>
      <trkpt lat="35.43471" lon="128.387779">
        <ele>13.8</ele>
      </trkpt>
      <trkpt lat="35.43417" lon="128.388117">
        <ele>13.5</ele>
      </trkpt>
      <trkpt lat="35.43339" lon="128.388579">
        <ele>13.3</ele>
      </trkpt>
      <trkpt lat="35.43323" lon="128.38869">
        <ele>13.3</ele>
      </trkpt>
      <trkpt lat="35.4332" lon="128.38871">
        <ele>13.3</ele>
      </trkpt>
      <trkpt lat="35.43265" lon="128.38892">
        <ele>12.5</ele>
      </trkpt>
      <trkpt lat="35.43256" lon="128.38891">
        <ele>12.4</ele>
      </trkpt>
      <trkpt lat="35.43229" lon="128.38878">
        <ele>12.6</ele>
      </trkpt>
      <trkpt lat="35.43216" lon="128.388747">
        <ele>12.7</ele>
      </trkpt>
      <trkpt lat="35.43208" lon="128.38878">
        <ele>12.7</ele>
      </trkpt>
      <trkpt lat="35.43153" lon="128.38935">
        <ele>13.0</ele>
      </trkpt>
      <trkpt lat="35.43098" lon="128.389918">
        <ele>12.3</ele>
      </trkpt>
      <trkpt lat="35.43044" lon="128.39049">
        <ele>12.5</ele>
      </trkpt>
      <trkpt lat="35.42989" lon="128.39106">
        <ele>12.4</ele>
      </trkpt>
      <trkpt lat="35.42964" lon="128.39138">
        <ele>11.8</ele>
      </trkpt>
      <trkpt lat="35.42944" lon="128.39177">
        <ele>11.4</ele>
      </trkpt>
      <trkpt lat="35.42919" lon="128.392417">
        <ele>9.3</ele>
      </trkpt>
      <trkpt lat="35.42919" lon="128.39259">
        <ele>9.2</ele>
      </trkpt>
      <trkpt lat="35.42923" lon="128.392699">
        <ele>9.4</ele>
      </trkpt>
      <trkpt lat="35.42934" lon="128.39286">
        <ele>10.3</ele>
      </trkpt>
      <trkpt lat="35.42954" lon="128.39308">
        <ele>12.3</ele>
      </trkpt>
      <trkpt lat="35.42957" lon="128.39318">
        <ele>13.1</ele>
      </trkpt>
      <trkpt lat="35.42956" lon="128.39326">
        <ele>13.4</ele>
      </trkpt>
      <trkpt lat="35.42916" lon="128.39396">
        <ele>11.5</ele>
      </trkpt>
      <trkpt lat="35.42875" lon="128.394669">
        <ele>10.1</ele>
      </trkpt>
      <trkpt lat="35.4284" lon="128.39526">
        <ele>11.4</ele>
      </trkpt>
      <trkpt lat="35.42804" lon="128.39585">
        <ele>12.0</ele>
      </trkpt>
      <trkpt lat="35.42777" lon="128.39634">
        <ele>11.6</ele>
      </trkpt>
      <trkpt lat="35.42754" lon="128.39671">
        <ele>11.4</ele>
      </trkpt>
      <trkpt lat="35.42725" lon="128.39724">
        <ele>12.7</ele>
      </trkpt>
      <trkpt lat="35.42691" lon="128.39793">
        <ele>11.0</ele>
      </trkpt>
      <trkpt lat="35.42676" lon="128.398327">
        <ele>10.2</ele>
      </trkpt>
      <trkpt lat="35.42656" lon="128.398778">
        <ele>12.5</ele>
      </trkpt>
      <trkpt lat="35.4263" lon="128.399408">
        <ele>12.3</ele>
      </trkpt>
      <trkpt lat="35.42605" lon="128.400297">
        <ele>8.4</ele>
      </trkpt>
      <trkpt lat="35.42579" lon="128.40119">
        <ele>7.3</ele>
      </trkpt>
      <trkpt lat="35.42556" lon="128.402099">
        <ele>10.3</ele>
      </trkpt>
      <trkpt lat="35.42533" lon="128.40301">
        <ele>12.5</ele>
      </trkpt>
      <trkpt lat="35.4251" lon="128.40392">
        <ele>10.0</ele>
      </trkpt>
      <trkpt lat="35.42492" lon="128.40455">
        <ele>9.8</ele>
      </trkpt>
      <trkpt lat="35.42474" lon="128.40517">
        <ele>9.5</ele>
      </trkpt>
      <trkpt lat="35.42453" lon="128.40607">
        <ele>8.9</ele>
      </trkpt>
      <trkpt lat="35.4244" lon="128.40665">
        <ele>10.0</ele>
      </trkpt>
      <trkpt lat="35.42428" lon="128.40723">
        <ele>11.5</ele>
      </trkpt>
      <trkpt lat="35.42412" lon="128.40808">
        <ele>13.9</ele>
      </trkpt>
      <trkpt lat="35.42396" lon="128.40892">
        <ele>12.7</ele>
      </trkpt>
      <trkpt lat="35.42383" lon="128.40968">
        <ele>13.1</ele>
      </trkpt>
      <trkpt lat="35.42369" lon="128.410429">
        <ele>12.2</ele>
      </trkpt>
      <trkpt lat="35.42356" lon="128.41121">
        <ele>9.8</ele>
      </trkpt>
      <trkpt lat="35.42338" lon="128.41223">
        <ele>12.7</ele>
      </trkpt>
      <trkpt lat="35.42331" lon="128.412658">
        <ele>17.8</ele>
      </trkpt>
      <trkpt lat="35.42347" lon="128.41262">
        <ele>17.0</ele>
      </trkpt>
      <trkpt lat="35.42365" lon="128.41262">
        <ele>16.6</ele>
      </trkpt>
      <trkpt lat="35.42385" lon="128.41265">
        <ele>16.8</ele>
      </trkpt>
      <trkpt lat="35.42429" lon="128.41281">
        <ele>18.4</ele>
      </trkpt>
      <trkpt lat="35.42442" lon="128.41282">
        <ele>17.6</ele>
      </trkpt>
      <trkpt lat="35.42448" lon="128.41292">
        <ele>18.9</ele>
      </trkpt>
      <trkpt lat="35.42461" lon="128.413018">
        <ele>19.5</ele>
      </trkpt>
      <trkpt lat="35.42524" lon="128.413367">
        <ele>17.8</ele>
      </trkpt>
      <trkpt lat="35.42588" lon="128.413727">
        <ele>13.1</ele>
      </trkpt>
      <trkpt lat="35.42594" lon="128.41375">
        <ele>13.4</ele>
      </trkpt>
      <trkpt lat="35.42618" lon="128.41416">
        <ele>16.1</ele>
      </trkpt>
      <trkpt lat="35.42658" lon="128.414538">
        <ele>16.2</ele>
      </trkpt>
      <trkpt lat="35.42705" lon="128.41501">
        <ele>17.2</ele>
      </trkpt>
      <trkpt lat="35.42743" lon="128.415348">
        <ele>17.2</ele>
      </trkpt>
      <trkpt lat="35.42771" lon="128.41566">
        <ele>19.7</ele>
      </trkpt>
      <trkpt lat="35.428" lon="128.41632">
        <ele>20.1</ele>
      </trkpt>
      <trkpt lat="35.42804" lon="128.41637">
        <ele>20.3</ele>
      </trkpt>
      <trkpt lat="35.42858" lon="128.4168">
        <ele>23.5</ele>
      </trkpt>
      <trkpt lat="35.42911" lon="128.41728">
        <ele>19.1</ele>
      </trkpt>
      <trkpt lat="35.42964" lon="128.41775">
        <ele>19.6</ele>
      </trkpt>
      <trkpt lat="35.43017" lon="128.41823">
        <ele>14.8</ele>
      </trkpt>
      <trkpt lat="35.43058" lon="128.41843">
        <ele>12.7</ele>
      </trkpt>
      <trkpt lat="35.43108" lon="128.41863">
        <ele>13.5</ele>
      </trkpt>
      <trkpt lat="35.43157" lon="128.41882">
        <ele>14.7</ele>
      </trkpt>
      <trkpt lat="35.43179" lon="128.4189">
        <ele>14.7</ele>
      </trkpt>
      <trkpt lat="35.43228" lon="128.419007">
        <ele>14.3</ele>
      </trkpt>
      <trkpt lat="35.43277" lon="128.419187">
        <ele>11.5</ele>
      </trkpt>
      <trkpt lat="35.43329" lon="128.419457">
        <ele>10.5</ele>
      </trkpt>
      <trkpt lat="35.43358" lon="128.41958">
        <ele>10.6</ele>
      </trkpt>
      <trkpt lat="35.43422" lon="128.4197">
        <ele>12.6</ele>
      </trkpt>
      <trkpt lat="35.43489" lon="128.41987">
        <ele>21.1</ele>
      </trkpt>
      <trkpt lat="35.43527" lon="128.41998">
        <ele>21.6</ele>
      </trkpt>
      <trkpt lat="35.43567" lon="128.42015">
        <ele>21.1</ele>
      </trkpt>
      <trkpt lat="35.43592" lon="128.420279">
        <ele>20.0</ele>
      </trkpt>
      <trkpt lat="35.4364" lon="128.4207">
        <ele>14.2</ele>
      </trkpt>
      <trkpt lat="35.43668" lon="128.42102">
        <ele>12.1</ele>
      </trkpt>
      <trkpt lat="35.43717" lon="128.421528">
        <ele>10.7</ele>
      </trkpt>
      <trkpt lat="35.43766" lon="128.42204">
        <ele>11.3</ele>
      </trkpt>
      <trkpt lat="35.43816" lon="128.42255">
        <ele>11.9</ele>
      </trkpt>
      <trkpt lat="35.43828" lon="128.42268">
        <ele>12.7</ele>
      </trkpt>
      <trkpt lat="35.43838" lon="128.42285">
        <ele>13.8</ele>
      </trkpt>
      <trkpt lat="35.43848" lon="128.42317">
        <ele>16.1</ele>
      </trkpt>
      <trkpt lat="35.43873" lon="128.42388">
        <ele>19.8</ele>
      </trkpt>
      <trkpt lat="35.43908" lon="128.42455">
        <ele>21.5</ele>
      </trkpt>
      <trkpt lat="35.43929" lon="128.42488">
        <ele>22.6</ele>
      </trkpt>
      <trkpt lat="35.43951" lon="128.425198">
        <ele>23.8</ele>
      </trkpt>
      <trkpt lat="35.43967" lon="128.425457">
        <ele>21.7</ele>
      </trkpt>
      <trkpt lat="35.44011" lon="128.42606">
        <ele>16.5</ele>
      </trkpt>
      <trkpt lat="35.44058" lon="128.42665">
        <ele>16.9</ele>
      </trkpt>
      <trkpt lat="35.44071" lon="128.426797">
        <ele>16.9</ele>
      </trkpt>
      <trkpt lat="35.441" lon="128.42702">
        <ele>14.6</ele>
      </trkpt>
      <trkpt lat="35.44146" lon="128.42714">
        <ele>11.9</ele>
      </trkpt>
      <trkpt lat="35.44154" lon="128.42781">
        <ele>10.5</ele>
      </trkpt>
      <trkpt lat="35.44162" lon="128.42848">
        <ele>11.5</ele>
      </trkpt>
      <trkpt lat="35.44173" lon="128.42929">
        <ele>10.1</ele>
      </trkpt>
      <trkpt lat="35.44184" lon="128.4301">
        <ele>12.3</ele>
      </trkpt>
      <trkpt lat="35.44186" lon="128.43023">
        <ele>12.6</ele>
      </trkpt>
      <trkpt lat="35.441879" lon="128.430372">
        <ele>13.0</ele>
      </trkpt>
      <trkpt lat="35.44188" lon="128.43037">
        <ele>13.0</ele>
      </trkpt>
      <trkpt lat="35.44191" lon="128.43061">
        <ele>13.7</ele>
      </trkpt>
      <trkpt lat="35.44195" lon="128.430917">
        <ele>14.6</ele>
      </trkpt>
      <trkpt lat="35.44196" lon="128.431108">
        <ele>15.1</ele>
      </trkpt>
      <trkpt lat="35.44205" lon="128.431649">
        <ele>18.2</ele>
      </trkpt>
      <trkpt lat="35.44211" lon="128.43166">
        <ele>19.5</ele>
      </trkpt>
      <trkpt lat="35.44242" lon="128.43204">
        <ele>22.3</ele>
      </trkpt>
      <trkpt lat="35.44272" lon="128.432459">
        <ele>22.9</ele>
      </trkpt>
      <trkpt lat="35.44274" lon="128.43256">
        <ele>22.2</ele>
      </trkpt>
      <trkpt lat="35.44314" lon="128.432977">
        <ele>23.1</ele>
      </trkpt>
      <trkpt lat="35.44354" lon="128.43339">
        <ele>21.2</ele>
      </trkpt>
      <trkpt lat="35.44363" lon="128.43365">
        <ele>22.7</ele>
      </trkpt>
      <trkpt lat="35.44374" lon="128.43408">
        <ele>22.7</ele>
      </trkpt>
      <trkpt lat="35.44382" lon="128.43427">
        <ele>24.6</ele>
      </trkpt>
      <trkpt lat="35.4439" lon="128.434418">
        <ele>27.5</ele>
      </trkpt>
      <trkpt lat="35.44396" lon="128.4345">
        <ele>28.6</ele>
      </trkpt>
      <trkpt lat="35.44403" lon="128.43455">
        <ele>28.8</ele>
      </trkpt>
      <trkpt lat="35.44447" lon="128.43482">
        <ele>30.1</ele>
      </trkpt>
      <trkpt lat="35.44491" lon="128.43507">
        <ele>30.1</ele>
      </trkpt>
      <trkpt lat="35.44538" lon="128.43552">
        <ele>35.9</ele>
      </trkpt>
      <trkpt lat="35.44559" lon="128.43582">
        <ele>35.6</ele>
      </trkpt>
      <trkpt lat="35.44564" lon="128.435949">
        <ele>35.3</ele>
      </trkpt>
      <trkpt lat="35.44564" lon="128.43627">
        <ele>38.0</ele>
      </trkpt>
      <trkpt lat="35.44557" lon="128.43671">
        <ele>43.5</ele>
      </trkpt>
      <trkpt lat="35.44555" lon="128.43708">
        <ele>43.8</ele>
      </trkpt>
      <trkpt lat="35.44563" lon="128.43745">
        <ele>42.4</ele>
      </trkpt>
      <trkpt lat="35.44573" lon="128.43771">
        <ele>42.5</ele>
      </trkpt>
      <trkpt lat="35.44577" lon="128.43788">
        <ele>43.3</ele>
      </trkpt>
      <trkpt lat="35.44579" lon="128.438099">
        <ele>44.6</ele>
      </trkpt>
      <trkpt lat="35.44579" lon="128.43847">
        <ele>45.6</ele>
      </trkpt>
      <trkpt lat="35.44573" lon="128.43939">
        <ele>41.8</ele>
      </trkpt>
      <trkpt lat="35.44566" lon="128.43975">
        <ele>41.1</ele>
      </trkpt>
      <trkpt lat="35.44561" lon="128.439889">
        <ele>40.7</ele>
      </trkpt>
      <trkpt lat="35.44548" lon="128.44009">
        <ele>41.4</ele>
      </trkpt>
      <trkpt lat="35.44526" lon="128.44026">
        <ele>42.4</ele>
      </trkpt>
      <trkpt lat="35.44496" lon="128.440497">
        <ele>42.4</ele>
      </trkpt>
      <trkpt lat="35.44485" lon="128.44065">
        <ele>41.9</ele>
      </trkpt>
      <trkpt lat="35.44476" lon="128.440857">
        <ele>41.4</ele>
      </trkpt>
      <trkpt lat="35.44473" lon="128.44103">
        <ele>40.1</ele>
      </trkpt>
      <trkpt lat="35.44472" lon="128.44116">
        <ele>39.4</ele>
      </trkpt>
      <trkpt lat="35.44474" lon="128.44127">
        <ele>39.4</ele>
      </trkpt>
      <trkpt lat="35.44491" lon="128.44202">
        <ele>39.7</ele>
      </trkpt>
      <trkpt lat="35.44465" lon="128.44192">
        <ele>36.6</ele>
      </trkpt>
      <trkpt lat="35.44405" lon="128.44154">
        <ele>28.0</ele>
      </trkpt>
      <trkpt lat="35.44389" lon="128.44161">
        <ele>26.7</ele>
      </trkpt>
      <trkpt lat="35.44366" lon="128.44188">
        <ele>26.6</ele>
      </trkpt>
      <trkpt lat="35.44345" lon="128.44207">
        <ele>27.1</ele>
      </trkpt>
      <trkpt lat="35.44315" lon="128.44219">
        <ele>26.2</ele>
      </trkpt>
      <trkpt lat="35.44271" lon="128.44205">
        <ele>22.8</ele>
      </trkpt>
      <trkpt lat="35.44245" lon="128.442039">
        <ele>22.0</ele>
      </trkpt>
      <trkpt lat="35.44222" lon="128.44228">
        <ele>21.0</ele>
      </trkpt>
      <trkpt lat="35.44192" lon="128.442737">
        <ele>19.6</ele>
      </trkpt>
      <trkpt lat="35.44164" lon="128.44314">
        <ele>17.9</ele>
      </trkpt>
      <trkpt lat="35.44117" lon="128.44348">
        <ele>19.0</ele>
      </trkpt>
      <trkpt lat="35.4409" lon="128.44378">
        <ele>17.9</ele>
      </trkpt>
      <trkpt lat="35.44062" lon="128.444448">
        <ele>14.2</ele>
      </trkpt>
      <trkpt lat="35.44056" lon="128.445067">
        <ele>12.8</ele>
      </trkpt>
      <trkpt lat="35.44015" lon="128.44569">
        <ele>12.7</ele>
      </trkpt>
      <trkpt lat="35.43988" lon="128.44618">
        <ele>12.9</ele>
      </trkpt>
      <trkpt lat="35.4397" lon="128.44699">
        <ele>13.7</ele>
      </trkpt>
      <trkpt lat="35.43932" lon="128.44745">
        <ele>13.9</ele>
      </trkpt>
      <trkpt lat="35.43895" lon="128.44791">
        <ele>13.3</ele>
      </trkpt>
      <trkpt lat="35.4386" lon="128.4481">
        <ele>13.6</ele>
      </trkpt>
      <trkpt lat="35.43837" lon="128.44828">
        <ele>13.2</ele>
      </trkpt>
      <trkpt lat="35.43814" lon="128.44853">
        <ele>13.8</ele>
      </trkpt>
      <trkpt lat="35.4377" lon="128.44912">
        <ele>16.4</ele>
      </trkpt>
      <trkpt lat="35.43745" lon="128.44952">
        <ele>16.4</ele>
      </trkpt>
      <trkpt lat="35.43716" lon="128.4499">
        <ele>16.2</ele>
      </trkpt>
      <trkpt lat="35.43689" lon="128.45011">
        <ele>16.5</ele>
      </trkpt>
      <trkpt lat="35.4367" lon="128.45029">
        <ele>16.3</ele>
      </trkpt>
      <trkpt lat="35.43656" lon="128.45049">
        <ele>16.4</ele>
      </trkpt>
      <trkpt lat="35.43616" lon="128.45064">
        <ele>18.7</ele>
      </trkpt>
      <trkpt lat="35.43591" lon="128.45077">
        <ele>20.4</ele>
      </trkpt>
      <trkpt lat="35.43547" lon="128.4511">
        <ele>27.9</ele>
      </trkpt>
      <trkpt lat="35.43504" lon="128.451428">
        <ele>28.6</ele>
      </trkpt>
      <trkpt lat="35.43491" lon="128.45176">
        <ele>25.7</ele>
      </trkpt>
      <trkpt lat="35.43483" lon="128.45205">
        <ele>28.2</ele>
      </trkpt>
      <trkpt lat="35.43466" lon="128.45246">
        <ele>29.9</ele>
      </trkpt>
      <trkpt lat="35.43424" lon="128.45298">
        <ele>31.9</ele>
      </trkpt>
      <trkpt lat="35.43379" lon="128.45351">
        <ele>38.0</ele>
      </trkpt>
      <trkpt lat="35.43336" lon="128.454197">
        <ele>29.9</ele>
      </trkpt>
      <trkpt lat="35.43304" lon="128.45485">
        <ele>28.0</ele>
      </trkpt>
      <trkpt lat="35.433" lon="128.45503">
        <ele>26.0</ele>
      </trkpt>
      <trkpt lat="35.433" lon="128.45503">
        <ele>26.0</ele>
      </trkpt>
      <trkpt lat="35.43281" lon="128.455739">
        <ele>22.4</ele>
      </trkpt>
      <trkpt lat="35.43263" lon="128.45646">
        <ele>17.9</ele>
      </trkpt>
      <trkpt lat="35.43246" lon="128.456977">
        <ele>15.1</ele>
      </trkpt>
      <trkpt lat="35.4323" lon="128.4575">
        <ele>14.6</ele>
      </trkpt>
      <trkpt lat="35.43192" lon="128.458249">
        <ele>12.2</ele>
      </trkpt>
      <trkpt lat="35.43154" lon="128.45899">
        <ele>10.9</ele>
      </trkpt>
      <trkpt lat="35.43095" lon="128.45974">
        <ele>14.6</ele>
      </trkpt>
      <trkpt lat="35.43035" lon="128.46024">
        <ele>16.2</ele>
      </trkpt>
      <trkpt lat="35.42975" lon="128.46073">
        <ele>12.8</ele>
      </trkpt>
      <trkpt lat="35.42962" lon="128.46078">
        <ele>12.3</ele>
      </trkpt>
      <trkpt lat="35.42953" lon="128.46076">
        <ele>12.7</ele>
      </trkpt>
      <trkpt lat="35.42939" lon="128.46071">
        <ele>13.8</ele>
      </trkpt>
      <trkpt lat="35.42918" lon="128.46064">
        <ele>15.4</ele>
      </trkpt>
      <trkpt lat="35.42908" lon="128.460659">
        <ele>16.2</ele>
      </trkpt>
      <trkpt lat="35.42897" lon="128.46073">
        <ele>16.3</ele>
      </trkpt>
      <trkpt lat="35.42832" lon="128.46121">
        <ele>17.2</ele>
      </trkpt>
      <trkpt lat="35.428" lon="128.4615">
        <ele>18.2</ele>
      </trkpt>
      <trkpt lat="35.42782" lon="128.46193">
        <ele>15.9</ele>
      </trkpt>
      <trkpt lat="35.42769" lon="128.462088">
        <ele>15.4</ele>
      </trkpt>
      <trkpt lat="35.42756" lon="128.46215">
        <ele>15.6</ele>
      </trkpt>
      <trkpt lat="35.4271" lon="128.46216">
        <ele>18.7</ele>
      </trkpt>
      <trkpt lat="35.42681" lon="128.46238">
        <ele>16.0</ele>
      </trkpt>
      <trkpt lat="35.42662" lon="128.46267">
        <ele>14.3</ele>
      </trkpt>
      <trkpt lat="35.42658" lon="128.46283">
        <ele>14.4</ele>
      </trkpt>
      <trkpt lat="35.42659" lon="128.46301">
        <ele>13.9</ele>
      </trkpt>
      <trkpt lat="35.42654" lon="128.46311">
        <ele>13.9</ele>
      </trkpt>
      <trkpt lat="35.42648" lon="128.463169">
        <ele>13.9</ele>
      </trkpt>
      <trkpt lat="35.42636" lon="128.46322">
        <ele>14.1</ele>
      </trkpt>
      <trkpt lat="35.4258" lon="128.4634">
        <ele>14.0</ele>
      </trkpt>
      <trkpt lat="35.42525" lon="128.46359">
        <ele>19.8</ele>
      </trkpt>
      <trkpt lat="35.42508" lon="128.463709">
        <ele>19.9</ele>
      </trkpt>
      <trkpt lat="35.42489" lon="128.46417">
        <ele>14.7</ele>
      </trkpt>
      <trkpt lat="35.42461" lon="128.46445">
        <ele>17.4</ele>
      </trkpt>
      <trkpt lat="35.42443" lon="128.46484">
        <ele>12.6</ele>
      </trkpt>
      <trkpt lat="35.42424" lon="128.464948">
        <ele>11.1</ele>
      </trkpt>
      <trkpt lat="35.42381" lon="128.465">
        <ele>10.4</ele>
      </trkpt>
      <trkpt lat="35.42299" lon="128.46482">
        <ele>17.3</ele>
      </trkpt>
      <trkpt lat="35.42289" lon="128.46485">
        <ele>17.4</ele>
      </trkpt>
      <trkpt lat="35.4228" lon="128.46493">
        <ele>16.6</ele>
      </trkpt>
      <trkpt lat="35.42257" lon="128.46521">
        <ele>15.5</ele>
      </trkpt>
      <trkpt lat="35.42241" lon="128.46533">
        <ele>14.8</ele>
      </trkpt>
      <trkpt lat="35.4223" lon="128.46538">
        <ele>14.3</ele>
      </trkpt>
      <trkpt lat="35.42208" lon="128.46538">
        <ele>14.3</ele>
      </trkpt>
      <trkpt lat="35.42156" lon="128.46526">
        <ele>14.8</ele>
      </trkpt>
      <trkpt lat="35.42129" lon="128.46508">
        <ele>15.6</ele>
      </trkpt>
      <trkpt lat="35.42107" lon="128.46488">
        <ele>18.6</ele>
      </trkpt>
      <trkpt lat="35.42084" lon="128.46492">
        <ele>17.7</ele>
      </trkpt>
      <trkpt lat="35.42056" lon="128.46508">
        <ele>15.2</ele>
      </trkpt>
      <trkpt lat="35.42028" lon="128.4651">
        <ele>14.7</ele>
      </trkpt>
      <trkpt lat="35.42019" lon="128.46503">
        <ele>15.0</ele>
      </trkpt>
      <trkpt lat="35.41971" lon="128.46471">
        <ele>18.3</ele>
      </trkpt>
      <trkpt lat="35.41962" lon="128.464599">
        <ele>19.0</ele>
      </trkpt>
      <trkpt lat="35.41924" lon="128.464069">
        <ele>18.2</ele>
      </trkpt>
      <trkpt lat="35.41886" lon="128.46463">
        <ele>17.7</ele>
      </trkpt>
      <trkpt lat="35.41872" lon="128.464779">
        <ele>18.4</ele>
      </trkpt>
      <trkpt lat="35.41862" lon="128.46485">
        <ele>18.9</ele>
      </trkpt>
      <trkpt lat="35.41844" lon="128.46492">
        <ele>20.1</ele>
      </trkpt>
      <trkpt lat="35.41818" lon="128.46501">
        <ele>21.4</ele>
      </trkpt>
      <trkpt lat="35.41792" lon="128.465128">
        <ele>21.3</ele>
      </trkpt>
      <trkpt lat="35.41759" lon="128.46526">
        <ele>21.7</ele>
      </trkpt>
      <trkpt lat="35.41711" lon="128.465488">
        <ele>19.5</ele>
      </trkpt>
      <trkpt lat="35.41655" lon="128.46587">
        <ele>19.6</ele>
      </trkpt>
      <trkpt lat="35.41638" lon="128.46596">
        <ele>21.4</ele>
      </trkpt>
      <trkpt lat="35.41602" lon="128.46619">
        <ele>23.7</ele>
      </trkpt>
      <trkpt lat="35.416016" lon="128.46619">
        <ele>23.8</ele>
      </trkpt>
      <trkpt lat="35.41577" lon="128.466388">
        <ele>24.0</ele>
      </trkpt>
      <trkpt lat="35.41564" lon="128.46651">
        <ele>24.6</ele>
      </trkpt>
      <trkpt lat="35.41491" lon="128.46713">
        <ele>27.8</ele>
      </trkpt>
      <trkpt lat="35.41448" lon="128.467469">
        <ele>24.7</ele>
      </trkpt>
      <trkpt lat="35.41434" lon="128.467559">
        <ele>25.0</ele>
      </trkpt>
      <trkpt lat="35.41422" lon="128.467649">
        <ele>25.1</ele>
      </trkpt>
      <trkpt lat="35.4141" lon="128.46779">
        <ele>23.5</ele>
      </trkpt>
      <trkpt lat="35.41373" lon="128.46841">
        <ele>22.0</ele>
      </trkpt>
      <trkpt lat="35.4133" lon="128.46905">
        <ele>20.1</ele>
      </trkpt>
      <trkpt lat="35.41314" lon="128.469248">
        <ele>16.0</ele>
      </trkpt>
      <trkpt lat="35.41302" lon="128.4694">
        <ele>13.3</ele>
      </trkpt>
      <trkpt lat="35.41268" lon="128.46965">
        <ele>8.4</ele>
      </trkpt>
      <trkpt lat="35.41226" lon="128.469867">
        <ele>6.5</ele>
      </trkpt>
      <trkpt lat="35.41214" lon="128.469957">
        <ele>6.5</ele>
      </trkpt>
      <trkpt lat="35.41201" lon="128.47009">
        <ele>6.7</ele>
      </trkpt>
      <trkpt lat="35.41162" lon="128.470779">
        <ele>7.1</ele>
      </trkpt>
      <trkpt lat="35.41123" lon="128.47154">
        <ele>8.8</ele>
      </trkpt>
      <trkpt lat="35.411" lon="128.47196">
        <ele>10.9</ele>
      </trkpt>
      <trkpt lat="35.4109" lon="128.472118">
        <ele>12.1</ele>
      </trkpt>
      <trkpt lat="35.4108" lon="128.47225">
        <ele>13.0</ele>
      </trkpt>
      <trkpt lat="35.41065" lon="128.47241">
        <ele>13.1</ele>
      </trkpt>
      <trkpt lat="35.41025" lon="128.472749">
        <ele>13.6</ele>
      </trkpt>
      <trkpt lat="35.40982" lon="128.47314">
        <ele>16.4</ele>
      </trkpt>
      <trkpt lat="35.40974" lon="128.47324">
        <ele>16.5</ele>
      </trkpt>
      <trkpt lat="35.40961" lon="128.47343">
        <ele>16.0</ele>
      </trkpt>
      <trkpt lat="35.4095" lon="128.47363">
        <ele>15.3</ele>
      </trkpt>
      <trkpt lat="35.40942" lon="128.47379">
        <ele>15.0</ele>
      </trkpt>
      <trkpt lat="35.40933" lon="128.47404">
        <ele>15.3</ele>
      </trkpt>
      <trkpt lat="35.40927" lon="128.47431">
        <ele>15.0</ele>
      </trkpt>
      <trkpt lat="35.40925" lon="128.4747">
        <ele>13.8</ele>
      </trkpt>
      <trkpt lat="35.40917" lon="128.47502">
        <ele>12.9</ele>
      </trkpt>
      <trkpt lat="35.40907" lon="128.4753">
        <ele>11.2</ele>
      </trkpt>
      <trkpt lat="35.40883" lon="128.47584">
        <ele>9.6</ele>
      </trkpt>
      <trkpt lat="35.40859" lon="128.47637">
        <ele>10.4</ele>
      </trkpt>
      <trkpt lat="35.4085" lon="128.47655">
        <ele>11.1</ele>
      </trkpt>
      <trkpt lat="35.4084" lon="128.476689">
        <ele>11.8</ele>
      </trkpt>
      <trkpt lat="35.40823" lon="128.47691">
        <ele>11.6</ele>
      </trkpt>
      <trkpt lat="35.40802" lon="128.47715">
        <ele>11.2</ele>
      </trkpt>
      <trkpt lat="35.40813" lon="128.47729">
        <ele>11.0</ele>
      </trkpt>
      <trkpt lat="35.40865" lon="128.477938">
        <ele>10.0</ele>
      </trkpt>
      <trkpt lat="35.40851" lon="128.47805">
        <ele>9.7</ele>
      </trkpt>
      <trkpt lat="35.40804" lon="128.47863">
        <ele>8.9</ele>
      </trkpt>
      <trkpt lat="35.40772" lon="128.47934">
        <ele>10.6</ele>
      </trkpt>
      <trkpt lat="35.4076" lon="128.48022">
        <ele>8.6</ele>
      </trkpt>
      <trkpt lat="35.40748" lon="128.48111">
        <ele>7.1</ele>
      </trkpt>
      <trkpt lat="35.40736" lon="128.48199">
        <ele>7.5</ele>
      </trkpt>
      <trkpt lat="35.40724" lon="128.48288">
        <ele>7.2</ele>
      </trkpt>
      <trkpt lat="35.40712" lon="128.48377">
        <ele>7.6</ele>
      </trkpt>
      <trkpt lat="35.40706" lon="128.484209">
        <ele>7.8</ele>
      </trkpt>
      <trkpt lat="35.40694" lon="128.485109">
        <ele>8.3</ele>
      </trkpt>
      <trkpt lat="35.40682" lon="128.485998">
        <ele>8.0</ele>
      </trkpt>
      <trkpt lat="35.4067" lon="128.486899">
        <ele>6.6</ele>
      </trkpt>
      <trkpt lat="35.40658" lon="128.487788">
        <ele>8.2</ele>
      </trkpt>
      <trkpt lat="35.40645" lon="128.488678">
        <ele>8.4</ele>
      </trkpt>
      <trkpt lat="35.40656" lon="128.48965">
        <ele>8.0</ele>
      </trkpt>
      <trkpt lat="35.40663" lon="128.4904">
        <ele>8.4</ele>
      </trkpt>
      <trkpt lat="35.4067" lon="128.49115">
        <ele>8.2</ele>
      </trkpt>
      <trkpt lat="35.40677" lon="128.491897">
        <ele>7.5</ele>
      </trkpt>
      <trkpt lat="35.40686" lon="128.49269">
        <ele>8.1</ele>
      </trkpt>
      <trkpt lat="35.40695" lon="128.49347">
        <ele>7.8</ele>
      </trkpt>
      <trkpt lat="35.40704" lon="128.49426">
        <ele>8.2</ele>
      </trkpt>
      <trkpt lat="35.40716" lon="128.49535">
        <ele>8.5</ele>
      </trkpt>
      <trkpt lat="35.40727" lon="128.49643">
        <ele>8.7</ele>
      </trkpt>
      <trkpt lat="35.40739" lon="128.49752">
        <ele>8.4</ele>
      </trkpt>
      <trkpt lat="35.4075" lon="128.4986">
        <ele>9.3</ele>
      </trkpt>
      <trkpt lat="35.40762" lon="128.499687">
        <ele>9.5</ele>
      </trkpt>
      <trkpt lat="35.40721" lon="128.50028">
        <ele>9.5</ele>
      </trkpt>
      <trkpt lat="35.4068" lon="128.50088">
        <ele>9.9</ele>
      </trkpt>
      <trkpt lat="35.40639" lon="128.501477">
        <ele>12.0</ele>
      </trkpt>
      <trkpt lat="35.40567" lon="128.50182">
        <ele>15.0</ele>
      </trkpt>
      <trkpt lat="35.40568" lon="128.50188">
        <ele>15.0</ele>
      </trkpt>
      <trkpt lat="35.40567" lon="128.50201">
        <ele>14.9</ele>
      </trkpt>
      <trkpt lat="35.40563" lon="128.50222">
        <ele>14.7</ele>
      </trkpt>
      <trkpt lat="35.40536" lon="128.503109">
        <ele>15.0</ele>
      </trkpt>
      <trkpt lat="35.40509" lon="128.50401">
        <ele>15.4</ele>
      </trkpt>
      <trkpt lat="35.40483" lon="128.504899">
        <ele>12.1</ele>
      </trkpt>
      <trkpt lat="35.4046" lon="128.50581">
        <ele>16.6</ele>
      </trkpt>
      <trkpt lat="35.40457" lon="128.506">
        <ele>16.2</ele>
      </trkpt>
      <trkpt lat="35.40457" lon="128.506138">
        <ele>16.1</ele>
      </trkpt>
      <trkpt lat="35.4046" lon="128.50628">
        <ele>16.5</ele>
      </trkpt>
      <trkpt lat="35.4047" lon="128.50654">
        <ele>17.8</ele>
      </trkpt>
      <trkpt lat="35.40479" lon="128.50671">
        <ele>18.5</ele>
      </trkpt>
      <trkpt lat="35.40491" lon="128.506858">
        <ele>18.6</ele>
      </trkpt>
      <trkpt lat="35.40508" lon="128.50699">
        <ele>18.3</ele>
      </trkpt>
      <trkpt lat="35.40532" lon="128.507117">
        <ele>17.1</ele>
      </trkpt>
      <trkpt lat="35.40528" lon="128.50807">
        <ele>11.2</ele>
      </trkpt>
      <trkpt lat="35.40523" lon="128.509019">
        <ele>11.2</ele>
      </trkpt>
      <trkpt lat="35.40519" lon="128.50998">
        <ele>10.5</ele>
      </trkpt>
      <trkpt lat="35.40516" lon="128.51031">
        <ele>10.6</ele>
      </trkpt>
      <trkpt lat="35.40512" lon="128.51056">
        <ele>10.8</ele>
      </trkpt>
      <trkpt lat="35.40505" lon="128.51085">
        <ele>11.0</ele>
      </trkpt>
      <trkpt lat="35.40486" lon="128.51147">
        <ele>12.5</ele>
      </trkpt>
      <trkpt lat="35.4047" lon="128.511868">
        <ele>13.2</ele>
      </trkpt>
      <trkpt lat="35.4045" lon="128.51228">
        <ele>13.7</ele>
      </trkpt>
      <trkpt lat="35.40434" lon="128.51255">
        <ele>13.9</ele>
      </trkpt>
      <trkpt lat="35.40407" lon="128.512948">
        <ele>12.8</ele>
      </trkpt>
      <trkpt lat="35.4038" lon="128.513297">
        <ele>10.4</ele>
      </trkpt>
      <trkpt lat="35.40351" lon="128.51363">
        <ele>8.6</ele>
      </trkpt>
      <trkpt lat="35.40312" lon="128.51414">
        <ele>10.0</ele>
      </trkpt>
      <trkpt lat="35.40304" lon="128.514288">
        <ele>10.4</ele>
      </trkpt>
      <trkpt lat="35.40291" lon="128.51467">
        <ele>10.6</ele>
      </trkpt>
      <trkpt lat="35.4027" lon="128.51556">
        <ele>11.2</ele>
      </trkpt>
      <trkpt lat="35.40249" lon="128.516449">
        <ele>11.8</ele>
      </trkpt>
      <trkpt lat="35.40227" lon="128.517339">
        <ele>12.4</ele>
      </trkpt>
      <trkpt lat="35.40205" lon="128.518239">
        <ele>18.7</ele>
      </trkpt>
      <trkpt lat="35.40191" lon="128.51888">
        <ele>17.8</ele>
      </trkpt>
      <trkpt lat="35.40179" lon="128.51961">
        <ele>17.4</ele>
      </trkpt>
      <trkpt lat="35.40166" lon="128.52035">
        <ele>17.1</ele>
      </trkpt>
      <trkpt lat="35.40154" lon="128.5209">
        <ele>17.3</ele>
      </trkpt>
      <trkpt lat="35.40149" lon="128.52132">
        <ele>17.4</ele>
      </trkpt>
      <trkpt lat="35.40135" lon="128.52171">
        <ele>20.5</ele>
      </trkpt>
      <trkpt lat="35.40126" lon="128.52192">
        <ele>22.8</ele>
      </trkpt>
      <trkpt lat="35.4012" lon="128.52201">
        <ele>24.1</ele>
      </trkpt>
      <trkpt lat="35.40063" lon="128.522618">
        <ele>29.3</ele>
      </trkpt>
      <trkpt lat="35.40011" lon="128.52311">
        <ele>28.3</ele>
      </trkpt>
      <trkpt lat="35.39951" lon="128.52375">
        <ele>18.9</ele>
      </trkpt>
      <trkpt lat="35.3989" lon="128.52439">
        <ele>12.2</ele>
      </trkpt>
      <trkpt lat="35.39827" lon="128.525038">
        <ele>10.6</ele>
      </trkpt>
      <trkpt lat="35.39779" lon="128.52551">
        <ele>10.4</ele>
      </trkpt>
      <trkpt lat="35.39721" lon="128.5261">
        <ele>15.5</ele>
      </trkpt>
      <trkpt lat="35.39693" lon="128.52634">
        <ele>17.4</ele>
      </trkpt>
      <trkpt lat="35.39674" lon="128.526479">
        <ele>18.5</ele>
      </trkpt>
      <trkpt lat="35.39636" lon="128.52695">
        <ele>18.3</ele>
      </trkpt>
      <trkpt lat="35.39606" lon="128.527549">
        <ele>16.3</ele>
      </trkpt>
      <trkpt lat="35.39576" lon="128.528089">
        <ele>10.9</ele>
      </trkpt>
      <trkpt lat="35.39546" lon="128.52855">
        <ele>10.3</ele>
      </trkpt>
      <trkpt lat="35.39516" lon="128.52901">
        <ele>10.2</ele>
      </trkpt>
      <trkpt lat="35.39481" lon="128.529508">
        <ele>11.1</ele>
      </trkpt>
      <trkpt lat="35.39447" lon="128.53">
        <ele>12.3</ele>
      </trkpt>
      <trkpt lat="35.39404" lon="128.53065">
        <ele>10.7</ele>
      </trkpt>
      <trkpt lat="35.3936" lon="128.531297">
        <ele>12.0</ele>
      </trkpt>
      <trkpt lat="35.39317" lon="128.53195">
        <ele>13.1</ele>
      </trkpt>
      <trkpt lat="35.3928" lon="128.53249">
        <ele>12.7</ele>
      </trkpt>
      <trkpt lat="35.39243" lon="128.53304">
        <ele>13.0</ele>
      </trkpt>
      <trkpt lat="35.39221" lon="128.53357">
        <ele>11.7</ele>
      </trkpt>
      <trkpt lat="35.39199" lon="128.5341">
        <ele>9.0</ele>
      </trkpt>
      <trkpt lat="35.39164" lon="128.53487">
        <ele>8.8</ele>
      </trkpt>
      <trkpt lat="35.3913" lon="128.53564">
        <ele>7.5</ele>
      </trkpt>
      <trkpt lat="35.39101" lon="128.53616">
        <ele>9.8</ele>
      </trkpt>
      <trkpt lat="35.39072" lon="128.53669">
        <ele>11.5</ele>
      </trkpt>
      <trkpt lat="35.39029" lon="128.53742">
        <ele>11.5</ele>
      </trkpt>
      <trkpt lat="35.38994" lon="128.53806">
        <ele>12.9</ele>
      </trkpt>
      <trkpt lat="35.38958" lon="128.5387">
        <ele>13.1</ele>
      </trkpt>
      <trkpt lat="35.38947" lon="128.53899">
        <ele>13.0</ele>
      </trkpt>
      <trkpt lat="35.38905" lon="128.53984">
        <ele>9.9</ele>
      </trkpt>
      <trkpt lat="35.38856" lon="128.540618">
        <ele>9.3</ele>
      </trkpt>
      <trkpt lat="35.38828" lon="128.541249">
        <ele>9.3</ele>
      </trkpt>
      <trkpt lat="35.38799" lon="128.541879">
        <ele>10.5</ele>
      </trkpt>
      <trkpt lat="35.38753" lon="128.54281">
        <ele>11.3</ele>
      </trkpt>
      <trkpt lat="35.38707" lon="128.54374">
        <ele>16.7</ele>
      </trkpt>
      <trkpt lat="35.3867" lon="128.54434">
        <ele>19.2</ele>
      </trkpt>
      <trkpt lat="35.38637" lon="128.544739">
        <ele>24.0</ele>
      </trkpt>
      <trkpt lat="35.38604" lon="128.54513">
        <ele>25.6</ele>
      </trkpt>
      <trkpt lat="35.38591" lon="128.54533">
        <ele>27.0</ele>
      </trkpt>
      <trkpt lat="35.38552" lon="128.54601">
        <ele>29.8</ele>
      </trkpt>
      <trkpt lat="35.38513" lon="128.54669">
        <ele>26.3</ele>
      </trkpt>
      <trkpt lat="35.38474" lon="128.54737">
        <ele>28.0</ele>
      </trkpt>
      <trkpt lat="35.38444" lon="128.5479">
        <ele>29.0</ele>
      </trkpt>
      <trkpt lat="35.38414" lon="128.54843">
        <ele>27.5</ele>
      </trkpt>
      <trkpt lat="35.38381" lon="128.54907">
        <ele>28.9</ele>
      </trkpt>
      <trkpt lat="35.38346" lon="128.549928">
        <ele>26.4</ele>
      </trkpt>
      <trkpt lat="35.38334" lon="128.55027">
        <ele>25.2</ele>
      </trkpt>
      <trkpt lat="35.3832" lon="128.55076">
        <ele>27.2</ele>
      </trkpt>
      <trkpt lat="35.38311" lon="128.55133">
        <ele>28.0</ele>
      </trkpt>
      <trkpt lat="35.38309" lon="128.551729">
        <ele>29.6</ele>
      </trkpt>
      <trkpt lat="35.38308" lon="128.55206">
        <ele>28.6</ele>
      </trkpt>
      <trkpt lat="35.38309" lon="128.55248">
        <ele>28.0</ele>
      </trkpt>
      <trkpt lat="35.38314" lon="128.55319">
        <ele>27.7</ele>
      </trkpt>
      <trkpt lat="35.38305" lon="128.55424">
        <ele>18.0</ele>
      </trkpt>
      <trkpt lat="35.38303" lon="128.55478">
        <ele>15.7</ele>
      </trkpt>
      <trkpt lat="35.38302" lon="128.55537">
        <ele>15.3</ele>
      </trkpt>
      <trkpt lat="35.38306" lon="128.55605">
        <ele>15.6</ele>
      </trkpt>
      <trkpt lat="35.38314" lon="128.5565">
        <ele>14.5</ele>
      </trkpt>
      <trkpt lat="35.38335" lon="128.55752">
        <ele>9.4</ele>
      </trkpt>
      <trkpt lat="35.38344" lon="128.55814">
        <ele>12.3</ele>
      </trkpt>
      <trkpt lat="35.38347" lon="128.5584">
        <ele>12.5</ele>
      </trkpt>
      <trkpt lat="35.38355" lon="128.55893">
        <ele>10.7</ele>
      </trkpt>
      <trkpt lat="35.38356" lon="128.55914">
        <ele>10.1</ele>
      </trkpt>
      <trkpt lat="35.38366" lon="128.55994">
        <ele>11.3</ele>
      </trkpt>
      <trkpt lat="35.38375" lon="128.56074">
        <ele>11.5</ele>
      </trkpt>
      <trkpt lat="35.38387" lon="128.56135">
        <ele>12.5</ele>
      </trkpt>
      <trkpt lat="35.38398" lon="128.56195">
        <ele>12.8</ele>
      </trkpt>
      <trkpt lat="35.38416" lon="128.562728">
        <ele>12.0</ele>
      </trkpt>
      <trkpt lat="35.38434" lon="128.5635">
        <ele>11.8</ele>
      </trkpt>
      <trkpt lat="35.38455" lon="128.564517">
        <ele>12.0</ele>
      </trkpt>
      <trkpt lat="35.38477" lon="128.56554">
        <ele>12.6</ele>
      </trkpt>
      <trkpt lat="35.38498" lon="128.56655">
        <ele>11.3</ele>
      </trkpt>
      <trkpt lat="35.38519" lon="128.567568">
        <ele>11.1</ele>
      </trkpt>
      <trkpt lat="35.3854" lon="128.56863">
        <ele>12.7</ele>
      </trkpt>
      <trkpt lat="35.38551" lon="128.5692">
        <ele>13.0</ele>
      </trkpt>
      <trkpt lat="35.38562" lon="128.56977">
        <ele>13.4</ele>
      </trkpt>
      <trkpt lat="35.38564" lon="128.569808">
        <ele>13.4</ele>
      </trkpt>
      <trkpt lat="35.38576" lon="128.57051">
        <ele>13.3</ele>
      </trkpt>
      <trkpt lat="35.38583" lon="128.570799">
        <ele>13.0</ele>
      </trkpt>
      <trkpt lat="35.38597" lon="128.571159">
        <ele>12.8</ele>
      </trkpt>
      <trkpt lat="35.38631" lon="128.57175">
        <ele>12.4</ele>
      </trkpt>
      <trkpt lat="35.38655" lon="128.5721">
        <ele>12.1</ele>
      </trkpt>
      <trkpt lat="35.38669" lon="128.572319">
        <ele>12.0</ele>
      </trkpt>
      <trkpt lat="35.38693" lon="128.57263">
        <ele>11.9</ele>
      </trkpt>
      <trkpt lat="35.38726" lon="128.57311">
        <ele>11.8</ele>
      </trkpt>
      <trkpt lat="35.38759" lon="128.57358">
        <ele>12.2</ele>
      </trkpt>
      <trkpt lat="35.38814" lon="128.57434">
        <ele>12.2</ele>
      </trkpt>
      <trkpt lat="35.38868" lon="128.575099">
        <ele>12.0</ele>
      </trkpt>
      <trkpt lat="35.38904" lon="128.5756">
        <ele>11.4</ele>
      </trkpt>
      <trkpt lat="35.3894" lon="128.5761">
        <ele>11.7</ele>
      </trkpt>
      <trkpt lat="35.38965" lon="128.576608">
        <ele>12.4</ele>
      </trkpt>
      <trkpt lat="35.38995" lon="128.5774">
        <ele>12.1</ele>
      </trkpt>
      <trkpt lat="35.39028" lon="128.5783">
        <ele>10.7</ele>
      </trkpt>
      <trkpt lat="35.3906" lon="128.579197">
        <ele>12.0</ele>
      </trkpt>
      <trkpt lat="35.39073" lon="128.57954">
        <ele>11.6</ele>
      </trkpt>
      <trkpt lat="35.39107" lon="128.580379">
        <ele>11.6</ele>
      </trkpt>
      <trkpt lat="35.3914" lon="128.58122">
        <ele>12.0</ele>
      </trkpt>
      <trkpt lat="35.3916" lon="128.581628">
        <ele>12.0</ele>
      </trkpt>
      <trkpt lat="35.39171" lon="128.581887">
        <ele>11.6</ele>
      </trkpt>
      <trkpt lat="35.39207" lon="128.582698">
        <ele>10.8</ele>
      </trkpt>
      <trkpt lat="35.39217" lon="128.583">
        <ele>11.0</ele>
      </trkpt>
      <trkpt lat="35.39223" lon="128.58326">
        <ele>11.2</ele>
      </trkpt>
      <trkpt lat="35.39233" lon="128.58384">
        <ele>10.6</ele>
      </trkpt>
      <trkpt lat="35.39242" lon="128.584488">
        <ele>10.9</ele>
      </trkpt>
      <trkpt lat="35.39247" lon="128.5847">
        <ele>11.3</ele>
      </trkpt>
      <trkpt lat="35.39244" lon="128.58474">
        <ele>11.4</ele>
      </trkpt>
      <trkpt lat="35.39252" lon="128.58542">
        <ele>11.5</ele>
      </trkpt>
      <trkpt lat="35.39255" lon="128.58581">
        <ele>10.9</ele>
      </trkpt>
      <trkpt lat="35.39261" lon="128.58631">
        <ele>9.7</ele>
      </trkpt>
      <trkpt lat="35.39266" lon="128.58658">
        <ele>9.0</ele>
      </trkpt>
      <trkpt lat="35.39277" lon="128.587347">
        <ele>9.2</ele>
      </trkpt>
      <trkpt lat="35.39285" lon="128.58806">
        <ele>10.1</ele>
      </trkpt>
      <trkpt lat="35.3929" lon="128.588338">
        <ele>10.5</ele>
      </trkpt>
      <trkpt lat="35.393" lon="128.58873">
        <ele>10.4</ele>
      </trkpt>
      <trkpt lat="35.39311" lon="128.58927">
        <ele>10.3</ele>
      </trkpt>
      <trkpt lat="35.39319" lon="128.58952">
        <ele>10.5</ele>
      </trkpt>
      <trkpt lat="35.39337" lon="128.590049">
        <ele>11.0</ele>
      </trkpt>
      <trkpt lat="35.39355" lon="128.590578">
        <ele>10.9</ele>
      </trkpt>
      <trkpt lat="35.39381" lon="128.591287">
        <ele>10.5</ele>
      </trkpt>
      <trkpt lat="35.39406" lon="128.592">
        <ele>10.3</ele>
      </trkpt>
      <trkpt lat="35.39432" lon="128.59272">
        <ele>10.2</ele>
      </trkpt>
      <trkpt lat="35.39463" lon="128.593629">
        <ele>8.6</ele>
      </trkpt>
      <trkpt lat="35.39487" lon="128.59423">
        <ele>9.1</ele>
      </trkpt>
      <trkpt lat="35.39525" lon="128.595137">
        <ele>8.4</ele>
      </trkpt>
      <trkpt lat="35.39537" lon="128.59543">
        <ele>8.1</ele>
      </trkpt>
      <trkpt lat="35.39547" lon="128.59574">
        <ele>7.8</ele>
      </trkpt>
      <trkpt lat="35.39553" lon="128.59583">
        <ele>7.7</ele>
      </trkpt>
      <trkpt lat="35.39573" lon="128.59606">
        <ele>7.5</ele>
      </trkpt>
      <trkpt lat="35.39582" lon="128.596139">
        <ele>7.4</ele>
      </trkpt>
      <trkpt lat="35.39606" lon="128.596218">
        <ele>7.2</ele>
      </trkpt>
      <trkpt lat="35.39616" lon="128.5963">
        <ele>7.1</ele>
      </trkpt>
      <trkpt lat="35.39623" lon="128.59636">
        <ele>7.2</ele>
      </trkpt>
      <trkpt lat="35.39634" lon="128.59655">
        <ele>7.2</ele>
      </trkpt>
      <trkpt lat="35.3964" lon="128.59674">
        <ele>7.3</ele>
      </trkpt>
      <trkpt lat="35.39645" lon="128.59698">
        <ele>7.4</ele>
      </trkpt>
      <trkpt lat="35.39647" lon="128.59723">
        <ele>7.4</ele>
      </trkpt>
      <trkpt lat="35.39643" lon="128.597479">
        <ele>7.2</ele>
      </trkpt>
      <trkpt lat="35.3964" lon="128.59776">
        <ele>7.4</ele>
      </trkpt>
      <trkpt lat="35.39635" lon="128.598199">
        <ele>7.7</ele>
      </trkpt>
      <trkpt lat="35.39631" lon="128.598649">
        <ele>7.7</ele>
      </trkpt>
      <trkpt lat="35.39623" lon="128.5994">
        <ele>7.6</ele>
      </trkpt>
      <trkpt lat="35.39614" lon="128.60015">
        <ele>8.5</ele>
      </trkpt>
      <trkpt lat="35.39612" lon="128.60027">
        <ele>9.3</ele>
      </trkpt>
      <trkpt lat="35.3959" lon="128.60038">
        <ele>10.1</ele>
      </trkpt>
      <trkpt lat="35.39585" lon="128.60042">
        <ele>10.5</ele>
      </trkpt>
      <trkpt lat="35.39575" lon="128.600619">
        <ele>12.6</ele>
      </trkpt>
      <trkpt lat="35.39571" lon="128.60072">
        <ele>13.5</ele>
      </trkpt>
      <trkpt lat="35.39556" lon="128.600867">
        <ele>15.3</ele>
      </trkpt>
      <trkpt lat="35.39536" lon="128.60111">
        <ele>22.2</ele>
      </trkpt>
      <trkpt lat="35.39496" lon="128.601587">
        <ele>31.8</ele>
      </trkpt>
      <trkpt lat="35.39463" lon="128.602">
        <ele>38.1</ele>
      </trkpt>
      <trkpt lat="35.39457" lon="128.602128">
        <ele>40.4</ele>
      </trkpt>
      <trkpt lat="35.39449" lon="128.60239">
        <ele>45.3</ele>
      </trkpt>
      <trkpt lat="35.39445" lon="128.60248">
        <ele>45.7</ele>
      </trkpt>
      <trkpt lat="35.39435" lon="128.602589">
        <ele>43.3</ele>
      </trkpt>
      <trkpt lat="35.39429" lon="128.602679">
        <ele>42.9</ele>
      </trkpt>
      <trkpt lat="35.39421" lon="128.60287">
        <ele>45.4</ele>
      </trkpt>
      <trkpt lat="35.39416" lon="128.60296">
        <ele>46.0</ele>
      </trkpt>
      <trkpt lat="35.39395" lon="128.60324">
        <ele>46.7</ele>
      </trkpt>
      <trkpt lat="35.39389" lon="128.60331">
        <ele>45.9</ele>
      </trkpt>
      <trkpt lat="35.39368" lon="128.60346">
        <ele>40.0</ele>
      </trkpt>
      <trkpt lat="35.39361" lon="128.60353">
        <ele>38.6</ele>
      </trkpt>
      <trkpt lat="35.39358" lon="128.60363">
        <ele>40.5</ele>
      </trkpt>
      <trkpt lat="35.39354" lon="128.60399">
        <ele>50.8</ele>
      </trkpt>
      <trkpt lat="35.3935" lon="128.604109">
        <ele>52.2</ele>
      </trkpt>
      <trkpt lat="35.39344" lon="128.604199">
        <ele>51.3</ele>
      </trkpt>
      <trkpt lat="35.39322" lon="128.60434">
        <ele>45.8</ele>
      </trkpt>
      <trkpt lat="35.39313" lon="128.60442">
        <ele>45.7</ele>
      </trkpt>
      <trkpt lat="35.39308" lon="128.60453">
        <ele>48.2</ele>
      </trkpt>
      <trkpt lat="35.39304" lon="128.604649">
        <ele>51.4</ele>
      </trkpt>
      <trkpt lat="35.39296" lon="128.604728">
        <ele>50.8</ele>
      </trkpt>
      <trkpt lat="35.39277" lon="128.60476">
        <ele>43.0</ele>
      </trkpt>
      <trkpt lat="35.3927" lon="128.604807">
        <ele>41.3</ele>
      </trkpt>
      <trkpt lat="35.39262" lon="128.60493">
        <ele>41.1</ele>
      </trkpt>
      <trkpt lat="35.39252" lon="128.60507">
        <ele>41.3</ele>
      </trkpt>
      <trkpt lat="35.39238" lon="128.6052">
        <ele>40.7</ele>
      </trkpt>
      <trkpt lat="35.39199" lon="128.60543">
        <ele>32.0</ele>
      </trkpt>
      <trkpt lat="35.39193" lon="128.60549">
        <ele>31.4</ele>
      </trkpt>
      <trkpt lat="35.3919" lon="128.60558">
        <ele>33.2</ele>
      </trkpt>
      <trkpt lat="35.39186" lon="128.60578">
        <ele>38.5</ele>
      </trkpt>
      <trkpt lat="35.39181" lon="128.605888">
        <ele>40.1</ele>
      </trkpt>
      <trkpt lat="35.39175" lon="128.60597">
        <ele>40.2</ele>
      </trkpt>
      <trkpt lat="35.39155" lon="128.60606">
        <ele>34.9</ele>
      </trkpt>
      <trkpt lat="35.39131" lon="128.60622">
        <ele>31.6</ele>
      </trkpt>
      <trkpt lat="35.39122" lon="128.60632">
        <ele>31.4</ele>
      </trkpt>
      <trkpt lat="35.39112" lon="128.60646">
        <ele>31.8</ele>
      </trkpt>
      <trkpt lat="35.39092" lon="128.606777">
        <ele>33.0</ele>
      </trkpt>
      <trkpt lat="35.39076" lon="128.606968">
        <ele>32.8</ele>
      </trkpt>
      <trkpt lat="35.39065" lon="128.607058">
        <ele>32.0</ele>
      </trkpt>
      <trkpt lat="35.39042" lon="128.6072">
        <ele>28.0</ele>
      </trkpt>
      <trkpt lat="35.39036" lon="128.60728">
        <ele>27.9</ele>
      </trkpt>
      <trkpt lat="35.39028" lon="128.6074">
        <ele>27.9</ele>
      </trkpt>
      <trkpt lat="35.39024" lon="128.60753">
        <ele>29.2</ele>
      </trkpt>
      <trkpt lat="35.39022" lon="128.60767">
        <ele>30.2</ele>
      </trkpt>
      <trkpt lat="35.39016" lon="128.60776">
        <ele>28.7</ele>
      </trkpt>
      <trkpt lat="35.39" lon="128.60793">
        <ele>23.1</ele>
      </trkpt>
      <trkpt lat="35.38997" lon="128.60802">
        <ele>23.2</ele>
      </trkpt>
      <trkpt lat="35.38998" lon="128.608139">
        <ele>24.6</ele>
      </trkpt>
      <trkpt lat="35.39005" lon="128.60829">
        <ele>29.3</ele>
      </trkpt>
      <trkpt lat="35.39008" lon="128.60846">
        <ele>31.3</ele>
      </trkpt>
      <trkpt lat="35.39005" lon="128.60861">
        <ele>29.8</ele>
      </trkpt>
      <trkpt lat="35.38998" lon="128.60879">
        <ele>27.0</ele>
      </trkpt>
      <trkpt lat="35.38993" lon="128.60896">
        <ele>26.0</ele>
      </trkpt>
      <trkpt lat="35.38992" lon="128.60915">
        <ele>26.1</ele>
      </trkpt>
      <trkpt lat="35.3899" lon="128.60933">
        <ele>25.0</ele>
      </trkpt>
      <trkpt lat="35.38979" lon="128.609659">
        <ele>21.6</ele>
      </trkpt>
      <trkpt lat="35.38965" lon="128.60999">
        <ele>18.6</ele>
      </trkpt>
      <trkpt lat="35.38929" lon="128.61048">
        <ele>14.7</ele>
      </trkpt>
      <trkpt lat="35.3891" lon="128.61074">
        <ele>13.2</ele>
      </trkpt>
      <trkpt lat="35.38905" lon="128.6108">
        <ele>13.0</ele>
      </trkpt>
      <trkpt lat="35.38893" lon="128.61101">
        <ele>14.2</ele>
      </trkpt>
      <trkpt lat="35.38885" lon="128.61119">
        <ele>15.3</ele>
      </trkpt>
      <trkpt lat="35.38864" lon="128.6117">
        <ele>17.5</ele>
      </trkpt>
      <trkpt lat="35.38854" lon="128.61186">
        <ele>18.9</ele>
      </trkpt>
      <trkpt lat="35.38844" lon="128.611978">
        <ele>19.3</ele>
      </trkpt>
      <trkpt lat="35.38819" lon="128.61227">
        <ele>19.9</ele>
      </trkpt>
      <trkpt lat="35.38797" lon="128.61248">
        <ele>18.8</ele>
      </trkpt>
      <trkpt lat="35.38789" lon="128.61258">
        <ele>19.0</ele>
      </trkpt>
      <trkpt lat="35.38776" lon="128.6128">
        <ele>20.2</ele>
      </trkpt>
      <trkpt lat="35.38764" lon="128.612968">
        <ele>20.5</ele>
      </trkpt>
      <trkpt lat="35.3875" lon="128.61309">
        <ele>19.2</ele>
      </trkpt>
      <trkpt lat="35.38731" lon="128.61322">
        <ele>19.0</ele>
      </trkpt>
      <trkpt lat="35.38731" lon="128.61322">
        <ele>19.0</ele>
      </trkpt>
      <trkpt lat="35.38705" lon="128.61337">
        <ele>18.2</ele>
      </trkpt>
      <trkpt lat="35.38648" lon="128.6139">
        <ele>23.9</ele>
      </trkpt>
      <trkpt lat="35.38632" lon="128.614038">
        <ele>24.4</ele>
      </trkpt>
      <trkpt lat="35.3862" lon="128.6141">
        <ele>23.5</ele>
      </trkpt>
      <trkpt lat="35.38589" lon="128.61416">
        <ele>19.0</ele>
      </trkpt>
      <trkpt lat="35.38565" lon="128.61429">
        <ele>19.8</ele>
      </trkpt>
      <trkpt lat="35.38549" lon="128.614409">
        <ele>20.8</ele>
      </trkpt>
      <trkpt lat="35.3853" lon="128.6146">
        <ele>21.7</ele>
      </trkpt>
      <trkpt lat="35.38498" lon="128.614848">
        <ele>18.9</ele>
      </trkpt>
      <trkpt lat="35.38483" lon="128.61499">
        <ele>17.8</ele>
      </trkpt>
      <trkpt lat="35.38468" lon="128.61516">
        <ele>17.0</ele>
      </trkpt>
      <trkpt lat="35.38457" lon="128.61531">
        <ele>16.2</ele>
      </trkpt>
      <trkpt lat="35.38444" lon="128.61554">
        <ele>15.2</ele>
      </trkpt>
      <trkpt lat="35.38446" lon="128.6156">
        <ele>16.2</ele>
      </trkpt>
      <trkpt lat="35.38446" lon="128.61568">
        <ele>16.8</ele>
      </trkpt>
      <trkpt lat="35.3844" lon="128.61581">
        <ele>16.3</ele>
      </trkpt>
      <trkpt lat="35.38432" lon="128.61608">
        <ele>14.2</ele>
      </trkpt>
      <trkpt lat="35.3841" lon="128.61669">
        <ele>11.4</ele>
      </trkpt>
      <trkpt lat="35.38397" lon="128.616999">
        <ele>9.9</ele>
      </trkpt>
      <trkpt lat="35.38374" lon="128.617539">
        <ele>8.5</ele>
      </trkpt>
      <trkpt lat="35.38351" lon="128.618068">
        <ele>8.7</ele>
      </trkpt>
      <trkpt lat="35.38311" lon="128.61898">
        <ele>9.2</ele>
      </trkpt>
      <trkpt lat="35.38271" lon="128.61989">
        <ele>8.9</ele>
      </trkpt>
      <trkpt lat="35.38259" lon="128.62011">
        <ele>9.1</ele>
      </trkpt>
      <trkpt lat="35.38253" lon="128.62028">
        <ele>9.3</ele>
      </trkpt>
      <trkpt lat="35.38227" lon="128.62088">
        <ele>9.5</ele>
      </trkpt>
      <trkpt lat="35.38195" lon="128.62142">
        <ele>9.1</ele>
      </trkpt>
      <trkpt lat="35.38164" lon="128.62198">
        <ele>9.4</ele>
      </trkpt>
      <trkpt lat="35.38157" lon="128.62212">
        <ele>9.4</ele>
      </trkpt>
      <trkpt lat="35.38143" lon="128.62247">
        <ele>9.4</ele>
      </trkpt>
      <trkpt lat="35.3814" lon="128.62252">
        <ele>9.4</ele>
      </trkpt>
      <trkpt lat="35.38136" lon="128.62257">
        <ele>9.3</ele>
      </trkpt>
      <trkpt lat="35.38124" lon="128.62261">
        <ele>9.0</ele>
      </trkpt>
      <trkpt lat="35.38094" lon="128.62332">
        <ele>8.3</ele>
      </trkpt>
      <trkpt lat="35.38064" lon="128.62402">
        <ele>8.8</ele>
      </trkpt>
      <trkpt lat="35.38038" lon="128.62453">
        <ele>10.0</ele>
      </trkpt>
      <trkpt lat="35.38012" lon="128.62504">
        <ele>9.9</ele>
      </trkpt>
      <trkpt lat="35.37988" lon="128.625498">
        <ele>14.2</ele>
      </trkpt>
      <trkpt lat="35.37957" lon="128.626">
        <ele>17.2</ele>
      </trkpt>
      <trkpt lat="35.37917" lon="128.62656">
        <ele>18.3</ele>
      </trkpt>
      <trkpt lat="35.37871" lon="128.627198">
        <ele>22.4</ele>
      </trkpt>
      <trkpt lat="35.37838" lon="128.62781">
        <ele>17.0</ele>
      </trkpt>
      <trkpt lat="35.37822" lon="128.62824">
        <ele>15.0</ele>
      </trkpt>
      <trkpt lat="35.37816" lon="128.62861">
        <ele>14.6</ele>
      </trkpt>
      <trkpt lat="35.37816" lon="128.62886">
        <ele>14.6</ele>
      </trkpt>
      <trkpt lat="35.3782" lon="128.62906">
        <ele>15.2</ele>
      </trkpt>
      <trkpt lat="35.37848" lon="128.63003">
        <ele>15.8</ele>
      </trkpt>
      <trkpt lat="35.37876" lon="128.631">
        <ele>12.1</ele>
      </trkpt>
      <trkpt lat="35.37882" lon="128.63128">
        <ele>11.6</ele>
      </trkpt>
      <trkpt lat="35.37882" lon="128.63128">
        <ele>11.6</ele>
      </trkpt>
      <trkpt lat="35.37884" lon="128.63136">
        <ele>11.4</ele>
      </trkpt>
      <trkpt lat="35.37884" lon="128.63154">
        <ele>10.8</ele>
      </trkpt>
      <trkpt lat="35.37881" lon="128.63174">
        <ele>10.5</ele>
      </trkpt>
      <trkpt lat="35.37876" lon="128.63193">
        <ele>10.6</ele>
      </trkpt>
      <trkpt lat="35.37861" lon="128.63227">
        <ele>11.2</ele>
      </trkpt>
      <trkpt lat="35.37846" lon="128.632669">
        <ele>11.7</ele>
      </trkpt>
      <trkpt lat="35.37839" lon="128.63297">
        <ele>11.9</ele>
      </trkpt>
      <trkpt lat="35.37835" lon="128.63322">
        <ele>12.0</ele>
      </trkpt>
      <trkpt lat="35.37827" lon="128.6339">
        <ele>11.9</ele>
      </trkpt>
      <trkpt lat="35.37819" lon="128.63458">
        <ele>12.2</ele>
      </trkpt>
      <trkpt lat="35.37818" lon="128.634819">
        <ele>12.5</ele>
      </trkpt>
      <trkpt lat="35.37819" lon="128.63547">
        <ele>11.2</ele>
      </trkpt>
      <trkpt lat="35.37821" lon="128.63612">
        <ele>10.4</ele>
      </trkpt>
      <trkpt lat="35.37821" lon="128.63691">
        <ele>11.4</ele>
      </trkpt>
      <trkpt lat="35.37821" lon="128.637689">
        <ele>11.8</ele>
      </trkpt>
      <trkpt lat="35.37821" lon="128.63847">
        <ele>10.9</ele>
      </trkpt>
      <trkpt lat="35.37825" lon="128.63949">
        <ele>10.4</ele>
      </trkpt>
      <trkpt lat="35.37827" lon="128.6403">
        <ele>10.7</ele>
      </trkpt>
      <trkpt lat="35.37829" lon="128.64111">
        <ele>10.3</ele>
      </trkpt>
      <trkpt lat="35.3783" lon="128.64193">
        <ele>11.3</ele>
      </trkpt>
      <trkpt lat="35.37833" lon="128.642068">
        <ele>11.5</ele>
      </trkpt>
      <trkpt lat="35.3784" lon="128.64219">
        <ele>11.6</ele>
      </trkpt>
      <trkpt lat="35.37849" lon="128.64228">
        <ele>11.6</ele>
      </trkpt>
      <trkpt lat="35.37892" lon="128.64276">
        <ele>11.1</ele>
      </trkpt>
      <trkpt lat="35.379" lon="128.64284">
        <ele>10.9</ele>
      </trkpt>
      <trkpt lat="35.37905" lon="128.64291">
        <ele>10.7</ele>
      </trkpt>
      <trkpt lat="35.37936" lon="128.64291">
        <ele>10.7</ele>
      </trkpt>
      <trkpt lat="35.379363" lon="128.64291">
        <ele>10.7</ele>
      </trkpt>
      <trkpt lat="35.37947" lon="128.64291">
        <ele>10.9</ele>
      </trkpt>
      <trkpt lat="35.379608" lon="128.642899">
        <ele>11.1</ele>
      </trkpt>
      <trkpt lat="35.38036" lon="128.64284">
        <ele>11.6</ele>
      </trkpt>
      <trkpt lat="35.38092" lon="128.64283">
        <ele>11.4</ele>
      </trkpt>
      <trkpt lat="35.38149" lon="128.64282">
        <ele>10.0</ele>
      </trkpt>
      <trkpt lat="35.38171" lon="128.642789">
        <ele>9.6</ele>
      </trkpt>
      <trkpt lat="35.38196" lon="128.64271">
        <ele>9.5</ele>
      </trkpt>
      <trkpt lat="35.38198" lon="128.64366">
        <ele>9.0</ele>
      </trkpt>
      <trkpt lat="35.382" lon="128.64462">
        <ele>9.0</ele>
      </trkpt>
      <trkpt lat="35.38202" lon="128.64558">
        <ele>8.7</ele>
      </trkpt>
      <trkpt lat="35.38204" lon="128.64653">
        <ele>8.1</ele>
      </trkpt>
      <trkpt lat="35.38206" lon="128.64749">
        <ele>8.0</ele>
      </trkpt>
      <trkpt lat="35.38208" lon="128.64844">
        <ele>8.0</ele>
      </trkpt>
      <trkpt lat="35.38208" lon="128.64919">
        <ele>8.1</ele>
      </trkpt>
      <trkpt lat="35.38208" lon="128.649937">
        <ele>9.1</ele>
      </trkpt>
      <trkpt lat="35.38207" lon="128.650928">
        <ele>10.4</ele>
      </trkpt>
      <trkpt lat="35.38205" lon="128.651907">
        <ele>11.8</ele>
      </trkpt>
      <trkpt lat="35.38203" lon="128.652898">
        <ele>13.2</ele>
      </trkpt>
      <trkpt lat="35.38202" lon="128.65369">
        <ele>14.3</ele>
      </trkpt>
      <trkpt lat="35.38204" lon="128.65423">
        <ele>15.9</ele>
      </trkpt>
      <trkpt lat="35.38207" lon="128.654508">
        <ele>14.4</ele>
      </trkpt>
      <trkpt lat="35.3821" lon="128.65466">
        <ele>13.6</ele>
      </trkpt>
      <trkpt lat="35.38219" lon="128.65499">
        <ele>11.6</ele>
      </trkpt>
      <trkpt lat="35.38229" lon="128.655228">
        <ele>11.1</ele>
      </trkpt>
      <trkpt lat="35.38262" lon="128.65579">
        <ele>9.4</ele>
      </trkpt>
      <trkpt lat="35.38275" lon="128.65607">
        <ele>8.9</ele>
      </trkpt>
      <trkpt lat="35.38283" lon="128.656309">
        <ele>8.6</ele>
      </trkpt>
      <trkpt lat="35.38283" lon="128.65724">
        <ele>8.0</ele>
      </trkpt>
      <trkpt lat="35.38283" lon="128.658177">
        <ele>8.6</ele>
      </trkpt>
      <trkpt lat="35.38284" lon="128.65911">
        <ele>9.7</ele>
      </trkpt>
      <trkpt lat="35.38284" lon="128.66004">
        <ele>9.5</ele>
      </trkpt>
      <trkpt lat="35.38285" lon="128.66098">
        <ele>10.3</ele>
      </trkpt>
      <trkpt lat="35.38285" lon="128.66191">
        <ele>7.0</ele>
      </trkpt>
      <trkpt lat="35.38286" lon="128.662849">
        <ele>7.7</ele>
      </trkpt>
      <trkpt lat="35.38286" lon="128.66378">
        <ele>8.0</ele>
      </trkpt>
      <trkpt lat="35.38286" lon="128.664819">
        <ele>8.0</ele>
      </trkpt>
      <trkpt lat="35.38286" lon="128.66587">
        <ele>7.7</ele>
      </trkpt>
      <trkpt lat="35.38287" lon="128.66691">
        <ele>8.6</ele>
      </trkpt>
      <trkpt lat="35.38287" lon="128.667949">
        <ele>10.4</ele>
      </trkpt>
      <trkpt lat="35.38287" lon="128.66899">
        <ele>10.6</ele>
      </trkpt>
      <trkpt lat="35.38289" lon="128.66978">
        <ele>10.9</ele>
      </trkpt>
      <trkpt lat="35.3829" lon="128.67057">
        <ele>9.9</ele>
      </trkpt>
      <trkpt lat="35.38293" lon="128.670729">
        <ele>9.8</ele>
      </trkpt>
      <trkpt lat="35.383" lon="128.67084">
        <ele>10.0</ele>
      </trkpt>
      <trkpt lat="35.38347" lon="128.67141">
        <ele>11.8</ele>
      </trkpt>
      <trkpt lat="35.38394" lon="128.671979">
        <ele>16.4</ele>
      </trkpt>
      <trkpt lat="35.38429" lon="128.67246">
        <ele>15.0</ele>
      </trkpt>
      <trkpt lat="35.38463" lon="128.67294">
        <ele>11.0</ele>
      </trkpt>
      <trkpt lat="35.3847" lon="128.67307">
        <ele>9.9</ele>
      </trkpt>
      <trkpt lat="35.38515" lon="128.673138">
        <ele>8.1</ele>
      </trkpt>
      <trkpt lat="35.38563" lon="128.67352">
        <ele>6.4</ele>
      </trkpt>
      <trkpt lat="35.38604" lon="128.67408">
        <ele>6.1</ele>
      </trkpt>
      <trkpt lat="35.38616" lon="128.67425">
        <ele>6.1</ele>
      </trkpt>
      <trkpt lat="35.38661" lon="128.67496">
        <ele>5.9</ele>
      </trkpt>
      <trkpt lat="35.38707" lon="128.67566">
        <ele>5.6</ele>
      </trkpt>
      <trkpt lat="35.38752" lon="128.676358">
        <ele>5.0</ele>
      </trkpt>
      <trkpt lat="35.38798" lon="128.67706">
        <ele>5.8</ele>
      </trkpt>
      <trkpt lat="35.38848" lon="128.67781">
        <ele>6.2</ele>
      </trkpt>
      <trkpt lat="35.38898" lon="128.67856">
        <ele>7.3</ele>
      </trkpt>
      <trkpt lat="35.38948" lon="128.679307">
        <ele>5.7</ele>
      </trkpt>
      <trkpt lat="35.38986" lon="128.67979">
        <ele>5.8</ele>
      </trkpt>
      <trkpt lat="35.39025" lon="128.68026">
        <ele>6.4</ele>
      </trkpt>
      <trkpt lat="35.39041" lon="128.68044">
        <ele>6.8</ele>
      </trkpt>
      <trkpt lat="35.39093" lon="128.680827">
        <ele>7.9</ele>
      </trkpt>
      <trkpt lat="35.39145" lon="128.68122">
        <ele>7.4</ele>
      </trkpt>
      <trkpt lat="35.39164" lon="128.681379">
        <ele>7.1</ele>
      </trkpt>
      <trkpt lat="35.39186" lon="128.68169">
        <ele>6.8</ele>
      </trkpt>
      <trkpt lat="35.39198" lon="128.68196">
        <ele>6.6</ele>
      </trkpt>
      <trkpt lat="35.39213" lon="128.68268">
        <ele>6.2</ele>
      </trkpt>
      <trkpt lat="35.39207" lon="128.68293">
        <ele>7.3</ele>
      </trkpt>
      <trkpt lat="35.39192" lon="128.68318">
        <ele>8.4</ele>
      </trkpt>
      <trkpt lat="35.39177" lon="128.683247">
        <ele>8.7</ele>
      </trkpt>
      <trkpt lat="35.39163" lon="128.68329">
        <ele>8.8</ele>
      </trkpt>
      <trkpt lat="35.39116" lon="128.683349">
        <ele>9.1</ele>
      </trkpt>
      <trkpt lat="35.39103" lon="128.68338">
        <ele>9.4</ele>
      </trkpt>
      <trkpt lat="35.39079" lon="128.683517">
        <ele>10.6</ele>
      </trkpt>
      <trkpt lat="35.39057" lon="128.68381">
        <ele>11.3</ele>
      </trkpt>
      <trkpt lat="35.39048" lon="128.683968">
        <ele>11.6</ele>
      </trkpt>
      <trkpt lat="35.39025" lon="128.684429">
        <ele>12.6</ele>
      </trkpt>
      <trkpt lat="35.39019" lon="128.68455">
        <ele>12.9</ele>
      </trkpt>
      <trkpt lat="35.38954" lon="128.68509">
        <ele>14.7</ele>
      </trkpt>
      <trkpt lat="35.38917" lon="128.68543">
        <ele>22.0</ele>
      </trkpt>
      <trkpt lat="35.38904" lon="128.685499">
        <ele>22.7</ele>
      </trkpt>
      <trkpt lat="35.38886" lon="128.685487">
        <ele>20.4</ele>
      </trkpt>
      <trkpt lat="35.38859" lon="128.68539">
        <ele>15.5</ele>
      </trkpt>
      <trkpt lat="35.38815" lon="128.6852">
        <ele>12.2</ele>
      </trkpt>
      <trkpt lat="35.38772" lon="128.685">
        <ele>12.4</ele>
      </trkpt>
      <trkpt lat="35.38736" lon="128.684778">
        <ele>12.6</ele>
      </trkpt>
      <trkpt lat="35.38701" lon="128.68471">
        <ele>12.9</ele>
      </trkpt>
      <trkpt lat="35.38676" lon="128.684767">
        <ele>14.4</ele>
      </trkpt>
      <trkpt lat="35.38626" lon="128.685048">
        <ele>16.0</ele>
      </trkpt>
      <trkpt lat="35.38609" lon="128.685138">
        <ele>16.9</ele>
      </trkpt>
      <trkpt lat="35.38573" lon="128.68543">
        <ele>20.1</ele>
      </trkpt>
      <trkpt lat="35.38532" lon="128.68599">
        <ele>23.0</ele>
      </trkpt>
      <trkpt lat="35.3849" lon="128.68654">
        <ele>21.9</ele>
      </trkpt>
      <trkpt lat="35.38454" lon="128.68724">
        <ele>33.9</ele>
      </trkpt>
      <trkpt lat="35.38429" lon="128.68808">
        <ele>36.3</ele>
      </trkpt>
      <trkpt lat="35.38411" lon="128.6886">
        <ele>31.5</ele>
      </trkpt>
      <trkpt lat="35.38401" lon="128.688718">
        <ele>31.3</ele>
      </trkpt>
      <trkpt lat="35.38368" lon="128.68891">
        <ele>31.7</ele>
      </trkpt>
      <trkpt lat="35.3836" lon="128.689">
        <ele>31.3</ele>
      </trkpt>
      <trkpt lat="35.38344" lon="128.68927">
        <ele>29.2</ele>
      </trkpt>
      <trkpt lat="35.38321" lon="128.68986">
        <ele>23.5</ele>
      </trkpt>
      <trkpt lat="35.38298" lon="128.69044">
        <ele>18.5</ele>
      </trkpt>
      <trkpt lat="35.38278" lon="128.69115">
        <ele>11.6</ele>
      </trkpt>
      <trkpt lat="35.3826" lon="128.69147">
        <ele>9.5</ele>
      </trkpt>
      <trkpt lat="35.38229" lon="128.69184">
        <ele>7.6</ele>
      </trkpt>
      <trkpt lat="35.38225" lon="128.69182">
        <ele>7.7</ele>
      </trkpt>
      <trkpt lat="35.382" lon="128.6918">
        <ele>8.0</ele>
      </trkpt>
      <trkpt lat="35.38166" lon="128.691949">
        <ele>7.7</ele>
      </trkpt>
      <trkpt lat="35.38122" lon="128.692208">
        <ele>9.0</ele>
      </trkpt>
      <trkpt lat="35.38103" lon="128.692399">
        <ele>9.8</ele>
      </trkpt>
      <trkpt lat="35.38066" lon="128.693097">
        <ele>10.6</ele>
      </trkpt>
      <trkpt lat="35.38039" lon="128.69376">
        <ele>9.4</ele>
      </trkpt>
      <trkpt lat="35.38036" lon="128.69398">
        <ele>8.3</ele>
      </trkpt>
      <trkpt lat="35.3804" lon="128.694797">
        <ele>9.5</ele>
      </trkpt>
      <trkpt lat="35.3804" lon="128.69506">
        <ele>10.4</ele>
      </trkpt>
      <trkpt lat="35.38035" lon="128.6954">
        <ele>12.2</ele>
      </trkpt>
      <trkpt lat="35.38016" lon="128.69612">
        <ele>16.3</ele>
      </trkpt>
      <trkpt lat="35.38013" lon="128.69628">
        <ele>16.1</ele>
      </trkpt>
      <trkpt lat="35.38012" lon="128.69653">
        <ele>15.2</ele>
      </trkpt>
      <trkpt lat="35.38017" lon="128.69737">
        <ele>14.2</ele>
      </trkpt>
      <trkpt lat="35.38009" lon="128.697668">
        <ele>13.3</ele>
      </trkpt>
      <trkpt lat="35.38003" lon="128.69784">
        <ele>12.4</ele>
      </trkpt>
      <trkpt lat="35.37999" lon="128.697949">
        <ele>11.9</ele>
      </trkpt>
      <trkpt lat="35.37991" lon="128.698118">
        <ele>11.6</ele>
      </trkpt>
      <trkpt lat="35.37975" lon="128.69855">
        <ele>10.7</ele>
      </trkpt>
      <trkpt lat="35.37968" lon="128.69878">
        <ele>10.2</ele>
      </trkpt>
      <trkpt lat="35.37963" lon="128.69898">
        <ele>9.6</ele>
      </trkpt>
      <trkpt lat="35.37963" lon="128.69999">
        <ele>8.0</ele>
      </trkpt>
      <trkpt lat="35.3796" lon="128.70043">
        <ele>7.8</ele>
      </trkpt>
      <trkpt lat="35.37953" lon="128.70061">
        <ele>8.2</ele>
      </trkpt>
      <trkpt lat="35.37936" lon="128.70096">
        <ele>8.6</ele>
      </trkpt>
      <trkpt lat="35.37917" lon="128.701157">
        <ele>8.6</ele>
      </trkpt>
      <trkpt lat="35.37881" lon="128.70151">
        <ele>7.9</ele>
      </trkpt>
      <trkpt lat="35.37829" lon="128.70192">
        <ele>8.3</ele>
      </trkpt>
      <trkpt lat="35.37815" lon="128.70209">
        <ele>8.2</ele>
      </trkpt>
      <trkpt lat="35.37806" lon="128.702238">
        <ele>7.9</ele>
      </trkpt>
      <trkpt lat="35.37787" lon="128.702508">
        <ele>7.1</ele>
      </trkpt>
      <trkpt lat="35.37774" lon="128.7028">
        <ele>7.6</ele>
      </trkpt>
      <trkpt lat="35.37762" lon="128.70315">
        <ele>8.3</ele>
      </trkpt>
      <trkpt lat="35.37758" lon="128.70338">
        <ele>8.8</ele>
      </trkpt>
      <trkpt lat="35.37758" lon="128.70364">
        <ele>10.0</ele>
      </trkpt>
      <trkpt lat="35.37762" lon="128.704039">
        <ele>11.6</ele>
      </trkpt>
      <trkpt lat="35.37766" lon="128.70432">
        <ele>12.2</ele>
      </trkpt>
      <trkpt lat="35.37771" lon="128.70449">
        <ele>12.2</ele>
      </trkpt>
      <trkpt lat="35.37771" lon="128.7047">
        <ele>12.6</ele>
      </trkpt>
      <trkpt lat="35.37765" lon="128.704917">
        <ele>13.6</ele>
      </trkpt>
      <trkpt lat="35.37759" lon="128.705097">
        <ele>14.2</ele>
      </trkpt>
      <trkpt lat="35.37745" lon="128.70525">
        <ele>15.1</ele>
      </trkpt>
      <trkpt lat="35.37689" lon="128.70578">
        <ele>18.5</ele>
      </trkpt>
      <trkpt lat="35.37657" lon="128.70603">
        <ele>20.7</ele>
      </trkpt>
      <trkpt lat="35.37648" lon="128.70605">
        <ele>20.3</ele>
      </trkpt>
      <trkpt lat="35.3761" lon="128.70604">
        <ele>18.4</ele>
      </trkpt>
      <trkpt lat="35.37587" lon="128.70597">
        <ele>16.8</ele>
      </trkpt>
      <trkpt lat="35.37547" lon="128.70586">
        <ele>14.8</ele>
      </trkpt>
      <trkpt lat="35.37501" lon="128.705728">
        <ele>13.7</ele>
      </trkpt>
      <trkpt lat="35.37456" lon="128.70559">
        <ele>13.5</ele>
      </trkpt>
      <trkpt lat="35.37455" lon="128.705548">
        <ele>13.6</ele>
      </trkpt>
      <trkpt lat="35.37452" lon="128.70551">
        <ele>13.7</ele>
      </trkpt>
      <trkpt lat="35.37449" lon="128.70548">
        <ele>13.7</ele>
      </trkpt>
      <trkpt lat="35.37445" lon="128.705469">
        <ele>13.7</ele>
      </trkpt>
      <trkpt lat="35.37441" lon="128.70548">
        <ele>13.5</ele>
      </trkpt>
      <trkpt lat="35.37438" lon="128.7055">
        <ele>13.4</ele>
      </trkpt>
      <trkpt lat="35.37435" lon="128.70554">
        <ele>13.2</ele>
      </trkpt>
      <trkpt lat="35.37434" lon="128.70558">
        <ele>13.0</ele>
      </trkpt>
      <trkpt lat="35.37433" lon="128.70563">
        <ele>12.8</ele>
      </trkpt>
      <trkpt lat="35.37435" lon="128.70567">
        <ele>12.7</ele>
      </trkpt>
      <trkpt lat="35.37437" lon="128.70571">
        <ele>12.6</ele>
      </trkpt>
      <trkpt lat="35.3744" lon="128.705739">
        <ele>12.6</ele>
      </trkpt>
      <trkpt lat="35.3744" lon="128.7059">
        <ele>12.3</ele>
      </trkpt>
      <trkpt lat="35.37458" lon="128.706628">
        <ele>12.0</ele>
      </trkpt>
      <trkpt lat="35.37471" lon="128.70719">
        <ele>11.6</ele>
      </trkpt>
      <trkpt lat="35.37483" lon="128.70775">
        <ele>11.4</ele>
      </trkpt>
      <trkpt lat="35.37486" lon="128.70791">
        <ele>11.6</ele>
      </trkpt>
      <trkpt lat="35.37486" lon="128.708058">
        <ele>11.7</ele>
      </trkpt>
      <trkpt lat="35.37484" lon="128.70822">
        <ele>11.9</ele>
      </trkpt>
      <trkpt lat="35.37469" lon="128.70885">
        <ele>11.8</ele>
      </trkpt>
      <trkpt lat="35.37464" lon="128.70912">
        <ele>11.6</ele>
      </trkpt>
      <trkpt lat="35.37463" lon="128.7093">
        <ele>11.6</ele>
      </trkpt>
      <trkpt lat="35.37465" lon="128.709578">
        <ele>11.6</ele>
      </trkpt>
      <trkpt lat="35.37469" lon="128.709859">
        <ele>11.6</ele>
      </trkpt>
      <trkpt lat="35.37474" lon="128.71006">
        <ele>11.6</ele>
      </trkpt>
      <trkpt lat="35.37484" lon="128.71041">
        <ele>11.4</ele>
      </trkpt>
      <trkpt lat="35.3747" lon="128.71045">
        <ele>11.3</ele>
      </trkpt>
      <trkpt lat="35.37449" lon="128.71071">
        <ele>11.1</ele>
      </trkpt>
      <trkpt lat="35.37441" lon="128.71109">
        <ele>10.9</ele>
      </trkpt>
      <trkpt lat="35.37433" lon="128.711559">
        <ele>10.8</ele>
      </trkpt>
      <trkpt lat="35.37413" lon="128.712617">
        <ele>9.1</ele>
      </trkpt>
      <trkpt lat="35.37393" lon="128.71369">
        <ele>9.9</ele>
      </trkpt>
      <trkpt lat="35.37374" lon="128.71476">
        <ele>11.2</ele>
      </trkpt>
      <trkpt lat="35.37331" lon="128.71472">
        <ele>10.7</ele>
      </trkpt>
      <trkpt lat="35.37301" lon="128.71466">
        <ele>11.1</ele>
      </trkpt>
      <trkpt lat="35.3722" lon="128.71447">
        <ele>11.1</ele>
      </trkpt>
      <trkpt lat="35.371868" lon="128.714441">
        <ele>11.0</ele>
      </trkpt>
      <trkpt lat="35.371741" lon="128.714752">
        <ele>12.1</ele>
      </trkpt>
      <trkpt lat="35.371741" lon="128.714752">
        <ele>12.1</ele>
      </trkpt>
      <trkpt lat="35.371436" lon="128.716141">
        <ele>11.8</ele>
      </trkpt>
      <trkpt lat="35.371361" lon="128.716478">
        <ele>12.8</ele>
      </trkpt>
      <trkpt lat="35.370935" lon="128.716822">
        <ele>13.0</ele>
      </trkpt>
      <trkpt lat="35.37113" lon="128.717532">
        <ele>9.4</ele>
      </trkpt>
      <trkpt lat="35.371" lon="128.71811">
        <ele>9.5</ele>
      </trkpt>
      <trkpt lat="35.37084" lon="128.71882">
        <ele>10.0</ele>
      </trkpt>
      <trkpt lat="35.37068" lon="128.719529">
        <ele>9.8</ele>
      </trkpt>
      <trkpt lat="35.37053" lon="128.72">
        <ele>10.0</ele>
      </trkpt>
      <trkpt lat="35.3704" lon="128.72036">
        <ele>10.2</ele>
      </trkpt>
      <trkpt lat="35.37022" lon="128.720767">
        <ele>10.7</ele>
      </trkpt>
      <trkpt lat="35.37004" lon="128.721128">
        <ele>10.9</ele>
      </trkpt>
      <trkpt lat="35.3698" lon="128.72157">
        <ele>10.9</ele>
      </trkpt>
      <trkpt lat="35.3693" lon="128.72237">
        <ele>10.9</ele>
      </trkpt>
      <trkpt lat="35.36881" lon="128.72317">
        <ele>10.5</ele>
      </trkpt>
      <trkpt lat="35.36832" lon="128.72397">
        <ele>10.2</ele>
      </trkpt>
      <trkpt lat="35.36779" lon="128.72484">
        <ele>9.8</ele>
      </trkpt>
      <trkpt lat="35.36726" lon="128.725709">
        <ele>9.1</ele>
      </trkpt>
      <trkpt lat="35.36673" lon="128.72658">
        <ele>9.8</ele>
      </trkpt>
      <trkpt lat="35.36619" lon="128.72745">
        <ele>10.9</ele>
      </trkpt>
      <trkpt lat="35.36566" lon="128.72832">
        <ele>10.8</ele>
      </trkpt>
      <trkpt lat="35.36513" lon="128.729188">
        <ele>10.2</ele>
      </trkpt>
      <trkpt lat="35.36471" lon="128.72987">
        <ele>12.5</ele>
      </trkpt>
      <trkpt lat="35.36429" lon="128.73055">
        <ele>12.3</ele>
      </trkpt>
      <trkpt lat="35.36387" lon="128.73123">
        <ele>10.6</ele>
      </trkpt>
      <trkpt lat="35.36345" lon="128.73191">
        <ele>9.6</ele>
      </trkpt>
      <trkpt lat="35.36302" lon="128.73263">
        <ele>9.4</ele>
      </trkpt>
      <trkpt lat="35.36258" lon="128.73335">
        <ele>9.9</ele>
      </trkpt>
      <trkpt lat="35.36214" lon="128.73408">
        <ele>8.6</ele>
      </trkpt>
      <trkpt lat="35.3617" lon="128.7348">
        <ele>10.4</ele>
      </trkpt>
      <trkpt lat="35.36121" lon="128.73561">
        <ele>11.5</ele>
      </trkpt>
      <trkpt lat="35.36072" lon="128.73642">
        <ele>11.1</ele>
      </trkpt>
      <trkpt lat="35.36022" lon="128.73723">
        <ele>10.9</ele>
      </trkpt>
      <trkpt lat="35.35973" lon="128.73804">
        <ele>9.0</ele>
      </trkpt>
      <trkpt lat="35.35923" lon="128.73885">
        <ele>9.0</ele>
      </trkpt>
      <trkpt lat="35.35874" lon="128.739668">
        <ele>9.1</ele>
      </trkpt>
      <trkpt lat="35.35824" lon="128.740479">
        <ele>9.0</ele>
      </trkpt>
      <trkpt lat="35.35775" lon="128.741289">
        <ele>9.0</ele>
      </trkpt>
      <trkpt lat="35.35726" lon="128.7421">
        <ele>9.5</ele>
      </trkpt>
      <trkpt lat="35.35676" lon="128.74291">
        <ele>10.0</ele>
      </trkpt>
      <trkpt lat="35.35655" lon="128.743338">
        <ele>10.0</ele>
      </trkpt>
      <trkpt lat="35.35636" lon="128.7439">
        <ele>10.0</ele>
      </trkpt>
      <trkpt lat="35.35619" lon="128.744599">
        <ele>10.1</ele>
      </trkpt>
      <trkpt lat="35.35602" lon="128.745308">
        <ele>10.3</ele>
      </trkpt>
      <trkpt lat="35.35585" lon="128.746029">
        <ele>10.0</ele>
      </trkpt>
      <trkpt lat="35.35568" lon="128.746738">
        <ele>10.0</ele>
      </trkpt>
      <trkpt lat="35.35558" lon="128.747188">
        <ele>9.6</ele>
      </trkpt>
      <trkpt lat="35.35551" lon="128.74757">
        <ele>9.2</ele>
      </trkpt>
      <trkpt lat="35.35544" lon="128.74804">
        <ele>9.3</ele>
      </trkpt>
      <trkpt lat="35.35541" lon="128.74831">
        <ele>9.5</ele>
      </trkpt>
      <trkpt lat="35.35536" lon="128.74927">
        <ele>11.1</ele>
      </trkpt>
      <trkpt lat="35.35529" lon="128.75026">
        <ele>10.9</ele>
      </trkpt>
      <trkpt lat="35.35529" lon="128.75026">
        <ele>10.9</ele>
      </trkpt>
      <trkpt lat="35.35523" lon="128.751027">
        <ele>10.6</ele>
      </trkpt>
      <trkpt lat="35.35517" lon="128.7518">
        <ele>10.2</ele>
      </trkpt>
      <trkpt lat="35.35512" lon="128.75258">
        <ele>10.9</ele>
      </trkpt>
      <trkpt lat="35.35503" lon="128.753548">
        <ele>10.0</ele>
      </trkpt>
      <trkpt lat="35.35495" lon="128.754528">
        <ele>9.5</ele>
      </trkpt>
      <trkpt lat="35.35486" lon="128.755507">
        <ele>7.9</ele>
      </trkpt>
      <trkpt lat="35.35478" lon="128.75648">
        <ele>7.3</ele>
      </trkpt>
      <trkpt lat="35.35469" lon="128.75746">
        <ele>8.0</ele>
      </trkpt>
      <trkpt lat="35.35461" lon="128.75844">
        <ele>7.6</ele>
      </trkpt>
      <trkpt lat="35.35452" lon="128.75941">
        <ele>7.5</ele>
      </trkpt>
      <trkpt lat="35.35444" lon="128.76039">
        <ele>7.9</ele>
      </trkpt>
      <trkpt lat="35.35425" lon="128.7606">
        <ele>9.5</ele>
      </trkpt>
      <trkpt lat="35.35399" lon="128.76091">
        <ele>10.4</ele>
      </trkpt>
      <trkpt lat="35.35368" lon="128.76138">
        <ele>10.6</ele>
      </trkpt>
      <trkpt lat="35.35338" lon="128.76185">
        <ele>10.4</ele>
      </trkpt>
      <trkpt lat="35.35302" lon="128.762419">
        <ele>10.2</ele>
      </trkpt>
      <trkpt lat="35.35266" lon="128.763">
        <ele>8.8</ele>
      </trkpt>
      <trkpt lat="35.35218" lon="128.763747">
        <ele>10.6</ele>
      </trkpt>
      <trkpt lat="35.35213" lon="128.763849">
        <ele>11.1</ele>
      </trkpt>
      <trkpt lat="35.35209" lon="128.76388">
        <ele>11.3</ele>
      </trkpt>
      <trkpt lat="35.35181" lon="128.763939">
        <ele>12.0</ele>
      </trkpt>
      <trkpt lat="35.35166" lon="128.76405">
        <ele>12.6</ele>
      </trkpt>
      <trkpt lat="35.35117" lon="128.76435">
        <ele>13.4</ele>
      </trkpt>
      <trkpt lat="35.35069" lon="128.76464">
        <ele>14.7</ele>
      </trkpt>
      <trkpt lat="35.35057" lon="128.764738">
        <ele>14.8</ele>
      </trkpt>
      <trkpt lat="35.35042" lon="128.76493">
        <ele>15.4</ele>
      </trkpt>
      <trkpt lat="35.3503" lon="128.76504">
        <ele>15.1</ele>
      </trkpt>
      <trkpt lat="35.35012" lon="128.7652">
        <ele>13.8</ele>
      </trkpt>
      <trkpt lat="35.35006" lon="128.76531">
        <ele>13.4</ele>
      </trkpt>
      <trkpt lat="35.35004" lon="128.765447">
        <ele>13.2</ele>
      </trkpt>
      <trkpt lat="35.35004" lon="128.76559">
        <ele>13.2</ele>
      </trkpt>
      <trkpt lat="35.35013" lon="128.765999">
        <ele>13.2</ele>
      </trkpt>
      <trkpt lat="35.35021" lon="128.76623">
        <ele>12.9</ele>
      </trkpt>
      <trkpt lat="35.35026" lon="128.76628">
        <ele>12.9</ele>
      </trkpt>
      <trkpt lat="35.35035" lon="128.76633">
        <ele>12.9</ele>
      </trkpt>
      <trkpt lat="35.35037" lon="128.7664">
        <ele>12.7</ele>
      </trkpt>
      <trkpt lat="35.3504" lon="128.767158">
        <ele>10.5</ele>
      </trkpt>
      <trkpt lat="35.3505" lon="128.76776">
        <ele>9.9</ele>
      </trkpt>
      <trkpt lat="35.35065" lon="128.76847">
        <ele>10.5</ele>
      </trkpt>
      <trkpt lat="35.35078" lon="128.76891">
        <ele>9.7</ele>
      </trkpt>
      <trkpt lat="35.35097" lon="128.76938">
        <ele>8.9</ele>
      </trkpt>
      <trkpt lat="35.35125" lon="128.77004">
        <ele>8.5</ele>
      </trkpt>
      <trkpt lat="35.35153" lon="128.77069">
        <ele>8.8</ele>
      </trkpt>
      <trkpt lat="35.3518" lon="128.77135">
        <ele>9.0</ele>
      </trkpt>
      <trkpt lat="35.35216" lon="128.77219">
        <ele>9.9</ele>
      </trkpt>
      <trkpt lat="35.35252" lon="128.77303">
        <ele>10.0</ele>
      </trkpt>
      <trkpt lat="35.35288" lon="128.773868">
        <ele>9.6</ele>
      </trkpt>
      <trkpt lat="35.35324" lon="128.77471">
        <ele>10.0</ele>
      </trkpt>
      <trkpt lat="35.3536" lon="128.77555">
        <ele>10.2</ele>
      </trkpt>
      <trkpt lat="35.35392" lon="128.776288">
        <ele>10.0</ele>
      </trkpt>
      <trkpt lat="35.35423" lon="128.77704">
        <ele>10.0</ele>
      </trkpt>
      <trkpt lat="35.35454" lon="128.77779">
        <ele>10.2</ele>
      </trkpt>
      <trkpt lat="35.35476" lon="128.77829">
        <ele>10.8</ele>
      </trkpt>
      <trkpt lat="35.35499" lon="128.778798">
        <ele>11.9</ele>
      </trkpt>
      <trkpt lat="35.35525" lon="128.779339">
        <ele>11.5</ele>
      </trkpt>
      <trkpt lat="35.35551" lon="128.779868">
        <ele>11.2</ele>
      </trkpt>
      <trkpt lat="35.35575" lon="128.7803">
        <ele>10.7</ele>
      </trkpt>
      <trkpt lat="35.35605" lon="128.7808">
        <ele>9.3</ele>
      </trkpt>
      <trkpt lat="35.35636" lon="128.781297">
        <ele>10.0</ele>
      </trkpt>
      <trkpt lat="35.35675" lon="128.78186">
        <ele>10.8</ele>
      </trkpt>
      <trkpt lat="35.35707" lon="128.782277">
        <ele>10.3</ele>
      </trkpt>
      <trkpt lat="35.35755" lon="128.78284">
        <ele>9.6</ele>
      </trkpt>
      <trkpt lat="35.35802" lon="128.78332">
        <ele>9.6</ele>
      </trkpt>
      <trkpt lat="35.35849" lon="128.78379">
        <ele>9.6</ele>
      </trkpt>
      <trkpt lat="35.35886" lon="128.78411">
        <ele>9.7</ele>
      </trkpt>
      <trkpt lat="35.35924" lon="128.784438">
        <ele>9.7</ele>
      </trkpt>
      <trkpt lat="35.35971" lon="128.78487">
        <ele>10.3</ele>
      </trkpt>
      <trkpt lat="35.36019" lon="128.78531">
        <ele>10.3</ele>
      </trkpt>
      <trkpt lat="35.36081" lon="128.78585">
        <ele>10.0</ele>
      </trkpt>
      <trkpt lat="35.36144" lon="128.786397">
        <ele>9.8</ele>
      </trkpt>
      <trkpt lat="35.36207" lon="128.786937">
        <ele>9.2</ele>
      </trkpt>
      <trkpt lat="35.36245" lon="128.787298">
        <ele>10.2</ele>
      </trkpt>
      <trkpt lat="35.36277" lon="128.78762">
        <ele>10.0</ele>
      </trkpt>
      <trkpt lat="35.36339" lon="128.78817">
        <ele>9.5</ele>
      </trkpt>
      <trkpt lat="35.36402" lon="128.78872">
        <ele>9.0</ele>
      </trkpt>
      <trkpt lat="35.36465" lon="128.789279">
        <ele>8.9</ele>
      </trkpt>
      <trkpt lat="35.36528" lon="128.78983">
        <ele>8.5</ele>
      </trkpt>
      <trkpt lat="35.36591" lon="128.79038">
        <ele>8.3</ele>
      </trkpt>
      <trkpt lat="35.36653" lon="128.79094">
        <ele>8.4</ele>
      </trkpt>
      <trkpt lat="35.36722" lon="128.79153">
        <ele>9.1</ele>
      </trkpt>
      <trkpt lat="35.36791" lon="128.792127">
        <ele>9.1</ele>
      </trkpt>
      <trkpt lat="35.36861" lon="128.79272">
        <ele>9.1</ele>
      </trkpt>
      <trkpt lat="35.3693" lon="128.79332">
        <ele>8.1</ele>
      </trkpt>
      <trkpt lat="35.36974" lon="128.79368">
        <ele>7.7</ele>
      </trkpt>
      <trkpt lat="35.37004" lon="128.79374">
        <ele>7.9</ele>
      </trkpt>
      <trkpt lat="35.37048" lon="128.79424">
        <ele>7.8</ele>
      </trkpt>
      <trkpt lat="35.37084" lon="128.79461">
        <ele>7.8</ele>
      </trkpt>
      <trkpt lat="35.3712" lon="128.79499">
        <ele>7.8</ele>
      </trkpt>
      <trkpt lat="35.37142" lon="128.79522">
        <ele>7.8</ele>
      </trkpt>
      <trkpt lat="35.37151" lon="128.7955">
        <ele>7.8</ele>
      </trkpt>
      <trkpt lat="35.37173" lon="128.795819">
        <ele>7.9</ele>
      </trkpt>
      <trkpt lat="35.37226" lon="128.796517">
        <ele>6.9</ele>
      </trkpt>
      <trkpt lat="35.37277" lon="128.79722">
        <ele>7.9</ele>
      </trkpt>
      <trkpt lat="35.37327" lon="128.79792">
        <ele>8.5</ele>
      </trkpt>
      <trkpt lat="35.37378" lon="128.79861">
        <ele>8.6</ele>
      </trkpt>
      <trkpt lat="35.37429" lon="128.799309">
        <ele>7.4</ele>
      </trkpt>
      <trkpt lat="35.3748" lon="128.800007">
        <ele>7.2</ele>
      </trkpt>
      <trkpt lat="35.37538" lon="128.80084">
        <ele>5.9</ele>
      </trkpt>
      <trkpt lat="35.37597" lon="128.80167">
        <ele>10.3</ele>
      </trkpt>
      <trkpt lat="35.37651" lon="128.80242">
        <ele>8.3</ele>
      </trkpt>
      <trkpt lat="35.37705" lon="128.80317">
        <ele>8.2</ele>
      </trkpt>
      <trkpt lat="35.377447" lon="128.803722">
        <ele>7.9</ele>
      </trkpt>
      <trkpt lat="35.37759" lon="128.80392">
        <ele>7.5</ele>
      </trkpt>
      <trkpt lat="35.37812" lon="128.80466">
        <ele>6.5</ele>
      </trkpt>
      <trkpt lat="35.37866" lon="128.80541">
        <ele>5.5</ele>
      </trkpt>
      <trkpt lat="35.3792" lon="128.80616">
        <ele>6.1</ele>
      </trkpt>
      <trkpt lat="35.37947" lon="128.80651">
        <ele>6.8</ele>
      </trkpt>
      <trkpt lat="35.37965" lon="128.80671">
        <ele>6.7</ele>
      </trkpt>
      <trkpt lat="35.379789" lon="128.806829">
        <ele>6.4</ele>
      </trkpt>
      <trkpt lat="35.37979" lon="128.806829">
        <ele>6.4</ele>
      </trkpt>
      <trkpt lat="35.38009" lon="128.807088">
        <ele>6.5</ele>
      </trkpt>
      <trkpt lat="35.38032" lon="128.80724">
        <ele>6.6</ele>
      </trkpt>
      <trkpt lat="35.38054" lon="128.80734">
        <ele>6.7</ele>
      </trkpt>
      <trkpt lat="35.38082" lon="128.80744">
        <ele>6.9</ele>
      </trkpt>
      <trkpt lat="35.38101" lon="128.8075">
        <ele>7.2</ele>
      </trkpt>
      <trkpt lat="35.38118" lon="128.80752">
        <ele>7.4</ele>
      </trkpt>
      <trkpt lat="35.38136" lon="128.80753">
        <ele>7.6</ele>
      </trkpt>
      <trkpt lat="35.38153" lon="128.8075">
        <ele>7.8</ele>
      </trkpt>
      <trkpt lat="35.38166" lon="128.80744">
        <ele>8.0</ele>
      </trkpt>
      <trkpt lat="35.38179" lon="128.80734">
        <ele>7.9</ele>
      </trkpt>
      <trkpt lat="35.38193" lon="128.8072">
        <ele>7.8</ele>
      </trkpt>
      <trkpt lat="35.38203" lon="128.80704">
        <ele>7.5</ele>
      </trkpt>
      <trkpt lat="35.38212" lon="128.80686">
        <ele>7.2</ele>
      </trkpt>
      <trkpt lat="35.38216" lon="128.80668">
        <ele>6.8</ele>
      </trkpt>
      <trkpt lat="35.38224" lon="128.806007">
        <ele>6.4</ele>
      </trkpt>
      <trkpt lat="35.38228" lon="128.805849">
        <ele>6.3</ele>
      </trkpt>
      <trkpt lat="35.38236" lon="128.805669">
        <ele>6.2</ele>
      </trkpt>
      <trkpt lat="35.38247" lon="128.80552">
        <ele>6.0</ele>
      </trkpt>
      <trkpt lat="35.38259" lon="128.80541">
        <ele>5.9</ele>
      </trkpt>
      <trkpt lat="35.3827" lon="128.80533">
        <ele>6.0</ele>
      </trkpt>
      <trkpt lat="35.38302" lon="128.80519">
        <ele>6.2</ele>
      </trkpt>
      <trkpt lat="35.38323" lon="128.805129">
        <ele>6.5</ele>
      </trkpt>
      <trkpt lat="35.3834" lon="128.8051">
        <ele>6.6</ele>
      </trkpt>
      <trkpt lat="35.38355" lon="128.80511">
        <ele>6.5</ele>
      </trkpt>
      <trkpt lat="35.38368" lon="128.80514">
        <ele>6.4</ele>
      </trkpt>
      <trkpt lat="35.38382" lon="128.80519">
        <ele>6.3</ele>
      </trkpt>
      <trkpt lat="35.38421" lon="128.80542">
        <ele>6.3</ele>
      </trkpt>
      <trkpt lat="35.38432" lon="128.80546">
        <ele>6.0</ele>
      </trkpt>
      <trkpt lat="35.3844" lon="128.80546">
        <ele>5.7</ele>
      </trkpt>
      <trkpt lat="35.38447" lon="128.80542">
        <ele>5.4</ele>
      </trkpt>
      <trkpt lat="35.38454" lon="128.80534">
        <ele>5.1</ele>
      </trkpt>
      <trkpt lat="35.38464" lon="128.80517">
        <ele>4.8</ele>
      </trkpt>
      <trkpt lat="35.38488" lon="128.80469">
        <ele>4.9</ele>
      </trkpt>
      <trkpt lat="35.38513" lon="128.80416">
        <ele>5.8</ele>
      </trkpt>
      <trkpt lat="35.38527" lon="128.8039">
        <ele>5.5</ele>
      </trkpt>
      <trkpt lat="35.38537" lon="128.80373">
        <ele>5.3</ele>
      </trkpt>
      <trkpt lat="35.38545" lon="128.80363">
        <ele>5.2</ele>
      </trkpt>
      <trkpt lat="35.38551" lon="128.803508">
        <ele>5.1</ele>
      </trkpt>
      <trkpt lat="35.38565" lon="128.80319">
        <ele>5.2</ele>
      </trkpt>
      <trkpt lat="35.38595" lon="128.80258">
        <ele>5.6</ele>
      </trkpt>
      <trkpt lat="35.38624" lon="128.80192">
        <ele>5.0</ele>
      </trkpt>
      <trkpt lat="35.38659" lon="128.801178">
        <ele>6.1</ele>
      </trkpt>
      <trkpt lat="35.38694" lon="128.80044">
        <ele>6.3</ele>
      </trkpt>
      <trkpt lat="35.38729" lon="128.79971">
        <ele>5.1</ele>
      </trkpt>
      <trkpt lat="35.38773" lon="128.79878">
        <ele>4.6</ele>
      </trkpt>
      <trkpt lat="35.38818" lon="128.797857">
        <ele>5.6</ele>
      </trkpt>
      <trkpt lat="35.38862" lon="128.79693">
        <ele>6.1</ele>
      </trkpt>
      <trkpt lat="35.38893" lon="128.79631">
        <ele>5.7</ele>
      </trkpt>
      <trkpt lat="35.38939" lon="128.795369">
        <ele>4.6</ele>
      </trkpt>
      <trkpt lat="35.38984" lon="128.79443">
        <ele>4.6</ele>
      </trkpt>
      <trkpt lat="35.39029" lon="128.7935">
        <ele>5.5</ele>
      </trkpt>
      <trkpt lat="35.39074" lon="128.79256">
        <ele>5.8</ele>
      </trkpt>
      <trkpt lat="35.39119" lon="128.79162">
        <ele>4.5</ele>
      </trkpt>
      <trkpt lat="35.39164" lon="128.79068">
        <ele>5.9</ele>
      </trkpt>
      <trkpt lat="35.39192" lon="128.79015">
        <ele>5.9</ele>
      </trkpt>
      <trkpt lat="35.3922" lon="128.78962">
        <ele>6.0</ele>
      </trkpt>
      <trkpt lat="35.39235" lon="128.78938">
        <ele>6.3</ele>
      </trkpt>
      <trkpt lat="35.39247" lon="128.78917">
        <ele>6.9</ele>
      </trkpt>
      <trkpt lat="35.39276" lon="128.78877">
        <ele>5.9</ele>
      </trkpt>
      <trkpt lat="35.39303" lon="128.78844">
        <ele>5.3</ele>
      </trkpt>
      <trkpt lat="35.39331" lon="128.78815">
        <ele>5.2</ele>
      </trkpt>
      <trkpt lat="35.39364" lon="128.787838">
        <ele>5.8</ele>
      </trkpt>
      <trkpt lat="35.39391" lon="128.78762">
        <ele>6.4</ele>
      </trkpt>
      <trkpt lat="35.39441" lon="128.78733">
        <ele>6.1</ele>
      </trkpt>
      <trkpt lat="35.3949" lon="128.78707">
        <ele>5.2</ele>
      </trkpt>
      <trkpt lat="35.39548" lon="128.786859">
        <ele>6.1</ele>
      </trkpt>
      <trkpt lat="35.39607" lon="128.78664">
        <ele>6.4</ele>
      </trkpt>
      <trkpt lat="35.39685" lon="128.78634">
        <ele>5.1</ele>
      </trkpt>
      <trkpt lat="35.39763" lon="128.78603">
        <ele>6.0</ele>
      </trkpt>
      <trkpt lat="35.39841" lon="128.78573">
        <ele>6.6</ele>
      </trkpt>
      <trkpt lat="35.39919" lon="128.785418">
        <ele>5.5</ele>
      </trkpt>
      <trkpt lat="35.39997" lon="128.78512">
        <ele>5.0</ele>
      </trkpt>
      <trkpt lat="35.40075" lon="128.78481">
        <ele>5.9</ele>
      </trkpt>
      <trkpt lat="35.40097" lon="128.78468">
        <ele>5.6</ele>
      </trkpt>
      <trkpt lat="35.40112" lon="128.7845">
        <ele>5.2</ele>
      </trkpt>
      <trkpt lat="35.40127" lon="128.7842">
        <ele>4.9</ele>
      </trkpt>
      <trkpt lat="35.40135" lon="128.78384">
        <ele>5.5</ele>
      </trkpt>
      <trkpt lat="35.40134" lon="128.78353">
        <ele>6.2</ele>
      </trkpt>
      <trkpt lat="35.40127" lon="128.783279">
        <ele>6.5</ele>
      </trkpt>
      <trkpt lat="35.40114" lon="128.78303">
        <ele>6.2</ele>
      </trkpt>
      <trkpt lat="35.40082" lon="128.78261">
        <ele>6.0</ele>
      </trkpt>
      <trkpt lat="35.40045" lon="128.78215">
        <ele>6.9</ele>
      </trkpt>
      <trkpt lat="35.40016" lon="128.78172">
        <ele>10.0</ele>
      </trkpt>
      <trkpt lat="35.40017" lon="128.78161">
        <ele>12.0</ele>
      </trkpt>
      <trkpt lat="35.40022" lon="128.78156">
        <ele>13.0</ele>
      </trkpt>
      <trkpt lat="35.40035" lon="128.7815">
        <ele>13.5</ele>
      </trkpt>
      <trkpt lat="35.40052" lon="128.78147">
        <ele>12.5</ele>
      </trkpt>
      <trkpt lat="35.40071" lon="128.781388">
        <ele>11.5</ele>
      </trkpt>
      <trkpt lat="35.40093" lon="128.78123">
        <ele>10.7</ele>
      </trkpt>
      <trkpt lat="35.40102" lon="128.78107">
        <ele>11.2</ele>
      </trkpt>
      <trkpt lat="35.4011" lon="128.78096">
        <ele>11.4</ele>
      </trkpt>
      <trkpt lat="35.40128" lon="128.78079">
        <ele>11.3</ele>
      </trkpt>
      <trkpt lat="35.40155" lon="128.780577">
        <ele>10.6</ele>
      </trkpt>
      <trkpt lat="35.40168" lon="128.78044">
        <ele>9.8</ele>
      </trkpt>
      <trkpt lat="35.4018" lon="128.78019">
        <ele>10.1</ele>
      </trkpt>
      <trkpt lat="35.40183" lon="128.78009">
        <ele>10.3</ele>
      </trkpt>
      <trkpt lat="35.40213" lon="128.780239">
        <ele>7.4</ele>
      </trkpt>
      <trkpt lat="35.4023" lon="128.78039">
        <ele>5.9</ele>
      </trkpt>
      <trkpt lat="35.40241" lon="128.780577">
        <ele>4.8</ele>
      </trkpt>
      <trkpt lat="35.40244" lon="128.78069">
        <ele>4.5</ele>
      </trkpt>
      <trkpt lat="35.40244" lon="128.78081">
        <ele>4.3</ele>
      </trkpt>
      <trkpt lat="35.40239" lon="128.78138">
        <ele>3.8</ele>
      </trkpt>
      <trkpt lat="35.40242" lon="128.78145">
        <ele>3.6</ele>
      </trkpt>
      <trkpt lat="35.40248" lon="128.7815">
        <ele>3.3</ele>
      </trkpt>
      <trkpt lat="35.40319" lon="128.781579">
        <ele>4.4</ele>
      </trkpt>
      <trkpt lat="35.40389" lon="128.781658">
        <ele>3.7</ele>
      </trkpt>
      <trkpt lat="35.40459" lon="128.78174">
        <ele>3.1</ele>
      </trkpt>
      <trkpt lat="35.40453" lon="128.7827">
        <ele>4.8</ele>
      </trkpt>
      <trkpt lat="35.40446" lon="128.78367">
        <ele>5.2</ele>
      </trkpt>
      <trkpt lat="35.4044" lon="128.78464">
        <ele>3.9</ele>
      </trkpt>
      <trkpt lat="35.40439" lon="128.784877">
        <ele>3.6</ele>
      </trkpt>
      <trkpt lat="35.40438" lon="128.78495">
        <ele>3.5</ele>
      </trkpt>
      <trkpt lat="35.40437" lon="128.78518">
        <ele>3.3</ele>
      </trkpt>
      <trkpt lat="35.40433" lon="128.78532">
        <ele>3.5</ele>
      </trkpt>
      <trkpt lat="35.40429" lon="128.78539">
        <ele>3.5</ele>
      </trkpt>
      <trkpt lat="35.40425" lon="128.78554">
        <ele>3.7</ele>
      </trkpt>
      <trkpt lat="35.40422" lon="128.78572">
        <ele>3.9</ele>
      </trkpt>
      <trkpt lat="35.40422" lon="128.785789">
        <ele>4.0</ele>
      </trkpt>
      <trkpt lat="35.40423" lon="128.78584">
        <ele>4.1</ele>
      </trkpt>
      <trkpt lat="35.40429" lon="128.7859">
        <ele>4.2</ele>
      </trkpt>
      <trkpt lat="35.40455" lon="128.786138">
        <ele>4.7</ele>
      </trkpt>
      <trkpt lat="35.40464" lon="128.786217">
        <ele>4.8</ele>
      </trkpt>
      <trkpt lat="35.4047" lon="128.78626">
        <ele>4.8</ele>
      </trkpt>
      <trkpt lat="35.40549" lon="128.78657">
        <ele>4.9</ele>
      </trkpt>
      <trkpt lat="35.40627" lon="128.78687">
        <ele>4.4</ele>
      </trkpt>
      <trkpt lat="35.40706" lon="128.78718">
        <ele>4.6</ele>
      </trkpt>
      <trkpt lat="35.40741" lon="128.78734">
        <ele>5.4</ele>
      </trkpt>
      <trkpt lat="35.40791" lon="128.78759">
        <ele>4.9</ele>
      </trkpt>
      <trkpt lat="35.40852" lon="128.787939">
        <ele>3.6</ele>
      </trkpt>
      <trkpt lat="35.40918" lon="128.78836">
        <ele>4.1</ele>
      </trkpt>
      <trkpt lat="35.40983" lon="128.78881">
        <ele>5.3</ele>
      </trkpt>
      <trkpt lat="35.41056" lon="128.789279">
        <ele>6.3</ele>
      </trkpt>
      <trkpt lat="35.41128" lon="128.78976">
        <ele>6.3</ele>
      </trkpt>
      <trkpt lat="35.41136" lon="128.78987">
        <ele>6.3</ele>
      </trkpt>
      <trkpt lat="35.41188" lon="128.790337">
        <ele>5.8</ele>
      </trkpt>
      <trkpt lat="35.41203" lon="128.790438">
        <ele>5.9</ele>
      </trkpt>
      <trkpt lat="35.41244" lon="128.7906">
        <ele>6.2</ele>
      </trkpt>
      <trkpt lat="35.41254" lon="128.79066">
        <ele>6.2</ele>
      </trkpt>
      <trkpt lat="35.41274" lon="128.79092">
        <ele>6.1</ele>
      </trkpt>
      <trkpt lat="35.41286" lon="128.79112">
        <ele>5.8</ele>
      </trkpt>
      <trkpt lat="35.41299" lon="128.79136">
        <ele>5.2</ele>
      </trkpt>
      <trkpt lat="35.41271" lon="128.792239">
        <ele>4.4</ele>
      </trkpt>
      <trkpt lat="35.41242" lon="128.793118">
        <ele>4.7</ele>
      </trkpt>
      <trkpt lat="35.41211" lon="128.79408">
        <ele>5.1</ele>
      </trkpt>
      <trkpt lat="35.41179" lon="128.79505">
        <ele>5.4</ele>
      </trkpt>
      <trkpt lat="35.41147" lon="128.79601">
        <ele>5.8</ele>
      </trkpt>
      <trkpt lat="35.41136" lon="128.79639">
        <ele>6.0</ele>
      </trkpt>
      <trkpt lat="35.41055" lon="128.79614">
        <ele>6.6</ele>
      </trkpt>
      <trkpt lat="35.40982" lon="128.79596">
        <ele>6.0</ele>
      </trkpt>
      <trkpt lat="35.40914" lon="128.795549">
        <ele>4.7</ele>
      </trkpt>
      <trkpt lat="35.40846" lon="128.79515">
        <ele>4.8</ele>
      </trkpt>
      <trkpt lat="35.40778" lon="128.79475">
        <ele>5.3</ele>
      </trkpt>
      <trkpt lat="35.4071" lon="128.79434">
        <ele>5.6</ele>
      </trkpt>
      <trkpt lat="35.40671" lon="128.794119">
        <ele>5.7</ele>
      </trkpt>
      <trkpt lat="35.40637" lon="128.79395">
        <ele>5.3</ele>
      </trkpt>
      <trkpt lat="35.40607" lon="128.79383">
        <ele>5.5</ele>
      </trkpt>
      <trkpt lat="35.40524" lon="128.79356">
        <ele>6.5</ele>
      </trkpt>
      <trkpt lat="35.40441" lon="128.79329">
        <ele>6.8</ele>
      </trkpt>
      <trkpt lat="35.40387" lon="128.79319">
        <ele>6.1</ele>
      </trkpt>
      <trkpt lat="35.40333" lon="128.7931">
        <ele>5.2</ele>
      </trkpt>
      <trkpt lat="35.40288" lon="128.79302">
        <ele>4.7</ele>
      </trkpt>
      <trkpt lat="35.40242" lon="128.792949">
        <ele>4.5</ele>
      </trkpt>
      <trkpt lat="35.40178" lon="128.792847">
        <ele>4.2</ele>
      </trkpt>
      <trkpt lat="35.40113" lon="128.79274">
        <ele>4.2</ele>
      </trkpt>
      <trkpt lat="35.40048" lon="128.79264">
        <ele>4.0</ele>
      </trkpt>
      <trkpt lat="35.39986" lon="128.79257">
        <ele>4.0</ele>
      </trkpt>
      <trkpt lat="35.39955" lon="128.79256">
        <ele>4.0</ele>
      </trkpt>
      <trkpt lat="35.39923" lon="128.7926">
        <ele>4.0</ele>
      </trkpt>
      <trkpt lat="35.39877" lon="128.79266">
        <ele>5.0</ele>
      </trkpt>
      <trkpt lat="35.3983" lon="128.792757">
        <ele>5.9</ele>
      </trkpt>
      <trkpt lat="35.39785" lon="128.79288">
        <ele>5.1</ele>
      </trkpt>
      <trkpt lat="35.39742" lon="128.793027">
        <ele>4.7</ele>
      </trkpt>
      <trkpt lat="35.39712" lon="128.79317">
        <ele>5.1</ele>
      </trkpt>
      <trkpt lat="35.39685" lon="128.79332">
        <ele>5.7</ele>
      </trkpt>
      <trkpt lat="35.39658" lon="128.793489">
        <ele>5.4</ele>
      </trkpt>
      <trkpt lat="35.39629" lon="128.79372">
        <ele>5.0</ele>
      </trkpt>
      <trkpt lat="35.39598" lon="128.794007">
        <ele>5.4</ele>
      </trkpt>
      <trkpt lat="35.39583" lon="128.79417">
        <ele>6.0</ele>
      </trkpt>
      <trkpt lat="35.39558" lon="128.79443">
        <ele>5.0</ele>
      </trkpt>
      <trkpt lat="35.39536" lon="128.7947">
        <ele>4.6</ele>
      </trkpt>
      <trkpt lat="35.39517" lon="128.79499">
        <ele>4.6</ele>
      </trkpt>
      <trkpt lat="35.39495" lon="128.79539">
        <ele>4.9</ele>
      </trkpt>
      <trkpt lat="35.39461" lon="128.79613">
        <ele>5.2</ele>
      </trkpt>
      <trkpt lat="35.39426" lon="128.796877">
        <ele>5.6</ele>
      </trkpt>
      <trkpt lat="35.39383" lon="128.7978">
        <ele>4.7</ele>
      </trkpt>
      <trkpt lat="35.3934" lon="128.79872">
        <ele>4.5</ele>
      </trkpt>
      <trkpt lat="35.39297" lon="128.79964">
        <ele>4.1</ele>
      </trkpt>
      <trkpt lat="35.39253" lon="128.800547">
        <ele>4.3</ele>
      </trkpt>
      <trkpt lat="35.3921" lon="128.80149">
        <ele>4.4</ele>
      </trkpt>
      <trkpt lat="35.39166" lon="128.80242">
        <ele>5.0</ele>
      </trkpt>
      <trkpt lat="35.39123" lon="128.80336">
        <ele>3.5</ele>
      </trkpt>
      <trkpt lat="35.39079" lon="128.80429">
        <ele>5.8</ele>
      </trkpt>
      <trkpt lat="35.39036" lon="128.80523">
        <ele>6.1</ele>
      </trkpt>
      <trkpt lat="35.39002" lon="128.805917">
        <ele>6.7</ele>
      </trkpt>
      <trkpt lat="35.38969" lon="128.80661">
        <ele>4.7</ele>
      </trkpt>
      <trkpt lat="35.3893" lon="128.80735">
        <ele>4.8</ele>
      </trkpt>
      <trkpt lat="35.38881" lon="128.8082">
        <ele>5.5</ele>
      </trkpt>
      <trkpt lat="35.3887" lon="128.80839">
        <ele>5.6</ele>
      </trkpt>
      <trkpt lat="35.38859" lon="128.80863">
        <ele>6.0</ele>
      </trkpt>
      <trkpt lat="35.38849" lon="128.80884">
        <ele>6.4</ele>
      </trkpt>
      <trkpt lat="35.38844" lon="128.80902">
        <ele>6.8</ele>
      </trkpt>
      <trkpt lat="35.38842" lon="128.80922">
        <ele>7.6</ele>
      </trkpt>
      <trkpt lat="35.38843" lon="128.80945">
        <ele>9.8</ele>
      </trkpt>
      <trkpt lat="35.38848" lon="128.809789">
        <ele>13.8</ele>
      </trkpt>
      <trkpt lat="35.38848" lon="128.8099">
        <ele>14.9</ele>
      </trkpt>
      <trkpt lat="35.3882" lon="128.8103">
        <ele>21.6</ele>
      </trkpt>
      <trkpt lat="35.38772" lon="128.81079">
        <ele>20.6</ele>
      </trkpt>
      <trkpt lat="35.38757" lon="128.81097">
        <ele>21.3</ele>
      </trkpt>
      <trkpt lat="35.38747" lon="128.81105">
        <ele>21.0</ele>
      </trkpt>
      <trkpt lat="35.38733" lon="128.811129">
        <ele>21.4</ele>
      </trkpt>
      <trkpt lat="35.38727" lon="128.81119">
        <ele>22.3</ele>
      </trkpt>
      <trkpt lat="35.38713" lon="128.811399">
        <ele>26.0</ele>
      </trkpt>
      <trkpt lat="35.38707" lon="128.81147">
        <ele>26.6</ele>
      </trkpt>
      <trkpt lat="35.38699" lon="128.81152">
        <ele>25.9</ele>
      </trkpt>
      <trkpt lat="35.38672" lon="128.811579">
        <ele>19.7</ele>
      </trkpt>
      <trkpt lat="35.38662" lon="128.81161">
        <ele>17.8</ele>
      </trkpt>
      <trkpt lat="35.38649" lon="128.81173">
        <ele>18.7</ele>
      </trkpt>
      <trkpt lat="35.38621" lon="128.81204">
        <ele>22.1</ele>
      </trkpt>
      <trkpt lat="35.386" lon="128.812289">
        <ele>21.9</ele>
      </trkpt>
      <trkpt lat="35.38578" lon="128.81251">
        <ele>19.0</ele>
      </trkpt>
      <trkpt lat="35.38564" lon="128.81262">
        <ele>17.9</ele>
      </trkpt>
      <trkpt lat="35.38554" lon="128.81269">
        <ele>17.2</ele>
      </trkpt>
      <trkpt lat="35.38548" lon="128.81277">
        <ele>17.5</ele>
      </trkpt>
      <trkpt lat="35.38531" lon="128.81308">
        <ele>20.8</ele>
      </trkpt>
      <trkpt lat="35.38521" lon="128.81322">
        <ele>22.3</ele>
      </trkpt>
      <trkpt lat="35.38512" lon="128.81331">
        <ele>23.1</ele>
      </trkpt>
      <trkpt lat="35.38487" lon="128.81347">
        <ele>25.3</ele>
      </trkpt>
      <trkpt lat="35.38477" lon="128.81356">
        <ele>27.2</ele>
      </trkpt>
      <trkpt lat="35.38464" lon="128.813707">
        <ele>30.8</ele>
      </trkpt>
      <trkpt lat="35.38452" lon="128.813797">
        <ele>32.0</ele>
      </trkpt>
      <trkpt lat="35.38438" lon="128.81386">
        <ele>31.4</ele>
      </trkpt>
      <trkpt lat="35.38417" lon="128.81392">
        <ele>29.3</ele>
      </trkpt>
      <trkpt lat="35.38397" lon="128.814">
        <ele>28.4</ele>
      </trkpt>
      <trkpt lat="35.38368" lon="128.81414">
        <ele>26.6</ele>
      </trkpt>
      <trkpt lat="35.38347" lon="128.81427">
        <ele>24.9</ele>
      </trkpt>
      <trkpt lat="35.38328" lon="128.81446">
        <ele>24.1</ele>
      </trkpt>
      <trkpt lat="35.38319" lon="128.81457">
        <ele>24.1</ele>
      </trkpt>
      <trkpt lat="35.38314" lon="128.81469">
        <ele>25.2</ele>
      </trkpt>
      <trkpt lat="35.38304" lon="128.81502">
        <ele>28.3</ele>
      </trkpt>
      <trkpt lat="35.383" lon="128.81527">
        <ele>28.6</ele>
      </trkpt>
      <trkpt lat="35.38306" lon="128.815598">
        <ele>32.7</ele>
      </trkpt>
      <trkpt lat="35.38305" lon="128.815778">
        <ele>33.5</ele>
      </trkpt>
      <trkpt lat="35.38301" lon="128.81591">
        <ele>33.8</ele>
      </trkpt>
      <trkpt lat="35.38293" lon="128.81601">
        <ele>32.7</ele>
      </trkpt>
      <trkpt lat="35.38278" lon="128.81611">
        <ele>28.7</ele>
      </trkpt>
      <trkpt lat="35.3826" lon="128.81627">
        <ele>24.3</ele>
      </trkpt>
      <trkpt lat="35.38246" lon="128.81647">
        <ele>22.2</ele>
      </trkpt>
      <trkpt lat="35.38232" lon="128.81673">
        <ele>21.1</ele>
      </trkpt>
      <trkpt lat="35.3822" lon="128.81706">
        <ele>18.6</ele>
      </trkpt>
      <trkpt lat="35.3821" lon="128.81746">
        <ele>16.5</ele>
      </trkpt>
      <trkpt lat="35.382099" lon="128.817467">
        <ele>16.5</ele>
      </trkpt>
      <trkpt lat="35.3821" lon="128.817467">
        <ele>16.5</ele>
      </trkpt>
      <trkpt lat="35.38208" lon="128.81762">
        <ele>14.7</ele>
      </trkpt>
      <trkpt lat="35.38208" lon="128.81785">
        <ele>12.6</ele>
      </trkpt>
      <trkpt lat="35.38208" lon="128.81785">
        <ele>12.6</ele>
      </trkpt>
      <trkpt lat="35.38216" lon="128.818018">
        <ele>12.7</ele>
      </trkpt>
      <trkpt lat="35.38226" lon="128.81817">
        <ele>12.8</ele>
      </trkpt>
      <trkpt lat="35.382257" lon="128.818176">
        <ele>12.6</ele>
      </trkpt>
      <trkpt lat="35.38226" lon="128.81818">
        <ele>12.6</ele>
      </trkpt>
      <trkpt lat="35.38236" lon="128.81839">
        <ele>11.7</ele>
      </trkpt>
      <trkpt lat="35.38246" lon="128.81869">
        <ele>11.4</ele>
      </trkpt>
      <trkpt lat="35.3826" lon="128.818998">
        <ele>11.2</ele>
      </trkpt>
      <trkpt lat="35.38265" lon="128.81951">
        <ele>12.0</ele>
      </trkpt>
      <trkpt lat="35.38277" lon="128.82023">
        <ele>15.6</ele>
      </trkpt>
      <trkpt lat="35.38277" lon="128.82068">
        <ele>13.3</ele>
      </trkpt>
      <trkpt lat="35.38282" lon="128.820878">
        <ele>13.1</ele>
      </trkpt>
      <trkpt lat="35.3829" lon="128.821">
        <ele>13.4</ele>
      </trkpt>
      <trkpt lat="35.38314" lon="128.8212">
        <ele>15.2</ele>
      </trkpt>
      <trkpt lat="35.38324" lon="128.82126">
        <ele>15.9</ele>
      </trkpt>
      <trkpt lat="35.38334" lon="128.82135">
        <ele>16.0</ele>
      </trkpt>
      <trkpt lat="35.38343" lon="128.82148">
        <ele>14.2</ele>
      </trkpt>
      <trkpt lat="35.38349" lon="128.82176">
        <ele>10.7</ele>
      </trkpt>
      <trkpt lat="35.38358" lon="128.82179">
        <ele>10.7</ele>
      </trkpt>
      <trkpt lat="35.38367" lon="128.82183">
        <ele>10.7</ele>
      </trkpt>
      <trkpt lat="35.38384" lon="128.82199">
        <ele>10.4</ele>
      </trkpt>
      <trkpt lat="35.38404" lon="128.82229">
        <ele>10.0</ele>
      </trkpt>
      <trkpt lat="35.38462" lon="128.82311">
        <ele>10.3</ele>
      </trkpt>
      <trkpt lat="35.38482" lon="128.823377">
        <ele>10.7</ele>
      </trkpt>
      <trkpt lat="35.38496" lon="128.82368">
        <ele>10.9</ele>
      </trkpt>
      <trkpt lat="35.38501" lon="128.82387">
        <ele>11.1</ele>
      </trkpt>
      <trkpt lat="35.38512" lon="128.8244">
        <ele>11.4</ele>
      </trkpt>
      <trkpt lat="35.38523" lon="128.82515">
        <ele>9.7</ele>
      </trkpt>
      <trkpt lat="35.385234" lon="128.825199">
        <ele>9.7</ele>
      </trkpt>
      <trkpt lat="35.38523" lon="128.8252">
        <ele>9.7</ele>
      </trkpt>
      <trkpt lat="35.38527" lon="128.82559">
        <ele>9.5</ele>
      </trkpt>
      <trkpt lat="35.38522" lon="128.82595">
        <ele>9.1</ele>
      </trkpt>
      <trkpt lat="35.38523" lon="128.82606">
        <ele>8.9</ele>
      </trkpt>
      <trkpt lat="35.38523" lon="128.82606">
        <ele>8.9</ele>
      </trkpt>
      <trkpt lat="35.38527" lon="128.82622">
        <ele>8.7</ele>
      </trkpt>
      <trkpt lat="35.3854" lon="128.826439">
        <ele>8.7</ele>
      </trkpt>
      <trkpt lat="35.38553" lon="128.826709">
        <ele>8.8</ele>
      </trkpt>
      <trkpt lat="35.38566" lon="128.82693">
        <ele>8.7</ele>
      </trkpt>
      <trkpt lat="35.38595" lon="128.8273">
        <ele>8.7</ele>
      </trkpt>
      <trkpt lat="35.38609" lon="128.82756">
        <ele>8.6</ele>
      </trkpt>
      <trkpt lat="35.38609" lon="128.82756">
        <ele>8.6</ele>
      </trkpt>
      <trkpt lat="35.38652" lon="128.82829">
        <ele>9.6</ele>
      </trkpt>
      <trkpt lat="35.38682" lon="128.82881">
        <ele>9.5</ele>
      </trkpt>
      <trkpt lat="35.38712" lon="128.82933">
        <ele>9.1</ele>
      </trkpt>
      <trkpt lat="35.38744" lon="128.82979">
        <ele>9.7</ele>
      </trkpt>
      <trkpt lat="35.38776" lon="128.83026">
        <ele>9.7</ele>
      </trkpt>
      <trkpt lat="35.38812" lon="128.83087">
        <ele>9.0</ele>
      </trkpt>
      <trkpt lat="35.38828" lon="128.83113">
        <ele>9.3</ele>
      </trkpt>
      <trkpt lat="35.388288" lon="128.831122">
        <ele>9.3</ele>
      </trkpt>
      <trkpt lat="35.38843" lon="128.83134">
        <ele>10.1</ele>
      </trkpt>
      <trkpt lat="35.38877" lon="128.831989">
        <ele>10.7</ele>
      </trkpt>
      <trkpt lat="35.38898" lon="128.832338">
        <ele>10.7</ele>
      </trkpt>
      <trkpt lat="35.38924" lon="128.83267">
        <ele>11.1</ele>
      </trkpt>
      <trkpt lat="35.38981" lon="128.8332">
        <ele>11.2</ele>
      </trkpt>
      <trkpt lat="35.39047" lon="128.833767">
        <ele>9.4</ele>
      </trkpt>
      <trkpt lat="35.39114" lon="128.83434">
        <ele>9.8</ele>
      </trkpt>
      <trkpt lat="35.39114" lon="128.83434">
        <ele>9.8</ele>
      </trkpt>
      <trkpt lat="35.391562" lon="128.834702">
        <ele>10.4</ele>
      </trkpt>
      <trkpt lat="35.391681" lon="128.834776">
        <ele>10.4</ele>
      </trkpt>
      <trkpt lat="35.391681" lon="128.834776">
        <ele>10.4</ele>
      </trkpt>
      <trkpt lat="35.390465" lon="128.835832">
        <ele>7.0</ele>
      </trkpt>
      <trkpt lat="35.390465" lon="128.835832">
        <ele>7.0</ele>
      </trkpt>
      <trkpt lat="35.390908" lon="128.836817">
        <ele>7.2</ele>
      </trkpt>
      <trkpt lat="35.391352" lon="128.837801">
        <ele>7.9</ele>
      </trkpt>
      <trkpt lat="35.391795" lon="128.838785">
        <ele>7.5</ele>
      </trkpt>
      <trkpt lat="35.392239" lon="128.839767">
        <ele>7.9</ele>
      </trkpt>
      <trkpt lat="35.39248" lon="128.840319">
        <ele>8.0</ele>
      </trkpt>
      <trkpt lat="35.39287" lon="128.84122">
        <ele>7.6</ele>
      </trkpt>
      <trkpt lat="35.39326" lon="128.84212">
        <ele>7.6</ele>
      </trkpt>
      <trkpt lat="35.39365" lon="128.843009">
        <ele>7.2</ele>
      </trkpt>
      <trkpt lat="35.39405" lon="128.84392">
        <ele>7.5</ele>
      </trkpt>
      <trkpt lat="35.39445" lon="128.84482">
        <ele>8.0</ele>
      </trkpt>
      <trkpt lat="35.39485" lon="128.84573">
        <ele>7.1</ele>
      </trkpt>
      <trkpt lat="35.39525" lon="128.84663">
        <ele>8.0</ele>
      </trkpt>
      <trkpt lat="35.39528" lon="128.8476">
        <ele>6.6</ele>
      </trkpt>
      <trkpt lat="35.39528" lon="128.847749">
        <ele>6.5</ele>
      </trkpt>
      <trkpt lat="35.39558" lon="128.84842">
        <ele>6.0</ele>
      </trkpt>
      <trkpt lat="35.39588" lon="128.849077">
        <ele>6.0</ele>
      </trkpt>
      <trkpt lat="35.39618" lon="128.84975">
        <ele>6.4</ele>
      </trkpt>
      <trkpt lat="35.39631" lon="128.850338">
        <ele>6.5</ele>
      </trkpt>
      <trkpt lat="35.39634" lon="128.851148">
        <ele>6.2</ele>
      </trkpt>
      <trkpt lat="35.39637" lon="128.851959">
        <ele>5.4</ele>
      </trkpt>
      <trkpt lat="35.39639" lon="128.852758">
        <ele>4.4</ele>
      </trkpt>
      <trkpt lat="35.39649" lon="128.85367">
        <ele>3.0</ele>
      </trkpt>
      <trkpt lat="35.39671" lon="128.85432">
        <ele>3.4</ele>
      </trkpt>
      <trkpt lat="35.39717" lon="128.85521">
        <ele>4.8</ele>
      </trkpt>
      <trkpt lat="35.39729" lon="128.85555">
        <ele>4.7</ele>
      </trkpt>
      <trkpt lat="35.39741" lon="128.85615">
        <ele>4.1</ele>
      </trkpt>
      <trkpt lat="35.39754" lon="128.85676">
        <ele>3.2</ele>
      </trkpt>
      <trkpt lat="35.39773" lon="128.856957">
        <ele>3.8</ele>
      </trkpt>
      <trkpt lat="35.39809" lon="128.8571">
        <ele>4.4</ele>
      </trkpt>
      <trkpt lat="35.39817" lon="128.85713">
        <ele>4.6</ele>
      </trkpt>
      <trkpt lat="35.39821" lon="128.857149">
        <ele>4.7</ele>
      </trkpt>
      <trkpt lat="35.39836" lon="128.85719">
        <ele>5.0</ele>
      </trkpt>
      <trkpt lat="35.39893" lon="128.85704">
        <ele>4.6</ele>
      </trkpt>
      <trkpt lat="35.3995" lon="128.8569">
        <ele>5.5</ele>
      </trkpt>
      <trkpt lat="35.39961" lon="128.85694">
        <ele>5.9</ele>
      </trkpt>
      <trkpt lat="35.39989" lon="128.8572">
        <ele>6.4</ele>
      </trkpt>
      <trkpt lat="35.40006" lon="128.857509">
        <ele>6.1</ele>
      </trkpt>
      <trkpt lat="35.4001" lon="128.85827">
        <ele>5.3</ele>
      </trkpt>
      <trkpt lat="35.40014" lon="128.859017">
        <ele>5.9</ele>
      </trkpt>
      <trkpt lat="35.40008" lon="128.860019">
        <ele>5.9</ele>
      </trkpt>
      <trkpt lat="35.40003" lon="128.86101">
        <ele>5.7</ele>
      </trkpt>
      <trkpt lat="35.39986" lon="128.86177">
        <ele>4.9</ele>
      </trkpt>
      <trkpt lat="35.39969" lon="128.862529">
        <ele>5.3</ele>
      </trkpt>
      <trkpt lat="35.39928" lon="128.86349">
        <ele>5.3</ele>
      </trkpt>
      <trkpt lat="35.39918" lon="128.86375">
        <ele>5.3</ele>
      </trkpt>
      <trkpt lat="35.39877" lon="128.864657">
        <ele>5.3</ele>
      </trkpt>
      <trkpt lat="35.39865" lon="128.86488">
        <ele>5.3</ele>
      </trkpt>
      <trkpt lat="35.39832" lon="128.86536">
        <ele>5.8</ele>
      </trkpt>
      <trkpt lat="35.398" lon="128.86585">
        <ele>6.2</ele>
      </trkpt>
      <trkpt lat="35.39764" lon="128.86624">
        <ele>5.9</ele>
      </trkpt>
      <trkpt lat="35.39728" lon="128.866627">
        <ele>5.2</ele>
      </trkpt>
      <trkpt lat="35.3967" lon="128.867167">
        <ele>5.7</ele>
      </trkpt>
      <trkpt lat="35.39612" lon="128.867719">
        <ele>4.6</ele>
      </trkpt>
      <trkpt lat="35.39546" lon="128.86801">
        <ele>4.0</ele>
      </trkpt>
      <trkpt lat="35.3953" lon="128.86818">
        <ele>4.4</ele>
      </trkpt>
      <trkpt lat="35.39519" lon="128.868338">
        <ele>4.8</ele>
      </trkpt>
      <trkpt lat="35.39472" lon="128.86891">
        <ele>11.2</ele>
      </trkpt>
      <trkpt lat="35.39425" lon="128.86947">
        <ele>14.8</ele>
      </trkpt>
      <trkpt lat="35.39392" lon="128.86975">
        <ele>16.7</ele>
      </trkpt>
      <trkpt lat="35.39336" lon="128.87001">
        <ele>12.8</ele>
      </trkpt>
      <trkpt lat="35.3926" lon="128.87025">
        <ele>18.7</ele>
      </trkpt>
      <trkpt lat="35.39234" lon="128.87035">
        <ele>17.9</ele>
      </trkpt>
      <trkpt lat="35.39202" lon="128.87063">
        <ele>18.0</ele>
      </trkpt>
      <trkpt lat="35.39162" lon="128.870927">
        <ele>19.5</ele>
      </trkpt>
      <trkpt lat="35.3912" lon="128.87116">
        <ele>21.7</ele>
      </trkpt>
      <trkpt lat="35.39078" lon="128.871389">
        <ele>18.3</ele>
      </trkpt>
      <trkpt lat="35.39026" lon="128.87172">
        <ele>16.0</ele>
      </trkpt>
      <trkpt lat="35.38974" lon="128.87205">
        <ele>20.1</ele>
      </trkpt>
      <trkpt lat="35.38898" lon="128.87238">
        <ele>21.6</ele>
      </trkpt>
      <trkpt lat="35.38821" lon="128.8727">
        <ele>19.1</ele>
      </trkpt>
      <trkpt lat="35.38745" lon="128.872909">
        <ele>13.3</ele>
      </trkpt>
      <trkpt lat="35.38669" lon="128.87312">
        <ele>16.9</ele>
      </trkpt>
      <trkpt lat="35.38593" lon="128.87332">
        <ele>16.5</ele>
      </trkpt>
      <trkpt lat="35.38541" lon="128.87343">
        <ele>16.3</ele>
      </trkpt>
      <trkpt lat="35.3849" lon="128.873528">
        <ele>16.5</ele>
      </trkpt>
      <trkpt lat="35.38412" lon="128.87366">
        <ele>18.3</ele>
      </trkpt>
      <trkpt lat="35.38344" lon="128.87394">
        <ele>28.1</ele>
      </trkpt>
      <trkpt lat="35.38325" lon="128.87401">
        <ele>29.0</ele>
      </trkpt>
      <trkpt lat="35.38289" lon="128.87404">
        <ele>23.6</ele>
      </trkpt>
      <trkpt lat="35.38257" lon="128.87397">
        <ele>16.1</ele>
      </trkpt>
      <trkpt lat="35.38237" lon="128.873978">
        <ele>13.1</ele>
      </trkpt>
      <trkpt lat="35.38213" lon="128.87402">
        <ele>9.8</ele>
      </trkpt>
      <trkpt lat="35.38193" lon="128.87414">
        <ele>7.2</ele>
      </trkpt>
      <trkpt lat="35.38186" lon="128.87421">
        <ele>6.7</ele>
      </trkpt>
      <trkpt lat="35.38162" lon="128.87441">
        <ele>5.2</ele>
      </trkpt>
      <trkpt lat="35.38092" lon="128.87473">
        <ele>8.2</ele>
      </trkpt>
      <trkpt lat="35.38018" lon="128.87513">
        <ele>9.9</ele>
      </trkpt>
      <trkpt lat="35.37943" lon="128.87553">
        <ele>7.2</ele>
      </trkpt>
      <trkpt lat="35.37868" lon="128.87593">
        <ele>5.3</ele>
      </trkpt>
      <trkpt lat="35.37802" lon="128.87655">
        <ele>6.7</ele>
      </trkpt>
      <trkpt lat="35.37741" lon="128.87723">
        <ele>4.3</ele>
      </trkpt>
      <trkpt lat="35.3768" lon="128.87791">
        <ele>6.3</ele>
      </trkpt>
      <trkpt lat="35.37619" lon="128.87859">
        <ele>8.5</ele>
      </trkpt>
      <trkpt lat="35.37558" lon="128.879269">
        <ele>8.6</ele>
      </trkpt>
      <trkpt lat="35.37497" lon="128.87995">
        <ele>8.7</ele>
      </trkpt>
      <trkpt lat="35.37437" lon="128.88063">
        <ele>9.5</ele>
      </trkpt>
      <trkpt lat="35.37387" lon="128.881329">
        <ele>10.2</ele>
      </trkpt>
      <trkpt lat="35.37337" lon="128.882038">
        <ele>9.4</ele>
      </trkpt>
      <trkpt lat="35.37298" lon="128.88289">
        <ele>12.3</ele>
      </trkpt>
      <trkpt lat="35.37259" lon="128.883749">
        <ele>10.1</ele>
      </trkpt>
      <trkpt lat="35.37238" lon="128.88442">
        <ele>8.8</ele>
      </trkpt>
      <trkpt lat="35.37218" lon="128.885089">
        <ele>8.5</ele>
      </trkpt>
      <trkpt lat="35.37206" lon="128.88594">
        <ele>8.4</ele>
      </trkpt>
      <trkpt lat="35.37194" lon="128.886777">
        <ele>7.6</ele>
      </trkpt>
      <trkpt lat="35.37182" lon="128.88763">
        <ele>6.9</ele>
      </trkpt>
      <trkpt lat="35.37167" lon="128.88792">
        <ele>6.0</ele>
      </trkpt>
      <trkpt lat="35.37152" lon="128.88811">
        <ele>5.7</ele>
      </trkpt>
      <trkpt lat="35.37136" lon="128.888207">
        <ele>5.8</ele>
      </trkpt>
      <trkpt lat="35.37086" lon="128.88843">
        <ele>6.8</ele>
      </trkpt>
      <trkpt lat="35.3707" lon="128.88863">
        <ele>7.0</ele>
      </trkpt>
      <trkpt lat="35.37069" lon="128.88891">
        <ele>6.7</ele>
      </trkpt>
      <trkpt lat="35.3707" lon="128.88905">
        <ele>6.5</ele>
      </trkpt>
      <trkpt lat="35.37083" lon="128.88914">
        <ele>6.0</ele>
      </trkpt>
      <trkpt lat="35.37115" lon="128.889299">
        <ele>6.3</ele>
      </trkpt>
      <trkpt lat="35.37133" lon="128.88958">
        <ele>6.7</ele>
      </trkpt>
      <trkpt lat="35.37139" lon="128.889907">
        <ele>7.0</ele>
      </trkpt>
      <trkpt lat="35.37136" lon="128.89031">
        <ele>7.4</ele>
      </trkpt>
      <trkpt lat="35.37119" lon="128.89134">
        <ele>8.0</ele>
      </trkpt>
      <trkpt lat="35.37102" lon="128.89237">
        <ele>6.8</ele>
      </trkpt>
      <trkpt lat="35.37086" lon="128.8934">
        <ele>5.0</ele>
      </trkpt>
      <trkpt lat="35.37069" lon="128.89443">
        <ele>4.9</ele>
      </trkpt>
      <trkpt lat="35.37053" lon="128.895468">
        <ele>5.4</ele>
      </trkpt>
      <trkpt lat="35.37036" lon="128.8965">
        <ele>5.2</ele>
      </trkpt>
      <trkpt lat="35.3702" lon="128.897528">
        <ele>5.0</ele>
      </trkpt>
      <trkpt lat="35.37003" lon="128.89856">
        <ele>6.5</ele>
      </trkpt>
      <trkpt lat="35.36987" lon="128.899599">
        <ele>7.2</ele>
      </trkpt>
      <trkpt lat="35.3697" lon="128.90063">
        <ele>6.2</ele>
      </trkpt>
      <trkpt lat="35.36954" lon="128.90166">
        <ele>5.6</ele>
      </trkpt>
      <trkpt lat="35.36937" lon="128.90269">
        <ele>5.0</ele>
      </trkpt>
      <trkpt lat="35.36921" lon="128.90373">
        <ele>5.9</ele>
      </trkpt>
      <trkpt lat="35.3691" lon="128.904519">
        <ele>5.7</ele>
      </trkpt>
      <trkpt lat="35.36878" lon="128.90501">
        <ele>5.5</ele>
      </trkpt>
      <trkpt lat="35.36847" lon="128.905509">
        <ele>5.9</ele>
      </trkpt>
      <trkpt lat="35.3684" lon="128.9065">
        <ele>6.0</ele>
      </trkpt>
      <trkpt lat="35.36833" lon="128.90749">
        <ele>6.0</ele>
      </trkpt>
      <trkpt lat="35.36826" lon="128.90848">
        <ele>5.2</ele>
      </trkpt>
      <trkpt lat="35.36819" lon="128.90948">
        <ele>5.7</ele>
      </trkpt>
      <trkpt lat="35.36812" lon="128.91047">
        <ele>4.3</ele>
      </trkpt>
      <trkpt lat="35.36805" lon="128.91146">
        <ele>4.0</ele>
      </trkpt>
      <trkpt lat="35.36785" lon="128.91226">
        <ele>4.3</ele>
      </trkpt>
      <trkpt lat="35.36765" lon="128.91306">
        <ele>4.0</ele>
      </trkpt>
      <trkpt lat="35.36745" lon="128.91386">
        <ele>5.3</ele>
      </trkpt>
      <trkpt lat="35.3672" lon="128.914448">
        <ele>6.5</ele>
      </trkpt>
      <trkpt lat="35.36695" lon="128.91503">
        <ele>6.0</ele>
      </trkpt>
      <trkpt lat="35.36648" lon="128.91558">
        <ele>6.0</ele>
      </trkpt>
      <trkpt lat="35.36601" lon="128.91613">
        <ele>4.7</ele>
      </trkpt>
      <trkpt lat="35.36554" lon="128.916688">
        <ele>3.0</ele>
      </trkpt>
      <trkpt lat="35.3651" lon="128.917239">
        <ele>4.6</ele>
      </trkpt>
      <trkpt lat="35.3651" lon="128.917239">
        <ele>4.6</ele>
      </trkpt>
      <trkpt lat="35.36477" lon="128.91764">
        <ele>7.0</ele>
      </trkpt>
      <trkpt lat="35.36443" lon="128.91805">
        <ele>7.6</ele>
      </trkpt>
      <trkpt lat="35.36405" lon="128.91852">
        <ele>7.8</ele>
      </trkpt>
      <trkpt lat="35.36367" lon="128.919">
        <ele>7.8</ele>
      </trkpt>
      <trkpt lat="35.36298" lon="128.91961">
        <ele>7.2</ele>
      </trkpt>
      <trkpt lat="35.36242" lon="128.920268">
        <ele>8.7</ele>
      </trkpt>
      <trkpt lat="35.36204" lon="128.9205">
        <ele>7.8</ele>
      </trkpt>
      <trkpt lat="35.36166" lon="128.92113">
        <ele>9.8</ele>
      </trkpt>
      <trkpt lat="35.36128" lon="128.9215">
        <ele>8.1</ele>
      </trkpt>
      <trkpt lat="35.36069" lon="128.92232">
        <ele>8.7</ele>
      </trkpt>
      <trkpt lat="35.3601" lon="128.923138">
        <ele>11.6</ele>
      </trkpt>
      <trkpt lat="35.35952" lon="128.92396">
        <ele>10.1</ele>
      </trkpt>
      <trkpt lat="35.35932" lon="128.924208">
        <ele>8.9</ele>
      </trkpt>
      <trkpt lat="35.35918" lon="128.92445">
        <ele>8.9</ele>
      </trkpt>
      <trkpt lat="35.35858" lon="128.92514">
        <ele>10.6</ele>
      </trkpt>
      <trkpt lat="35.35798" lon="128.92584">
        <ele>11.8</ele>
      </trkpt>
      <trkpt lat="35.35755" lon="128.926268">
        <ele>7.4</ele>
      </trkpt>
      <trkpt lat="35.35703" lon="128.92669">
        <ele>6.1</ele>
      </trkpt>
      <trkpt lat="35.35652" lon="128.9271">
        <ele>11.2</ele>
      </trkpt>
      <trkpt lat="35.35605" lon="128.927427">
        <ele>11.5</ele>
      </trkpt>
      <trkpt lat="35.35578" lon="128.92768">
        <ele>12.0</ele>
      </trkpt>
      <trkpt lat="35.35511" lon="128.92838">
        <ele>12.3</ele>
      </trkpt>
      <trkpt lat="35.35444" lon="128.92908">
        <ele>12.4</ele>
      </trkpt>
      <trkpt lat="35.35434" lon="128.92912">
        <ele>10.9</ele>
      </trkpt>
      <trkpt lat="35.35411" lon="128.92942">
        <ele>13.4</ele>
      </trkpt>
      <trkpt lat="35.35408" lon="128.92951">
        <ele>15.0</ele>
      </trkpt>
      <trkpt lat="35.3536" lon="128.93015">
        <ele>16.6</ele>
      </trkpt>
      <trkpt lat="35.35311" lon="128.93079">
        <ele>16.3</ele>
      </trkpt>
      <trkpt lat="35.35263" lon="128.93144">
        <ele>17.9</ele>
      </trkpt>
      <trkpt lat="35.35215" lon="128.93208">
        <ele>22.9</ele>
      </trkpt>
      <trkpt lat="35.35192" lon="128.93231">
        <ele>20.8</ele>
      </trkpt>
      <trkpt lat="35.35185" lon="128.9324">
        <ele>19.8</ele>
      </trkpt>
      <trkpt lat="35.35177" lon="128.932448">
        <ele>17.5</ele>
      </trkpt>
      <trkpt lat="35.35172" lon="128.932549">
        <ele>16.8</ele>
      </trkpt>
      <trkpt lat="35.35165" lon="128.932617">
        <ele>15.4</ele>
      </trkpt>
      <trkpt lat="35.35155" lon="128.93267">
        <ele>15.0</ele>
      </trkpt>
      <trkpt lat="35.3514" lon="128.932808">
        <ele>14.6</ele>
      </trkpt>
      <trkpt lat="35.35136" lon="128.932898">
        <ele>14.8</ele>
      </trkpt>
      <trkpt lat="35.35134" lon="128.93302">
        <ele>15.3</ele>
      </trkpt>
      <trkpt lat="35.35114" lon="128.93337">
        <ele>13.2</ele>
      </trkpt>
      <trkpt lat="35.35054" lon="128.934148">
        <ele>9.5</ele>
      </trkpt>
      <trkpt lat="35.34994" lon="128.93493">
        <ele>10.9</ele>
      </trkpt>
      <trkpt lat="35.34942" lon="128.93555">
        <ele>17.0</ele>
      </trkpt>
      <trkpt lat="35.34895" lon="128.93599">
        <ele>16.2</ele>
      </trkpt>
      <trkpt lat="35.34847" lon="128.93642">
        <ele>17.7</ele>
      </trkpt>
      <trkpt lat="35.34844" lon="128.93645">
        <ele>17.5</ele>
      </trkpt>
      <trkpt lat="35.34835" lon="128.936478">
        <ele>15.7</ele>
      </trkpt>
      <trkpt lat="35.34824" lon="128.93653">
        <ele>15.3</ele>
      </trkpt>
      <trkpt lat="35.34811" lon="128.93663">
        <ele>15.7</ele>
      </trkpt>
      <trkpt lat="35.34755" lon="128.93721">
        <ele>10.2</ele>
      </trkpt>
      <trkpt lat="35.34699" lon="128.93778">
        <ele>6.1</ele>
      </trkpt>
      <trkpt lat="35.34643" lon="128.938358">
        <ele>5.7</ele>
      </trkpt>
      <trkpt lat="35.34586" lon="128.93894">
        <ele>6.4</ele>
      </trkpt>
      <trkpt lat="35.3453" lon="128.939517">
        <ele>6.5</ele>
      </trkpt>
      <trkpt lat="35.34491" lon="128.939878">
        <ele>8.7</ele>
      </trkpt>
      <trkpt lat="35.34448" lon="128.940328">
        <ele>12.9</ele>
      </trkpt>
      <trkpt lat="35.34439" lon="128.94037">
        <ele>13.0</ele>
      </trkpt>
      <trkpt lat="35.34421" lon="128.94037">
        <ele>12.1</ele>
      </trkpt>
      <trkpt lat="35.34412" lon="128.9404">
        <ele>11.9</ele>
      </trkpt>
      <trkpt lat="35.34403" lon="128.94041">
        <ele>11.3</ele>
      </trkpt>
      <trkpt lat="35.3439" lon="128.94055">
        <ele>11.8</ele>
      </trkpt>
      <trkpt lat="35.34355" lon="128.94079">
        <ele>10.9</ele>
      </trkpt>
      <trkpt lat="35.34347" lon="128.94084">
        <ele>10.5</ele>
      </trkpt>
      <trkpt lat="35.3434" lon="128.94091">
        <ele>9.6</ele>
      </trkpt>
      <trkpt lat="35.34334" lon="128.941127">
        <ele>8.7</ele>
      </trkpt>
      <trkpt lat="35.34332" lon="128.94124">
        <ele>8.4</ele>
      </trkpt>
      <trkpt lat="35.34327" lon="128.94146">
        <ele>8.0</ele>
      </trkpt>
      <trkpt lat="35.34322" lon="128.94155">
        <ele>7.7</ele>
      </trkpt>
      <trkpt lat="35.34274" lon="128.94217">
        <ele>5.3</ele>
      </trkpt>
      <trkpt lat="35.34226" lon="128.9428">
        <ele>4.4</ele>
      </trkpt>
      <trkpt lat="35.34178" lon="128.94342">
        <ele>5.7</ele>
      </trkpt>
      <trkpt lat="35.34138" lon="128.94426">
        <ele>8.9</ele>
      </trkpt>
      <trkpt lat="35.34099" lon="128.94511">
        <ele>10.5</ele>
      </trkpt>
      <trkpt lat="35.34059" lon="128.94595">
        <ele>7.8</ele>
      </trkpt>
      <trkpt lat="35.34044" lon="128.946339">
        <ele>7.6</ele>
      </trkpt>
      <trkpt lat="35.34033" lon="128.94672">
        <ele>7.4</ele>
      </trkpt>
      <trkpt lat="35.34008" lon="128.94761">
        <ele>6.9</ele>
      </trkpt>
      <trkpt lat="35.33983" lon="128.9485">
        <ele>8.2</ele>
      </trkpt>
      <trkpt lat="35.33974" lon="128.948737">
        <ele>7.9</ele>
      </trkpt>
      <trkpt lat="35.33961" lon="128.949277">
        <ele>7.4</ele>
      </trkpt>
      <trkpt lat="35.33934" lon="128.95017">
        <ele>5.9</ele>
      </trkpt>
      <trkpt lat="35.33912" lon="128.95076">
        <ele>5.1</ele>
      </trkpt>
      <trkpt lat="35.33878" lon="128.951529">
        <ele>5.8</ele>
      </trkpt>
      <trkpt lat="35.33848" lon="128.952317">
        <ele>6.1</ele>
      </trkpt>
      <trkpt lat="35.33832" lon="128.95281">
        <ele>6.0</ele>
      </trkpt>
      <trkpt lat="35.33821" lon="128.95326">
        <ele>5.7</ele>
      </trkpt>
      <trkpt lat="35.33804" lon="128.95391">
        <ele>6.4</ele>
      </trkpt>
      <trkpt lat="35.33787" lon="128.95455">
        <ele>6.1</ele>
      </trkpt>
      <trkpt lat="35.33772" lon="128.95508">
        <ele>5.3</ele>
      </trkpt>
      <trkpt lat="35.33757" lon="128.9556">
        <ele>6.4</ele>
      </trkpt>
      <trkpt lat="35.3373" lon="128.95646">
        <ele>5.6</ele>
      </trkpt>
      <trkpt lat="35.33703" lon="128.95732">
        <ele>6.0</ele>
      </trkpt>
      <trkpt lat="35.33686" lon="128.95784">
        <ele>6.5</ele>
      </trkpt>
      <trkpt lat="35.33668" lon="128.95836">
        <ele>7.0</ele>
      </trkpt>
      <trkpt lat="35.33659" lon="128.95867">
        <ele>6.7</ele>
      </trkpt>
      <trkpt lat="35.33644" lon="128.95926">
        <ele>6.6</ele>
      </trkpt>
      <trkpt lat="35.33631" lon="128.96">
        <ele>7.1</ele>
      </trkpt>
      <trkpt lat="35.33625" lon="128.960208">
        <ele>7.3</ele>
      </trkpt>
      <trkpt lat="35.33611" lon="128.96052">
        <ele>7.3</ele>
      </trkpt>
      <trkpt lat="35.3359" lon="128.96089">
        <ele>7.2</ele>
      </trkpt>
      <trkpt lat="35.33582" lon="128.96108">
        <ele>7.0</ele>
      </trkpt>
      <trkpt lat="35.33573" lon="128.96135">
        <ele>6.8</ele>
      </trkpt>
      <trkpt lat="35.33566" lon="128.96171">
        <ele>6.6</ele>
      </trkpt>
      <trkpt lat="35.33559" lon="128.962099">
        <ele>6.0</ele>
      </trkpt>
      <trkpt lat="35.33554" lon="128.96251">
        <ele>5.3</ele>
      </trkpt>
      <trkpt lat="35.33549" lon="128.96275">
        <ele>5.3</ele>
      </trkpt>
      <trkpt lat="35.33542" lon="128.962989">
        <ele>5.4</ele>
      </trkpt>
      <trkpt lat="35.33509" lon="128.9639">
        <ele>4.6</ele>
      </trkpt>
      <trkpt lat="35.3349" lon="128.96452">
        <ele>5.2</ele>
      </trkpt>
      <trkpt lat="35.33477" lon="128.96498">
        <ele>6.7</ele>
      </trkpt>
      <trkpt lat="35.33465" lon="128.96539">
        <ele>6.4</ele>
      </trkpt>
      <trkpt lat="35.33455" lon="128.96562">
        <ele>6.1</ele>
      </trkpt>
      <trkpt lat="35.33444" lon="128.96581">
        <ele>5.7</ele>
      </trkpt>
      <trkpt lat="35.33428" lon="128.96613">
        <ele>5.2</ele>
      </trkpt>
      <trkpt lat="35.33405" lon="128.96668">
        <ele>4.9</ele>
      </trkpt>
      <trkpt lat="35.33383" lon="128.967188">
        <ele>4.7</ele>
      </trkpt>
      <trkpt lat="35.3336" lon="128.96769">
        <ele>3.4</ele>
      </trkpt>
      <trkpt lat="35.33334" lon="128.96813">
        <ele>0.8</ele>
      </trkpt>
      <trkpt lat="35.33324" lon="128.96834">
        <ele>0.0</ele>
      </trkpt>
      <trkpt lat="35.33308" lon="128.96882">
        <ele>1.8</ele>
      </trkpt>
      <trkpt lat="35.33286" lon="128.96964">
        <ele>2.8</ele>
      </trkpt>
      <trkpt lat="35.33284" lon="128.96981">
        <ele>2.7</ele>
      </trkpt>
      <trkpt lat="35.33284" lon="128.96991">
        <ele>2.7</ele>
      </trkpt>
      <trkpt lat="35.33287" lon="128.97">
        <ele>2.8</ele>
      </trkpt>
      <trkpt lat="35.33293" lon="128.97007">
        <ele>3.1</ele>
      </trkpt>
      <trkpt lat="35.33296" lon="128.970137">
        <ele>3.4</ele>
      </trkpt>
      <trkpt lat="35.33298" lon="128.97026">
        <ele>3.6</ele>
      </trkpt>
      <trkpt lat="35.33297" lon="128.97031">
        <ele>3.6</ele>
      </trkpt>
      <trkpt lat="35.33294" lon="128.97039">
        <ele>3.6</ele>
      </trkpt>
      <trkpt lat="35.33283" lon="128.97058">
        <ele>3.7</ele>
      </trkpt>
      <trkpt lat="35.33273" lon="128.97079">
        <ele>3.9</ele>
      </trkpt>
      <trkpt lat="35.33272" lon="128.97081">
        <ele>3.9</ele>
      </trkpt>
      <trkpt lat="35.3326" lon="128.97092">
        <ele>4.1</ele>
      </trkpt>
      <trkpt lat="35.33228" lon="128.97133">
        <ele>4.6</ele>
      </trkpt>
      <trkpt lat="35.33197" lon="128.97174">
        <ele>7.4</ele>
      </trkpt>
      <trkpt lat="35.33181" lon="128.9719">
        <ele>8.6</ele>
      </trkpt>
      <trkpt lat="35.33167" lon="128.97204">
        <ele>9.4</ele>
      </trkpt>
      <trkpt lat="35.33139" lon="128.97228">
        <ele>9.0</ele>
      </trkpt>
      <trkpt lat="35.33097" lon="128.97261">
        <ele>9.5</ele>
      </trkpt>
      <trkpt lat="35.33051" lon="128.972918">
        <ele>11.3</ele>
      </trkpt>
      <trkpt lat="35.33028" lon="128.97307">
        <ele>11.9</ele>
      </trkpt>
      <trkpt lat="35.33008" lon="128.97318">
        <ele>12.1</ele>
      </trkpt>
      <trkpt lat="35.32938" lon="128.973458">
        <ele>11.5</ele>
      </trkpt>
      <trkpt lat="35.32889" lon="128.97366">
        <ele>13.9</ele>
      </trkpt>
      <trkpt lat="35.32872" lon="128.973717">
        <ele>15.0</ele>
      </trkpt>
      <trkpt lat="35.32821" lon="128.973818">
        <ele>16.4</ele>
      </trkpt>
      <trkpt lat="35.32793" lon="128.97389">
        <ele>17.1</ele>
      </trkpt>
      <trkpt lat="35.32776" lon="128.97389">
        <ele>16.7</ele>
      </trkpt>
      <trkpt lat="35.32717" lon="128.97403">
        <ele>16.9</ele>
      </trkpt>
      <trkpt lat="35.32709" lon="128.97406">
        <ele>16.9</ele>
      </trkpt>
      <trkpt lat="35.32673" lon="128.97422">
        <ele>17.7</ele>
      </trkpt>
      <trkpt lat="35.32619" lon="128.97432">
        <ele>18.9</ele>
      </trkpt>
      <trkpt lat="35.32594" lon="128.974347">
        <ele>18.9</ele>
      </trkpt>
      <trkpt lat="35.32579" lon="128.974359">
        <ele>18.4</ele>
      </trkpt>
      <trkpt lat="35.32557" lon="128.97434">
        <ele>16.0</ele>
      </trkpt>
      <trkpt lat="35.32523" lon="128.97424">
        <ele>10.5</ele>
      </trkpt>
      <trkpt lat="35.32508" lon="128.97425">
        <ele>9.8</ele>
      </trkpt>
      <trkpt lat="35.32492" lon="128.97428">
        <ele>10.3</ele>
      </trkpt>
      <trkpt lat="35.32454" lon="128.974257">
        <ele>11.4</ele>
      </trkpt>
      <trkpt lat="35.32429" lon="128.974257">
        <ele>12.4</ele>
      </trkpt>
      <trkpt lat="35.32398" lon="128.97428">
        <ele>14.9</ele>
      </trkpt>
      <trkpt lat="35.32387" lon="128.974268">
        <ele>15.6</ele>
      </trkpt>
      <trkpt lat="35.32366" lon="128.97421">
        <ele>15.4</ele>
      </trkpt>
      <trkpt lat="35.32358" lon="128.97419">
        <ele>15.3</ele>
      </trkpt>
      <trkpt lat="35.32336" lon="128.97419">
        <ele>15.2</ele>
      </trkpt>
      <trkpt lat="35.32329" lon="128.974178">
        <ele>15.1</ele>
      </trkpt>
      <trkpt lat="35.32321" lon="128.97414">
        <ele>15.1</ele>
      </trkpt>
      <trkpt lat="35.32275" lon="128.973897">
        <ele>14.9</ele>
      </trkpt>
      <trkpt lat="35.32238" lon="128.973728">
        <ele>14.8</ele>
      </trkpt>
      <trkpt lat="35.3223" lon="128.97371">
        <ele>14.8</ele>
      </trkpt>
      <trkpt lat="35.32191" lon="128.97366">
        <ele>14.6</ele>
      </trkpt>
      <trkpt lat="35.32141" lon="128.973559">
        <ele>14.4</ele>
      </trkpt>
      <trkpt lat="35.32099" lon="128.97351">
        <ele>14.3</ele>
      </trkpt>
      <trkpt lat="35.32032" lon="128.97351">
        <ele>14.0</ele>
      </trkpt>
      <trkpt lat="35.31985" lon="128.973469">
        <ele>13.9</ele>
      </trkpt>
      <trkpt lat="35.31938" lon="128.97336">
        <ele>13.7</ele>
      </trkpt>
      <trkpt lat="35.31883" lon="128.9734">
        <ele>13.5</ele>
      </trkpt>
      <trkpt lat="35.31828" lon="128.9734">
        <ele>13.3</ele>
      </trkpt>
      <trkpt lat="35.31797" lon="128.97331">
        <ele>13.2</ele>
      </trkpt>
      <trkpt lat="35.31792" lon="128.97331">
        <ele>13.1</ele>
      </trkpt>
      <trkpt lat="35.31741" lon="128.9734">
        <ele>13.0</ele>
      </trkpt>
      <trkpt lat="35.31717" lon="128.9735">
        <ele>12.9</ele>
      </trkpt>
      <trkpt lat="35.31717" lon="128.9735">
        <ele>12.9</ele>
      </trkpt>
      <trkpt lat="35.317" lon="128.97357">
        <ele>12.8</ele>
      </trkpt>
      <trkpt lat="35.31694" lon="128.97362">
        <ele>12.8</ele>
      </trkpt>
      <trkpt lat="35.31682" lon="128.9738">
        <ele>12.7</ele>
      </trkpt>
      <trkpt lat="35.31666" lon="128.97385">
        <ele>12.6</ele>
      </trkpt>
      <trkpt lat="35.31647" lon="128.97394">
        <ele>12.6</ele>
      </trkpt>
      <trkpt lat="35.31632" lon="128.97395">
        <ele>12.5</ele>
      </trkpt>
      <trkpt lat="35.31607" lon="128.974077">
        <ele>12.4</ele>
      </trkpt>
      <trkpt lat="35.3158" lon="128.97424">
        <ele>12.3</ele>
      </trkpt>
      <trkpt lat="35.31554" lon="128.97441">
        <ele>12.2</ele>
      </trkpt>
      <trkpt lat="35.31522" lon="128.97468">
        <ele>12.0</ele>
      </trkpt>
      <trkpt lat="35.31499" lon="128.97484">
        <ele>12.0</ele>
      </trkpt>
      <trkpt lat="35.3148" lon="128.975">
        <ele>12.3</ele>
      </trkpt>
      <trkpt lat="35.31427" lon="128.975428">
        <ele>11.6</ele>
      </trkpt>
      <trkpt lat="35.31374" lon="128.975867">
        <ele>10.9</ele>
      </trkpt>
      <trkpt lat="35.31333" lon="128.97619">
        <ele>10.7</ele>
      </trkpt>
      <trkpt lat="35.31293" lon="128.976509">
        <ele>10.9</ele>
      </trkpt>
      <trkpt lat="35.31244" lon="128.97692">
        <ele>12.6</ele>
      </trkpt>
      <trkpt lat="35.31197" lon="128.97733">
        <ele>12.4</ele>
      </trkpt>
      <trkpt lat="35.31155" lon="128.97761">
        <ele>11.9</ele>
      </trkpt>
      <trkpt lat="35.31125" lon="128.977747">
        <ele>12.3</ele>
      </trkpt>
      <trkpt lat="35.31123" lon="128.977769">
        <ele>12.4</ele>
      </trkpt>
      <trkpt lat="35.31115" lon="128.97779">
        <ele>11.9</ele>
      </trkpt>
      <trkpt lat="35.31108" lon="128.97778">
        <ele>11.1</ele>
      </trkpt>
      <trkpt lat="35.31102" lon="128.977747">
        <ele>10.2</ele>
      </trkpt>
      <trkpt lat="35.31098" lon="128.97774">
        <ele>9.7</ele>
      </trkpt>
      <trkpt lat="35.31092" lon="128.977747">
        <ele>9.3</ele>
      </trkpt>
      <trkpt lat="35.3108" lon="128.97779">
        <ele>8.6</ele>
      </trkpt>
      <trkpt lat="35.3104" lon="128.97799">
        <ele>7.2</ele>
      </trkpt>
      <trkpt lat="35.31033" lon="128.978">
        <ele>6.7</ele>
      </trkpt>
      <trkpt lat="35.31026" lon="128.97799">
        <ele>6.3</ele>
      </trkpt>
      <trkpt lat="35.31023" lon="128.97827">
        <ele>6.8</ele>
      </trkpt>
      <trkpt lat="35.31024" lon="128.978377">
        <ele>7.2</ele>
      </trkpt>
      <trkpt lat="35.31018" lon="128.97863">
        <ele>7.6</ele>
      </trkpt>
      <trkpt lat="35.3102" lon="128.97886">
        <ele>8.7</ele>
      </trkpt>
      <trkpt lat="35.31024" lon="128.97896">
        <ele>9.6</ele>
      </trkpt>
      <trkpt lat="35.31025" lon="128.97907">
        <ele>10.2</ele>
      </trkpt>
      <trkpt lat="35.31024" lon="128.97915">
        <ele>10.4</ele>
      </trkpt>
      <trkpt lat="35.31016" lon="128.97927">
        <ele>9.4</ele>
      </trkpt>
      <trkpt lat="35.30988" lon="128.97966">
        <ele>7.4</ele>
      </trkpt>
      <trkpt lat="35.30938" lon="128.98029">
        <ele>7.3</ele>
      </trkpt>
      <trkpt lat="35.30909" lon="128.980888">
        <ele>6.8</ele>
      </trkpt>
      <trkpt lat="35.3089" lon="128.98124">
        <ele>6.4</ele>
      </trkpt>
      <trkpt lat="35.30855" lon="128.981788">
        <ele>5.6</ele>
      </trkpt>
      <trkpt lat="35.3085" lon="128.98191">
        <ele>5.6</ele>
      </trkpt>
      <trkpt lat="35.30862" lon="128.98199">
        <ele>5.7</ele>
      </trkpt>
      <trkpt lat="35.30877" lon="128.98213">
        <ele>5.8</ele>
      </trkpt>
      <trkpt lat="35.30906" lon="128.98237">
        <ele>6.1</ele>
      </trkpt>
      <trkpt lat="35.30928" lon="128.98258">
        <ele>5.9</ele>
      </trkpt>
      <trkpt lat="35.30932" lon="128.9827">
        <ele>5.8</ele>
      </trkpt>
      <trkpt lat="35.30933" lon="128.98279">
        <ele>5.8</ele>
      </trkpt>
      <trkpt lat="35.30932" lon="128.98301">
        <ele>5.6</ele>
      </trkpt>
      <trkpt lat="35.30911" lon="128.983229">
        <ele>5.1</ele>
      </trkpt>
      <trkpt lat="35.30899" lon="128.98338">
        <ele>5.0</ele>
      </trkpt>
      <trkpt lat="35.30882" lon="128.98365">
        <ele>4.8</ele>
      </trkpt>
      <trkpt lat="35.30857" lon="128.98413">
        <ele>4.3</ele>
      </trkpt>
      <trkpt lat="35.30857" lon="128.98413">
        <ele>4.3</ele>
      </trkpt>
      <trkpt lat="35.308211" lon="128.984669">
        <ele>5.0</ele>
      </trkpt>
      <trkpt lat="35.3082" lon="128.984659">
        <ele>5.0</ele>
      </trkpt>
      <trkpt lat="35.3081" lon="128.98479">
        <ele>5.5</ele>
      </trkpt>
    </trkseg>
  </trk>
</gpx>
