<?xml version="1.0" encoding="UTF-8"?>
<gpx xmlns:xsi="http://www.w3.org/2001/XMLSchema-instance" xmlns="http://www.topografix.com/GPX/1/1" xmlns:gpxdata="http://www.cluetrust.com/XML/GPXDATA/1/0" xsi:schemaLocation="http://www.topografix.com/GPX/1/1 http://www.topografix.com/GPX/1/1/gpx.xsd http://www.cluetrust.com/XML/GPXDATA/1/0 http://www.cluetrust.com/Schemas/gpxdata10.xsd" version="1.1" creator="http://ridewithgps.com/">
  <metadata>
    <name>B-200K</name>
    <link href="https://ridewithgps.com/routes/38574688">
      <text>B-200K</text>
    </link>
    <time>2022-02-16T08:22:34Z</time>
  </metadata>
  <wpt lon="128.96963465027514" lat="35.168483205121866">
    <name>Busan S/F</name>
    <sym>Dot</sym>
    <type>Dot</type>
  </wpt>
  <wpt lon="128.94791948609054" lat="35.10842862173124">
    <name>CP1 Eulsuk-do</name>
    <cmt>Gim Hae Si</cmt>
    <desc>Gim Hae Si</desc>
    <sym>Dot</sym>
    <type>Dot</type>
  </wpt>
  <wpt lon="128.47335800528526" lat="35.38863650523126">
    <name>CP2 Namji</name>
    <sym>Dot</sym>
    <type>Dot</type>
  </wpt>
  <wpt lon="128.5850779619068" lat="35.57031241245568">
    <name>CP3 Cheonhwangjae</name>
    <sym>Dot</sym>
    <type>Dot</type>
  </wpt>
  <wpt lon="128.74581889249384" lat="35.47288049943745">
    <name>CP4 Miryang</name>
    <sym>Dot</sym>
    <type>Dot</type>
  </wpt>
  <trk>
    <name>B-200K</name>
    <trkseg>
      <trkpt lat="35.168576" lon="128.9696219">
        <ele>1.9</ele>
      </trkpt>
      <trkpt lat="35.16863" lon="128.970216">
        <ele>2.3</ele>
      </trkpt>
      <trkpt lat="35.16864" lon="128.970861">
        <ele>3.2</ele>
      </trkpt>
      <trkpt lat="35.168356" lon="128.970868">
        <ele>3.8</ele>
      </trkpt>
      <trkpt lat="35.16789" lon="128.9709">
        <ele>3.1</ele>
      </trkpt>
      <trkpt lat="35.16727" lon="128.9708">
        <ele>2.5</ele>
      </trkpt>
      <trkpt lat="35.16665" lon="128.9707">
        <ele>1.6</ele>
      </trkpt>
      <trkpt lat="35.16627" lon="128.97057">
        <ele>-0.5</ele>
      </trkpt>
      <trkpt lat="35.1656199" lon="128.9704099">
        <ele>-1.4</ele>
      </trkpt>
      <trkpt lat="35.1649699" lon="128.97025">
        <ele>-1.2</ele>
      </trkpt>
      <trkpt lat="35.16458" lon="128.97029">
        <ele>0.7</ele>
      </trkpt>
      <trkpt lat="35.16415" lon="128.97046">
        <ele>2.4</ele>
      </trkpt>
      <trkpt lat="35.1636499" lon="128.97046">
        <ele>2.0</ele>
      </trkpt>
      <trkpt lat="35.16336" lon="128.97046">
        <ele>1.8</ele>
      </trkpt>
      <trkpt lat="35.16326" lon="128.97045">
        <ele>1.8</ele>
      </trkpt>
      <trkpt lat="35.16265" lon="128.97057">
        <ele>0.7</ele>
      </trkpt>
      <trkpt lat="35.16205" lon="128.97069">
        <ele>1.7</ele>
      </trkpt>
      <trkpt lat="35.16144" lon="128.97082">
        <ele>3.2</ele>
      </trkpt>
      <trkpt lat="35.16073" lon="128.97106">
        <ele>4.0</ele>
      </trkpt>
      <trkpt lat="35.1600899" lon="128.97115">
        <ele>4.0</ele>
      </trkpt>
      <trkpt lat="35.15968" lon="128.97096">
        <ele>4.4</ele>
      </trkpt>
      <trkpt lat="35.15928" lon="128.97056">
        <ele>4.3</ele>
      </trkpt>
      <trkpt lat="35.15922" lon="128.97018">
        <ele>3.5</ele>
      </trkpt>
      <trkpt lat="35.15908" lon="128.9697">
        <ele>2.1</ele>
      </trkpt>
      <trkpt lat="35.15878" lon="128.96962">
        <ele>2.3</ele>
      </trkpt>
      <trkpt lat="35.15882" lon="128.9692">
        <ele>0.9</ele>
      </trkpt>
      <trkpt lat="35.15884" lon="128.968982">
        <ele>1.3</ele>
      </trkpt>
      <trkpt lat="35.15884" lon="128.9689799">
        <ele>1.3</ele>
      </trkpt>
      <trkpt lat="35.1581" lon="128.96894">
        <ele>2.3</ele>
      </trkpt>
      <trkpt lat="35.15749" lon="128.96868">
        <ele>3.2</ele>
      </trkpt>
      <trkpt lat="35.15694" lon="128.96811">
        <ele>3.2</ele>
      </trkpt>
      <trkpt lat="35.15647" lon="128.96766">
        <ele>3.5</ele>
      </trkpt>
      <trkpt lat="35.15598" lon="128.96746">
        <ele>3.2</ele>
      </trkpt>
      <trkpt lat="35.15566" lon="128.96741">
        <ele>3.0</ele>
      </trkpt>
      <trkpt lat="35.15495" lon="128.96772">
        <ele>3.1</ele>
      </trkpt>
      <trkpt lat="35.15449" lon="128.96779">
        <ele>4.0</ele>
      </trkpt>
      <trkpt lat="35.15403" lon="128.96752">
        <ele>5.9</ele>
      </trkpt>
      <trkpt lat="35.15369" lon="128.96703">
        <ele>5.0</ele>
      </trkpt>
      <trkpt lat="35.15317" lon="128.96688">
        <ele>2.7</ele>
      </trkpt>
      <trkpt lat="35.15305" lon="128.96759">
        <ele>3.9</ele>
      </trkpt>
      <trkpt lat="35.15292" lon="128.9683">
        <ele>3.0</ele>
      </trkpt>
      <trkpt lat="35.15283" lon="128.96886">
        <ele>2.1</ele>
      </trkpt>
      <trkpt lat="35.1527699" lon="128.96888">
        <ele>1.9</ele>
      </trkpt>
      <trkpt lat="35.15271" lon="128.96894">
        <ele>1.6</ele>
      </trkpt>
      <trkpt lat="35.15266" lon="128.96911">
        <ele>1.4</ele>
      </trkpt>
      <trkpt lat="35.1526" lon="128.96947">
        <ele>1.5</ele>
      </trkpt>
      <trkpt lat="35.15254" lon="128.96974">
        <ele>1.7</ele>
      </trkpt>
      <trkpt lat="35.15244" lon="128.9704">
        <ele>2.3</ele>
      </trkpt>
      <trkpt lat="35.15235" lon="128.97106">
        <ele>2.4</ele>
      </trkpt>
      <trkpt lat="35.1522099" lon="128.97122">
        <ele>1.9</ele>
      </trkpt>
      <trkpt lat="35.15176" lon="128.97117">
        <ele>-0.7</ele>
      </trkpt>
      <trkpt lat="35.15104" lon="128.9709499">
        <ele>-2.4</ele>
      </trkpt>
      <trkpt lat="35.15032" lon="128.97074">
        <ele>-0.3</ele>
      </trkpt>
      <trkpt lat="35.14957" lon="128.9704099">
        <ele>-0.8</ele>
      </trkpt>
      <trkpt lat="35.1488299" lon="128.97009">
        <ele>-1.7</ele>
      </trkpt>
      <trkpt lat="35.14808" lon="128.96976">
        <ele>-1.6</ele>
      </trkpt>
      <trkpt lat="35.1472399" lon="128.96943">
        <ele>0.3</ele>
      </trkpt>
      <trkpt lat="35.1463899" lon="128.9691">
        <ele>1.5</ele>
      </trkpt>
      <trkpt lat="35.14555" lon="128.96877">
        <ele>1.9</ele>
      </trkpt>
      <trkpt lat="35.145341" lon="128.9686989">
        <ele>2.0</ele>
      </trkpt>
      <trkpt lat="35.145189" lon="128.968787">
        <ele>2.3</ele>
      </trkpt>
      <trkpt lat="35.14446" lon="128.96847">
        <ele>2.4</ele>
      </trkpt>
      <trkpt lat="35.1437" lon="128.96814">
        <ele>3.0</ele>
      </trkpt>
      <trkpt lat="35.14307" lon="128.96785">
        <ele>3.2</ele>
      </trkpt>
      <trkpt lat="35.14244" lon="128.96755">
        <ele>3.1</ele>
      </trkpt>
      <trkpt lat="35.14181" lon="128.96726">
        <ele>2.2</ele>
      </trkpt>
      <trkpt lat="35.14116" lon="128.96702">
        <ele>1.5</ele>
      </trkpt>
      <trkpt lat="35.14052" lon="128.96679">
        <ele>1.6</ele>
      </trkpt>
      <trkpt lat="35.13988" lon="128.96655">
        <ele>2.8</ele>
      </trkpt>
      <trkpt lat="35.13906" lon="128.96644">
        <ele>1.5</ele>
      </trkpt>
      <trkpt lat="35.13824" lon="128.96633">
        <ele>1.5</ele>
      </trkpt>
      <trkpt lat="35.13807" lon="128.96636">
        <ele>2.0</ele>
      </trkpt>
      <trkpt lat="35.13745" lon="128.96628">
        <ele>2.7</ele>
      </trkpt>
      <trkpt lat="35.13718" lon="128.96622">
        <ele>3.0</ele>
      </trkpt>
      <trkpt lat="35.13637" lon="128.96595">
        <ele>3.6</ele>
      </trkpt>
      <trkpt lat="35.13556" lon="128.96568">
        <ele>2.9</ele>
      </trkpt>
      <trkpt lat="35.1347499" lon="128.96541">
        <ele>1.8</ele>
      </trkpt>
      <trkpt lat="35.13394" lon="128.96514">
        <ele>0.6</ele>
      </trkpt>
      <trkpt lat="35.13313" lon="128.96487">
        <ele>0.4</ele>
      </trkpt>
      <trkpt lat="35.13232" lon="128.9646">
        <ele>3.8</ele>
      </trkpt>
      <trkpt lat="35.13151" lon="128.96433">
        <ele>2.2</ele>
      </trkpt>
      <trkpt lat="35.1307" lon="128.96407">
        <ele>2.6</ele>
      </trkpt>
      <trkpt lat="35.12985" lon="128.9638">
        <ele>1.5</ele>
      </trkpt>
      <trkpt lat="35.12942" lon="128.96366">
        <ele>1.7</ele>
      </trkpt>
      <trkpt lat="35.12888" lon="128.96347">
        <ele>1.3</ele>
      </trkpt>
      <trkpt lat="35.12833" lon="128.96328">
        <ele>0.0</ele>
      </trkpt>
      <trkpt lat="35.12764" lon="128.9630699">
        <ele>3.4</ele>
      </trkpt>
      <trkpt lat="35.12719" lon="128.96291">
        <ele>2.8</ele>
      </trkpt>
      <trkpt lat="35.12674" lon="128.96275">
        <ele>1.5</ele>
      </trkpt>
      <trkpt lat="35.1259" lon="128.96248">
        <ele>5.4</ele>
      </trkpt>
      <trkpt lat="35.12506" lon="128.9622">
        <ele>2.7</ele>
      </trkpt>
      <trkpt lat="35.12422" lon="128.96192">
        <ele>1.8</ele>
      </trkpt>
      <trkpt lat="35.12338" lon="128.96164">
        <ele>4.6</ele>
      </trkpt>
      <trkpt lat="35.12254" lon="128.9613699">
        <ele>3.8</ele>
      </trkpt>
      <trkpt lat="35.1217" lon="128.96109">
        <ele>3.8</ele>
      </trkpt>
      <trkpt lat="35.12091" lon="128.96082">
        <ele>3.8</ele>
      </trkpt>
      <trkpt lat="35.12012" lon="128.96055">
        <ele>2.1</ele>
      </trkpt>
      <trkpt lat="35.11928" lon="128.96027">
        <ele>1.3</ele>
      </trkpt>
      <trkpt lat="35.11844" lon="128.95999">
        <ele>-1.7</ele>
      </trkpt>
      <trkpt lat="35.11759" lon="128.9597">
        <ele>2.1</ele>
      </trkpt>
      <trkpt lat="35.11675" lon="128.95942">
        <ele>1.2</ele>
      </trkpt>
      <trkpt lat="35.1159" lon="128.95914">
        <ele>0.0</ele>
      </trkpt>
      <trkpt lat="35.11506" lon="128.9588599">
        <ele>2.9</ele>
      </trkpt>
      <trkpt lat="35.11421" lon="128.95858">
        <ele>4.0</ele>
      </trkpt>
      <trkpt lat="35.11337" lon="128.9583">
        <ele>3.8</ele>
      </trkpt>
      <trkpt lat="35.11252" lon="128.95802">
        <ele>3.1</ele>
      </trkpt>
      <trkpt lat="35.11189" lon="128.95787">
        <ele>3.2</ele>
      </trkpt>
      <trkpt lat="35.11126" lon="128.95773">
        <ele>3.8</ele>
      </trkpt>
      <trkpt lat="35.11099" lon="128.95769">
        <ele>4.5</ele>
      </trkpt>
      <trkpt lat="35.11022" lon="128.95753">
        <ele>6.3</ele>
      </trkpt>
      <trkpt lat="35.10945" lon="128.95737">
        <ele>5.4</ele>
      </trkpt>
      <trkpt lat="35.10869" lon="128.95719">
        <ele>3.8</ele>
      </trkpt>
      <trkpt lat="35.10793" lon="128.957">
        <ele>2.4</ele>
      </trkpt>
      <trkpt lat="35.10718" lon="128.95682">
        <ele>1.0</ele>
      </trkpt>
      <trkpt lat="35.10701" lon="128.95675">
        <ele>0.5</ele>
      </trkpt>
      <trkpt lat="35.10686" lon="128.95664">
        <ele>0.0</ele>
      </trkpt>
      <trkpt lat="35.10678" lon="128.95648">
        <ele>0.0</ele>
      </trkpt>
      <trkpt lat="35.10674" lon="128.95628">
        <ele>0.0</ele>
      </trkpt>
      <trkpt lat="35.10675" lon="128.9561">
        <ele>0.0</ele>
      </trkpt>
      <trkpt lat="35.1068799" lon="128.9551899">
        <ele>0.0</ele>
      </trkpt>
      <trkpt lat="35.10702" lon="128.95427">
        <ele>0.0</ele>
      </trkpt>
      <trkpt lat="35.10715" lon="128.95336">
        <ele>0.0</ele>
      </trkpt>
      <trkpt lat="35.10729" lon="128.95245">
        <ele>0.0</ele>
      </trkpt>
      <trkpt lat="35.10742" lon="128.95153">
        <ele>0.0</ele>
      </trkpt>
      <trkpt lat="35.10756" lon="128.9506199">
        <ele>0.7</ele>
      </trkpt>
      <trkpt lat="35.10756" lon="128.9506199">
        <ele>0.7</ele>
      </trkpt>
      <trkpt lat="35.10756" lon="128.9506199">
        <ele>0.7</ele>
      </trkpt>
      <trkpt lat="35.10765" lon="128.94999">
        <ele>2.5</ele>
      </trkpt>
      <trkpt lat="35.10778" lon="128.94895">
        <ele>5.5</ele>
      </trkpt>
      <trkpt lat="35.10785" lon="128.948389">
        <ele>9.4</ele>
      </trkpt>
      <trkpt lat="35.108432" lon="128.948001">
        <ele>10.5</ele>
      </trkpt>
      <trkpt lat="35.108403" lon="128.947807">
        <ele>10.3</ele>
      </trkpt>
      <trkpt lat="35.107956" lon="128.9476">
        <ele>9.2</ele>
      </trkpt>
      <trkpt lat="35.10801" lon="128.9473999">
        <ele>9.0</ele>
      </trkpt>
      <trkpt lat="35.10812" lon="128.94672">
        <ele>7.9</ele>
      </trkpt>
      <trkpt lat="35.1081999" lon="128.94658">
        <ele>7.6</ele>
      </trkpt>
      <trkpt lat="35.10831" lon="128.94648">
        <ele>7.5</ele>
      </trkpt>
      <trkpt lat="35.10823" lon="128.9463">
        <ele>7.1</ele>
      </trkpt>
      <trkpt lat="35.10822" lon="128.94622">
        <ele>6.9</ele>
      </trkpt>
      <trkpt lat="35.10826" lon="128.94588">
        <ele>6.1</ele>
      </trkpt>
      <trkpt lat="35.1083" lon="128.9456999">
        <ele>6.0</ele>
      </trkpt>
      <trkpt lat="35.10833" lon="128.94564">
        <ele>6.0</ele>
      </trkpt>
      <trkpt lat="35.10832" lon="128.94553">
        <ele>6.0</ele>
      </trkpt>
      <trkpt lat="35.10848" lon="128.94448">
        <ele>6.0</ele>
      </trkpt>
      <trkpt lat="35.10849" lon="128.94416">
        <ele>5.8</ele>
      </trkpt>
      <trkpt lat="35.10857" lon="128.94356">
        <ele>5.2</ele>
      </trkpt>
      <trkpt lat="35.10866" lon="128.94296">
        <ele>4.7</ele>
      </trkpt>
      <trkpt lat="35.1087599" lon="128.94229">
        <ele>4.9</ele>
      </trkpt>
      <trkpt lat="35.10887" lon="128.94162">
        <ele>6.0</ele>
      </trkpt>
      <trkpt lat="35.10899" lon="128.94101">
        <ele>5.8</ele>
      </trkpt>
      <trkpt lat="35.10911" lon="128.94039">
        <ele>5.9</ele>
      </trkpt>
      <trkpt lat="35.10915" lon="128.9403">
        <ele>6.0</ele>
      </trkpt>
      <trkpt lat="35.1093" lon="128.93967">
        <ele>4.7</ele>
      </trkpt>
      <trkpt lat="35.10945" lon="128.93903">
        <ele>2.7</ele>
      </trkpt>
      <trkpt lat="35.1095" lon="128.93868">
        <ele>2.6</ele>
      </trkpt>
      <trkpt lat="35.10969" lon="128.9379099">
        <ele>1.2</ele>
      </trkpt>
      <trkpt lat="35.10989" lon="128.93714">
        <ele>0.0</ele>
      </trkpt>
      <trkpt lat="35.11008" lon="128.93638">
        <ele>0.0</ele>
      </trkpt>
      <trkpt lat="35.1103" lon="128.9356699">
        <ele>0.0</ele>
      </trkpt>
      <trkpt lat="35.11051" lon="128.93496">
        <ele>0.0</ele>
      </trkpt>
      <trkpt lat="35.1106" lon="128.93476">
        <ele>0.0</ele>
      </trkpt>
      <trkpt lat="35.11072" lon="128.93458">
        <ele>0.0</ele>
      </trkpt>
      <trkpt lat="35.11094" lon="128.93436">
        <ele>0.4</ele>
      </trkpt>
      <trkpt lat="35.1109" lon="128.93425">
        <ele>0.3</ele>
      </trkpt>
      <trkpt lat="35.11093" lon="128.93422">
        <ele>0.4</ele>
      </trkpt>
      <trkpt lat="35.1111099" lon="128.93406">
        <ele>1.9</ele>
      </trkpt>
      <trkpt lat="35.11131" lon="128.9339">
        <ele>3.3</ele>
      </trkpt>
      <trkpt lat="35.1121" lon="128.93349">
        <ele>4.0</ele>
      </trkpt>
      <trkpt lat="35.11244" lon="128.93336">
        <ele>4.0</ele>
      </trkpt>
      <trkpt lat="35.1126099" lon="128.9333399">
        <ele>3.4</ele>
      </trkpt>
      <trkpt lat="35.11285" lon="128.93337">
        <ele>2.2</ele>
      </trkpt>
      <trkpt lat="35.11307" lon="128.93344">
        <ele>1.1</ele>
      </trkpt>
      <trkpt lat="35.11338" lon="128.93362">
        <ele>0.1</ele>
      </trkpt>
      <trkpt lat="35.11407" lon="128.93407">
        <ele>2.3</ele>
      </trkpt>
      <trkpt lat="35.11477" lon="128.93452">
        <ele>3.8</ele>
      </trkpt>
      <trkpt lat="35.11546" lon="128.93498">
        <ele>4.9</ele>
      </trkpt>
      <trkpt lat="35.11615" lon="128.93543">
        <ele>3.3</ele>
      </trkpt>
      <trkpt lat="35.11693" lon="128.93593">
        <ele>3.6</ele>
      </trkpt>
      <trkpt lat="35.11772" lon="128.93644">
        <ele>3.9</ele>
      </trkpt>
      <trkpt lat="35.1185" lon="128.93694">
        <ele>2.8</ele>
      </trkpt>
      <trkpt lat="35.11912" lon="128.9373699">
        <ele>3.7</ele>
      </trkpt>
      <trkpt lat="35.11975" lon="128.93779">
        <ele>3.0</ele>
      </trkpt>
      <trkpt lat="35.12038" lon="128.9382">
        <ele>3.4</ele>
      </trkpt>
      <trkpt lat="35.12102" lon="128.93861">
        <ele>4.1</ele>
      </trkpt>
      <trkpt lat="35.12165" lon="128.93903">
        <ele>5.6</ele>
      </trkpt>
      <trkpt lat="35.12227" lon="128.93941">
        <ele>4.7</ele>
      </trkpt>
      <trkpt lat="35.12289" lon="128.9398">
        <ele>3.6</ele>
      </trkpt>
      <trkpt lat="35.12351" lon="128.94018">
        <ele>2.6</ele>
      </trkpt>
      <trkpt lat="35.12414" lon="128.94057">
        <ele>2.6</ele>
      </trkpt>
      <trkpt lat="35.12491" lon="128.94103">
        <ele>4.6</ele>
      </trkpt>
      <trkpt lat="35.12569" lon="128.9415">
        <ele>4.4</ele>
      </trkpt>
      <trkpt lat="35.12646" lon="128.94196">
        <ele>4.2</ele>
      </trkpt>
      <trkpt lat="35.12724" lon="128.94242">
        <ele>4.6</ele>
      </trkpt>
      <trkpt lat="35.12804" lon="128.94288">
        <ele>3.4</ele>
      </trkpt>
      <trkpt lat="35.1288399" lon="128.94334">
        <ele>3.6</ele>
      </trkpt>
      <trkpt lat="35.12951" lon="128.94372">
        <ele>2.9</ele>
      </trkpt>
      <trkpt lat="35.13019" lon="128.9441">
        <ele>2.3</ele>
      </trkpt>
      <trkpt lat="35.13086" lon="128.94448">
        <ele>3.4</ele>
      </trkpt>
      <trkpt lat="35.13154" lon="128.94486">
        <ele>3.8</ele>
      </trkpt>
      <trkpt lat="35.13221" lon="128.94524">
        <ele>3.2</ele>
      </trkpt>
      <trkpt lat="35.13303" lon="128.94566">
        <ele>1.9</ele>
      </trkpt>
      <trkpt lat="35.13384" lon="128.94609">
        <ele>1.7</ele>
      </trkpt>
      <trkpt lat="35.13465" lon="128.94651">
        <ele>2.6</ele>
      </trkpt>
      <trkpt lat="35.13546" lon="128.94694">
        <ele>3.9</ele>
      </trkpt>
      <trkpt lat="35.13591" lon="128.94716">
        <ele>3.2</ele>
      </trkpt>
      <trkpt lat="35.13636" lon="128.94738">
        <ele>2.9</ele>
      </trkpt>
      <trkpt lat="35.13692" lon="128.94766">
        <ele>3.2</ele>
      </trkpt>
      <trkpt lat="35.13749" lon="128.94794">
        <ele>3.4</ele>
      </trkpt>
      <trkpt lat="35.13805" lon="128.94822">
        <ele>2.8</ele>
      </trkpt>
      <trkpt lat="35.13885" lon="128.9486">
        <ele>2.8</ele>
      </trkpt>
      <trkpt lat="35.13965" lon="128.94899">
        <ele>2.2</ele>
      </trkpt>
      <trkpt lat="35.14045" lon="128.94938">
        <ele>2.0</ele>
      </trkpt>
      <trkpt lat="35.14125" lon="128.94976">
        <ele>2.1</ele>
      </trkpt>
      <trkpt lat="35.14205" lon="128.95015">
        <ele>2.8</ele>
      </trkpt>
      <trkpt lat="35.14269" lon="128.95043">
        <ele>3.1</ele>
      </trkpt>
      <trkpt lat="35.14333" lon="128.95072">
        <ele>3.1</ele>
      </trkpt>
      <trkpt lat="35.14396" lon="128.95101">
        <ele>3.2</ele>
      </trkpt>
      <trkpt lat="35.1445999" lon="128.95129">
        <ele>3.3</ele>
      </trkpt>
      <trkpt lat="35.1452" lon="128.95156">
        <ele>3.2</ele>
      </trkpt>
      <trkpt lat="35.14579" lon="128.95182">
        <ele>3.8</ele>
      </trkpt>
      <trkpt lat="35.1463899" lon="128.95209">
        <ele>2.8</ele>
      </trkpt>
      <trkpt lat="35.14718" lon="128.95242">
        <ele>3.5</ele>
      </trkpt>
      <trkpt lat="35.14797" lon="128.95276">
        <ele>4.5</ele>
      </trkpt>
      <trkpt lat="35.14877" lon="128.9531">
        <ele>5.0</ele>
      </trkpt>
      <trkpt lat="35.14956" lon="128.95343">
        <ele>5.3</ele>
      </trkpt>
      <trkpt lat="35.15035" lon="128.95377">
        <ele>5.0</ele>
      </trkpt>
      <trkpt lat="35.15115" lon="128.9541099">
        <ele>4.9</ele>
      </trkpt>
      <trkpt lat="35.15194" lon="128.95444">
        <ele>4.6</ele>
      </trkpt>
      <trkpt lat="35.15264" lon="128.9547399">
        <ele>5.7</ele>
      </trkpt>
      <trkpt lat="35.15335" lon="128.95504">
        <ele>7.8</ele>
      </trkpt>
      <trkpt lat="35.15406" lon="128.95534">
        <ele>5.0</ele>
      </trkpt>
      <trkpt lat="35.15476" lon="128.95564">
        <ele>4.3</ele>
      </trkpt>
      <trkpt lat="35.15486" lon="128.95572">
        <ele>4.5</ele>
      </trkpt>
      <trkpt lat="35.15501" lon="128.95569">
        <ele>4.7</ele>
      </trkpt>
      <trkpt lat="35.15513" lon="128.9557">
        <ele>4.9</ele>
      </trkpt>
      <trkpt lat="35.15534" lon="128.95577">
        <ele>5.4</ele>
      </trkpt>
      <trkpt lat="35.155338" lon="128.9557759">
        <ele>5.4</ele>
      </trkpt>
      <trkpt lat="35.1555279" lon="128.955801">
        <ele>5.7</ele>
      </trkpt>
      <trkpt lat="35.155607" lon="128.955399">
        <ele>6.2</ele>
      </trkpt>
      <trkpt lat="35.155147" lon="128.955206">
        <ele>4.2</ele>
      </trkpt>
      <trkpt lat="35.155176" lon="128.955118">
        <ele>4.2</ele>
      </trkpt>
      <trkpt lat="35.155598" lon="128.9526459">
        <ele>4.2</ele>
      </trkpt>
      <trkpt lat="35.155454" lon="128.95218">
        <ele>4.0</ele>
      </trkpt>
      <trkpt lat="35.155122" lon="128.951748">
        <ele>3.4</ele>
      </trkpt>
      <trkpt lat="35.154547" lon="128.95106">
        <ele>4.5</ele>
      </trkpt>
      <trkpt lat="35.154368" lon="128.950628">
        <ele>5.1</ele>
      </trkpt>
      <trkpt lat="35.154305" lon="128.950085">
        <ele>4.9</ele>
      </trkpt>
      <trkpt lat="35.15444" lon="128.949575">
        <ele>4.5</ele>
      </trkpt>
      <trkpt lat="35.154808" lon="128.949186">
        <ele>3.5</ele>
      </trkpt>
      <trkpt lat="35.155203" lon="128.948732">
        <ele>2.6</ele>
      </trkpt>
      <trkpt lat="35.155293" lon="128.948344">
        <ele>2.0</ele>
      </trkpt>
      <trkpt lat="35.154862" lon="128.940073">
        <ele>2.6</ele>
      </trkpt>
      <trkpt lat="35.154943" lon="128.939552">
        <ele>2.4</ele>
      </trkpt>
      <trkpt lat="35.155149" lon="128.939153">
        <ele>2.0</ele>
      </trkpt>
      <trkpt lat="35.155491" lon="128.938831">
        <ele>2.4</ele>
      </trkpt>
      <trkpt lat="35.1559219" lon="128.9386649">
        <ele>2.6</ele>
      </trkpt>
      <trkpt lat="35.157368" lon="128.938388">
        <ele>2.3</ele>
      </trkpt>
      <trkpt lat="35.159012" lon="128.9387319">
        <ele>1.8</ele>
      </trkpt>
      <trkpt lat="35.159228" lon="128.938577">
        <ele>1.3</ele>
      </trkpt>
      <trkpt lat="35.159057" lon="128.938078">
        <ele>1.5</ele>
      </trkpt>
      <trkpt lat="35.159048" lon="128.937823">
        <ele>1.8</ele>
      </trkpt>
      <trkpt lat="35.158806" lon="128.937102">
        <ele>2.4</ele>
      </trkpt>
      <trkpt lat="35.158914" lon="128.936847">
        <ele>2.3</ele>
      </trkpt>
      <trkpt lat="35.159264" lon="128.936348">
        <ele>1.5</ele>
      </trkpt>
      <trkpt lat="35.159776" lon="128.935727">
        <ele>1.2</ele>
      </trkpt>
      <trkpt lat="35.160638" lon="128.935306">
        <ele>1.9</ele>
      </trkpt>
      <trkpt lat="35.16098" lon="128.935273">
        <ele>2.1</ele>
      </trkpt>
      <trkpt lat="35.161285" lon="128.935361">
        <ele>2.5</ele>
      </trkpt>
      <trkpt lat="35.161734" lon="128.93555">
        <ele>3.2</ele>
      </trkpt>
      <trkpt lat="35.161959" lon="128.935827">
        <ele>3.3</ele>
      </trkpt>
      <trkpt lat="35.162156" lon="128.935284">
        <ele>2.3</ele>
      </trkpt>
      <trkpt lat="35.162408" lon="128.934996">
        <ele>2.0</ele>
      </trkpt>
      <trkpt lat="35.162794" lon="128.934896">
        <ele>2.0</ele>
      </trkpt>
      <trkpt lat="35.16425" lon="128.934696">
        <ele>1.7</ele>
      </trkpt>
      <trkpt lat="35.164654" lon="128.934741">
        <ele>1.9</ele>
      </trkpt>
      <trkpt lat="35.165346" lon="128.9350059">
        <ele>2.4</ele>
      </trkpt>
      <trkpt lat="35.165705" lon="128.9350399">
        <ele>2.9</ele>
      </trkpt>
      <trkpt lat="35.166927" lon="128.93494">
        <ele>2.4</ele>
      </trkpt>
      <trkpt lat="35.167125" lon="128.9349839">
        <ele>2.6</ele>
      </trkpt>
      <trkpt lat="35.167834" lon="128.935461">
        <ele>3.1</ele>
      </trkpt>
      <trkpt lat="35.168086" lon="128.935517">
        <ele>2.7</ele>
      </trkpt>
      <trkpt lat="35.168894" lon="128.935439">
        <ele>2.5</ele>
      </trkpt>
      <trkpt lat="35.171662" lon="128.9350289">
        <ele>0.1</ele>
      </trkpt>
      <trkpt lat="35.173674" lon="128.927911">
        <ele>2.7</ele>
      </trkpt>
      <trkpt lat="35.174177" lon="128.928144">
        <ele>3.0</ele>
      </trkpt>
      <trkpt lat="35.174446" lon="128.928077">
        <ele>3.0</ele>
      </trkpt>
      <trkpt lat="35.174752" lon="128.927822">
        <ele>3.0</ele>
      </trkpt>
      <trkpt lat="35.174878" lon="128.927423">
        <ele>2.9</ele>
      </trkpt>
      <trkpt lat="35.174779" lon="128.926204">
        <ele>2.3</ele>
      </trkpt>
      <trkpt lat="35.174842" lon="128.925117">
        <ele>1.9</ele>
      </trkpt>
      <trkpt lat="35.175084" lon="128.924253">
        <ele>2.0</ele>
      </trkpt>
      <trkpt lat="35.175443" lon="128.92361">
        <ele>2.3</ele>
      </trkpt>
      <trkpt lat="35.175282" lon="128.922501">
        <ele>3.3</ele>
      </trkpt>
      <trkpt lat="35.175444" lon="128.920949">
        <ele>2.5</ele>
      </trkpt>
      <trkpt lat="35.175614" lon="128.9189309">
        <ele>3.2</ele>
      </trkpt>
      <trkpt lat="35.175866" lon="128.918676">
        <ele>3.0</ele>
      </trkpt>
      <trkpt lat="35.176099" lon="128.917867">
        <ele>3.1</ele>
      </trkpt>
      <trkpt lat="35.176405" lon="128.916436">
        <ele>2.6</ele>
      </trkpt>
      <trkpt lat="35.174815" lon="128.915827">
        <ele>4.5</ele>
      </trkpt>
      <trkpt lat="35.175273" lon="128.914463">
        <ele>2.2</ele>
      </trkpt>
      <trkpt lat="35.175354" lon="128.9137639">
        <ele>2.7</ele>
      </trkpt>
      <trkpt lat="35.175731" lon="128.9086419">
        <ele>2.6</ele>
      </trkpt>
      <trkpt lat="35.17565" lon="128.908354">
        <ele>3.0</ele>
      </trkpt>
      <trkpt lat="35.175461" lon="128.908077">
        <ele>2.9</ele>
      </trkpt>
      <trkpt lat="35.17556" lon="128.9079439">
        <ele>2.8</ele>
      </trkpt>
      <trkpt lat="35.177052" lon="128.908421">
        <ele>1.0</ele>
      </trkpt>
      <trkpt lat="35.177636" lon="128.90852">
        <ele>1.1</ele>
      </trkpt>
      <trkpt lat="35.178363" lon="128.908598">
        <ele>0.7</ele>
      </trkpt>
      <trkpt lat="35.181831" lon="128.908764">
        <ele>2.2</ele>
      </trkpt>
      <trkpt lat="35.183412" lon="128.908764">
        <ele>1.1</ele>
      </trkpt>
      <trkpt lat="35.184868" lon="128.908731">
        <ele>1.6</ele>
      </trkpt>
      <trkpt lat="35.186512" lon="128.908587">
        <ele>1.1</ele>
      </trkpt>
      <trkpt lat="35.188282" lon="128.908432">
        <ele>1.3</ele>
      </trkpt>
      <trkpt lat="35.188965" lon="128.90831">
        <ele>2.5</ele>
      </trkpt>
      <trkpt lat="35.189692" lon="128.90811">
        <ele>2.8</ele>
      </trkpt>
      <trkpt lat="35.19086" lon="128.9077">
        <ele>3.8</ele>
      </trkpt>
      <trkpt lat="35.192163" lon="128.907124">
        <ele>2.1</ele>
      </trkpt>
      <trkpt lat="35.192109" lon="128.903631">
        <ele>7.4</ele>
      </trkpt>
      <trkpt lat="35.1926119" lon="128.903409">
        <ele>5.6</ele>
      </trkpt>
      <trkpt lat="35.193178" lon="128.903299">
        <ele>5.4</ele>
      </trkpt>
      <trkpt lat="35.193852" lon="128.903188">
        <ele>7.3</ele>
      </trkpt>
      <trkpt lat="35.194436" lon="128.902944">
        <ele>9.7</ele>
      </trkpt>
      <trkpt lat="35.195334" lon="128.902367">
        <ele>6.5</ele>
      </trkpt>
      <trkpt lat="35.195765" lon="128.901968">
        <ele>5.0</ele>
      </trkpt>
      <trkpt lat="35.195972" lon="128.901591">
        <ele>4.8</ele>
      </trkpt>
      <trkpt lat="35.19608" lon="128.900893">
        <ele>6.7</ele>
      </trkpt>
      <trkpt lat="35.196035" lon="128.899662">
        <ele>7.5</ele>
      </trkpt>
      <trkpt lat="35.196035" lon="128.898174">
        <ele>5.1</ele>
      </trkpt>
      <trkpt lat="35.196211" lon="128.897056">
        <ele>4.4</ele>
      </trkpt>
      <trkpt lat="35.196601" lon="128.895853">
        <ele>4.3</ele>
      </trkpt>
      <trkpt lat="35.197041" lon="128.894914">
        <ele>5.0</ele>
      </trkpt>
      <trkpt lat="35.197274" lon="128.894429">
        <ele>4.9</ele>
      </trkpt>
      <trkpt lat="35.197265" lon="128.8940519">
        <ele>5.6</ele>
      </trkpt>
      <trkpt lat="35.197283" lon="128.893753">
        <ele>5.4</ele>
      </trkpt>
      <trkpt lat="35.197562" lon="128.891558">
        <ele>4.0</ele>
      </trkpt>
      <trkpt lat="35.197759" lon="128.890649">
        <ele>4.2</ele>
      </trkpt>
      <trkpt lat="35.197742" lon="128.8904159">
        <ele>4.1</ele>
      </trkpt>
      <trkpt lat="35.197589" lon="128.890139">
        <ele>4.0</ele>
      </trkpt>
      <trkpt lat="35.19718" lon="128.889654">
        <ele>3.6</ele>
      </trkpt>
      <trkpt lat="35.197364" lon="128.888032">
        <ele>1.7</ele>
      </trkpt>
      <trkpt lat="35.1976609" lon="128.884129">
        <ele>1.0</ele>
      </trkpt>
      <trkpt lat="35.205247" lon="128.875246">
        <ele>2.3</ele>
      </trkpt>
      <trkpt lat="35.206171" lon="128.87581">
        <ele>2.0</ele>
      </trkpt>
      <trkpt lat="35.208219" lon="128.877473">
        <ele>2.7</ele>
      </trkpt>
      <trkpt lat="35.209288" lon="128.877473">
        <ele>2.3</ele>
      </trkpt>
      <trkpt lat="35.211756" lon="128.877246">
        <ele>2.8</ele>
      </trkpt>
      <trkpt lat="35.212915" lon="128.877063">
        <ele>2.7</ele>
      </trkpt>
      <trkpt lat="35.215825" lon="128.876693">
        <ele>2.0</ele>
      </trkpt>
      <trkpt lat="35.217496" lon="128.876473">
        <ele>4.1</ele>
      </trkpt>
      <trkpt lat="35.219914" lon="128.875482">
        <ele>3.6</ele>
      </trkpt>
      <trkpt lat="35.221459" lon="128.87526">
        <ele>3.3</ele>
      </trkpt>
      <trkpt lat="35.222376" lon="128.875216">
        <ele>6.0</ele>
      </trkpt>
      <trkpt lat="35.224451" lon="128.875282">
        <ele>6.9</ele>
      </trkpt>
      <trkpt lat="35.224963" lon="128.875238">
        <ele>7.4</ele>
      </trkpt>
      <trkpt lat="35.225888" lon="128.875038">
        <ele>7.8</ele>
      </trkpt>
      <trkpt lat="35.226689" lon="128.874829">
        <ele>6.8</ele>
      </trkpt>
      <trkpt lat="35.2273489" lon="128.874558">
        <ele>5.2</ele>
      </trkpt>
      <trkpt lat="35.228752" lon="128.8742399">
        <ele>6.6</ele>
      </trkpt>
      <trkpt lat="35.229833" lon="128.873681">
        <ele>5.8</ele>
      </trkpt>
      <trkpt lat="35.231072" lon="128.872967">
        <ele>7.4</ele>
      </trkpt>
      <trkpt lat="35.232204" lon="128.872757">
        <ele>6.6</ele>
      </trkpt>
      <trkpt lat="35.233235" lon="128.872392">
        <ele>8.0</ele>
      </trkpt>
      <trkpt lat="35.233657" lon="128.872323">
        <ele>8.2</ele>
      </trkpt>
      <trkpt lat="35.234952" lon="128.872346">
        <ele>6.3</ele>
      </trkpt>
      <trkpt lat="35.235788" lon="128.872385">
        <ele>7.9</ele>
      </trkpt>
      <trkpt lat="35.23692" lon="128.872276">
        <ele>9.2</ele>
      </trkpt>
      <trkpt lat="35.237618" lon="128.872268">
        <ele>9.0</ele>
      </trkpt>
      <trkpt lat="35.23848" lon="128.872346">
        <ele>11.3</ele>
      </trkpt>
      <trkpt lat="35.2393349" lon="128.872424">
        <ele>10.8</ele>
      </trkpt>
      <trkpt lat="35.240428" lon="128.872166">
        <ele>11.3</ele>
      </trkpt>
      <trkpt lat="35.240819" lon="128.872128">
        <ele>11.4</ele>
      </trkpt>
      <trkpt lat="35.241448" lon="128.872161">
        <ele>12.6</ele>
      </trkpt>
      <trkpt lat="35.242387" lon="128.872028">
        <ele>12.9</ele>
      </trkpt>
      <trkpt lat="35.2430329" lon="128.871983">
        <ele>13.0</ele>
      </trkpt>
      <trkpt lat="35.243662" lon="128.871967">
        <ele>13.5</ele>
      </trkpt>
      <trkpt lat="35.244457" lon="128.872077">
        <ele>15.0</ele>
      </trkpt>
      <trkpt lat="35.245099" lon="128.871812">
        <ele>14.8</ele>
      </trkpt>
      <trkpt lat="35.246213" lon="128.871423">
        <ele>14.5</ele>
      </trkpt>
      <trkpt lat="35.246504" lon="128.871213">
        <ele>14.2</ele>
      </trkpt>
      <trkpt lat="35.247879" lon="128.869877">
        <ele>14.9</ele>
      </trkpt>
      <trkpt lat="35.248108" lon="128.869677">
        <ele>14.4</ele>
      </trkpt>
      <trkpt lat="35.248345" lon="128.869561">
        <ele>14.0</ele>
      </trkpt>
      <trkpt lat="35.248799" lon="128.869533">
        <ele>15.6</ele>
      </trkpt>
      <trkpt lat="35.249635" lon="128.8694889">
        <ele>17.6</ele>
      </trkpt>
      <trkpt lat="35.249958" lon="128.869539">
        <ele>18.0</ele>
      </trkpt>
      <trkpt lat="35.250542" lon="128.869677">
        <ele>18.6</ele>
      </trkpt>
      <trkpt lat="35.251009" lon="128.869821">
        <ele>18.9</ele>
      </trkpt>
      <trkpt lat="35.251381" lon="128.870032">
        <ele>19.0</ele>
      </trkpt>
      <trkpt lat="35.251754" lon="128.870282">
        <ele>19.5</ele>
      </trkpt>
      <trkpt lat="35.253748" lon="128.870348">
        <ele>23.3</ele>
      </trkpt>
      <trkpt lat="35.25413" lon="128.870287">
        <ele>21.8</ele>
      </trkpt>
      <trkpt lat="35.254381" lon="128.8701979">
        <ele>22.1</ele>
      </trkpt>
      <trkpt lat="35.255531" lon="128.869725">
        <ele>21.9</ele>
      </trkpt>
      <trkpt lat="35.256184" lon="128.869406">
        <ele>22.5</ele>
      </trkpt>
      <trkpt lat="35.256436" lon="128.869205">
        <ele>22.3</ele>
      </trkpt>
      <trkpt lat="35.256757" lon="128.868855">
        <ele>20.8</ele>
      </trkpt>
      <trkpt lat="35.257461" lon="128.867916">
        <ele>20.5</ele>
      </trkpt>
      <trkpt lat="35.257782" lon="128.867769">
        <ele>20.4</ele>
      </trkpt>
      <trkpt lat="35.259347" lon="128.8672489">
        <ele>22.8</ele>
      </trkpt>
      <trkpt lat="35.259782" lon="128.867032">
        <ele>23.4</ele>
      </trkpt>
      <trkpt lat="35.260435" lon="128.866837">
        <ele>23.1</ele>
      </trkpt>
      <trkpt lat="35.260618" lon="128.866861">
        <ele>22.8</ele>
      </trkpt>
      <trkpt lat="35.260995" lon="128.867047">
        <ele>23.0</ele>
      </trkpt>
      <trkpt lat="35.261479" lon="128.86714">
        <ele>23.5</ele>
      </trkpt>
      <trkpt lat="35.262102" lon="128.867109">
        <ele>24.9</ele>
      </trkpt>
      <trkpt lat="35.262517" lon="128.8671249">
        <ele>26.1</ele>
      </trkpt>
      <trkpt lat="35.263033" lon="128.867039">
        <ele>25.5</ele>
      </trkpt>
      <trkpt lat="35.26346" lon="128.866884">
        <ele>24.9</ele>
      </trkpt>
      <trkpt lat="35.263642" lon="128.866861">
        <ele>24.9</ele>
      </trkpt>
      <trkpt lat="35.263926" lon="128.866884">
        <ele>25.2</ele>
      </trkpt>
      <trkpt lat="35.264265" lon="128.866721">
        <ele>24.7</ele>
      </trkpt>
      <trkpt lat="35.264391" lon="128.866574">
        <ele>24.9</ele>
      </trkpt>
      <trkpt lat="35.264888" lon="128.866093">
        <ele>26.2</ele>
      </trkpt>
      <trkpt lat="35.265139" lon="128.865767">
        <ele>26.6</ele>
      </trkpt>
      <trkpt lat="35.265366" lon="128.865557">
        <ele>27.5</ele>
      </trkpt>
      <trkpt lat="35.26551" lon="128.8652229">
        <ele>28.0</ele>
      </trkpt>
      <trkpt lat="35.265604" lon="128.8647499">
        <ele>28.5</ele>
      </trkpt>
      <trkpt lat="35.2658119" lon="128.863842">
        <ele>31.0</ele>
      </trkpt>
      <trkpt lat="35.265906" lon="128.863571">
        <ele>32.3</ele>
      </trkpt>
      <trkpt lat="35.266038" lon="128.863423">
        <ele>32.6</ele>
      </trkpt>
      <trkpt lat="35.266259" lon="128.863338">
        <ele>31.9</ele>
      </trkpt>
      <trkpt lat="35.267233" lon="128.863136">
        <ele>31.1</ele>
      </trkpt>
      <trkpt lat="35.267774" lon="128.863121">
        <ele>31.3</ele>
      </trkpt>
      <trkpt lat="35.269264" lon="128.8627009">
        <ele>34.0</ele>
      </trkpt>
      <trkpt lat="35.269453" lon="128.8627009">
        <ele>34.5</ele>
      </trkpt>
      <trkpt lat="35.269742" lon="128.862826">
        <ele>35.3</ele>
      </trkpt>
      <trkpt lat="35.270031" lon="128.862826">
        <ele>36.0</ele>
      </trkpt>
      <trkpt lat="35.270446" lon="128.862934">
        <ele>36.5</ele>
      </trkpt>
      <trkpt lat="35.270679" lon="128.863121">
        <ele>36.4</ele>
      </trkpt>
      <trkpt lat="35.2706609" lon="128.862777">
        <ele>37.1</ele>
      </trkpt>
      <trkpt lat="35.269879" lon="128.862445">
        <ele>35.8</ele>
      </trkpt>
      <trkpt lat="35.269924" lon="128.86046">
        <ele>43.2</ele>
      </trkpt>
      <trkpt lat="35.270003" lon="128.8566779">
        <ele>62.9</ele>
      </trkpt>
      <trkpt lat="35.270047" lon="128.855933">
        <ele>65.0</ele>
      </trkpt>
      <trkpt lat="35.270135" lon="128.855421">
        <ele>67.3</ele>
      </trkpt>
      <trkpt lat="35.27038" lon="128.854823">
        <ele>69.7</ele>
      </trkpt>
      <trkpt lat="35.27099" lon="128.853683">
        <ele>78.4</ele>
      </trkpt>
      <trkpt lat="35.271229" lon="128.8530539">
        <ele>84.2</ele>
      </trkpt>
      <trkpt lat="35.271411" lon="128.852379">
        <ele>88.1</ele>
      </trkpt>
      <trkpt lat="35.271588" lon="128.851347">
        <ele>92.4</ele>
      </trkpt>
      <trkpt lat="35.271751" lon="128.850804">
        <ele>94.7</ele>
      </trkpt>
      <trkpt lat="35.272002" lon="128.850338">
        <ele>103.7</ele>
      </trkpt>
      <trkpt lat="35.273531" lon="128.848833">
        <ele>124.5</ele>
      </trkpt>
      <trkpt lat="35.273983" lon="128.848274">
        <ele>119.3</ele>
      </trkpt>
      <trkpt lat="35.274329" lon="128.847708">
        <ele>116.5</ele>
      </trkpt>
      <trkpt lat="35.2745559" lon="128.847133">
        <ele>111.3</ele>
      </trkpt>
      <trkpt lat="35.274713" lon="128.84645">
        <ele>103.2</ele>
      </trkpt>
      <trkpt lat="35.275411" lon="128.840537">
        <ele>71.4</ele>
      </trkpt>
      <trkpt lat="35.275581" lon="128.83987">
        <ele>67.7</ele>
      </trkpt>
      <trkpt lat="35.275832" lon="128.839187">
        <ele>62.1</ele>
      </trkpt>
      <trkpt lat="35.276568" lon="128.837945">
        <ele>56.1</ele>
      </trkpt>
      <trkpt lat="35.276895" lon="128.837324">
        <ele>55.9</ele>
      </trkpt>
      <trkpt lat="35.277096" lon="128.836773">
        <ele>51.9</ele>
      </trkpt>
      <trkpt lat="35.277656" lon="128.834368">
        <ele>52.9</ele>
      </trkpt>
      <trkpt lat="35.278756" lon="128.833988">
        <ele>44.0</ele>
      </trkpt>
      <trkpt lat="35.279133" lon="128.833949">
        <ele>39.0</ele>
      </trkpt>
      <trkpt lat="35.279938" lon="128.83405">
        <ele>37.2</ele>
      </trkpt>
      <trkpt lat="35.280637" lon="128.834189">
        <ele>35.5</ele>
      </trkpt>
      <trkpt lat="35.2811329" lon="128.834422">
        <ele>35.2</ele>
      </trkpt>
      <trkpt lat="35.281599" lon="128.834639">
        <ele>35.9</ele>
      </trkpt>
      <trkpt lat="35.2820139" lon="128.834686">
        <ele>37.2</ele>
      </trkpt>
      <trkpt lat="35.282221" lon="128.834632">
        <ele>37.5</ele>
      </trkpt>
      <trkpt lat="35.282448" lon="128.834407">
        <ele>36.6</ele>
      </trkpt>
      <trkpt lat="35.282617" lon="128.834228">
        <ele>35.5</ele>
      </trkpt>
      <trkpt lat="35.282762" lon="128.834189">
        <ele>35.2</ele>
      </trkpt>
      <trkpt lat="35.283447" lon="128.834407">
        <ele>37.8</ele>
      </trkpt>
      <trkpt lat="35.284064" lon="128.834314">
        <ele>36.2</ele>
      </trkpt>
      <trkpt lat="35.284466" lon="128.83436">
        <ele>37.1</ele>
      </trkpt>
      <trkpt lat="35.284711" lon="128.834352">
        <ele>37.2</ele>
      </trkpt>
      <trkpt lat="35.285428" lon="128.83398">
        <ele>35.5</ele>
      </trkpt>
      <trkpt lat="35.28607" lon="128.8336">
        <ele>34.0</ele>
      </trkpt>
      <trkpt lat="35.286516" lon="128.83339">
        <ele>33.1</ele>
      </trkpt>
      <trkpt lat="35.286969" lon="128.833142">
        <ele>32.9</ele>
      </trkpt>
      <trkpt lat="35.287359" lon="128.832738">
        <ele>32.4</ele>
      </trkpt>
      <trkpt lat="35.287742" lon="128.8324979">
        <ele>32.0</ele>
      </trkpt>
      <trkpt lat="35.288145" lon="128.832265">
        <ele>30.9</ele>
      </trkpt>
      <trkpt lat="35.288604" lon="128.831885">
        <ele>29.0</ele>
      </trkpt>
      <trkpt lat="35.288975" lon="128.831667">
        <ele>28.0</ele>
      </trkpt>
      <trkpt lat="35.289377" lon="128.831605">
        <ele>28.1</ele>
      </trkpt>
      <trkpt lat="35.2896349" lon="128.831559">
        <ele>28.4</ele>
      </trkpt>
      <trkpt lat="35.289912" lon="128.8313719">
        <ele>28.0</ele>
      </trkpt>
      <trkpt lat="35.290113" lon="128.831225">
        <ele>27.6</ele>
      </trkpt>
      <trkpt lat="35.290774" lon="128.83093">
        <ele>26.6</ele>
      </trkpt>
      <trkpt lat="35.291006" lon="128.830853">
        <ele>26.0</ele>
      </trkpt>
      <trkpt lat="35.291691" lon="128.830969">
        <ele>26.5</ele>
      </trkpt>
      <trkpt lat="35.292044" lon="128.831">
        <ele>27.4</ele>
      </trkpt>
      <trkpt lat="35.293006" lon="128.830558">
        <ele>25.2</ele>
      </trkpt>
      <trkpt lat="35.293377" lon="128.830465">
        <ele>25.0</ele>
      </trkpt>
      <trkpt lat="35.294232" lon="128.829968">
        <ele>23.6</ele>
      </trkpt>
      <trkpt lat="35.29444" lon="128.82989">
        <ele>22.6</ele>
      </trkpt>
      <trkpt lat="35.294685" lon="128.829937">
        <ele>21.9</ele>
      </trkpt>
      <trkpt lat="35.295156" lon="128.830139">
        <ele>21.6</ele>
      </trkpt>
      <trkpt lat="35.295534" lon="128.830286">
        <ele>21.6</ele>
      </trkpt>
      <trkpt lat="35.295949" lon="128.830216">
        <ele>20.2</ele>
      </trkpt>
      <trkpt lat="35.29649" lon="128.830255">
        <ele>20.0</ele>
      </trkpt>
      <trkpt lat="35.297307" lon="128.8299989">
        <ele>17.5</ele>
      </trkpt>
      <trkpt lat="35.297615" lon="128.829789">
        <ele>16.8</ele>
      </trkpt>
      <trkpt lat="35.298439" lon="128.829471">
        <ele>19.8</ele>
      </trkpt>
      <trkpt lat="35.299351" lon="128.829037">
        <ele>21.6</ele>
      </trkpt>
      <trkpt lat="35.299879" lon="128.82875">
        <ele>20.5</ele>
      </trkpt>
      <trkpt lat="35.300294" lon="128.828424">
        <ele>17.1</ele>
      </trkpt>
      <trkpt lat="35.300741" lon="128.828183">
        <ele>15.9</ele>
      </trkpt>
      <trkpt lat="35.301149" lon="128.828105">
        <ele>15.5</ele>
      </trkpt>
      <trkpt lat="35.302174" lon="128.828129">
        <ele>14.0</ele>
      </trkpt>
      <trkpt lat="35.302746" lon="128.828194">
        <ele>12.6</ele>
      </trkpt>
      <trkpt lat="35.302971" lon="128.827928">
        <ele>11.6</ele>
      </trkpt>
      <trkpt lat="35.304273" lon="128.827152">
        <ele>11.3</ele>
      </trkpt>
      <trkpt lat="35.304539" lon="128.8269029">
        <ele>13.4</ele>
      </trkpt>
      <trkpt lat="35.304878" lon="128.826181">
        <ele>12.7</ele>
      </trkpt>
      <trkpt lat="35.305174" lon="128.825196">
        <ele>10.6</ele>
      </trkpt>
      <trkpt lat="35.305306" lon="128.824885">
        <ele>10.4</ele>
      </trkpt>
      <trkpt lat="35.305683" lon="128.824575">
        <ele>11.6</ele>
      </trkpt>
      <trkpt lat="35.307" lon="128.824099">
        <ele>13.0</ele>
      </trkpt>
      <trkpt lat="35.306895" lon="128.823284">
        <ele>9.1</ele>
      </trkpt>
      <trkpt lat="35.307018" lon="128.822608">
        <ele>7.4</ele>
      </trkpt>
      <trkpt lat="35.3073679" lon="128.822072">
        <ele>6.7</ele>
      </trkpt>
      <trkpt lat="35.307937" lon="128.821503">
        <ele>6.6</ele>
      </trkpt>
      <trkpt lat="35.308699" lon="128.820999">
        <ele>7.8</ele>
      </trkpt>
      <trkpt lat="35.308699" lon="128.820999">
        <ele>7.8</ele>
      </trkpt>
      <trkpt lat="35.309811" lon="128.820505">
        <ele>8.7</ele>
      </trkpt>
      <trkpt lat="35.309811" lon="128.820505">
        <ele>8.7</ele>
      </trkpt>
      <trkpt lat="35.310946" lon="128.819906">
        <ele>6.6</ele>
      </trkpt>
      <trkpt lat="35.311646" lon="128.819584">
        <ele>8.6</ele>
      </trkpt>
      <trkpt lat="35.312312" lon="128.819112">
        <ele>6.7</ele>
      </trkpt>
      <trkpt lat="35.312273" lon="128.818553">
        <ele>16.1</ele>
      </trkpt>
      <trkpt lat="35.312877" lon="128.818071">
        <ele>13.6</ele>
      </trkpt>
      <trkpt lat="35.313305" lon="128.817637">
        <ele>9.7</ele>
      </trkpt>
      <trkpt lat="35.313556" lon="128.817295">
        <ele>11.9</ele>
      </trkpt>
      <trkpt lat="35.313783" lon="128.816744">
        <ele>15.9</ele>
      </trkpt>
      <trkpt lat="35.314254" lon="128.816155">
        <ele>13.6</ele>
      </trkpt>
      <trkpt lat="35.314462" lon="128.815721">
        <ele>13.5</ele>
      </trkpt>
      <trkpt lat="35.314481" lon="128.815333">
        <ele>12.4</ele>
      </trkpt>
      <trkpt lat="35.314562" lon="128.814929">
        <ele>10.6</ele>
      </trkpt>
      <trkpt lat="35.314663" lon="128.814463">
        <ele>8.8</ele>
      </trkpt>
      <trkpt lat="35.314619" lon="128.814013">
        <ele>9.2</ele>
      </trkpt>
      <trkpt lat="35.314669" lon="128.81361">
        <ele>10.0</ele>
      </trkpt>
      <trkpt lat="35.314889" lon="128.813175">
        <ele>9.6</ele>
      </trkpt>
      <trkpt lat="35.315449" lon="128.812484">
        <ele>7.3</ele>
      </trkpt>
      <trkpt lat="35.315549" lon="128.812119">
        <ele>8.5</ele>
      </trkpt>
      <trkpt lat="35.315549" lon="128.811576">
        <ele>10.9</ele>
      </trkpt>
      <trkpt lat="35.315499" lon="128.811165">
        <ele>10.3</ele>
      </trkpt>
      <trkpt lat="35.315298" lon="128.810871">
        <ele>11.3</ele>
      </trkpt>
      <trkpt lat="35.314078" lon="128.810025">
        <ele>13.0</ele>
      </trkpt>
      <trkpt lat="35.313588" lon="128.809497">
        <ele>12.0</ele>
      </trkpt>
      <trkpt lat="35.313569" lon="128.80928">
        <ele>8.7</ele>
      </trkpt>
      <trkpt lat="35.314493" lon="128.808884">
        <ele>4.1</ele>
      </trkpt>
      <trkpt lat="35.315738" lon="128.808302">
        <ele>3.0</ele>
      </trkpt>
      <trkpt lat="35.317241" lon="128.80744">
        <ele>5.0</ele>
      </trkpt>
      <trkpt lat="35.319817" lon="128.805961">
        <ele>11.6</ele>
      </trkpt>
      <trkpt lat="35.320184" lon="128.8057">
        <ele>9.5</ele>
      </trkpt>
      <trkpt lat="35.3208709" lon="128.804785">
        <ele>7.4</ele>
      </trkpt>
      <trkpt lat="35.321154" lon="128.804575">
        <ele>7.7</ele>
      </trkpt>
      <trkpt lat="35.321459" lon="128.804508">
        <ele>6.8</ele>
      </trkpt>
      <trkpt lat="35.321778" lon="128.804492">
        <ele>6.2</ele>
      </trkpt>
      <trkpt lat="35.326514" lon="128.805478">
        <ele>5.3</ele>
      </trkpt>
      <trkpt lat="35.326806" lon="128.805733">
        <ele>4.3</ele>
      </trkpt>
      <trkpt lat="35.327003" lon="128.805739">
        <ele>4.0</ele>
      </trkpt>
      <trkpt lat="35.3271919" lon="128.805561">
        <ele>4.5</ele>
      </trkpt>
      <trkpt lat="35.3274929" lon="128.804608">
        <ele>5.1</ele>
      </trkpt>
      <trkpt lat="35.32876" lon="128.797048">
        <ele>6.6</ele>
      </trkpt>
      <trkpt lat="35.329564" lon="128.796416">
        <ele>7.4</ele>
      </trkpt>
      <trkpt lat="35.332852" lon="128.793305">
        <ele>4.4</ele>
      </trkpt>
      <trkpt lat="35.333885" lon="128.786808">
        <ele>5.6</ele>
      </trkpt>
      <trkpt lat="35.334037" lon="128.786243">
        <ele>6.0</ele>
      </trkpt>
      <trkpt lat="35.3342529" lon="128.785888">
        <ele>5.7</ele>
      </trkpt>
      <trkpt lat="35.335493" lon="128.7848239">
        <ele>5.9</ele>
      </trkpt>
      <trkpt lat="35.335789" lon="128.783105">
        <ele>8.3</ele>
      </trkpt>
      <trkpt lat="35.336067" lon="128.7818409">
        <ele>3.6</ele>
      </trkpt>
      <trkpt lat="35.336346" lon="128.780322">
        <ele>5.8</ele>
      </trkpt>
      <trkpt lat="35.336588" lon="128.778992">
        <ele>7.0</ele>
      </trkpt>
      <trkpt lat="35.336984" lon="128.777628">
        <ele>6.6</ele>
      </trkpt>
      <trkpt lat="35.337181" lon="128.777185">
        <ele>6.6</ele>
      </trkpt>
      <trkpt lat="35.337343" lon="128.777052">
        <ele>6.6</ele>
      </trkpt>
      <trkpt lat="35.337828" lon="128.777041">
        <ele>7.6</ele>
      </trkpt>
      <trkpt lat="35.3381339" lon="128.776974">
        <ele>8.6</ele>
      </trkpt>
      <trkpt lat="35.338155" lon="128.776575">
        <ele>9.4</ele>
      </trkpt>
      <trkpt lat="35.338371" lon="128.775463">
        <ele>9.5</ele>
      </trkpt>
      <trkpt lat="35.338182" lon="128.77376">
        <ele>8.4</ele>
      </trkpt>
      <trkpt lat="35.338128" lon="128.77192">
        <ele>8.2</ele>
      </trkpt>
      <trkpt lat="35.338757" lon="128.76529">
        <ele>10.3</ele>
      </trkpt>
      <trkpt lat="35.338631" lon="128.764359">
        <ele>14.4</ele>
      </trkpt>
      <trkpt lat="35.338865" lon="128.7636939">
        <ele>14.8</ele>
      </trkpt>
      <trkpt lat="35.33917" lon="128.763494">
        <ele>13.4</ele>
      </trkpt>
      <trkpt lat="35.339278" lon="128.763361">
        <ele>13.2</ele>
      </trkpt>
      <trkpt lat="35.339103" lon="128.762811">
        <ele>12.2</ele>
      </trkpt>
      <trkpt lat="35.341313" lon="128.758429">
        <ele>9.8</ele>
      </trkpt>
      <trkpt lat="35.34447" lon="128.752114">
        <ele>8.6</ele>
      </trkpt>
      <trkpt lat="35.345171" lon="128.751482">
        <ele>8.1</ele>
      </trkpt>
      <trkpt lat="35.345521" lon="128.750517">
        <ele>8.2</ele>
      </trkpt>
      <trkpt lat="35.345198" lon="128.749985">
        <ele>9.7</ele>
      </trkpt>
      <trkpt lat="35.345171" lon="128.748987">
        <ele>11.4</ele>
      </trkpt>
      <trkpt lat="35.345252" lon="128.748189">
        <ele>11.6</ele>
      </trkpt>
      <trkpt lat="35.345063" lon="128.745495">
        <ele>9.5</ele>
      </trkpt>
      <trkpt lat="35.343069" lon="128.743466">
        <ele>11.0</ele>
      </trkpt>
      <trkpt lat="35.343204" lon="128.743">
        <ele>11.0</ele>
      </trkpt>
      <trkpt lat="35.3435" lon="128.742668">
        <ele>12.6</ele>
      </trkpt>
      <trkpt lat="35.3441199" lon="128.741504">
        <ele>11.3</ele>
      </trkpt>
      <trkpt lat="35.344982" lon="128.741071">
        <ele>13.8</ele>
      </trkpt>
      <trkpt lat="35.34509" lon="128.740739">
        <ele>10.5</ele>
      </trkpt>
      <trkpt lat="35.34474" lon="128.739209">
        <ele>8.7</ele>
      </trkpt>
      <trkpt lat="35.346168" lon="128.7296629">
        <ele>8.1</ele>
      </trkpt>
      <trkpt lat="35.346492" lon="128.728965">
        <ele>7.9</ele>
      </trkpt>
      <trkpt lat="35.346896" lon="128.728699">
        <ele>8.4</ele>
      </trkpt>
      <trkpt lat="35.347462" lon="128.728599">
        <ele>9.6</ele>
      </trkpt>
      <trkpt lat="35.347841" lon="128.728714">
        <ele>10.0</ele>
      </trkpt>
      <trkpt lat="35.348438" lon="128.728676">
        <ele>10.5</ele>
      </trkpt>
      <trkpt lat="35.348721" lon="128.728813">
        <ele>9.3</ele>
      </trkpt>
      <trkpt lat="35.348721" lon="128.7288189">
        <ele>9.3</ele>
      </trkpt>
      <trkpt lat="35.348995" lon="128.729138">
        <ele>7.5</ele>
      </trkpt>
      <trkpt lat="35.349395" lon="128.729683">
        <ele>5.8</ele>
      </trkpt>
      <trkpt lat="35.349885" lon="128.729595">
        <ele>6.0</ele>
      </trkpt>
      <trkpt lat="35.3503029" lon="128.728841">
        <ele>5.5</ele>
      </trkpt>
      <trkpt lat="35.350662" lon="128.727129">
        <ele>6.6</ele>
      </trkpt>
      <trkpt lat="35.3506659" lon="128.727129">
        <ele>6.6</ele>
      </trkpt>
      <trkpt lat="35.350891" lon="128.72654">
        <ele>7.0</ele>
      </trkpt>
      <trkpt lat="35.351763" lon="128.725726">
        <ele>7.0</ele>
      </trkpt>
      <trkpt lat="35.3519999" lon="128.725131">
        <ele>7.4</ele>
      </trkpt>
      <trkpt lat="35.352068" lon="128.723557">
        <ele>7.8</ele>
      </trkpt>
      <trkpt lat="35.3521349" lon="128.722709">
        <ele>8.8</ele>
      </trkpt>
      <trkpt lat="35.3520139" lon="128.721944">
        <ele>7.8</ele>
      </trkpt>
      <trkpt lat="35.351672" lon="128.721284">
        <ele>7.1</ele>
      </trkpt>
      <trkpt lat="35.351646" lon="128.720557">
        <ele>6.7</ele>
      </trkpt>
      <trkpt lat="35.352555" lon="128.718787">
        <ele>7.5</ele>
      </trkpt>
      <trkpt lat="35.353094" lon="128.7179559">
        <ele>6.7</ele>
      </trkpt>
      <trkpt lat="35.354064" lon="128.717158">
        <ele>7.3</ele>
      </trkpt>
      <trkpt lat="35.356355" lon="128.715993">
        <ele>9.7</ele>
      </trkpt>
      <trkpt lat="35.359266" lon="128.7142639">
        <ele>7.9</ele>
      </trkpt>
      <trkpt lat="35.3625" lon="128.711869">
        <ele>10.5</ele>
      </trkpt>
      <trkpt lat="35.363012" lon="128.711204">
        <ele>8.7</ele>
      </trkpt>
      <trkpt lat="35.365815" lon="128.703787">
        <ele>11.0</ele>
      </trkpt>
      <trkpt lat="35.3663" lon="128.702856">
        <ele>9.6</ele>
      </trkpt>
      <trkpt lat="35.366946" lon="128.701625">
        <ele>9.3</ele>
      </trkpt>
      <trkpt lat="35.367243" lon="128.700328">
        <ele>7.7</ele>
      </trkpt>
      <trkpt lat="35.370207" lon="128.692412">
        <ele>10.8</ele>
      </trkpt>
      <trkpt lat="35.370692" lon="128.69178">
        <ele>10.2</ele>
      </trkpt>
      <trkpt lat="35.372525" lon="128.688288">
        <ele>9.0</ele>
      </trkpt>
      <trkpt lat="35.373765" lon="128.685461">
        <ele>9.3</ele>
      </trkpt>
      <trkpt lat="35.374465" lon="128.682667">
        <ele>7.7</ele>
      </trkpt>
      <trkpt lat="35.374708" lon="128.6799399">
        <ele>8.2</ele>
      </trkpt>
      <trkpt lat="35.374519" lon="128.677379">
        <ele>9.9</ele>
      </trkpt>
      <trkpt lat="35.373926" lon="128.674618">
        <ele>10.6</ele>
      </trkpt>
      <trkpt lat="35.372282" lon="128.668398">
        <ele>9.0</ele>
      </trkpt>
      <trkpt lat="35.372309" lon="128.667401">
        <ele>8.1</ele>
      </trkpt>
      <trkpt lat="35.372121" lon="128.665904">
        <ele>8.4</ele>
      </trkpt>
      <trkpt lat="35.3717169" lon="128.66454">
        <ele>8.8</ele>
      </trkpt>
      <trkpt lat="35.37142" lon="128.6608819">
        <ele>11.6</ele>
      </trkpt>
      <trkpt lat="35.371151" lon="128.66025">
        <ele>16.3</ele>
      </trkpt>
      <trkpt lat="35.3711399" lon="128.659234">
        <ele>14.3</ele>
      </trkpt>
      <trkpt lat="35.370799" lon="128.6580449">
        <ele>10.6</ele>
      </trkpt>
      <trkpt lat="35.3706729" lon="128.6570319">
        <ele>8.1</ele>
      </trkpt>
      <trkpt lat="35.370727" lon="128.655579">
        <ele>2.9</ele>
      </trkpt>
      <trkpt lat="35.37035" lon="128.651394">
        <ele>6.1</ele>
      </trkpt>
      <trkpt lat="35.3707629" lon="128.650161">
        <ele>2.6</ele>
      </trkpt>
      <trkpt lat="35.3711399" lon="128.6494559">
        <ele>2.0</ele>
      </trkpt>
      <trkpt lat="35.3711399" lon="128.649192">
        <ele>2.0</ele>
      </trkpt>
      <trkpt lat="35.3708529" lon="128.648311">
        <ele>2.0</ele>
      </trkpt>
      <trkpt lat="35.370727" lon="128.647804">
        <ele>2.9</ele>
      </trkpt>
      <trkpt lat="35.370799" lon="128.646879">
        <ele>2.3</ele>
      </trkpt>
      <trkpt lat="35.370494" lon="128.646373">
        <ele>4.9</ele>
      </trkpt>
      <trkpt lat="35.370699" lon="128.645119">
        <ele>3.3</ele>
      </trkpt>
      <trkpt lat="35.37016" lon="128.645878">
        <ele>7.7</ele>
      </trkpt>
      <trkpt lat="35.370241" lon="128.644502">
        <ele>7.9</ele>
      </trkpt>
      <trkpt lat="35.3698369" lon="128.643754">
        <ele>10.3</ele>
      </trkpt>
      <trkpt lat="35.36981" lon="128.643423">
        <ele>10.7</ele>
      </trkpt>
      <trkpt lat="35.3788539" lon="128.6428699">
        <ele>11.1</ele>
      </trkpt>
      <trkpt lat="35.378746" lon="128.642506">
        <ele>11.5</ele>
      </trkpt>
      <trkpt lat="35.378329" lon="128.641978">
        <ele>11.4</ele>
      </trkpt>
      <trkpt lat="35.378153" lon="128.635291">
        <ele>11.7</ele>
      </trkpt>
      <trkpt lat="35.378207" lon="128.6343819">
        <ele>12.1</ele>
      </trkpt>
      <trkpt lat="35.378369" lon="128.633012">
        <ele>11.9</ele>
      </trkpt>
      <trkpt lat="35.378504" lon="128.632517">
        <ele>11.6</ele>
      </trkpt>
      <trkpt lat="35.3788" lon="128.6316579">
        <ele>10.5</ele>
      </trkpt>
      <trkpt lat="35.378827" lon="128.631311">
        <ele>11.5</ele>
      </trkpt>
      <trkpt lat="35.378248" lon="128.629165">
        <ele>15.9</ele>
      </trkpt>
      <trkpt lat="35.378207" lon="128.628719">
        <ele>15.3</ele>
      </trkpt>
      <trkpt lat="35.378288" lon="128.628223">
        <ele>16.0</ele>
      </trkpt>
      <trkpt lat="35.378531" lon="128.627596">
        <ele>21.6</ele>
      </trkpt>
      <trkpt lat="35.379407" lon="128.626292">
        <ele>19.9</ele>
      </trkpt>
      <trkpt lat="35.380417" lon="128.624574">
        <ele>10.5</ele>
      </trkpt>
      <trkpt lat="35.380862" lon="128.6236659">
        <ele>8.9</ele>
      </trkpt>
      <trkpt lat="35.382128" lon="128.620776">
        <ele>9.0</ele>
      </trkpt>
      <trkpt lat="35.3844459" lon="128.615492">
        <ele>15.0</ele>
      </trkpt>
      <trkpt lat="35.384715" lon="128.615096">
        <ele>16.9</ele>
      </trkpt>
      <trkpt lat="35.385537" lon="128.614419">
        <ele>21.7</ele>
      </trkpt>
      <trkpt lat="35.38644" lon="128.613924">
        <ele>23.8</ele>
      </trkpt>
      <trkpt lat="35.38772" lon="128.61285">
        <ele>20.2</ele>
      </trkpt>
      <trkpt lat="35.388273" lon="128.612239">
        <ele>20.7</ele>
      </trkpt>
      <trkpt lat="35.388744" lon="128.611513">
        <ele>17.0</ele>
      </trkpt>
      <trkpt lat="35.389027" lon="128.610968">
        <ele>14.6</ele>
      </trkpt>
      <trkpt lat="35.389755" lon="128.609779">
        <ele>20.7</ele>
      </trkpt>
      <trkpt lat="35.3897679" lon="128.609779">
        <ele>20.9</ele>
      </trkpt>
      <trkpt lat="35.38993" lon="128.609251">
        <ele>26.0</ele>
      </trkpt>
      <trkpt lat="35.3900239" lon="128.608739">
        <ele>28.6</ele>
      </trkpt>
      <trkpt lat="35.390051" lon="128.608095">
        <ele>27.3</ele>
      </trkpt>
      <trkpt lat="35.390172" lon="128.607698">
        <ele>28.5</ele>
      </trkpt>
      <trkpt lat="35.391331" lon="128.606246">
        <ele>33.4</ele>
      </trkpt>
      <trkpt lat="35.391762" lon="128.605932">
        <ele>39.3</ele>
      </trkpt>
      <trkpt lat="35.392099" lon="128.60537">
        <ele>34.9</ele>
      </trkpt>
      <trkpt lat="35.392328" lon="128.605255">
        <ele>40.8</ele>
      </trkpt>
      <trkpt lat="35.392746" lon="128.604825">
        <ele>44.0</ele>
      </trkpt>
      <trkpt lat="35.392975" lon="128.604693">
        <ele>50.1</ele>
      </trkpt>
      <trkpt lat="35.393177" lon="128.604429">
        <ele>48.0</ele>
      </trkpt>
      <trkpt lat="35.39346" lon="128.604181">
        <ele>51.9</ele>
      </trkpt>
      <trkpt lat="35.393581" lon="128.603934">
        <ele>51.6</ele>
      </trkpt>
      <trkpt lat="35.393676" lon="128.603554">
        <ele>43.4</ele>
      </trkpt>
      <trkpt lat="35.3942679" lon="128.60286">
        <ele>48.9</ele>
      </trkpt>
      <trkpt lat="35.394726" lon="128.601985">
        <ele>41.7</ele>
      </trkpt>
      <trkpt lat="35.395292" lon="128.601143">
        <ele>22.8</ele>
      </trkpt>
      <trkpt lat="35.396209" lon="128.600136">
        <ele>8.6</ele>
      </trkpt>
      <trkpt lat="35.396513" lon="128.597205">
        <ele>7.5</ele>
      </trkpt>
      <trkpt lat="35.396432" lon="128.596656">
        <ele>7.4</ele>
      </trkpt>
      <trkpt lat="35.396203" lon="128.596307">
        <ele>7.2</ele>
      </trkpt>
      <trkpt lat="35.395758" lon="128.596107">
        <ele>7.3</ele>
      </trkpt>
      <trkpt lat="35.395569" lon="128.595824">
        <ele>7.7</ele>
      </trkpt>
      <trkpt lat="35.394599" lon="128.5934959">
        <ele>8.8</ele>
      </trkpt>
      <trkpt lat="35.394074" lon="128.5919">
        <ele>10.2</ele>
      </trkpt>
      <trkpt lat="35.3934939" lon="128.590287">
        <ele>10.9</ele>
      </trkpt>
      <trkpt lat="35.393049" lon="128.588806">
        <ele>10.3</ele>
      </trkpt>
      <trkpt lat="35.392834" lon="128.587593">
        <ele>9.4</ele>
      </trkpt>
      <trkpt lat="35.392605" lon="128.585797">
        <ele>10.8</ele>
      </trkpt>
      <trkpt lat="35.39247" lon="128.58435">
        <ele>10.5</ele>
      </trkpt>
      <trkpt lat="35.392261" lon="128.5831279">
        <ele>11.0</ele>
      </trkpt>
      <trkpt lat="35.392059" lon="128.582616">
        <ele>10.7</ele>
      </trkpt>
      <trkpt lat="35.390765" lon="128.57966">
        <ele>11.4</ele>
      </trkpt>
      <trkpt lat="35.389674" lon="128.57659">
        <ele>12.3</ele>
      </trkpt>
      <trkpt lat="35.389472" lon="128.576243">
        <ele>12.0</ele>
      </trkpt>
      <trkpt lat="35.386225" lon="128.57157">
        <ele>12.5</ele>
      </trkpt>
      <trkpt lat="35.386049" lon="128.571206">
        <ele>12.7</ele>
      </trkpt>
      <trkpt lat="35.38582" lon="128.570628">
        <ele>13.2</ele>
      </trkpt>
      <trkpt lat="35.384082" lon="128.562174">
        <ele>12.5</ele>
      </trkpt>
      <trkpt lat="35.383745" lon="128.560424">
        <ele>11.5</ele>
      </trkpt>
      <trkpt lat="35.383462" lon="128.558162">
        <ele>12.4</ele>
      </trkpt>
      <trkpt lat="35.383327" lon="128.557435">
        <ele>9.5</ele>
      </trkpt>
      <trkpt lat="35.383085" lon="128.556098">
        <ele>15.6</ele>
      </trkpt>
      <trkpt lat="35.383097" lon="128.55446">
        <ele>17.6</ele>
      </trkpt>
      <trkpt lat="35.383142" lon="128.553224">
        <ele>27.7</ele>
      </trkpt>
      <trkpt lat="35.38295" lon="128.553026">
        <ele>23.2</ele>
      </trkpt>
      <trkpt lat="35.377359" lon="128.550976">
        <ele>21.4</ele>
      </trkpt>
      <trkpt lat="35.377467" lon="128.549969">
        <ele>19.2</ele>
      </trkpt>
      <trkpt lat="35.377453" lon="128.548747">
        <ele>15.7</ele>
      </trkpt>
      <trkpt lat="35.377588" lon="128.547327">
        <ele>15.2</ele>
      </trkpt>
      <trkpt lat="35.377831" lon="128.545461">
        <ele>25.1</ele>
      </trkpt>
      <trkpt lat="35.377723" lon="128.544503">
        <ele>21.3</ele>
      </trkpt>
      <trkpt lat="35.377076" lon="128.543034">
        <ele>23.6</ele>
      </trkpt>
      <trkpt lat="35.3757019" lon="128.54087">
        <ele>17.5</ele>
      </trkpt>
      <trkpt lat="35.375607" lon="128.540358">
        <ele>16.2</ele>
      </trkpt>
      <trkpt lat="35.376052" lon="128.539566">
        <ele>10.6</ele>
      </trkpt>
      <trkpt lat="35.376658" lon="128.539814">
        <ele>9.3</ele>
      </trkpt>
      <trkpt lat="35.376955" lon="128.539814">
        <ele>8.8</ele>
      </trkpt>
      <trkpt lat="35.377251" lon="128.539516">
        <ele>9.8</ele>
      </trkpt>
      <trkpt lat="35.37868" lon="128.536776">
        <ele>10.5</ele>
      </trkpt>
      <trkpt lat="35.380512" lon="128.534018">
        <ele>9.0</ele>
      </trkpt>
      <trkpt lat="35.380701" lon="128.533341">
        <ele>11.5</ele>
      </trkpt>
      <trkpt lat="35.381047" lon="128.5323469">
        <ele>11.9</ele>
      </trkpt>
      <trkpt lat="35.381078" lon="128.532126">
        <ele>13.6</ele>
      </trkpt>
      <trkpt lat="35.380988" lon="128.531898">
        <ele>15.2</ele>
      </trkpt>
      <trkpt lat="35.380602" lon="128.5312439">
        <ele>17.2</ele>
      </trkpt>
      <trkpt lat="35.379996" lon="128.530878">
        <ele>15.6</ele>
      </trkpt>
      <trkpt lat="35.379973" lon="128.530734">
        <ele>15.9</ele>
      </trkpt>
      <trkpt lat="35.381015" lon="128.529648">
        <ele>14.8</ele>
      </trkpt>
      <trkpt lat="35.381428" lon="128.529033">
        <ele>14.8</ele>
      </trkpt>
      <trkpt lat="35.381622" lon="128.528417">
        <ele>14.8</ele>
      </trkpt>
      <trkpt lat="35.381581" lon="128.527038">
        <ele>17.5</ele>
      </trkpt>
      <trkpt lat="35.381357" lon="128.5233529">
        <ele>11.2</ele>
      </trkpt>
      <trkpt lat="35.381403" lon="128.522775">
        <ele>9.1</ele>
      </trkpt>
      <trkpt lat="35.381476" lon="128.522212">
        <ele>7.5</ele>
      </trkpt>
      <trkpt lat="35.381784" lon="128.521286">
        <ele>6.5</ele>
      </trkpt>
      <trkpt lat="35.382228" lon="128.520543">
        <ele>7.7</ele>
      </trkpt>
      <trkpt lat="35.382723" lon="128.520011">
        <ele>8.7</ele>
      </trkpt>
      <trkpt lat="35.383697" lon="128.51908">
        <ele>11.2</ele>
      </trkpt>
      <trkpt lat="35.38549" lon="128.516541">
        <ele>9.1</ele>
      </trkpt>
      <trkpt lat="35.385791" lon="128.516059">
        <ele>10.3</ele>
      </trkpt>
      <trkpt lat="35.385917" lon="128.515771">
        <ele>10.9</ele>
      </trkpt>
      <trkpt lat="35.385962" lon="128.515433">
        <ele>11.5</ele>
      </trkpt>
      <trkpt lat="35.386411" lon="128.509431">
        <ele>12.6</ele>
      </trkpt>
      <trkpt lat="35.387692" lon="128.502192">
        <ele>14.5</ele>
      </trkpt>
      <trkpt lat="35.388" lon="128.500236">
        <ele>13.5</ele>
      </trkpt>
      <trkpt lat="35.388012" lon="128.499468">
        <ele>10.1</ele>
      </trkpt>
      <trkpt lat="35.387886" lon="128.49849">
        <ele>12.1</ele>
      </trkpt>
      <trkpt lat="35.386943" lon="128.492707">
        <ele>13.7</ele>
      </trkpt>
      <trkpt lat="35.3839309" lon="128.48951">
        <ele>16.3</ele>
      </trkpt>
      <trkpt lat="35.381274" lon="128.486747">
        <ele>16.6</ele>
      </trkpt>
      <trkpt lat="35.380789" lon="128.4861589">
        <ele>17.3</ele>
      </trkpt>
      <trkpt lat="35.380528" lon="128.485594">
        <ele>16.1</ele>
      </trkpt>
      <trkpt lat="35.379854" lon="128.481558">
        <ele>9.6</ele>
      </trkpt>
      <trkpt lat="35.379656" lon="128.481004">
        <ele>8.7</ele>
      </trkpt>
      <trkpt lat="35.379378" lon="128.480394">
        <ele>8.1</ele>
      </trkpt>
      <trkpt lat="35.378983" lon="128.479873">
        <ele>9.1</ele>
      </trkpt>
      <trkpt lat="35.37857" lon="128.479407">
        <ele>12.3</ele>
      </trkpt>
      <trkpt lat="35.378444" lon="128.478542">
        <ele>13.5</ele>
      </trkpt>
      <trkpt lat="35.37848" lon="128.474729">
        <ele>12.4</ele>
      </trkpt>
      <trkpt lat="35.381588" lon="128.474049">
        <ele>1.6</ele>
      </trkpt>
      <trkpt lat="35.383362" lon="128.473715">
        <ele>11.0</ele>
      </trkpt>
      <trkpt lat="35.385694" lon="128.473583">
        <ele>12.9</ele>
      </trkpt>
      <trkpt lat="35.39065" lon="128.47356">
        <ele>16.2</ele>
      </trkpt>
      <trkpt lat="35.39374" lon="128.472434">
        <ele>11.4</ele>
      </trkpt>
      <trkpt lat="35.394199" lon="128.472319">
        <ele>10.5</ele>
      </trkpt>
      <trkpt lat="35.3947969" lon="128.472365">
        <ele>9.4</ele>
      </trkpt>
      <trkpt lat="35.395668" lon="128.471248">
        <ele>11.0</ele>
      </trkpt>
      <trkpt lat="35.396108" lon="128.471868">
        <ele>11.0</ele>
      </trkpt>
      <trkpt lat="35.398868" lon="128.471641">
        <ele>8.0</ele>
      </trkpt>
      <trkpt lat="35.401591" lon="128.4747999">
        <ele>10.3</ele>
      </trkpt>
      <trkpt lat="35.40178" lon="128.474777">
        <ele>10.4</ele>
      </trkpt>
      <trkpt lat="35.402151" lon="128.474592">
        <ele>12.7</ele>
      </trkpt>
      <trkpt lat="35.402289" lon="128.474669">
        <ele>12.5</ele>
      </trkpt>
      <trkpt lat="35.402578" lon="128.475648">
        <ele>6.6</ele>
      </trkpt>
      <trkpt lat="35.402767" lon="128.476048">
        <ele>5.4</ele>
      </trkpt>
      <trkpt lat="35.403044" lon="128.476387">
        <ele>5.8</ele>
      </trkpt>
      <trkpt lat="35.403415" lon="128.476719">
        <ele>7.0</ele>
      </trkpt>
      <trkpt lat="35.403937" lon="128.477004">
        <ele>6.8</ele>
      </trkpt>
      <trkpt lat="35.404654" lon="128.477181">
        <ele>8.2</ele>
      </trkpt>
      <trkpt lat="35.405566" lon="128.477297">
        <ele>9.4</ele>
      </trkpt>
      <trkpt lat="35.406017" lon="128.477273">
        <ele>8.9</ele>
      </trkpt>
      <trkpt lat="35.407499" lon="128.477406">
        <ele>10.7</ele>
      </trkpt>
      <trkpt lat="35.408002" lon="128.477214">
        <ele>11.2</ele>
      </trkpt>
      <trkpt lat="35.408487" lon="128.476576">
        <ele>11.2</ele>
      </trkpt>
      <trkpt lat="35.409026" lon="128.475387">
        <ele>10.7</ele>
      </trkpt>
      <trkpt lat="35.409278" lon="128.474594">
        <ele>14.3</ele>
      </trkpt>
      <trkpt lat="35.409494" lon="128.473669">
        <ele>15.4</ele>
      </trkpt>
      <trkpt lat="35.409979" lon="128.472987">
        <ele>16.3</ele>
      </trkpt>
      <trkpt lat="35.410823" lon="128.472148">
        <ele>12.4</ele>
      </trkpt>
      <trkpt lat="35.412081" lon="128.469975">
        <ele>6.6</ele>
      </trkpt>
      <trkpt lat="35.413069" lon="128.469243">
        <ele>15.4</ele>
      </trkpt>
      <trkpt lat="35.4136979" lon="128.468467">
        <ele>22.0</ele>
      </trkpt>
      <trkpt lat="35.4142719" lon="128.467602">
        <ele>25.2</ele>
      </trkpt>
      <trkpt lat="35.415854" lon="128.466338">
        <ele>23.6</ele>
      </trkpt>
      <trkpt lat="35.417165" lon="128.465474">
        <ele>19.7</ele>
      </trkpt>
      <trkpt lat="35.41871" lon="128.464831">
        <ele>18.5</ele>
      </trkpt>
      <trkpt lat="35.419159" lon="128.46401">
        <ele>17.0</ele>
      </trkpt>
      <trkpt lat="35.4195009" lon="128.464565">
        <ele>18.7</ele>
      </trkpt>
      <trkpt lat="35.420273" lon="128.4650969">
        <ele>14.7</ele>
      </trkpt>
      <trkpt lat="35.420219" lon="128.466516">
        <ele>10.4</ele>
      </trkpt>
      <trkpt lat="35.421028" lon="128.4687329">
        <ele>8.3</ele>
      </trkpt>
      <trkpt lat="35.421486" lon="128.468559">
        <ele>7.9</ele>
      </trkpt>
      <trkpt lat="35.42984" lon="128.468093">
        <ele>6.6</ele>
      </trkpt>
      <trkpt lat="35.430649" lon="128.466929">
        <ele>8.6</ele>
      </trkpt>
      <trkpt lat="35.436389" lon="128.467029">
        <ele>7.1</ele>
      </trkpt>
      <trkpt lat="35.44159" lon="128.467295">
        <ele>10.3</ele>
      </trkpt>
      <trkpt lat="35.442102" lon="128.467394">
        <ele>11.3</ele>
      </trkpt>
      <trkpt lat="35.445309" lon="128.46623">
        <ele>11.3</ele>
      </trkpt>
      <trkpt lat="35.449635" lon="128.46618">
        <ele>11.7</ele>
      </trkpt>
      <trkpt lat="35.454445" lon="128.466164">
        <ele>10.7</ele>
      </trkpt>
      <trkpt lat="35.4568439" lon="128.466563">
        <ele>12.8</ele>
      </trkpt>
      <trkpt lat="35.458137" lon="128.467029">
        <ele>13.1</ele>
      </trkpt>
      <trkpt lat="35.458353" lon="128.465765">
        <ele>11.1</ele>
      </trkpt>
      <trkpt lat="35.457733" lon="128.461142">
        <ele>24.3</ele>
      </trkpt>
      <trkpt lat="35.459323" lon="128.46041">
        <ele>14.0</ele>
      </trkpt>
      <trkpt lat="35.461722" lon="128.460044">
        <ele>23.7</ele>
      </trkpt>
      <trkpt lat="35.463851" lon="128.461042">
        <ele>19.1</ele>
      </trkpt>
      <trkpt lat="35.464659" lon="128.46174">
        <ele>20.3</ele>
      </trkpt>
      <trkpt lat="35.465414" lon="128.462539">
        <ele>27.9</ele>
      </trkpt>
      <trkpt lat="35.466761" lon="128.46357">
        <ele>32.1</ele>
      </trkpt>
      <trkpt lat="35.468971" lon="128.467062">
        <ele>26.0</ele>
      </trkpt>
      <trkpt lat="35.470076" lon="128.468426">
        <ele>19.5</ele>
      </trkpt>
      <trkpt lat="35.470804" lon="128.46949">
        <ele>17.9</ele>
      </trkpt>
      <trkpt lat="35.470777" lon="128.471219">
        <ele>22.4</ele>
      </trkpt>
      <trkpt lat="35.471019" lon="128.471951">
        <ele>23.7</ele>
      </trkpt>
      <trkpt lat="35.471801" lon="128.47245">
        <ele>20.2</ele>
      </trkpt>
      <trkpt lat="35.4737409" lon="128.472151">
        <ele>22.2</ele>
      </trkpt>
      <trkpt lat="35.475574" lon="128.472018">
        <ele>18.0</ele>
      </trkpt>
      <trkpt lat="35.476948" lon="128.471485">
        <ele>23.6</ele>
      </trkpt>
      <trkpt lat="35.47773" lon="128.471319">
        <ele>22.7</ele>
      </trkpt>
      <trkpt lat="35.480075" lon="128.471452">
        <ele>23.5</ele>
      </trkpt>
      <trkpt lat="35.485168" lon="128.472383">
        <ele>20.1</ele>
      </trkpt>
      <trkpt lat="35.486543" lon="128.473015">
        <ele>23.0</ele>
      </trkpt>
      <trkpt lat="35.489615" lon="128.47531">
        <ele>22.7</ele>
      </trkpt>
      <trkpt lat="35.49107" lon="128.476175">
        <ele>23.8</ele>
      </trkpt>
      <trkpt lat="35.492229" lon="128.477472">
        <ele>28.4</ele>
      </trkpt>
      <trkpt lat="35.493576" lon="128.478204">
        <ele>33.3</ele>
      </trkpt>
      <trkpt lat="35.494547" lon="128.479035">
        <ele>33.8</ele>
      </trkpt>
      <trkpt lat="35.496972" lon="128.478304">
        <ele>43.3</ele>
      </trkpt>
      <trkpt lat="35.499155" lon="128.478171">
        <ele>41.2</ele>
      </trkpt>
      <trkpt lat="35.501715" lon="128.476075">
        <ele>33.3</ele>
      </trkpt>
      <trkpt lat="35.503036" lon="128.47541">
        <ele>28.8</ele>
      </trkpt>
      <trkpt lat="35.504976" lon="128.475876">
        <ele>32.8</ele>
      </trkpt>
      <trkpt lat="35.506618" lon="128.476164">
        <ele>27.1</ele>
      </trkpt>
      <trkpt lat="35.507911" lon="128.475899">
        <ele>28.0</ele>
      </trkpt>
      <trkpt lat="35.509744" lon="128.474799">
        <ele>29.0</ele>
      </trkpt>
      <trkpt lat="35.510732" lon="128.473962">
        <ele>33.1</ele>
      </trkpt>
      <trkpt lat="35.511954" lon="128.473654">
        <ele>39.6</ele>
      </trkpt>
      <trkpt lat="35.512528" lon="128.471936">
        <ele>49.7</ele>
      </trkpt>
      <trkpt lat="35.513786" lon="128.469911">
        <ele>37.2</ele>
      </trkpt>
      <trkpt lat="35.514325" lon="128.469713">
        <ele>27.3</ele>
      </trkpt>
      <trkpt lat="35.51499" lon="128.469602">
        <ele>18.6</ele>
      </trkpt>
      <trkpt lat="35.516068" lon="128.4687209">
        <ele>19.4</ele>
      </trkpt>
      <trkpt lat="35.517379" lon="128.468743">
        <ele>24.9</ele>
      </trkpt>
      <trkpt lat="35.519895" lon="128.468435">
        <ele>28.2</ele>
      </trkpt>
      <trkpt lat="35.521044" lon="128.468633">
        <ele>28.1</ele>
      </trkpt>
      <trkpt lat="35.522823" lon="128.468501">
        <ele>22.7</ele>
      </trkpt>
      <trkpt lat="35.524565" lon="128.466189">
        <ele>16.3</ele>
      </trkpt>
      <trkpt lat="35.525841" lon="128.467488">
        <ele>17.0</ele>
      </trkpt>
      <trkpt lat="35.528806" lon="128.469514">
        <ele>21.1</ele>
      </trkpt>
      <trkpt lat="35.530692" lon="128.471518">
        <ele>22.2</ele>
      </trkpt>
      <trkpt lat="35.53195" lon="128.4737419">
        <ele>25.7</ele>
      </trkpt>
      <trkpt lat="35.533656" lon="128.47612">
        <ele>31.0</ele>
      </trkpt>
      <trkpt lat="35.534968" lon="128.476802">
        <ele>36.2</ele>
      </trkpt>
      <trkpt lat="35.535219" lon="128.477155">
        <ele>36.0</ele>
      </trkpt>
      <trkpt lat="35.535471" lon="128.478035">
        <ele>35.2</ele>
      </trkpt>
      <trkpt lat="35.535902" lon="128.478454">
        <ele>36.1</ele>
      </trkpt>
      <trkpt lat="35.537842" lon="128.479158">
        <ele>40.0</ele>
      </trkpt>
      <trkpt lat="35.539136" lon="128.47918">
        <ele>41.0</ele>
      </trkpt>
      <trkpt lat="35.541005" lon="128.486424">
        <ele>51.4</ele>
      </trkpt>
      <trkpt lat="35.541741" lon="128.488097">
        <ele>52.7</ele>
      </trkpt>
      <trkpt lat="35.542675" lon="128.489242">
        <ele>56.9</ele>
      </trkpt>
      <trkpt lat="35.542819" lon="128.4896819">
        <ele>58.1</ele>
      </trkpt>
      <trkpt lat="35.542819" lon="128.497917">
        <ele>75.6</ele>
      </trkpt>
      <trkpt lat="35.543142" lon="128.499728">
        <ele>80.7</ele>
      </trkpt>
      <trkpt lat="35.543124" lon="128.503265">
        <ele>99.1</ele>
      </trkpt>
      <trkpt lat="35.5439859" lon="128.503565">
        <ele>101.0</ele>
      </trkpt>
      <trkpt lat="35.547462" lon="128.505494">
        <ele>106.5</ele>
      </trkpt>
      <trkpt lat="35.549807" lon="128.506292">
        <ele>97.2</ele>
      </trkpt>
      <trkpt lat="35.556787" lon="128.505926">
        <ele>78.8</ele>
      </trkpt>
      <trkpt lat="35.5605059" lon="128.50699">
        <ele>75.9</ele>
      </trkpt>
      <trkpt lat="35.563093" lon="128.506924">
        <ele>80.5</ele>
      </trkpt>
      <trkpt lat="35.565653" lon="128.505993">
        <ele>71.0</ele>
      </trkpt>
      <trkpt lat="35.566651" lon="128.505793">
        <ele>69.0</ele>
      </trkpt>
      <trkpt lat="35.567217" lon="128.505993">
        <ele>69.3</ele>
      </trkpt>
      <trkpt lat="35.568762" lon="128.507511">
        <ele>60.5</ele>
      </trkpt>
      <trkpt lat="35.573078" lon="128.510244">
        <ele>60.2</ele>
      </trkpt>
      <trkpt lat="35.5771609" lon="128.512606">
        <ele>60.6</ele>
      </trkpt>
      <trkpt lat="35.580305" lon="128.520743">
        <ele>76.5</ele>
      </trkpt>
      <trkpt lat="35.581383" lon="128.5266849">
        <ele>88.1</ele>
      </trkpt>
      <trkpt lat="35.581455" lon="128.528659">
        <ele>90.2</ele>
      </trkpt>
      <trkpt lat="35.581814" lon="128.530078">
        <ele>89.8</ele>
      </trkpt>
      <trkpt lat="35.582892" lon="128.532783">
        <ele>86.7</ele>
      </trkpt>
      <trkpt lat="35.582892" lon="128.533381">
        <ele>89.1</ele>
      </trkpt>
      <trkpt lat="35.5825869" lon="128.533869">
        <ele>86.6</ele>
      </trkpt>
      <trkpt lat="35.581491" lon="128.534291">
        <ele>91.0</ele>
      </trkpt>
      <trkpt lat="35.580808" lon="128.534645">
        <ele>94.9</ele>
      </trkpt>
      <trkpt lat="35.579856" lon="128.535643">
        <ele>92.1</ele>
      </trkpt>
      <trkpt lat="35.579101" lon="128.5361969">
        <ele>98.3</ele>
      </trkpt>
      <trkpt lat="35.578185" lon="128.537461">
        <ele>99.3</ele>
      </trkpt>
      <trkpt lat="35.576676" lon="128.538548">
        <ele>98.2</ele>
      </trkpt>
      <trkpt lat="35.574861" lon="128.5406319">
        <ele>104.4</ele>
      </trkpt>
      <trkpt lat="35.572957" lon="128.54347">
        <ele>95.6</ele>
      </trkpt>
      <trkpt lat="35.570639" lon="128.549124">
        <ele>99.8</ele>
      </trkpt>
      <trkpt lat="35.5699029" lon="128.550632">
        <ele>101.1</ele>
      </trkpt>
      <trkpt lat="35.56816" lon="128.553869">
        <ele>109.3</ele>
      </trkpt>
      <trkpt lat="35.5675669" lon="128.554512">
        <ele>112.9</ele>
      </trkpt>
      <trkpt lat="35.566561" lon="128.5552219">
        <ele>125.8</ele>
      </trkpt>
      <trkpt lat="35.566255" lon="128.555732">
        <ele>131.3</ele>
      </trkpt>
      <trkpt lat="35.566058" lon="128.556929">
        <ele>134.3</ele>
      </trkpt>
      <trkpt lat="35.565806" lon="128.557638">
        <ele>129.3</ele>
      </trkpt>
      <trkpt lat="35.564153" lon="128.5602989">
        <ele>130.5</ele>
      </trkpt>
      <trkpt lat="35.56365" lon="128.560565">
        <ele>137.5</ele>
      </trkpt>
      <trkpt lat="35.562698" lon="128.560765">
        <ele>146.2</ele>
      </trkpt>
      <trkpt lat="35.562195" lon="128.561097">
        <ele>146.8</ele>
      </trkpt>
      <trkpt lat="35.561872" lon="128.56194">
        <ele>142.1</ele>
      </trkpt>
      <trkpt lat="35.560291" lon="128.563536">
        <ele>145.7</ele>
      </trkpt>
      <trkpt lat="35.5590509" lon="128.565155">
        <ele>144.4</ele>
      </trkpt>
      <trkpt lat="35.55871" lon="128.565687">
        <ele>145.0</ele>
      </trkpt>
      <trkpt lat="35.558566" lon="128.566242">
        <ele>141.3</ele>
      </trkpt>
      <trkpt lat="35.558638" lon="128.566774">
        <ele>138.1</ele>
      </trkpt>
      <trkpt lat="35.558997" lon="128.567505">
        <ele>139.8</ele>
      </trkpt>
      <trkpt lat="35.55941" lon="128.567749">
        <ele>148.7</ele>
      </trkpt>
      <trkpt lat="35.559824" lon="128.567749">
        <ele>151.1</ele>
      </trkpt>
      <trkpt lat="35.560758" lon="128.567239">
        <ele>150.9</ele>
      </trkpt>
      <trkpt lat="35.561872" lon="128.567018">
        <ele>156.2</ele>
      </trkpt>
      <trkpt lat="35.563615" lon="128.5669069">
        <ele>162.6</ele>
      </trkpt>
      <trkpt lat="35.563992" lon="128.56715">
        <ele>164.7</ele>
      </trkpt>
      <trkpt lat="35.564064" lon="128.567727">
        <ele>169.5</ele>
      </trkpt>
      <trkpt lat="35.563974" lon="128.568924">
        <ele>180.8</ele>
      </trkpt>
      <trkpt lat="35.563615" lon="128.57041">
        <ele>193.3</ele>
      </trkpt>
      <trkpt lat="35.563597" lon="128.570986">
        <ele>191.2</ele>
      </trkpt>
      <trkpt lat="35.5632189" lon="128.57174">
        <ele>197.4</ele>
      </trkpt>
      <trkpt lat="35.56268" lon="128.573536">
        <ele>205.9</ele>
      </trkpt>
      <trkpt lat="35.562016" lon="128.574468">
        <ele>220.3</ele>
      </trkpt>
      <trkpt lat="35.5618" lon="128.575044">
        <ele>222.4</ele>
      </trkpt>
      <trkpt lat="35.5619439" lon="128.5757319">
        <ele>222.0</ele>
      </trkpt>
      <trkpt lat="35.561746" lon="128.576308">
        <ele>233.0</ele>
      </trkpt>
      <trkpt lat="35.5618539" lon="128.577439">
        <ele>232.2</ele>
      </trkpt>
      <trkpt lat="35.561512" lon="128.580299">
        <ele>264.8</ele>
      </trkpt>
      <trkpt lat="35.561566" lon="128.5808539">
        <ele>267.3</ele>
      </trkpt>
      <trkpt lat="35.561818" lon="128.581319">
        <ele>265.8</ele>
      </trkpt>
      <trkpt lat="35.562231" lon="128.581408">
        <ele>266.2</ele>
      </trkpt>
      <trkpt lat="35.562572" lon="128.581208">
        <ele>266.6</ele>
      </trkpt>
      <trkpt lat="35.563345" lon="128.579435">
        <ele>267.7</ele>
      </trkpt>
      <trkpt lat="35.564279" lon="128.578193">
        <ele>282.4</ele>
      </trkpt>
      <trkpt lat="35.564908" lon="128.577062">
        <ele>285.9</ele>
      </trkpt>
      <trkpt lat="35.565214" lon="128.576663">
        <ele>283.6</ele>
      </trkpt>
      <trkpt lat="35.565896" lon="128.576596">
        <ele>305.7</ele>
      </trkpt>
      <trkpt lat="35.566274" lon="128.575909">
        <ele>289.4</ele>
      </trkpt>
      <trkpt lat="35.566579" lon="128.575887">
        <ele>293.2</ele>
      </trkpt>
      <trkpt lat="35.566992" lon="128.576219">
        <ele>308.5</ele>
      </trkpt>
      <trkpt lat="35.568555" lon="128.576552">
        <ele>311.3</ele>
      </trkpt>
      <trkpt lat="35.5688249" lon="128.576907">
        <ele>315.3</ele>
      </trkpt>
      <trkpt lat="35.5688249" lon="128.577572">
        <ele>336.3</ele>
      </trkpt>
      <trkpt lat="35.568968" lon="128.577993">
        <ele>344.4</ele>
      </trkpt>
      <trkpt lat="35.56922" lon="128.578259">
        <ele>343.8</ele>
      </trkpt>
      <trkpt lat="35.569651" lon="128.578237">
        <ele>333.1</ele>
      </trkpt>
      <trkpt lat="35.570064" lon="128.578503">
        <ele>331.3</ele>
      </trkpt>
      <trkpt lat="35.569975" lon="128.57908">
        <ele>351.7</ele>
      </trkpt>
      <trkpt lat="35.569974" lon="128.579634">
        <ele>351.0</ele>
      </trkpt>
      <trkpt lat="35.569669" lon="128.580144">
        <ele>365.3</ele>
      </trkpt>
      <trkpt lat="35.569453" lon="128.58092">
        <ele>367.5</ele>
      </trkpt>
      <trkpt lat="35.56904" lon="128.581341">
        <ele>376.9</ele>
      </trkpt>
      <trkpt lat="35.568699" lon="128.582272">
        <ele>387.9</ele>
      </trkpt>
      <trkpt lat="35.5688249" lon="128.582627">
        <ele>386.0</ele>
      </trkpt>
      <trkpt lat="35.569148" lon="128.582805">
        <ele>376.8</ele>
      </trkpt>
      <trkpt lat="35.571124" lon="128.5866629">
        <ele>390.8</ele>
      </trkpt>
      <trkpt lat="35.572256" lon="128.587882">
        <ele>384.9</ele>
      </trkpt>
      <trkpt lat="35.572795" lon="128.589257">
        <ele>365.3</ele>
      </trkpt>
      <trkpt lat="35.573065" lon="128.589634">
        <ele>362.4</ele>
      </trkpt>
      <trkpt lat="35.573442" lon="128.589634">
        <ele>364.2</ele>
      </trkpt>
      <trkpt lat="35.574843" lon="128.588747">
        <ele>360.3</ele>
      </trkpt>
      <trkpt lat="35.5760829" lon="128.589368">
        <ele>344.1</ele>
      </trkpt>
      <trkpt lat="35.577412" lon="128.5897">
        <ele>340.6</ele>
      </trkpt>
      <trkpt lat="35.577844" lon="128.590898">
        <ele>318.6</ele>
      </trkpt>
      <trkpt lat="35.578275" lon="128.591075">
        <ele>316.5</ele>
      </trkpt>
      <trkpt lat="35.579245" lon="128.591009">
        <ele>324.4</ele>
      </trkpt>
      <trkpt lat="35.579443" lon="128.591186">
        <ele>326.4</ele>
      </trkpt>
      <trkpt lat="35.579425" lon="128.591585">
        <ele>319.7</ele>
      </trkpt>
      <trkpt lat="35.579083" lon="128.592095">
        <ele>307.0</ele>
      </trkpt>
      <trkpt lat="35.57876" lon="128.592827">
        <ele>305.8</ele>
      </trkpt>
      <trkpt lat="35.57788" lon="128.593559">
        <ele>295.9</ele>
      </trkpt>
      <trkpt lat="35.577628" lon="128.593847">
        <ele>296.9</ele>
      </trkpt>
      <trkpt lat="35.576954" lon="128.594263">
        <ele>285.1</ele>
      </trkpt>
      <trkpt lat="35.576658" lon="128.595094">
        <ele>287.6</ele>
      </trkpt>
      <trkpt lat="35.575876" lon="128.595626">
        <ele>277.7</ele>
      </trkpt>
      <trkpt lat="35.575391" lon="128.596691">
        <ele>278.9</ele>
      </trkpt>
      <trkpt lat="35.574178" lon="128.596824">
        <ele>261.5</ele>
      </trkpt>
      <trkpt lat="35.573774" lon="128.597655">
        <ele>278.3</ele>
      </trkpt>
      <trkpt lat="35.573397" lon="128.597655">
        <ele>273.0</ele>
      </trkpt>
      <trkpt lat="35.572912" lon="128.597289">
        <ele>257.1</ele>
      </trkpt>
      <trkpt lat="35.57213" lon="128.597456">
        <ele>260.7</ele>
      </trkpt>
      <trkpt lat="35.570675" lon="128.597489">
        <ele>243.9</ele>
      </trkpt>
      <trkpt lat="35.5703249" lon="128.597921">
        <ele>243.2</ele>
      </trkpt>
      <trkpt lat="35.570217" lon="128.599584">
        <ele>239.7</ele>
      </trkpt>
      <trkpt lat="35.570837" lon="128.601347">
        <ele>239.4</ele>
      </trkpt>
      <trkpt lat="35.571025" lon="128.6023779">
        <ele>235.6</ele>
      </trkpt>
      <trkpt lat="35.570918" lon="128.603575">
        <ele>237.5</ele>
      </trkpt>
      <trkpt lat="35.5703249" lon="128.605072">
        <ele>225.9</ele>
      </trkpt>
      <trkpt lat="35.567791" lon="128.606768">
        <ele>198.6</ele>
      </trkpt>
      <trkpt lat="35.567603" lon="128.6074">
        <ele>202.5</ele>
      </trkpt>
      <trkpt lat="35.56701" lon="128.607833">
        <ele>189.7</ele>
      </trkpt>
      <trkpt lat="35.566606" lon="128.609097">
        <ele>199.6</ele>
      </trkpt>
      <trkpt lat="35.565797" lon="128.609263">
        <ele>179.3</ele>
      </trkpt>
      <trkpt lat="35.565339" lon="128.610128">
        <ele>175.7</ele>
      </trkpt>
      <trkpt lat="35.565339" lon="128.610959">
        <ele>179.2</ele>
      </trkpt>
      <trkpt lat="35.564746" lon="128.612123">
        <ele>168.6</ele>
      </trkpt>
      <trkpt lat="35.56445" lon="128.6140519">
        <ele>157.9</ele>
      </trkpt>
      <trkpt lat="35.564234" lon="128.617378">
        <ele>134.4</ele>
      </trkpt>
      <trkpt lat="35.563156" lon="128.619673">
        <ele>123.2</ele>
      </trkpt>
      <trkpt lat="35.561889" lon="128.6214029">
        <ele>119.2</ele>
      </trkpt>
      <trkpt lat="35.56127" lon="128.622068">
        <ele>113.7</ele>
      </trkpt>
      <trkpt lat="35.559491" lon="128.6228659">
        <ele>110.4</ele>
      </trkpt>
      <trkpt lat="35.5575509" lon="128.623265">
        <ele>98.6</ele>
      </trkpt>
      <trkpt lat="35.556419" lon="128.623731">
        <ele>85.2</ele>
      </trkpt>
      <trkpt lat="35.555341" lon="128.624429">
        <ele>79.0</ele>
      </trkpt>
      <trkpt lat="35.551366" lon="128.628066">
        <ele>73.2</ele>
      </trkpt>
      <trkpt lat="35.54704" lon="128.632079">
        <ele>68.7</ele>
      </trkpt>
      <trkpt lat="35.546286" lon="128.633143">
        <ele>67.3</ele>
      </trkpt>
      <trkpt lat="35.545585" lon="128.635006">
        <ele>64.3</ele>
      </trkpt>
      <trkpt lat="35.5451539" lon="128.636902">
        <ele>62.4</ele>
      </trkpt>
      <trkpt lat="35.544103" lon="128.63943">
        <ele>59.4</ele>
      </trkpt>
      <trkpt lat="35.543644" lon="128.641093">
        <ele>59.1</ele>
      </trkpt>
      <trkpt lat="35.541731" lon="128.645649">
        <ele>52.8</ele>
      </trkpt>
      <trkpt lat="35.5414079" lon="128.646547">
        <ele>53.3</ele>
      </trkpt>
      <trkpt lat="35.5411379" lon="128.649541">
        <ele>51.9</ele>
      </trkpt>
      <trkpt lat="35.539979" lon="128.653332">
        <ele>52.0</ele>
      </trkpt>
      <trkpt lat="35.539791" lon="128.655261">
        <ele>54.8</ele>
      </trkpt>
      <trkpt lat="35.539359" lon="128.656326">
        <ele>53.5</ele>
      </trkpt>
      <trkpt lat="35.535209" lon="128.657822">
        <ele>42.1</ele>
      </trkpt>
      <trkpt lat="35.533269" lon="128.657689">
        <ele>54.2</ele>
      </trkpt>
      <trkpt lat="35.5319209" lon="128.657124">
        <ele>54.1</ele>
      </trkpt>
      <trkpt lat="35.52955" lon="128.655161">
        <ele>43.5</ele>
      </trkpt>
      <trkpt lat="35.528014" lon="128.654663">
        <ele>40.4</ele>
      </trkpt>
      <trkpt lat="35.527097" lon="128.65453">
        <ele>38.9</ele>
      </trkpt>
      <trkpt lat="35.524537" lon="128.653199">
        <ele>36.9</ele>
      </trkpt>
      <trkpt lat="35.523109" lon="128.652667">
        <ele>39.3</ele>
      </trkpt>
      <trkpt lat="35.521195" lon="128.6514029">
        <ele>36.1</ele>
      </trkpt>
      <trkpt lat="35.519605" lon="128.649773">
        <ele>40.2</ele>
      </trkpt>
      <trkpt lat="35.518554" lon="128.649042">
        <ele>37.5</ele>
      </trkpt>
      <trkpt lat="35.5164789" lon="128.64831">
        <ele>40.1</ele>
      </trkpt>
      <trkpt lat="35.515725" lon="128.648676">
        <ele>43.9</ele>
      </trkpt>
      <trkpt lat="35.514539" lon="128.650339">
        <ele>42.0</ele>
      </trkpt>
      <trkpt lat="35.513622" lon="128.651004">
        <ele>40.7</ele>
      </trkpt>
      <trkpt lat="35.510281" lon="128.650838">
        <ele>39.0</ele>
      </trkpt>
      <trkpt lat="35.5068849" lon="128.651237">
        <ele>26.8</ele>
      </trkpt>
      <trkpt lat="35.506346" lon="128.651436">
        <ele>25.6</ele>
      </trkpt>
      <trkpt lat="35.505268" lon="128.6528">
        <ele>23.9</ele>
      </trkpt>
      <trkpt lat="35.504729" lon="128.652966">
        <ele>23.4</ele>
      </trkpt>
      <trkpt lat="35.504513" lon="128.653931">
        <ele>24.4</ele>
      </trkpt>
      <trkpt lat="35.504621" lon="128.6550619">
        <ele>25.1</ele>
      </trkpt>
      <trkpt lat="35.503732" lon="128.657756">
        <ele>31.0</ele>
      </trkpt>
      <trkpt lat="35.503193" lon="128.658787">
        <ele>30.2</ele>
      </trkpt>
      <trkpt lat="35.502789" lon="128.659253">
        <ele>26.2</ele>
      </trkpt>
      <trkpt lat="35.502465" lon="128.659818">
        <ele>23.4</ele>
      </trkpt>
      <trkpt lat="35.501819" lon="128.66055">
        <ele>24.6</ele>
      </trkpt>
      <trkpt lat="35.501576" lon="128.661015">
        <ele>24.3</ele>
      </trkpt>
      <trkpt lat="35.50128" lon="128.662512">
        <ele>34.2</ele>
      </trkpt>
      <trkpt lat="35.500471" lon="128.663676">
        <ele>46.4</ele>
      </trkpt>
      <trkpt lat="35.500121" lon="128.66514">
        <ele>49.6</ele>
      </trkpt>
      <trkpt lat="35.49907" lon="128.666703">
        <ele>38.2</ele>
      </trkpt>
      <trkpt lat="35.497992" lon="128.669862">
        <ele>31.7</ele>
      </trkpt>
      <trkpt lat="35.497631" lon="128.67019">
        <ele>30.0</ele>
      </trkpt>
      <trkpt lat="35.49835" lon="128.671499">
        <ele>25.5</ele>
      </trkpt>
      <trkpt lat="35.499913" lon="128.677131">
        <ele>38.3</ele>
      </trkpt>
      <trkpt lat="35.499769" lon="128.678151">
        <ele>41.4</ele>
      </trkpt>
      <trkpt lat="35.500074" lon="128.67926">
        <ele>41.5</ele>
      </trkpt>
      <trkpt lat="35.500614" lon="128.680058">
        <ele>43.8</ele>
      </trkpt>
      <trkpt lat="35.501602" lon="128.681876">
        <ele>39.0</ele>
      </trkpt>
      <trkpt lat="35.501009" lon="128.682475">
        <ele>36.2</ele>
      </trkpt>
      <trkpt lat="35.500596" lon="128.682719">
        <ele>37.9</ele>
      </trkpt>
      <trkpt lat="35.500272" lon="128.683007">
        <ele>38.8</ele>
      </trkpt>
      <trkpt lat="35.499877" lon="128.68294">
        <ele>35.9</ele>
      </trkpt>
      <trkpt lat="35.49941" lon="128.68427">
        <ele>38.1</ele>
      </trkpt>
      <trkpt lat="35.499446" lon="128.684958">
        <ele>40.9</ele>
      </trkpt>
      <trkpt lat="35.499464" lon="128.686532">
        <ele>40.2</ele>
      </trkpt>
      <trkpt lat="35.499338" lon="128.688528">
        <ele>38.9</ele>
      </trkpt>
      <trkpt lat="35.49914" lon="128.690945">
        <ele>43.3</ele>
      </trkpt>
      <trkpt lat="35.499194" lon="128.6920529">
        <ele>47.2</ele>
      </trkpt>
      <trkpt lat="35.498584" lon="128.693406">
        <ele>47.6</ele>
      </trkpt>
      <trkpt lat="35.497038" lon="128.695313">
        <ele>48.0</ele>
      </trkpt>
      <trkpt lat="35.496877" lon="128.696">
        <ele>51.3</ele>
      </trkpt>
      <trkpt lat="35.496158" lon="128.697264">
        <ele>58.9</ele>
      </trkpt>
      <trkpt lat="35.495942" lon="128.697752">
        <ele>59.8</ele>
      </trkpt>
      <trkpt lat="35.49517" lon="128.698461">
        <ele>56.1</ele>
      </trkpt>
      <trkpt lat="35.494057" lon="128.6996969">
        <ele>55.4</ele>
      </trkpt>
      <trkpt lat="35.494165" lon="128.700362">
        <ele>58.3</ele>
      </trkpt>
      <trkpt lat="35.49403" lon="128.7011599">
        <ele>64.1</ele>
      </trkpt>
      <trkpt lat="35.493222" lon="128.701925">
        <ele>68.7</ele>
      </trkpt>
      <trkpt lat="35.49279" lon="128.702989">
        <ele>78.6</ele>
      </trkpt>
      <trkpt lat="35.492063" lon="128.703555">
        <ele>75.9</ele>
      </trkpt>
      <trkpt lat="35.491551" lon="128.704453">
        <ele>86.8</ele>
      </trkpt>
      <trkpt lat="35.4902299" lon="128.705983">
        <ele>98.7</ele>
      </trkpt>
      <trkpt lat="35.48926" lon="128.706249">
        <ele>97.8</ele>
      </trkpt>
      <trkpt lat="35.48829" lon="128.707812">
        <ele>105.3</ele>
      </trkpt>
      <trkpt lat="35.488101" lon="128.708278">
        <ele>107.3</ele>
      </trkpt>
      <trkpt lat="35.488128" lon="128.709475">
        <ele>117.8</ele>
      </trkpt>
      <trkpt lat="35.487778" lon="128.711604">
        <ele>135.8</ele>
      </trkpt>
      <trkpt lat="35.487859" lon="128.7121359">
        <ele>132.5</ele>
      </trkpt>
      <trkpt lat="35.488451" lon="128.712601">
        <ele>129.9</ele>
      </trkpt>
      <trkpt lat="35.488694" lon="128.714065">
        <ele>115.3</ele>
      </trkpt>
      <trkpt lat="35.48891" lon="128.714597">
        <ele>116.6</ele>
      </trkpt>
      <trkpt lat="35.48891" lon="128.7157609">
        <ele>105.3</ele>
      </trkpt>
      <trkpt lat="35.489449" lon="128.716692">
        <ele>106.5</ele>
      </trkpt>
      <trkpt lat="35.489098" lon="128.718322">
        <ele>89.8</ele>
      </trkpt>
      <trkpt lat="35.489368" lon="128.719021">
        <ele>86.8</ele>
      </trkpt>
      <trkpt lat="35.489503" lon="128.719952">
        <ele>73.1</ele>
      </trkpt>
      <trkpt lat="35.490338" lon="128.719952">
        <ele>80.2</ele>
      </trkpt>
      <trkpt lat="35.490796" lon="128.720484">
        <ele>67.8</ele>
      </trkpt>
      <trkpt lat="35.492251" lon="128.720318">
        <ele>73.8</ele>
      </trkpt>
      <trkpt lat="35.492305" lon="128.7216479">
        <ele>63.0</ele>
      </trkpt>
      <trkpt lat="35.490338" lon="128.722446">
        <ele>55.3</ele>
      </trkpt>
      <trkpt lat="35.487859" lon="128.722712">
        <ele>40.3</ele>
      </trkpt>
      <trkpt lat="35.487374" lon="128.723211">
        <ele>40.7</ele>
      </trkpt>
      <trkpt lat="35.487041" lon="128.724874">
        <ele>34.6</ele>
      </trkpt>
      <trkpt lat="35.4863799" lon="128.726507">
        <ele>25.0</ele>
      </trkpt>
      <trkpt lat="35.486044" lon="128.727489">
        <ele>22.8</ele>
      </trkpt>
      <trkpt lat="35.485666" lon="128.727605">
        <ele>22.0</ele>
      </trkpt>
      <trkpt lat="35.485828" lon="128.729068">
        <ele>21.1</ele>
      </trkpt>
      <trkpt lat="35.486205" lon="128.7305979">
        <ele>16.3</ele>
      </trkpt>
      <trkpt lat="35.475446" lon="128.7361359">
        <ele>17.2</ele>
      </trkpt>
      <trkpt lat="35.474466" lon="128.737068">
        <ele>19.8</ele>
      </trkpt>
      <trkpt lat="35.4729839" lon="128.73872">
        <ele>18.5</ele>
      </trkpt>
      <trkpt lat="35.472391" lon="128.739573">
        <ele>19.4</ele>
      </trkpt>
      <trkpt lat="35.4724" lon="128.739573">
        <ele>19.4</ele>
      </trkpt>
      <trkpt lat="35.472158" lon="128.740216">
        <ele>20.2</ele>
      </trkpt>
      <trkpt lat="35.472023" lon="128.74117">
        <ele>20.3</ele>
      </trkpt>
      <trkpt lat="35.471879" lon="128.743997">
        <ele>16.8</ele>
      </trkpt>
      <trkpt lat="35.471951" lon="128.744551">
        <ele>16.1</ele>
      </trkpt>
      <trkpt lat="35.472041" lon="128.744884">
        <ele>15.7</ele>
      </trkpt>
      <trkpt lat="35.472409" lon="128.745372">
        <ele>14.9</ele>
      </trkpt>
      <trkpt lat="35.47289" lon="128.7456709">
        <ele>13.0</ele>
      </trkpt>
      <trkpt lat="35.473267" lon="128.74617">
        <ele>11.6</ele>
      </trkpt>
      <trkpt lat="35.473397" lon="128.7464249">
        <ele>11.7</ele>
      </trkpt>
      <trkpt lat="35.473474" lon="128.746829">
        <ele>12.0</ele>
      </trkpt>
      <trkpt lat="35.473537" lon="128.747456">
        <ele>12.2</ele>
      </trkpt>
      <trkpt lat="35.473663" lon="128.748005">
        <ele>14.8</ele>
      </trkpt>
      <trkpt lat="35.473892" lon="128.748697">
        <ele>18.3</ele>
      </trkpt>
      <trkpt lat="35.474678" lon="128.750227">
        <ele>25.4</ele>
      </trkpt>
      <trkpt lat="35.474831" lon="128.750643">
        <ele>24.3</ele>
      </trkpt>
      <trkpt lat="35.474835" lon="128.750643">
        <ele>24.1</ele>
      </trkpt>
      <trkpt lat="35.474912" lon="128.751197">
        <ele>19.7</ele>
      </trkpt>
      <trkpt lat="35.474889" lon="128.75174">
        <ele>15.6</ele>
      </trkpt>
      <trkpt lat="35.474804" lon="128.75215">
        <ele>14.7</ele>
      </trkpt>
      <trkpt lat="35.474409" lon="128.753303">
        <ele>13.2</ele>
      </trkpt>
      <trkpt lat="35.474579" lon="128.753874">
        <ele>11.9</ele>
      </trkpt>
      <trkpt lat="35.474278" lon="128.75419">
        <ele>12.5</ele>
      </trkpt>
      <trkpt lat="35.473358" lon="128.7569279">
        <ele>17.2</ele>
      </trkpt>
      <trkpt lat="35.471965" lon="128.759006">
        <ele>9.3</ele>
      </trkpt>
      <trkpt lat="35.46984" lon="128.762521">
        <ele>6.6</ele>
      </trkpt>
      <trkpt lat="35.469871" lon="128.7626809">
        <ele>6.6</ele>
      </trkpt>
      <trkpt lat="35.469436" lon="128.763402">
        <ele>8.1</ele>
      </trkpt>
      <trkpt lat="35.466043" lon="128.770992">
        <ele>7.0</ele>
      </trkpt>
      <trkpt lat="35.458632" lon="128.778455">
        <ele>6.3</ele>
      </trkpt>
      <trkpt lat="35.457634" lon="128.779215">
        <ele>6.8</ele>
      </trkpt>
      <trkpt lat="35.456745" lon="128.779545">
        <ele>6.5</ele>
      </trkpt>
      <trkpt lat="35.455667" lon="128.779611">
        <ele>5.4</ele>
      </trkpt>
      <trkpt lat="35.454697" lon="128.779413">
        <ele>6.9</ele>
      </trkpt>
      <trkpt lat="35.449684" lon="128.777234">
        <ele>6.7</ele>
      </trkpt>
      <trkpt lat="35.448741" lon="128.777035">
        <ele>6.7</ele>
      </trkpt>
      <trkpt lat="35.448013" lon="128.777134">
        <ele>6.8</ele>
      </trkpt>
      <trkpt lat="35.442354" lon="128.779744">
        <ele>5.4</ele>
      </trkpt>
      <trkpt lat="35.440602" lon="128.780767">
        <ele>4.6</ele>
      </trkpt>
      <trkpt lat="35.439497" lon="128.781626">
        <ele>6.0</ele>
      </trkpt>
      <trkpt lat="35.4388239" lon="128.782452">
        <ele>6.2</ele>
      </trkpt>
      <trkpt lat="35.437072" lon="128.78549">
        <ele>4.7</ele>
      </trkpt>
      <trkpt lat="35.435832" lon="128.787339">
        <ele>7.0</ele>
      </trkpt>
      <trkpt lat="35.434539" lon="128.78876">
        <ele>5.8</ele>
      </trkpt>
      <trkpt lat="35.4332179" lon="128.789915">
        <ele>6.8</ele>
      </trkpt>
      <trkpt lat="35.431736" lon="128.790906">
        <ele>6.0</ele>
      </trkpt>
      <trkpt lat="35.430173" lon="128.791435">
        <ele>5.4</ele>
      </trkpt>
      <trkpt lat="35.428529" lon="128.791732">
        <ele>7.3</ele>
      </trkpt>
      <trkpt lat="35.419204" lon="128.791666">
        <ele>5.1</ele>
      </trkpt>
      <trkpt lat="35.41818" lon="128.791435">
        <ele>5.1</ele>
      </trkpt>
      <trkpt lat="35.417237" lon="128.791633">
        <ele>6.2</ele>
      </trkpt>
      <trkpt lat="35.415324" lon="128.791435">
        <ele>5.5</ele>
      </trkpt>
      <trkpt lat="35.414111" lon="128.7910379">
        <ele>5.6</ele>
      </trkpt>
      <trkpt lat="35.413141" lon="128.7910379">
        <ele>6.1</ele>
      </trkpt>
      <trkpt lat="35.411389" lon="128.796323">
        <ele>5.4</ele>
      </trkpt>
      <trkpt lat="35.409853" lon="128.7960249">
        <ele>6.0</ele>
      </trkpt>
      <trkpt lat="35.406887" lon="128.794215">
        <ele>5.8</ele>
      </trkpt>
      <trkpt lat="35.404821" lon="128.7934">
        <ele>6.9</ele>
      </trkpt>
      <trkpt lat="35.400832" lon="128.792717">
        <ele>4.0</ele>
      </trkpt>
      <trkpt lat="35.399718" lon="128.792585">
        <ele>4.0</ele>
      </trkpt>
      <trkpt lat="35.398514" lon="128.792673">
        <ele>5.6</ele>
      </trkpt>
      <trkpt lat="35.397329" lon="128.793048">
        <ele>4.7</ele>
      </trkpt>
      <trkpt lat="35.3962689" lon="128.793753">
        <ele>5.0</ele>
      </trkpt>
      <trkpt lat="35.39546" lon="128.794567">
        <ele>4.8</ele>
      </trkpt>
      <trkpt lat="35.394849" lon="128.79558">
        <ele>4.9</ele>
      </trkpt>
      <trkpt lat="35.392141" lon="128.801422">
        <ele>4.3</ele>
      </trkpt>
      <trkpt lat="35.3896749" lon="128.80679">
        <ele>4.7</ele>
      </trkpt>
      <trkpt lat="35.388399" lon="128.809168">
        <ele>7.1</ele>
      </trkpt>
      <trkpt lat="35.388471" lon="128.809917">
        <ele>14.9</ele>
      </trkpt>
      <trkpt lat="35.387321" lon="128.811018">
        <ele>17.2</ele>
      </trkpt>
      <trkpt lat="35.386693" lon="128.811371">
        <ele>14.3</ele>
      </trkpt>
      <trkpt lat="35.384573" lon="128.813683">
        <ele>28.3</ele>
      </trkpt>
      <trkpt lat="35.383602" lon="128.814124">
        <ele>24.3</ele>
      </trkpt>
      <trkpt lat="35.383045" lon="128.814938">
        <ele>27.2</ele>
      </trkpt>
      <trkpt lat="35.383009" lon="128.815819">
        <ele>32.2</ele>
      </trkpt>
      <trkpt lat="35.382632" lon="128.816238">
        <ele>25.0</ele>
      </trkpt>
      <trkpt lat="35.3823269" lon="128.816656">
        <ele>20.9</ele>
      </trkpt>
      <trkpt lat="35.382039" lon="128.817735">
        <ele>12.5</ele>
      </trkpt>
      <trkpt lat="35.3824169" lon="128.818374">
        <ele>12.6</ele>
      </trkpt>
      <trkpt lat="35.3827039" lon="128.819717">
        <ele>13.9</ele>
      </trkpt>
      <trkpt lat="35.3827939" lon="128.8205769">
        <ele>14.4</ele>
      </trkpt>
      <trkpt lat="35.382956" lon="128.821017">
        <ele>14.2</ele>
      </trkpt>
      <trkpt lat="35.383023" lon="128.821292">
        <ele>12.2</ele>
      </trkpt>
      <trkpt lat="35.383042" lon="128.821628">
        <ele>8.3</ele>
      </trkpt>
      <trkpt lat="35.383069" lon="128.821861">
        <ele>7.1</ele>
      </trkpt>
      <trkpt lat="35.383117" lon="128.82203">
        <ele>6.6</ele>
      </trkpt>
      <trkpt lat="35.383926" lon="128.824475">
        <ele>6.0</ele>
      </trkpt>
      <trkpt lat="35.3839619" lon="128.824871">
        <ele>6.2</ele>
      </trkpt>
      <trkpt lat="35.384608" lon="128.825334">
        <ele>7.9</ele>
      </trkpt>
      <trkpt lat="35.385633" lon="128.82714">
        <ele>8.1</ele>
      </trkpt>
      <trkpt lat="35.38574" lon="128.8276459">
        <ele>7.7</ele>
      </trkpt>
      <trkpt lat="35.385992" lon="128.828109">
        <ele>8.4</ele>
      </trkpt>
      <trkpt lat="35.386351" lon="128.828395">
        <ele>9.1</ele>
      </trkpt>
      <trkpt lat="35.389459" lon="128.833878">
        <ele>9.7</ele>
      </trkpt>
      <trkpt lat="35.3914" lon="128.837556">
        <ele>8.0</ele>
      </trkpt>
      <trkpt lat="35.391764" lon="128.838365">
        <ele>8.0</ele>
      </trkpt>
      <trkpt lat="35.395299" lon="128.846586">
        <ele>7.9</ele>
      </trkpt>
      <trkpt lat="35.395316" lon="128.847731">
        <ele>6.4</ele>
      </trkpt>
      <trkpt lat="35.396071" lon="128.849317">
        <ele>6.1</ele>
      </trkpt>
      <trkpt lat="35.396341" lon="128.8503739">
        <ele>6.5</ele>
      </trkpt>
      <trkpt lat="35.396412" lon="128.853171">
        <ele>3.5</ele>
      </trkpt>
      <trkpt lat="35.3967" lon="128.854316">
        <ele>3.4</ele>
      </trkpt>
      <trkpt lat="35.397275" lon="128.8553949">
        <ele>4.7</ele>
      </trkpt>
      <trkpt lat="35.397455" lon="128.85665">
        <ele>3.0</ele>
      </trkpt>
      <trkpt lat="35.39776" lon="128.857047">
        <ele>3.9</ele>
      </trkpt>
      <trkpt lat="35.398245" lon="128.857201">
        <ele>4.9</ele>
      </trkpt>
      <trkpt lat="35.399485" lon="128.8569149">
        <ele>5.5</ele>
      </trkpt>
      <trkpt lat="35.39988" lon="128.857025">
        <ele>6.7</ele>
      </trkpt>
      <trkpt lat="35.400131" lon="128.857487">
        <ele>6.3</ele>
      </trkpt>
      <trkpt lat="35.400185" lon="128.858566">
        <ele>5.6</ele>
      </trkpt>
      <trkpt lat="35.400095" lon="128.860769">
        <ele>5.8</ele>
      </trkpt>
      <trkpt lat="35.399718" lon="128.862641">
        <ele>5.4</ele>
      </trkpt>
      <trkpt lat="35.3991789" lon="128.86394">
        <ele>5.5</ele>
      </trkpt>
      <trkpt lat="35.398119" lon="128.865834">
        <ele>6.5</ele>
      </trkpt>
      <trkpt lat="35.396844" lon="128.867111">
        <ele>6.3</ele>
      </trkpt>
      <trkpt lat="35.396143" lon="128.867728">
        <ele>4.8</ele>
      </trkpt>
      <trkpt lat="35.39546" lon="128.86808">
        <ele>4.4</ele>
      </trkpt>
      <trkpt lat="35.394364" lon="128.869423">
        <ele>15.6</ele>
      </trkpt>
      <trkpt lat="35.393879" lon="128.86982">
        <ele>17.6</ele>
      </trkpt>
      <trkpt lat="35.3922979" lon="128.870349">
        <ele>17.3</ele>
      </trkpt>
      <trkpt lat="35.391454" lon="128.871098">
        <ele>23.7</ele>
      </trkpt>
      <trkpt lat="35.389172" lon="128.872309">
        <ele>22.1</ele>
      </trkpt>
      <trkpt lat="35.387591" lon="128.872904">
        <ele>14.9</ele>
      </trkpt>
      <trkpt lat="35.382992" lon="128.874005">
        <ele>24.3</ele>
      </trkpt>
      <trkpt lat="35.382219" lon="128.873961">
        <ele>10.5</ele>
      </trkpt>
      <trkpt lat="35.381698" lon="128.874379">
        <ele>5.6</ele>
      </trkpt>
      <trkpt lat="35.378967" lon="128.875833">
        <ele>5.8</ele>
      </trkpt>
      <trkpt lat="35.378123" lon="128.876449">
        <ele>6.7</ele>
      </trkpt>
      <trkpt lat="35.373918" lon="128.88125">
        <ele>10.0</ele>
      </trkpt>
      <trkpt lat="35.3731099" lon="128.882616">
        <ele>11.0</ele>
      </trkpt>
      <trkpt lat="35.372517" lon="128.883915">
        <ele>8.8</ele>
      </trkpt>
      <trkpt lat="35.372176" lon="128.8851699">
        <ele>8.5</ele>
      </trkpt>
      <trkpt lat="35.371691" lon="128.887967">
        <ele>5.9</ele>
      </trkpt>
      <trkpt lat="35.371008" lon="128.888341">
        <ele>6.6</ele>
      </trkpt>
      <trkpt lat="35.370738" lon="128.88865">
        <ele>6.8</ele>
      </trkpt>
      <trkpt lat="35.370774" lon="128.889068">
        <ele>6.3</ele>
      </trkpt>
      <trkpt lat="35.371134" lon="128.889288">
        <ele>6.3</ele>
      </trkpt>
      <trkpt lat="35.3713849" lon="128.889575">
        <ele>6.8</ele>
      </trkpt>
      <trkpt lat="35.371439" lon="128.889972">
        <ele>7.2</ele>
      </trkpt>
      <trkpt lat="35.369103" lon="128.904551">
        <ele>5.6</ele>
      </trkpt>
      <trkpt lat="35.368511" lon="128.905564">
        <ele>5.9</ele>
      </trkpt>
      <trkpt lat="35.368079" lon="128.911576">
        <ele>4.1</ele>
      </trkpt>
      <trkpt lat="35.3675939" lon="128.913536">
        <ele>4.5</ele>
      </trkpt>
      <trkpt lat="35.367037" lon="128.914857">
        <ele>6.2</ele>
      </trkpt>
      <trkpt lat="35.363911" lon="128.91869">
        <ele>7.6</ele>
      </trkpt>
      <trkpt lat="35.362671" lon="128.919967">
        <ele>7.4</ele>
      </trkpt>
      <trkpt lat="35.362043" lon="128.92043">
        <ele>7.3</ele>
      </trkpt>
      <trkpt lat="35.361647" lon="128.921134">
        <ele>9.7</ele>
      </trkpt>
      <trkpt lat="35.361234" lon="128.9215089">
        <ele>7.5</ele>
      </trkpt>
      <trkpt lat="35.358863" lon="128.924636">
        <ele>8.0</ele>
      </trkpt>
      <trkpt lat="35.358198" lon="128.925385">
        <ele>10.0</ele>
      </trkpt>
      <trkpt lat="35.355593" lon="128.927631">
        <ele>9.4</ele>
      </trkpt>
      <trkpt lat="35.354479" lon="128.92882">
        <ele>10.3</ele>
      </trkpt>
      <trkpt lat="35.351766" lon="128.932322">
        <ele>15.9</ele>
      </trkpt>
      <trkpt lat="35.350885" lon="128.9336209">
        <ele>8.9</ele>
      </trkpt>
      <trkpt lat="35.348873" lon="128.935956">
        <ele>13.7</ele>
      </trkpt>
      <trkpt lat="35.344615" lon="128.9401619">
        <ele>11.1</ele>
      </trkpt>
      <trkpt lat="35.34413" lon="128.940272">
        <ele>10.3</ele>
      </trkpt>
      <trkpt lat="35.343483" lon="128.940823">
        <ele>10.5</ele>
      </trkpt>
      <trkpt lat="35.343286" lon="128.941439">
        <ele>8.1</ele>
      </trkpt>
      <trkpt lat="35.341848" lon="128.943333">
        <ele>5.0</ele>
      </trkpt>
      <trkpt lat="35.340465" lon="128.9462629">
        <ele>7.6</ele>
      </trkpt>
      <trkpt lat="35.339333" lon="128.950249">
        <ele>5.8</ele>
      </trkpt>
      <trkpt lat="35.338525" lon="128.952231">
        <ele>6.2</ele>
      </trkpt>
      <trkpt lat="35.3367999" lon="128.957935">
        <ele>6.6</ele>
      </trkpt>
      <trkpt lat="35.336225" lon="128.960137">
        <ele>7.1</ele>
      </trkpt>
      <trkpt lat="35.33565" lon="128.961436">
        <ele>6.6</ele>
      </trkpt>
      <trkpt lat="35.3355419" lon="128.962604">
        <ele>5.4</ele>
      </trkpt>
      <trkpt lat="35.334662" lon="128.965224">
        <ele>6.5</ele>
      </trkpt>
      <trkpt lat="35.33344" lon="128.9679109">
        <ele>2.0</ele>
      </trkpt>
      <trkpt lat="35.332811" lon="128.969739">
        <ele>2.7</ele>
      </trkpt>
      <trkpt lat="35.332129" lon="128.971523">
        <ele>5.8</ele>
      </trkpt>
      <trkpt lat="35.330979" lon="128.972558">
        <ele>8.9</ele>
      </trkpt>
      <trkpt lat="35.33017" lon="128.973108">
        <ele>11.9</ele>
      </trkpt>
      <trkpt lat="35.329164" lon="128.973527">
        <ele>11.5</ele>
      </trkpt>
      <trkpt lat="35.326739" lon="128.974144">
        <ele>15.3</ele>
      </trkpt>
      <trkpt lat="35.325697" lon="128.97432">
        <ele>16.3</ele>
      </trkpt>
      <trkpt lat="35.323379" lon="128.974122">
        <ele>15.1</ele>
      </trkpt>
      <trkpt lat="35.322211" lon="128.973659">
        <ele>14.5</ele>
      </trkpt>
      <trkpt lat="35.320037" lon="128.973417">
        <ele>6.7</ele>
      </trkpt>
      <trkpt lat="35.317863" lon="128.973329">
        <ele>13.4</ele>
      </trkpt>
      <trkpt lat="35.317019" lon="128.973549">
        <ele>13.4</ele>
      </trkpt>
      <trkpt lat="35.316821" lon="128.973858">
        <ele>14.9</ele>
      </trkpt>
      <trkpt lat="35.316318" lon="128.9739899">
        <ele>9.6</ele>
      </trkpt>
      <trkpt lat="35.315689" lon="128.97432">
        <ele>10.0</ele>
      </trkpt>
      <trkpt lat="35.31206" lon="128.977249">
        <ele>12.7</ele>
      </trkpt>
      <trkpt lat="35.31139" lon="128.977658">
        <ele>11.9</ele>
      </trkpt>
      <trkpt lat="35.3112629" lon="128.977779">
        <ele>12.8</ele>
      </trkpt>
      <trkpt lat="35.31125" lon="128.97776">
        <ele>12.4</ele>
      </trkpt>
      <trkpt lat="35.31125" lon="128.9777499">
        <ele>12.3</ele>
      </trkpt>
      <trkpt lat="35.31115" lon="128.97779">
        <ele>11.9</ele>
      </trkpt>
      <trkpt lat="35.31098" lon="128.97774">
        <ele>9.7</ele>
      </trkpt>
      <trkpt lat="35.31092" lon="128.9777499">
        <ele>9.3</ele>
      </trkpt>
      <trkpt lat="35.3108" lon="128.97779">
        <ele>8.6</ele>
      </trkpt>
      <trkpt lat="35.3104" lon="128.97799">
        <ele>7.2</ele>
      </trkpt>
      <trkpt lat="35.31026" lon="128.97799">
        <ele>6.3</ele>
      </trkpt>
      <trkpt lat="35.31008" lon="128.97794">
        <ele>5.0</ele>
      </trkpt>
      <trkpt lat="35.30981" lon="128.97795">
        <ele>4.7</ele>
      </trkpt>
      <trkpt lat="35.30969" lon="128.97799">
        <ele>4.8</ele>
      </trkpt>
      <trkpt lat="35.30946" lon="128.97813">
        <ele>5.2</ele>
      </trkpt>
      <trkpt lat="35.30881" lon="128.97871">
        <ele>5.5</ele>
      </trkpt>
      <trkpt lat="35.30816" lon="128.97929">
        <ele>5.6</ele>
      </trkpt>
      <trkpt lat="35.30751" lon="128.97987">
        <ele>5.7</ele>
      </trkpt>
      <trkpt lat="35.30686" lon="128.98045">
        <ele>5.0</ele>
      </trkpt>
      <trkpt lat="35.30663" lon="128.9807099">
        <ele>4.9</ele>
      </trkpt>
      <trkpt lat="35.30656" lon="128.98084">
        <ele>4.9</ele>
      </trkpt>
      <trkpt lat="35.3064899" lon="128.98103">
        <ele>4.7</ele>
      </trkpt>
      <trkpt lat="35.30644" lon="128.9812">
        <ele>4.5</ele>
      </trkpt>
      <trkpt lat="35.3063999" lon="128.9816899">
        <ele>4.3</ele>
      </trkpt>
      <trkpt lat="35.30635" lon="128.98176">
        <ele>4.3</ele>
      </trkpt>
      <trkpt lat="35.30629" lon="128.9817799">
        <ele>4.4</ele>
      </trkpt>
      <trkpt lat="35.30588" lon="128.98165">
        <ele>4.9</ele>
      </trkpt>
      <trkpt lat="35.30566" lon="128.98166">
        <ele>5.2</ele>
      </trkpt>
      <trkpt lat="35.3055" lon="128.9817">
        <ele>5.4</ele>
      </trkpt>
      <trkpt lat="35.30539" lon="128.98176">
        <ele>5.4</ele>
      </trkpt>
      <trkpt lat="35.30518" lon="128.98191">
        <ele>5.3</ele>
      </trkpt>
      <trkpt lat="35.30481" lon="128.98237">
        <ele>4.3</ele>
      </trkpt>
      <trkpt lat="35.30471" lon="128.98246">
        <ele>4.1</ele>
      </trkpt>
      <trkpt lat="35.3046" lon="128.98253">
        <ele>4.1</ele>
      </trkpt>
      <trkpt lat="35.30442" lon="128.9826">
        <ele>4.2</ele>
      </trkpt>
      <trkpt lat="35.30381" lon="128.98278">
        <ele>3.9</ele>
      </trkpt>
      <trkpt lat="35.30361" lon="128.98288">
        <ele>3.8</ele>
      </trkpt>
      <trkpt lat="35.30337" lon="128.98305">
        <ele>3.7</ele>
      </trkpt>
      <trkpt lat="35.30315" lon="128.98327">
        <ele>3.9</ele>
      </trkpt>
      <trkpt lat="35.30292" lon="128.98361">
        <ele>4.3</ele>
      </trkpt>
      <trkpt lat="35.30281" lon="128.9838">
        <ele>4.4</ele>
      </trkpt>
      <trkpt lat="35.3026" lon="128.98441">
        <ele>4.2</ele>
      </trkpt>
      <trkpt lat="35.30252" lon="128.98458">
        <ele>4.0</ele>
      </trkpt>
      <trkpt lat="35.30241" lon="128.98477">
        <ele>4.0</ele>
      </trkpt>
      <trkpt lat="35.30229" lon="128.98493">
        <ele>4.0</ele>
      </trkpt>
      <trkpt lat="35.30203" lon="128.98517">
        <ele>4.2</ele>
      </trkpt>
      <trkpt lat="35.30188" lon="128.98526">
        <ele>4.3</ele>
      </trkpt>
      <trkpt lat="35.30144" lon="128.98548">
        <ele>4.1</ele>
      </trkpt>
      <trkpt lat="35.30112" lon="128.98571">
        <ele>3.6</ele>
      </trkpt>
      <trkpt lat="35.3007599" lon="128.98609">
        <ele>3.3</ele>
      </trkpt>
      <trkpt lat="35.30055" lon="128.98637">
        <ele>3.4</ele>
      </trkpt>
      <trkpt lat="35.30035" lon="128.98673">
        <ele>3.4</ele>
      </trkpt>
      <trkpt lat="35.30015" lon="128.9872">
        <ele>3.2</ele>
      </trkpt>
      <trkpt lat="35.29994" lon="128.9880499">
        <ele>3.7</ele>
      </trkpt>
      <trkpt lat="35.29989" lon="128.98819">
        <ele>3.9</ele>
      </trkpt>
      <trkpt lat="35.29979" lon="128.98846">
        <ele>4.6</ele>
      </trkpt>
      <trkpt lat="35.2996" lon="128.98889">
        <ele>5.8</ele>
      </trkpt>
      <trkpt lat="35.29948" lon="128.9891">
        <ele>6.2</ele>
      </trkpt>
      <trkpt lat="35.29921" lon="128.98955">
        <ele>6.5</ele>
      </trkpt>
      <trkpt lat="35.29893" lon="128.9899299">
        <ele>6.4</ele>
      </trkpt>
      <trkpt lat="35.29854" lon="128.99035">
        <ele>6.0</ele>
      </trkpt>
      <trkpt lat="35.29829" lon="128.99057">
        <ele>6.3</ele>
      </trkpt>
      <trkpt lat="35.29756" lon="128.99109">
        <ele>5.7</ele>
      </trkpt>
      <trkpt lat="35.29726" lon="128.9913599">
        <ele>4.9</ele>
      </trkpt>
      <trkpt lat="35.29701" lon="128.99167">
        <ele>4.4</ele>
      </trkpt>
      <trkpt lat="35.29687" lon="128.99186">
        <ele>4.5</ele>
      </trkpt>
      <trkpt lat="35.29662" lon="128.9923">
        <ele>4.7</ele>
      </trkpt>
      <trkpt lat="35.29648" lon="128.99263">
        <ele>5.0</ele>
      </trkpt>
      <trkpt lat="35.29632" lon="128.99307">
        <ele>5.6</ele>
      </trkpt>
      <trkpt lat="35.29621" lon="128.99332">
        <ele>6.0</ele>
      </trkpt>
      <trkpt lat="35.29595" lon="128.99376">
        <ele>6.0</ele>
      </trkpt>
      <trkpt lat="35.29568" lon="128.99411">
        <ele>6.0</ele>
      </trkpt>
      <trkpt lat="35.29545" lon="128.99437">
        <ele>6.0</ele>
      </trkpt>
      <trkpt lat="35.2952" lon="128.9946">
        <ele>6.3</ele>
      </trkpt>
      <trkpt lat="35.2947" lon="128.99498">
        <ele>5.9</ele>
      </trkpt>
      <trkpt lat="35.29436" lon="128.99537">
        <ele>5.3</ele>
      </trkpt>
      <trkpt lat="35.29414" lon="128.99568">
        <ele>5.6</ele>
      </trkpt>
      <trkpt lat="35.29374" lon="128.9963">
        <ele>5.0</ele>
      </trkpt>
      <trkpt lat="35.29333" lon="128.99691">
        <ele>5.0</ele>
      </trkpt>
      <trkpt lat="35.29303" lon="128.99732">
        <ele>4.6</ele>
      </trkpt>
      <trkpt lat="35.29272" lon="128.9977199">
        <ele>4.5</ele>
      </trkpt>
      <trkpt lat="35.2926" lon="128.99789">
        <ele>4.5</ele>
      </trkpt>
      <trkpt lat="35.29234" lon="128.99834">
        <ele>4.8</ele>
      </trkpt>
      <trkpt lat="35.29205" lon="128.99891">
        <ele>5.2</ele>
      </trkpt>
      <trkpt lat="35.2918499" lon="128.99934">
        <ele>6.0</ele>
      </trkpt>
      <trkpt lat="35.29174" lon="128.99952">
        <ele>6.3</ele>
      </trkpt>
      <trkpt lat="35.29163" lon="128.99968">
        <ele>6.5</ele>
      </trkpt>
      <trkpt lat="35.2914" lon="128.99993">
        <ele>6.3</ele>
      </trkpt>
      <trkpt lat="35.29125" lon="129.0001399">
        <ele>6.0</ele>
      </trkpt>
      <trkpt lat="35.29113" lon="129.0004">
        <ele>5.6</ele>
      </trkpt>
      <trkpt lat="35.29105" lon="129.00065">
        <ele>5.1</ele>
      </trkpt>
      <trkpt lat="35.29099" lon="129.00095">
        <ele>4.8</ele>
      </trkpt>
      <trkpt lat="35.29099" lon="129.00122">
        <ele>4.9</ele>
      </trkpt>
      <trkpt lat="35.29101" lon="129.00147">
        <ele>5.0</ele>
      </trkpt>
      <trkpt lat="35.2910899" lon="129.0017499">
        <ele>5.2</ele>
      </trkpt>
      <trkpt lat="35.29119" lon="129.002">
        <ele>5.6</ele>
      </trkpt>
      <trkpt lat="35.29131" lon="129.00223">
        <ele>6.0</ele>
      </trkpt>
      <trkpt lat="35.29145" lon="129.00241">
        <ele>6.1</ele>
      </trkpt>
      <trkpt lat="35.2916" lon="129.00253">
        <ele>6.1</ele>
      </trkpt>
      <trkpt lat="35.29191" lon="129.00273">
        <ele>6.1</ele>
      </trkpt>
      <trkpt lat="35.29209" lon="129.00278">
        <ele>6.0</ele>
      </trkpt>
      <trkpt lat="35.29228" lon="129.00281">
        <ele>5.8</ele>
      </trkpt>
      <trkpt lat="35.29262" lon="129.00278">
        <ele>5.2</ele>
      </trkpt>
      <trkpt lat="35.2927899" lon="129.00274">
        <ele>4.7</ele>
      </trkpt>
      <trkpt lat="35.2927899" lon="129.0029">
        <ele>4.5</ele>
      </trkpt>
      <trkpt lat="35.29276" lon="129.00311">
        <ele>4.3</ele>
      </trkpt>
      <trkpt lat="35.29266" lon="129.0035">
        <ele>4.3</ele>
      </trkpt>
      <trkpt lat="35.2924999" lon="129.00395">
        <ele>3.5</ele>
      </trkpt>
      <trkpt lat="35.29238" lon="129.00416">
        <ele>3.3</ele>
      </trkpt>
      <trkpt lat="35.29227" lon="129.00433">
        <ele>3.9</ele>
      </trkpt>
      <trkpt lat="35.29202" lon="129.00465">
        <ele>4.6</ele>
      </trkpt>
      <trkpt lat="35.29146" lon="129.0052399">
        <ele>3.8</ele>
      </trkpt>
      <trkpt lat="35.29089" lon="129.00583">
        <ele>3.1</ele>
      </trkpt>
      <trkpt lat="35.29033" lon="129.00642">
        <ele>3.2</ele>
      </trkpt>
      <trkpt lat="35.28977" lon="129.00701">
        <ele>3.1</ele>
      </trkpt>
      <trkpt lat="35.28977" lon="129.00701">
        <ele>3.1</ele>
      </trkpt>
      <trkpt lat="35.28951" lon="129.00729">
        <ele>2.5</ele>
      </trkpt>
      <trkpt lat="35.28935" lon="129.00765">
        <ele>2.5</ele>
      </trkpt>
      <trkpt lat="35.28918" lon="129.00791">
        <ele>3.0</ele>
      </trkpt>
      <trkpt lat="35.289" lon="129.00808">
        <ele>3.2</ele>
      </trkpt>
      <trkpt lat="35.28879" lon="129.00816">
        <ele>3.0</ele>
      </trkpt>
      <trkpt lat="35.2887" lon="129.00822">
        <ele>2.8</ele>
      </trkpt>
      <trkpt lat="35.28859" lon="129.00838">
        <ele>2.6</ele>
      </trkpt>
      <trkpt lat="35.28853" lon="129.0086">
        <ele>2.5</ele>
      </trkpt>
      <trkpt lat="35.28871" lon="129.00901">
        <ele>3.3</ele>
      </trkpt>
      <trkpt lat="35.28879" lon="129.0091799">
        <ele>3.7</ele>
      </trkpt>
      <trkpt lat="35.28882" lon="129.0093">
        <ele>4.2</ele>
      </trkpt>
      <trkpt lat="35.28878" lon="129.00939">
        <ele>4.4</ele>
      </trkpt>
      <trkpt lat="35.28839" lon="129.0100799">
        <ele>7.0</ele>
      </trkpt>
      <trkpt lat="35.288372" lon="129.010065">
        <ele>7.0</ele>
      </trkpt>
      <trkpt lat="35.287711" lon="129.01089">
        <ele>4.0</ele>
      </trkpt>
      <trkpt lat="35.2863479" lon="129.01254">
        <ele>5.3</ele>
      </trkpt>
      <trkpt lat="35.285845" lon="129.013064">
        <ele>6.7</ele>
      </trkpt>
      <trkpt lat="35.285593" lon="129.013272">
        <ele>7.4</ele>
      </trkpt>
      <trkpt lat="35.28497" lon="129.013711">
        <ele>10.6</ele>
      </trkpt>
      <trkpt lat="35.28487" lon="129.013665">
        <ele>9.9</ele>
      </trkpt>
      <trkpt lat="35.284662" lon="129.013387">
        <ele>7.1</ele>
      </trkpt>
      <trkpt lat="35.284284" lon="129.013389">
        <ele>6.6</ele>
      </trkpt>
      <trkpt lat="35.27575" lon="129.016582">
        <ele>8.4</ele>
      </trkpt>
      <trkpt lat="35.272624" lon="129.017551">
        <ele>8.8</ele>
      </trkpt>
      <trkpt lat="35.271779" lon="129.017772">
        <ele>9.0</ele>
      </trkpt>
      <trkpt lat="35.270414" lon="129.017727">
        <ele>7.4</ele>
      </trkpt>
      <trkpt lat="35.269641" lon="129.017573">
        <ele>7.4</ele>
      </trkpt>
      <trkpt lat="35.264467" lon="129.014732">
        <ele>7.7</ele>
      </trkpt>
      <trkpt lat="35.264161" lon="129.014226">
        <ele>4.5</ele>
      </trkpt>
      <trkpt lat="35.263712" lon="129.013918">
        <ele>4.6</ele>
      </trkpt>
      <trkpt lat="35.263299" lon="129.013962">
        <ele>6.3</ele>
      </trkpt>
      <trkpt lat="35.26073" lon="129.012794">
        <ele>6.3</ele>
      </trkpt>
      <trkpt lat="35.260155" lon="129.012662">
        <ele>7.1</ele>
      </trkpt>
      <trkpt lat="35.254621" lon="129.009975">
        <ele>5.4</ele>
      </trkpt>
      <trkpt lat="35.2539749" lon="129.009733">
        <ele>6.0</ele>
      </trkpt>
      <trkpt lat="35.253418" lon="129.009359">
        <ele>4.8</ele>
      </trkpt>
      <trkpt lat="35.251441" lon="129.00861">
        <ele>1.8</ele>
      </trkpt>
      <trkpt lat="35.251298" lon="129.008368">
        <ele>1.1</ele>
      </trkpt>
      <trkpt lat="35.24668" lon="129.00698">
        <ele>4.5</ele>
      </trkpt>
      <trkpt lat="35.246159" lon="129.007002">
        <ele>4.5</ele>
      </trkpt>
      <trkpt lat="35.244147" lon="129.006518">
        <ele>3.0</ele>
      </trkpt>
      <trkpt lat="35.243356" lon="129.005703">
        <ele>3.7</ele>
      </trkpt>
      <trkpt lat="35.242925" lon="129.0057689">
        <ele>3.3</ele>
      </trkpt>
      <trkpt lat="35.242584" lon="129.006276">
        <ele>3.0</ele>
      </trkpt>
      <trkpt lat="35.241973" lon="129.006011">
        <ele>3.5</ele>
      </trkpt>
      <trkpt lat="35.241793" lon="129.005241">
        <ele>1.7</ele>
      </trkpt>
      <trkpt lat="35.239465" lon="129.004687">
        <ele>4.1</ele>
      </trkpt>
      <trkpt lat="35.23946" lon="129.00469">
        <ele>4.1</ele>
      </trkpt>
      <trkpt lat="35.23868" lon="129.0045">
        <ele>3.9</ele>
      </trkpt>
      <trkpt lat="35.2379" lon="129.00431">
        <ele>4.3</ele>
      </trkpt>
      <trkpt lat="35.23746" lon="129.0042599">
        <ele>4.0</ele>
      </trkpt>
      <trkpt lat="35.23656" lon="129.00431">
        <ele>4.8</ele>
      </trkpt>
      <trkpt lat="35.2361099" lon="129.00405">
        <ele>4.8</ele>
      </trkpt>
      <trkpt lat="35.2359099" lon="129.0039899">
        <ele>4.6</ele>
      </trkpt>
      <trkpt lat="35.23536" lon="129.00391">
        <ele>4.2</ele>
      </trkpt>
      <trkpt lat="35.23507" lon="129.00383">
        <ele>4.0</ele>
      </trkpt>
      <trkpt lat="35.23471" lon="129.00368">
        <ele>4.2</ele>
      </trkpt>
      <trkpt lat="35.2345" lon="129.00362">
        <ele>4.4</ele>
      </trkpt>
      <trkpt lat="35.23415" lon="129.00355">
        <ele>4.7</ele>
      </trkpt>
      <trkpt lat="35.23399" lon="129.00355">
        <ele>4.4</ele>
      </trkpt>
      <trkpt lat="35.2337599" lon="129.00357">
        <ele>3.9</ele>
      </trkpt>
      <trkpt lat="35.23333" lon="129.00366">
        <ele>3.0</ele>
      </trkpt>
      <trkpt lat="35.23313" lon="129.00374">
        <ele>3.4</ele>
      </trkpt>
      <trkpt lat="35.23294" lon="129.00385">
        <ele>3.7</ele>
      </trkpt>
      <trkpt lat="35.23271" lon="129.00401">
        <ele>3.9</ele>
      </trkpt>
      <trkpt lat="35.23264" lon="129.00403">
        <ele>4.0</ele>
      </trkpt>
      <trkpt lat="35.23252" lon="129.00402">
        <ele>4.1</ele>
      </trkpt>
      <trkpt lat="35.23221" lon="129.00394">
        <ele>4.1</ele>
      </trkpt>
      <trkpt lat="35.23203" lon="129.0038">
        <ele>3.9</ele>
      </trkpt>
      <trkpt lat="35.23189" lon="129.0036299">
        <ele>3.7</ele>
      </trkpt>
      <trkpt lat="35.23175" lon="129.00331">
        <ele>3.2</ele>
      </trkpt>
      <trkpt lat="35.23169" lon="129.00323">
        <ele>3.1</ele>
      </trkpt>
      <trkpt lat="35.2316" lon="129.00317">
        <ele>2.9</ele>
      </trkpt>
      <trkpt lat="35.23153" lon="129.00316">
        <ele>2.9</ele>
      </trkpt>
      <trkpt lat="35.23142" lon="129.0031799">
        <ele>2.8</ele>
      </trkpt>
      <trkpt lat="35.23121" lon="129.00323">
        <ele>2.5</ele>
      </trkpt>
      <trkpt lat="35.23099" lon="129.00328">
        <ele>2.2</ele>
      </trkpt>
      <trkpt lat="35.2306" lon="129.00331">
        <ele>2.0</ele>
      </trkpt>
      <trkpt lat="35.23013" lon="129.00334">
        <ele>2.0</ele>
      </trkpt>
      <trkpt lat="35.22969" lon="129.00331">
        <ele>2.4</ele>
      </trkpt>
      <trkpt lat="35.22918" lon="129.00325">
        <ele>3.0</ele>
      </trkpt>
      <trkpt lat="35.22864" lon="129.00311">
        <ele>3.2</ele>
      </trkpt>
      <trkpt lat="35.22824" lon="129.00299">
        <ele>3.5</ele>
      </trkpt>
      <trkpt lat="35.22796" lon="129.00295">
        <ele>3.7</ele>
      </trkpt>
      <trkpt lat="35.2278" lon="129.00295">
        <ele>3.8</ele>
      </trkpt>
      <trkpt lat="35.22722" lon="129.00307">
        <ele>3.8</ele>
      </trkpt>
      <trkpt lat="35.22693" lon="129.00303">
        <ele>3.9</ele>
      </trkpt>
      <trkpt lat="35.22664" lon="129.00295">
        <ele>4.0</ele>
      </trkpt>
      <trkpt lat="35.2265" lon="129.00296">
        <ele>4.0</ele>
      </trkpt>
      <trkpt lat="35.22631" lon="129.00301">
        <ele>4.0</ele>
      </trkpt>
      <trkpt lat="35.2261499" lon="129.00311">
        <ele>4.0</ele>
      </trkpt>
      <trkpt lat="35.22576" lon="129.00349">
        <ele>3.7</ele>
      </trkpt>
      <trkpt lat="35.22564" lon="129.00357">
        <ele>3.5</ele>
      </trkpt>
      <trkpt lat="35.22551" lon="129.00361">
        <ele>3.4</ele>
      </trkpt>
      <trkpt lat="35.2253" lon="129.0036299">
        <ele>3.2</ele>
      </trkpt>
      <trkpt lat="35.2251199" lon="129.0036">
        <ele>3.1</ele>
      </trkpt>
      <trkpt lat="35.22476" lon="129.00359">
        <ele>3.4</ele>
      </trkpt>
      <trkpt lat="35.22457" lon="129.0036299">
        <ele>3.7</ele>
      </trkpt>
      <trkpt lat="35.22431" lon="129.0037199">
        <ele>3.9</ele>
      </trkpt>
      <trkpt lat="35.22419" lon="129.0037199">
        <ele>4.0</ele>
      </trkpt>
      <trkpt lat="35.22332" lon="129.00353">
        <ele>4.5</ele>
      </trkpt>
      <trkpt lat="35.22276" lon="129.00339">
        <ele>3.6</ele>
      </trkpt>
      <trkpt lat="35.22235" lon="129.00324">
        <ele>3.4</ele>
      </trkpt>
      <trkpt lat="35.2221199" lon="129.00312">
        <ele>3.9</ele>
      </trkpt>
      <trkpt lat="35.22185" lon="129.00291">
        <ele>4.4</ele>
      </trkpt>
      <trkpt lat="35.22164" lon="129.00266">
        <ele>4.8</ele>
      </trkpt>
      <trkpt lat="35.22132" lon="129.00212">
        <ele>3.9</ele>
      </trkpt>
      <trkpt lat="35.2211799" lon="129.00191">
        <ele>3.4</ele>
      </trkpt>
      <trkpt lat="35.22086" lon="129.00163">
        <ele>3.0</ele>
      </trkpt>
      <trkpt lat="35.2207" lon="129.00154">
        <ele>3.1</ele>
      </trkpt>
      <trkpt lat="35.22051" lon="129.00149">
        <ele>3.3</ele>
      </trkpt>
      <trkpt lat="35.21988" lon="129.00143">
        <ele>3.8</ele>
      </trkpt>
      <trkpt lat="35.2197" lon="129.0013899">
        <ele>3.9</ele>
      </trkpt>
      <trkpt lat="35.21927" lon="129.00123">
        <ele>4.4</ele>
      </trkpt>
      <trkpt lat="35.2188" lon="129.001">
        <ele>3.6</ele>
      </trkpt>
      <trkpt lat="35.21843" lon="129.00073">
        <ele>2.6</ele>
      </trkpt>
      <trkpt lat="35.21822" lon="129.00059">
        <ele>2.6</ele>
      </trkpt>
      <trkpt lat="35.2175299" lon="129.00028">
        <ele>3.3</ele>
      </trkpt>
      <trkpt lat="35.217" lon="129.00015">
        <ele>3.4</ele>
      </trkpt>
      <trkpt lat="35.21658" lon="129.0001">
        <ele>3.4</ele>
      </trkpt>
      <trkpt lat="35.21637" lon="129.00011">
        <ele>4.2</ele>
      </trkpt>
      <trkpt lat="35.21625" lon="129.00015">
        <ele>4.6</ele>
      </trkpt>
      <trkpt lat="35.2162" lon="129.00028">
        <ele>4.8</ele>
      </trkpt>
      <trkpt lat="35.21609" lon="129.00068">
        <ele>5.3</ele>
      </trkpt>
      <trkpt lat="35.21594" lon="129.00168">
        <ele>3.6</ele>
      </trkpt>
      <trkpt lat="35.21585" lon="129.00209">
        <ele>-1.1</ele>
      </trkpt>
      <trkpt lat="35.21576" lon="129.00243">
        <ele>-4.6</ele>
      </trkpt>
      <trkpt lat="35.2157" lon="129.0025">
        <ele>-4.9</ele>
      </trkpt>
      <trkpt lat="35.21564" lon="129.00252">
        <ele>-4.3</ele>
      </trkpt>
      <trkpt lat="35.21548" lon="129.00256">
        <ele>-2.9</ele>
      </trkpt>
      <trkpt lat="35.21534" lon="129.00257">
        <ele>-1.7</ele>
      </trkpt>
      <trkpt lat="35.21523" lon="129.00254">
        <ele>-0.9</ele>
      </trkpt>
      <trkpt lat="35.21505" lon="129.00247">
        <ele>0.6</ele>
      </trkpt>
      <trkpt lat="35.21475" lon="129.00221">
        <ele>1.0</ele>
      </trkpt>
      <trkpt lat="35.21468" lon="129.00217">
        <ele>1.0</ele>
      </trkpt>
      <trkpt lat="35.21463" lon="129.00216">
        <ele>1.0</ele>
      </trkpt>
      <trkpt lat="35.21445" lon="129.0021999">
        <ele>0.7</ele>
      </trkpt>
      <trkpt lat="35.2143299" lon="129.00218">
        <ele>0.6</ele>
      </trkpt>
      <trkpt lat="35.21394" lon="129.002">
        <ele>0.8</ele>
      </trkpt>
      <trkpt lat="35.21341" lon="129.00173">
        <ele>-0.4</ele>
      </trkpt>
      <trkpt lat="35.21294" lon="129.00145">
        <ele>0.6</ele>
      </trkpt>
      <trkpt lat="35.2126499" lon="129.00125">
        <ele>1.2</ele>
      </trkpt>
      <trkpt lat="35.21213" lon="129.00085">
        <ele>0.2</ele>
      </trkpt>
      <trkpt lat="35.21202" lon="129.00079">
        <ele>0.0</ele>
      </trkpt>
      <trkpt lat="35.21196" lon="129.00078">
        <ele>-0.1</ele>
      </trkpt>
      <trkpt lat="35.21192" lon="129.00081">
        <ele>-0.3</ele>
      </trkpt>
      <trkpt lat="35.21164" lon="129.0012">
        <ele>0.4</ele>
      </trkpt>
      <trkpt lat="35.21155" lon="129.00125">
        <ele>0.9</ele>
      </trkpt>
      <trkpt lat="35.21148" lon="129.00124">
        <ele>1.1</ele>
      </trkpt>
      <trkpt lat="35.2112" lon="129.00097">
        <ele>1.5</ele>
      </trkpt>
      <trkpt lat="35.21068" lon="129.00048">
        <ele>3.7</ele>
      </trkpt>
      <trkpt lat="35.2102" lon="129.00001">
        <ele>5.3</ele>
      </trkpt>
      <trkpt lat="35.2101" lon="128.99995">
        <ele>5.5</ele>
      </trkpt>
      <trkpt lat="35.21004" lon="128.99992">
        <ele>5.6</ele>
      </trkpt>
      <trkpt lat="35.21" lon="128.99993">
        <ele>5.7</ele>
      </trkpt>
      <trkpt lat="35.20996" lon="128.9999599">
        <ele>6.0</ele>
      </trkpt>
      <trkpt lat="35.20985" lon="128.99999">
        <ele>6.3</ele>
      </trkpt>
      <trkpt lat="35.20978" lon="128.99997">
        <ele>6.4</ele>
      </trkpt>
      <trkpt lat="35.20949" lon="128.99944">
        <ele>5.6</ele>
      </trkpt>
      <trkpt lat="35.2094" lon="128.99931">
        <ele>5.6</ele>
      </trkpt>
      <trkpt lat="35.20923" lon="128.9991">
        <ele>5.5</ele>
      </trkpt>
      <trkpt lat="35.20894" lon="128.99878">
        <ele>5.8</ele>
      </trkpt>
      <trkpt lat="35.2084" lon="128.99823">
        <ele>6.0</ele>
      </trkpt>
      <trkpt lat="35.20787" lon="128.99769">
        <ele>4.7</ele>
      </trkpt>
      <trkpt lat="35.20729" lon="128.99698">
        <ele>3.6</ele>
      </trkpt>
      <trkpt lat="35.20674" lon="128.99643">
        <ele>3.6</ele>
      </trkpt>
      <trkpt lat="35.20618" lon="128.99588">
        <ele>4.1</ele>
      </trkpt>
      <trkpt lat="35.20563" lon="128.99533">
        <ele>4.0</ele>
      </trkpt>
      <trkpt lat="35.2051" lon="128.99482">
        <ele>4.4</ele>
      </trkpt>
      <trkpt lat="35.2045699" lon="128.99431">
        <ele>3.7</ele>
      </trkpt>
      <trkpt lat="35.20424" lon="128.99397">
        <ele>3.6</ele>
      </trkpt>
      <trkpt lat="35.20396" lon="128.99371">
        <ele>2.6</ele>
      </trkpt>
      <trkpt lat="35.20331" lon="128.99325">
        <ele>1.9</ele>
      </trkpt>
      <trkpt lat="35.20281" lon="128.99286">
        <ele>2.5</ele>
      </trkpt>
      <trkpt lat="35.20232" lon="128.99247">
        <ele>3.5</ele>
      </trkpt>
      <trkpt lat="35.20187" lon="128.99204">
        <ele>2.4</ele>
      </trkpt>
      <trkpt lat="35.20147" lon="128.99171">
        <ele>1.3</ele>
      </trkpt>
      <trkpt lat="35.20107" lon="128.99138">
        <ele>1.9</ele>
      </trkpt>
      <trkpt lat="35.20066" lon="128.99098">
        <ele>1.3</ele>
      </trkpt>
      <trkpt lat="35.2002499" lon="128.99058">
        <ele>1.9</ele>
      </trkpt>
      <trkpt lat="35.19966" lon="128.99005">
        <ele>3.6</ele>
      </trkpt>
      <trkpt lat="35.19906" lon="128.98952">
        <ele>2.8</ele>
      </trkpt>
      <trkpt lat="35.19847" lon="128.98897">
        <ele>1.9</ele>
      </trkpt>
      <trkpt lat="35.19788" lon="128.98843">
        <ele>2.5</ele>
      </trkpt>
      <trkpt lat="35.19739" lon="128.98788">
        <ele>3.9</ele>
      </trkpt>
      <trkpt lat="35.19696" lon="128.98737">
        <ele>3.3</ele>
      </trkpt>
      <trkpt lat="35.19653" lon="128.98686">
        <ele>4.6</ele>
      </trkpt>
      <trkpt lat="35.19609" lon="128.9863499">
        <ele>4.3</ele>
      </trkpt>
      <trkpt lat="35.19552" lon="128.98562">
        <ele>4.8</ele>
      </trkpt>
      <trkpt lat="35.19494" lon="128.98488">
        <ele>6.9</ele>
      </trkpt>
      <trkpt lat="35.194376" lon="128.984158">
        <ele>6.7</ele>
      </trkpt>
      <trkpt lat="35.19438" lon="128.98416">
        <ele>6.7</ele>
      </trkpt>
      <trkpt lat="35.19398" lon="128.9836599">
        <ele>5.8</ele>
      </trkpt>
      <trkpt lat="35.1935" lon="128.98298">
        <ele>4.1</ele>
      </trkpt>
      <trkpt lat="35.19292" lon="128.98222">
        <ele>4.3</ele>
      </trkpt>
      <trkpt lat="35.19292" lon="128.98222">
        <ele>4.3</ele>
      </trkpt>
      <trkpt lat="35.19279" lon="128.98207">
        <ele>4.6</ele>
      </trkpt>
      <trkpt lat="35.1927189" lon="128.982013">
        <ele>4.8</ele>
      </trkpt>
      <trkpt lat="35.192671" lon="128.981852">
        <ele>4.8</ele>
      </trkpt>
      <trkpt lat="35.192447" lon="128.981637">
        <ele>5.0</ele>
      </trkpt>
      <trkpt lat="35.192397" lon="128.9815099">
        <ele>4.8</ele>
      </trkpt>
      <trkpt lat="35.1924" lon="128.9815099">
        <ele>4.8</ele>
      </trkpt>
      <trkpt lat="35.19241" lon="128.98141">
        <ele>4.7</ele>
      </trkpt>
      <trkpt lat="35.19253" lon="128.98096">
        <ele>4.1</ele>
      </trkpt>
      <trkpt lat="35.19262" lon="128.98064">
        <ele>3.6</ele>
      </trkpt>
      <trkpt lat="35.19258" lon="128.98038">
        <ele>3.7</ele>
      </trkpt>
      <trkpt lat="35.1923699" lon="128.9798999">
        <ele>3.3</ele>
      </trkpt>
      <trkpt lat="35.19214" lon="128.97967">
        <ele>2.4</ele>
      </trkpt>
      <trkpt lat="35.1917" lon="128.97949">
        <ele>2.6</ele>
      </trkpt>
      <trkpt lat="35.19124" lon="128.97926">
        <ele>2.4</ele>
      </trkpt>
      <trkpt lat="35.19076" lon="128.97898">
        <ele>1.8</ele>
      </trkpt>
      <trkpt lat="35.19032" lon="128.97869">
        <ele>2.1</ele>
      </trkpt>
      <trkpt lat="35.18967" lon="128.97816">
        <ele>2.7</ele>
      </trkpt>
      <trkpt lat="35.18902" lon="128.97763">
        <ele>1.3</ele>
      </trkpt>
      <trkpt lat="35.18838" lon="128.9771">
        <ele>1.0</ele>
      </trkpt>
      <trkpt lat="35.18784" lon="128.97676">
        <ele>1.7</ele>
      </trkpt>
      <trkpt lat="35.18729" lon="128.97642">
        <ele>2.0</ele>
      </trkpt>
      <trkpt lat="35.18675" lon="128.97609">
        <ele>2.8</ele>
      </trkpt>
      <trkpt lat="35.18606" lon="128.9757799">
        <ele>0.8</ele>
      </trkpt>
      <trkpt lat="35.18537" lon="128.97547">
        <ele>-0.7</ele>
      </trkpt>
      <trkpt lat="35.18485" lon="128.97529">
        <ele>-0.5</ele>
      </trkpt>
      <trkpt lat="35.18434" lon="128.97511">
        <ele>2.0</ele>
      </trkpt>
      <trkpt lat="35.18383" lon="128.9749799">
        <ele>1.4</ele>
      </trkpt>
      <trkpt lat="35.18332" lon="128.97486">
        <ele>-0.5</ele>
      </trkpt>
      <trkpt lat="35.18246" lon="128.9747099">
        <ele>-1.0</ele>
      </trkpt>
      <trkpt lat="35.1816" lon="128.97456">
        <ele>-1.4</ele>
      </trkpt>
      <trkpt lat="35.18096" lon="128.97456">
        <ele>-1.8</ele>
      </trkpt>
      <trkpt lat="35.18032" lon="128.97455">
        <ele>0.6</ele>
      </trkpt>
      <trkpt lat="35.17968" lon="128.97454">
        <ele>1.8</ele>
      </trkpt>
      <trkpt lat="35.17922" lon="128.97458">
        <ele>1.5</ele>
      </trkpt>
      <trkpt lat="35.1787599" lon="128.97463">
        <ele>1.8</ele>
      </trkpt>
      <trkpt lat="35.17799" lon="128.97475">
        <ele>1.5</ele>
      </trkpt>
      <trkpt lat="35.17752" lon="128.97476">
        <ele>0.7</ele>
      </trkpt>
      <trkpt lat="35.17706" lon="128.97478">
        <ele>1.5</ele>
      </trkpt>
      <trkpt lat="35.177" lon="128.97393">
        <ele>0.1</ele>
      </trkpt>
      <trkpt lat="35.17695" lon="128.97309">
        <ele>0.6</ele>
      </trkpt>
      <trkpt lat="35.17689" lon="128.97224">
        <ele>1.7</ele>
      </trkpt>
      <trkpt lat="35.17676" lon="128.97124">
        <ele>2.3</ele>
      </trkpt>
      <trkpt lat="35.17664" lon="128.97024">
        <ele>3.3</ele>
      </trkpt>
      <trkpt lat="35.17664" lon="128.97024">
        <ele>3.3</ele>
      </trkpt>
      <trkpt lat="35.17663" lon="128.97022">
        <ele>3.3</ele>
      </trkpt>
      <trkpt lat="35.1760499" lon="128.9703199">
        <ele>1.0</ele>
      </trkpt>
      <trkpt lat="35.17546" lon="128.97042">
        <ele>-2.5</ele>
      </trkpt>
      <trkpt lat="35.1746399" lon="128.9703199">
        <ele>-2.3</ele>
      </trkpt>
      <trkpt lat="35.17381" lon="128.97021">
        <ele>3.7</ele>
      </trkpt>
      <trkpt lat="35.17299" lon="128.97011">
        <ele>5.6</ele>
      </trkpt>
      <trkpt lat="35.17217" lon="128.97">
        <ele>3.8</ele>
      </trkpt>
      <trkpt lat="35.1717" lon="128.97025">
        <ele>3.0</ele>
      </trkpt>
      <trkpt lat="35.17123" lon="128.9704999">
        <ele>2.6</ele>
      </trkpt>
      <trkpt lat="35.17123" lon="128.9704999">
        <ele>2.6</ele>
      </trkpt>
      <trkpt lat="35.17123" lon="128.9704999">
        <ele>2.6</ele>
      </trkpt>
      <trkpt lat="35.17123" lon="128.9704999">
        <ele>2.6</ele>
      </trkpt>
      <trkpt lat="35.17082" lon="128.97063">
        <ele>1.7</ele>
      </trkpt>
      <trkpt lat="35.1700299" lon="128.97081">
        <ele>0.2</ele>
      </trkpt>
      <trkpt lat="35.16932" lon="128.97083">
        <ele>1.6</ele>
      </trkpt>
      <trkpt lat="35.168738" lon="128.970847">
        <ele>3.0</ele>
      </trkpt>
      <trkpt lat="35.168664" lon="128.970827">
        <ele>3.2</ele>
      </trkpt>
      <trkpt lat="35.168653" lon="128.97026">
        <ele>2.4</ele>
      </trkpt>
      <trkpt lat="35.168629" lon="128.9696219">
        <ele>1.8</ele>
      </trkpt>
    </trkseg>
  </trk>
</gpx>
