<?xml version="1.0" encoding="utf-8"?>
<gpx xmlns:xsd="http://www.w3.org/2001/XMLSchema" xmlns:xsi="http://www.w3.org/2001/XMLSchema-instance" version="1.1" creator="ROUTEEDITOR1" xmlns="http://www.topografix.com/GPX/1/1">
  <metadata>
    <desc>Created/Modified by using GPS Route Editor.</desc>
    <link href="http://www.gpsnote.net">
      <text>GpsNote.NET</text>
    </link>
  </metadata>
  <wpt lat="35.206412426309" lon="126.861416101456">
    <name>S/F</name>
    <desc />
  </wpt>
  <wpt lat="35.2171657990012" lon="126.374742686749">
    <name>CP2 CU</name>
    <desc />
  </wpt>
  <wpt lat="35.1979481018667" lon="126.583399772644">
    <name>CP1 stone lion</name>
    <desc />
  </wpt>
  <wpt lat="35.0211710336281" lon="126.411974430084">
    <name>CP3. Hyeongyeong office</name>
  </wpt>
  <wpt lat="34.8904852192573" lon="126.692876815796">
    <name>CP4 Shinbuk police station</name>
  </wpt>
  <wpt lat="35.0572307300647" lon="126.898065805435">
    <name>CP5 border sign Najusi</name>
  </wpt>
  <wpt lat="35.1383901868566" lon="126.828765571117">
    <name>CP6 bike path info center</name>
  </wpt>
  <trk>
    <trkseg>
      <trkpt lat="35.206412426309" lon="126.861332952976">
        <ele>19</ele>
      </trkpt>
      <trkpt lat="35.2063905105024" lon="126.858492493629">
        <ele>23</ele>
      </trkpt>
      <trkpt lat="35.2064102347286" lon="126.856617629528">
        <ele>22</ele>
      </trkpt>
      <trkpt lat="35.206837591786" lon="126.856574714184">
        <ele>22</ele>
      </trkpt>
      <trkpt lat="35.2067893772562" lon="126.856344044209">
        <ele>22</ele>
      </trkpt>
      <trkpt lat="35.206807" lon="126.856283">
        <ele>21.25</ele>
      </trkpt>
      <trkpt lat="35.209235" lon="126.856277">
        <ele>20.5</ele>
      </trkpt>
      <trkpt lat="35.209832" lon="126.856273">
        <ele>21.25</ele>
      </trkpt>
      <trkpt lat="35.210375" lon="126.856285">
        <ele>21</ele>
      </trkpt>
      <trkpt lat="35.21064" lon="126.85632">
        <ele>20.75</ele>
      </trkpt>
      <trkpt lat="35.211155" lon="126.856452">
        <ele>21</ele>
      </trkpt>
      <trkpt lat="35.21149" lon="126.856579">
        <ele>21.5</ele>
      </trkpt>
      <trkpt lat="35.211772" lon="126.856719">
        <ele>22</ele>
      </trkpt>
      <trkpt lat="35.212027" lon="126.856874">
        <ele>22</ele>
      </trkpt>
      <trkpt lat="35.212316" lon="126.857083">
        <ele>22</ele>
      </trkpt>
      <trkpt lat="35.212567" lon="126.857297">
        <ele>21.75</ele>
      </trkpt>
      <trkpt lat="35.212794" lon="126.857527">
        <ele>21.5</ele>
      </trkpt>
      <trkpt lat="35.213047" lon="126.857794">
        <ele>21</ele>
      </trkpt>
      <trkpt lat="35.213281" lon="126.858074">
        <ele>21</ele>
      </trkpt>
      <trkpt lat="35.213481" lon="126.858293">
        <ele>21</ele>
      </trkpt>
      <trkpt lat="35.214015" lon="126.858904">
        <ele>20</ele>
      </trkpt>
      <trkpt lat="35.214703" lon="126.859675">
        <ele>21.25</ele>
      </trkpt>
      <trkpt lat="35.215195" lon="126.860227">
        <ele>22.25</ele>
      </trkpt>
      <trkpt lat="35.21554" lon="126.860508">
        <ele>22.75</ele>
      </trkpt>
      <trkpt lat="35.215805" lon="126.86077">
        <ele>22.75</ele>
      </trkpt>
      <trkpt lat="35.216" lon="126.861009">
        <ele>22.75</ele>
      </trkpt>
      <trkpt lat="35.216301" lon="126.861514">
        <ele>23</ele>
      </trkpt>
      <trkpt lat="35.217672" lon="126.863061">
        <ele>21.5</ele>
      </trkpt>
      <trkpt lat="35.218341" lon="126.863712">
        <ele>20.75</ele>
      </trkpt>
      <trkpt lat="35.218575" lon="126.863879">
        <ele>21</ele>
      </trkpt>
      <trkpt lat="35.21891" lon="126.864087">
        <ele>21</ele>
      </trkpt>
      <trkpt lat="35.219599" lon="126.864432">
        <ele>21</ele>
      </trkpt>
      <trkpt lat="35.22002" lon="126.864614">
        <ele>21</ele>
      </trkpt>
      <trkpt lat="35.220311" lon="126.86472">
        <ele>21.25</ele>
      </trkpt>
      <trkpt lat="35.221008" lon="126.864613">
        <ele>21.25</ele>
      </trkpt>
      <trkpt lat="35.221269" lon="126.864677">
        <ele>21.25</ele>
      </trkpt>
      <trkpt lat="35.221661" lon="126.864903">
        <ele>21.5</ele>
      </trkpt>
      <trkpt lat="35.22216" lon="126.865362">
        <ele>20.75</ele>
      </trkpt>
      <trkpt lat="35.224498" lon="126.866805">
        <ele>22.25</ele>
      </trkpt>
      <trkpt lat="35.225159" lon="126.867215">
        <ele>22.25</ele>
      </trkpt>
      <trkpt lat="35.225569" lon="126.867888">
        <ele>22.5</ele>
      </trkpt>
      <trkpt lat="35.225921" lon="126.868062">
        <ele>23</ele>
      </trkpt>
      <trkpt lat="35.226672" lon="126.868166">
        <ele>22.75</ele>
      </trkpt>
      <trkpt lat="35.227422" lon="126.868588">
        <ele>21.25</ele>
      </trkpt>
      <trkpt lat="35.228299" lon="126.869123">
        <ele>21.75</ele>
      </trkpt>
      <trkpt lat="35.231397" lon="126.871064">
        <ele>23.25</ele>
      </trkpt>
      <trkpt lat="35.235385" lon="126.873529">
        <ele>22.75</ele>
      </trkpt>
      <trkpt lat="35.235784" lon="126.873854">
        <ele>23</ele>
      </trkpt>
      <trkpt lat="35.236144" lon="126.874043">
        <ele>23.25</ele>
      </trkpt>
      <trkpt lat="35.236426" lon="126.874238">
        <ele>23.25</ele>
      </trkpt>
      <trkpt lat="35.236677" lon="126.874427">
        <ele>23.25</ele>
      </trkpt>
      <trkpt lat="35.236907" lon="126.874623">
        <ele>23.25</ele>
      </trkpt>
      <trkpt lat="35.237399" lon="126.8752">
        <ele>24.5</ele>
      </trkpt>
      <trkpt lat="35.237608" lon="126.875673">
        <ele>24</ele>
      </trkpt>
      <trkpt lat="35.237755" lon="126.876054">
        <ele>23.5</ele>
      </trkpt>
      <trkpt lat="35.237896" lon="126.876675">
        <ele>23.5</ele>
      </trkpt>
      <trkpt lat="35.237927" lon="126.877055">
        <ele>23.25</ele>
      </trkpt>
      <trkpt lat="35.237862" lon="126.877523">
        <ele>23.5</ele>
      </trkpt>
      <trkpt lat="35.23778" lon="126.877871">
        <ele>23.5</ele>
      </trkpt>
      <trkpt lat="35.237762" lon="126.878517">
        <ele>23.75</ele>
      </trkpt>
      <trkpt lat="35.237905" lon="126.87915">
        <ele>24.25</ele>
      </trkpt>
      <trkpt lat="35.23793" lon="126.879604">
        <ele>24.75</ele>
      </trkpt>
      <trkpt lat="35.237952" lon="126.880041">
        <ele>24.75</ele>
      </trkpt>
      <trkpt lat="35.237976" lon="126.88038">
        <ele>24.25</ele>
      </trkpt>
      <trkpt lat="35.238049" lon="126.881224">
        <ele>23</ele>
      </trkpt>
      <trkpt lat="35.23812" lon="126.881757">
        <ele>22.5</ele>
      </trkpt>
      <trkpt lat="35.238168" lon="126.882184">
        <ele>23.5</ele>
      </trkpt>
      <trkpt lat="35.238223" lon="126.882521">
        <ele>24</ele>
      </trkpt>
      <trkpt lat="35.238446" lon="126.883421">
        <ele>24.5</ele>
      </trkpt>
      <trkpt lat="35.239386" lon="126.886691">
        <ele>25</ele>
      </trkpt>
      <trkpt lat="35.239689" lon="126.887424">
        <ele>25.5</ele>
      </trkpt>
      <trkpt lat="35.239842" lon="126.887722">
        <ele>25.75</ele>
      </trkpt>
      <trkpt lat="35.240025" lon="126.888036">
        <ele>25.75</ele>
      </trkpt>
      <trkpt lat="35.240258" lon="126.888378">
        <ele>25.5</ele>
      </trkpt>
      <trkpt lat="35.240568" lon="126.8888">
        <ele>25.5</ele>
      </trkpt>
      <trkpt lat="35.241142" lon="126.889351">
        <ele>25.25</ele>
      </trkpt>
      <trkpt lat="35.241676" lon="126.889743">
        <ele>24.75</ele>
      </trkpt>
      <trkpt lat="35.242115" lon="126.890151">
        <ele>24.75</ele>
      </trkpt>
      <trkpt lat="35.242469" lon="126.890263">
        <ele>24.75</ele>
      </trkpt>
      <trkpt lat="35.242725" lon="126.890175">
        <ele>24.75</ele>
      </trkpt>
      <trkpt lat="35.243045" lon="126.890234">
        <ele>24.75</ele>
      </trkpt>
      <trkpt lat="35.243928" lon="126.890376">
        <ele>25.25</ele>
      </trkpt>
      <trkpt lat="35.244272" lon="126.890471">
        <ele>25.25</ele>
      </trkpt>
      <trkpt lat="35.244566" lon="126.890435">
        <ele>24.75</ele>
      </trkpt>
      <trkpt lat="35.246305" lon="126.887568">
        <ele>28</ele>
      </trkpt>
      <trkpt lat="35.246968" lon="126.888068">
        <ele>27.75</ele>
      </trkpt>
      <trkpt lat="35.24866" lon="126.88914">
        <ele>25.75</ele>
      </trkpt>
      <trkpt lat="35.25034" lon="126.89024">
        <ele>24.25</ele>
      </trkpt>
      <trkpt lat="35.251399" lon="126.890937">
        <ele>25.25</ele>
      </trkpt>
      <trkpt lat="35.25204" lon="126.89136">
        <ele>26.25</ele>
      </trkpt>
      <trkpt lat="35.25264" lon="126.8917">
        <ele>26.5</ele>
      </trkpt>
      <trkpt lat="35.25325" lon="126.89185">
        <ele>25</ele>
      </trkpt>
      <trkpt lat="35.25381" lon="126.89188">
        <ele>25.5</ele>
      </trkpt>
      <trkpt lat="35.255944" lon="126.891906">
        <ele>26</ele>
      </trkpt>
      <trkpt lat="35.256477" lon="126.891863">
        <ele>26.5</ele>
      </trkpt>
      <trkpt lat="35.256884" lon="126.891714">
        <ele>26.75</ele>
      </trkpt>
      <trkpt lat="35.257231" lon="126.891488">
        <ele>27</ele>
      </trkpt>
      <trkpt lat="35.25867" lon="126.89063">
        <ele>27.5</ele>
      </trkpt>
      <trkpt lat="35.259293" lon="126.890374">
        <ele>28</ele>
      </trkpt>
      <trkpt lat="35.260677" lon="126.889868">
        <ele>30.75</ele>
      </trkpt>
      <trkpt lat="35.261897" lon="126.889454">
        <ele>33.5</ele>
      </trkpt>
      <trkpt lat="35.262986" lon="126.889238">
        <ele>35.75</ele>
      </trkpt>
      <trkpt lat="35.263429" lon="126.88915">
        <ele>36.25</ele>
      </trkpt>
      <trkpt lat="35.264177" lon="126.889031">
        <ele>38.5</ele>
      </trkpt>
      <trkpt lat="35.264562" lon="126.889165">
        <ele>39.25</ele>
      </trkpt>
      <trkpt lat="35.264868" lon="126.88932">
        <ele>39.5</ele>
      </trkpt>
      <trkpt lat="35.265266" lon="126.889566">
        <ele>39.5</ele>
      </trkpt>
      <trkpt lat="35.265498" lon="126.889772">
        <ele>39.25</ele>
      </trkpt>
      <trkpt lat="35.265699" lon="126.890044">
        <ele>38.75</ele>
      </trkpt>
      <trkpt lat="35.26604" lon="126.890004">
        <ele>39.25</ele>
      </trkpt>
      <trkpt lat="35.267041" lon="126.889589">
        <ele>41.75</ele>
      </trkpt>
      <trkpt lat="35.268913" lon="126.888764">
        <ele>44</ele>
      </trkpt>
      <trkpt lat="35.269384" lon="126.888746">
        <ele>44.75</ele>
      </trkpt>
      <trkpt lat="35.270195" lon="126.888727">
        <ele>46.5</ele>
      </trkpt>
      <trkpt lat="35.271653" lon="126.888702">
        <ele>50.75</ele>
      </trkpt>
      <trkpt lat="35.271962" lon="126.888692">
        <ele>51.25</ele>
      </trkpt>
      <trkpt lat="35.273104" lon="126.888682">
        <ele>52.25</ele>
      </trkpt>
      <trkpt lat="35.274408" lon="126.888653">
        <ele>54.25</ele>
      </trkpt>
      <trkpt lat="35.274809" lon="126.888652">
        <ele>54.5</ele>
      </trkpt>
      <trkpt lat="35.276097" lon="126.888606">
        <ele>57.25</ele>
      </trkpt>
      <trkpt lat="35.276569" lon="126.888596">
        <ele>58</ele>
      </trkpt>
      <trkpt lat="35.27708" lon="126.888578">
        <ele>59</ele>
      </trkpt>
      <trkpt lat="35.276853" lon="126.888056">
        <ele>58.25</ele>
      </trkpt>
      <trkpt lat="35.276491" lon="126.88723">
        <ele>57.75</ele>
      </trkpt>
      <trkpt lat="35.275998" lon="126.886086">
        <ele>56.5</ele>
      </trkpt>
      <trkpt lat="35.275791" lon="126.885603">
        <ele>56</ele>
      </trkpt>
      <trkpt lat="35.275589" lon="126.885181">
        <ele>56.25</ele>
      </trkpt>
      <trkpt lat="35.275368" lon="126.884711">
        <ele>56.25</ele>
      </trkpt>
      <trkpt lat="35.27527" lon="126.884325">
        <ele>56.5</ele>
      </trkpt>
      <trkpt lat="35.27524" lon="126.883988">
        <ele>56.75</ele>
      </trkpt>
      <trkpt lat="35.275196" lon="126.883201">
        <ele>57.5</ele>
      </trkpt>
      <trkpt lat="35.275084" lon="126.881183">
        <ele>59.5</ele>
      </trkpt>
      <trkpt lat="35.275003" lon="126.880746">
        <ele>60.5</ele>
      </trkpt>
      <trkpt lat="35.274749" lon="126.879988">
        <ele>65.5</ele>
      </trkpt>
      <trkpt lat="35.274369" lon="126.878882">
        <ele>60.5</ele>
      </trkpt>
      <trkpt lat="35.274102" lon="126.877951">
        <ele>54</ele>
      </trkpt>
      <trkpt lat="35.273853" lon="126.876938">
        <ele>54</ele>
      </trkpt>
      <trkpt lat="35.273675" lon="126.876098">
        <ele>61.5</ele>
      </trkpt>
      <trkpt lat="35.273671" lon="126.875674">
        <ele>64.5</ele>
      </trkpt>
      <trkpt lat="35.273749" lon="126.875249">
        <ele>65.75</ele>
      </trkpt>
      <trkpt lat="35.274107" lon="126.873633">
        <ele>63</ele>
      </trkpt>
      <trkpt lat="35.274156" lon="126.873249">
        <ele>60.75</ele>
      </trkpt>
      <trkpt lat="35.274202" lon="126.872501">
        <ele>60</ele>
      </trkpt>
      <trkpt lat="35.274202" lon="126.871857">
        <ele>65.25</ele>
      </trkpt>
      <trkpt lat="35.274146" lon="126.87148">
        <ele>67.25</ele>
      </trkpt>
      <trkpt lat="35.273964" lon="126.870905">
        <ele>67.75</ele>
      </trkpt>
      <trkpt lat="35.273524" lon="126.869615">
        <ele>65.25</ele>
      </trkpt>
      <trkpt lat="35.27337" lon="126.86924">
        <ele>65</ele>
      </trkpt>
      <trkpt lat="35.273144" lon="126.868846">
        <ele>62.75</ele>
      </trkpt>
      <trkpt lat="35.272746" lon="126.868383">
        <ele>60.75</ele>
      </trkpt>
      <trkpt lat="35.272498" lon="126.867989">
        <ele>60</ele>
      </trkpt>
      <trkpt lat="35.271961" lon="126.867411">
        <ele>55.5</ele>
      </trkpt>
      <trkpt lat="35.27096" lon="126.865966">
        <ele>53.75</ele>
      </trkpt>
      <trkpt lat="35.270844" lon="126.865596">
        <ele>54.5</ele>
      </trkpt>
      <trkpt lat="35.270782" lon="126.865171">
        <ele>55.25</ele>
      </trkpt>
      <trkpt lat="35.270789" lon="126.864665">
        <ele>56.5</ele>
      </trkpt>
      <trkpt lat="35.270846" lon="126.864184">
        <ele>57.75</ele>
      </trkpt>
      <trkpt lat="35.270951" lon="126.863429">
        <ele>60.5</ele>
      </trkpt>
      <trkpt lat="35.27095" lon="126.862476">
        <ele>61.75</ele>
      </trkpt>
      <trkpt lat="35.270919" lon="126.861418">
        <ele>63</ele>
      </trkpt>
      <trkpt lat="35.270895" lon="126.860764">
        <ele>64.5</ele>
      </trkpt>
      <trkpt lat="35.270831" lon="126.860343">
        <ele>66.25</ele>
      </trkpt>
      <trkpt lat="35.270537" lon="126.859214">
        <ele>69</ele>
      </trkpt>
      <trkpt lat="35.27032" lon="126.85827">
        <ele>67</ele>
      </trkpt>
      <trkpt lat="35.270173" lon="126.857755">
        <ele>65.5</ele>
      </trkpt>
      <trkpt lat="35.269935" lon="126.857412">
        <ele>62.75</ele>
      </trkpt>
      <trkpt lat="35.269597" lon="126.857078">
        <ele>61.25</ele>
      </trkpt>
      <trkpt lat="35.268498" lon="126.856296">
        <ele>57</ele>
      </trkpt>
      <trkpt lat="35.268127" lon="126.855961">
        <ele>58.25</ele>
      </trkpt>
      <trkpt lat="35.267888" lon="126.855687">
        <ele>59.75</ele>
      </trkpt>
      <trkpt lat="35.267195" lon="126.854305">
        <ele>60</ele>
      </trkpt>
      <trkpt lat="35.266627" lon="126.853043">
        <ele>64.5</ele>
      </trkpt>
      <trkpt lat="35.265863" lon="126.852005">
        <ele>70.25</ele>
      </trkpt>
      <trkpt lat="35.265576" lon="126.851558">
        <ele>72.75</ele>
      </trkpt>
      <trkpt lat="35.2654" lon="126.851097">
        <ele>69.25</ele>
      </trkpt>
      <trkpt lat="35.265275" lon="126.850675">
        <ele>65.5</ele>
      </trkpt>
      <trkpt lat="35.265127" lon="126.850132">
        <ele>62.25</ele>
      </trkpt>
      <trkpt lat="35.264964" lon="126.84973">
        <ele>64.5</ele>
      </trkpt>
      <trkpt lat="35.264712" lon="126.849301">
        <ele>71</ele>
      </trkpt>
      <trkpt lat="35.264405" lon="126.848932">
        <ele>73.75</ele>
      </trkpt>
      <trkpt lat="35.264087" lon="126.848637">
        <ele>71.5</ele>
      </trkpt>
      <trkpt lat="35.263279" lon="126.84814">
        <ele>63.5</ele>
      </trkpt>
      <trkpt lat="35.262381" lon="126.8476">
        <ele>59.25</ele>
      </trkpt>
      <trkpt lat="35.262149" lon="126.847315">
        <ele>57.25</ele>
      </trkpt>
      <trkpt lat="35.262044" lon="126.846932">
        <ele>55.75</ele>
      </trkpt>
      <trkpt lat="35.261997" lon="126.846489">
        <ele>54.75</ele>
      </trkpt>
      <trkpt lat="35.261962" lon="126.846166">
        <ele>54.25</ele>
      </trkpt>
      <trkpt lat="35.261923" lon="126.845801">
        <ele>54</ele>
      </trkpt>
      <trkpt lat="35.26187" lon="126.844962">
        <ele>57.75</ele>
      </trkpt>
      <trkpt lat="35.261934" lon="126.844569">
        <ele>63.25</ele>
      </trkpt>
      <trkpt lat="35.262115" lon="126.844104">
        <ele>66.25</ele>
      </trkpt>
      <trkpt lat="35.262346" lon="126.843594">
        <ele>66.25</ele>
      </trkpt>
      <trkpt lat="35.26253" lon="126.843146">
        <ele>65.5</ele>
      </trkpt>
      <trkpt lat="35.262616" lon="126.842754">
        <ele>65.25</ele>
      </trkpt>
      <trkpt lat="35.262611" lon="126.84219">
        <ele>65.75</ele>
      </trkpt>
      <trkpt lat="35.262737" lon="126.841285">
        <ele>67.5</ele>
      </trkpt>
      <trkpt lat="35.262665" lon="126.840957">
        <ele>65.5</ele>
      </trkpt>
      <trkpt lat="35.261556" lon="126.840264">
        <ele>57.75</ele>
      </trkpt>
      <trkpt lat="35.261081" lon="126.84004">
        <ele>55</ele>
      </trkpt>
      <trkpt lat="35.259831" lon="126.839629">
        <ele>50.25</ele>
      </trkpt>
      <trkpt lat="35.258831" lon="126.839304">
        <ele>50</ele>
      </trkpt>
      <trkpt lat="35.257622" lon="126.838864">
        <ele>50</ele>
      </trkpt>
      <trkpt lat="35.255683" lon="126.838203">
        <ele>46.5</ele>
      </trkpt>
      <trkpt lat="35.255377" lon="126.838076">
        <ele>46</ele>
      </trkpt>
      <trkpt lat="35.254826" lon="126.837915">
        <ele>45.75</ele>
      </trkpt>
      <trkpt lat="35.254397" lon="126.837852">
        <ele>45.5</ele>
      </trkpt>
      <trkpt lat="35.252803" lon="126.837765">
        <ele>56.75</ele>
      </trkpt>
      <trkpt lat="35.25227" lon="126.837694">
        <ele>56</ele>
      </trkpt>
      <trkpt lat="35.251976" lon="126.837625">
        <ele>54</ele>
      </trkpt>
      <trkpt lat="35.251578" lon="126.837515">
        <ele>51.75</ele>
      </trkpt>
      <trkpt lat="35.251115" lon="126.837377">
        <ele>50.5</ele>
      </trkpt>
      <trkpt lat="35.2508" lon="126.837299">
        <ele>50</ele>
      </trkpt>
      <trkpt lat="35.250456" lon="126.837237">
        <ele>50</ele>
      </trkpt>
      <trkpt lat="35.250104" lon="126.837187">
        <ele>49.75</ele>
      </trkpt>
      <trkpt lat="35.248779" lon="126.83706">
        <ele>52.25</ele>
      </trkpt>
      <trkpt lat="35.248476" lon="126.836988">
        <ele>52.5</ele>
      </trkpt>
      <trkpt lat="35.248201" lon="126.836881">
        <ele>52.75</ele>
      </trkpt>
      <trkpt lat="35.247878" lon="126.836694">
        <ele>52.75</ele>
      </trkpt>
      <trkpt lat="35.247497" lon="126.836421">
        <ele>52</ele>
      </trkpt>
      <trkpt lat="35.247192" lon="126.836171">
        <ele>52.75</ele>
      </trkpt>
      <trkpt lat="35.246811" lon="126.835893">
        <ele>54.25</ele>
      </trkpt>
      <trkpt lat="35.24603" lon="126.83532">
        <ele>57.5</ele>
      </trkpt>
      <trkpt lat="35.245743" lon="126.835046">
        <ele>58.25</ele>
      </trkpt>
      <trkpt lat="35.24516" lon="126.834314">
        <ele>53.25</ele>
      </trkpt>
      <trkpt lat="35.244942" lon="126.834093">
        <ele>52.75</ele>
      </trkpt>
      <trkpt lat="35.244635" lon="126.833819">
        <ele>53</ele>
      </trkpt>
      <trkpt lat="35.244398" lon="126.833653">
        <ele>54</ele>
      </trkpt>
      <trkpt lat="35.243896" lon="126.833441">
        <ele>57</ele>
      </trkpt>
      <trkpt lat="35.24336" lon="126.833358">
        <ele>59.75</ele>
      </trkpt>
      <trkpt lat="35.243061" lon="126.833355">
        <ele>58.75</ele>
      </trkpt>
      <trkpt lat="35.242607" lon="126.833417">
        <ele>56.75</ele>
      </trkpt>
      <trkpt lat="35.241967" lon="126.833589">
        <ele>52</ele>
      </trkpt>
      <trkpt lat="35.2411415442375" lon="126.832265853882">
        <ele>52</ele>
      </trkpt>
      <trkpt lat="35.2406333135493" lon="126.83153629303">
        <ele>48</ele>
      </trkpt>
      <trkpt lat="35.2400374528244" lon="126.830978393555">
        <ele>48</ele>
      </trkpt>
      <trkpt lat="35.239229" lon="126.83083">
        <ele>44.25</ele>
      </trkpt>
      <trkpt lat="35.239135" lon="126.829703">
        <ele>46</ele>
      </trkpt>
      <trkpt lat="35.238546" lon="126.828646">
        <ele>43.75</ele>
      </trkpt>
      <trkpt lat="35.238365" lon="126.828351">
        <ele>43.75</ele>
      </trkpt>
      <trkpt lat="35.238088" lon="126.828114">
        <ele>44.5</ele>
      </trkpt>
      <trkpt lat="35.237731" lon="126.827985">
        <ele>44.75</ele>
      </trkpt>
      <trkpt lat="35.237394" lon="126.827752">
        <ele>45.25</ele>
      </trkpt>
      <trkpt lat="35.237098" lon="126.82747">
        <ele>45.75</ele>
      </trkpt>
      <trkpt lat="35.236849" lon="126.827205">
        <ele>43.5</ele>
      </trkpt>
      <trkpt lat="35.236537" lon="126.826907">
        <ele>40.75</ele>
      </trkpt>
      <trkpt lat="35.236416" lon="126.826559">
        <ele>39.25</ele>
      </trkpt>
      <trkpt lat="35.23641" lon="126.826156">
        <ele>39</ele>
      </trkpt>
      <trkpt lat="35.236654" lon="126.825254">
        <ele>39.75</ele>
      </trkpt>
      <trkpt lat="35.23708" lon="126.823756">
        <ele>40</ele>
      </trkpt>
      <trkpt lat="35.237332" lon="126.823346">
        <ele>37</ele>
      </trkpt>
      <trkpt lat="35.237965" lon="126.822691">
        <ele>33.5</ele>
      </trkpt>
      <trkpt lat="35.237854" lon="126.822347">
        <ele>33.75</ele>
      </trkpt>
      <trkpt lat="35.237644" lon="126.821985">
        <ele>35</ele>
      </trkpt>
      <trkpt lat="35.237305" lon="126.82134">
        <ele>37.75</ele>
      </trkpt>
      <trkpt lat="35.237535" lon="126.820545">
        <ele>38</ele>
      </trkpt>
      <trkpt lat="35.2377459770422" lon="126.819836497307">
        <ele>43</ele>
      </trkpt>
      <trkpt lat="35.2378336063698" lon="126.819589734077">
        <ele>43</ele>
      </trkpt>
      <trkpt lat="35.2382717515873" lon="126.81890308857">
        <ele>40</ele>
      </trkpt>
      <trkpt lat="35.238468916163" lon="126.818495392799">
        <ele>33</ele>
      </trkpt>
      <trkpt lat="35.238245462941" lon="126.817787289619">
        <ele>34</ele>
      </trkpt>
      <trkpt lat="35.2374480366205" lon="126.816188693047">
        <ele>34</ele>
      </trkpt>
      <trkpt lat="35.2363132241089" lon="126.814059019089">
        <ele>28</ele>
      </trkpt>
      <trkpt lat="35.2362124484851" lon="126.8139731884">
        <ele>28</ele>
      </trkpt>
      <trkpt lat="35.2356910421709" lon="126.813570857048">
        <ele>32</ele>
      </trkpt>
      <trkpt lat="35.2355639762587" lon="126.813447475433">
        <ele>32</ele>
      </trkpt>
      <trkpt lat="35.2357436211108" lon="126.812932491302">
        <ele>27</ele>
      </trkpt>
      <trkpt lat="35.2354062389873" lon="126.812707185745">
        <ele>27</ele>
      </trkpt>
      <trkpt lat="35.2351039083598" lon="126.81242287159">
        <ele>27</ele>
      </trkpt>
      <trkpt lat="35.2349198804696" lon="126.812304854393">
        <ele>27</ele>
      </trkpt>
      <trkpt lat="35.2339865897417" lon="126.811934709549">
        <ele>26</ele>
      </trkpt>
      <trkpt lat="35.2330489065538" lon="126.811607480049">
        <ele>27</ele>
      </trkpt>
      <trkpt lat="35.2322339020816" lon="126.811586022377">
        <ele>26</ele>
      </trkpt>
      <trkpt lat="35.2317037066044" lon="126.811349987984">
        <ele>26</ele>
      </trkpt>
      <trkpt lat="35.231396980366" lon="126.811001300812">
        <ele>26</ele>
      </trkpt>
      <trkpt lat="35.2312523804514" lon="126.810373663902">
        <ele>26</ele>
      </trkpt>
      <trkpt lat="35.2307046511652" lon="126.810518503189">
        <ele>27</ele>
      </trkpt>
      <trkpt lat="35.2302664650736" lon="126.810314655304">
        <ele>27</ele>
      </trkpt>
      <trkpt lat="35.2301525363022" lon="126.809252500534">
        <ele>27</ele>
      </trkpt>
      <trkpt lat="35.2301875913258" lon="126.808587312698">
        <ele>27</ele>
      </trkpt>
      <trkpt lat="35.2305381407292" lon="126.808640956879">
        <ele>27</ele>
      </trkpt>
      <trkpt lat="35.2306695963649" lon="126.807364225388">
        <ele>26</ele>
      </trkpt>
      <trkpt lat="35.2294864879752" lon="126.804982423782">
        <ele>30</ele>
      </trkpt>
      <trkpt lat="35.226654" lon="126.804701">
        <ele>26.5</ele>
      </trkpt>
      <trkpt lat="35.224619" lon="126.804477">
        <ele>26.75</ele>
      </trkpt>
      <trkpt lat="35.223824" lon="126.804388">
        <ele>26.75</ele>
      </trkpt>
      <trkpt lat="35.223343" lon="126.804488">
        <ele>26.5</ele>
      </trkpt>
      <trkpt lat="35.220648" lon="126.806025">
        <ele>25.25</ele>
      </trkpt>
      <trkpt lat="35.2180751792984" lon="126.807503700256">
        <ele>23</ele>
      </trkpt>
      <trkpt lat="35.2172030509243" lon="126.807981133461">
        <ele>27</ele>
      </trkpt>
      <trkpt lat="35.216916" lon="126.807547">
        <ele>25.75</ele>
      </trkpt>
      <trkpt lat="35.216808" lon="126.806038">
        <ele>28.75</ele>
      </trkpt>
      <trkpt lat="35.216726" lon="126.804795">
        <ele>30.75</ele>
      </trkpt>
      <trkpt lat="35.216607" lon="126.802819">
        <ele>31.75</ele>
      </trkpt>
      <trkpt lat="35.216682" lon="126.802274">
        <ele>33</ele>
      </trkpt>
      <trkpt lat="35.21677" lon="126.80181">
        <ele>33</ele>
      </trkpt>
      <trkpt lat="35.216899" lon="126.80137">
        <ele>33.25</ele>
      </trkpt>
      <trkpt lat="35.217053" lon="126.800972">
        <ele>33.25</ele>
      </trkpt>
      <trkpt lat="35.21753" lon="126.799463">
        <ele>35.25</ele>
      </trkpt>
      <trkpt lat="35.217555" lon="126.799071">
        <ele>36.5</ele>
      </trkpt>
      <trkpt lat="35.217463" lon="126.798697">
        <ele>38</ele>
      </trkpt>
      <trkpt lat="35.217229" lon="126.79851">
        <ele>38</ele>
      </trkpt>
      <trkpt lat="35.215629" lon="126.797725">
        <ele>38.25</ele>
      </trkpt>
      <trkpt lat="35.215079" lon="126.797131">
        <ele>37.25</ele>
      </trkpt>
      <trkpt lat="35.214844" lon="126.796883">
        <ele>37.25</ele>
      </trkpt>
      <trkpt lat="35.21448" lon="126.79679">
        <ele>38</ele>
      </trkpt>
      <trkpt lat="35.214036" lon="126.796749">
        <ele>38.75</ele>
      </trkpt>
      <trkpt lat="35.21352" lon="126.7959">
        <ele>39</ele>
      </trkpt>
      <trkpt lat="35.213346" lon="126.795015">
        <ele>38</ele>
      </trkpt>
      <trkpt lat="35.213377" lon="126.794468">
        <ele>36.75</ele>
      </trkpt>
      <trkpt lat="35.213411" lon="126.794063">
        <ele>36.5</ele>
      </trkpt>
      <trkpt lat="35.213454" lon="126.793719">
        <ele>38</ele>
      </trkpt>
      <trkpt lat="35.213705" lon="126.791197">
        <ele>35.25</ele>
      </trkpt>
      <trkpt lat="35.213716" lon="126.790658">
        <ele>37.75</ele>
      </trkpt>
      <trkpt lat="35.21368" lon="126.790206">
        <ele>41.5</ele>
      </trkpt>
      <trkpt lat="35.213596" lon="126.789799">
        <ele>43.75</ele>
      </trkpt>
      <trkpt lat="35.213395" lon="126.789217">
        <ele>45.75</ele>
      </trkpt>
      <trkpt lat="35.212803" lon="126.78808">
        <ele>35.75</ele>
      </trkpt>
      <trkpt lat="35.211634" lon="126.785747">
        <ele>38</ele>
      </trkpt>
      <trkpt lat="35.211385" lon="126.78525">
        <ele>38.5</ele>
      </trkpt>
      <trkpt lat="35.210462" lon="126.783436">
        <ele>45.5</ele>
      </trkpt>
      <trkpt lat="35.210158" lon="126.782853">
        <ele>50.75</ele>
      </trkpt>
      <trkpt lat="35.209841" lon="126.782167">
        <ele>52</ele>
      </trkpt>
      <trkpt lat="35.209358" lon="126.781194">
        <ele>42.5</ele>
      </trkpt>
      <trkpt lat="35.209189" lon="126.780891">
        <ele>38.5</ele>
      </trkpt>
      <trkpt lat="35.208634" lon="126.779776">
        <ele>35.25</ele>
      </trkpt>
      <trkpt lat="35.208168" lon="126.778843">
        <ele>38.5</ele>
      </trkpt>
      <trkpt lat="35.207933" lon="126.778415">
        <ele>41.25</ele>
      </trkpt>
      <trkpt lat="35.20766" lon="126.77804">
        <ele>42.25</ele>
      </trkpt>
      <trkpt lat="35.206894" lon="126.776151">
        <ele>42.25</ele>
      </trkpt>
      <trkpt lat="35.20646" lon="126.775242">
        <ele>39.25</ele>
      </trkpt>
      <trkpt lat="35.20637" lon="126.774882">
        <ele>38.5</ele>
      </trkpt>
      <trkpt lat="35.206045" lon="126.774448">
        <ele>37.5</ele>
      </trkpt>
      <trkpt lat="35.205775" lon="126.774012">
        <ele>35.5</ele>
      </trkpt>
      <trkpt lat="35.205294" lon="126.772976">
        <ele>33.5</ele>
      </trkpt>
      <trkpt lat="35.20505" lon="126.772718">
        <ele>33</ele>
      </trkpt>
      <trkpt lat="35.204642" lon="126.772594">
        <ele>34.5</ele>
      </trkpt>
      <trkpt lat="35.204366" lon="126.772368">
        <ele>35</ele>
      </trkpt>
      <trkpt lat="35.204163" lon="126.77201">
        <ele>34</ele>
      </trkpt>
      <trkpt lat="35.204294" lon="126.771156">
        <ele>30.5</ele>
      </trkpt>
      <trkpt lat="35.20431" lon="126.7705">
        <ele>29.5</ele>
      </trkpt>
      <trkpt lat="35.204301" lon="126.77003">
        <ele>29.25</ele>
      </trkpt>
      <trkpt lat="35.20416" lon="126.76962">
        <ele>29.25</ele>
      </trkpt>
      <trkpt lat="35.203789" lon="126.768899">
        <ele>29.5</ele>
      </trkpt>
      <trkpt lat="35.203711" lon="126.768582">
        <ele>29.25</ele>
      </trkpt>
      <trkpt lat="35.203645" lon="126.768174">
        <ele>29.25</ele>
      </trkpt>
      <trkpt lat="35.20358" lon="126.76765">
        <ele>29.25</ele>
      </trkpt>
      <trkpt lat="35.203419" lon="126.766712">
        <ele>31.5</ele>
      </trkpt>
      <trkpt lat="35.20262" lon="126.76545">
        <ele>29.5</ele>
      </trkpt>
      <trkpt lat="35.202364" lon="126.76509">
        <ele>27.5</ele>
      </trkpt>
      <trkpt lat="35.202096" lon="126.76463">
        <ele>27</ele>
      </trkpt>
      <trkpt lat="35.202177" lon="126.764302">
        <ele>27</ele>
      </trkpt>
      <trkpt lat="35.202598" lon="126.763349">
        <ele>27</ele>
      </trkpt>
      <trkpt lat="35.203524" lon="126.761247">
        <ele>26.75</ele>
      </trkpt>
      <trkpt lat="35.203668" lon="126.760917">
        <ele>26.75</ele>
      </trkpt>
      <trkpt lat="35.204282" lon="126.759519">
        <ele>26.75</ele>
      </trkpt>
      <trkpt lat="35.20445" lon="126.75914">
        <ele>27</ele>
      </trkpt>
      <trkpt lat="35.204733" lon="126.758462">
        <ele>26</ele>
      </trkpt>
      <trkpt lat="35.2058" lon="126.75747">
        <ele>26.75</ele>
      </trkpt>
      <trkpt lat="35.20611" lon="126.75712">
        <ele>25.5</ele>
      </trkpt>
      <trkpt lat="35.20708" lon="126.75597">
        <ele>24</ele>
      </trkpt>
      <trkpt lat="35.20752" lon="126.755365">
        <ele>23.75</ele>
      </trkpt>
      <trkpt lat="35.208059" lon="126.754608">
        <ele>25</ele>
      </trkpt>
      <trkpt lat="35.2088450440713" lon="126.753312349319">
        <ele>26</ele>
      </trkpt>
      <trkpt lat="35.2075651893965" lon="126.752099990845">
        <ele>48</ele>
      </trkpt>
      <trkpt lat="35.2067060975464" lon="126.752888560295">
        <ele>37</ele>
      </trkpt>
      <trkpt lat="35.2057987814892" lon="126.753210425377">
        <ele>59</ele>
      </trkpt>
      <trkpt lat="35.2042383494878" lon="126.753408908844">
        <ele>32</ele>
      </trkpt>
      <trkpt lat="35.2026033703089" lon="126.753988265991">
        <ele>39</ele>
      </trkpt>
      <trkpt lat="35.2022044829943" lon="126.75410091877">
        <ele>29</ele>
      </trkpt>
      <trkpt lat="35.2000785120635" lon="126.754117012024">
        <ele>38</ele>
      </trkpt>
      <trkpt lat="35.1997804333405" lon="126.754031181335">
        <ele>40</ele>
      </trkpt>
      <trkpt lat="35.1994648193827" lon="126.753897070885">
        <ele>40</ele>
      </trkpt>
      <trkpt lat="35.1988818070411" lon="126.753526926041">
        <ele>31</ele>
      </trkpt>
      <trkpt lat="35.1965540995204" lon="126.751756668091">
        <ele>28</ele>
      </trkpt>
      <trkpt lat="35.194620867996" lon="126.749374866486">
        <ele>30</ele>
      </trkpt>
      <trkpt lat="35.1933144859519" lon="126.747331023216">
        <ele>29</ele>
      </trkpt>
      <trkpt lat="35.1928717141168" lon="126.746630966663">
        <ele>32</ele>
      </trkpt>
      <trkpt lat="35.1920563062056" lon="126.746102571487">
        <ele>28</ele>
      </trkpt>
      <trkpt lat="35.1909603149383" lon="126.743817329407">
        <ele>27</ele>
      </trkpt>
      <trkpt lat="35.1889962616024" lon="126.740942001343">
        <ele>28</ele>
      </trkpt>
      <trkpt lat="35.1880843635584" lon="126.739295125008">
        <ele>30</ele>
      </trkpt>
      <trkpt lat="35.187562648056" lon="126.737771630287">
        <ele>32</ele>
      </trkpt>
      <trkpt lat="35.1806923507918" lon="126.729875206947">
        <ele>29</ele>
      </trkpt>
      <trkpt lat="35.1788639734615" lon="126.721297502518">
        <ele>38</ele>
      </trkpt>
      <trkpt lat="35.1788113576777" lon="126.72033727169">
        <ele>38</ele>
      </trkpt>
      <trkpt lat="35.1778335748322" lon="126.716190576553">
        <ele>37</ele>
      </trkpt>
      <trkpt lat="35.1775661075209" lon="126.713851690292">
        <ele>45</ele>
      </trkpt>
      <trkpt lat="35.1771188651326" lon="126.712971925735">
        <ele>35</ele>
      </trkpt>
      <trkpt lat="35.176684774579" lon="126.712446212769">
        <ele>36</ele>
      </trkpt>
      <trkpt lat="35.174229269222" lon="126.708948612213">
        <ele>26</ele>
      </trkpt>
      <trkpt lat="35.171186093602" lon="126.702768802643">
        <ele>27</ele>
      </trkpt>
      <trkpt lat="35.1705897230722" lon="126.700837612152">
        <ele>25</ele>
      </trkpt>
      <trkpt lat="35.1703266170362" lon="126.700354814529">
        <ele>25</ele>
      </trkpt>
      <trkpt lat="35.1700635101489" lon="126.700000762939">
        <ele>25</ele>
      </trkpt>
      <trkpt lat="35.1700810506345" lon="126.696621179581">
        <ele>27</ele>
      </trkpt>
      <trkpt lat="35.1699319563859" lon="126.696009635925">
        <ele>27</ele>
      </trkpt>
      <trkpt lat="35.1696600779347" lon="126.695333719254">
        <ele>27</ele>
      </trkpt>
      <trkpt lat="35.1687304221685" lon="126.693670749664">
        <ele>29</ele>
      </trkpt>
      <trkpt lat="35.1676428868398" lon="126.690672039986">
        <ele>30</ele>
      </trkpt>
      <trkpt lat="35.1665816488288" lon="126.690591573715">
        <ele>25</ele>
      </trkpt>
      <trkpt lat="35.1648713600808" lon="126.689701080322">
        <ele>27</ele>
      </trkpt>
      <trkpt lat="35.1633013710556" lon="126.689604520798">
        <ele>32</ele>
      </trkpt>
      <trkpt lat="35.1628014240544" lon="126.687469482422">
        <ele>31</ele>
      </trkpt>
      <trkpt lat="35.1618453764947" lon="126.685431003571">
        <ele>30</ele>
      </trkpt>
      <trkpt lat="35.1617927496972" lon="126.684454679489">
        <ele>30</ele>
      </trkpt>
      <trkpt lat="35.1627751109692" lon="126.678167581558">
        <ele>33</ele>
      </trkpt>
      <trkpt lat="35.1632750581322" lon="126.675378084183">
        <ele>33</ele>
      </trkpt>
      <trkpt lat="35.1636083545336" lon="126.674273014069">
        <ele>33</ele>
      </trkpt>
      <trkpt lat="35.1641609218739" lon="126.67241692543">
        <ele>41</ele>
      </trkpt>
      <trkpt lat="35.1653449821044" lon="126.670078039169">
        <ele>42</ele>
      </trkpt>
      <trkpt lat="35.1671692781989" lon="126.66765332222">
        <ele>42</ele>
      </trkpt>
      <trkpt lat="35.1691513996813" lon="126.666001081467">
        <ele>53</ele>
      </trkpt>
      <trkpt lat="35.1716859890583" lon="126.662428379059">
        <ele>57</ele>
      </trkpt>
      <trkpt lat="35.1717473795165" lon="126.662122607231">
        <ele>57</ele>
      </trkpt>
      <trkpt lat="35.1715719780844" lon="126.661446690559">
        <ele>50</ele>
      </trkpt>
      <trkpt lat="35.1716684489189" lon="126.660904884338">
        <ele>56</ele>
      </trkpt>
      <trkpt lat="35.1724752914161" lon="126.657804250717">
        <ele>97</ele>
      </trkpt>
      <trkpt lat="35.1725805311515" lon="126.657316088676">
        <ele>65</ele>
      </trkpt>
      <trkpt lat="35.1724928313814" lon="126.656940579414">
        <ele>84</ele>
      </trkpt>
      <trkpt lat="35.1722165764874" lon="126.65651679039">
        <ele>71</ele>
      </trkpt>
      <trkpt lat="35.1721288763248" lon="126.656173467636">
        <ele>71</ele>
      </trkpt>
      <trkpt lat="35.1721420313552" lon="126.65575504303">
        <ele>67</ele>
      </trkpt>
      <trkpt lat="35.172348126554" lon="126.655341982841">
        <ele>67</ele>
      </trkpt>
      <trkpt lat="35.1725542212304" lon="126.65515422821">
        <ele>61</ele>
      </trkpt>
      <trkpt lat="35.1730277985074" lon="126.654966473579">
        <ele>69</ele>
      </trkpt>
      <trkpt lat="35.173431214012" lon="126.654741168022">
        <ele>59</ele>
      </trkpt>
      <trkpt lat="35.1737425441742" lon="126.654328107834">
        <ele>59</ele>
      </trkpt>
      <trkpt lat="35.174606369508" lon="126.652708053589">
        <ele>49</ele>
      </trkpt>
      <trkpt lat="35.1752640983788" lon="126.651409864426">
        <ele>53</ele>
      </trkpt>
      <trkpt lat="35.1754614160024" lon="126.65077149868">
        <ele>51</ele>
      </trkpt>
      <trkpt lat="35.1755271884371" lon="126.650133132935">
        <ele>51</ele>
      </trkpt>
      <trkpt lat="35.175448261509" lon="126.649172902107">
        <ele>42</ele>
      </trkpt>
      <trkpt lat="35.1747905341282" lon="126.647129058838">
        <ele>40</ele>
      </trkpt>
      <trkpt lat="35.1741503410338" lon="126.645074486732">
        <ele>42</ele>
      </trkpt>
      <trkpt lat="35.1741021071033" lon="126.644580960274">
        <ele>42</ele>
      </trkpt>
      <trkpt lat="35.1741941900367" lon="126.644124984741">
        <ele>38</ele>
      </trkpt>
      <trkpt lat="35.1745975997537" lon="126.642998456955">
        <ele>39</ele>
      </trkpt>
      <trkpt lat="35.1760533659996" lon="126.641292572021">
        <ele>51</ele>
      </trkpt>
      <trkpt lat="35.1764743055975" lon="126.640691757202">
        <ele>51</ele>
      </trkpt>
      <trkpt lat="35.1764743055975" lon="126.638256311417">
        <ele>33</ele>
      </trkpt>
      <trkpt lat="35.176623387849" lon="126.63737654686">
        <ele>31</ele>
      </trkpt>
      <trkpt lat="35.1793945140446" lon="126.629485487938">
        <ele>43</ele>
      </trkpt>
      <trkpt lat="35.1796268984988" lon="126.628525257111">
        <ele>40</ele>
      </trkpt>
      <trkpt lat="35.1796926675633" lon="126.627688407898">
        <ele>39</ele>
      </trkpt>
      <trkpt lat="35.1795611293811" lon="126.625649929047">
        <ele>31</ele>
      </trkpt>
      <trkpt lat="35.1787017413522" lon="126.619180440903">
        <ele>27</ele>
      </trkpt>
      <trkpt lat="35.1786228175062" lon="126.614615321159">
        <ele>27</ele>
      </trkpt>
      <trkpt lat="35.1785132009264" lon="126.61406815052">
        <ele>29</ele>
      </trkpt>
      <trkpt lat="35.1776538018183" lon="126.612056493759">
        <ele>30</ele>
      </trkpt>
      <trkpt lat="35.1776011852512" lon="126.611648797989">
        <ele>31</ele>
      </trkpt>
      <trkpt lat="35.1776976489316" lon="126.611096262932">
        <ele>31</ele>
      </trkpt>
      <trkpt lat="35.178070348439" lon="126.610286235809">
        <ele>32</ele>
      </trkpt>
      <trkpt lat="35.1800083583322" lon="126.607196331024">
        <ele>33</ele>
      </trkpt>
      <trkpt lat="35.1803942009401" lon="126.606456041336">
        <ele>33</ele>
      </trkpt>
      <trkpt lat="35.1811702651842" lon="126.603983044624">
        <ele>36</ele>
      </trkpt>
      <trkpt lat="35.1815429487695" lon="126.601585149765">
        <ele>36</ele>
      </trkpt>
      <trkpt lat="35.1817709425909" lon="126.601177453995">
        <ele>39</ele>
      </trkpt>
      <trkpt lat="35.1820033202508" lon="126.600866317749">
        <ele>39</ele>
      </trkpt>
      <trkpt lat="35.1832397336086" lon="126.59961104393">
        <ele>36</ele>
      </trkpt>
      <trkpt lat="35.183458953872" lon="126.599214076996">
        <ele>39</ele>
      </trkpt>
      <trkpt lat="35.1836080233133" lon="126.598725914955">
        <ele>37</ele>
      </trkpt>
      <trkpt lat="35.1831827362432" lon="126.595115661621">
        <ele>56</ele>
      </trkpt>
      <trkpt lat="35.1831915050713" lon="126.593983769417">
        <ele>54</ele>
      </trkpt>
      <trkpt lat="35.1835027978537" lon="126.593313217163">
        <ele>58</ele>
      </trkpt>
      <trkpt lat="35.1849189457429" lon="126.591376662254">
        <ele>60</ele>
      </trkpt>
      <trkpt lat="35.1854362939258" lon="126.590470075607">
        <ele>68</ele>
      </trkpt>
      <trkpt lat="35.1855634383141" lon="126.589649319649">
        <ele>74</ele>
      </trkpt>
      <trkpt lat="35.1858747220111" lon="126.588506698608">
        <ele>87</ele>
      </trkpt>
      <trkpt lat="35.1876459473946" lon="126.587283611298">
        <ele>112</ele>
      </trkpt>
      <trkpt lat="35.1903290172578" lon="126.584858894348">
        <ele>148</ele>
      </trkpt>
      <trkpt lat="35.1909427789578" lon="126.584537029266">
        <ele>142</ele>
      </trkpt>
      <trkpt lat="35.1933627084813" lon="126.583904027939">
        <ele>179</ele>
      </trkpt>
      <trkpt lat="35.1944323645013" lon="126.58406496048">
        <ele>184</ele>
      </trkpt>
      <trkpt lat="35.1955809138914" lon="126.584247350693">
        <ele>160</ele>
      </trkpt>
      <trkpt lat="35.1966812265119" lon="126.584016680717">
        <ele>197</ele>
      </trkpt>
      <trkpt lat="35.1979919380305" lon="126.583292484283">
        <ele>209</ele>
      </trkpt>
      <trkpt lat="35.1986494776486" lon="126.582809686661">
        <ele>190</ele>
      </trkpt>
      <trkpt lat="35.198947560522" lon="126.582262516022">
        <ele>197</ele>
      </trkpt>
      <trkpt lat="35.1996839958724" lon="126.578732728958">
        <ele>180</ele>
      </trkpt>
      <trkpt lat="35.2000609780513" lon="126.577799320221">
        <ele>149</ele>
      </trkpt>
      <trkpt lat="35.202436802218" lon="126.575235128403">
        <ele>166</ele>
      </trkpt>
      <trkpt lat="35.2047161253922" lon="126.572563648224">
        <ele>122</ele>
      </trkpt>
      <trkpt lat="35.2055314062244" lon="126.571801900864">
        <ele>117</ele>
      </trkpt>
      <trkpt lat="35.2063992768258" lon="126.571404933929">
        <ele>112</ele>
      </trkpt>
      <trkpt lat="35.2076879160617" lon="126.571125984192">
        <ele>92</ele>
      </trkpt>
      <trkpt lat="35.2082401837596" lon="126.57069683075">
        <ele>99</ele>
      </trkpt>
      <trkpt lat="35.2096778153886" lon="126.568733453751">
        <ele>94</ele>
      </trkpt>
      <trkpt lat="35.2105807051664" lon="126.567113399506">
        <ele>84</ele>
      </trkpt>
      <trkpt lat="35.2128422684963" lon="126.564592123032">
        <ele>79</ele>
      </trkpt>
      <trkpt lat="35.2135785778462" lon="126.563658714294">
        <ele>72</ele>
      </trkpt>
      <trkpt lat="35.2143674733103" lon="126.561716794968">
        <ele>67</ele>
      </trkpt>
      <trkpt lat="35.2153579645374" lon="126.561298370361">
        <ele>67</ele>
      </trkpt>
      <trkpt lat="35.217978763557" lon="126.557757854462">
        <ele>62</ele>
      </trkpt>
      <trkpt lat="35.2181365347106" lon="126.556953191757">
        <ele>60</ele>
      </trkpt>
      <trkpt lat="35.2180050587706" lon="126.555848121643">
        <ele>59</ele>
      </trkpt>
      <trkpt lat="35.2176632203297" lon="126.555118560791">
        <ele>62</ele>
      </trkpt>
      <trkpt lat="35.2171723728712" lon="126.55430316925">
        <ele>60</ele>
      </trkpt>
      <trkpt lat="35.2171022515634" lon="126.553680896759">
        <ele>59</ele>
      </trkpt>
      <trkpt lat="35.2185572562877" lon="126.54913187027">
        <ele>55</ele>
      </trkpt>
      <trkpt lat="35.2199245863523" lon="126.545687913895">
        <ele>53</ele>
      </trkpt>
      <trkpt lat="35.2204680060069" lon="126.544604301453">
        <ele>51</ele>
      </trkpt>
      <trkpt lat="35.2207397144698" lon="126.543542146683">
        <ele>54</ele>
      </trkpt>
      <trkpt lat="35.2205994779573" lon="126.542866230011">
        <ele>62</ele>
      </trkpt>
      <trkpt lat="35.2205556539975" lon="126.542158126831">
        <ele>73</ele>
      </trkpt>
      <trkpt lat="35.220687125806" lon="126.541621685028">
        <ele>87</ele>
      </trkpt>
      <trkpt lat="35.2220719492521" lon="126.538864374161">
        <ele>103</ele>
      </trkpt>
      <trkpt lat="35.2222560062855" lon="126.538177728653">
        <ele>103</ele>
      </trkpt>
      <trkpt lat="35.2222560062855" lon="126.537716388702">
        <ele>103</ele>
      </trkpt>
      <trkpt lat="35.2221771247509" lon="126.537190675735">
        <ele>88</ele>
      </trkpt>
      <trkpt lat="35.2219755382585" lon="126.536686420441">
        <ele>88</ele>
      </trkpt>
      <trkpt lat="35.2199245863523" lon="126.533639431">
        <ele>63</ele>
      </trkpt>
      <trkpt lat="35.2181715949254" lon="126.528403759003">
        <ele>36</ele>
      </trkpt>
      <trkpt lat="35.2148495723198" lon="126.526547670364">
        <ele>39</ele>
      </trkpt>
      <trkpt lat="35.213902902465" lon="126.525936126709">
        <ele>38</ele>
      </trkpt>
      <trkpt lat="35.2132016584181" lon="126.525185108185">
        <ele>41</ele>
      </trkpt>
      <trkpt lat="35.2132279551791" lon="126.525077819824">
        <ele>41</ele>
      </trkpt>
      <trkpt lat="35.213341907712" lon="126.524927616119">
        <ele>41</ele>
      </trkpt>
      <trkpt lat="35.2152177187264" lon="126.525163650513">
        <ele>40</ele>
      </trkpt>
      <trkpt lat="35.2164799223022" lon="126.524906158447">
        <ele>41</ele>
      </trkpt>
      <trkpt lat="35.2180664142358" lon="126.524090766907">
        <ele>57</ele>
      </trkpt>
      <trkpt lat="35.2203365338435" lon="126.522481441498">
        <ele>66</ele>
      </trkpt>
      <trkpt lat="35.221256834515" lon="126.522041559219">
        <ele>59</ele>
      </trkpt>
      <trkpt lat="35.2226942356372" lon="126.521644592285">
        <ele>64</ele>
      </trkpt>
      <trkpt lat="35.2230185238341" lon="126.521419286728">
        <ele>64</ele>
      </trkpt>
      <trkpt lat="35.2233077527541" lon="126.520518064499">
        <ele>72</ele>
      </trkpt>
      <trkpt lat="35.2235487760668" lon="126.520236432552">
        <ele>52</ele>
      </trkpt>
      <trkpt lat="35.223728447525" lon="126.519852876663">
        <ele>56</ele>
      </trkpt>
      <trkpt lat="35.2237196830728" lon="126.519370079041">
        <ele>56</ele>
      </trkpt>
      <trkpt lat="35.2238423853168" lon="126.519101858139">
        <ele>73</ele>
      </trkpt>
      <trkpt lat="35.2243792054526" lon="126.518747806549">
        <ele>45</ele>
      </trkpt>
      <trkpt lat="35.2244405560991" lon="126.518495678902">
        <ele>45</ele>
      </trkpt>
      <trkpt lat="35.2243879698335" lon="126.518197953701">
        <ele>32</ele>
      </trkpt>
      <trkpt lat="35.2242280197327" lon="126.518002152443">
        <ele>32</ele>
      </trkpt>
      <trkpt lat="35.2229571721124" lon="126.516945362091">
        <ele>49</ele>
      </trkpt>
      <trkpt lat="35.221997449858" lon="126.515652537346">
        <ele>41</ele>
      </trkpt>
      <trkpt lat="35.2211516578236" lon="126.514118313789">
        <ele>44</ele>
      </trkpt>
      <trkpt lat="35.2206695962438" lon="126.513093709946">
        <ele>86</ele>
      </trkpt>
      <trkpt lat="35.2205556539975" lon="126.512106657028">
        <ele>82</ele>
      </trkpt>
      <trkpt lat="35.2206301547151" lon="126.511650681496">
        <ele>85</ele>
      </trkpt>
      <trkpt lat="35.2208185974015" lon="126.511114239693">
        <ele>85</ele>
      </trkpt>
      <trkpt lat="35.2210377162541" lon="126.510186195374">
        <ele>54</ele>
      </trkpt>
      <trkpt lat="35.2214496580953" lon="126.509649753571">
        <ele>65</ele>
      </trkpt>
      <trkpt lat="35.2218440685372" lon="126.508796811104">
        <ele>67</ele>
      </trkpt>
      <trkpt lat="35.2221245370185" lon="126.507455706596">
        <ele>82</ele>
      </trkpt>
      <trkpt lat="35.2222034186043" lon="126.506758332252">
        <ele>82</ele>
      </trkpt>
      <trkpt lat="35.222356799246" lon="126.506098508835">
        <ele>73</ele>
      </trkpt>
      <trkpt lat="35.2227249116033" lon="126.505706906319">
        <ele>68</ele>
      </trkpt>
      <trkpt lat="35.2234348378627" lon="126.504671573639">
        <ele>39</ele>
      </trkpt>
      <trkpt lat="35.2235531583022" lon="126.503866910934">
        <ele>43</ele>
      </trkpt>
      <trkpt lat="35.223838003097" lon="126.503024697304">
        <ele>53</ele>
      </trkpt>
      <trkpt lat="35.2239431763069" lon="126.502257585526">
        <ele>50</ele>
      </trkpt>
      <trkpt lat="35.2237503586512" lon="126.500905752182">
        <ele>42</ele>
      </trkpt>
      <trkpt lat="35.2236890074829" lon="126.499816775322">
        <ele>22</ele>
      </trkpt>
      <trkpt lat="35.2238292386567" lon="126.499307155609">
        <ele>22</ele>
      </trkpt>
      <trkpt lat="35.224179815531" lon="126.499189138412">
        <ele>18</ele>
      </trkpt>
      <trkpt lat="35.2264629103751" lon="126.499704122543">
        <ele>18</ele>
      </trkpt>
      <trkpt lat="35.2274488719726" lon="126.499940156937">
        <ele>18</ele>
      </trkpt>
      <trkpt lat="35.228446" lon="126.500065">
        <ele>23</ele>
      </trkpt>
      <trkpt lat="35.2291" lon="126.50015">
        <ele>30</ele>
      </trkpt>
      <trkpt lat="35.22958" lon="126.50014">
        <ele>36.25</ele>
      </trkpt>
      <trkpt lat="35.23082" lon="126.49998">
        <ele>47.5</ele>
      </trkpt>
      <trkpt lat="35.23124" lon="126.49997">
        <ele>49.5</ele>
      </trkpt>
      <trkpt lat="35.23185" lon="126.50004">
        <ele>54.25</ele>
      </trkpt>
      <trkpt lat="35.23237" lon="126.50017">
        <ele>60</ele>
      </trkpt>
      <trkpt lat="35.23357" lon="126.50055">
        <ele>51.25</ele>
      </trkpt>
      <trkpt lat="35.23449" lon="126.50086">
        <ele>41</ele>
      </trkpt>
      <trkpt lat="35.23517" lon="126.50112">
        <ele>38</ele>
      </trkpt>
      <trkpt lat="35.23707" lon="126.50187">
        <ele>25</ele>
      </trkpt>
      <trkpt lat="35.238573" lon="126.5025">
        <ele>19.25</ele>
      </trkpt>
      <trkpt lat="35.238611" lon="126.500879">
        <ele>17.25</ele>
      </trkpt>
      <trkpt lat="35.23873" lon="126.498023">
        <ele>17.25</ele>
      </trkpt>
      <trkpt lat="35.238852" lon="126.495394">
        <ele>16.5</ele>
      </trkpt>
      <trkpt lat="35.239036" lon="126.49489">
        <ele>15</ele>
      </trkpt>
      <trkpt lat="35.240153" lon="126.493176">
        <ele>13</ele>
      </trkpt>
      <trkpt lat="35.240945" lon="126.492081">
        <ele>12.5</ele>
      </trkpt>
      <trkpt lat="35.241207" lon="126.491336">
        <ele>11.25</ele>
      </trkpt>
      <trkpt lat="35.241281" lon="126.489322">
        <ele>9</ele>
      </trkpt>
      <trkpt lat="35.241662" lon="126.488904">
        <ele>8.5</ele>
      </trkpt>
      <trkpt lat="35.242017" lon="126.488786">
        <ele>8.5</ele>
      </trkpt>
      <trkpt lat="35.243733" lon="126.488383">
        <ele>9</ele>
      </trkpt>
      <trkpt lat="35.24491" lon="126.487441">
        <ele>9</ele>
      </trkpt>
      <trkpt lat="35.245465" lon="126.486973">
        <ele>8.5</ele>
      </trkpt>
      <trkpt lat="35.247169" lon="126.485576">
        <ele>7.75</ele>
      </trkpt>
      <trkpt lat="35.248259" lon="126.484695">
        <ele>8.75</ele>
      </trkpt>
      <trkpt lat="35.248875" lon="126.484182">
        <ele>8.25</ele>
      </trkpt>
      <trkpt lat="35.249457" lon="126.483697">
        <ele>8.5</ele>
      </trkpt>
      <trkpt lat="35.250449" lon="126.482874">
        <ele>8.25</ele>
      </trkpt>
      <trkpt lat="35.251604" lon="126.48216">
        <ele>9</ele>
      </trkpt>
      <trkpt lat="35.253549" lon="126.480935">
        <ele>12.25</ele>
      </trkpt>
      <trkpt lat="35.253349" lon="126.480431">
        <ele>9.5</ele>
      </trkpt>
      <trkpt lat="35.25306" lon="126.47931">
        <ele>7.5</ele>
      </trkpt>
      <trkpt lat="35.25292" lon="126.478877">
        <ele>7.25</ele>
      </trkpt>
      <trkpt lat="35.25281" lon="126.47852">
        <ele>7.5</ele>
      </trkpt>
      <trkpt lat="35.25267" lon="126.47798">
        <ele>8</ele>
      </trkpt>
      <trkpt lat="35.25254" lon="126.47767">
        <ele>8.5</ele>
      </trkpt>
      <trkpt lat="35.25218" lon="126.4769">
        <ele>8</ele>
      </trkpt>
      <trkpt lat="35.25202" lon="126.47654">
        <ele>8</ele>
      </trkpt>
      <trkpt lat="35.25133" lon="126.47512">
        <ele>7</ele>
      </trkpt>
      <trkpt lat="35.250933" lon="126.47427">
        <ele>7</ele>
      </trkpt>
      <trkpt lat="35.25024" lon="126.47283">
        <ele>7.25</ele>
      </trkpt>
      <trkpt lat="35.2497" lon="126.47178">
        <ele>8.25</ele>
      </trkpt>
      <trkpt lat="35.24936" lon="126.47106">
        <ele>8</ele>
      </trkpt>
      <trkpt lat="35.2492" lon="126.4707">
        <ele>8</ele>
      </trkpt>
      <trkpt lat="35.24904" lon="126.47035">
        <ele>8.25</ele>
      </trkpt>
      <trkpt lat="35.24908" lon="126.46964">
        <ele>7.5</ele>
      </trkpt>
      <trkpt lat="35.249161" lon="126.469217">
        <ele>7</ele>
      </trkpt>
      <trkpt lat="35.24929" lon="126.46846">
        <ele>6.75</ele>
      </trkpt>
      <trkpt lat="35.2494" lon="126.46774">
        <ele>7.5</ele>
      </trkpt>
      <trkpt lat="35.24952" lon="126.46716">
        <ele>8.25</ele>
      </trkpt>
      <trkpt lat="35.249506" lon="126.466712">
        <ele>9</ele>
      </trkpt>
      <trkpt lat="35.248333" lon="126.466246">
        <ele>11</ele>
      </trkpt>
      <trkpt lat="35.248" lon="126.465868">
        <ele>20.75</ele>
      </trkpt>
      <trkpt lat="35.247915" lon="126.465259">
        <ele>17.25</ele>
      </trkpt>
      <trkpt lat="35.2479" lon="126.46492">
        <ele>14</ele>
      </trkpt>
      <trkpt lat="35.24782" lon="126.46449">
        <ele>11.5</ele>
      </trkpt>
      <trkpt lat="35.24775" lon="126.46411">
        <ele>9.25</ele>
      </trkpt>
      <trkpt lat="35.24761" lon="126.46326">
        <ele>11.25</ele>
      </trkpt>
      <trkpt lat="35.2475" lon="126.46276">
        <ele>12</ele>
      </trkpt>
      <trkpt lat="35.2471" lon="126.46194">
        <ele>12.75</ele>
      </trkpt>
      <trkpt lat="35.2467" lon="126.46109">
        <ele>10.75</ele>
      </trkpt>
      <trkpt lat="35.24622" lon="126.45999">
        <ele>14.75</ele>
      </trkpt>
      <trkpt lat="35.24603" lon="126.45952">
        <ele>12.25</ele>
      </trkpt>
      <trkpt lat="35.24582" lon="126.45906">
        <ele>8.75</ele>
      </trkpt>
      <trkpt lat="35.24535" lon="126.45828">
        <ele>8.25</ele>
      </trkpt>
      <trkpt lat="35.245067" lon="126.457866">
        <ele>9</ele>
      </trkpt>
      <trkpt lat="35.244276" lon="126.45671">
        <ele>10</ele>
      </trkpt>
      <trkpt lat="35.2431" lon="126.45483">
        <ele>9</ele>
      </trkpt>
      <trkpt lat="35.242769" lon="126.454235">
        <ele>9.25</ele>
      </trkpt>
      <trkpt lat="35.242302" lon="126.453398">
        <ele>9.75</ele>
      </trkpt>
      <trkpt lat="35.24213" lon="126.45309">
        <ele>9.5</ele>
      </trkpt>
      <trkpt lat="35.24176" lon="126.45246">
        <ele>9.5</ele>
      </trkpt>
      <trkpt lat="35.241544" lon="126.452075">
        <ele>9.5</ele>
      </trkpt>
      <trkpt lat="35.241472" lon="126.451702">
        <ele>9</ele>
      </trkpt>
      <trkpt lat="35.241442" lon="126.451176">
        <ele>7.75</ele>
      </trkpt>
      <trkpt lat="35.241453" lon="126.449759">
        <ele>6.25</ele>
      </trkpt>
      <trkpt lat="35.241502" lon="126.449105">
        <ele>8</ele>
      </trkpt>
      <trkpt lat="35.241514" lon="126.448772">
        <ele>7.25</ele>
      </trkpt>
      <trkpt lat="35.241549" lon="126.448262">
        <ele>6.5</ele>
      </trkpt>
      <trkpt lat="35.241626" lon="126.446029">
        <ele>10</ele>
      </trkpt>
      <trkpt lat="35.24169" lon="126.444771">
        <ele>13</ele>
      </trkpt>
      <trkpt lat="35.241806" lon="126.44298">
        <ele>15.75</ele>
      </trkpt>
      <trkpt lat="35.241948" lon="126.441747">
        <ele>18</ele>
      </trkpt>
      <trkpt lat="35.241976" lon="126.441089">
        <ele>13.75</ele>
      </trkpt>
      <trkpt lat="35.24187" lon="126.44055">
        <ele>11</ele>
      </trkpt>
      <trkpt lat="35.241613" lon="126.43957">
        <ele>6</ele>
      </trkpt>
      <trkpt lat="35.241563" lon="126.439243">
        <ele>4.75</ele>
      </trkpt>
      <trkpt lat="35.241423" lon="126.438487">
        <ele>4.75</ele>
      </trkpt>
      <trkpt lat="35.241281" lon="126.437713">
        <ele>4.75</ele>
      </trkpt>
      <trkpt lat="35.24117" lon="126.43661">
        <ele>6.75</ele>
      </trkpt>
      <trkpt lat="35.24125" lon="126.43599">
        <ele>6</ele>
      </trkpt>
      <trkpt lat="35.24159" lon="126.43518">
        <ele>6</ele>
      </trkpt>
      <trkpt lat="35.241767" lon="126.434762">
        <ele>6.5</ele>
      </trkpt>
      <trkpt lat="35.24202" lon="126.43405">
        <ele>7</ele>
      </trkpt>
      <trkpt lat="35.24223" lon="126.43355">
        <ele>6.25</ele>
      </trkpt>
      <trkpt lat="35.24232" lon="126.43323">
        <ele>5.75</ele>
      </trkpt>
      <trkpt lat="35.242302" lon="126.432778">
        <ele>6</ele>
      </trkpt>
      <trkpt lat="35.24187" lon="126.43188">
        <ele>8.75</ele>
      </trkpt>
      <trkpt lat="35.24165" lon="126.43157">
        <ele>9.5</ele>
      </trkpt>
      <trkpt lat="35.241325" lon="126.431038">
        <ele>8.75</ele>
      </trkpt>
      <trkpt lat="35.240974" lon="126.430578">
        <ele>8.75</ele>
      </trkpt>
      <trkpt lat="35.240739" lon="126.430342">
        <ele>9</ele>
      </trkpt>
      <trkpt lat="35.24032" lon="126.42984">
        <ele>9.5</ele>
      </trkpt>
      <trkpt lat="35.24008" lon="126.42943">
        <ele>9.25</ele>
      </trkpt>
      <trkpt lat="35.2398" lon="126.42912">
        <ele>10.75</ele>
      </trkpt>
      <trkpt lat="35.23945" lon="126.42882">
        <ele>12</ele>
      </trkpt>
      <trkpt lat="35.23916" lon="126.4286">
        <ele>12.25</ele>
      </trkpt>
      <trkpt lat="35.23833" lon="126.42805">
        <ele>12.25</ele>
      </trkpt>
      <trkpt lat="35.23783" lon="126.42767">
        <ele>11.75</ele>
      </trkpt>
      <trkpt lat="35.23739" lon="126.42722">
        <ele>11</ele>
      </trkpt>
      <trkpt lat="35.236989" lon="126.426695">
        <ele>14</ele>
      </trkpt>
      <trkpt lat="35.236391" lon="126.425912">
        <ele>17.75</ele>
      </trkpt>
      <trkpt lat="35.23606" lon="126.42548">
        <ele>20.5</ele>
      </trkpt>
      <trkpt lat="35.23558" lon="126.42499">
        <ele>21.75</ele>
      </trkpt>
      <trkpt lat="35.23506" lon="126.4246">
        <ele>24.5</ele>
      </trkpt>
      <trkpt lat="35.23448" lon="126.42425">
        <ele>19</ele>
      </trkpt>
      <trkpt lat="35.23405" lon="126.424">
        <ele>17</ele>
      </trkpt>
      <trkpt lat="35.23385" lon="126.42376">
        <ele>14.75</ele>
      </trkpt>
      <trkpt lat="35.233746" lon="126.42335">
        <ele>12</ele>
      </trkpt>
      <trkpt lat="35.23364" lon="126.42294">
        <ele>12.25</ele>
      </trkpt>
      <trkpt lat="35.23344" lon="126.42254">
        <ele>12</ele>
      </trkpt>
      <trkpt lat="35.23318" lon="126.42226">
        <ele>13</ele>
      </trkpt>
      <trkpt lat="35.23281" lon="126.42198">
        <ele>14.25</ele>
      </trkpt>
      <trkpt lat="35.23203" lon="126.42151">
        <ele>16</ele>
      </trkpt>
      <trkpt lat="35.23123" lon="126.42099">
        <ele>19.25</ele>
      </trkpt>
      <trkpt lat="35.2308" lon="126.42075">
        <ele>20.5</ele>
      </trkpt>
      <trkpt lat="35.2304" lon="126.4204">
        <ele>22.25</ele>
      </trkpt>
      <trkpt lat="35.22996" lon="126.41998">
        <ele>23</ele>
      </trkpt>
      <trkpt lat="35.22944" lon="126.41912">
        <ele>26.5</ele>
      </trkpt>
      <trkpt lat="35.22888" lon="126.41781">
        <ele>27.75</ele>
      </trkpt>
      <trkpt lat="35.22818" lon="126.41696">
        <ele>29.5</ele>
      </trkpt>
      <trkpt lat="35.22765" lon="126.41629">
        <ele>32.75</ele>
      </trkpt>
      <trkpt lat="35.22731" lon="126.41481">
        <ele>36.75</ele>
      </trkpt>
      <trkpt lat="35.22715" lon="126.41396">
        <ele>39.25</ele>
      </trkpt>
      <trkpt lat="35.22679" lon="126.41297">
        <ele>34.5</ele>
      </trkpt>
      <trkpt lat="35.22652" lon="126.41216">
        <ele>34.25</ele>
      </trkpt>
      <trkpt lat="35.22624" lon="126.41143">
        <ele>32.25</ele>
      </trkpt>
      <trkpt lat="35.22612" lon="126.41105">
        <ele>30.5</ele>
      </trkpt>
      <trkpt lat="35.22608" lon="126.4102">
        <ele>29.25</ele>
      </trkpt>
      <trkpt lat="35.226115" lon="126.409298">
        <ele>26.75</ele>
      </trkpt>
      <trkpt lat="35.22604" lon="126.40854">
        <ele>24</ele>
      </trkpt>
      <trkpt lat="35.2258" lon="126.408">
        <ele>21.25</ele>
      </trkpt>
      <trkpt lat="35.22529" lon="126.40726">
        <ele>17.75</ele>
      </trkpt>
      <trkpt lat="35.22454" lon="126.40618">
        <ele>12.25</ele>
      </trkpt>
      <trkpt lat="35.22424" lon="126.40539">
        <ele>11</ele>
      </trkpt>
      <trkpt lat="35.22419" lon="126.40491">
        <ele>10.75</ele>
      </trkpt>
      <trkpt lat="35.22415" lon="126.40388">
        <ele>9.5</ele>
      </trkpt>
      <trkpt lat="35.22409" lon="126.40339">
        <ele>8.5</ele>
      </trkpt>
      <trkpt lat="35.22393" lon="126.40294">
        <ele>8.25</ele>
      </trkpt>
      <trkpt lat="35.223703" lon="126.402508">
        <ele>8.25</ele>
      </trkpt>
      <trkpt lat="35.22351" lon="126.40214">
        <ele>8.25</ele>
      </trkpt>
      <trkpt lat="35.22303" lon="126.4014">
        <ele>8.25</ele>
      </trkpt>
      <trkpt lat="35.222801" lon="126.400939">
        <ele>8.5</ele>
      </trkpt>
      <trkpt lat="35.2227030002002" lon="126.400290727615">
        <ele>5</ele>
      </trkpt>
      <trkpt lat="35.2227555875576" lon="126.399046182632">
        <ele>1</ele>
      </trkpt>
      <trkpt lat="35.2227643521139" lon="126.398091316223">
        <ele>1</ele>
      </trkpt>
      <trkpt lat="35.2231236981061" lon="126.395602226257">
        <ele>1</ele>
      </trkpt>
      <trkpt lat="35.2231587561665" lon="126.394540071487">
        <ele>0</ele>
      </trkpt>
      <trkpt lat="35.2234918069847" lon="126.392930746078">
        <ele>3</ele>
      </trkpt>
      <trkpt lat="35.2234392201043" lon="126.392447948456">
        <ele>1</ele>
      </trkpt>
      <trkpt lat="35.2190130355353" lon="126.377856731415">
        <ele>4</ele>
      </trkpt>
      <trkpt lat="35.2178122270066" lon="126.376204490662">
        <ele>6</ele>
      </trkpt>
      <trkpt lat="35.2175668040989" lon="126.375045776367">
        <ele>6</ele>
      </trkpt>
      <trkpt lat="35.2172337289658" lon="126.374788284302">
        <ele>3</ele>
      </trkpt>
      <trkpt lat="35.2128773309978" lon="126.376934051514">
        <ele>8</ele>
      </trkpt>
      <trkpt lat="35.2118999580983" lon="126.377030611038">
        <ele>2</ele>
      </trkpt>
      <trkpt lat="35.2105105781646" lon="126.378028392792">
        <ele>4</ele>
      </trkpt>
      <trkpt lat="35.2101774740792" lon="126.378275156021">
        <ele>0</ele>
      </trkpt>
      <trkpt lat="35.2099714748162" lon="126.378602385521">
        <ele>1</ele>
      </trkpt>
      <trkpt lat="35.2098662835015" lon="126.379042267799">
        <ele>1</ele>
      </trkpt>
      <trkpt lat="35.20988819837" lon="126.379412412643">
        <ele>2</ele>
      </trkpt>
      <trkpt lat="35.210028453388" lon="126.379761099815">
        <ele>2</ele>
      </trkpt>
      <trkpt lat="35.2102914308938" lon="126.380227804184">
        <ele>1</ele>
      </trkpt>
      <trkpt lat="35.2104010046031" lon="126.380683779716">
        <ele>2</ele>
      </trkpt>
      <trkpt lat="35.2103790898731" lon="126.381145119667">
        <ele>3</ele>
      </trkpt>
      <trkpt lat="35.208634658387" lon="126.385704874992">
        <ele>3</ele>
      </trkpt>
      <trkpt lat="35.2083103127223" lon="126.386257410049">
        <ele>3</ele>
      </trkpt>
      <trkpt lat="35.2079333688357" lon="126.386675834656">
        <ele>4</ele>
      </trkpt>
      <trkpt lat="35.2072276901108" lon="126.386922597885">
        <ele>3</ele>
      </trkpt>
      <trkpt lat="35.206780610975" lon="126.386944055557">
        <ele>2</ele>
      </trkpt>
      <trkpt lat="35.2061888848044" lon="126.386729478836">
        <ele>2</ele>
      </trkpt>
      <trkpt lat="35.205075551284" lon="126.386107206345">
        <ele>-1</ele>
      </trkpt>
      <trkpt lat="35.2043566979095" lon="126.38571023941">
        <ele>-1</ele>
      </trkpt>
      <trkpt lat="35.2028751385659" lon="126.384851932526">
        <ele>-1</ele>
      </trkpt>
      <trkpt lat="35.2019633963049" lon="126.384347677231">
        <ele>-1</ele>
      </trkpt>
      <trkpt lat="35.20143" lon="126.38412">
        <ele>2.75</ele>
      </trkpt>
      <trkpt lat="35.200996" lon="126.383834">
        <ele>3.25</ele>
      </trkpt>
      <trkpt lat="35.20063" lon="126.383639">
        <ele>3.75</ele>
      </trkpt>
      <trkpt lat="35.200054" lon="126.383322">
        <ele>4.75</ele>
      </trkpt>
      <trkpt lat="35.19976" lon="126.383169">
        <ele>4.25</ele>
      </trkpt>
      <trkpt lat="35.198141" lon="126.382201">
        <ele>4.25</ele>
      </trkpt>
      <trkpt lat="35.197892" lon="126.382048">
        <ele>4.75</ele>
      </trkpt>
      <trkpt lat="35.197487" lon="126.381803">
        <ele>5</ele>
      </trkpt>
      <trkpt lat="35.196526" lon="126.381339">
        <ele>6</ele>
      </trkpt>
      <trkpt lat="35.196047" lon="126.381109">
        <ele>6.5</ele>
      </trkpt>
      <trkpt lat="35.1955" lon="126.380821">
        <ele>6.5</ele>
      </trkpt>
      <trkpt lat="35.19515" lon="126.3807">
        <ele>7</ele>
      </trkpt>
      <trkpt lat="35.19434" lon="126.38041">
        <ele>9</ele>
      </trkpt>
      <trkpt lat="35.193538" lon="126.38018">
        <ele>12.75</ele>
      </trkpt>
      <trkpt lat="35.193159" lon="126.379957">
        <ele>13.5</ele>
      </trkpt>
      <trkpt lat="35.192803" lon="126.37961">
        <ele>14.25</ele>
      </trkpt>
      <trkpt lat="35.192438" lon="126.379262">
        <ele>14</ele>
      </trkpt>
      <trkpt lat="35.191983" lon="126.378687">
        <ele>10.75</ele>
      </trkpt>
      <trkpt lat="35.191755" lon="126.378373">
        <ele>10</ele>
      </trkpt>
      <trkpt lat="35.191346" lon="126.377918">
        <ele>6.75</ele>
      </trkpt>
      <trkpt lat="35.190869" lon="126.377595">
        <ele>3.5</ele>
      </trkpt>
      <trkpt lat="35.19042" lon="126.37735">
        <ele>2.75</ele>
      </trkpt>
      <trkpt lat="35.189351" lon="126.376819">
        <ele>2</ele>
      </trkpt>
      <trkpt lat="35.18848" lon="126.376315">
        <ele>3.5</ele>
      </trkpt>
      <trkpt lat="35.187639" lon="126.375856">
        <ele>3.25</ele>
      </trkpt>
      <trkpt lat="35.187156" lon="126.375578">
        <ele>1.5</ele>
      </trkpt>
      <trkpt lat="35.18653" lon="126.375226">
        <ele>0.5</ele>
      </trkpt>
      <trkpt lat="35.18617" lon="126.375029">
        <ele>1</ele>
      </trkpt>
      <trkpt lat="35.185872" lon="126.374867">
        <ele>2</ele>
      </trkpt>
      <trkpt lat="35.18536" lon="126.374584">
        <ele>2.75</ele>
      </trkpt>
      <trkpt lat="35.184915" lon="126.374213">
        <ele>2.75</ele>
      </trkpt>
      <trkpt lat="35.184116" lon="126.373125">
        <ele>3</ele>
      </trkpt>
      <trkpt lat="35.183916" lon="126.37284">
        <ele>3</ele>
      </trkpt>
      <trkpt lat="35.183555" lon="126.372392">
        <ele>3.25</ele>
      </trkpt>
      <trkpt lat="35.182463" lon="126.371827">
        <ele>2.75</ele>
      </trkpt>
      <trkpt lat="35.181418" lon="126.37131">
        <ele>6.75</ele>
      </trkpt>
      <trkpt lat="35.17886" lon="126.370044">
        <ele>4</ele>
      </trkpt>
      <trkpt lat="35.175833" lon="126.368614">
        <ele>7.25</ele>
      </trkpt>
      <trkpt lat="35.174585" lon="126.367963">
        <ele>4.25</ele>
      </trkpt>
      <trkpt lat="35.173723" lon="126.367541">
        <ele>4.25</ele>
      </trkpt>
      <trkpt lat="35.172555" lon="126.366943">
        <ele>3.5</ele>
      </trkpt>
      <trkpt lat="35.171714" lon="126.366445">
        <ele>2.25</ele>
      </trkpt>
      <trkpt lat="35.171496" lon="126.36626">
        <ele>2.25</ele>
      </trkpt>
      <trkpt lat="35.171212" lon="126.366043">
        <ele>2.5</ele>
      </trkpt>
      <trkpt lat="35.170918" lon="126.365759">
        <ele>3</ele>
      </trkpt>
      <trkpt lat="35.170384" lon="126.365138">
        <ele>4.5</ele>
      </trkpt>
      <trkpt lat="35.16999" lon="126.364659">
        <ele>9.75</ele>
      </trkpt>
      <trkpt lat="35.169459" lon="126.363957">
        <ele>20</ele>
      </trkpt>
      <trkpt lat="35.169297" lon="126.363704">
        <ele>22.75</ele>
      </trkpt>
      <trkpt lat="35.169141" lon="126.363435">
        <ele>25</ele>
      </trkpt>
      <trkpt lat="35.168967" lon="126.363114">
        <ele>21</ele>
      </trkpt>
      <trkpt lat="35.168774" lon="126.362699">
        <ele>16.75</ele>
      </trkpt>
      <trkpt lat="35.168578" lon="126.362355">
        <ele>13</ele>
      </trkpt>
      <trkpt lat="35.168439" lon="126.362052">
        <ele>13</ele>
      </trkpt>
      <trkpt lat="35.168248" lon="126.361687">
        <ele>13</ele>
      </trkpt>
      <trkpt lat="35.168058" lon="126.361348">
        <ele>13</ele>
      </trkpt>
      <trkpt lat="35.167668" lon="126.360718">
        <ele>13</ele>
      </trkpt>
      <trkpt lat="35.166536" lon="126.358827">
        <ele>13</ele>
      </trkpt>
      <trkpt lat="35.165018" lon="126.356349">
        <ele>13</ele>
      </trkpt>
      <trkpt lat="35.164442" lon="126.355394">
        <ele>13</ele>
      </trkpt>
      <trkpt lat="35.163069" lon="126.353208">
        <ele>13</ele>
      </trkpt>
      <trkpt lat="35.162459" lon="126.35226">
        <ele>13</ele>
      </trkpt>
      <trkpt lat="35.161496" lon="126.350735">
        <ele>13</ele>
      </trkpt>
      <trkpt lat="35.159289" lon="126.347286">
        <ele>13</ele>
      </trkpt>
      <trkpt lat="35.159118" lon="126.347038">
        <ele>13</ele>
      </trkpt>
      <trkpt lat="35.158638" lon="126.346469">
        <ele>14.5</ele>
      </trkpt>
      <trkpt lat="35.158316" lon="126.346043">
        <ele>24.5</ele>
      </trkpt>
      <trkpt lat="35.157941" lon="126.34547">
        <ele>23</ele>
      </trkpt>
      <trkpt lat="35.157645" lon="126.345083">
        <ele>21.5</ele>
      </trkpt>
      <trkpt lat="35.157003" lon="126.34451">
        <ele>13</ele>
      </trkpt>
      <trkpt lat="35.156424" lon="126.344008">
        <ele>10.75</ele>
      </trkpt>
      <trkpt lat="35.156289" lon="126.344304">
        <ele>11.75</ele>
      </trkpt>
      <trkpt lat="35.156197" lon="126.344751">
        <ele>11</ele>
      </trkpt>
      <trkpt lat="35.156256" lon="126.345139">
        <ele>10</ele>
      </trkpt>
      <trkpt lat="35.156567" lon="126.345766">
        <ele>6.75</ele>
      </trkpt>
      <trkpt lat="35.156641" lon="126.34612">
        <ele>6.75</ele>
      </trkpt>
      <trkpt lat="35.156271" lon="126.345848">
        <ele>6.75</ele>
      </trkpt>
      <trkpt lat="35.156013" lon="126.345585">
        <ele>5.75</ele>
      </trkpt>
      <trkpt lat="35.155496" lon="126.345282">
        <ele>7.75</ele>
      </trkpt>
      <trkpt lat="35.155209" lon="126.345242">
        <ele>8.25</ele>
      </trkpt>
      <trkpt lat="35.153888" lon="126.34521">
        <ele>8.25</ele>
      </trkpt>
      <trkpt lat="35.153542" lon="126.34513">
        <ele>8.25</ele>
      </trkpt>
      <trkpt lat="35.153029" lon="126.344912">
        <ele>13.75</ele>
      </trkpt>
      <trkpt lat="35.151816" lon="126.344589">
        <ele>14</ele>
      </trkpt>
      <trkpt lat="35.15127" lon="126.344437">
        <ele>16.25</ele>
      </trkpt>
      <trkpt lat="35.150923" lon="126.3442">
        <ele>20.5</ele>
      </trkpt>
      <trkpt lat="35.150526" lon="126.344024">
        <ele>25.25</ele>
      </trkpt>
      <trkpt lat="35.150168" lon="126.343958">
        <ele>27.25</ele>
      </trkpt>
      <trkpt lat="35.149776" lon="126.344043">
        <ele>28</ele>
      </trkpt>
      <trkpt lat="35.148883" lon="126.344407">
        <ele>28.25</ele>
      </trkpt>
      <trkpt lat="35.14793" lon="126.344807">
        <ele>21</ele>
      </trkpt>
      <trkpt lat="35.147126" lon="126.344953">
        <ele>15</ele>
      </trkpt>
      <trkpt lat="35.146501" lon="126.345044">
        <ele>15</ele>
      </trkpt>
      <trkpt lat="35.146024" lon="126.345001">
        <ele>15</ele>
      </trkpt>
      <trkpt lat="35.145601" lon="126.344811">
        <ele>15</ele>
      </trkpt>
      <trkpt lat="35.144739" lon="126.344643">
        <ele>15</ele>
      </trkpt>
      <trkpt lat="35.142347" lon="126.34451">
        <ele>15</ele>
      </trkpt>
      <trkpt lat="35.141294" lon="126.344498">
        <ele>15</ele>
      </trkpt>
      <trkpt lat="35.140634" lon="126.344516">
        <ele>15</ele>
      </trkpt>
      <trkpt lat="35.140123" lon="126.34465">
        <ele>15</ele>
      </trkpt>
      <trkpt lat="35.139761" lon="126.344819">
        <ele>11</ele>
      </trkpt>
      <trkpt lat="35.139413" lon="126.34508">
        <ele>11</ele>
      </trkpt>
      <trkpt lat="35.139115" lon="126.345432">
        <ele>20</ele>
      </trkpt>
      <trkpt lat="35.138912" lon="126.34573">
        <ele>20.75</ele>
      </trkpt>
      <trkpt lat="35.138723" lon="126.346033">
        <ele>18.75</ele>
      </trkpt>
      <trkpt lat="35.138128" lon="126.345833">
        <ele>28</ele>
      </trkpt>
      <trkpt lat="35.13787" lon="126.34553">
        <ele>32.5</ele>
      </trkpt>
      <trkpt lat="35.137502" lon="126.345044">
        <ele>40.75</ele>
      </trkpt>
      <trkpt lat="35.13716" lon="126.34471">
        <ele>41.5</ele>
      </trkpt>
      <trkpt lat="35.136753" lon="126.344498">
        <ele>38</ele>
      </trkpt>
      <trkpt lat="35.136177" lon="126.344255">
        <ele>34</ele>
      </trkpt>
      <trkpt lat="35.135507" lon="126.344043">
        <ele>31.25</ele>
      </trkpt>
      <trkpt lat="35.135001" lon="126.343757">
        <ele>33.75</ele>
      </trkpt>
      <trkpt lat="35.134469" lon="126.343357">
        <ele>31.25</ele>
      </trkpt>
      <trkpt lat="35.134137" lon="126.34326">
        <ele>26.25</ele>
      </trkpt>
      <trkpt lat="35.133412" lon="126.343205">
        <ele>17</ele>
      </trkpt>
      <trkpt lat="35.13297" lon="126.343132">
        <ele>12.75</ele>
      </trkpt>
      <trkpt lat="35.132392" lon="126.342741">
        <ele>8.75</ele>
      </trkpt>
      <trkpt lat="35.131901" lon="126.342351">
        <ele>6.75</ele>
      </trkpt>
      <trkpt lat="35.131589" lon="126.342058">
        <ele>6.75</ele>
      </trkpt>
      <trkpt lat="35.131301" lon="126.341672">
        <ele>6.75</ele>
      </trkpt>
      <trkpt lat="35.131044" lon="126.341215">
        <ele>6.25</ele>
      </trkpt>
      <trkpt lat="35.130773" lon="126.340946">
        <ele>6.25</ele>
      </trkpt>
      <trkpt lat="35.130519" lon="126.340837">
        <ele>6.25</ele>
      </trkpt>
      <trkpt lat="35.130097" lon="126.3408">
        <ele>7</ele>
      </trkpt>
      <trkpt lat="35.129634" lon="126.340535">
        <ele>11.75</ele>
      </trkpt>
      <trkpt lat="35.129305" lon="126.340007">
        <ele>19.5</ele>
      </trkpt>
      <trkpt lat="35.128996" lon="126.339835">
        <ele>24</ele>
      </trkpt>
      <trkpt lat="35.128698" lon="126.339835">
        <ele>24.25</ele>
      </trkpt>
      <trkpt lat="35.128382" lon="126.339864">
        <ele>24</ele>
      </trkpt>
      <trkpt lat="35.128118" lon="126.339772">
        <ele>23.25</ele>
      </trkpt>
      <trkpt lat="35.127765" lon="126.339512">
        <ele>22.75</ele>
      </trkpt>
      <trkpt lat="35.127449" lon="126.339319">
        <ele>21.25</ele>
      </trkpt>
      <trkpt lat="35.126962" lon="126.339231">
        <ele>21</ele>
      </trkpt>
      <trkpt lat="35.126674" lon="126.339189">
        <ele>20.75</ele>
      </trkpt>
      <trkpt lat="35.126406" lon="126.339038">
        <ele>20.5</ele>
      </trkpt>
      <trkpt lat="35.126026" lon="126.33869">
        <ele>21.25</ele>
      </trkpt>
      <trkpt lat="35.125556" lon="126.338325">
        <ele>21.25</ele>
      </trkpt>
      <trkpt lat="35.124815" lon="126.337944">
        <ele>20.5</ele>
      </trkpt>
      <trkpt lat="35.123635" lon="126.337084">
        <ele>17</ele>
      </trkpt>
      <trkpt lat="35.122715" lon="126.33669">
        <ele>18.5</ele>
      </trkpt>
      <trkpt lat="35.122184" lon="126.336606">
        <ele>19.5</ele>
      </trkpt>
      <trkpt lat="35.121896" lon="126.336648">
        <ele>19</ele>
      </trkpt>
      <trkpt lat="35.121662" lon="126.336484">
        <ele>20.25</ele>
      </trkpt>
      <trkpt lat="35.121415" lon="126.336098">
        <ele>20.5</ele>
      </trkpt>
      <trkpt lat="35.121117" lon="126.335842">
        <ele>19</ele>
      </trkpt>
      <trkpt lat="35.120534" lon="126.335419">
        <ele>17.25</ele>
      </trkpt>
      <trkpt lat="35.120163" lon="126.335054">
        <ele>16</ele>
      </trkpt>
      <trkpt lat="35.119518" lon="126.333586">
        <ele>19.25</ele>
      </trkpt>
      <trkpt lat="35.119261" lon="126.333016">
        <ele>16.75</ele>
      </trkpt>
      <trkpt lat="35.119162" lon="126.332613">
        <ele>15.25</ele>
      </trkpt>
      <trkpt lat="35.119048" lon="126.331372">
        <ele>16.5</ele>
      </trkpt>
      <trkpt lat="35.118952" lon="126.330818">
        <ele>16.5</ele>
      </trkpt>
      <trkpt lat="35.118784" lon="126.330546">
        <ele>15.5</ele>
      </trkpt>
      <trkpt lat="35.118537" lon="126.330395">
        <ele>13.75</ele>
      </trkpt>
      <trkpt lat="35.118229" lon="126.330369">
        <ele>12</ele>
      </trkpt>
      <trkpt lat="35.117916" lon="126.33042">
        <ele>11</ele>
      </trkpt>
      <trkpt lat="35.117103" lon="126.330147">
        <ele>8.75</ele>
      </trkpt>
      <trkpt lat="35.116437" lon="126.329862">
        <ele>8</ele>
      </trkpt>
      <trkpt lat="35.116183" lon="126.329717">
        <ele>8</ele>
      </trkpt>
      <trkpt lat="35.115927" lon="126.329508">
        <ele>8.5</ele>
      </trkpt>
      <trkpt lat="35.115771" lon="126.32916">
        <ele>10</ele>
      </trkpt>
      <trkpt lat="35.115031" lon="126.328563">
        <ele>11.25</ele>
      </trkpt>
      <trkpt lat="35.114493" lon="126.328297">
        <ele>15.75</ele>
      </trkpt>
      <trkpt lat="35.113647" lon="126.328097">
        <ele>20</ele>
      </trkpt>
      <trkpt lat="35.113294" lon="126.328071">
        <ele>20.5</ele>
      </trkpt>
      <trkpt lat="35.112765" lon="126.328149">
        <ele>19.25</ele>
      </trkpt>
      <trkpt lat="35.112419" lon="126.3283">
        <ele>17.5</ele>
      </trkpt>
      <trkpt lat="35.11222" lon="126.328665">
        <ele>15.75</ele>
      </trkpt>
      <trkpt lat="35.112085" lon="126.329018">
        <ele>14.5</ele>
      </trkpt>
      <trkpt lat="35.111613" lon="126.329491">
        <ele>13.75</ele>
      </trkpt>
      <trkpt lat="35.110819" lon="126.329615">
        <ele>9.75</ele>
      </trkpt>
      <trkpt lat="35.1104" lon="126.329691">
        <ele>8</ele>
      </trkpt>
      <trkpt lat="35.11011" lon="126.329673">
        <ele>6.75</ele>
      </trkpt>
      <trkpt lat="35.109823" lon="126.32956">
        <ele>6.75</ele>
      </trkpt>
      <trkpt lat="35.109468" lon="126.328995">
        <ele>9</ele>
      </trkpt>
      <trkpt lat="35.109245" lon="126.3285">
        <ele>12</ele>
      </trkpt>
      <trkpt lat="35.108753" lon="126.327955">
        <ele>11.75</ele>
      </trkpt>
      <trkpt lat="35.108268" lon="126.32731">
        <ele>10.5</ele>
      </trkpt>
      <trkpt lat="35.108046" lon="126.327102">
        <ele>11.25</ele>
      </trkpt>
      <trkpt lat="35.107718" lon="126.326657">
        <ele>13</ele>
      </trkpt>
      <trkpt lat="35.107485" lon="126.326305">
        <ele>14</ele>
      </trkpt>
      <trkpt lat="35.107259" lon="126.326036">
        <ele>14.25</ele>
      </trkpt>
      <trkpt lat="35.106824" lon="126.326385">
        <ele>11.5</ele>
      </trkpt>
      <trkpt lat="35.106539" lon="126.326553">
        <ele>9.75</ele>
      </trkpt>
      <trkpt lat="35.10608" lon="126.326785">
        <ele>7.5</ele>
      </trkpt>
      <trkpt lat="35.10587" lon="126.326993">
        <ele>6.25</ele>
      </trkpt>
      <trkpt lat="35.105684" lon="126.327278">
        <ele>5</ele>
      </trkpt>
      <trkpt lat="35.104645" lon="126.328307">
        <ele>3.25</ele>
      </trkpt>
      <trkpt lat="35.104288" lon="126.328627">
        <ele>4.75</ele>
      </trkpt>
      <trkpt lat="35.104088" lon="126.329028">
        <ele>7</ele>
      </trkpt>
      <trkpt lat="35.103918" lon="126.329612">
        <ele>11</ele>
      </trkpt>
      <trkpt lat="35.103643" lon="126.330009">
        <ele>17</ele>
      </trkpt>
      <trkpt lat="35.103574" lon="126.330369">
        <ele>16.25</ele>
      </trkpt>
      <trkpt lat="35.103384" lon="126.330922">
        <ele>16.25</ele>
      </trkpt>
      <trkpt lat="35.102935" lon="126.33119">
        <ele>19</ele>
      </trkpt>
      <trkpt lat="35.102643" lon="126.331198">
        <ele>21</ele>
      </trkpt>
      <trkpt lat="35.102169" lon="126.331382">
        <ele>19.5</ele>
      </trkpt>
      <trkpt lat="35.101871" lon="126.331296">
        <ele>19.5</ele>
      </trkpt>
      <trkpt lat="35.101487" lon="126.330947">
        <ele>20.5</ele>
      </trkpt>
      <trkpt lat="35.100968" lon="126.330889">
        <ele>18.5</ele>
      </trkpt>
      <trkpt lat="35.100495" lon="126.330787">
        <ele>17.25</ele>
      </trkpt>
      <trkpt lat="35.100107" lon="126.330654">
        <ele>17.25</ele>
      </trkpt>
      <trkpt lat="35.099579" lon="126.330748">
        <ele>15.25</ele>
      </trkpt>
      <trkpt lat="35.09932" lon="126.330803">
        <ele>14.25</ele>
      </trkpt>
      <trkpt lat="35.099051" lon="126.330752">
        <ele>14</ele>
      </trkpt>
      <trkpt lat="35.098804" lon="126.330634">
        <ele>13.75</ele>
      </trkpt>
      <trkpt lat="35.098503" lon="126.330591">
        <ele>13.25</ele>
      </trkpt>
      <trkpt lat="35.098254" lon="126.330458">
        <ele>12.75</ele>
      </trkpt>
      <trkpt lat="35.097965" lon="126.330165">
        <ele>13</ele>
      </trkpt>
      <trkpt lat="35.097323" lon="126.329997">
        <ele>12.75</ele>
      </trkpt>
      <trkpt lat="35.097056" lon="126.329912">
        <ele>11.5</ele>
      </trkpt>
      <trkpt lat="35.096702" lon="126.329701">
        <ele>10.5</ele>
      </trkpt>
      <trkpt lat="35.096166" lon="126.329476">
        <ele>10.25</ele>
      </trkpt>
      <trkpt lat="35.095796" lon="126.329126">
        <ele>10</ele>
      </trkpt>
      <trkpt lat="35.095585" lon="126.328725">
        <ele>10.75</ele>
      </trkpt>
      <trkpt lat="35.095174" lon="126.328382">
        <ele>11</ele>
      </trkpt>
      <trkpt lat="35.094837" lon="126.328108">
        <ele>10.5</ele>
      </trkpt>
      <trkpt lat="35.094514" lon="126.327786">
        <ele>10.25</ele>
      </trkpt>
      <trkpt lat="35.094138" lon="126.327298">
        <ele>10.5</ele>
      </trkpt>
      <trkpt lat="35.093904" lon="126.326957">
        <ele>11</ele>
      </trkpt>
      <trkpt lat="35.09359" lon="126.32737">
        <ele>10.75</ele>
      </trkpt>
      <trkpt lat="35.09302" lon="126.32808">
        <ele>11.25</ele>
      </trkpt>
      <trkpt lat="35.09267" lon="126.32855">
        <ele>11.5</ele>
      </trkpt>
      <trkpt lat="35.09235" lon="126.32902">
        <ele>12.25</ele>
      </trkpt>
      <trkpt lat="35.09197" lon="126.32945">
        <ele>12.5</ele>
      </trkpt>
      <trkpt lat="35.09153" lon="126.32987">
        <ele>12.5</ele>
      </trkpt>
      <trkpt lat="35.09067" lon="126.33067">
        <ele>12.25</ele>
      </trkpt>
      <trkpt lat="35.09028" lon="126.33106">
        <ele>11</ele>
      </trkpt>
      <trkpt lat="35.09005" lon="126.33134">
        <ele>10</ele>
      </trkpt>
      <trkpt lat="35.08965" lon="126.33179">
        <ele>8.5</ele>
      </trkpt>
      <trkpt lat="35.0893" lon="126.33222">
        <ele>8.25</ele>
      </trkpt>
      <trkpt lat="35.0888" lon="126.33293">
        <ele>8.5</ele>
      </trkpt>
      <trkpt lat="35.08839" lon="126.33341">
        <ele>9.5</ele>
      </trkpt>
      <trkpt lat="35.08797" lon="126.33382">
        <ele>11</ele>
      </trkpt>
      <trkpt lat="35.08747" lon="126.33408">
        <ele>11</ele>
      </trkpt>
      <trkpt lat="35.08718" lon="126.33419">
        <ele>11</ele>
      </trkpt>
      <trkpt lat="35.08572" lon="126.33569">
        <ele>19.75</ele>
      </trkpt>
      <trkpt lat="35.08478" lon="126.33666">
        <ele>22.75</ele>
      </trkpt>
      <trkpt lat="35.08438" lon="126.33694">
        <ele>17</ele>
      </trkpt>
      <trkpt lat="35.08366" lon="126.33734">
        <ele>11.75</ele>
      </trkpt>
      <trkpt lat="35.08252" lon="126.33786">
        <ele>7.75</ele>
      </trkpt>
      <trkpt lat="35.08176" lon="126.33822">
        <ele>9.5</ele>
      </trkpt>
      <trkpt lat="35.08015" lon="126.33879">
        <ele>9.75</ele>
      </trkpt>
      <trkpt lat="35.07923" lon="126.33909">
        <ele>9.75</ele>
      </trkpt>
      <trkpt lat="35.07855" lon="126.33946">
        <ele>12.5</ele>
      </trkpt>
      <trkpt lat="35.07795" lon="126.33987">
        <ele>13.75</ele>
      </trkpt>
      <trkpt lat="35.07696" lon="126.34046">
        <ele>12.5</ele>
      </trkpt>
      <trkpt lat="35.07614" lon="126.34096">
        <ele>13.5</ele>
      </trkpt>
      <trkpt lat="35.07582" lon="126.34121">
        <ele>13.5</ele>
      </trkpt>
      <trkpt lat="35.07549" lon="126.34151">
        <ele>13.5</ele>
      </trkpt>
      <trkpt lat="35.07517" lon="126.34184">
        <ele>13</ele>
      </trkpt>
      <trkpt lat="35.07489" lon="126.34215">
        <ele>13</ele>
      </trkpt>
      <trkpt lat="35.071681" lon="126.345553">
        <ele>9</ele>
      </trkpt>
      <trkpt lat="35.070465" lon="126.346672">
        <ele>7.5</ele>
      </trkpt>
      <trkpt lat="35.066357" lon="126.350559">
        <ele>14.75</ele>
      </trkpt>
      <trkpt lat="35.065907" lon="126.350964">
        <ele>16</ele>
      </trkpt>
      <trkpt lat="35.065484" lon="126.351551">
        <ele>16.5</ele>
      </trkpt>
      <trkpt lat="35.064864" lon="126.352316">
        <ele>13</ele>
      </trkpt>
      <trkpt lat="35.06445" lon="126.353088">
        <ele>9.5</ele>
      </trkpt>
      <trkpt lat="35.064754" lon="126.353243">
        <ele>9.5</ele>
      </trkpt>
      <trkpt lat="35.065194" lon="126.353583">
        <ele>10.25</ele>
      </trkpt>
      <trkpt lat="35.065553" lon="126.353805">
        <ele>11</ele>
      </trkpt>
      <trkpt lat="35.065182" lon="126.355345">
        <ele>11.25</ele>
      </trkpt>
      <trkpt lat="35.065063" lon="126.355715">
        <ele>12.5</ele>
      </trkpt>
      <trkpt lat="35.064822" lon="126.356145">
        <ele>14</ele>
      </trkpt>
      <trkpt lat="35.064623" lon="126.356405">
        <ele>14.75</ele>
      </trkpt>
      <trkpt lat="35.064192" lon="126.357005">
        <ele>16.25</ele>
      </trkpt>
      <trkpt lat="35.063883" lon="126.357455">
        <ele>17.25</ele>
      </trkpt>
      <trkpt lat="35.063723" lon="126.357725">
        <ele>18</ele>
      </trkpt>
      <trkpt lat="35.063433" lon="126.358235">
        <ele>19.5</ele>
      </trkpt>
      <trkpt lat="35.063093" lon="126.358695">
        <ele>20.75</ele>
      </trkpt>
      <trkpt lat="35.062773" lon="126.359015">
        <ele>22.75</ele>
      </trkpt>
      <trkpt lat="35.062423" lon="126.359325">
        <ele>24.25</ele>
      </trkpt>
      <trkpt lat="35.062063" lon="126.359615">
        <ele>23.25</ele>
      </trkpt>
      <trkpt lat="35.061723" lon="126.359905">
        <ele>23</ele>
      </trkpt>
      <trkpt lat="35.061383" lon="126.360225">
        <ele>21</ele>
      </trkpt>
      <trkpt lat="35.060943" lon="126.360585">
        <ele>20.25</ele>
      </trkpt>
      <trkpt lat="35.060103" lon="126.361155">
        <ele>18.75</ele>
      </trkpt>
      <trkpt lat="35.059713" lon="126.361355">
        <ele>16.25</ele>
      </trkpt>
      <trkpt lat="35.059452" lon="126.361505">
        <ele>14.25</ele>
      </trkpt>
      <trkpt lat="35.059073" lon="126.361715">
        <ele>11.75</ele>
      </trkpt>
      <trkpt lat="35.058753" lon="126.361905">
        <ele>11.25</ele>
      </trkpt>
      <trkpt lat="35.058423" lon="126.362085">
        <ele>10.5</ele>
      </trkpt>
      <trkpt lat="35.058223" lon="126.362295">
        <ele>10.5</ele>
      </trkpt>
      <trkpt lat="35.057813" lon="126.362755">
        <ele>11.25</ele>
      </trkpt>
      <trkpt lat="35.057583" lon="126.363005">
        <ele>11.5</ele>
      </trkpt>
      <trkpt lat="35.057343" lon="126.363225">
        <ele>12</ele>
      </trkpt>
      <trkpt lat="35.057032" lon="126.363635">
        <ele>12.5</ele>
      </trkpt>
      <trkpt lat="35.056852" lon="126.363985">
        <ele>13</ele>
      </trkpt>
      <trkpt lat="35.056693" lon="126.364295">
        <ele>13.25</ele>
      </trkpt>
      <trkpt lat="35.056433" lon="126.364795">
        <ele>12.5</ele>
      </trkpt>
      <trkpt lat="35.056243" lon="126.365175">
        <ele>11.5</ele>
      </trkpt>
      <trkpt lat="35.055636" lon="126.366065">
        <ele>8.5</ele>
      </trkpt>
      <trkpt lat="35.055489" lon="126.36651">
        <ele>7.25</ele>
      </trkpt>
      <trkpt lat="35.055456" lon="126.366967">
        <ele>7.5</ele>
      </trkpt>
      <trkpt lat="35.055459" lon="126.367625">
        <ele>9.25</ele>
      </trkpt>
      <trkpt lat="35.055499" lon="126.368452">
        <ele>12.25</ele>
      </trkpt>
      <trkpt lat="35.055573" lon="126.368914">
        <ele>13.75</ele>
      </trkpt>
      <trkpt lat="35.055702" lon="126.369837">
        <ele>16.5</ele>
      </trkpt>
      <trkpt lat="35.055686" lon="126.370296">
        <ele>18</ele>
      </trkpt>
      <trkpt lat="35.055573" lon="126.370859">
        <ele>20</ele>
      </trkpt>
      <trkpt lat="35.055372" lon="126.371666">
        <ele>22.25</ele>
      </trkpt>
      <trkpt lat="35.055186" lon="126.372031">
        <ele>22.25</ele>
      </trkpt>
      <trkpt lat="35.054756" lon="126.372455">
        <ele>23</ele>
      </trkpt>
      <trkpt lat="35.054483" lon="126.372685">
        <ele>23.75</ele>
      </trkpt>
      <trkpt lat="35.053912" lon="126.373187">
        <ele>23.25</ele>
      </trkpt>
      <trkpt lat="35.053493" lon="126.373565">
        <ele>24</ele>
      </trkpt>
      <trkpt lat="35.052863" lon="126.374125">
        <ele>24.5</ele>
      </trkpt>
      <trkpt lat="35.052443" lon="126.374475">
        <ele>26.25</ele>
      </trkpt>
      <trkpt lat="35.051882" lon="126.374961">
        <ele>27.75</ele>
      </trkpt>
      <trkpt lat="35.051587" lon="126.375275">
        <ele>25.5</ele>
      </trkpt>
      <trkpt lat="35.051447" lon="126.375548">
        <ele>24.75</ele>
      </trkpt>
      <trkpt lat="35.050923" lon="126.376573">
        <ele>19</ele>
      </trkpt>
      <trkpt lat="35.05086" lon="126.377119">
        <ele>16</ele>
      </trkpt>
      <trkpt lat="35.050908" lon="126.37762">
        <ele>14.5</ele>
      </trkpt>
      <trkpt lat="35.050888" lon="126.377958">
        <ele>13.25</ele>
      </trkpt>
      <trkpt lat="35.050777" lon="126.378295">
        <ele>11.75</ele>
      </trkpt>
      <trkpt lat="35.050526" lon="126.378696">
        <ele>10.25</ele>
      </trkpt>
      <trkpt lat="35.050261" lon="126.37929">
        <ele>9</ele>
      </trkpt>
      <trkpt lat="35.049999" lon="126.379946">
        <ele>7</ele>
      </trkpt>
      <trkpt lat="35.049805" lon="126.380441">
        <ele>6.5</ele>
      </trkpt>
      <trkpt lat="35.049431" lon="126.381124">
        <ele>5.25</ele>
      </trkpt>
      <trkpt lat="35.048948" lon="126.381688">
        <ele>5</ele>
      </trkpt>
      <trkpt lat="35.048285" lon="126.382206">
        <ele>4.25</ele>
      </trkpt>
      <trkpt lat="35.04764" lon="126.382657">
        <ele>7.25</ele>
      </trkpt>
      <trkpt lat="35.047216" lon="126.382966">
        <ele>8.25</ele>
      </trkpt>
      <trkpt lat="35.046867" lon="126.38322">
        <ele>9.25</ele>
      </trkpt>
      <trkpt lat="35.046588" lon="126.383478">
        <ele>10.5</ele>
      </trkpt>
      <trkpt lat="35.046263" lon="126.383805">
        <ele>11.5</ele>
      </trkpt>
      <trkpt lat="35.045872" lon="126.38426">
        <ele>13.5</ele>
      </trkpt>
      <trkpt lat="35.045599" lon="126.384661">
        <ele>14</ele>
      </trkpt>
      <trkpt lat="35.045344" lon="126.385066">
        <ele>14.75</ele>
      </trkpt>
      <trkpt lat="35.04476" lon="126.385945">
        <ele>15.25</ele>
      </trkpt>
      <trkpt lat="35.044523" lon="126.386242">
        <ele>14.5</ele>
      </trkpt>
      <trkpt lat="35.044133" lon="126.386645">
        <ele>14</ele>
      </trkpt>
      <trkpt lat="35.041888" lon="126.388633">
        <ele>13</ele>
      </trkpt>
      <trkpt lat="35.040689" lon="126.389648">
        <ele>16.25</ele>
      </trkpt>
      <trkpt lat="35.04032" lon="126.38998">
        <ele>16.25</ele>
      </trkpt>
      <trkpt lat="35.040064" lon="126.390195">
        <ele>16.75</ele>
      </trkpt>
      <trkpt lat="35.039808" lon="126.390389">
        <ele>17.25</ele>
      </trkpt>
      <trkpt lat="35.039393" lon="126.390636">
        <ele>17</ele>
      </trkpt>
      <trkpt lat="35.038366" lon="126.391238">
        <ele>17.25</ele>
      </trkpt>
      <trkpt lat="35.037826" lon="126.391528">
        <ele>20</ele>
      </trkpt>
      <trkpt lat="35.037533" lon="126.391725">
        <ele>20.75</ele>
      </trkpt>
      <trkpt lat="35.037291" lon="126.391887">
        <ele>20.75</ele>
      </trkpt>
      <trkpt lat="35.037012" lon="126.392032">
        <ele>20.5</ele>
      </trkpt>
      <trkpt lat="35.03649" lon="126.39233">
        <ele>19.25</ele>
      </trkpt>
      <trkpt lat="35.03614" lon="126.39254">
        <ele>18.75</ele>
      </trkpt>
      <trkpt lat="35.035607" lon="126.392828">
        <ele>17.75</ele>
      </trkpt>
      <trkpt lat="35.03504" lon="126.39316">
        <ele>17.75</ele>
      </trkpt>
      <trkpt lat="35.03465" lon="126.39337">
        <ele>17.5</ele>
      </trkpt>
      <trkpt lat="35.03426" lon="126.39359">
        <ele>18</ele>
      </trkpt>
      <trkpt lat="35.033718" lon="126.393908">
        <ele>19</ele>
      </trkpt>
      <trkpt lat="35.03347" lon="126.39404">
        <ele>19.25</ele>
      </trkpt>
      <trkpt lat="35.03314" lon="126.39423">
        <ele>19.25</ele>
      </trkpt>
      <trkpt lat="35.03257" lon="126.39456">
        <ele>18.5</ele>
      </trkpt>
      <trkpt lat="35.03198" lon="126.3949">
        <ele>19.75</ele>
      </trkpt>
      <trkpt lat="35.031655" lon="126.395052">
        <ele>20.75</ele>
      </trkpt>
      <trkpt lat="35.030831" lon="126.395343">
        <ele>20</ele>
      </trkpt>
      <trkpt lat="35.030362" lon="126.395478">
        <ele>19.25</ele>
      </trkpt>
      <trkpt lat="35.02932" lon="126.395798">
        <ele>19</ele>
      </trkpt>
      <trkpt lat="35.028933" lon="126.395922">
        <ele>19.25</ele>
      </trkpt>
      <trkpt lat="35.02864" lon="126.39604">
        <ele>19.25</ele>
      </trkpt>
      <trkpt lat="35.02809" lon="126.3963">
        <ele>18</ele>
      </trkpt>
      <trkpt lat="35.02784" lon="126.39641">
        <ele>17.25</ele>
      </trkpt>
      <trkpt lat="35.026867" lon="126.396869">
        <ele>14.75</ele>
      </trkpt>
      <trkpt lat="35.02631" lon="126.39725">
        <ele>15.75</ele>
      </trkpt>
      <trkpt lat="35.02566" lon="126.39779">
        <ele>17</ele>
      </trkpt>
      <trkpt lat="35.025301" lon="126.398019">
        <ele>16</ele>
      </trkpt>
      <trkpt lat="35.02497" lon="126.39817">
        <ele>15.25</ele>
      </trkpt>
      <trkpt lat="35.02424" lon="126.39856">
        <ele>19</ele>
      </trkpt>
      <trkpt lat="35.023904" lon="126.398806">
        <ele>19.25</ele>
      </trkpt>
      <trkpt lat="35.023526" lon="126.3992">
        <ele>20.25</ele>
      </trkpt>
      <trkpt lat="35.023352" lon="126.399453">
        <ele>20.5</ele>
      </trkpt>
      <trkpt lat="35.023136" lon="126.399842">
        <ele>20.75</ele>
      </trkpt>
      <trkpt lat="35.022995" lon="126.400177">
        <ele>20.25</ele>
      </trkpt>
      <trkpt lat="35.022869" lon="126.400627">
        <ele>19</ele>
      </trkpt>
      <trkpt lat="35.022803" lon="126.400951">
        <ele>18.25</ele>
      </trkpt>
      <trkpt lat="35.022204" lon="126.405169">
        <ele>20</ele>
      </trkpt>
      <trkpt lat="35.021846" lon="126.40781">
        <ele>20.25</ele>
      </trkpt>
      <trkpt lat="35.021728" lon="126.408528">
        <ele>20.5</ele>
      </trkpt>
      <trkpt lat="35.021495" lon="126.409261">
        <ele>21.25</ele>
      </trkpt>
      <trkpt lat="35.021383" lon="126.409565">
        <ele>21.75</ele>
      </trkpt>
      <trkpt lat="35.021196" lon="126.410259">
        <ele>22</ele>
      </trkpt>
      <trkpt lat="35.021265" lon="126.410585">
        <ele>21.75</ele>
      </trkpt>
      <trkpt lat="35.021078" lon="126.41173">
        <ele>19.75</ele>
      </trkpt>
      <trkpt lat="35.020989" lon="126.412139">
        <ele>19</ele>
      </trkpt>
      <trkpt lat="35.020785" lon="126.413085">
        <ele>20</ele>
      </trkpt>
      <trkpt lat="35.020496" lon="126.414345">
        <ele>20.25</ele>
      </trkpt>
      <trkpt lat="35.020247" lon="126.415311">
        <ele>19</ele>
      </trkpt>
      <trkpt lat="35.01987" lon="126.416765">
        <ele>22</ele>
      </trkpt>
      <trkpt lat="35.019768" lon="126.417211">
        <ele>20.75</ele>
      </trkpt>
      <trkpt lat="35.01954" lon="126.418256">
        <ele>19.25</ele>
      </trkpt>
      <trkpt lat="35.019492" lon="126.41879">
        <ele>19.5</ele>
      </trkpt>
      <trkpt lat="35.019548" lon="126.419454">
        <ele>20.5</ele>
      </trkpt>
      <trkpt lat="35.019682" lon="126.420061">
        <ele>21.75</ele>
      </trkpt>
      <trkpt lat="35.019944" lon="126.421172">
        <ele>24.25</ele>
      </trkpt>
      <trkpt lat="35.020287" lon="126.422503">
        <ele>24.5</ele>
      </trkpt>
      <trkpt lat="35.020486" lon="126.423327">
        <ele>25.25</ele>
      </trkpt>
      <trkpt lat="35.02062" lon="126.424031">
        <ele>25</ele>
      </trkpt>
      <trkpt lat="35.020666" lon="126.424662">
        <ele>22.75</ele>
      </trkpt>
      <trkpt lat="35.020784" lon="126.425515">
        <ele>18.75</ele>
      </trkpt>
      <trkpt lat="35.021103" lon="126.427991">
        <ele>9.5</ele>
      </trkpt>
      <trkpt lat="35.021151" lon="126.428545">
        <ele>7.25</ele>
      </trkpt>
      <trkpt lat="35.021144" lon="126.429191">
        <ele>7.25</ele>
      </trkpt>
      <trkpt lat="35.021043" lon="126.429816">
        <ele>8</ele>
      </trkpt>
      <trkpt lat="35.020802" lon="126.430852">
        <ele>12</ele>
      </trkpt>
      <trkpt lat="35.020717" lon="126.431522">
        <ele>13</ele>
      </trkpt>
      <trkpt lat="35.020626" lon="126.434429">
        <ele>12.75</ele>
      </trkpt>
      <trkpt lat="35.020627" lon="126.43509">
        <ele>12</ele>
      </trkpt>
      <trkpt lat="35.020651" lon="126.435423">
        <ele>12.25</ele>
      </trkpt>
      <trkpt lat="35.020761" lon="126.435884">
        <ele>12.5</ele>
      </trkpt>
      <trkpt lat="35.020922" lon="126.436334">
        <ele>12</ele>
      </trkpt>
      <trkpt lat="35.020224" lon="126.436374">
        <ele>18</ele>
      </trkpt>
      <trkpt lat="35.019906" lon="126.436429">
        <ele>20.75</ele>
      </trkpt>
      <trkpt lat="35.019588" lon="126.436577">
        <ele>22</ele>
      </trkpt>
      <trkpt lat="35.019245" lon="126.436854">
        <ele>22.25</ele>
      </trkpt>
      <trkpt lat="35.018851" lon="126.437113">
        <ele>22.75</ele>
      </trkpt>
      <trkpt lat="35.018442" lon="126.437175">
        <ele>23.5</ele>
      </trkpt>
      <trkpt lat="35.018054" lon="126.437212">
        <ele>24.5</ele>
      </trkpt>
      <trkpt lat="35.01763" lon="126.437538">
        <ele>25.25</ele>
      </trkpt>
      <trkpt lat="35.017216" lon="126.437735">
        <ele>25</ele>
      </trkpt>
      <trkpt lat="35.016979" lon="126.437951">
        <ele>24.75</ele>
      </trkpt>
      <trkpt lat="35.016338" lon="126.438678">
        <ele>25.75</ele>
      </trkpt>
      <trkpt lat="35.016086" lon="126.439011">
        <ele>26.5</ele>
      </trkpt>
      <trkpt lat="35.015359" lon="126.439325">
        <ele>27.5</ele>
      </trkpt>
      <trkpt lat="35.015147" lon="126.439553">
        <ele>27.75</ele>
      </trkpt>
      <trkpt lat="35.014832" lon="126.439904">
        <ele>28.25</ele>
      </trkpt>
      <trkpt lat="35.014457" lon="126.440042">
        <ele>29</ele>
      </trkpt>
      <trkpt lat="35.013729" lon="126.439886">
        <ele>28.5</ele>
      </trkpt>
      <trkpt lat="35.013181" lon="126.439637">
        <ele>25.75</ele>
      </trkpt>
      <trkpt lat="35.01223" lon="126.439506">
        <ele>21.75</ele>
      </trkpt>
      <trkpt lat="35.011887" lon="126.439613">
        <ele>21.5</ele>
      </trkpt>
      <trkpt lat="35.011665" lon="126.439859">
        <ele>21.75</ele>
      </trkpt>
      <trkpt lat="35.01145" lon="126.440442">
        <ele>20.25</ele>
      </trkpt>
      <trkpt lat="35.011247" lon="126.440951">
        <ele>18</ele>
      </trkpt>
      <trkpt lat="35.010935" lon="126.441664">
        <ele>16</ele>
      </trkpt>
      <trkpt lat="35.010751" lon="126.442103">
        <ele>16.75</ele>
      </trkpt>
      <trkpt lat="35.010381" lon="126.442709">
        <ele>19</ele>
      </trkpt>
      <trkpt lat="35.009833" lon="126.443558">
        <ele>22.75</ele>
      </trkpt>
      <trkpt lat="35.009407" lon="126.444143">
        <ele>23.75</ele>
      </trkpt>
      <trkpt lat="35.008958" lon="126.444788">
        <ele>24.5</ele>
      </trkpt>
      <trkpt lat="35.008541" lon="126.445281">
        <ele>26.5</ele>
      </trkpt>
      <trkpt lat="35.008098" lon="126.445638">
        <ele>28.75</ele>
      </trkpt>
      <trkpt lat="35.007773" lon="126.445978">
        <ele>29.25</ele>
      </trkpt>
      <trkpt lat="35.0075" lon="126.446349">
        <ele>29</ele>
      </trkpt>
      <trkpt lat="35.007106" lon="126.447175">
        <ele>30.75</ele>
      </trkpt>
      <trkpt lat="35.00621" lon="126.449423">
        <ele>37</ele>
      </trkpt>
      <trkpt lat="35.005997" lon="126.450007">
        <ele>36</ele>
      </trkpt>
      <trkpt lat="35.00585" lon="126.450334">
        <ele>37</ele>
      </trkpt>
      <trkpt lat="35.005419" lon="126.450793">
        <ele>38.5</ele>
      </trkpt>
      <trkpt lat="35.004867" lon="126.451048">
        <ele>38.5</ele>
      </trkpt>
      <trkpt lat="35.0044" lon="126.451147">
        <ele>39.25</ele>
      </trkpt>
      <trkpt lat="35.003799" lon="126.451166">
        <ele>39.5</ele>
      </trkpt>
      <trkpt lat="35.003351" lon="126.451216">
        <ele>39.25</ele>
      </trkpt>
      <trkpt lat="35.002928" lon="126.45143">
        <ele>42.5</ele>
      </trkpt>
      <trkpt lat="35.002659" lon="126.451674">
        <ele>44</ele>
      </trkpt>
      <trkpt lat="35.002437" lon="126.451969">
        <ele>43.5</ele>
      </trkpt>
      <trkpt lat="35.002136" lon="126.452474">
        <ele>40.25</ele>
      </trkpt>
      <trkpt lat="35.001816" lon="126.453169">
        <ele>39</ele>
      </trkpt>
      <trkpt lat="35.001547" lon="126.453903">
        <ele>37</ele>
      </trkpt>
      <trkpt lat="35.001474" lon="126.454395">
        <ele>34.75</ele>
      </trkpt>
      <trkpt lat="35.001422" lon="126.454936">
        <ele>31.25</ele>
      </trkpt>
      <trkpt lat="35.001325" lon="126.456171">
        <ele>28.25</ele>
      </trkpt>
      <trkpt lat="35.001306" lon="126.456859">
        <ele>26.75</ele>
      </trkpt>
      <trkpt lat="35.001298" lon="126.457485">
        <ele>25</ele>
      </trkpt>
      <trkpt lat="35.001216" lon="126.458031">
        <ele>22.75</ele>
      </trkpt>
      <trkpt lat="35.001002" lon="126.45859">
        <ele>21.25</ele>
      </trkpt>
      <trkpt lat="35.000227" lon="126.460478">
        <ele>17.5</ele>
      </trkpt>
      <trkpt lat="34.999992" lon="126.460886">
        <ele>18</ele>
      </trkpt>
      <trkpt lat="34.999729" lon="126.461184">
        <ele>18.25</ele>
      </trkpt>
      <trkpt lat="34.999485" lon="126.461365">
        <ele>18.75</ele>
      </trkpt>
      <trkpt lat="34.999328" lon="126.46168">
        <ele>19.5</ele>
      </trkpt>
      <trkpt lat="34.999447" lon="126.462109">
        <ele>21.75</ele>
      </trkpt>
      <trkpt lat="34.999447" lon="126.462533">
        <ele>24</ele>
      </trkpt>
      <trkpt lat="34.999816" lon="126.463418">
        <ele>22.5</ele>
      </trkpt>
      <trkpt lat="34.999856" lon="126.463853">
        <ele>21.5</ele>
      </trkpt>
      <trkpt lat="34.99993" lon="126.464287">
        <ele>20.75</ele>
      </trkpt>
      <trkpt lat="34.999983" lon="126.464754">
        <ele>22.75</ele>
      </trkpt>
      <trkpt lat="35.00019" lon="126.465349">
        <ele>24</ele>
      </trkpt>
      <trkpt lat="35.00026" lon="126.465698">
        <ele>25</ele>
      </trkpt>
      <trkpt lat="35.000572" lon="126.465886">
        <ele>20</ele>
      </trkpt>
      <trkpt lat="35.00052" lon="126.466583">
        <ele>18.75</ele>
      </trkpt>
      <trkpt lat="35.000581" lon="126.466999">
        <ele>17.75</ele>
      </trkpt>
      <trkpt lat="35.000738" lon="126.467438">
        <ele>16</ele>
      </trkpt>
      <trkpt lat="35.000809" lon="126.468055">
        <ele>13.25</ele>
      </trkpt>
      <trkpt lat="35.000843" lon="126.468592">
        <ele>12.75</ele>
      </trkpt>
      <trkpt lat="35.000863" lon="126.469276">
        <ele>14.5</ele>
      </trkpt>
      <trkpt lat="35.000847" lon="126.469755">
        <ele>13.5</ele>
      </trkpt>
      <trkpt lat="35.000759" lon="126.470479">
        <ele>13.75</ele>
      </trkpt>
      <trkpt lat="35.000656" lon="126.470801">
        <ele>13.5</ele>
      </trkpt>
      <trkpt lat="34.999799" lon="126.472847">
        <ele>8.75</ele>
      </trkpt>
      <trkpt lat="34.99965" lon="126.473272">
        <ele>9</ele>
      </trkpt>
      <trkpt lat="34.999394" lon="126.475191">
        <ele>8</ele>
      </trkpt>
      <trkpt lat="34.999285" lon="126.476322">
        <ele>8.75</ele>
      </trkpt>
      <trkpt lat="34.999282" lon="126.476905">
        <ele>9</ele>
      </trkpt>
      <trkpt lat="34.999367" lon="126.477302">
        <ele>9.25</ele>
      </trkpt>
      <trkpt lat="34.99933" lon="126.47772">
        <ele>8.75</ele>
      </trkpt>
      <trkpt lat="34.996801" lon="126.477365">
        <ele>8.75</ele>
      </trkpt>
      <trkpt lat="34.995539" lon="126.477064">
        <ele>9.75</ele>
      </trkpt>
      <trkpt lat="34.994839" lon="126.476897">
        <ele>10.75</ele>
      </trkpt>
      <trkpt lat="34.99349" lon="126.476584">
        <ele>12.5</ele>
      </trkpt>
      <trkpt lat="34.992702946828" lon="126.481314897537">
        <ele>19</ele>
      </trkpt>
      <trkpt lat="34.9925579227272" lon="126.481449007988">
        <ele>19</ele>
      </trkpt>
      <trkpt lat="34.9923250046943" lon="126.48144364357">
        <ele>21</ele>
      </trkpt>
      <trkpt lat="34.991797640661" lon="126.481111049652">
        <ele>21</ele>
      </trkpt>
      <trkpt lat="34.9913625627757" lon="126.480896472931">
        <ele>25</ele>
      </trkpt>
      <trkpt lat="34.9905011896358" lon="126.480413675308">
        <ele>24</ele>
      </trkpt>
      <trkpt lat="34.9907077442252" lon="126.480561196804">
        <ele>24</ele>
      </trkpt>
      <trkpt lat="34.9907033494521" lon="126.48068189621">
        <ele>24</ele>
      </trkpt>
      <trkpt lat="34.991375" lon="126.480972">
        <ele>22.5</ele>
      </trkpt>
      <trkpt lat="34.991752" lon="126.481161">
        <ele>20.75</ele>
      </trkpt>
      <trkpt lat="34.992148" lon="126.481442">
        <ele>19.75</ele>
      </trkpt>
      <trkpt lat="34.992655" lon="126.481825">
        <ele>18.75</ele>
      </trkpt>
      <trkpt lat="34.992977" lon="126.482102">
        <ele>18.5</ele>
      </trkpt>
      <trkpt lat="34.993853" lon="126.482851">
        <ele>17.25</ele>
      </trkpt>
      <trkpt lat="34.99489" lon="126.483737">
        <ele>14.75</ele>
      </trkpt>
      <trkpt lat="34.995425" lon="126.484199">
        <ele>14.5</ele>
      </trkpt>
      <trkpt lat="34.995917" lon="126.484624">
        <ele>14.25</ele>
      </trkpt>
      <trkpt lat="34.994749" lon="126.486773">
        <ele>20.25</ele>
      </trkpt>
      <trkpt lat="34.99456" lon="126.487059">
        <ele>21.5</ele>
      </trkpt>
      <trkpt lat="34.99431" lon="126.487276">
        <ele>22.5</ele>
      </trkpt>
      <trkpt lat="34.994065" lon="126.487455">
        <ele>23</ele>
      </trkpt>
      <trkpt lat="34.992583" lon="126.488244">
        <ele>32.25</ele>
      </trkpt>
      <trkpt lat="34.991566" lon="126.488792">
        <ele>40</ele>
      </trkpt>
      <trkpt lat="34.991114" lon="126.489017">
        <ele>43</ele>
      </trkpt>
      <trkpt lat="34.990703" lon="126.489338">
        <ele>48.25</ele>
      </trkpt>
      <trkpt lat="34.990184" lon="126.490052">
        <ele>56</ele>
      </trkpt>
      <trkpt lat="34.989968" lon="126.490384">
        <ele>61.5</ele>
      </trkpt>
      <trkpt lat="34.989733" lon="126.490654">
        <ele>65</ele>
      </trkpt>
      <trkpt lat="34.989499" lon="126.490834">
        <ele>66</ele>
      </trkpt>
      <trkpt lat="34.9887" lon="126.4912">
        <ele>66.75</ele>
      </trkpt>
      <trkpt lat="34.98818" lon="126.4912">
        <ele>68.25</ele>
      </trkpt>
      <trkpt lat="34.9871" lon="126.49109">
        <ele>67.75</ele>
      </trkpt>
      <trkpt lat="34.9868" lon="126.49115">
        <ele>63.25</ele>
      </trkpt>
      <trkpt lat="34.98653" lon="126.4913">
        <ele>60</ele>
      </trkpt>
      <trkpt lat="34.98614" lon="126.49159">
        <ele>60</ele>
      </trkpt>
      <trkpt lat="34.98479" lon="126.49305">
        <ele>58.25</ele>
      </trkpt>
      <trkpt lat="34.98429" lon="126.49384">
        <ele>60.25</ele>
      </trkpt>
      <trkpt lat="34.98412" lon="126.49417">
        <ele>59.5</ele>
      </trkpt>
      <trkpt lat="34.98382" lon="126.49454">
        <ele>66.75</ele>
      </trkpt>
      <trkpt lat="34.98318" lon="126.49522">
        <ele>71.75</ele>
      </trkpt>
      <trkpt lat="34.98256" lon="126.4958">
        <ele>73</ele>
      </trkpt>
      <trkpt lat="34.98233" lon="126.49599">
        <ele>75</ele>
      </trkpt>
      <trkpt lat="34.98179" lon="126.49637">
        <ele>79.25</ele>
      </trkpt>
      <trkpt lat="34.98149" lon="126.49661">
        <ele>74.5</ele>
      </trkpt>
      <trkpt lat="34.98118" lon="126.49693">
        <ele>65</ele>
      </trkpt>
      <trkpt lat="34.98079" lon="126.49748">
        <ele>55</ele>
      </trkpt>
      <trkpt lat="34.98052" lon="126.49796">
        <ele>48.5</ele>
      </trkpt>
      <trkpt lat="34.98029" lon="126.49831">
        <ele>43.75</ele>
      </trkpt>
      <trkpt lat="34.97988" lon="126.49857">
        <ele>40.5</ele>
      </trkpt>
      <trkpt lat="34.97942" lon="126.49887">
        <ele>36.25</ele>
      </trkpt>
      <trkpt lat="34.97899" lon="126.49912">
        <ele>30.75</ele>
      </trkpt>
      <trkpt lat="34.97857" lon="126.49941">
        <ele>28.75</ele>
      </trkpt>
      <trkpt lat="34.97825" lon="126.49987">
        <ele>28.25</ele>
      </trkpt>
      <trkpt lat="34.97786" lon="126.50047">
        <ele>28</ele>
      </trkpt>
      <trkpt lat="34.97757" lon="126.5009">
        <ele>28.5</ele>
      </trkpt>
      <trkpt lat="34.97702" lon="126.5018">
        <ele>28.25</ele>
      </trkpt>
      <trkpt lat="34.97675" lon="126.50219">
        <ele>27.5</ele>
      </trkpt>
      <trkpt lat="34.97655" lon="126.50243">
        <ele>27</ele>
      </trkpt>
      <trkpt lat="34.97606" lon="126.50293">
        <ele>28.5</ele>
      </trkpt>
      <trkpt lat="34.9755" lon="126.50346">
        <ele>27.5</ele>
      </trkpt>
      <trkpt lat="34.97522" lon="126.50374">
        <ele>26.5</ele>
      </trkpt>
      <trkpt lat="34.97499" lon="126.50398">
        <ele>24.5</ele>
      </trkpt>
      <trkpt lat="34.97471" lon="126.50427">
        <ele>24.25</ele>
      </trkpt>
      <trkpt lat="34.97434" lon="126.50464">
        <ele>24</ele>
      </trkpt>
      <trkpt lat="34.97407" lon="126.50505">
        <ele>23.75</ele>
      </trkpt>
      <trkpt lat="34.97351" lon="126.50616">
        <ele>26.25</ele>
      </trkpt>
      <trkpt lat="34.97325" lon="126.50651">
        <ele>24.25</ele>
      </trkpt>
      <trkpt lat="34.97303" lon="126.5067">
        <ele>23.25</ele>
      </trkpt>
      <trkpt lat="34.97238" lon="126.50718">
        <ele>21.25</ele>
      </trkpt>
      <trkpt lat="34.97211" lon="126.50735">
        <ele>21.5</ele>
      </trkpt>
      <trkpt lat="34.97091" lon="126.50823">
        <ele>25.75</ele>
      </trkpt>
      <trkpt lat="34.97056" lon="126.50848">
        <ele>27</ele>
      </trkpt>
      <trkpt lat="34.97018" lon="126.50885">
        <ele>27.25</ele>
      </trkpt>
      <trkpt lat="34.96983" lon="126.50923">
        <ele>26.25</ele>
      </trkpt>
      <trkpt lat="34.96891" lon="126.51014">
        <ele>26.75</ele>
      </trkpt>
      <trkpt lat="34.96849" lon="126.51058">
        <ele>27.25</ele>
      </trkpt>
      <trkpt lat="34.96811" lon="126.51095">
        <ele>28</ele>
      </trkpt>
      <trkpt lat="34.9676" lon="126.51147">
        <ele>29.25</ele>
      </trkpt>
      <trkpt lat="34.96726" lon="126.51183">
        <ele>28.5</ele>
      </trkpt>
      <trkpt lat="34.96682" lon="126.51225">
        <ele>26</ele>
      </trkpt>
      <trkpt lat="34.96634" lon="126.51272">
        <ele>23</ele>
      </trkpt>
      <trkpt lat="34.96576" lon="126.51327">
        <ele>17.25</ele>
      </trkpt>
      <trkpt lat="34.965334" lon="126.514133">
        <ele>17.5</ele>
      </trkpt>
      <trkpt lat="34.965085" lon="126.514528">
        <ele>15</ele>
      </trkpt>
      <trkpt lat="34.964841" lon="126.515004">
        <ele>13.75</ele>
      </trkpt>
      <trkpt lat="34.964807" lon="126.515868">
        <ele>12.5</ele>
      </trkpt>
      <trkpt lat="34.964838" lon="126.516206">
        <ele>12.25</ele>
      </trkpt>
      <trkpt lat="34.964906" lon="126.516551">
        <ele>12.25</ele>
      </trkpt>
      <trkpt lat="34.965068" lon="126.517188">
        <ele>13.5</ele>
      </trkpt>
      <trkpt lat="34.96558" lon="126.518644">
        <ele>15</ele>
      </trkpt>
      <trkpt lat="34.965773" lon="126.519267">
        <ele>14.5</ele>
      </trkpt>
      <trkpt lat="34.965851" lon="126.51959">
        <ele>13.75</ele>
      </trkpt>
      <trkpt lat="34.965546" lon="126.519225">
        <ele>13.75</ele>
      </trkpt>
      <trkpt lat="34.965261" lon="126.519262">
        <ele>12.75</ele>
      </trkpt>
      <trkpt lat="34.964725" lon="126.519715">
        <ele>10.75</ele>
      </trkpt>
      <trkpt lat="34.964445" lon="126.519951">
        <ele>9.75</ele>
      </trkpt>
      <trkpt lat="34.964088" lon="126.520252">
        <ele>9</ele>
      </trkpt>
      <trkpt lat="34.963845" lon="126.520436">
        <ele>9</ele>
      </trkpt>
      <trkpt lat="34.963121" lon="126.52098">
        <ele>8</ele>
      </trkpt>
      <trkpt lat="34.962627" lon="126.52142">
        <ele>7.5</ele>
      </trkpt>
      <trkpt lat="34.962055" lon="126.522096">
        <ele>7.5</ele>
      </trkpt>
      <trkpt lat="34.961561" lon="126.522866">
        <ele>5.25</ele>
      </trkpt>
      <trkpt lat="34.961406" lon="126.523154">
        <ele>3.75</ele>
      </trkpt>
      <trkpt lat="34.960812" lon="126.522998">
        <ele>4.75</ele>
      </trkpt>
      <trkpt lat="34.960516" lon="126.522862">
        <ele>5.25</ele>
      </trkpt>
      <trkpt lat="34.960059" lon="126.522877">
        <ele>4.5</ele>
      </trkpt>
      <trkpt lat="34.958992" lon="126.523098">
        <ele>5.5</ele>
      </trkpt>
      <trkpt lat="34.959084" lon="126.525693">
        <ele>2.75</ele>
      </trkpt>
      <trkpt lat="34.958294" lon="126.527229">
        <ele>3.75</ele>
      </trkpt>
      <trkpt lat="34.957827" lon="126.527885">
        <ele>2.5</ele>
      </trkpt>
      <trkpt lat="34.9589273696213" lon="126.528897285461">
        <ele>3</ele>
      </trkpt>
      <trkpt lat="34.9600440675654" lon="126.529980897903">
        <ele>3</ele>
      </trkpt>
      <trkpt lat="34.960933" lon="126.530642">
        <ele>3.5</ele>
      </trkpt>
      <trkpt lat="34.961391" lon="126.531019">
        <ele>3.5</ele>
      </trkpt>
      <trkpt lat="34.96277" lon="126.532152">
        <ele>4.5</ele>
      </trkpt>
      <trkpt lat="34.963149" lon="126.532412">
        <ele>8</ele>
      </trkpt>
      <trkpt lat="34.964465" lon="126.533533">
        <ele>12</ele>
      </trkpt>
      <trkpt lat="34.965023" lon="126.53383">
        <ele>11.25</ele>
      </trkpt>
      <trkpt lat="34.965467" lon="126.533933">
        <ele>7.25</ele>
      </trkpt>
      <trkpt lat="34.965754" lon="126.533968">
        <ele>5</ele>
      </trkpt>
      <trkpt lat="34.966514" lon="126.533795">
        <ele>3</ele>
      </trkpt>
      <trkpt lat="34.967034" lon="126.533659">
        <ele>2.5</ele>
      </trkpt>
      <trkpt lat="34.967492" lon="126.533588">
        <ele>2.25</ele>
      </trkpt>
      <trkpt lat="34.968286" lon="126.533618">
        <ele>2.5</ele>
      </trkpt>
      <trkpt lat="34.968858" lon="126.533941">
        <ele>3.75</ele>
      </trkpt>
      <trkpt lat="34.969443" lon="126.534626">
        <ele>3.75</ele>
      </trkpt>
      <trkpt lat="34.970006" lon="126.535227">
        <ele>3</ele>
      </trkpt>
      <trkpt lat="34.970368" lon="126.535539">
        <ele>3.25</ele>
      </trkpt>
      <trkpt lat="34.970933" lon="126.535772">
        <ele>3.75</ele>
      </trkpt>
      <trkpt lat="34.971759" lon="126.535905">
        <ele>4</ele>
      </trkpt>
      <trkpt lat="34.972036" lon="126.535938">
        <ele>6.5</ele>
      </trkpt>
      <trkpt lat="34.97263" lon="126.536276">
        <ele>12</ele>
      </trkpt>
      <trkpt lat="34.973311" lon="126.537025">
        <ele>12</ele>
      </trkpt>
      <trkpt lat="34.973668" lon="126.537428">
        <ele>7.25</ele>
      </trkpt>
      <trkpt lat="34.974354" lon="126.537899">
        <ele>4</ele>
      </trkpt>
      <trkpt lat="34.97469" lon="126.538002">
        <ele>3.75</ele>
      </trkpt>
      <trkpt lat="34.975049" lon="126.538015">
        <ele>4.75</ele>
      </trkpt>
      <trkpt lat="34.976021" lon="126.538248">
        <ele>14.5</ele>
      </trkpt>
      <trkpt lat="34.976369" lon="126.5384">
        <ele>15</ele>
      </trkpt>
      <trkpt lat="34.976606" lon="126.538609">
        <ele>13.5</ele>
      </trkpt>
      <trkpt lat="34.979548" lon="126.540345">
        <ele>2</ele>
      </trkpt>
      <trkpt lat="34.981733" lon="126.542065">
        <ele>3.5</ele>
      </trkpt>
      <trkpt lat="34.982198" lon="126.542413">
        <ele>3.5</ele>
      </trkpt>
      <trkpt lat="34.983058" lon="126.543313">
        <ele>3.5</ele>
      </trkpt>
      <trkpt lat="34.98375" lon="126.544268">
        <ele>3.5</ele>
      </trkpt>
      <trkpt lat="34.983981" lon="126.544606">
        <ele>5.75</ele>
      </trkpt>
      <trkpt lat="34.983928" lon="126.54503">
        <ele>6</ele>
      </trkpt>
      <trkpt lat="34.983529" lon="126.545552">
        <ele>6</ele>
      </trkpt>
      <trkpt lat="34.982101" lon="126.547328">
        <ele>6</ele>
      </trkpt>
      <trkpt lat="34.980756" lon="126.548962">
        <ele>5.5</ele>
      </trkpt>
      <trkpt lat="34.98036" lon="126.54945">
        <ele>4</ele>
      </trkpt>
      <trkpt lat="34.979669" lon="126.550476">
        <ele>4</ele>
      </trkpt>
      <trkpt lat="34.979143" lon="126.551255">
        <ele>6.25</ele>
      </trkpt>
      <trkpt lat="34.978741" lon="126.551693">
        <ele>6.5</ele>
      </trkpt>
      <trkpt lat="34.97735" lon="126.5531">
        <ele>8</ele>
      </trkpt>
      <trkpt lat="34.977" lon="126.55367">
        <ele>8</ele>
      </trkpt>
      <trkpt lat="34.97617" lon="126.55523">
        <ele>9.5</ele>
      </trkpt>
      <trkpt lat="34.97595" lon="126.55553">
        <ele>9.5</ele>
      </trkpt>
      <trkpt lat="34.97482" lon="126.55641">
        <ele>7</ele>
      </trkpt>
      <trkpt lat="34.97429" lon="126.55663">
        <ele>7.75</ele>
      </trkpt>
      <trkpt lat="34.97373" lon="126.55669">
        <ele>10</ele>
      </trkpt>
      <trkpt lat="34.97294" lon="126.55664">
        <ele>11.75</ele>
      </trkpt>
      <trkpt lat="34.97242" lon="126.55643">
        <ele>11.5</ele>
      </trkpt>
      <trkpt lat="34.970974" lon="126.555373">
        <ele>13.5</ele>
      </trkpt>
      <trkpt lat="34.96945" lon="126.55476">
        <ele>13.25</ele>
      </trkpt>
      <trkpt lat="34.969091" lon="126.554754">
        <ele>13</ele>
      </trkpt>
      <trkpt lat="34.96859" lon="126.5549">
        <ele>9.5</ele>
      </trkpt>
      <trkpt lat="34.96773" lon="126.55549">
        <ele>10.25</ele>
      </trkpt>
      <trkpt lat="34.9668" lon="126.5554">
        <ele>12</ele>
      </trkpt>
      <trkpt lat="34.96634" lon="126.55544">
        <ele>13.75</ele>
      </trkpt>
      <trkpt lat="34.96388" lon="126.55634">
        <ele>14.5</ele>
      </trkpt>
      <trkpt lat="34.96344" lon="126.55666">
        <ele>13</ele>
      </trkpt>
      <trkpt lat="34.96307" lon="126.55708">
        <ele>17.25</ele>
      </trkpt>
      <trkpt lat="34.96237" lon="126.55808">
        <ele>13.5</ele>
      </trkpt>
      <trkpt lat="34.9617" lon="126.55891">
        <ele>10.25</ele>
      </trkpt>
      <trkpt lat="34.96116" lon="126.55932">
        <ele>11.5</ele>
      </trkpt>
      <trkpt lat="34.960688" lon="126.559444">
        <ele>12.5</ele>
      </trkpt>
      <trkpt lat="34.960705" lon="126.560488">
        <ele>21.5</ele>
      </trkpt>
      <trkpt lat="34.960619" lon="126.560931">
        <ele>25.75</ele>
      </trkpt>
      <trkpt lat="34.960443" lon="126.561276">
        <ele>27.75</ele>
      </trkpt>
      <trkpt lat="34.960277" lon="126.561641">
        <ele>30.75</ele>
      </trkpt>
      <trkpt lat="34.960192" lon="126.562162">
        <ele>29.25</ele>
      </trkpt>
      <trkpt lat="34.96024" lon="126.5631">
        <ele>23.75</ele>
      </trkpt>
      <trkpt lat="34.960197" lon="126.56353">
        <ele>23</ele>
      </trkpt>
      <trkpt lat="34.959979" lon="126.563953">
        <ele>24</ele>
      </trkpt>
      <trkpt lat="34.959242" lon="126.56452">
        <ele>22.25</ele>
      </trkpt>
      <trkpt lat="34.958511" lon="126.565295">
        <ele>21.75</ele>
      </trkpt>
      <trkpt lat="34.956792" lon="126.567458">
        <ele>16.5</ele>
      </trkpt>
      <trkpt lat="34.956584" lon="126.568395">
        <ele>15.75</ele>
      </trkpt>
      <trkpt lat="34.956375" lon="126.568838">
        <ele>15</ele>
      </trkpt>
      <trkpt lat="34.955404" lon="126.569626">
        <ele>15.25</ele>
      </trkpt>
      <trkpt lat="34.954843" lon="126.570408">
        <ele>19.25</ele>
      </trkpt>
      <trkpt lat="34.954683" lon="126.570845">
        <ele>21</ele>
      </trkpt>
      <trkpt lat="34.954528" lon="126.57162">
        <ele>23</ele>
      </trkpt>
      <trkpt lat="34.954048" lon="126.57315">
        <ele>18</ele>
      </trkpt>
      <trkpt lat="34.953797" lon="126.573515">
        <ele>16.25</ele>
      </trkpt>
      <trkpt lat="34.953453" lon="126.573772">
        <ele>15</ele>
      </trkpt>
      <trkpt lat="34.952857" lon="126.573997">
        <ele>13.75</ele>
      </trkpt>
      <trkpt lat="34.952526" lon="126.574277">
        <ele>12.5</ele>
      </trkpt>
      <trkpt lat="34.951709" lon="126.575085">
        <ele>9.75</ele>
      </trkpt>
      <trkpt lat="34.950957" lon="126.575358">
        <ele>10.5</ele>
      </trkpt>
      <trkpt lat="34.950658" lon="126.57558">
        <ele>9.25</ele>
      </trkpt>
      <trkpt lat="34.950199" lon="126.576361">
        <ele>9.75</ele>
      </trkpt>
      <trkpt lat="34.94999" lon="126.576922">
        <ele>11.5</ele>
      </trkpt>
      <trkpt lat="34.949932" lon="126.57754">
        <ele>12.5</ele>
      </trkpt>
      <trkpt lat="34.94975" lon="126.57827">
        <ele>12.75</ele>
      </trkpt>
      <trkpt lat="34.949483" lon="126.579234">
        <ele>11.75</ele>
      </trkpt>
      <trkpt lat="34.949483" lon="126.580015">
        <ele>9.5</ele>
      </trkpt>
      <trkpt lat="34.949558" lon="126.580426">
        <ele>8.25</ele>
      </trkpt>
      <trkpt lat="34.949441" lon="126.580804">
        <ele>7</ele>
      </trkpt>
      <trkpt lat="34.949045" lon="126.581989">
        <ele>6.25</ele>
      </trkpt>
      <trkpt lat="34.948848" lon="126.582816">
        <ele>10</ele>
      </trkpt>
      <trkpt lat="34.948875" lon="126.583409">
        <ele>14.75</ele>
      </trkpt>
      <trkpt lat="34.948784" lon="126.583787">
        <ele>16.75</ele>
      </trkpt>
      <trkpt lat="34.948389" lon="126.58464">
        <ele>16.5</ele>
      </trkpt>
      <trkpt lat="34.947914" lon="126.585317">
        <ele>14.5</ele>
      </trkpt>
      <trkpt lat="34.946178" lon="126.5869">
        <ele>7</ele>
      </trkpt>
      <trkpt lat="34.945821" lon="126.58733">
        <ele>7.5</ele>
      </trkpt>
      <trkpt lat="34.945009" lon="126.58931">
        <ele>16</ele>
      </trkpt>
      <trkpt lat="34.944331" lon="126.590287">
        <ele>20.5</ele>
      </trkpt>
      <trkpt lat="34.943632" lon="126.591681">
        <ele>19</ele>
      </trkpt>
      <trkpt lat="34.943322" lon="126.592222">
        <ele>18.75</ele>
      </trkpt>
      <trkpt lat="34.943108" lon="126.592469">
        <ele>18.25</ele>
      </trkpt>
      <trkpt lat="34.942639" lon="126.592593">
        <ele>17.5</ele>
      </trkpt>
      <trkpt lat="34.94125" lon="126.59174">
        <ele>14.75</ele>
      </trkpt>
      <trkpt lat="34.94111" lon="126.59305">
        <ele>20</ele>
      </trkpt>
      <trkpt lat="34.94111" lon="126.59374">
        <ele>20.25</ele>
      </trkpt>
      <trkpt lat="34.94158" lon="126.59491">
        <ele>25</ele>
      </trkpt>
      <trkpt lat="34.94187" lon="126.59588">
        <ele>24.25</ele>
      </trkpt>
      <trkpt lat="34.94219" lon="126.59712">
        <ele>15.5</ele>
      </trkpt>
      <trkpt lat="34.94226" lon="126.59787">
        <ele>14.75</ele>
      </trkpt>
      <trkpt lat="34.942211" lon="126.600565">
        <ele>10.25</ele>
      </trkpt>
      <trkpt lat="34.9422" lon="126.60117">
        <ele>9.25</ele>
      </trkpt>
      <trkpt lat="34.94205" lon="126.60204">
        <ele>7.5</ele>
      </trkpt>
      <trkpt lat="34.94196" lon="126.60294">
        <ele>7.25</ele>
      </trkpt>
      <trkpt lat="34.942452" lon="126.604108">
        <ele>6</ele>
      </trkpt>
      <trkpt lat="34.94254" lon="126.60452">
        <ele>5</ele>
      </trkpt>
      <trkpt lat="34.94255" lon="126.60485">
        <ele>4.25</ele>
      </trkpt>
      <trkpt lat="34.942603" lon="126.606782">
        <ele>7</ele>
      </trkpt>
      <trkpt lat="34.94258" lon="126.60834">
        <ele>10.25</ele>
      </trkpt>
      <trkpt lat="34.94234" lon="126.60889">
        <ele>11.75</ele>
      </trkpt>
      <trkpt lat="34.94141" lon="126.61017">
        <ele>14.25</ele>
      </trkpt>
      <trkpt lat="34.94124" lon="126.610903">
        <ele>17.5</ele>
      </trkpt>
      <trkpt lat="34.94141" lon="126.61167">
        <ele>18.5</ele>
      </trkpt>
      <trkpt lat="34.94168" lon="126.61275">
        <ele>21.25</ele>
      </trkpt>
      <trkpt lat="34.94176" lon="126.61383">
        <ele>16</ele>
      </trkpt>
      <trkpt lat="34.94175" lon="126.61481">
        <ele>11.5</ele>
      </trkpt>
      <trkpt lat="34.94113" lon="126.61736">
        <ele>19</ele>
      </trkpt>
      <trkpt lat="34.940555" lon="126.619085">
        <ele>19.5</ele>
      </trkpt>
      <trkpt lat="34.940246" lon="126.619092">
        <ele>17</ele>
      </trkpt>
      <trkpt lat="34.940153" lon="126.619887">
        <ele>11.5</ele>
      </trkpt>
      <trkpt lat="34.93983" lon="126.621294">
        <ele>10</ele>
      </trkpt>
      <trkpt lat="34.939716" lon="126.622041">
        <ele>12</ele>
      </trkpt>
      <trkpt lat="34.93944" lon="126.62223">
        <ele>11.25</ele>
      </trkpt>
      <trkpt lat="34.93914" lon="126.62239">
        <ele>10</ele>
      </trkpt>
      <trkpt lat="34.93888" lon="126.62256">
        <ele>11.5</ele>
      </trkpt>
      <trkpt lat="34.93856" lon="126.62287">
        <ele>13</ele>
      </trkpt>
      <trkpt lat="34.93843" lon="126.62316">
        <ele>13.5</ele>
      </trkpt>
      <trkpt lat="34.93832" lon="126.62355">
        <ele>13.75</ele>
      </trkpt>
      <trkpt lat="34.93818" lon="126.62422">
        <ele>14.75</ele>
      </trkpt>
      <trkpt lat="34.93805" lon="126.62451">
        <ele>16</ele>
      </trkpt>
      <trkpt lat="34.9367" lon="126.62662">
        <ele>19</ele>
      </trkpt>
      <trkpt lat="34.9357" lon="126.62809">
        <ele>22.5</ele>
      </trkpt>
      <trkpt lat="34.9352" lon="126.62865">
        <ele>19.5</ele>
      </trkpt>
      <trkpt lat="34.93461" lon="126.62919">
        <ele>16</ele>
      </trkpt>
      <trkpt lat="34.93402" lon="126.62949">
        <ele>15.5</ele>
      </trkpt>
      <trkpt lat="34.93263" lon="126.6299">
        <ele>14.25</ele>
      </trkpt>
      <trkpt lat="34.93166" lon="126.63023">
        <ele>14</ele>
      </trkpt>
      <trkpt lat="34.93131" lon="126.63037">
        <ele>13.25</ele>
      </trkpt>
      <trkpt lat="34.930657" lon="126.630832">
        <ele>9.5</ele>
      </trkpt>
      <trkpt lat="34.9287" lon="126.63225">
        <ele>10.75</ele>
      </trkpt>
      <trkpt lat="34.92746" lon="126.63338">
        <ele>16</ele>
      </trkpt>
      <trkpt lat="34.92726" lon="126.63426">
        <ele>15.75</ele>
      </trkpt>
      <trkpt lat="34.92709" lon="126.63495">
        <ele>11.75</ele>
      </trkpt>
      <trkpt lat="34.92613" lon="126.63522">
        <ele>8.75</ele>
      </trkpt>
      <trkpt lat="34.92431" lon="126.63621">
        <ele>8.25</ele>
      </trkpt>
      <trkpt lat="34.92405" lon="126.63637">
        <ele>7.25</ele>
      </trkpt>
      <trkpt lat="34.92351" lon="126.63746">
        <ele>4.5</ele>
      </trkpt>
      <trkpt lat="34.922742" lon="126.639055">
        <ele>7.75</ele>
      </trkpt>
      <trkpt lat="34.922336" lon="126.639429">
        <ele>6.5</ele>
      </trkpt>
      <trkpt lat="34.92128" lon="126.63963">
        <ele>4.25</ele>
      </trkpt>
      <trkpt lat="34.920077" lon="126.63993">
        <ele>4</ele>
      </trkpt>
      <trkpt lat="34.91668" lon="126.64085">
        <ele>3.75</ele>
      </trkpt>
      <trkpt lat="34.91593" lon="126.6411">
        <ele>4.25</ele>
      </trkpt>
      <trkpt lat="34.91573" lon="126.64131">
        <ele>5</ele>
      </trkpt>
      <trkpt lat="34.91533" lon="126.64221">
        <ele>5</ele>
      </trkpt>
      <trkpt lat="34.91425" lon="126.6445">
        <ele>10.25</ele>
      </trkpt>
      <trkpt lat="34.91289" lon="126.64588">
        <ele>13.75</ele>
      </trkpt>
      <trkpt lat="34.91168" lon="126.64706">
        <ele>19.5</ele>
      </trkpt>
      <trkpt lat="34.91089" lon="126.64765">
        <ele>13.25</ele>
      </trkpt>
      <trkpt lat="34.910527" lon="126.647931">
        <ele>13.75</ele>
      </trkpt>
      <trkpt lat="34.91018" lon="126.6482">
        <ele>14.25</ele>
      </trkpt>
      <trkpt lat="34.90957" lon="126.64833">
        <ele>14.75</ele>
      </trkpt>
      <trkpt lat="34.908254" lon="126.648389">
        <ele>19.5</ele>
      </trkpt>
      <trkpt lat="34.908" lon="126.64871">
        <ele>18.5</ele>
      </trkpt>
      <trkpt lat="34.90754" lon="126.64923">
        <ele>17.25</ele>
      </trkpt>
      <trkpt lat="34.90739" lon="126.64949">
        <ele>17.25</ele>
      </trkpt>
      <trkpt lat="34.90718" lon="126.64986">
        <ele>17.5</ele>
      </trkpt>
      <trkpt lat="34.90693" lon="126.65004">
        <ele>17</ele>
      </trkpt>
      <trkpt lat="34.90638" lon="126.65025">
        <ele>17.75</ele>
      </trkpt>
      <trkpt lat="34.90604" lon="126.65039">
        <ele>19</ele>
      </trkpt>
      <trkpt lat="34.90554" lon="126.65057">
        <ele>21</ele>
      </trkpt>
      <trkpt lat="34.90485" lon="126.65086">
        <ele>24</ele>
      </trkpt>
      <trkpt lat="34.90439" lon="126.6511">
        <ele>25.5</ele>
      </trkpt>
      <trkpt lat="34.9040233563718" lon="126.651259660721">
        <ele>23</ele>
      </trkpt>
      <trkpt lat="34.9036780010205" lon="126.651487648487">
        <ele>23</ele>
      </trkpt>
      <trkpt lat="34.9033326442169" lon="126.651694178581">
        <ele>16</ele>
      </trkpt>
      <trkpt lat="34.9031214699144" lon="126.651739776134">
        <ele>16</ele>
      </trkpt>
      <trkpt lat="34.9031412675283" lon="126.65218770504">
        <ele>16</ele>
      </trkpt>
      <trkpt lat="34.90338" lon="126.65283">
        <ele>22</ele>
      </trkpt>
      <trkpt lat="34.903397" lon="126.653175">
        <ele>20.75</ele>
      </trkpt>
      <trkpt lat="34.903385" lon="126.653552">
        <ele>20</ele>
      </trkpt>
      <trkpt lat="34.902995" lon="126.653909">
        <ele>20</ele>
      </trkpt>
      <trkpt lat="34.902352" lon="126.654253">
        <ele>21</ele>
      </trkpt>
      <trkpt lat="34.902047" lon="126.654416">
        <ele>20.5</ele>
      </trkpt>
      <trkpt lat="34.901767" lon="126.654641">
        <ele>19.5</ele>
      </trkpt>
      <trkpt lat="34.901286" lon="126.65547">
        <ele>19.75</ele>
      </trkpt>
      <trkpt lat="34.898782" lon="126.656972">
        <ele>20</ele>
      </trkpt>
      <trkpt lat="34.898462" lon="126.657177">
        <ele>19.25</ele>
      </trkpt>
      <trkpt lat="34.898158" lon="126.65747">
        <ele>20.75</ele>
      </trkpt>
      <trkpt lat="34.897246" lon="126.659509">
        <ele>33.25</ele>
      </trkpt>
      <trkpt lat="34.897038" lon="126.659879">
        <ele>33.25</ele>
      </trkpt>
      <trkpt lat="34.896134" lon="126.660874">
        <ele>32.25</ele>
      </trkpt>
      <trkpt lat="34.895878" lon="126.66104">
        <ele>31</ele>
      </trkpt>
      <trkpt lat="34.893845" lon="126.661011">
        <ele>36.25</ele>
      </trkpt>
      <trkpt lat="34.893561" lon="126.661258">
        <ele>37</ele>
      </trkpt>
      <trkpt lat="34.892587" lon="126.663736">
        <ele>37</ele>
      </trkpt>
      <trkpt lat="34.892392" lon="126.664619">
        <ele>35.25</ele>
      </trkpt>
      <trkpt lat="34.892385" lon="126.665112">
        <ele>36</ele>
      </trkpt>
      <trkpt lat="34.892504" lon="126.665791">
        <ele>37.75</ele>
      </trkpt>
      <trkpt lat="34.892413" lon="126.66625">
        <ele>37</ele>
      </trkpt>
      <trkpt lat="34.892156" lon="126.666641">
        <ele>37.5</ele>
      </trkpt>
      <trkpt lat="34.891396" lon="126.667524">
        <ele>28.75</ele>
      </trkpt>
      <trkpt lat="34.889724" lon="126.668441">
        <ele>24</ele>
      </trkpt>
      <trkpt lat="34.888742" lon="126.669273">
        <ele>23.25</ele>
      </trkpt>
      <trkpt lat="34.888452" lon="126.669687">
        <ele>24.75</ele>
      </trkpt>
      <trkpt lat="34.888568" lon="126.670283">
        <ele>23.75</ele>
      </trkpt>
      <trkpt lat="34.888625" lon="126.671388">
        <ele>21.75</ele>
      </trkpt>
      <trkpt lat="34.888592" lon="126.672242">
        <ele>20.5</ele>
      </trkpt>
      <trkpt lat="34.88851" lon="126.672875">
        <ele>20.5</ele>
      </trkpt>
      <trkpt lat="34.888406" lon="126.673414">
        <ele>20.5</ele>
      </trkpt>
      <trkpt lat="34.887959" lon="126.675732">
        <ele>21.5</ele>
      </trkpt>
      <trkpt lat="34.887897" lon="126.676049">
        <ele>22</ele>
      </trkpt>
      <trkpt lat="34.887786" lon="126.678055">
        <ele>22.25</ele>
      </trkpt>
      <trkpt lat="34.887746" lon="126.678831">
        <ele>21</ele>
      </trkpt>
      <trkpt lat="34.887683" lon="126.680088">
        <ele>21.5</ele>
      </trkpt>
      <trkpt lat="34.887666" lon="126.680431">
        <ele>21.25</ele>
      </trkpt>
      <trkpt lat="34.887551" lon="126.68269">
        <ele>19.25</ele>
      </trkpt>
      <trkpt lat="34.887496" lon="126.683777">
        <ele>19.25</ele>
      </trkpt>
      <trkpt lat="34.887447" lon="126.685002">
        <ele>20</ele>
      </trkpt>
      <trkpt lat="34.887513" lon="126.685515">
        <ele>20.5</ele>
      </trkpt>
      <trkpt lat="34.887664" lon="126.686169">
        <ele>20.5</ele>
      </trkpt>
      <trkpt lat="34.887749" lon="126.686655">
        <ele>21</ele>
      </trkpt>
      <trkpt lat="34.888091" lon="126.688893">
        <ele>22.5</ele>
      </trkpt>
      <trkpt lat="34.88817" lon="126.689715">
        <ele>24.25</ele>
      </trkpt>
      <trkpt lat="34.8884567263861" lon="126.692050695419">
        <ele>25</ele>
      </trkpt>
      <trkpt lat="34.8905468212941" lon="126.693059206009">
        <ele>26</ele>
      </trkpt>
      <trkpt lat="34.8907448275283" lon="126.693225502968">
        <ele>26</ele>
      </trkpt>
      <trkpt lat="34.890889" lon="126.693484">
        <ele>29</ele>
      </trkpt>
      <trkpt lat="34.890854" lon="126.693828">
        <ele>28.5</ele>
      </trkpt>
      <trkpt lat="34.890754" lon="126.695327">
        <ele>28.25</ele>
      </trkpt>
      <trkpt lat="34.890661" lon="126.695773">
        <ele>27.25</ele>
      </trkpt>
      <trkpt lat="34.889598" lon="126.698134">
        <ele>30.25</ele>
      </trkpt>
      <trkpt lat="34.888786" lon="126.700112">
        <ele>29</ele>
      </trkpt>
      <trkpt lat="34.888594" lon="126.700523">
        <ele>29.5</ele>
      </trkpt>
      <trkpt lat="34.888484" lon="126.700877">
        <ele>29.75</ele>
      </trkpt>
      <trkpt lat="34.888106" lon="126.704225">
        <ele>31.25</ele>
      </trkpt>
      <trkpt lat="34.887967" lon="126.70472">
        <ele>32.75</ele>
      </trkpt>
      <trkpt lat="34.887775" lon="126.705145">
        <ele>33.75</ele>
      </trkpt>
      <trkpt lat="34.887421" lon="126.705541">
        <ele>35</ele>
      </trkpt>
      <trkpt lat="34.88644" lon="126.706433">
        <ele>38</ele>
      </trkpt>
      <trkpt lat="34.885151" lon="126.708047">
        <ele>38.5</ele>
      </trkpt>
      <trkpt lat="34.884785" lon="126.708606">
        <ele>41.25</ele>
      </trkpt>
      <trkpt lat="34.883193" lon="126.711529">
        <ele>37.25</ele>
      </trkpt>
      <trkpt lat="34.883598" lon="126.711807">
        <ele>41</ele>
      </trkpt>
      <trkpt lat="34.884238" lon="126.711929">
        <ele>46.75</ele>
      </trkpt>
      <trkpt lat="34.885385" lon="126.712311">
        <ele>52</ele>
      </trkpt>
      <trkpt lat="34.886319" lon="126.712295">
        <ele>53.75</ele>
      </trkpt>
      <trkpt lat="34.887073" lon="126.712344">
        <ele>52.5</ele>
      </trkpt>
      <trkpt lat="34.887402" lon="126.712402">
        <ele>52.25</ele>
      </trkpt>
      <trkpt lat="34.887806" lon="126.712474">
        <ele>52.25</ele>
      </trkpt>
      <trkpt lat="34.888694" lon="126.712954">
        <ele>56.25</ele>
      </trkpt>
      <trkpt lat="34.889194" lon="126.713385">
        <ele>57</ele>
      </trkpt>
      <trkpt lat="34.889714" lon="126.714117">
        <ele>58.75</ele>
      </trkpt>
      <trkpt lat="34.890994" lon="126.715133">
        <ele>65.5</ele>
      </trkpt>
      <trkpt lat="34.891214" lon="126.715629">
        <ele>65</ele>
      </trkpt>
      <trkpt lat="34.891295" lon="126.716483">
        <ele>69</ele>
      </trkpt>
      <trkpt lat="34.891395" lon="126.717434">
        <ele>77.5</ele>
      </trkpt>
      <trkpt lat="34.891521" lon="126.717906">
        <ele>76.75</ele>
      </trkpt>
      <trkpt lat="34.892048" lon="126.718784">
        <ele>80</ele>
      </trkpt>
      <trkpt lat="34.892122" lon="126.719117">
        <ele>79</ele>
      </trkpt>
      <trkpt lat="34.892035" lon="126.719743">
        <ele>81.75</ele>
      </trkpt>
      <trkpt lat="34.891895" lon="126.720361">
        <ele>81</ele>
      </trkpt>
      <trkpt lat="34.891948" lon="126.720873">
        <ele>82.25</ele>
      </trkpt>
      <trkpt lat="34.892162" lon="126.721142">
        <ele>83.75</ele>
      </trkpt>
      <trkpt lat="34.892695" lon="126.721573">
        <ele>79</ele>
      </trkpt>
      <trkpt lat="34.892962" lon="126.721873">
        <ele>76</ele>
      </trkpt>
      <trkpt lat="34.893349" lon="126.722597">
        <ele>69</ele>
      </trkpt>
      <trkpt lat="34.893709" lon="126.723955">
        <ele>57.5</ele>
      </trkpt>
      <trkpt lat="34.894022" lon="126.724833">
        <ele>51.75</ele>
      </trkpt>
      <trkpt lat="34.895523" lon="126.727476">
        <ele>45</ele>
      </trkpt>
      <trkpt lat="34.89569" lon="126.727972">
        <ele>47</ele>
      </trkpt>
      <trkpt lat="34.895756" lon="126.728468">
        <ele>48.5</ele>
      </trkpt>
      <trkpt lat="34.89573" lon="126.730053">
        <ele>40.25</ele>
      </trkpt>
      <trkpt lat="34.895703" lon="126.730525">
        <ele>39.5</ele>
      </trkpt>
      <trkpt lat="34.89579" lon="126.730939">
        <ele>39.25</ele>
      </trkpt>
      <trkpt lat="34.895996" lon="126.731403">
        <ele>38.25</ele>
      </trkpt>
      <trkpt lat="34.896757" lon="126.732517">
        <ele>35.5</ele>
      </trkpt>
      <trkpt lat="34.89703" lon="126.732744">
        <ele>36.5</ele>
      </trkpt>
      <trkpt lat="34.897443" lon="126.732964">
        <ele>36.75</ele>
      </trkpt>
      <trkpt lat="34.898991" lon="126.73359">
        <ele>36.75</ele>
      </trkpt>
      <trkpt lat="34.901445" lon="126.735745">
        <ele>26.25</ele>
      </trkpt>
      <trkpt lat="34.902068" lon="126.736329">
        <ele>26</ele>
      </trkpt>
      <trkpt lat="34.902632" lon="126.736834">
        <ele>26.25</ele>
      </trkpt>
      <trkpt lat="34.903125" lon="126.737151">
        <ele>27.5</ele>
      </trkpt>
      <trkpt lat="34.904423" lon="126.737586">
        <ele>31.5</ele>
      </trkpt>
      <trkpt lat="34.906853" lon="126.738395">
        <ele>33.5</ele>
      </trkpt>
      <trkpt lat="34.907186" lon="126.738704">
        <ele>34</ele>
      </trkpt>
      <trkpt lat="34.907806" lon="126.739534">
        <ele>37</ele>
      </trkpt>
      <trkpt lat="34.908026" lon="126.739713">
        <ele>37.5</ele>
      </trkpt>
      <trkpt lat="34.908613" lon="126.739859">
        <ele>37.75</ele>
      </trkpt>
      <trkpt lat="34.90894" lon="126.74003">
        <ele>37.5</ele>
      </trkpt>
      <trkpt lat="34.909753" lon="126.740607">
        <ele>34</ele>
      </trkpt>
      <trkpt lat="34.910133" lon="126.74094">
        <ele>32.75</ele>
      </trkpt>
      <trkpt lat="34.910347" lon="126.741241">
        <ele>32.5</ele>
      </trkpt>
      <trkpt lat="34.910593" lon="126.741802">
        <ele>32.25</ele>
      </trkpt>
      <trkpt lat="34.911707" lon="126.743022">
        <ele>34</ele>
      </trkpt>
      <trkpt lat="34.912207" lon="126.743485">
        <ele>33.25</ele>
      </trkpt>
      <trkpt lat="34.913654" lon="126.744185">
        <ele>32.25</ele>
      </trkpt>
      <trkpt lat="34.914511" lon="126.744256">
        <ele>33.25</ele>
      </trkpt>
      <trkpt lat="34.915381" lon="126.744168">
        <ele>30</ele>
      </trkpt>
      <trkpt lat="34.916543" lon="126.744035">
        <ele>28.5</ele>
      </trkpt>
      <trkpt lat="34.917447" lon="126.744017">
        <ele>28.75</ele>
      </trkpt>
      <trkpt lat="34.918075" lon="126.744129">
        <ele>29.5</ele>
      </trkpt>
      <trkpt lat="34.91845" lon="126.744269">
        <ele>30</ele>
      </trkpt>
      <trkpt lat="34.918654" lon="126.744747">
        <ele>30.5</ele>
      </trkpt>
      <trkpt lat="34.918894" lon="126.745147">
        <ele>31</ele>
      </trkpt>
      <trkpt lat="34.919072" lon="126.745701">
        <ele>31.75</ele>
      </trkpt>
      <trkpt lat="34.919194" lon="126.746137">
        <ele>32.5</ele>
      </trkpt>
      <trkpt lat="34.919404" lon="126.746827">
        <ele>33.5</ele>
      </trkpt>
      <trkpt lat="34.919504" lon="126.747267">
        <ele>34</ele>
      </trkpt>
      <trkpt lat="34.919674" lon="126.747797">
        <ele>34.5</ele>
      </trkpt>
      <trkpt lat="34.919807" lon="126.748169">
        <ele>34.75</ele>
      </trkpt>
      <trkpt lat="34.920436" lon="126.748041">
        <ele>33.75</ele>
      </trkpt>
      <trkpt lat="34.920719" lon="126.747969">
        <ele>33.25</ele>
      </trkpt>
      <trkpt lat="34.9210341587852" lon="126.74802839756">
        <ele>32</ele>
      </trkpt>
      <trkpt lat="34.92158" lon="126.74959">
        <ele>34.25</ele>
      </trkpt>
      <trkpt lat="34.921967" lon="126.750618">
        <ele>34.25</ele>
      </trkpt>
      <trkpt lat="34.92218" lon="126.75118">
        <ele>34.25</ele>
      </trkpt>
      <trkpt lat="34.9223" lon="126.75161">
        <ele>34</ele>
      </trkpt>
      <trkpt lat="34.922332" lon="126.752374">
        <ele>35.25</ele>
      </trkpt>
      <trkpt lat="34.92222" lon="126.75454">
        <ele>37.75</ele>
      </trkpt>
      <trkpt lat="34.922257" lon="126.75511">
        <ele>38.5</ele>
      </trkpt>
      <trkpt lat="34.922358" lon="126.755525">
        <ele>39.5</ele>
      </trkpt>
      <trkpt lat="34.92268" lon="126.75597">
        <ele>40.5</ele>
      </trkpt>
      <trkpt lat="34.92316" lon="126.75645">
        <ele>39.75</ele>
      </trkpt>
      <trkpt lat="34.92343" lon="126.75676">
        <ele>40</ele>
      </trkpt>
      <trkpt lat="34.92396" lon="126.75716">
        <ele>40.25</ele>
      </trkpt>
      <trkpt lat="34.92446" lon="126.75751">
        <ele>41</ele>
      </trkpt>
      <trkpt lat="34.9248" lon="126.75771">
        <ele>41.25</ele>
      </trkpt>
      <trkpt lat="34.92509" lon="126.75797">
        <ele>41.5</ele>
      </trkpt>
      <trkpt lat="34.925685" lon="126.758353">
        <ele>42.75</ele>
      </trkpt>
      <trkpt lat="34.925998" lon="126.758561">
        <ele>43</ele>
      </trkpt>
      <trkpt lat="34.926253" lon="126.759307">
        <ele>43</ele>
      </trkpt>
      <trkpt lat="34.926264" lon="126.759635">
        <ele>43.25</ele>
      </trkpt>
      <trkpt lat="34.92647" lon="126.7599">
        <ele>43</ele>
      </trkpt>
      <trkpt lat="34.92699" lon="126.76022">
        <ele>43.5</ele>
      </trkpt>
      <trkpt lat="34.927637" lon="126.760824">
        <ele>46.25</ele>
      </trkpt>
      <trkpt lat="34.92784" lon="126.76128">
        <ele>48.5</ele>
      </trkpt>
      <trkpt lat="34.92793" lon="126.76163">
        <ele>49.75</ele>
      </trkpt>
      <trkpt lat="34.92804" lon="126.76195">
        <ele>48</ele>
      </trkpt>
      <trkpt lat="34.928232" lon="126.762214">
        <ele>45.75</ele>
      </trkpt>
      <trkpt lat="34.928635" lon="126.762745">
        <ele>41.75</ele>
      </trkpt>
      <trkpt lat="34.92886" lon="126.76304">
        <ele>39.75</ele>
      </trkpt>
      <trkpt lat="34.92919" lon="126.76344">
        <ele>39</ele>
      </trkpt>
      <trkpt lat="34.92958" lon="126.76385">
        <ele>38.25</ele>
      </trkpt>
      <trkpt lat="34.929774" lon="126.764066">
        <ele>37.75</ele>
      </trkpt>
      <trkpt lat="34.92996" lon="126.76431">
        <ele>37.5</ele>
      </trkpt>
      <trkpt lat="34.93016" lon="126.76507">
        <ele>42.25</ele>
      </trkpt>
      <trkpt lat="34.93039" lon="126.76545">
        <ele>46</ele>
      </trkpt>
      <trkpt lat="34.930873" lon="126.765882">
        <ele>50</ele>
      </trkpt>
      <trkpt lat="34.93113" lon="126.76613">
        <ele>49</ele>
      </trkpt>
      <trkpt lat="34.93131" lon="126.76637">
        <ele>48</ele>
      </trkpt>
      <trkpt lat="34.9315" lon="126.76674">
        <ele>46.25</ele>
      </trkpt>
      <trkpt lat="34.93184" lon="126.76712">
        <ele>45.25</ele>
      </trkpt>
      <trkpt lat="34.93232" lon="126.76741">
        <ele>42.5</ele>
      </trkpt>
      <trkpt lat="34.93276" lon="126.76756">
        <ele>38.5</ele>
      </trkpt>
      <trkpt lat="34.93318" lon="126.76773">
        <ele>34.75</ele>
      </trkpt>
      <trkpt lat="34.93364" lon="126.7679">
        <ele>33.25</ele>
      </trkpt>
      <trkpt lat="34.93391" lon="126.76804">
        <ele>33</ele>
      </trkpt>
      <trkpt lat="34.93452" lon="126.76864">
        <ele>31.75</ele>
      </trkpt>
      <trkpt lat="34.93485" lon="126.76899">
        <ele>30.5</ele>
      </trkpt>
      <trkpt lat="34.935048" lon="126.769415">
        <ele>30.75</ele>
      </trkpt>
      <trkpt lat="34.935254" lon="126.769897">
        <ele>31.75</ele>
      </trkpt>
      <trkpt lat="34.935747" lon="126.771034">
        <ele>30</ele>
      </trkpt>
      <trkpt lat="34.93623" lon="126.77224">
        <ele>30</ele>
      </trkpt>
      <trkpt lat="34.93654" lon="126.77293">
        <ele>32</ele>
      </trkpt>
      <trkpt lat="34.93668" lon="126.77333">
        <ele>34</ele>
      </trkpt>
      <trkpt lat="34.93694" lon="126.77399">
        <ele>37.25</ele>
      </trkpt>
      <trkpt lat="34.93709" lon="126.77435">
        <ele>38.75</ele>
      </trkpt>
      <trkpt lat="34.93729" lon="126.77471">
        <ele>40.5</ele>
      </trkpt>
      <trkpt lat="34.937719" lon="126.775165">
        <ele>42.75</ele>
      </trkpt>
      <trkpt lat="34.938115" lon="126.775584">
        <ele>42.5</ele>
      </trkpt>
      <trkpt lat="34.93846" lon="126.77599">
        <ele>40.5</ele>
      </trkpt>
      <trkpt lat="34.93883" lon="126.77639">
        <ele>39.75</ele>
      </trkpt>
      <trkpt lat="34.93923" lon="126.77668">
        <ele>38.75</ele>
      </trkpt>
      <trkpt lat="34.93972" lon="126.77696">
        <ele>40</ele>
      </trkpt>
      <trkpt lat="34.93999" lon="126.77714">
        <ele>40.75</ele>
      </trkpt>
      <trkpt lat="34.94031" lon="126.77746">
        <ele>42</ele>
      </trkpt>
      <trkpt lat="34.94064" lon="126.77786">
        <ele>42.75</ele>
      </trkpt>
      <trkpt lat="34.94136" lon="126.7786">
        <ele>44.75</ele>
      </trkpt>
      <trkpt lat="34.941565" lon="126.778828">
        <ele>43.75</ele>
      </trkpt>
      <trkpt lat="34.94191" lon="126.77921">
        <ele>42</ele>
      </trkpt>
      <trkpt lat="34.94254" lon="126.77997">
        <ele>37</ele>
      </trkpt>
      <trkpt lat="34.94286" lon="126.78034">
        <ele>34</ele>
      </trkpt>
      <trkpt lat="34.9431" lon="126.78073">
        <ele>32.25</ele>
      </trkpt>
      <trkpt lat="34.94331" lon="126.78124">
        <ele>32.75</ele>
      </trkpt>
      <trkpt lat="34.94344" lon="126.78158">
        <ele>33.75</ele>
      </trkpt>
      <trkpt lat="34.9436" lon="126.78275">
        <ele>36.5</ele>
      </trkpt>
      <trkpt lat="34.94373" lon="126.78327">
        <ele>37.75</ele>
      </trkpt>
      <trkpt lat="34.94409" lon="126.78392">
        <ele>37.75</ele>
      </trkpt>
      <trkpt lat="34.94434" lon="126.7843">
        <ele>38.5</ele>
      </trkpt>
      <trkpt lat="34.94488" lon="126.7848">
        <ele>41</ele>
      </trkpt>
      <trkpt lat="34.945138" lon="126.785067">
        <ele>43</ele>
      </trkpt>
      <trkpt lat="34.94548" lon="126.78547">
        <ele>46</ele>
      </trkpt>
      <trkpt lat="34.945701" lon="126.785656">
        <ele>46.75</ele>
      </trkpt>
      <trkpt lat="34.946015" lon="126.78581">
        <ele>46.5</ele>
      </trkpt>
      <trkpt lat="34.94642" lon="126.786097">
        <ele>44.75</ele>
      </trkpt>
      <trkpt lat="34.946657" lon="126.786305">
        <ele>43.25</ele>
      </trkpt>
      <trkpt lat="34.94708" lon="126.78676">
        <ele>39.5</ele>
      </trkpt>
      <trkpt lat="34.94726" lon="126.78723">
        <ele>38.5</ele>
      </trkpt>
      <trkpt lat="34.94734" lon="126.78761">
        <ele>38.5</ele>
      </trkpt>
      <trkpt lat="34.94752" lon="126.78793">
        <ele>38.5</ele>
      </trkpt>
      <trkpt lat="34.94784" lon="126.78821">
        <ele>39</ele>
      </trkpt>
      <trkpt lat="34.94818" lon="126.78847">
        <ele>39.75</ele>
      </trkpt>
      <trkpt lat="34.94844" lon="126.78868">
        <ele>39.25</ele>
      </trkpt>
      <trkpt lat="34.94867" lon="126.78897">
        <ele>37</ele>
      </trkpt>
      <trkpt lat="34.94876" lon="126.78927">
        <ele>36</ele>
      </trkpt>
      <trkpt lat="34.94885" lon="126.78998">
        <ele>36.25</ele>
      </trkpt>
      <trkpt lat="34.94902" lon="126.7903">
        <ele>35.75</ele>
      </trkpt>
      <trkpt lat="34.9493" lon="126.79066">
        <ele>36.25</ele>
      </trkpt>
      <trkpt lat="34.94988" lon="126.79147">
        <ele>40</ele>
      </trkpt>
      <trkpt lat="34.950244" lon="126.79244">
        <ele>41.75</ele>
      </trkpt>
      <trkpt lat="34.95074" lon="126.79307">
        <ele>40.75</ele>
      </trkpt>
      <trkpt lat="34.95114" lon="126.79348">
        <ele>38.5</ele>
      </trkpt>
      <trkpt lat="34.95139" lon="126.79382">
        <ele>36.75</ele>
      </trkpt>
      <trkpt lat="34.95176" lon="126.7946">
        <ele>33.25</ele>
      </trkpt>
      <trkpt lat="34.95191" lon="126.79487">
        <ele>32</ele>
      </trkpt>
      <trkpt lat="34.95213" lon="126.79517">
        <ele>31</ele>
      </trkpt>
      <trkpt lat="34.95276" lon="126.79588">
        <ele>28.5</ele>
      </trkpt>
      <trkpt lat="34.95369" lon="126.79691">
        <ele>28.5</ele>
      </trkpt>
      <trkpt lat="34.954588" lon="126.797896">
        <ele>27.75</ele>
      </trkpt>
      <trkpt lat="34.95494" lon="126.79827">
        <ele>27</ele>
      </trkpt>
      <trkpt lat="34.955296" lon="126.798542">
        <ele>27.5</ele>
      </trkpt>
      <trkpt lat="34.9557" lon="126.798729">
        <ele>28.5</ele>
      </trkpt>
      <trkpt lat="34.956096" lon="126.798867">
        <ele>30.5</ele>
      </trkpt>
      <trkpt lat="34.95653" lon="126.79906">
        <ele>33.5</ele>
      </trkpt>
      <trkpt lat="34.95698" lon="126.79941">
        <ele>36.25</ele>
      </trkpt>
      <trkpt lat="34.95727" lon="126.79962">
        <ele>37.25</ele>
      </trkpt>
      <trkpt lat="34.95786" lon="126.79992">
        <ele>35.25</ele>
      </trkpt>
      <trkpt lat="34.95812" lon="126.8001">
        <ele>34</ele>
      </trkpt>
      <trkpt lat="34.95849" lon="126.80018">
        <ele>32.75</ele>
      </trkpt>
      <trkpt lat="34.95897" lon="126.80022">
        <ele>32.75</ele>
      </trkpt>
      <trkpt lat="34.95948" lon="126.80043">
        <ele>33</ele>
      </trkpt>
      <trkpt lat="34.95974" lon="126.80047">
        <ele>32</ele>
      </trkpt>
      <trkpt lat="34.9602" lon="126.80052">
        <ele>29.75</ele>
      </trkpt>
      <trkpt lat="34.96054" lon="126.80057">
        <ele>27.5</ele>
      </trkpt>
      <trkpt lat="34.96081" lon="126.80059">
        <ele>25.5</ele>
      </trkpt>
      <trkpt lat="34.961134" lon="126.80053">
        <ele>25.5</ele>
      </trkpt>
      <trkpt lat="34.96242" lon="126.80031">
        <ele>28.25</ele>
      </trkpt>
      <trkpt lat="34.96286" lon="126.80014">
        <ele>29.75</ele>
      </trkpt>
      <trkpt lat="34.963027" lon="126.799877">
        <ele>30.5</ele>
      </trkpt>
      <trkpt lat="34.96322" lon="126.799579">
        <ele>31</ele>
      </trkpt>
      <trkpt lat="34.96359" lon="126.79973">
        <ele>33</ele>
      </trkpt>
      <trkpt lat="34.96435" lon="126.80003">
        <ele>35.25</ele>
      </trkpt>
      <trkpt lat="34.96516" lon="126.80037">
        <ele>33.25</ele>
      </trkpt>
      <trkpt lat="34.96572" lon="126.80059">
        <ele>30.75</ele>
      </trkpt>
      <trkpt lat="34.96623" lon="126.80064">
        <ele>32.75</ele>
      </trkpt>
      <trkpt lat="34.96659" lon="126.80062">
        <ele>35.5</ele>
      </trkpt>
      <trkpt lat="34.96743" lon="126.80159">
        <ele>32.25</ele>
      </trkpt>
      <trkpt lat="34.9676" lon="126.80196">
        <ele>33.25</ele>
      </trkpt>
      <trkpt lat="34.96766" lon="126.80228">
        <ele>33.75</ele>
      </trkpt>
      <trkpt lat="34.96775" lon="126.80351">
        <ele>31.75</ele>
      </trkpt>
      <trkpt lat="34.96775" lon="126.80419">
        <ele>31.5</ele>
      </trkpt>
      <trkpt lat="34.96764" lon="126.80475">
        <ele>31.75</ele>
      </trkpt>
      <trkpt lat="34.96719" lon="126.80556">
        <ele>31</ele>
      </trkpt>
      <trkpt lat="34.96682" lon="126.80605">
        <ele>31.25</ele>
      </trkpt>
      <trkpt lat="34.96667" lon="126.80633">
        <ele>31.5</ele>
      </trkpt>
      <trkpt lat="34.96653" lon="126.80661">
        <ele>32.5</ele>
      </trkpt>
      <trkpt lat="34.9664" lon="126.80728">
        <ele>35</ele>
      </trkpt>
      <trkpt lat="34.96636" lon="126.80838">
        <ele>37.25</ele>
      </trkpt>
      <trkpt lat="34.96631" lon="126.80933">
        <ele>39</ele>
      </trkpt>
      <trkpt lat="34.96626" lon="126.81098">
        <ele>41.5</ele>
      </trkpt>
      <trkpt lat="34.966212" lon="126.812128">
        <ele>45</ele>
      </trkpt>
      <trkpt lat="34.9661" lon="126.81428">
        <ele>51.75</ele>
      </trkpt>
      <trkpt lat="34.96608" lon="126.81505">
        <ele>52.75</ele>
      </trkpt>
      <trkpt lat="34.96614" lon="126.81538">
        <ele>52.75</ele>
      </trkpt>
      <trkpt lat="34.96634" lon="126.81591">
        <ele>53</ele>
      </trkpt>
      <trkpt lat="34.9665" lon="126.81625">
        <ele>53.25</ele>
      </trkpt>
      <trkpt lat="34.96672" lon="126.81654">
        <ele>54.25</ele>
      </trkpt>
      <trkpt lat="34.96704" lon="126.8169">
        <ele>57.5</ele>
      </trkpt>
      <trkpt lat="34.967517" lon="126.817252">
        <ele>57.5</ele>
      </trkpt>
      <trkpt lat="34.96879" lon="126.818153">
        <ele>64</ele>
      </trkpt>
      <trkpt lat="34.969066" lon="126.818328">
        <ele>67</ele>
      </trkpt>
      <trkpt lat="34.96972" lon="126.81881">
        <ele>71</ele>
      </trkpt>
      <trkpt lat="34.96997" lon="126.81909">
        <ele>71.75</ele>
      </trkpt>
      <trkpt lat="34.97028" lon="126.81977">
        <ele>69.75</ele>
      </trkpt>
      <trkpt lat="34.97055" lon="126.8203">
        <ele>68</ele>
      </trkpt>
      <trkpt lat="34.97119" lon="126.82114">
        <ele>66</ele>
      </trkpt>
      <trkpt lat="34.9718" lon="126.82182">
        <ele>63</ele>
      </trkpt>
      <trkpt lat="34.97207" lon="126.82228">
        <ele>63</ele>
      </trkpt>
      <trkpt lat="34.972234" lon="126.822625">
        <ele>62.5</ele>
      </trkpt>
      <trkpt lat="34.9724" lon="126.82295">
        <ele>61.5</ele>
      </trkpt>
      <trkpt lat="34.97303" lon="126.82428">
        <ele>60.5</ele>
      </trkpt>
      <trkpt lat="34.973244" lon="126.824714">
        <ele>60.5</ele>
      </trkpt>
      <trkpt lat="34.97335" lon="126.82511">
        <ele>60.75</ele>
      </trkpt>
      <trkpt lat="34.97337" lon="126.82588">
        <ele>60.5</ele>
      </trkpt>
      <trkpt lat="34.97343" lon="126.82647">
        <ele>59</ele>
      </trkpt>
      <trkpt lat="34.973632" lon="126.827037">
        <ele>59.25</ele>
      </trkpt>
      <trkpt lat="34.97395" lon="126.82773">
        <ele>59.25</ele>
      </trkpt>
      <trkpt lat="34.9741" lon="126.82846">
        <ele>58.5</ele>
      </trkpt>
      <trkpt lat="34.974164" lon="126.829034">
        <ele>58</ele>
      </trkpt>
      <trkpt lat="34.97421" lon="126.82954">
        <ele>58.5</ele>
      </trkpt>
      <trkpt lat="34.97425" lon="126.82993">
        <ele>59.25</ele>
      </trkpt>
      <trkpt lat="34.974666" lon="126.830164">
        <ele>59</ele>
      </trkpt>
      <trkpt lat="34.975298" lon="126.830351">
        <ele>57.75</ele>
      </trkpt>
      <trkpt lat="34.976205" lon="126.830665">
        <ele>56.5</ele>
      </trkpt>
      <trkpt lat="34.977153" lon="126.830997">
        <ele>54.5</ele>
      </trkpt>
      <trkpt lat="34.977483" lon="126.831004">
        <ele>52.75</ele>
      </trkpt>
      <trkpt lat="34.977768" lon="126.830963">
        <ele>52.25</ele>
      </trkpt>
      <trkpt lat="34.978024" lon="126.830857">
        <ele>52</ele>
      </trkpt>
      <trkpt lat="34.978535" lon="126.830313">
        <ele>54.5</ele>
      </trkpt>
      <trkpt lat="34.979153" lon="126.830906">
        <ele>55.25</ele>
      </trkpt>
      <trkpt lat="34.979135" lon="126.83142">
        <ele>58.25</ele>
      </trkpt>
      <trkpt lat="34.979041" lon="126.831797">
        <ele>59.25</ele>
      </trkpt>
      <trkpt lat="34.979054" lon="126.833331">
        <ele>59</ele>
      </trkpt>
      <trkpt lat="34.979381" lon="126.834046">
        <ele>57.25</ele>
      </trkpt>
      <trkpt lat="34.97978" lon="126.834878">
        <ele>57.75</ele>
      </trkpt>
      <trkpt lat="34.980008" lon="126.83531">
        <ele>56.25</ele>
      </trkpt>
      <trkpt lat="34.98019" lon="126.835579">
        <ele>55</ele>
      </trkpt>
      <trkpt lat="34.980421" lon="126.835825">
        <ele>52.5</ele>
      </trkpt>
      <trkpt lat="34.980612" lon="126.836078">
        <ele>52.5</ele>
      </trkpt>
      <trkpt lat="34.980885" lon="126.8366">
        <ele>51.75</ele>
      </trkpt>
      <trkpt lat="34.980997" lon="126.837034">
        <ele>51</ele>
      </trkpt>
      <trkpt lat="34.981149" lon="126.837459">
        <ele>50.5</ele>
      </trkpt>
      <trkpt lat="34.981501" lon="126.838042">
        <ele>50.5</ele>
      </trkpt>
      <trkpt lat="34.982158" lon="126.839108">
        <ele>51</ele>
      </trkpt>
      <trkpt lat="34.982373" lon="126.839379">
        <ele>50.75</ele>
      </trkpt>
      <trkpt lat="34.98278" lon="126.839657">
        <ele>50.75</ele>
      </trkpt>
      <trkpt lat="34.983164" lon="126.840198">
        <ele>49.5</ele>
      </trkpt>
      <trkpt lat="34.983419" lon="126.840503">
        <ele>49</ele>
      </trkpt>
      <trkpt lat="34.9837" lon="126.840731">
        <ele>48.25</ele>
      </trkpt>
      <trkpt lat="34.984115" lon="126.841173">
        <ele>46.25</ele>
      </trkpt>
      <trkpt lat="34.984342" lon="126.841477">
        <ele>47.5</ele>
      </trkpt>
      <trkpt lat="34.984546" lon="126.841768">
        <ele>51.25</ele>
      </trkpt>
      <trkpt lat="34.984783" lon="126.842279">
        <ele>56</ele>
      </trkpt>
      <trkpt lat="34.984959" lon="126.842716">
        <ele>57</ele>
      </trkpt>
      <trkpt lat="34.985269" lon="126.843059">
        <ele>63.5</ele>
      </trkpt>
      <trkpt lat="34.985392" lon="126.843427">
        <ele>64.75</ele>
      </trkpt>
      <trkpt lat="34.985425" lon="126.843786">
        <ele>65.5</ele>
      </trkpt>
      <trkpt lat="34.985408" lon="126.844282">
        <ele>63.25</ele>
      </trkpt>
      <trkpt lat="34.985388" lon="126.844664">
        <ele>60.25</ele>
      </trkpt>
      <trkpt lat="34.985391" lon="126.845179">
        <ele>57.75</ele>
      </trkpt>
      <trkpt lat="34.985358" lon="126.845887">
        <ele>54</ele>
      </trkpt>
      <trkpt lat="34.985422" lon="126.846237">
        <ele>56.25</ele>
      </trkpt>
      <trkpt lat="34.985472" lon="126.846743">
        <ele>57.75</ele>
      </trkpt>
      <trkpt lat="34.98557" lon="126.847308">
        <ele>57</ele>
      </trkpt>
      <trkpt lat="34.985744" lon="126.847801">
        <ele>53.75</ele>
      </trkpt>
      <trkpt lat="34.986001" lon="126.848166">
        <ele>48.75</ele>
      </trkpt>
      <trkpt lat="34.987977" lon="126.850066">
        <ele>41</ele>
      </trkpt>
      <trkpt lat="34.988489" lon="126.850208">
        <ele>42.75</ele>
      </trkpt>
      <trkpt lat="34.988869" lon="126.850567">
        <ele>45.75</ele>
      </trkpt>
      <trkpt lat="34.989082" lon="126.850756">
        <ele>45.25</ele>
      </trkpt>
      <trkpt lat="34.989421" lon="126.851028">
        <ele>48.5</ele>
      </trkpt>
      <trkpt lat="34.98994" lon="126.851295">
        <ele>49.75</ele>
      </trkpt>
      <trkpt lat="34.990387" lon="126.851595">
        <ele>47.5</ele>
      </trkpt>
      <trkpt lat="34.990834" lon="126.852026">
        <ele>44.75</ele>
      </trkpt>
      <trkpt lat="34.991554" lon="126.852261">
        <ele>36.75</ele>
      </trkpt>
      <trkpt lat="34.992048" lon="126.852418">
        <ele>34</ele>
      </trkpt>
      <trkpt lat="34.992393" lon="126.852664">
        <ele>33.25</ele>
      </trkpt>
      <trkpt lat="34.992735" lon="126.852878">
        <ele>33.25</ele>
      </trkpt>
      <trkpt lat="34.993312" lon="126.853435">
        <ele>33.75</ele>
      </trkpt>
      <trkpt lat="34.993982" lon="126.854205">
        <ele>33.5</ele>
      </trkpt>
      <trkpt lat="34.99476" lon="126.855072">
        <ele>34.25</ele>
      </trkpt>
      <trkpt lat="34.994957" lon="126.855416">
        <ele>35.25</ele>
      </trkpt>
      <trkpt lat="34.995064" lon="126.855738">
        <ele>36.25</ele>
      </trkpt>
      <trkpt lat="34.995851" lon="126.859019">
        <ele>32.75</ele>
      </trkpt>
      <trkpt lat="34.996051" lon="126.859504">
        <ele>32.5</ele>
      </trkpt>
      <trkpt lat="34.996245" lon="126.859909">
        <ele>31</ele>
      </trkpt>
      <trkpt lat="34.996701" lon="126.860793">
        <ele>30</ele>
      </trkpt>
      <trkpt lat="34.997014" lon="126.861235">
        <ele>30.25</ele>
      </trkpt>
      <trkpt lat="34.997582" lon="126.861825">
        <ele>31.25</ele>
      </trkpt>
      <trkpt lat="34.997855" lon="126.862294">
        <ele>32.5</ele>
      </trkpt>
      <trkpt lat="34.99823" lon="126.863091">
        <ele>31</ele>
      </trkpt>
      <trkpt lat="34.998695" lon="126.86379">
        <ele>29.5</ele>
      </trkpt>
      <trkpt lat="34.999154" lon="126.864446">
        <ele>28.5</ele>
      </trkpt>
      <trkpt lat="34.999448" lon="126.864867">
        <ele>29.25</ele>
      </trkpt>
      <trkpt lat="34.999865" lon="126.865216">
        <ele>30.25</ele>
      </trkpt>
      <trkpt lat="35.000133" lon="126.865396">
        <ele>31.75</ele>
      </trkpt>
      <trkpt lat="35.000591" lon="126.865784">
        <ele>31.5</ele>
      </trkpt>
      <trkpt lat="35.001938" lon="126.867102">
        <ele>25</ele>
      </trkpt>
      <trkpt lat="35.00165" lon="126.86757">
        <ele>25.75</ele>
      </trkpt>
      <trkpt lat="35.00124" lon="126.86829">
        <ele>25.5</ele>
      </trkpt>
      <trkpt lat="35.001107" lon="126.868725">
        <ele>27.5</ele>
      </trkpt>
      <trkpt lat="35.00155" lon="126.8703">
        <ele>31</ele>
      </trkpt>
      <trkpt lat="35.00164" lon="126.87106">
        <ele>31.75</ele>
      </trkpt>
      <trkpt lat="35.00149" lon="126.87278">
        <ele>32.75</ele>
      </trkpt>
      <trkpt lat="35.00132" lon="126.87399">
        <ele>30</ele>
      </trkpt>
      <trkpt lat="35.00101" lon="126.87694">
        <ele>41.5</ele>
      </trkpt>
      <trkpt lat="35.000858" lon="126.878965">
        <ele>34.25</ele>
      </trkpt>
      <trkpt lat="35.000662" lon="126.88077">
        <ele>23.5</ele>
      </trkpt>
      <trkpt lat="35.000575" lon="126.881609">
        <ele>24.25</ele>
      </trkpt>
      <trkpt lat="35.000308" lon="126.883674">
        <ele>26.75</ele>
      </trkpt>
      <trkpt lat="35.000277" lon="126.884188">
        <ele>27.75</ele>
      </trkpt>
      <trkpt lat="35.000595" lon="126.886663">
        <ele>24.5</ele>
      </trkpt>
      <trkpt lat="35.000684" lon="126.887427">
        <ele>25.5</ele>
      </trkpt>
      <trkpt lat="35.000662" lon="126.887806">
        <ele>25.75</ele>
      </trkpt>
      <trkpt lat="35.000618" lon="126.888525">
        <ele>25.5</ele>
      </trkpt>
      <trkpt lat="35.000506" lon="126.890108">
        <ele>25</ele>
      </trkpt>
      <trkpt lat="35.00046" lon="126.89076">
        <ele>26.25</ele>
      </trkpt>
      <trkpt lat="35.00037" lon="126.89236">
        <ele>26.25</ele>
      </trkpt>
      <trkpt lat="35.000196" lon="126.89477">
        <ele>26.25</ele>
      </trkpt>
      <trkpt lat="35.000034" lon="126.897153">
        <ele>27</ele>
      </trkpt>
      <trkpt lat="35.00002" lon="126.89764">
        <ele>27.75</ele>
      </trkpt>
      <trkpt lat="34.99996" lon="126.89858">
        <ele>27.75</ele>
      </trkpt>
      <trkpt lat="34.99989" lon="126.8994">
        <ele>27.5</ele>
      </trkpt>
      <trkpt lat="34.99984" lon="126.90047">
        <ele>27.5</ele>
      </trkpt>
      <trkpt lat="34.99979" lon="126.90107">
        <ele>28</ele>
      </trkpt>
      <trkpt lat="34.999741" lon="126.901767">
        <ele>28.25</ele>
      </trkpt>
      <trkpt lat="34.99967" lon="126.90308">
        <ele>28.5</ele>
      </trkpt>
      <trkpt lat="34.99962" lon="126.90344">
        <ele>28.25</ele>
      </trkpt>
      <trkpt lat="34.99956" lon="126.90424">
        <ele>28.5</ele>
      </trkpt>
      <trkpt lat="34.99951" lon="126.90463">
        <ele>28.75</ele>
      </trkpt>
      <trkpt lat="34.999375" lon="126.905559">
        <ele>29</ele>
      </trkpt>
      <trkpt lat="34.99932" lon="126.906">
        <ele>28.75</ele>
      </trkpt>
      <trkpt lat="34.999035" lon="126.907908">
        <ele>29.25</ele>
      </trkpt>
      <trkpt lat="34.99886" lon="126.90906">
        <ele>30</ele>
      </trkpt>
      <trkpt lat="34.9987322062534" lon="126.910216212273">
        <ele>29</ele>
      </trkpt>
      <trkpt lat="34.999768" lon="126.910126">
        <ele>29</ele>
      </trkpt>
      <trkpt lat="35.00004" lon="126.9101">
        <ele>28.75</ele>
      </trkpt>
      <trkpt lat="35.00055" lon="126.91005">
        <ele>29</ele>
      </trkpt>
      <trkpt lat="35.00111" lon="126.91001">
        <ele>29</ele>
      </trkpt>
      <trkpt lat="35.00183" lon="126.90997">
        <ele>28.75</ele>
      </trkpt>
      <trkpt lat="35.00304" lon="126.909883">
        <ele>27.25</ele>
      </trkpt>
      <trkpt lat="35.00429" lon="126.909795">
        <ele>28.75</ele>
      </trkpt>
      <trkpt lat="35.005926" lon="126.909646">
        <ele>29</ele>
      </trkpt>
      <trkpt lat="35.00679" lon="126.90958">
        <ele>28.75</ele>
      </trkpt>
      <trkpt lat="35.0077" lon="126.909528">
        <ele>26.75</ele>
      </trkpt>
      <trkpt lat="35.00809" lon="126.90948">
        <ele>25.75</ele>
      </trkpt>
      <trkpt lat="35.00843" lon="126.90949">
        <ele>25.25</ele>
      </trkpt>
      <trkpt lat="35.010551" lon="126.909688">
        <ele>27.25</ele>
      </trkpt>
      <trkpt lat="35.010958" lon="126.909722">
        <ele>28</ele>
      </trkpt>
      <trkpt lat="35.011418" lon="126.909717">
        <ele>27.75</ele>
      </trkpt>
      <trkpt lat="35.012058" lon="126.909624">
        <ele>28.75</ele>
      </trkpt>
      <trkpt lat="35.01265" lon="126.909642">
        <ele>30.25</ele>
      </trkpt>
      <trkpt lat="35.013409" lon="126.909746">
        <ele>32</ele>
      </trkpt>
      <trkpt lat="35.015013" lon="126.909956">
        <ele>33</ele>
      </trkpt>
      <trkpt lat="35.015544" lon="126.910022">
        <ele>33.5</ele>
      </trkpt>
      <trkpt lat="35.015873" lon="126.909996">
        <ele>33.75</ele>
      </trkpt>
      <trkpt lat="35.016222" lon="126.909932">
        <ele>33.75</ele>
      </trkpt>
      <trkpt lat="35.016815" lon="126.909754">
        <ele>33.75</ele>
      </trkpt>
      <trkpt lat="35.017119" lon="126.909655">
        <ele>34</ele>
      </trkpt>
      <trkpt lat="35.017527" lon="126.909489">
        <ele>34.5</ele>
      </trkpt>
      <trkpt lat="35.0178" lon="126.909378">
        <ele>35.75</ele>
      </trkpt>
      <trkpt lat="35.01804" lon="126.90925">
        <ele>36.75</ele>
      </trkpt>
      <trkpt lat="35.01839" lon="126.90878">
        <ele>40</ele>
      </trkpt>
      <trkpt lat="35.01879" lon="126.90842">
        <ele>41.75</ele>
      </trkpt>
      <trkpt lat="35.01922" lon="126.908">
        <ele>46.75</ele>
      </trkpt>
      <trkpt lat="35.01945" lon="126.90783">
        <ele>45.75</ele>
      </trkpt>
      <trkpt lat="35.02051" lon="126.90708">
        <ele>39.5</ele>
      </trkpt>
      <trkpt lat="35.02113" lon="126.90659">
        <ele>38.5</ele>
      </trkpt>
      <trkpt lat="35.021537" lon="126.906287">
        <ele>38</ele>
      </trkpt>
      <trkpt lat="35.02219" lon="126.9058">
        <ele>38.5</ele>
      </trkpt>
      <trkpt lat="35.02282" lon="126.90531">
        <ele>39.75</ele>
      </trkpt>
      <trkpt lat="35.023226" lon="126.90508">
        <ele>40.75</ele>
      </trkpt>
      <trkpt lat="35.02356" lon="126.90489">
        <ele>41.25</ele>
      </trkpt>
      <trkpt lat="35.023912" lon="126.904753">
        <ele>41.75</ele>
      </trkpt>
      <trkpt lat="35.02441" lon="126.90502">
        <ele>41.25</ele>
      </trkpt>
      <trkpt lat="35.024816" lon="126.905621">
        <ele>42.5</ele>
      </trkpt>
      <trkpt lat="35.02506" lon="126.90598">
        <ele>44.25</ele>
      </trkpt>
      <trkpt lat="35.02551" lon="126.90669">
        <ele>52</ele>
      </trkpt>
      <trkpt lat="35.02603" lon="126.90721">
        <ele>55.75</ele>
      </trkpt>
      <trkpt lat="35.02631" lon="126.90747">
        <ele>56.25</ele>
      </trkpt>
      <trkpt lat="35.02675" lon="126.90778">
        <ele>59.25</ele>
      </trkpt>
      <trkpt lat="35.02719" lon="126.90802">
        <ele>58.5</ele>
      </trkpt>
      <trkpt lat="35.02773" lon="126.90821">
        <ele>52.25</ele>
      </trkpt>
      <trkpt lat="35.02872" lon="126.90859">
        <ele>49.75</ele>
      </trkpt>
      <trkpt lat="35.02916" lon="126.90869">
        <ele>49.25</ele>
      </trkpt>
      <trkpt lat="35.02972" lon="126.90864">
        <ele>48.75</ele>
      </trkpt>
      <trkpt lat="35.03024" lon="126.90853">
        <ele>48.25</ele>
      </trkpt>
      <trkpt lat="35.03079" lon="126.90838">
        <ele>48</ele>
      </trkpt>
      <trkpt lat="35.031502" lon="126.908164">
        <ele>49.25</ele>
      </trkpt>
      <trkpt lat="35.03175" lon="126.908057">
        <ele>49</ele>
      </trkpt>
      <trkpt lat="35.032401" lon="126.907577">
        <ele>47.75</ele>
      </trkpt>
      <trkpt lat="35.032716" lon="126.907411">
        <ele>47.5</ele>
      </trkpt>
      <trkpt lat="35.03438" lon="126.90686">
        <ele>49.5</ele>
      </trkpt>
      <trkpt lat="35.03569" lon="126.90647">
        <ele>49.5</ele>
      </trkpt>
      <trkpt lat="35.03683" lon="126.90607">
        <ele>51</ele>
      </trkpt>
      <trkpt lat="35.03722" lon="126.90597">
        <ele>52.5</ele>
      </trkpt>
      <trkpt lat="35.03811" lon="126.9057">
        <ele>53.75</ele>
      </trkpt>
      <trkpt lat="35.039042" lon="126.905253">
        <ele>55.25</ele>
      </trkpt>
      <trkpt lat="35.039774" lon="126.904861">
        <ele>53</ele>
      </trkpt>
      <trkpt lat="35.041521" lon="126.903953">
        <ele>53</ele>
      </trkpt>
      <trkpt lat="35.041806" lon="126.903818">
        <ele>53.25</ele>
      </trkpt>
      <trkpt lat="35.042272" lon="126.903669">
        <ele>54</ele>
      </trkpt>
      <trkpt lat="35.042676" lon="126.903635">
        <ele>54.75</ele>
      </trkpt>
      <trkpt lat="35.043247" lon="126.903723">
        <ele>56.5</ele>
      </trkpt>
      <trkpt lat="35.043686" lon="126.903885">
        <ele>57</ele>
      </trkpt>
      <trkpt lat="35.044188" lon="126.904187">
        <ele>57</ele>
      </trkpt>
      <trkpt lat="35.044845" lon="126.904627">
        <ele>58.5</ele>
      </trkpt>
      <trkpt lat="35.045422" lon="126.905093">
        <ele>63.25</ele>
      </trkpt>
      <trkpt lat="35.045953" lon="126.905018">
        <ele>63</ele>
      </trkpt>
      <trkpt lat="35.046404" lon="126.905094">
        <ele>63.25</ele>
      </trkpt>
      <trkpt lat="35.04698" lon="126.90519">
        <ele>62.25</ele>
      </trkpt>
      <trkpt lat="35.04748" lon="126.90535">
        <ele>60</ele>
      </trkpt>
      <trkpt lat="35.047955" lon="126.905521">
        <ele>60</ele>
      </trkpt>
      <trkpt lat="35.048225" lon="126.905608">
        <ele>60</ele>
      </trkpt>
      <trkpt lat="35.04863" lon="126.90562">
        <ele>60.75</ele>
      </trkpt>
      <trkpt lat="35.04894" lon="126.90555">
        <ele>61.5</ele>
      </trkpt>
      <trkpt lat="35.04922" lon="126.90542">
        <ele>62</ele>
      </trkpt>
      <trkpt lat="35.049861" lon="126.904984">
        <ele>62.75</ele>
      </trkpt>
      <trkpt lat="35.05013" lon="126.904791">
        <ele>63.5</ele>
      </trkpt>
      <trkpt lat="35.05197" lon="126.90352">
        <ele>67.5</ele>
      </trkpt>
      <trkpt lat="35.05308" lon="126.90277">
        <ele>69.75</ele>
      </trkpt>
      <trkpt lat="35.05423" lon="126.90201">
        <ele>84.25</ele>
      </trkpt>
      <trkpt lat="35.05513" lon="126.90136">
        <ele>84</ele>
      </trkpt>
      <trkpt lat="35.05558" lon="126.90092">
        <ele>88.75</ele>
      </trkpt>
      <trkpt lat="35.05601" lon="126.90044">
        <ele>99.5</ele>
      </trkpt>
      <trkpt lat="35.05658" lon="126.89983">
        <ele>93.5</ele>
      </trkpt>
      <trkpt lat="35.05723" lon="126.899">
        <ele>97</ele>
      </trkpt>
      <trkpt lat="35.05737" lon="126.89864">
        <ele>101</ele>
      </trkpt>
      <trkpt lat="35.05709" lon="126.89729">
        <ele>104.5</ele>
      </trkpt>
      <trkpt lat="35.057" lon="126.8968">
        <ele>99.25</ele>
      </trkpt>
      <trkpt lat="35.05688" lon="126.89529">
        <ele>90.5</ele>
      </trkpt>
      <trkpt lat="35.05683" lon="126.89418">
        <ele>86.75</ele>
      </trkpt>
      <trkpt lat="35.0568" lon="126.89379">
        <ele>83.5</ele>
      </trkpt>
      <trkpt lat="35.05688" lon="126.89323">
        <ele>81.75</ele>
      </trkpt>
      <trkpt lat="35.057" lon="126.89291">
        <ele>80.25</ele>
      </trkpt>
      <trkpt lat="35.0572" lon="126.89249">
        <ele>76.75</ele>
      </trkpt>
      <trkpt lat="35.05749" lon="126.89185">
        <ele>73.75</ele>
      </trkpt>
      <trkpt lat="35.05762" lon="126.89147">
        <ele>74.25</ele>
      </trkpt>
      <trkpt lat="35.05805" lon="126.88895">
        <ele>72.75</ele>
      </trkpt>
      <trkpt lat="35.05814" lon="126.88833">
        <ele>70.75</ele>
      </trkpt>
      <trkpt lat="35.05814" lon="126.88768">
        <ele>65.5</ele>
      </trkpt>
      <trkpt lat="35.05807" lon="126.88723">
        <ele>61.5</ele>
      </trkpt>
      <trkpt lat="35.05791" lon="126.88648">
        <ele>57.25</ele>
      </trkpt>
      <trkpt lat="35.05765" lon="126.88536">
        <ele>61.25</ele>
      </trkpt>
      <trkpt lat="35.05729" lon="126.88403">
        <ele>65</ele>
      </trkpt>
      <trkpt lat="35.05709" lon="126.88313">
        <ele>59.25</ele>
      </trkpt>
      <trkpt lat="35.05671" lon="126.88075">
        <ele>47.5</ele>
      </trkpt>
      <trkpt lat="35.05669" lon="126.8804">
        <ele>46.25</ele>
      </trkpt>
      <trkpt lat="35.05696" lon="126.87922">
        <ele>48</ele>
      </trkpt>
      <trkpt lat="35.05711" lon="126.87859">
        <ele>49.5</ele>
      </trkpt>
      <trkpt lat="35.05712" lon="126.8776">
        <ele>48</ele>
      </trkpt>
      <trkpt lat="35.057" lon="126.87624">
        <ele>45.5</ele>
      </trkpt>
      <trkpt lat="35.05688" lon="126.8752">
        <ele>44</ele>
      </trkpt>
      <trkpt lat="35.05669" lon="126.8732">
        <ele>41.5</ele>
      </trkpt>
      <trkpt lat="35.05655" lon="126.87292">
        <ele>40</ele>
      </trkpt>
      <trkpt lat="35.05649" lon="126.87254">
        <ele>39.25</ele>
      </trkpt>
      <trkpt lat="35.05645" lon="126.87221">
        <ele>38.25</ele>
      </trkpt>
      <trkpt lat="35.056079" lon="126.871503">
        <ele>35.25</ele>
      </trkpt>
      <trkpt lat="35.055753" lon="126.870943">
        <ele>34</ele>
      </trkpt>
      <trkpt lat="35.055585" lon="126.87067">
        <ele>33.25</ele>
      </trkpt>
      <trkpt lat="35.055335" lon="126.870241">
        <ele>32.75</ele>
      </trkpt>
      <trkpt lat="35.055152" lon="126.869944">
        <ele>33</ele>
      </trkpt>
      <trkpt lat="35.054778" lon="126.869362">
        <ele>34.75</ele>
      </trkpt>
      <trkpt lat="35.055611" lon="126.869421">
        <ele>39.5</ele>
      </trkpt>
      <trkpt lat="35.056372" lon="126.869421">
        <ele>40.75</ele>
      </trkpt>
      <trkpt lat="35.056777" lon="126.869439">
        <ele>40</ele>
      </trkpt>
      <trkpt lat="35.057276" lon="126.869141">
        <ele>39.5</ele>
      </trkpt>
      <trkpt lat="35.057608" lon="126.869162">
        <ele>37.25</ele>
      </trkpt>
      <trkpt lat="35.05789" lon="126.869248">
        <ele>37.5</ele>
      </trkpt>
      <trkpt lat="35.05824" lon="126.869227">
        <ele>38.5</ele>
      </trkpt>
      <trkpt lat="35.058533" lon="126.869116">
        <ele>39.25</ele>
      </trkpt>
      <trkpt lat="35.058798" lon="126.868918">
        <ele>42</ele>
      </trkpt>
      <trkpt lat="35.059241" lon="126.868517">
        <ele>47.75</ele>
      </trkpt>
      <trkpt lat="35.059426299742" lon="126.868464946747">
        <ele>52</ele>
      </trkpt>
      <trkpt lat="35.059658" lon="126.86876">
        <ele>40.75</ele>
      </trkpt>
      <trkpt lat="35.060022" lon="126.869334">
        <ele>38.25</ele>
      </trkpt>
      <trkpt lat="35.060002" lon="126.869736">
        <ele>39.25</ele>
      </trkpt>
      <trkpt lat="35.059964" lon="126.870083">
        <ele>40</ele>
      </trkpt>
      <trkpt lat="35.060408" lon="126.870039">
        <ele>40.5</ele>
      </trkpt>
      <trkpt lat="35.0611" lon="126.870002">
        <ele>42.25</ele>
      </trkpt>
      <trkpt lat="35.061779" lon="126.870063">
        <ele>46.5</ele>
      </trkpt>
      <trkpt lat="35.062322" lon="126.870177">
        <ele>52.25</ele>
      </trkpt>
      <trkpt lat="35.062751" lon="126.870299">
        <ele>54.5</ele>
      </trkpt>
      <trkpt lat="35.06309" lon="126.870421">
        <ele>54.25</ele>
      </trkpt>
      <trkpt lat="35.063556" lon="126.870392">
        <ele>54.75</ele>
      </trkpt>
      <trkpt lat="35.064248" lon="126.870161">
        <ele>57.25</ele>
      </trkpt>
      <trkpt lat="35.064714" lon="126.870039">
        <ele>56.75</ele>
      </trkpt>
      <trkpt lat="35.066032" lon="126.87001">
        <ele>57.75</ele>
      </trkpt>
      <trkpt lat="35.066312" lon="126.869994">
        <ele>56.75</ele>
      </trkpt>
      <trkpt lat="35.067014" lon="126.870482">
        <ele>63</ele>
      </trkpt>
      <trkpt lat="35.067353" lon="126.870734">
        <ele>62.75</ele>
      </trkpt>
      <trkpt lat="35.067629" lon="126.870706">
        <ele>60.25</ele>
      </trkpt>
      <trkpt lat="35.068108" lon="126.870429">
        <ele>57.75</ele>
      </trkpt>
      <trkpt lat="35.068375" lon="126.87051">
        <ele>57.5</ele>
      </trkpt>
      <trkpt lat="35.068671" lon="126.870807">
        <ele>58.25</ele>
      </trkpt>
      <trkpt lat="35.06892" lon="126.871084">
        <ele>59.5</ele>
      </trkpt>
      <trkpt lat="35.069273" lon="126.871189">
        <ele>61.25</ele>
      </trkpt>
      <trkpt lat="35.069566" lon="126.871189">
        <ele>63.75</ele>
      </trkpt>
      <trkpt lat="35.069835" lon="126.871267">
        <ele>65.5</ele>
      </trkpt>
      <trkpt lat="35.070384" lon="126.87158">
        <ele>66.25</ele>
      </trkpt>
      <trkpt lat="35.070664" lon="126.871669">
        <ele>66.25</ele>
      </trkpt>
      <trkpt lat="35.071083" lon="126.871645">
        <ele>69</ele>
      </trkpt>
      <trkpt lat="35.071735" lon="126.871559">
        <ele>73.5</ele>
      </trkpt>
      <trkpt lat="35.072045" lon="126.871604">
        <ele>73.75</ele>
      </trkpt>
      <trkpt lat="35.072294" lon="126.871706">
        <ele>75</ele>
      </trkpt>
      <trkpt lat="35.072843" lon="126.872149">
        <ele>83</ele>
      </trkpt>
      <trkpt lat="35.073099" lon="126.872372">
        <ele>83.5</ele>
      </trkpt>
      <trkpt lat="35.073442" lon="126.872555">
        <ele>83.75</ele>
      </trkpt>
      <trkpt lat="35.073725" lon="126.87275">
        <ele>87.75</ele>
      </trkpt>
      <trkpt lat="35.073984" lon="126.873003">
        <ele>90.25</ele>
      </trkpt>
      <trkpt lat="35.07456" lon="126.872937">
        <ele>90.5</ele>
      </trkpt>
      <trkpt lat="35.074873" lon="126.872933">
        <ele>92.25</ele>
      </trkpt>
      <trkpt lat="35.075232" lon="126.873055">
        <ele>93</ele>
      </trkpt>
      <trkpt lat="35.075512" lon="126.872848">
        <ele>89.75</ele>
      </trkpt>
      <trkpt lat="35.075738" lon="126.872572">
        <ele>83.5</ele>
      </trkpt>
      <trkpt lat="35.076051" lon="126.872441">
        <ele>77.75</ele>
      </trkpt>
      <trkpt lat="35.077351" lon="126.872665">
        <ele>73.5</ele>
      </trkpt>
      <trkpt lat="35.079484" lon="126.872572">
        <ele>66.25</ele>
      </trkpt>
      <trkpt lat="35.080582" lon="126.872584">
        <ele>62.25</ele>
      </trkpt>
      <trkpt lat="35.081307" lon="126.872657">
        <ele>60</ele>
      </trkpt>
      <trkpt lat="35.081674" lon="126.872759">
        <ele>57.75</ele>
      </trkpt>
      <trkpt lat="35.082079" lon="126.872872">
        <ele>56</ele>
      </trkpt>
      <trkpt lat="35.083899" lon="126.873161">
        <ele>50.5</ele>
      </trkpt>
      <trkpt lat="35.08493" lon="126.873364">
        <ele>51</ele>
      </trkpt>
      <trkpt lat="35.085271" lon="126.873477">
        <ele>52.5</ele>
      </trkpt>
      <trkpt lat="35.085501" lon="126.873289">
        <ele>51.75</ele>
      </trkpt>
      <trkpt lat="35.085814" lon="126.873423">
        <ele>53.25</ele>
      </trkpt>
      <trkpt lat="35.086011" lon="126.873186">
        <ele>50.75</ele>
      </trkpt>
      <trkpt lat="35.085859" lon="126.872666">
        <ele>48.75</ele>
      </trkpt>
      <trkpt lat="35.085263" lon="126.871346">
        <ele>43.5</ele>
      </trkpt>
      <trkpt lat="35.08497" lon="126.870716">
        <ele>42</ele>
      </trkpt>
      <trkpt lat="35.084571" lon="126.869843">
        <ele>41.5</ele>
      </trkpt>
      <trkpt lat="35.084318" lon="126.86917">
        <ele>41.25</ele>
      </trkpt>
      <trkpt lat="35.084839" lon="126.868452">
        <ele>39</ele>
      </trkpt>
      <trkpt lat="35.085015" lon="126.868159">
        <ele>39</ele>
      </trkpt>
      <trkpt lat="35.085106" lon="126.867822">
        <ele>39</ele>
      </trkpt>
      <trkpt lat="35.085131" lon="126.867412">
        <ele>39</ele>
      </trkpt>
      <trkpt lat="35.085037" lon="126.866814">
        <ele>38</ele>
      </trkpt>
      <trkpt lat="35.084993" lon="126.866369">
        <ele>37.75</ele>
      </trkpt>
      <trkpt lat="35.085049" lon="126.865916">
        <ele>38</ele>
      </trkpt>
      <trkpt lat="35.085167" lon="126.865618">
        <ele>37.5</ele>
      </trkpt>
      <trkpt lat="35.085604" lon="126.864839">
        <ele>37</ele>
      </trkpt>
      <trkpt lat="35.085777" lon="126.864531">
        <ele>36.75</ele>
      </trkpt>
      <trkpt lat="35.086288" lon="126.863381">
        <ele>39</ele>
      </trkpt>
      <trkpt lat="35.086805" lon="126.862709">
        <ele>39</ele>
      </trkpt>
      <trkpt lat="35.087039" lon="126.862246">
        <ele>38.25</ele>
      </trkpt>
      <trkpt lat="35.087231" lon="126.86157">
        <ele>36.75</ele>
      </trkpt>
      <trkpt lat="35.087338" lon="126.861002">
        <ele>37.25</ele>
      </trkpt>
      <trkpt lat="35.08738" lon="126.860485">
        <ele>37.25</ele>
      </trkpt>
      <trkpt lat="35.087414" lon="126.86008">
        <ele>37.5</ele>
      </trkpt>
      <trkpt lat="35.08751" lon="126.85974">
        <ele>36.25</ele>
      </trkpt>
      <trkpt lat="35.0878" lon="126.859078">
        <ele>33.75</ele>
      </trkpt>
      <trkpt lat="35.088266" lon="126.858145">
        <ele>33.75</ele>
      </trkpt>
      <trkpt lat="35.08878" lon="126.857108">
        <ele>33.25</ele>
      </trkpt>
      <trkpt lat="35.089318" lon="126.856003">
        <ele>34.5</ele>
      </trkpt>
      <trkpt lat="35.089539" lon="126.855533">
        <ele>34.5</ele>
      </trkpt>
      <trkpt lat="35.089789" lon="126.855015">
        <ele>35.75</ele>
      </trkpt>
      <trkpt lat="35.090134" lon="126.854395">
        <ele>36.5</ele>
      </trkpt>
      <trkpt lat="35.090531" lon="126.853712">
        <ele>35.75</ele>
      </trkpt>
      <trkpt lat="35.09067" lon="126.853315">
        <ele>33</ele>
      </trkpt>
      <trkpt lat="35.090811" lon="126.853017">
        <ele>32</ele>
      </trkpt>
      <trkpt lat="35.09118" lon="126.852923">
        <ele>31.25</ele>
      </trkpt>
      <trkpt lat="35.091558" lon="126.85296">
        <ele>31.25</ele>
      </trkpt>
      <trkpt lat="35.091899" lon="126.852996">
        <ele>30.75</ele>
      </trkpt>
      <trkpt lat="35.092346" lon="126.852822">
        <ele>28.75</ele>
      </trkpt>
      <trkpt lat="35.094764" lon="126.85103">
        <ele>28.75</ele>
      </trkpt>
      <trkpt lat="35.095536" lon="126.850511">
        <ele>34.25</ele>
      </trkpt>
      <trkpt lat="35.096458" lon="126.850071">
        <ele>35.75</ele>
      </trkpt>
      <trkpt lat="35.096884" lon="126.849846">
        <ele>36</ele>
      </trkpt>
      <trkpt lat="35.097555" lon="126.849353">
        <ele>38.5</ele>
      </trkpt>
      <trkpt lat="35.0986" lon="126.848467">
        <ele>40</ele>
      </trkpt>
      <trkpt lat="35.098964" lon="126.848226">
        <ele>40.5</ele>
      </trkpt>
      <trkpt lat="35.099328" lon="126.848086">
        <ele>41</ele>
      </trkpt>
      <trkpt lat="35.099693" lon="126.848053">
        <ele>41.25</ele>
      </trkpt>
      <trkpt lat="35.100007" lon="126.848068">
        <ele>41.5</ele>
      </trkpt>
      <trkpt lat="35.101633" lon="126.848352">
        <ele>40.5</ele>
      </trkpt>
      <trkpt lat="35.101955" lon="126.848373">
        <ele>41.75</ele>
      </trkpt>
      <trkpt lat="35.102216" lon="126.848372">
        <ele>42.75</ele>
      </trkpt>
      <trkpt lat="35.102926" lon="126.848294">
        <ele>47.5</ele>
      </trkpt>
      <trkpt lat="35.104875" lon="126.847811">
        <ele>70</ele>
      </trkpt>
      <trkpt lat="35.105319" lon="126.847739">
        <ele>70</ele>
      </trkpt>
      <trkpt lat="35.109922" lon="126.847717">
        <ele>40.75</ele>
      </trkpt>
      <trkpt lat="35.111322" lon="126.847723">
        <ele>37.25</ele>
      </trkpt>
      <trkpt lat="35.111708" lon="126.847674">
        <ele>38.25</ele>
      </trkpt>
      <trkpt lat="35.112002" lon="126.847605">
        <ele>38.25</ele>
      </trkpt>
      <trkpt lat="35.11259" lon="126.847292">
        <ele>38</ele>
      </trkpt>
      <trkpt lat="35.112451" lon="126.845692">
        <ele>44</ele>
      </trkpt>
      <trkpt lat="35.112443" lon="126.845372">
        <ele>45.5</ele>
      </trkpt>
      <trkpt lat="35.112282" lon="126.844776">
        <ele>48.25</ele>
      </trkpt>
      <trkpt lat="35.112881" lon="126.844347">
        <ele>43.5</ele>
      </trkpt>
      <trkpt lat="35.113357" lon="126.84396">
        <ele>41.25</ele>
      </trkpt>
      <trkpt lat="35.113322" lon="126.843289">
        <ele>39.25</ele>
      </trkpt>
      <trkpt lat="35.112693" lon="126.842179">
        <ele>40.5</ele>
      </trkpt>
      <trkpt lat="35.112038" lon="126.841025">
        <ele>42</ele>
      </trkpt>
      <trkpt lat="35.111664" lon="126.840398">
        <ele>39</ele>
      </trkpt>
      <trkpt lat="35.111286" lon="126.839175">
        <ele>38.5</ele>
      </trkpt>
      <trkpt lat="35.111242" lon="126.838558">
        <ele>40</ele>
      </trkpt>
      <trkpt lat="35.111203" lon="126.838113">
        <ele>40.5</ele>
      </trkpt>
      <trkpt lat="35.110858" lon="126.837378">
        <ele>34.5</ele>
      </trkpt>
      <trkpt lat="35.110628" lon="126.836364">
        <ele>34</ele>
      </trkpt>
      <trkpt lat="35.110558" lon="126.83564">
        <ele>33.25</ele>
      </trkpt>
      <trkpt lat="35.110722" lon="126.834846">
        <ele>33.25</ele>
      </trkpt>
      <trkpt lat="35.111092" lon="126.834171">
        <ele>34.75</ele>
      </trkpt>
      <trkpt lat="35.111331" lon="126.833465">
        <ele>34.5</ele>
      </trkpt>
      <trkpt lat="35.11151" lon="126.832582">
        <ele>34.75</ele>
      </trkpt>
      <trkpt lat="35.111514" lon="126.831917">
        <ele>33.5</ele>
      </trkpt>
      <trkpt lat="35.111365" lon="126.831354">
        <ele>32.25</ele>
      </trkpt>
      <trkpt lat="35.111225" lon="126.830914">
        <ele>31.25</ele>
      </trkpt>
      <trkpt lat="35.110847" lon="126.830029">
        <ele>29</ele>
      </trkpt>
      <trkpt lat="35.110694" lon="126.829573">
        <ele>26</ele>
      </trkpt>
      <trkpt lat="35.110705" lon="126.829119">
        <ele>24.75</ele>
      </trkpt>
      <trkpt lat="35.1116327126667" lon="126.829422712326">
        <ele>24</ele>
      </trkpt>
      <trkpt lat="35.1134933182216" lon="126.829551458359">
        <ele>16</ele>
      </trkpt>
      <trkpt lat="35.1153889858471" lon="126.829841136932">
        <ele>16</ele>
      </trkpt>
      <trkpt lat="35.1165298756582" lon="126.830345392227">
        <ele>20</ele>
      </trkpt>
      <trkpt lat="35.117117866476" lon="126.830806732178">
        <ele>17</ele>
      </trkpt>
      <trkpt lat="35.117977905104" lon="126.830388307571">
        <ele>17</ele>
      </trkpt>
      <trkpt lat="35.1182675079048" lon="126.830044984818">
        <ele>17</ele>
      </trkpt>
      <trkpt lat="35.1184869032806" lon="126.829197406769">
        <ele>21</ele>
      </trkpt>
      <trkpt lat="35.1186536433711" lon="126.828752160072">
        <ele>13</ele>
      </trkpt>
      <trkpt lat="35.118837934653" lon="126.828500032425">
        <ele>13</ele>
      </trkpt>
      <trkpt lat="35.1191538615949" lon="126.828382015228">
        <ele>13</ele>
      </trkpt>
      <trkpt lat="35.1193206003203" lon="126.828263998032">
        <ele>14</ele>
      </trkpt>
      <trkpt lat="35.1200884716246" lon="126.827046275139">
        <ele>14</ele>
      </trkpt>
      <trkpt lat="35.1206632734069" lon="126.826434731483">
        <ele>12</ele>
      </trkpt>
      <trkpt lat="35.1207159268025" lon="126.826305985451">
        <ele>12</ele>
      </trkpt>
      <trkpt lat="35.120911" lon="126.826202">
        <ele>14.75</ele>
      </trkpt>
      <trkpt lat="35.122859" lon="126.825337">
        <ele>13</ele>
      </trkpt>
      <trkpt lat="35.12329" lon="126.825138">
        <ele>13</ele>
      </trkpt>
      <trkpt lat="35.12463" lon="126.824523">
        <ele>13.75</ele>
      </trkpt>
      <trkpt lat="35.125956" lon="126.823932">
        <ele>14</ele>
      </trkpt>
      <trkpt lat="35.12648" lon="126.823693">
        <ele>13.25</ele>
      </trkpt>
      <trkpt lat="35.127582" lon="126.823213">
        <ele>13.75</ele>
      </trkpt>
      <trkpt lat="35.12805" lon="126.82302">
        <ele>14.75</ele>
      </trkpt>
      <trkpt lat="35.128458" lon="126.822843">
        <ele>15</ele>
      </trkpt>
      <trkpt lat="35.12894" lon="126.822645">
        <ele>13.5</ele>
      </trkpt>
      <trkpt lat="35.129233" lon="126.82254">
        <ele>13</ele>
      </trkpt>
      <trkpt lat="35.129704" lon="126.822391">
        <ele>12.5</ele>
      </trkpt>
      <trkpt lat="35.130294" lon="126.822295">
        <ele>13.25</ele>
      </trkpt>
      <trkpt lat="35.130728" lon="126.822295">
        <ele>14.25</ele>
      </trkpt>
      <trkpt lat="35.131138" lon="126.822346">
        <ele>14.5</ele>
      </trkpt>
      <trkpt lat="35.13211" lon="126.82262">
        <ele>13.5</ele>
      </trkpt>
      <trkpt lat="35.13351" lon="126.82364">
        <ele>13</ele>
      </trkpt>
      <trkpt lat="35.134432" lon="126.824736">
        <ele>15.5</ele>
      </trkpt>
      <trkpt lat="35.134804" lon="126.825158">
        <ele>15</ele>
      </trkpt>
      <trkpt lat="35.136191" lon="126.826788">
        <ele>14.75</ele>
      </trkpt>
      <trkpt lat="35.136653" lon="126.827249">
        <ele>14.75</ele>
      </trkpt>
      <trkpt lat="35.13789" lon="126.82848">
        <ele>15.25</ele>
      </trkpt>
      <trkpt lat="35.138669" lon="126.829053">
        <ele>14.25</ele>
      </trkpt>
      <trkpt lat="35.138971" lon="126.829275">
        <ele>14.5</ele>
      </trkpt>
      <trkpt lat="35.13946" lon="126.829555">
        <ele>15.5</ele>
      </trkpt>
      <trkpt lat="35.14007" lon="126.829711">
        <ele>17.25</ele>
      </trkpt>
      <trkpt lat="35.140437" lon="126.829837">
        <ele>18</ele>
      </trkpt>
      <trkpt lat="35.140687" lon="126.829746">
        <ele>17.5</ele>
      </trkpt>
      <trkpt lat="35.140973" lon="126.829881">
        <ele>17.5</ele>
      </trkpt>
      <trkpt lat="35.141284" lon="126.830089">
        <ele>16.25</ele>
      </trkpt>
      <trkpt lat="35.141513" lon="126.830293">
        <ele>15.5</ele>
      </trkpt>
      <trkpt lat="35.141759" lon="126.830431">
        <ele>15</ele>
      </trkpt>
      <trkpt lat="35.14222" lon="126.830611">
        <ele>13.5</ele>
      </trkpt>
      <trkpt lat="35.142819" lon="126.830753">
        <ele>12.25</ele>
      </trkpt>
      <trkpt lat="35.143512" lon="126.831009">
        <ele>12.5</ele>
      </trkpt>
      <trkpt lat="35.144249" lon="126.830817">
        <ele>12.75</ele>
      </trkpt>
      <trkpt lat="35.144517" lon="126.830758">
        <ele>12</ele>
      </trkpt>
      <trkpt lat="35.145435" lon="126.830737">
        <ele>11.75</ele>
      </trkpt>
      <trkpt lat="35.146366" lon="126.830637">
        <ele>12.5</ele>
      </trkpt>
      <trkpt lat="35.146688" lon="126.830627">
        <ele>13.25</ele>
      </trkpt>
      <trkpt lat="35.147217" lon="126.830593">
        <ele>13.5</ele>
      </trkpt>
      <trkpt lat="35.147592" lon="126.830606">
        <ele>13.75</ele>
      </trkpt>
      <trkpt lat="35.148047" lon="126.830737">
        <ele>14</ele>
      </trkpt>
      <trkpt lat="35.148342" lon="126.830881">
        <ele>14</ele>
      </trkpt>
      <trkpt lat="35.148605" lon="126.831052">
        <ele>13.75</ele>
      </trkpt>
      <trkpt lat="35.149487" lon="126.831654">
        <ele>12</ele>
      </trkpt>
      <trkpt lat="35.150082" lon="126.831072">
        <ele>12</ele>
      </trkpt>
      <trkpt lat="35.150293" lon="126.830766">
        <ele>13.75</ele>
      </trkpt>
      <trkpt lat="35.150357" lon="126.830214">
        <ele>15.25</ele>
      </trkpt>
      <trkpt lat="35.150461" lon="126.829585">
        <ele>15.25</ele>
      </trkpt>
      <trkpt lat="35.15067" lon="126.829207">
        <ele>14.75</ele>
      </trkpt>
      <trkpt lat="35.150922" lon="126.828909">
        <ele>14</ele>
      </trkpt>
      <trkpt lat="35.151167" lon="126.828722">
        <ele>14</ele>
      </trkpt>
      <trkpt lat="35.153225" lon="126.827857">
        <ele>12.5</ele>
      </trkpt>
      <trkpt lat="35.153452" lon="126.827529">
        <ele>11.25</ele>
      </trkpt>
      <trkpt lat="35.153913" lon="126.827562">
        <ele>11.75</ele>
      </trkpt>
      <trkpt lat="35.154428" lon="126.827386">
        <ele>13</ele>
      </trkpt>
      <trkpt lat="35.1558" lon="126.826877">
        <ele>13.5</ele>
      </trkpt>
      <trkpt lat="35.156062" lon="126.82671">
        <ele>13.5</ele>
      </trkpt>
      <trkpt lat="35.156536" lon="126.826616">
        <ele>14.5</ele>
      </trkpt>
      <trkpt lat="35.157605" lon="126.826328">
        <ele>14.25</ele>
      </trkpt>
      <trkpt lat="35.158473" lon="126.82614">
        <ele>13.25</ele>
      </trkpt>
      <trkpt lat="35.159247" lon="126.826032">
        <ele>14.5</ele>
      </trkpt>
      <trkpt lat="35.159714" lon="126.826011">
        <ele>15</ele>
      </trkpt>
      <trkpt lat="35.160976" lon="126.826129">
        <ele>14.25</ele>
      </trkpt>
      <trkpt lat="35.161278" lon="126.826176">
        <ele>14.25</ele>
      </trkpt>
      <trkpt lat="35.161666" lon="126.826259">
        <ele>14.5</ele>
      </trkpt>
      <trkpt lat="35.162037" lon="126.826362">
        <ele>14.75</ele>
      </trkpt>
      <trkpt lat="35.163169" lon="126.82675">
        <ele>14.25</ele>
      </trkpt>
      <trkpt lat="35.163429" lon="126.82679">
        <ele>14.25</ele>
      </trkpt>
      <trkpt lat="35.163659" lon="126.826942">
        <ele>15</ele>
      </trkpt>
      <trkpt lat="35.164575" lon="126.82745">
        <ele>16.75</ele>
      </trkpt>
      <trkpt lat="35.165485" lon="126.828038">
        <ele>16</ele>
      </trkpt>
      <trkpt lat="35.165871" lon="126.828314">
        <ele>15.75</ele>
      </trkpt>
      <trkpt lat="35.166257" lon="126.828623">
        <ele>16.75</ele>
      </trkpt>
      <trkpt lat="35.167221" lon="126.829552">
        <ele>13.75</ele>
      </trkpt>
      <trkpt lat="35.167542" lon="126.829884">
        <ele>12.75</ele>
      </trkpt>
      <trkpt lat="35.167837" lon="126.830264">
        <ele>13.75</ele>
      </trkpt>
      <trkpt lat="35.168136" lon="126.830689">
        <ele>14.75</ele>
      </trkpt>
      <trkpt lat="35.168454" lon="126.831213">
        <ele>15.25</ele>
      </trkpt>
      <trkpt lat="35.168772" lon="126.831752">
        <ele>15</ele>
      </trkpt>
      <trkpt lat="35.169051" lon="126.831964">
        <ele>15.5</ele>
      </trkpt>
      <trkpt lat="35.169264" lon="126.832317">
        <ele>16.5</ele>
      </trkpt>
      <trkpt lat="35.169549" lon="126.833349">
        <ele>19</ele>
      </trkpt>
      <trkpt lat="35.169686" lon="126.834011">
        <ele>23.25</ele>
      </trkpt>
      <trkpt lat="35.169343" lon="126.834599">
        <ele>21.5</ele>
      </trkpt>
      <trkpt lat="35.169147" lon="126.835245">
        <ele>18</ele>
      </trkpt>
      <trkpt lat="35.169162" lon="126.835934">
        <ele>18.25</ele>
      </trkpt>
      <trkpt lat="35.169045" lon="126.836226">
        <ele>19.75</ele>
      </trkpt>
      <trkpt lat="35.169587" lon="126.836906">
        <ele>18.25</ele>
      </trkpt>
      <trkpt lat="35.17014" lon="126.837497">
        <ele>17.25</ele>
      </trkpt>
      <trkpt lat="35.17052" lon="126.837793">
        <ele>15.75</ele>
      </trkpt>
      <trkpt lat="35.17251" lon="126.838837">
        <ele>15.5</ele>
      </trkpt>
      <trkpt lat="35.172872" lon="126.839049">
        <ele>15.75</ele>
      </trkpt>
      <trkpt lat="35.173269" lon="126.839312">
        <ele>15.75</ele>
      </trkpt>
      <trkpt lat="35.174491" lon="126.840121">
        <ele>16.5</ele>
      </trkpt>
      <trkpt lat="35.176125" lon="126.841392">
        <ele>18</ele>
      </trkpt>
      <trkpt lat="35.176633" lon="126.841844">
        <ele>19.25</ele>
      </trkpt>
      <trkpt lat="35.176709" lon="126.842191">
        <ele>20</ele>
      </trkpt>
      <trkpt lat="35.176902" lon="126.842445">
        <ele>20.25</ele>
      </trkpt>
      <trkpt lat="35.177162" lon="126.842486">
        <ele>19.75</ele>
      </trkpt>
      <trkpt lat="35.177441" lon="126.842465">
        <ele>19</ele>
      </trkpt>
      <trkpt lat="35.177815" lon="126.842457">
        <ele>18.5</ele>
      </trkpt>
      <trkpt lat="35.178069" lon="126.842592">
        <ele>18.25</ele>
      </trkpt>
      <trkpt lat="35.178312" lon="126.842802">
        <ele>18</ele>
      </trkpt>
      <trkpt lat="35.178507" lon="126.843055">
        <ele>18</ele>
      </trkpt>
      <trkpt lat="35.178693" lon="126.84342">
        <ele>18</ele>
      </trkpt>
      <trkpt lat="35.178822" lon="126.843725">
        <ele>17.5</ele>
      </trkpt>
      <trkpt lat="35.178982" lon="126.844275">
        <ele>16.75</ele>
      </trkpt>
      <trkpt lat="35.179043" lon="126.844596">
        <ele>17.25</ele>
      </trkpt>
      <trkpt lat="35.179094" lon="126.845205">
        <ele>17.75</ele>
      </trkpt>
      <trkpt lat="35.179097" lon="126.846465">
        <ele>16.5</ele>
      </trkpt>
      <trkpt lat="35.179098" lon="126.846966">
        <ele>16.25</ele>
      </trkpt>
      <trkpt lat="35.1791" lon="126.847651">
        <ele>16.75</ele>
      </trkpt>
      <trkpt lat="35.179134" lon="126.848647">
        <ele>15.5</ele>
      </trkpt>
      <trkpt lat="35.179153" lon="126.84915">
        <ele>15</ele>
      </trkpt>
      <trkpt lat="35.179175" lon="126.849766">
        <ele>15.5</ele>
      </trkpt>
      <trkpt lat="35.179264" lon="126.851173">
        <ele>17</ele>
      </trkpt>
      <trkpt lat="35.179411" lon="126.851818">
        <ele>18.25</ele>
      </trkpt>
      <trkpt lat="35.179672" lon="126.852619">
        <ele>17.25</ele>
      </trkpt>
      <trkpt lat="35.179921" lon="126.853387">
        <ele>17.75</ele>
      </trkpt>
      <trkpt lat="35.180658" lon="126.855763">
        <ele>18.75</ele>
      </trkpt>
      <trkpt lat="35.180898" lon="126.85636">
        <ele>19</ele>
      </trkpt>
      <trkpt lat="35.181068" lon="126.856783">
        <ele>19.25</ele>
      </trkpt>
      <trkpt lat="35.181591" lon="126.857518">
        <ele>20.25</ele>
      </trkpt>
      <trkpt lat="35.18223" lon="126.857963">
        <ele>20</ele>
      </trkpt>
      <trkpt lat="35.182543" lon="126.858129">
        <ele>19.75</ele>
      </trkpt>
      <trkpt lat="35.182764" lon="126.858462">
        <ele>20.25</ele>
      </trkpt>
      <trkpt lat="35.183156" lon="126.858792">
        <ele>20.25</ele>
      </trkpt>
      <trkpt lat="35.183756" lon="126.859345">
        <ele>21</ele>
      </trkpt>
      <trkpt lat="35.184026" lon="126.859528">
        <ele>22.25</ele>
      </trkpt>
      <trkpt lat="35.184289" lon="126.859693">
        <ele>22.5</ele>
      </trkpt>
      <trkpt lat="35.184576" lon="126.859821">
        <ele>21.5</ele>
      </trkpt>
      <trkpt lat="35.185101" lon="126.860029">
        <ele>18.75</ele>
      </trkpt>
      <trkpt lat="35.185433" lon="126.86019">
        <ele>19</ele>
      </trkpt>
      <trkpt lat="35.185716" lon="126.860359">
        <ele>18.75</ele>
      </trkpt>
      <trkpt lat="35.186003" lon="126.860551">
        <ele>19.5</ele>
      </trkpt>
      <trkpt lat="35.186455" lon="126.860859">
        <ele>21.75</ele>
      </trkpt>
      <trkpt lat="35.186751" lon="126.861025">
        <ele>22</ele>
      </trkpt>
      <trkpt lat="35.18703" lon="126.861088">
        <ele>21.25</ele>
      </trkpt>
      <trkpt lat="35.187403" lon="126.861046">
        <ele>19.75</ele>
      </trkpt>
      <trkpt lat="35.187812" lon="126.860942">
        <ele>19.25</ele>
      </trkpt>
      <trkpt lat="35.188092" lon="126.860904">
        <ele>19</ele>
      </trkpt>
      <trkpt lat="35.188421" lon="126.860964">
        <ele>19.25</ele>
      </trkpt>
      <trkpt lat="35.188667" lon="126.861164">
        <ele>20</ele>
      </trkpt>
      <trkpt lat="35.189248" lon="126.86191">
        <ele>22.25</ele>
      </trkpt>
      <trkpt lat="35.18949" lon="126.862073">
        <ele>23</ele>
      </trkpt>
      <trkpt lat="35.190517" lon="126.862064">
        <ele>23</ele>
      </trkpt>
      <trkpt lat="35.191558" lon="126.862052">
        <ele>19.75</ele>
      </trkpt>
      <trkpt lat="35.191826" lon="126.862012">
        <ele>19.5</ele>
      </trkpt>
      <trkpt lat="35.192082" lon="126.861935">
        <ele>19.5</ele>
      </trkpt>
      <trkpt lat="35.192407" lon="126.861867">
        <ele>19.5</ele>
      </trkpt>
      <trkpt lat="35.192917" lon="126.861793">
        <ele>19.5</ele>
      </trkpt>
      <trkpt lat="35.193214" lon="126.86178">
        <ele>18.25</ele>
      </trkpt>
      <trkpt lat="35.19361" lon="126.861992">
        <ele>18.5</ele>
      </trkpt>
      <trkpt lat="35.194028" lon="126.861841">
        <ele>18.5</ele>
      </trkpt>
      <trkpt lat="35.194345" lon="126.861679">
        <ele>18.75</ele>
      </trkpt>
      <trkpt lat="35.194671" lon="126.86149">
        <ele>18.5</ele>
      </trkpt>
      <trkpt lat="35.195077" lon="126.861208">
        <ele>18</ele>
      </trkpt>
      <trkpt lat="35.195341" lon="126.860986">
        <ele>18.5</ele>
      </trkpt>
      <trkpt lat="35.195628" lon="126.860702">
        <ele>19.5</ele>
      </trkpt>
      <trkpt lat="35.195847" lon="126.860488">
        <ele>19.5</ele>
      </trkpt>
      <trkpt lat="35.196224" lon="126.860086">
        <ele>19</ele>
      </trkpt>
      <trkpt lat="35.196428" lon="126.859505">
        <ele>19</ele>
      </trkpt>
      <trkpt lat="35.198076" lon="126.85768">
        <ele>19.75</ele>
      </trkpt>
      <trkpt lat="35.198524" lon="126.857155">
        <ele>20</ele>
      </trkpt>
      <trkpt lat="35.198756" lon="126.856961">
        <ele>20.25</ele>
      </trkpt>
      <trkpt lat="35.199053" lon="126.856754">
        <ele>20.75</ele>
      </trkpt>
      <trkpt lat="35.199493" lon="126.856522">
        <ele>20.5</ele>
      </trkpt>
      <trkpt lat="35.199822" lon="126.856369">
        <ele>20</ele>
      </trkpt>
      <trkpt lat="35.200482" lon="126.856187">
        <ele>20.5</ele>
      </trkpt>
      <trkpt lat="35.201191" lon="126.85612">
        <ele>20</ele>
      </trkpt>
      <trkpt lat="35.202666" lon="126.85607">
        <ele>18.75</ele>
      </trkpt>
      <trkpt lat="35.202937" lon="126.856218">
        <ele>19.5</ele>
      </trkpt>
      <trkpt lat="35.204979" lon="126.856149">
        <ele>21.25</ele>
      </trkpt>
      <trkpt lat="35.205399" lon="126.856072">
        <ele>21.75</ele>
      </trkpt>
      <trkpt lat="35.205685" lon="126.856168">
        <ele>22.5</ele>
      </trkpt>
      <trkpt lat="35.2058776789401" lon="126.856378912926">
        <ele>22</ele>
      </trkpt>
      <trkpt lat="35.206175735285" lon="126.856491565704">
        <ele>22</ele>
      </trkpt>
      <trkpt lat="35.2061406698895" lon="126.858975291252">
        <ele>23</ele>
      </trkpt>
      <trkpt lat="35.2063598283633" lon="126.858996748924">
        <ele>23</ele>
      </trkpt>
      <trkpt lat="35.2063795525969" lon="126.861416101456">
        <ele>19</ele>
      </trkpt>
    </trkseg>
  </trk>
</gpx>