<?xml version="1.0" encoding="UTF-8"?>
<gpx xmlns="http://www.topografix.com/GPX/1/1" creator="MTK - http://www.toursprung.com" version="1.1" xmlns:xsi="http://www.w3.org/2001/XMLSchema-instance" xsi:schemaLocation="http://www.topografix.com/GPX/1/1 http://www.topografix.com/GPX/1/1/gpx.xsd">
<metadata>
<name>S300-T_240912</name>
</metadata>
<wpt lat="37.614908" lon="127.072072" sectionIndex="0" pointIndex="1" type="Generic"><name>Start</name><ele>18.8</ele><type>GENERIC</type><note>Start</note></wpt>
<wpt lat="37.747885" lon="127.187908" sectionIndex="0" pointIndex="625" type="Generic"><name>CP1 봉선사</name><ele>81.3</ele><type>GENERIC</type><note>CP1 봉선사</note></wpt>
<wpt lat="37.857554" lon="127.265761" sectionIndex="0" pointIndex="1243" type="Generic"><name>CP2 수원산</name><ele>517.8</ele><type>GENERIC</type><note>CP2 수원산</note></wpt>
<wpt lat="37.818149" lon="127.348653" sectionIndex="0" pointIndex="1739" type="Generic"><name>CP3 현리 농협</name><ele>127.5</ele><type>GENERIC</type><note>CP3 현리 농협</note></wpt>
<wpt lat="38.051043" lon="127.380883" sectionIndex="0" pointIndex="2102" type="Generic"><name>CP4 이동 폭포</name><ele>184.5</ele><type>GENERIC</type><note>CP4 이동 폭포</note></wpt>
<wpt lat="38.060998" lon="127.327288" sectionIndex="0" pointIndex="2451" type="Right"><name>Turn Right</name><ele>290.2</ele><type>RIGHT</type><note>Turn Right</note></wpt>
<wpt lat="38.071834" lon="127.323622" sectionIndex="0" pointIndex="2528" type="Generic"><name>CP5 돌담병원</name><ele>228.0</ele><type>GENERIC</type><note>CP5 돌담병원</note></wpt>
<wpt lat="38.209766" lon="127.266808" sectionIndex="0" pointIndex="2970" type="Generic"><name>CP6 직탕폭포</name><ele>172.0</ele><type>GENERIC</type><note>CP6 직탕폭포</note></wpt>
<wpt lat="38.210108" lon="127.266716" sectionIndex="0" pointIndex="2971" type="Danger"><name>CAUTION</name><ele>170.9</ele><type>DANGER</type><note>CAUTION</note></wpt>
<wpt lat="37.985315" lon="126.862154" sectionIndex="0" pointIndex="4210" type="Generic"><name>CP7 호로고루</name><ele>25.0</ele><type>GENERIC</type><note>CP7 호로고루</note></wpt>
<wpt lat="37.920647" lon="127.215606" sectionIndex="0" pointIndex="5150" type="Generic"><name>CP8 가채리 7-11</name><ele>92.5</ele><type>GENERIC</type><note>CP8 가채리 7-11</note></wpt>
<wpt lat="37.755938" lon="127.078301" sectionIndex="0" pointIndex="5537" type="Left"><name>Turn Left</name><ele>51.0</ele><type>LEFT</type><note>Turn Left</note></wpt>
<wpt lat="37.619417" lon="127.073390" sectionIndex="0" pointIndex="5891" type="Generic"><name>Finish</name><ele>24.0</ele><type>GENERIC</type><note>Finish</note></wpt>
<trk>
<name>S300-T_240912</name>
<trkseg>
<trkpt lat="37.614890" lon="127.072070" sectionIndex="0" pointIndex="0" originalElevation="21.9" isOriginalElevationFromOSM="true"><ele>21.9</ele></trkpt>
<trkpt lat="37.614908" lon="127.072072" sectionIndex="0" pointIndex="1" originalElevation="14.0" isOriginalElevationFromOSM="false"><ele>18.8</ele></trkpt>
<trkpt lat="37.615150" lon="127.072100" sectionIndex="0" pointIndex="2" originalElevation="20.6" isOriginalElevationFromOSM="true"><ele>16.4</ele></trkpt>
<trkpt lat="37.615770" lon="127.072060" sectionIndex="0" pointIndex="3" originalElevation="13.1" isOriginalElevationFromOSM="true"><ele>15.0</ele></trkpt>
<trkpt lat="37.615870" lon="127.072000" sectionIndex="0" pointIndex="4" originalElevation="12.4" isOriginalElevationFromOSM="true"><ele>16.0</ele></trkpt>
<trkpt lat="37.616150" lon="127.071930" sectionIndex="0" pointIndex="5" originalElevation="14.8" isOriginalElevationFromOSM="true"><ele>15.9</ele></trkpt>
<trkpt lat="37.616630" lon="127.071780" sectionIndex="0" pointIndex="6" originalElevation="19.0" isOriginalElevationFromOSM="true"><ele>17.5</ele></trkpt>
<trkpt lat="37.617000" lon="127.071690" sectionIndex="0" pointIndex="7" originalElevation="20.3" isOriginalElevationFromOSM="true"><ele>19.4</ele></trkpt>
<trkpt lat="37.617170" lon="127.071660" sectionIndex="0" pointIndex="8" originalElevation="20.8" isOriginalElevationFromOSM="true"><ele>20.6</ele></trkpt>
<trkpt lat="37.617570" lon="127.071650" sectionIndex="0" pointIndex="9" originalElevation="22.3" isOriginalElevationFromOSM="true"><ele>20.1</ele></trkpt>
<trkpt lat="37.618760" lon="127.071700" sectionIndex="0" pointIndex="10" originalElevation="20.6" isOriginalElevationFromOSM="true"><ele>19.6</ele></trkpt>
<trkpt lat="37.619210" lon="127.071700" sectionIndex="0" pointIndex="11" originalElevation="16.6" isOriginalElevationFromOSM="true"><ele>19.1</ele></trkpt>
<trkpt lat="37.619510" lon="127.071660" sectionIndex="0" pointIndex="12" originalElevation="17.6" isOriginalElevationFromOSM="true"><ele>18.8</ele></trkpt>
<trkpt lat="37.620530" lon="127.071470" sectionIndex="0" pointIndex="13" originalElevation="18.3" isOriginalElevationFromOSM="true"><ele>19.2</ele></trkpt>
<trkpt lat="37.621440" lon="127.071210" sectionIndex="0" pointIndex="14" originalElevation="20.7" isOriginalElevationFromOSM="true"><ele>20.3</ele></trkpt>
<trkpt lat="37.624030" lon="127.070320" sectionIndex="0" pointIndex="15" originalElevation="22.7" isOriginalElevationFromOSM="true"><ele>20.8</ele></trkpt>
<trkpt lat="37.624470" lon="127.070140" sectionIndex="0" pointIndex="16" originalElevation="22.0" isOriginalElevationFromOSM="true"><ele>21.1</ele></trkpt>
<trkpt lat="37.624860" lon="127.069910" sectionIndex="0" pointIndex="17" originalElevation="20.4" isOriginalElevationFromOSM="true"><ele>21.1</ele></trkpt>
<trkpt lat="37.625060" lon="127.069770" sectionIndex="0" pointIndex="18" originalElevation="19.9" isOriginalElevationFromOSM="true"><ele>20.9</ele></trkpt>
<trkpt lat="37.625330" lon="127.069550" sectionIndex="0" pointIndex="19" originalElevation="20.5" isOriginalElevationFromOSM="true"><ele>20.7</ele></trkpt>
<trkpt lat="37.625630" lon="127.069240" sectionIndex="0" pointIndex="20" originalElevation="21.9" isOriginalElevationFromOSM="true"><ele>21.6</ele></trkpt>
<trkpt lat="37.626360" lon="127.068300" sectionIndex="0" pointIndex="21" originalElevation="20.9" isOriginalElevationFromOSM="true"><ele>22.5</ele></trkpt>
<trkpt lat="37.626860" lon="127.067630" sectionIndex="0" pointIndex="22" originalElevation="24.6" isOriginalElevationFromOSM="true"><ele>23.0</ele></trkpt>
<trkpt lat="37.627050" lon="127.067400" sectionIndex="0" pointIndex="23" originalElevation="24.5" isOriginalElevationFromOSM="true"><ele>22.9</ele></trkpt>
<trkpt lat="37.627830" lon="127.066390" sectionIndex="0" pointIndex="24" originalElevation="23.0" isOriginalElevationFromOSM="true"><ele>22.9</ele></trkpt>
<trkpt lat="37.628180" lon="127.066000" sectionIndex="0" pointIndex="25" originalElevation="21.3" isOriginalElevationFromOSM="true"><ele>22.6</ele></trkpt>
<trkpt lat="37.628450" lon="127.065730" sectionIndex="0" pointIndex="26" originalElevation="21.3" isOriginalElevationFromOSM="true"><ele>22.6</ele></trkpt>
<trkpt lat="37.628790" lon="127.065470" sectionIndex="0" pointIndex="27" originalElevation="23.0" isOriginalElevationFromOSM="true"><ele>23.3</ele></trkpt>
<trkpt lat="37.628990" lon="127.065350" sectionIndex="0" pointIndex="28" originalElevation="24.5" isOriginalElevationFromOSM="true"><ele>24.0</ele></trkpt>
<trkpt lat="37.629310" lon="127.065200" sectionIndex="0" pointIndex="29" originalElevation="26.2" isOriginalElevationFromOSM="true"><ele>24.3</ele></trkpt>
<trkpt lat="37.629750" lon="127.065080" sectionIndex="0" pointIndex="30" originalElevation="25.1" isOriginalElevationFromOSM="true"><ele>23.9</ele></trkpt>
<trkpt lat="37.630370" lon="127.064970" sectionIndex="0" pointIndex="31" originalElevation="22.7" isOriginalElevationFromOSM="true"><ele>23.8</ele></trkpt>
<trkpt lat="37.630820" lon="127.064840" sectionIndex="0" pointIndex="32" originalElevation="21.0" isOriginalElevationFromOSM="true"><ele>23.5</ele></trkpt>
<trkpt lat="37.631370" lon="127.064700" sectionIndex="0" pointIndex="33" originalElevation="23.8" isOriginalElevationFromOSM="true"><ele>23.4</ele></trkpt>
<trkpt lat="37.631620" lon="127.064600" sectionIndex="0" pointIndex="34" originalElevation="24.8" isOriginalElevationFromOSM="true"><ele>23.3</ele></trkpt>
<trkpt lat="37.631860" lon="127.064480" sectionIndex="0" pointIndex="35" originalElevation="24.6" isOriginalElevationFromOSM="true"><ele>23.3</ele></trkpt>
<trkpt lat="37.632340" lon="127.064140" sectionIndex="0" pointIndex="36" originalElevation="22.2" isOriginalElevationFromOSM="true"><ele>23.2</ele></trkpt>
<trkpt lat="37.632630" lon="127.063860" sectionIndex="0" pointIndex="37" originalElevation="21.3" isOriginalElevationFromOSM="true"><ele>23.0</ele></trkpt>
<trkpt lat="37.633060" lon="127.063360" sectionIndex="0" pointIndex="38" originalElevation="22.9" isOriginalElevationFromOSM="true"><ele>23.1</ele></trkpt>
<trkpt lat="37.633400" lon="127.062930" sectionIndex="0" pointIndex="39" originalElevation="24.0" isOriginalElevationFromOSM="true"><ele>23.3</ele></trkpt>
<trkpt lat="37.634230" lon="127.062000" sectionIndex="0" pointIndex="40" originalElevation="24.9" isOriginalElevationFromOSM="true"><ele>23.9</ele></trkpt>
<trkpt lat="37.635360" lon="127.060880" sectionIndex="0" pointIndex="41" originalElevation="23.3" isOriginalElevationFromOSM="true"><ele>24.3</ele></trkpt>
<trkpt lat="37.635710" lon="127.060580" sectionIndex="0" pointIndex="42" originalElevation="24.6" isOriginalElevationFromOSM="true"><ele>24.4</ele></trkpt>
<trkpt lat="37.635990" lon="127.060390" sectionIndex="0" pointIndex="43" originalElevation="24.7" isOriginalElevationFromOSM="true"><ele>24.5</ele></trkpt>
<trkpt lat="37.636220" lon="127.060270" sectionIndex="0" pointIndex="44" originalElevation="24.7" isOriginalElevationFromOSM="true"><ele>24.8</ele></trkpt>
<trkpt lat="37.636480" lon="127.060160" sectionIndex="0" pointIndex="45" originalElevation="25.0" isOriginalElevationFromOSM="true"><ele>25.3</ele></trkpt>
<trkpt lat="37.636680" lon="127.060010" sectionIndex="0" pointIndex="46" originalElevation="25.1" isOriginalElevationFromOSM="true"><ele>25.6</ele></trkpt>
<trkpt lat="37.637140" lon="127.059880" sectionIndex="0" pointIndex="47" originalElevation="26.9" isOriginalElevationFromOSM="true"><ele>25.6</ele></trkpt>
<trkpt lat="37.637640" lon="127.059530" sectionIndex="0" pointIndex="48" originalElevation="26.1" isOriginalElevationFromOSM="true"><ele>25.5</ele></trkpt>
<trkpt lat="37.637820" lon="127.059370" sectionIndex="0" pointIndex="49" originalElevation="25.0" isOriginalElevationFromOSM="true"><ele>25.3</ele></trkpt>
<trkpt lat="37.638030" lon="127.059100" sectionIndex="0" pointIndex="50" originalElevation="24.3" isOriginalElevationFromOSM="true"><ele>24.4</ele></trkpt>
<trkpt lat="37.639260" lon="127.057420" sectionIndex="0" pointIndex="51" originalElevation="24.2" isOriginalElevationFromOSM="true"><ele>24.0</ele></trkpt>
<trkpt lat="37.639920" lon="127.056550" sectionIndex="0" pointIndex="52" originalElevation="22.6" isOriginalElevationFromOSM="true"><ele>23.7</ele></trkpt>
<trkpt lat="37.640120" lon="127.056330" sectionIndex="0" pointIndex="53" originalElevation="23.9" isOriginalElevationFromOSM="true"><ele>22.6</ele></trkpt>
<trkpt lat="37.640340" lon="127.056210" sectionIndex="0" pointIndex="54" originalElevation="23.6" isOriginalElevationFromOSM="true"><ele>21.3</ele></trkpt>
<trkpt lat="37.641300" lon="127.055890" sectionIndex="0" pointIndex="55" originalElevation="18.6" isOriginalElevationFromOSM="true"><ele>20.3</ele></trkpt>
<trkpt lat="37.642230" lon="127.055670" sectionIndex="0" pointIndex="56" originalElevation="17.8" isOriginalElevationFromOSM="true"><ele>20.0</ele></trkpt>
<trkpt lat="37.642390" lon="127.055660" sectionIndex="0" pointIndex="57" originalElevation="17.8" isOriginalElevationFromOSM="true"><ele>19.7</ele></trkpt>
<trkpt lat="37.643380" lon="127.055730" sectionIndex="0" pointIndex="58" originalElevation="22.0" isOriginalElevationFromOSM="true"><ele>20.7</ele></trkpt>
<trkpt lat="37.643620" lon="127.055780" sectionIndex="0" pointIndex="59" originalElevation="22.3" isOriginalElevationFromOSM="true"><ele>22.0</ele></trkpt>
<trkpt lat="37.645170" lon="127.056330" sectionIndex="0" pointIndex="60" originalElevation="23.7" isOriginalElevationFromOSM="true"><ele>23.4</ele></trkpt>
<trkpt lat="37.645370" lon="127.056390" sectionIndex="0" pointIndex="61" originalElevation="24.0" isOriginalElevationFromOSM="true"><ele>24.0</ele></trkpt>
<trkpt lat="37.646170" lon="127.056450" sectionIndex="0" pointIndex="62" originalElevation="24.9" isOriginalElevationFromOSM="true"><ele>23.8</ele></trkpt>
<trkpt lat="37.646260" lon="127.056430" sectionIndex="0" pointIndex="63" originalElevation="25.0" isOriginalElevationFromOSM="true"><ele>23.6</ele></trkpt>
<trkpt lat="37.647510" lon="127.055880" sectionIndex="0" pointIndex="64" originalElevation="21.5" isOriginalElevationFromOSM="true"><ele>24.1</ele></trkpt>
<trkpt lat="37.647750" lon="127.055750" sectionIndex="0" pointIndex="65" originalElevation="22.6" isOriginalElevationFromOSM="true"><ele>24.4</ele></trkpt>
<trkpt lat="37.649570" lon="127.055020" sectionIndex="0" pointIndex="66" originalElevation="26.6" isOriginalElevationFromOSM="true"><ele>24.9</ele></trkpt>
<trkpt lat="37.650360" lon="127.054760" sectionIndex="0" pointIndex="67" originalElevation="26.2" isOriginalElevationFromOSM="true"><ele>26.0</ele></trkpt>
<trkpt lat="37.652950" lon="127.054610" sectionIndex="0" pointIndex="68" originalElevation="27.7" isOriginalElevationFromOSM="true"><ele>26.7</ele></trkpt>
<trkpt lat="37.653960" lon="127.054570" sectionIndex="0" pointIndex="69" originalElevation="27.1" isOriginalElevationFromOSM="true"><ele>26.2</ele></trkpt>
<trkpt lat="37.654360" lon="127.054570" sectionIndex="0" pointIndex="70" originalElevation="26.1" isOriginalElevationFromOSM="true"><ele>25.9</ele></trkpt>
<trkpt lat="37.655040" lon="127.054630" sectionIndex="0" pointIndex="71" originalElevation="24.1" isOriginalElevationFromOSM="true"><ele>25.2</ele></trkpt>
<trkpt lat="37.655400" lon="127.054590" sectionIndex="0" pointIndex="72" originalElevation="24.3" isOriginalElevationFromOSM="true"><ele>24.7</ele></trkpt>
<trkpt lat="37.655800" lon="127.054490" sectionIndex="0" pointIndex="73" originalElevation="24.5" isOriginalElevationFromOSM="true"><ele>25.5</ele></trkpt>
<trkpt lat="37.656060" lon="127.054390" sectionIndex="0" pointIndex="74" originalElevation="24.7" isOriginalElevationFromOSM="true"><ele>26.4</ele></trkpt>
<trkpt lat="37.658330" lon="127.053270" sectionIndex="0" pointIndex="75" originalElevation="29.8" isOriginalElevationFromOSM="true"><ele>27.2</ele></trkpt>
<trkpt lat="37.659590" lon="127.052550" sectionIndex="0" pointIndex="76" originalElevation="28.8" isOriginalElevationFromOSM="true"><ele>27.8</ele></trkpt>
<trkpt lat="37.660100" lon="127.052330" sectionIndex="0" pointIndex="77" originalElevation="28.4" isOriginalElevationFromOSM="true"><ele>28.0</ele></trkpt>
<trkpt lat="37.660370" lon="127.052240" sectionIndex="0" pointIndex="78" originalElevation="27.3" isOriginalElevationFromOSM="true"><ele>26.8</ele></trkpt>
<trkpt lat="37.660900" lon="127.052130" sectionIndex="0" pointIndex="79" originalElevation="25.7" isOriginalElevationFromOSM="true"><ele>26.4</ele></trkpt>
<trkpt lat="37.661760" lon="127.052030" sectionIndex="0" pointIndex="80" originalElevation="23.9" isOriginalElevationFromOSM="true"><ele>26.1</ele></trkpt>
<trkpt lat="37.662520" lon="127.051890" sectionIndex="0" pointIndex="81" originalElevation="26.8" isOriginalElevationFromOSM="true"><ele>26.1</ele></trkpt>
<trkpt lat="37.662800" lon="127.051860" sectionIndex="0" pointIndex="82" originalElevation="27.0" isOriginalElevationFromOSM="true"><ele>26.6</ele></trkpt>
<trkpt lat="37.663110" lon="127.051840" sectionIndex="0" pointIndex="83" originalElevation="27.2" isOriginalElevationFromOSM="true"><ele>27.8</ele></trkpt>
<trkpt lat="37.663570" lon="127.051780" sectionIndex="0" pointIndex="84" originalElevation="28.0" isOriginalElevationFromOSM="true"><ele>28.5</ele></trkpt>
<trkpt lat="37.664380" lon="127.051610" sectionIndex="0" pointIndex="85" originalElevation="30.0" isOriginalElevationFromOSM="true"><ele>29.2</ele></trkpt>
<trkpt lat="37.664670" lon="127.051530" sectionIndex="0" pointIndex="86" originalElevation="30.1" isOriginalElevationFromOSM="true"><ele>30.2</ele></trkpt>
<trkpt lat="37.665080" lon="127.051350" sectionIndex="0" pointIndex="87" originalElevation="30.5" isOriginalElevationFromOSM="true"><ele>31.1</ele></trkpt>
<trkpt lat="37.665360" lon="127.051190" sectionIndex="0" pointIndex="88" originalElevation="32.5" isOriginalElevationFromOSM="true"><ele>31.2</ele></trkpt>
<trkpt lat="37.666810" lon="127.050330" sectionIndex="0" pointIndex="89" originalElevation="32.2" isOriginalElevationFromOSM="true"><ele>31.1</ele></trkpt>
<trkpt lat="37.667010" lon="127.050170" sectionIndex="0" pointIndex="90" originalElevation="30.9" isOriginalElevationFromOSM="true"><ele>30.9</ele></trkpt>
<trkpt lat="37.667170" lon="127.049980" sectionIndex="0" pointIndex="91" originalElevation="29.7" isOriginalElevationFromOSM="true"><ele>30.0</ele></trkpt>
<trkpt lat="37.667260" lon="127.049930" sectionIndex="0" pointIndex="92" originalElevation="29.3" isOriginalElevationFromOSM="true"><ele>29.3</ele></trkpt>
<trkpt lat="37.667630" lon="127.049730" sectionIndex="0" pointIndex="93" originalElevation="28.1" isOriginalElevationFromOSM="true"><ele>29.1</ele></trkpt>
<trkpt lat="37.668390" lon="127.049460" sectionIndex="0" pointIndex="94" originalElevation="28.4" isOriginalElevationFromOSM="true"><ele>29.3</ele></trkpt>
<trkpt lat="37.668860" lon="127.049390" sectionIndex="0" pointIndex="95" originalElevation="29.8" isOriginalElevationFromOSM="true"><ele>30.4</ele></trkpt>
<trkpt lat="37.669090" lon="127.049420" sectionIndex="0" pointIndex="96" originalElevation="30.7" isOriginalElevationFromOSM="true"><ele>31.4</ele></trkpt>
<trkpt lat="37.671130" lon="127.049400" sectionIndex="0" pointIndex="97" originalElevation="35.1" isOriginalElevationFromOSM="true"><ele>32.3</ele></trkpt>
<trkpt lat="37.672150" lon="127.049410" sectionIndex="0" pointIndex="98" originalElevation="33.3" isOriginalElevationFromOSM="true"><ele>32.9</ele></trkpt>
<trkpt lat="37.672880" lon="127.049460" sectionIndex="0" pointIndex="99" originalElevation="32.7" isOriginalElevationFromOSM="true"><ele>33.2</ele></trkpt>
<trkpt lat="37.673340" lon="127.049540" sectionIndex="0" pointIndex="100" originalElevation="32.5" isOriginalElevationFromOSM="true"><ele>32.6</ele></trkpt>
<trkpt lat="37.673550" lon="127.049620" sectionIndex="0" pointIndex="101" originalElevation="32.6" isOriginalElevationFromOSM="true"><ele>32.4</ele></trkpt>
<trkpt lat="37.673749" lon="127.049656" sectionIndex="0" pointIndex="102" originalElevation="32.0" isOriginalElevationFromOSM="false"><ele>32.2</ele></trkpt>
<trkpt lat="37.673792" lon="127.049652" sectionIndex="0" pointIndex="103" originalElevation="32.0" isOriginalElevationFromOSM="false"><ele>32.1</ele></trkpt>
<trkpt lat="37.673800" lon="127.049596" sectionIndex="0" pointIndex="104" originalElevation="32.0" isOriginalElevationFromOSM="false"><ele>32.0</ele></trkpt>
<trkpt lat="37.673808" lon="127.049540" sectionIndex="0" pointIndex="105" originalElevation="32.0" isOriginalElevationFromOSM="false"><ele>32.0</ele></trkpt>
<trkpt lat="37.673816" lon="127.049484" sectionIndex="0" pointIndex="106" originalElevation="32.0" isOriginalElevationFromOSM="false"><ele>32.0</ele></trkpt>
<trkpt lat="37.673824" lon="127.049428" sectionIndex="0" pointIndex="107" originalElevation="32.0" isOriginalElevationFromOSM="false"><ele>32.0</ele></trkpt>
<trkpt lat="37.673832" lon="127.049372" sectionIndex="0" pointIndex="108" originalElevation="32.0" isOriginalElevationFromOSM="false"><ele>32.0</ele></trkpt>
<trkpt lat="37.673839" lon="127.049317" sectionIndex="0" pointIndex="109" originalElevation="32.0" isOriginalElevationFromOSM="false"><ele>32.0</ele></trkpt>
<trkpt lat="37.673847" lon="127.049261" sectionIndex="0" pointIndex="110" originalElevation="32.0" isOriginalElevationFromOSM="false"><ele>32.0</ele></trkpt>
<trkpt lat="37.673855" lon="127.049205" sectionIndex="0" pointIndex="111" originalElevation="32.0" isOriginalElevationFromOSM="false"><ele>32.0</ele></trkpt>
<trkpt lat="37.673863" lon="127.049149" sectionIndex="0" pointIndex="112" originalElevation="32.0" isOriginalElevationFromOSM="false"><ele>32.0</ele></trkpt>
<trkpt lat="37.673871" lon="127.049093" sectionIndex="0" pointIndex="113" originalElevation="32.0" isOriginalElevationFromOSM="false"><ele>32.0</ele></trkpt>
<trkpt lat="37.673879" lon="127.049037" sectionIndex="0" pointIndex="114" originalElevation="32.0" isOriginalElevationFromOSM="false"><ele>32.0</ele></trkpt>
<trkpt lat="37.673887" lon="127.048981" sectionIndex="0" pointIndex="115" originalElevation="32.0" isOriginalElevationFromOSM="false"><ele>32.0</ele></trkpt>
<trkpt lat="37.673895" lon="127.048926" sectionIndex="0" pointIndex="116" originalElevation="32.0" isOriginalElevationFromOSM="false"><ele>32.0</ele></trkpt>
<trkpt lat="37.673896" lon="127.048919" sectionIndex="0" pointIndex="117" originalElevation="32.0" isOriginalElevationFromOSM="false"><ele>32.7</ele></trkpt>
<trkpt lat="37.674778" lon="127.049098" sectionIndex="0" pointIndex="118" originalElevation="32.0" isOriginalElevationFromOSM="false"><ele>33.0</ele></trkpt>
<trkpt lat="37.678360" lon="127.050260" sectionIndex="0" pointIndex="119" originalElevation="35.6" isOriginalElevationFromOSM="true"><ele>32.9</ele></trkpt>
<trkpt lat="37.678860" lon="127.050400" sectionIndex="0" pointIndex="120" originalElevation="33.3" isOriginalElevationFromOSM="true"><ele>32.9</ele></trkpt>
<trkpt lat="37.679270" lon="127.050510" sectionIndex="0" pointIndex="121" originalElevation="31.7" isOriginalElevationFromOSM="true"><ele>33.0</ele></trkpt>
<trkpt lat="37.679570" lon="127.050560" sectionIndex="0" pointIndex="122" originalElevation="32.1" isOriginalElevationFromOSM="true"><ele>32.4</ele></trkpt>
<trkpt lat="37.680880" lon="127.050930" sectionIndex="0" pointIndex="123" originalElevation="32.1" isOriginalElevationFromOSM="true"><ele>32.6</ele></trkpt>
<trkpt lat="37.681400" lon="127.051020" sectionIndex="0" pointIndex="124" originalElevation="32.9" isOriginalElevationFromOSM="true"><ele>32.9</ele></trkpt>
<trkpt lat="37.682720" lon="127.051360" sectionIndex="0" pointIndex="125" originalElevation="34.4" isOriginalElevationFromOSM="true"><ele>33.0</ele></trkpt>
<trkpt lat="37.684000" lon="127.051730" sectionIndex="0" pointIndex="126" originalElevation="33.1" isOriginalElevationFromOSM="true"><ele>32.9</ele></trkpt>
<trkpt lat="37.684340" lon="127.051810" sectionIndex="0" pointIndex="127" originalElevation="32.5" isOriginalElevationFromOSM="true"><ele>32.7</ele></trkpt>
<trkpt lat="37.684450" lon="127.051830" sectionIndex="0" pointIndex="128" originalElevation="31.8" isOriginalElevationFromOSM="true"><ele>32.1</ele></trkpt>
<trkpt lat="37.684890" lon="127.051740" sectionIndex="0" pointIndex="129" originalElevation="31.7" isOriginalElevationFromOSM="true"><ele>31.8</ele></trkpt>
<trkpt lat="37.685110" lon="127.051660" sectionIndex="0" pointIndex="130" originalElevation="31.7" isOriginalElevationFromOSM="true"><ele>31.6</ele></trkpt>
<trkpt lat="37.685270" lon="127.051570" sectionIndex="0" pointIndex="131" originalElevation="31.3" isOriginalElevationFromOSM="true"><ele>32.0</ele></trkpt>
<trkpt lat="37.685880" lon="127.051100" sectionIndex="0" pointIndex="132" originalElevation="31.4" isOriginalElevationFromOSM="true"><ele>32.7</ele></trkpt>
<trkpt lat="37.686540" lon="127.050630" sectionIndex="0" pointIndex="133" originalElevation="34.0" isOriginalElevationFromOSM="true"><ele>33.0</ele></trkpt>
<trkpt lat="37.686700" lon="127.050500" sectionIndex="0" pointIndex="134" originalElevation="34.9" isOriginalElevationFromOSM="true"><ele>33.1</ele></trkpt>
<trkpt lat="37.687320" lon="127.050100" sectionIndex="0" pointIndex="135" originalElevation="33.3" isOriginalElevationFromOSM="true"><ele>33.3</ele></trkpt>
<trkpt lat="37.687530" lon="127.049930" sectionIndex="0" pointIndex="136" originalElevation="32.2" isOriginalElevationFromOSM="true"><ele>32.9</ele></trkpt>
<trkpt lat="37.687920" lon="127.049650" sectionIndex="0" pointIndex="137" originalElevation="32.3" isOriginalElevationFromOSM="true"><ele>32.4</ele></trkpt>
<trkpt lat="37.688130" lon="127.049620" sectionIndex="0" pointIndex="138" originalElevation="31.9" isOriginalElevationFromOSM="true"><ele>31.8</ele></trkpt>
<trkpt lat="37.688900" lon="127.049580" sectionIndex="0" pointIndex="139" originalElevation="32.2" isOriginalElevationFromOSM="true"><ele>31.5</ele></trkpt>
<trkpt lat="37.690180" lon="127.049550" sectionIndex="0" pointIndex="140" originalElevation="30.6" isOriginalElevationFromOSM="true"><ele>31.2</ele></trkpt>
<trkpt lat="37.690310" lon="127.049560" sectionIndex="0" pointIndex="141" originalElevation="30.7" isOriginalElevationFromOSM="true"><ele>31.0</ele></trkpt>
<trkpt lat="37.690500" lon="127.049600" sectionIndex="0" pointIndex="142" originalElevation="30.8" isOriginalElevationFromOSM="true"><ele>30.7</ele></trkpt>
<trkpt lat="37.690740" lon="127.049710" sectionIndex="0" pointIndex="143" originalElevation="30.7" isOriginalElevationFromOSM="true"><ele>30.6</ele></trkpt>
<trkpt lat="37.690980" lon="127.049710" sectionIndex="0" pointIndex="144" originalElevation="30.6" isOriginalElevationFromOSM="true"><ele>30.6</ele></trkpt>
<trkpt lat="37.691170" lon="127.049690" sectionIndex="0" pointIndex="145" originalElevation="30.4" isOriginalElevationFromOSM="true"><ele>30.3</ele></trkpt>
<trkpt lat="37.691270" lon="127.049640" sectionIndex="0" pointIndex="146" originalElevation="30.4" isOriginalElevationFromOSM="true"><ele>30.3</ele></trkpt>
<trkpt lat="37.692440" lon="127.048980" sectionIndex="0" pointIndex="147" originalElevation="29.5" isOriginalElevationFromOSM="true"><ele>30.4</ele></trkpt>
<trkpt lat="37.692670" lon="127.048870" sectionIndex="0" pointIndex="148" originalElevation="30.4" isOriginalElevationFromOSM="true"><ele>30.9</ele></trkpt>
<trkpt lat="37.692890" lon="127.048780" sectionIndex="0" pointIndex="149" originalElevation="31.4" isOriginalElevationFromOSM="true"><ele>31.6</ele></trkpt>
<trkpt lat="37.693700" lon="127.048650" sectionIndex="0" pointIndex="150" originalElevation="33.1" isOriginalElevationFromOSM="true"><ele>32.5</ele></trkpt>
<trkpt lat="37.694030" lon="127.048530" sectionIndex="0" pointIndex="151" originalElevation="33.5" isOriginalElevationFromOSM="true"><ele>33.3</ele></trkpt>
<trkpt lat="37.694440" lon="127.048450" sectionIndex="0" pointIndex="152" originalElevation="34.1" isOriginalElevationFromOSM="true"><ele>33.8</ele></trkpt>
<trkpt lat="37.694860" lon="127.048430" sectionIndex="0" pointIndex="153" originalElevation="34.6" isOriginalElevationFromOSM="true"><ele>33.4</ele></trkpt>
<trkpt lat="37.695190" lon="127.048370" sectionIndex="0" pointIndex="154" originalElevation="33.5" isOriginalElevationFromOSM="true"><ele>33.1</ele></trkpt>
<trkpt lat="37.695540" lon="127.048280" sectionIndex="0" pointIndex="155" originalElevation="31.3" isOriginalElevationFromOSM="true"><ele>32.8</ele></trkpt>
<trkpt lat="37.695970" lon="127.048050" sectionIndex="0" pointIndex="156" originalElevation="31.8" isOriginalElevationFromOSM="true"><ele>32.9</ele></trkpt>
<trkpt lat="37.696240" lon="127.047970" sectionIndex="0" pointIndex="157" originalElevation="32.9" isOriginalElevationFromOSM="true"><ele>33.4</ele></trkpt>
<trkpt lat="37.698890" lon="127.047910" sectionIndex="0" pointIndex="158" originalElevation="34.8" isOriginalElevationFromOSM="true"><ele>34.5</ele></trkpt>
<trkpt lat="37.700680" lon="127.048120" sectionIndex="0" pointIndex="159" originalElevation="36.3" isOriginalElevationFromOSM="true"><ele>36.0</ele></trkpt>
<trkpt lat="37.700820" lon="127.048180" sectionIndex="0" pointIndex="160" originalElevation="36.8" isOriginalElevationFromOSM="true"><ele>36.9</ele></trkpt>
<trkpt lat="37.701910" lon="127.049050" sectionIndex="0" pointIndex="161" originalElevation="39.0" isOriginalElevationFromOSM="true"><ele>38.1</ele></trkpt>
<trkpt lat="37.704470" lon="127.050970" sectionIndex="0" pointIndex="162" originalElevation="37.8" isOriginalElevationFromOSM="true"><ele>39.0</ele></trkpt>
<trkpt lat="37.704950" lon="127.051290" sectionIndex="0" pointIndex="163" originalElevation="40.8" isOriginalElevationFromOSM="true"><ele>39.6</ele></trkpt>
<trkpt lat="37.705130" lon="127.051370" sectionIndex="0" pointIndex="164" originalElevation="40.6" isOriginalElevationFromOSM="true"><ele>39.1</ele></trkpt>
<trkpt lat="37.705360" lon="127.051420" sectionIndex="0" pointIndex="165" originalElevation="39.7" isOriginalElevationFromOSM="true"><ele>38.9</ele></trkpt>
<trkpt lat="37.706420" lon="127.051430" sectionIndex="0" pointIndex="166" originalElevation="36.8" isOriginalElevationFromOSM="true"><ele>38.4</ele></trkpt>
<trkpt lat="37.706700" lon="127.051390" sectionIndex="0" pointIndex="167" originalElevation="36.7" isOriginalElevationFromOSM="true"><ele>37.7</ele></trkpt>
<trkpt lat="37.707360" lon="127.051160" sectionIndex="0" pointIndex="168" originalElevation="38.3" isOriginalElevationFromOSM="true"><ele>37.9</ele></trkpt>
<trkpt lat="37.709030" lon="127.050550" sectionIndex="0" pointIndex="169" originalElevation="37.1" isOriginalElevationFromOSM="true"><ele>38.8</ele></trkpt>
<trkpt lat="37.710290" lon="127.049990" sectionIndex="0" pointIndex="170" originalElevation="40.7" isOriginalElevationFromOSM="true"><ele>40.0</ele></trkpt>
<trkpt lat="37.710560" lon="127.049950" sectionIndex="0" pointIndex="171" originalElevation="41.4" isOriginalElevationFromOSM="true"><ele>40.8</ele></trkpt>
<trkpt lat="37.711070" lon="127.049900" sectionIndex="0" pointIndex="172" originalElevation="42.3" isOriginalElevationFromOSM="true"><ele>41.8</ele></trkpt>
<trkpt lat="37.711550" lon="127.049880" sectionIndex="0" pointIndex="173" originalElevation="42.4" isOriginalElevationFromOSM="true"><ele>41.7</ele></trkpt>
<trkpt lat="37.711690" lon="127.049900" sectionIndex="0" pointIndex="174" originalElevation="42.3" isOriginalElevationFromOSM="true"><ele>42.3</ele></trkpt>
<trkpt lat="37.712530" lon="127.050040" sectionIndex="0" pointIndex="175" originalElevation="40.1" isOriginalElevationFromOSM="true"><ele>42.5</ele></trkpt>
<trkpt lat="37.713930" lon="127.050430" sectionIndex="0" pointIndex="176" originalElevation="44.2" isOriginalElevationFromOSM="true"><ele>42.6</ele></trkpt>
<trkpt lat="37.714220" lon="127.050470" sectionIndex="0" pointIndex="177" originalElevation="43.7" isOriginalElevationFromOSM="true"><ele>42.4</ele></trkpt>
<trkpt lat="37.714630" lon="127.050460" sectionIndex="0" pointIndex="178" originalElevation="42.6" isOriginalElevationFromOSM="true"><ele>42.5</ele></trkpt>
<trkpt lat="37.715170" lon="127.050350" sectionIndex="0" pointIndex="179" originalElevation="41.2" isOriginalElevationFromOSM="true"><ele>41.6</ele></trkpt>
<trkpt lat="37.715420" lon="127.050280" sectionIndex="0" pointIndex="180" originalElevation="40.9" isOriginalElevationFromOSM="true"><ele>41.3</ele></trkpt>
<trkpt lat="37.715860" lon="127.050080" sectionIndex="0" pointIndex="181" originalElevation="39.7" isOriginalElevationFromOSM="true"><ele>41.3</ele></trkpt>
<trkpt lat="37.716320" lon="127.049990" sectionIndex="0" pointIndex="182" originalElevation="42.0" isOriginalElevationFromOSM="true"><ele>41.8</ele></trkpt>
<trkpt lat="37.716460" lon="127.049940" sectionIndex="0" pointIndex="183" originalElevation="42.8" isOriginalElevationFromOSM="true"><ele>41.7</ele></trkpt>
<trkpt lat="37.716630" lon="127.049860" sectionIndex="0" pointIndex="184" originalElevation="43.7" isOriginalElevationFromOSM="true"><ele>41.6</ele></trkpt>
<trkpt lat="37.717320" lon="127.049380" sectionIndex="0" pointIndex="185" originalElevation="40.3" isOriginalElevationFromOSM="true"><ele>41.2</ele></trkpt>
<trkpt lat="37.717490" lon="127.049210" sectionIndex="0" pointIndex="186" originalElevation="39.1" isOriginalElevationFromOSM="true"><ele>40.9</ele></trkpt>
<trkpt lat="37.717660" lon="127.049010" sectionIndex="0" pointIndex="187" originalElevation="40.1" isOriginalElevationFromOSM="true"><ele>40.6</ele></trkpt>
<trkpt lat="37.717830" lon="127.048860" sectionIndex="0" pointIndex="188" originalElevation="41.2" isOriginalElevationFromOSM="true"><ele>41.0</ele></trkpt>
<trkpt lat="37.718090" lon="127.048750" sectionIndex="0" pointIndex="189" originalElevation="42.2" isOriginalElevationFromOSM="true"><ele>41.9</ele></trkpt>
<trkpt lat="37.718200" lon="127.048740" sectionIndex="0" pointIndex="190" originalElevation="42.4" isOriginalElevationFromOSM="true"><ele>42.5</ele></trkpt>
<trkpt lat="37.720150" lon="127.048850" sectionIndex="0" pointIndex="191" originalElevation="43.6" isOriginalElevationFromOSM="true"><ele>43.3</ele></trkpt>
<trkpt lat="37.720460" lon="127.048890" sectionIndex="0" pointIndex="192" originalElevation="43.1" isOriginalElevationFromOSM="true"><ele>43.5</ele></trkpt>
<trkpt lat="37.721570" lon="127.049240" sectionIndex="0" pointIndex="193" originalElevation="45.1" isOriginalElevationFromOSM="true"><ele>44.0</ele></trkpt>
<trkpt lat="37.722340" lon="127.049450" sectionIndex="0" pointIndex="194" originalElevation="43.5" isOriginalElevationFromOSM="true"><ele>44.2</ele></trkpt>
<trkpt lat="37.723050" lon="127.049680" sectionIndex="0" pointIndex="195" originalElevation="44.6" isOriginalElevationFromOSM="true"><ele>44.6</ele></trkpt>
<trkpt lat="37.723260" lon="127.049790" sectionIndex="0" pointIndex="196" originalElevation="44.8" isOriginalElevationFromOSM="true"><ele>44.5</ele></trkpt>
<trkpt lat="37.723520" lon="127.049970" sectionIndex="0" pointIndex="197" originalElevation="44.8" isOriginalElevationFromOSM="true"><ele>44.6</ele></trkpt>
<trkpt lat="37.723650" lon="127.050070" sectionIndex="0" pointIndex="198" originalElevation="44.9" isOriginalElevationFromOSM="true"><ele>44.3</ele></trkpt>
<trkpt lat="37.724110" lon="127.050530" sectionIndex="0" pointIndex="199" originalElevation="43.8" isOriginalElevationFromOSM="true"><ele>44.2</ele></trkpt>
<trkpt lat="37.724330" lon="127.050860" sectionIndex="0" pointIndex="200" originalElevation="43.0" isOriginalElevationFromOSM="true"><ele>44.4</ele></trkpt>
<trkpt lat="37.724540" lon="127.051040" sectionIndex="0" pointIndex="201" originalElevation="44.3" isOriginalElevationFromOSM="true"><ele>44.3</ele></trkpt>
<trkpt lat="37.724740" lon="127.051160" sectionIndex="0" pointIndex="202" originalElevation="45.9" isOriginalElevationFromOSM="true"><ele>44.0</ele></trkpt>
<trkpt lat="37.726150" lon="127.051790" sectionIndex="0" pointIndex="203" originalElevation="44.4" isOriginalElevationFromOSM="true"><ele>43.3</ele></trkpt>
<trkpt lat="37.726320" lon="127.051830" sectionIndex="0" pointIndex="204" originalElevation="42.6" isOriginalElevationFromOSM="true"><ele>42.2</ele></trkpt>
<trkpt lat="37.726650" lon="127.051840" sectionIndex="0" pointIndex="205" originalElevation="39.4" isOriginalElevationFromOSM="true"><ele>40.6</ele></trkpt>
<trkpt lat="37.727050" lon="127.051790" sectionIndex="0" pointIndex="206" originalElevation="38.7" isOriginalElevationFromOSM="true"><ele>39.2</ele></trkpt>
<trkpt lat="37.727520" lon="127.051820" sectionIndex="0" pointIndex="207" originalElevation="37.8" isOriginalElevationFromOSM="true"><ele>38.2</ele></trkpt>
<trkpt lat="37.727560" lon="127.051830" sectionIndex="0" pointIndex="208" originalElevation="37.7" isOriginalElevationFromOSM="true"><ele>37.7</ele></trkpt>
<trkpt lat="37.727700" lon="127.051970" sectionIndex="0" pointIndex="209" originalElevation="37.5" isOriginalElevationFromOSM="true"><ele>37.5</ele></trkpt>
<trkpt lat="37.728330" lon="127.052080" sectionIndex="0" pointIndex="210" originalElevation="37.0" isOriginalElevationFromOSM="true"><ele>37.8</ele></trkpt>
<trkpt lat="37.728460" lon="127.052130" sectionIndex="0" pointIndex="211" originalElevation="37.6" isOriginalElevationFromOSM="true"><ele>38.2</ele></trkpt>
<trkpt lat="37.728770" lon="127.052290" sectionIndex="0" pointIndex="212" originalElevation="39.1" isOriginalElevationFromOSM="true"><ele>38.9</ele></trkpt>
<trkpt lat="37.728920" lon="127.052410" sectionIndex="0" pointIndex="213" originalElevation="39.8" isOriginalElevationFromOSM="true"><ele>40.0</ele></trkpt>
<trkpt lat="37.729100" lon="127.052610" sectionIndex="0" pointIndex="214" originalElevation="41.0" isOriginalElevationFromOSM="true"><ele>41.1</ele></trkpt>
<trkpt lat="37.729980" lon="127.053640" sectionIndex="0" pointIndex="215" originalElevation="42.8" isOriginalElevationFromOSM="true"><ele>41.8</ele></trkpt>
<trkpt lat="37.730120" lon="127.053760" sectionIndex="0" pointIndex="216" originalElevation="42.9" isOriginalElevationFromOSM="true"><ele>42.3</ele></trkpt>
<trkpt lat="37.730410" lon="127.053840" sectionIndex="0" pointIndex="217" originalElevation="42.6" isOriginalElevationFromOSM="true"><ele>42.5</ele></trkpt>
<trkpt lat="37.730600" lon="127.053860" sectionIndex="0" pointIndex="218" originalElevation="42.3" isOriginalElevationFromOSM="true"><ele>42.4</ele></trkpt>
<trkpt lat="37.731010" lon="127.053830" sectionIndex="0" pointIndex="219" originalElevation="42.0" isOriginalElevationFromOSM="true"><ele>42.3</ele></trkpt>
<trkpt lat="37.731240" lon="127.053770" sectionIndex="0" pointIndex="220" originalElevation="42.2" isOriginalElevationFromOSM="true"><ele>41.9</ele></trkpt>
<trkpt lat="37.731540" lon="127.053740" sectionIndex="0" pointIndex="221" originalElevation="42.5" isOriginalElevationFromOSM="true"><ele>41.3</ele></trkpt>
<trkpt lat="37.732140" lon="127.053690" sectionIndex="0" pointIndex="222" originalElevation="40.4" isOriginalElevationFromOSM="true"><ele>41.0</ele></trkpt>
<trkpt lat="37.732660" lon="127.053680" sectionIndex="0" pointIndex="223" originalElevation="39.4" isOriginalElevationFromOSM="true"><ele>40.9</ele></trkpt>
<trkpt lat="37.732900" lon="127.053640" sectionIndex="0" pointIndex="224" originalElevation="40.4" isOriginalElevationFromOSM="true"><ele>40.6</ele></trkpt>
<trkpt lat="37.733330" lon="127.053620" sectionIndex="0" pointIndex="225" originalElevation="42.0" isOriginalElevationFromOSM="true"><ele>41.0</ele></trkpt>
<trkpt lat="37.734070" lon="127.053720" sectionIndex="0" pointIndex="226" originalElevation="41.0" isOriginalElevationFromOSM="true"><ele>41.7</ele></trkpt>
<trkpt lat="37.734610" lon="127.053820" sectionIndex="0" pointIndex="227" originalElevation="42.2" isOriginalElevationFromOSM="true"><ele>42.0</ele></trkpt>
<trkpt lat="37.734810" lon="127.053810" sectionIndex="0" pointIndex="228" originalElevation="42.7" isOriginalElevationFromOSM="true"><ele>41.6</ele></trkpt>
<trkpt lat="37.735340" lon="127.053630" sectionIndex="0" pointIndex="229" originalElevation="41.9" isOriginalElevationFromOSM="true"><ele>41.5</ele></trkpt>
<trkpt lat="37.735800" lon="127.053440" sectionIndex="0" pointIndex="230" originalElevation="40.3" isOriginalElevationFromOSM="true"><ele>41.5</ele></trkpt>
<trkpt lat="37.736060" lon="127.053360" sectionIndex="0" pointIndex="231" originalElevation="40.4" isOriginalElevationFromOSM="true"><ele>41.7</ele></trkpt>
<trkpt lat="37.736700" lon="127.053050" sectionIndex="0" pointIndex="232" originalElevation="42.5" isOriginalElevationFromOSM="true"><ele>42.2</ele></trkpt>
<trkpt lat="37.736860" lon="127.052990" sectionIndex="0" pointIndex="233" originalElevation="43.4" isOriginalElevationFromOSM="true"><ele>43.1</ele></trkpt>
<trkpt lat="37.737050" lon="127.052940" sectionIndex="0" pointIndex="234" originalElevation="44.3" isOriginalElevationFromOSM="true"><ele>44.2</ele></trkpt>
<trkpt lat="37.737260" lon="127.052920" sectionIndex="0" pointIndex="235" originalElevation="45.1" isOriginalElevationFromOSM="true"><ele>44.4</ele></trkpt>
<trkpt lat="37.737590" lon="127.052930" sectionIndex="0" pointIndex="236" originalElevation="45.8" isOriginalElevationFromOSM="true"><ele>44.4</ele></trkpt>
<trkpt lat="37.738820" lon="127.053390" sectionIndex="0" pointIndex="237" originalElevation="43.4" isOriginalElevationFromOSM="true"><ele>44.5</ele></trkpt>
<trkpt lat="37.739810" lon="127.053670" sectionIndex="0" pointIndex="238" originalElevation="43.6" isOriginalElevationFromOSM="true"><ele>44.2</ele></trkpt>
<trkpt lat="37.740740" lon="127.053830" sectionIndex="0" pointIndex="239" originalElevation="44.6" isOriginalElevationFromOSM="true"><ele>43.7</ele></trkpt>
<trkpt lat="37.741840" lon="127.053940" sectionIndex="0" pointIndex="240" originalElevation="43.7" isOriginalElevationFromOSM="true"><ele>43.5</ele></trkpt>
<trkpt lat="37.743100" lon="127.054040" sectionIndex="0" pointIndex="241" originalElevation="43.0" isOriginalElevationFromOSM="true"><ele>43.2</ele></trkpt>
<trkpt lat="37.743840" lon="127.054130" sectionIndex="0" pointIndex="242" originalElevation="42.5" isOriginalElevationFromOSM="true"><ele>42.8</ele></trkpt>
<trkpt lat="37.744030" lon="127.054130" sectionIndex="0" pointIndex="243" originalElevation="42.3" isOriginalElevationFromOSM="true"><ele>42.8</ele></trkpt>
<trkpt lat="37.744100" lon="127.054500" sectionIndex="0" pointIndex="244" originalElevation="42.5" isOriginalElevationFromOSM="true"><ele>43.3</ele></trkpt>
<trkpt lat="37.744410" lon="127.054900" sectionIndex="0" pointIndex="245" originalElevation="43.9" isOriginalElevationFromOSM="true"><ele>43.8</ele></trkpt>
<trkpt lat="37.744680" lon="127.055300" sectionIndex="0" pointIndex="246" originalElevation="45.5" isOriginalElevationFromOSM="true"><ele>44.5</ele></trkpt>
<trkpt lat="37.745360" lon="127.056090" sectionIndex="0" pointIndex="247" originalElevation="45.0" isOriginalElevationFromOSM="true"><ele>45.1</ele></trkpt>
<trkpt lat="37.746100" lon="127.057090" sectionIndex="0" pointIndex="248" originalElevation="45.6" isOriginalElevationFromOSM="true"><ele>45.4</ele></trkpt>
<trkpt lat="37.746500" lon="127.057540" sectionIndex="0" pointIndex="249" originalElevation="45.7" isOriginalElevationFromOSM="true"><ele>45.6</ele></trkpt>
<trkpt lat="37.747260" lon="127.058510" sectionIndex="0" pointIndex="250" originalElevation="45.2" isOriginalElevationFromOSM="true"><ele>45.9</ele></trkpt>
<trkpt lat="37.747990" lon="127.059650" sectionIndex="0" pointIndex="251" originalElevation="46.5" isOriginalElevationFromOSM="true"><ele>45.5</ele></trkpt>
<trkpt lat="37.748230" lon="127.060050" sectionIndex="0" pointIndex="252" originalElevation="46.3" isOriginalElevationFromOSM="true"><ele>45.2</ele></trkpt>
<trkpt lat="37.748600" lon="127.060820" sectionIndex="0" pointIndex="253" originalElevation="44.0" isOriginalElevationFromOSM="true"><ele>45.3</ele></trkpt>
<trkpt lat="37.748820" lon="127.061480" sectionIndex="0" pointIndex="254" originalElevation="44.1" isOriginalElevationFromOSM="true"><ele>46.5</ele></trkpt>
<trkpt lat="37.749030" lon="127.062190" sectionIndex="0" pointIndex="255" originalElevation="45.5" isOriginalElevationFromOSM="true"><ele>46.5</ele></trkpt>
<trkpt lat="37.749550" lon="127.064350" sectionIndex="0" pointIndex="256" originalElevation="52.5" isOriginalElevationFromOSM="true"><ele>46.7</ele></trkpt>
<trkpt lat="37.751010" lon="127.070360" sectionIndex="0" pointIndex="257" originalElevation="46.3" isOriginalElevationFromOSM="true"><ele>46.3</ele></trkpt>
<trkpt lat="37.751430" lon="127.072120" sectionIndex="0" pointIndex="258" originalElevation="44.9" isOriginalElevationFromOSM="true"><ele>45.7</ele></trkpt>
<trkpt lat="37.751570" lon="127.072580" sectionIndex="0" pointIndex="259" originalElevation="42.1" isOriginalElevationFromOSM="true"><ele>44.1</ele></trkpt>
<trkpt lat="37.751730" lon="127.072960" sectionIndex="0" pointIndex="260" originalElevation="42.9" isOriginalElevationFromOSM="true"><ele>44.2</ele></trkpt>
<trkpt lat="37.751860" lon="127.073220" sectionIndex="0" pointIndex="261" originalElevation="44.5" isOriginalElevationFromOSM="true"><ele>45.1</ele></trkpt>
<trkpt lat="37.752040" lon="127.073480" sectionIndex="0" pointIndex="262" originalElevation="46.5" isOriginalElevationFromOSM="true"><ele>46.0</ele></trkpt>
<trkpt lat="37.753480" lon="127.075150" sectionIndex="0" pointIndex="263" originalElevation="49.3" isOriginalElevationFromOSM="true"><ele>47.0</ele></trkpt>
<trkpt lat="37.753940" lon="127.075710" sectionIndex="0" pointIndex="264" originalElevation="47.1" isOriginalElevationFromOSM="true"><ele>48.3</ele></trkpt>
<trkpt lat="37.754190" lon="127.076200" sectionIndex="0" pointIndex="265" originalElevation="47.5" isOriginalElevationFromOSM="true"><ele>49.2</ele></trkpt>
<trkpt lat="37.754772" lon="127.077793" sectionIndex="0" pointIndex="266" originalElevation="51.0" isOriginalElevationFromOSM="false"><ele>49.5</ele></trkpt>
<trkpt lat="37.754796" lon="127.077840" sectionIndex="0" pointIndex="267" originalElevation="51.0" isOriginalElevationFromOSM="false"><ele>50.3</ele></trkpt>
<trkpt lat="37.754820" lon="127.077888" sectionIndex="0" pointIndex="268" originalElevation="51.0" isOriginalElevationFromOSM="false"><ele>51.0</ele></trkpt>
<trkpt lat="37.754845" lon="127.077935" sectionIndex="0" pointIndex="269" originalElevation="51.0" isOriginalElevationFromOSM="false"><ele>51.0</ele></trkpt>
<trkpt lat="37.754869" lon="127.077983" sectionIndex="0" pointIndex="270" originalElevation="51.0" isOriginalElevationFromOSM="false"><ele>51.0</ele></trkpt>
<trkpt lat="37.754894" lon="127.078031" sectionIndex="0" pointIndex="271" originalElevation="51.0" isOriginalElevationFromOSM="false"><ele>51.0</ele></trkpt>
<trkpt lat="37.754918" lon="127.078078" sectionIndex="0" pointIndex="272" originalElevation="51.0" isOriginalElevationFromOSM="false"><ele>51.0</ele></trkpt>
<trkpt lat="37.754943" lon="127.078126" sectionIndex="0" pointIndex="273" originalElevation="51.0" isOriginalElevationFromOSM="false"><ele>51.0</ele></trkpt>
<trkpt lat="37.754967" lon="127.078174" sectionIndex="0" pointIndex="274" originalElevation="51.0" isOriginalElevationFromOSM="false"><ele>51.0</ele></trkpt>
<trkpt lat="37.754992" lon="127.078221" sectionIndex="0" pointIndex="275" originalElevation="51.0" isOriginalElevationFromOSM="false"><ele>51.0</ele></trkpt>
<trkpt lat="37.755016" lon="127.078269" sectionIndex="0" pointIndex="276" originalElevation="51.0" isOriginalElevationFromOSM="false"><ele>51.0</ele></trkpt>
<trkpt lat="37.755040" lon="127.078317" sectionIndex="0" pointIndex="277" originalElevation="51.0" isOriginalElevationFromOSM="false"><ele>51.0</ele></trkpt>
<trkpt lat="37.755040" lon="127.078317" sectionIndex="0" pointIndex="278" originalElevation="51.0" isOriginalElevationFromOSM="false"><ele>51.0</ele></trkpt>
<trkpt lat="37.755074" lon="127.078279" sectionIndex="0" pointIndex="279" originalElevation="51.0" isOriginalElevationFromOSM="false"><ele>51.0</ele></trkpt>
<trkpt lat="37.755107" lon="127.078241" sectionIndex="0" pointIndex="280" originalElevation="51.0" isOriginalElevationFromOSM="false"><ele>51.0</ele></trkpt>
<trkpt lat="37.755141" lon="127.078203" sectionIndex="0" pointIndex="281" originalElevation="51.0" isOriginalElevationFromOSM="false"><ele>51.0</ele></trkpt>
<trkpt lat="37.755174" lon="127.078165" sectionIndex="0" pointIndex="282" originalElevation="51.0" isOriginalElevationFromOSM="false"><ele>51.0</ele></trkpt>
<trkpt lat="37.755208" lon="127.078127" sectionIndex="0" pointIndex="283" originalElevation="51.0" isOriginalElevationFromOSM="false"><ele>51.0</ele></trkpt>
<trkpt lat="37.755241" lon="127.078089" sectionIndex="0" pointIndex="284" originalElevation="51.0" isOriginalElevationFromOSM="false"><ele>51.0</ele></trkpt>
<trkpt lat="37.755274" lon="127.078051" sectionIndex="0" pointIndex="285" originalElevation="51.0" isOriginalElevationFromOSM="false"><ele>51.0</ele></trkpt>
<trkpt lat="37.755308" lon="127.078013" sectionIndex="0" pointIndex="286" originalElevation="51.0" isOriginalElevationFromOSM="false"><ele>51.0</ele></trkpt>
<trkpt lat="37.755341" lon="127.077975" sectionIndex="0" pointIndex="287" originalElevation="51.0" isOriginalElevationFromOSM="false"><ele>51.0</ele></trkpt>
<trkpt lat="37.755375" lon="127.077937" sectionIndex="0" pointIndex="288" originalElevation="51.0" isOriginalElevationFromOSM="false"><ele>51.0</ele></trkpt>
<trkpt lat="37.755393" lon="127.077917" sectionIndex="0" pointIndex="289" originalElevation="51.0" isOriginalElevationFromOSM="false"><ele>51.0</ele></trkpt>
<trkpt lat="37.755422" lon="127.077960" sectionIndex="0" pointIndex="290" originalElevation="51.0" isOriginalElevationFromOSM="false"><ele>51.0</ele></trkpt>
<trkpt lat="37.755452" lon="127.078003" sectionIndex="0" pointIndex="291" originalElevation="51.0" isOriginalElevationFromOSM="false"><ele>51.0</ele></trkpt>
<trkpt lat="37.755481" lon="127.078045" sectionIndex="0" pointIndex="292" originalElevation="51.0" isOriginalElevationFromOSM="false"><ele>51.0</ele></trkpt>
<trkpt lat="37.755511" lon="127.078088" sectionIndex="0" pointIndex="293" originalElevation="51.0" isOriginalElevationFromOSM="false"><ele>51.0</ele></trkpt>
<trkpt lat="37.755540" lon="127.078131" sectionIndex="0" pointIndex="294" originalElevation="51.0" isOriginalElevationFromOSM="false"><ele>51.0</ele></trkpt>
<trkpt lat="37.755570" lon="127.078174" sectionIndex="0" pointIndex="295" originalElevation="51.0" isOriginalElevationFromOSM="false"><ele>51.0</ele></trkpt>
<trkpt lat="37.755599" lon="127.078217" sectionIndex="0" pointIndex="296" originalElevation="51.0" isOriginalElevationFromOSM="false"><ele>51.0</ele></trkpt>
<trkpt lat="37.755629" lon="127.078259" sectionIndex="0" pointIndex="297" originalElevation="51.0" isOriginalElevationFromOSM="false"><ele>51.0</ele></trkpt>
<trkpt lat="37.755658" lon="127.078302" sectionIndex="0" pointIndex="298" originalElevation="51.0" isOriginalElevationFromOSM="false"><ele>51.0</ele></trkpt>
<trkpt lat="37.755688" lon="127.078345" sectionIndex="0" pointIndex="299" originalElevation="51.0" isOriginalElevationFromOSM="false"><ele>51.0</ele></trkpt>
<trkpt lat="37.755717" lon="127.078388" sectionIndex="0" pointIndex="300" originalElevation="51.0" isOriginalElevationFromOSM="false"><ele>51.0</ele></trkpt>
<trkpt lat="37.755747" lon="127.078431" sectionIndex="0" pointIndex="301" originalElevation="51.0" isOriginalElevationFromOSM="false"><ele>51.0</ele></trkpt>
<trkpt lat="37.755777" lon="127.078473" sectionIndex="0" pointIndex="302" originalElevation="51.0" isOriginalElevationFromOSM="false"><ele>51.0</ele></trkpt>
<trkpt lat="37.755806" lon="127.078516" sectionIndex="0" pointIndex="303" originalElevation="51.0" isOriginalElevationFromOSM="false"><ele>51.0</ele></trkpt>
<trkpt lat="37.755836" lon="127.078559" sectionIndex="0" pointIndex="304" originalElevation="51.0" isOriginalElevationFromOSM="false"><ele>51.0</ele></trkpt>
<trkpt lat="37.755865" lon="127.078602" sectionIndex="0" pointIndex="305" originalElevation="51.0" isOriginalElevationFromOSM="false"><ele>51.0</ele></trkpt>
<trkpt lat="37.755895" lon="127.078645" sectionIndex="0" pointIndex="306" originalElevation="51.0" isOriginalElevationFromOSM="false"><ele>51.0</ele></trkpt>
<trkpt lat="37.755924" lon="127.078687" sectionIndex="0" pointIndex="307" originalElevation="51.0" isOriginalElevationFromOSM="false"><ele>51.0</ele></trkpt>
<trkpt lat="37.755954" lon="127.078730" sectionIndex="0" pointIndex="308" originalElevation="51.0" isOriginalElevationFromOSM="false"><ele>51.0</ele></trkpt>
<trkpt lat="37.755983" lon="127.078773" sectionIndex="0" pointIndex="309" originalElevation="51.0" isOriginalElevationFromOSM="false"><ele>51.0</ele></trkpt>
<trkpt lat="37.756013" lon="127.078816" sectionIndex="0" pointIndex="310" originalElevation="51.0" isOriginalElevationFromOSM="false"><ele>51.0</ele></trkpt>
<trkpt lat="37.756020" lon="127.078826" sectionIndex="0" pointIndex="311" originalElevation="51.0" isOriginalElevationFromOSM="false"><ele>51.4</ele></trkpt>
<trkpt lat="37.756460" lon="127.079485" sectionIndex="0" pointIndex="312" originalElevation="51.0" isOriginalElevationFromOSM="false"><ele>51.9</ele></trkpt>
<trkpt lat="37.758580" lon="127.082640" sectionIndex="0" pointIndex="313" originalElevation="53.2" isOriginalElevationFromOSM="true"><ele>52.4</ele></trkpt>
<trkpt lat="37.758860" lon="127.083250" sectionIndex="0" pointIndex="314" originalElevation="53.1" isOriginalElevationFromOSM="true"><ele>53.0</ele></trkpt>
<trkpt lat="37.759050" lon="127.083780" sectionIndex="0" pointIndex="315" originalElevation="53.9" isOriginalElevationFromOSM="true"><ele>53.6</ele></trkpt>
<trkpt lat="37.759233" lon="127.084349" sectionIndex="0" pointIndex="316" originalElevation="54.0" isOriginalElevationFromOSM="false"><ele>53.8</ele></trkpt>
<trkpt lat="37.759251" lon="127.084400" sectionIndex="0" pointIndex="317" originalElevation="54.0" isOriginalElevationFromOSM="false"><ele>54.0</ele></trkpt>
<trkpt lat="37.759270" lon="127.084452" sectionIndex="0" pointIndex="318" originalElevation="54.0" isOriginalElevationFromOSM="false"><ele>54.0</ele></trkpt>
<trkpt lat="37.759289" lon="127.084503" sectionIndex="0" pointIndex="319" originalElevation="54.0" isOriginalElevationFromOSM="false"><ele>54.0</ele></trkpt>
<trkpt lat="37.759307" lon="127.084555" sectionIndex="0" pointIndex="320" originalElevation="54.0" isOriginalElevationFromOSM="false"><ele>54.0</ele></trkpt>
<trkpt lat="37.759326" lon="127.084607" sectionIndex="0" pointIndex="321" originalElevation="54.0" isOriginalElevationFromOSM="false"><ele>54.0</ele></trkpt>
<trkpt lat="37.759345" lon="127.084658" sectionIndex="0" pointIndex="322" originalElevation="54.0" isOriginalElevationFromOSM="false"><ele>54.0</ele></trkpt>
<trkpt lat="37.759363" lon="127.084710" sectionIndex="0" pointIndex="323" originalElevation="54.0" isOriginalElevationFromOSM="false"><ele>54.0</ele></trkpt>
<trkpt lat="37.759382" lon="127.084762" sectionIndex="0" pointIndex="324" originalElevation="54.0" isOriginalElevationFromOSM="false"><ele>54.0</ele></trkpt>
<trkpt lat="37.759401" lon="127.084813" sectionIndex="0" pointIndex="325" originalElevation="54.0" isOriginalElevationFromOSM="false"><ele>54.0</ele></trkpt>
<trkpt lat="37.759419" lon="127.084865" sectionIndex="0" pointIndex="326" originalElevation="54.0" isOriginalElevationFromOSM="false"><ele>54.0</ele></trkpt>
<trkpt lat="37.759438" lon="127.084917" sectionIndex="0" pointIndex="327" originalElevation="54.0" isOriginalElevationFromOSM="false"><ele>54.0</ele></trkpt>
<trkpt lat="37.759457" lon="127.084968" sectionIndex="0" pointIndex="328" originalElevation="54.0" isOriginalElevationFromOSM="false"><ele>54.0</ele></trkpt>
<trkpt lat="37.759475" lon="127.085020" sectionIndex="0" pointIndex="329" originalElevation="54.0" isOriginalElevationFromOSM="false"><ele>54.0</ele></trkpt>
<trkpt lat="37.759494" lon="127.085072" sectionIndex="0" pointIndex="330" originalElevation="54.0" isOriginalElevationFromOSM="false"><ele>54.0</ele></trkpt>
<trkpt lat="37.759513" lon="127.085123" sectionIndex="0" pointIndex="331" originalElevation="54.0" isOriginalElevationFromOSM="false"><ele>54.0</ele></trkpt>
<trkpt lat="37.759531" lon="127.085175" sectionIndex="0" pointIndex="332" originalElevation="54.0" isOriginalElevationFromOSM="false"><ele>54.0</ele></trkpt>
<trkpt lat="37.759550" lon="127.085227" sectionIndex="0" pointIndex="333" originalElevation="54.0" isOriginalElevationFromOSM="false"><ele>54.0</ele></trkpt>
<trkpt lat="37.759569" lon="127.085278" sectionIndex="0" pointIndex="334" originalElevation="54.0" isOriginalElevationFromOSM="false"><ele>54.0</ele></trkpt>
<trkpt lat="37.759587" lon="127.085330" sectionIndex="0" pointIndex="335" originalElevation="54.0" isOriginalElevationFromOSM="false"><ele>53.6</ele></trkpt>
<trkpt lat="37.759606" lon="127.085382" sectionIndex="0" pointIndex="336" originalElevation="54.0" isOriginalElevationFromOSM="false"><ele>53.2</ele></trkpt>
<trkpt lat="37.759625" lon="127.085433" sectionIndex="0" pointIndex="337" originalElevation="52.0" isOriginalElevationFromOSM="false"><ele>52.8</ele></trkpt>
<trkpt lat="37.759644" lon="127.085485" sectionIndex="0" pointIndex="338" originalElevation="52.0" isOriginalElevationFromOSM="false"><ele>52.4</ele></trkpt>
<trkpt lat="37.759661" lon="127.085533" sectionIndex="0" pointIndex="339" originalElevation="52.0" isOriginalElevationFromOSM="false"><ele>53.5</ele></trkpt>
<trkpt lat="37.760034" lon="127.086292" sectionIndex="0" pointIndex="340" originalElevation="52.0" isOriginalElevationFromOSM="false"><ele>55.1</ele></trkpt>
<trkpt lat="37.760130" lon="127.086460" sectionIndex="0" pointIndex="341" originalElevation="59.6" isOriginalElevationFromOSM="true"><ele>56.3</ele></trkpt>
<trkpt lat="37.760620" lon="127.086980" sectionIndex="0" pointIndex="342" originalElevation="59.7" isOriginalElevationFromOSM="true"><ele>57.7</ele></trkpt>
<trkpt lat="37.761270" lon="127.087620" sectionIndex="0" pointIndex="343" originalElevation="58.2" isOriginalElevationFromOSM="true"><ele>59.5</ele></trkpt>
<trkpt lat="37.761700" lon="127.088110" sectionIndex="0" pointIndex="344" originalElevation="59.0" isOriginalElevationFromOSM="true"><ele>60.2</ele></trkpt>
<trkpt lat="37.762480" lon="127.089320" sectionIndex="0" pointIndex="345" originalElevation="61.1" isOriginalElevationFromOSM="true"><ele>62.2</ele></trkpt>
<trkpt lat="37.764170" lon="127.092290" sectionIndex="0" pointIndex="346" originalElevation="62.8" isOriginalElevationFromOSM="true"><ele>64.4</ele></trkpt>
<trkpt lat="37.766240" lon="127.095970" sectionIndex="0" pointIndex="347" originalElevation="69.9" isOriginalElevationFromOSM="true"><ele>67.5</ele></trkpt>
<trkpt lat="37.766880" lon="127.097020" sectionIndex="0" pointIndex="348" originalElevation="69.1" isOriginalElevationFromOSM="true"><ele>71.8</ele></trkpt>
<trkpt lat="37.767530" lon="127.098040" sectionIndex="0" pointIndex="349" originalElevation="74.8" isOriginalElevationFromOSM="true"><ele>76.3</ele></trkpt>
<trkpt lat="37.768000" lon="127.098730" sectionIndex="0" pointIndex="350" originalElevation="82.6" isOriginalElevationFromOSM="true"><ele>79.3</ele></trkpt>
<trkpt lat="37.768000" lon="127.099320" sectionIndex="0" pointIndex="351" originalElevation="85.4" isOriginalElevationFromOSM="true"><ele>82.0</ele></trkpt>
<trkpt lat="37.768030" lon="127.099580" sectionIndex="0" pointIndex="352" originalElevation="84.4" isOriginalElevationFromOSM="true"><ele>84.2</ele></trkpt>
<trkpt lat="37.768090" lon="127.099820" sectionIndex="0" pointIndex="353" originalElevation="82.8" isOriginalElevationFromOSM="true"><ele>85.3</ele></trkpt>
<trkpt lat="37.768350" lon="127.100320" sectionIndex="0" pointIndex="354" originalElevation="85.6" isOriginalElevationFromOSM="true"><ele>85.6</ele></trkpt>
<trkpt lat="37.768950" lon="127.101500" sectionIndex="0" pointIndex="355" originalElevation="88.4" isOriginalElevationFromOSM="true"><ele>86.2</ele></trkpt>
<trkpt lat="37.769100" lon="127.101760" sectionIndex="0" pointIndex="356" originalElevation="87.0" isOriginalElevationFromOSM="true"><ele>87.2</ele></trkpt>
<trkpt lat="37.769320" lon="127.102040" sectionIndex="0" pointIndex="357" originalElevation="87.3" isOriginalElevationFromOSM="true"><ele>87.8</ele></trkpt>
<trkpt lat="37.769420" lon="127.102250" sectionIndex="0" pointIndex="358" originalElevation="87.8" isOriginalElevationFromOSM="true"><ele>87.7</ele></trkpt>
<trkpt lat="37.769480" lon="127.102500" sectionIndex="0" pointIndex="359" originalElevation="88.4" isOriginalElevationFromOSM="true"><ele>87.2</ele></trkpt>
<trkpt lat="37.769520" lon="127.102770" sectionIndex="0" pointIndex="360" originalElevation="87.8" isOriginalElevationFromOSM="true"><ele>86.6</ele></trkpt>
<trkpt lat="37.769450" lon="127.104080" sectionIndex="0" pointIndex="361" originalElevation="84.7" isOriginalElevationFromOSM="true"><ele>85.8</ele></trkpt>
<trkpt lat="37.769420" lon="127.104410" sectionIndex="0" pointIndex="362" originalElevation="84.3" isOriginalElevationFromOSM="true"><ele>85.1</ele></trkpt>
<trkpt lat="37.769370" lon="127.104980" sectionIndex="0" pointIndex="363" originalElevation="83.8" isOriginalElevationFromOSM="true"><ele>84.8</ele></trkpt>
<trkpt lat="37.769320" lon="127.105240" sectionIndex="0" pointIndex="364" originalElevation="85.1" isOriginalElevationFromOSM="true"><ele>85.1</ele></trkpt>
<trkpt lat="37.769260" lon="127.105390" sectionIndex="0" pointIndex="365" originalElevation="86.0" isOriginalElevationFromOSM="true"><ele>86.3</ele></trkpt>
<trkpt lat="37.769220" lon="127.105470" sectionIndex="0" pointIndex="366" originalElevation="86.5" isOriginalElevationFromOSM="true"><ele>87.8</ele></trkpt>
<trkpt lat="37.768930" lon="127.105820" sectionIndex="0" pointIndex="367" originalElevation="90.2" isOriginalElevationFromOSM="true"><ele>91.0</ele></trkpt>
<trkpt lat="37.768900" lon="127.105890" sectionIndex="0" pointIndex="368" originalElevation="91.1" isOriginalElevationFromOSM="true"><ele>94.2</ele></trkpt>
<trkpt lat="37.769020" lon="127.106970" sectionIndex="0" pointIndex="369" originalElevation="101.0" isOriginalElevationFromOSM="true"><ele>97.3</ele></trkpt>
<trkpt lat="37.769040" lon="127.107070" sectionIndex="0" pointIndex="370" originalElevation="102.0" isOriginalElevationFromOSM="true"><ele>99.8</ele></trkpt>
<trkpt lat="37.769070" lon="127.107130" sectionIndex="0" pointIndex="371" originalElevation="102.3" isOriginalElevationFromOSM="true"><ele>102.3</ele></trkpt>
<trkpt lat="37.769260" lon="127.107300" sectionIndex="0" pointIndex="372" originalElevation="102.6" isOriginalElevationFromOSM="true"><ele>104.0</ele></trkpt>
<trkpt lat="37.769330" lon="127.107420" sectionIndex="0" pointIndex="373" originalElevation="103.7" isOriginalElevationFromOSM="true"><ele>105.8</ele></trkpt>
<trkpt lat="37.769500" lon="127.107930" sectionIndex="0" pointIndex="374" originalElevation="109.7" isOriginalElevationFromOSM="true"><ele>108.0</ele></trkpt>
<trkpt lat="37.769620" lon="127.108090" sectionIndex="0" pointIndex="375" originalElevation="110.8" isOriginalElevationFromOSM="true"><ele>110.9</ele></trkpt>
<trkpt lat="37.770020" lon="127.108430" sectionIndex="0" pointIndex="376" originalElevation="113.3" isOriginalElevationFromOSM="true"><ele>113.8</ele></trkpt>
<trkpt lat="37.770260" lon="127.108580" sectionIndex="0" pointIndex="377" originalElevation="117.0" isOriginalElevationFromOSM="true"><ele>115.6</ele></trkpt>
<trkpt lat="37.770390" lon="127.108620" sectionIndex="0" pointIndex="378" originalElevation="118.0" isOriginalElevationFromOSM="true"><ele>117.5</ele></trkpt>
<trkpt lat="37.770780" lon="127.108610" sectionIndex="0" pointIndex="379" originalElevation="118.9" isOriginalElevationFromOSM="true"><ele>119.0</ele></trkpt>
<trkpt lat="37.770950" lon="127.108700" sectionIndex="0" pointIndex="380" originalElevation="120.3" isOriginalElevationFromOSM="true"><ele>120.2</ele></trkpt>
<trkpt lat="37.771000" lon="127.108750" sectionIndex="0" pointIndex="381" originalElevation="120.9" isOriginalElevationFromOSM="true"><ele>121.2</ele></trkpt>
<trkpt lat="37.771200" lon="127.109080" sectionIndex="0" pointIndex="382" originalElevation="122.8" isOriginalElevationFromOSM="true"><ele>122.3</ele></trkpt>
<trkpt lat="37.771360" lon="127.109190" sectionIndex="0" pointIndex="383" originalElevation="123.3" isOriginalElevationFromOSM="true"><ele>123.0</ele></trkpt>
<trkpt lat="37.771590" lon="127.109270" sectionIndex="0" pointIndex="384" originalElevation="124.0" isOriginalElevationFromOSM="true"><ele>123.3</ele></trkpt>
<trkpt lat="37.771680" lon="127.109270" sectionIndex="0" pointIndex="385" originalElevation="123.9" isOriginalElevationFromOSM="true"><ele>123.2</ele></trkpt>
<trkpt lat="37.772000" lon="127.109210" sectionIndex="0" pointIndex="386" originalElevation="122.5" isOriginalElevationFromOSM="true"><ele>122.9</ele></trkpt>
<trkpt lat="37.772090" lon="127.109200" sectionIndex="0" pointIndex="387" originalElevation="122.1" isOriginalElevationFromOSM="true"><ele>123.0</ele></trkpt>
<trkpt lat="37.772230" lon="127.109210" sectionIndex="0" pointIndex="388" originalElevation="121.9" isOriginalElevationFromOSM="true"><ele>123.6</ele></trkpt>
<trkpt lat="37.772580" lon="127.109370" sectionIndex="0" pointIndex="389" originalElevation="124.7" isOriginalElevationFromOSM="true"><ele>124.7</ele></trkpt>
<trkpt lat="37.772730" lon="127.109470" sectionIndex="0" pointIndex="390" originalElevation="126.8" isOriginalElevationFromOSM="true"><ele>126.4</ele></trkpt>
<trkpt lat="37.772820" lon="127.109550" sectionIndex="0" pointIndex="391" originalElevation="128.1" isOriginalElevationFromOSM="true"><ele>128.9</ele></trkpt>
<trkpt lat="37.772950" lon="127.109740" sectionIndex="0" pointIndex="392" originalElevation="130.5" isOriginalElevationFromOSM="true"><ele>131.1</ele></trkpt>
<trkpt lat="37.773050" lon="127.110090" sectionIndex="0" pointIndex="393" originalElevation="134.4" isOriginalElevationFromOSM="true"><ele>133.1</ele></trkpt>
<trkpt lat="37.773120" lon="127.110230" sectionIndex="0" pointIndex="394" originalElevation="135.6" isOriginalElevationFromOSM="true"><ele>135.1</ele></trkpt>
<trkpt lat="37.773260" lon="127.110400" sectionIndex="0" pointIndex="395" originalElevation="136.7" isOriginalElevationFromOSM="true"><ele>138.1</ele></trkpt>
<trkpt lat="37.773340" lon="127.110580" sectionIndex="0" pointIndex="396" originalElevation="138.5" isOriginalElevationFromOSM="true"><ele>140.6</ele></trkpt>
<trkpt lat="37.773480" lon="127.110990" sectionIndex="0" pointIndex="397" originalElevation="145.5" isOriginalElevationFromOSM="true"><ele>143.3</ele></trkpt>
<trkpt lat="37.773500" lon="127.111050" sectionIndex="0" pointIndex="398" originalElevation="146.7" isOriginalElevationFromOSM="true"><ele>146.2</ele></trkpt>
<trkpt lat="37.773630" lon="127.111190" sectionIndex="0" pointIndex="399" originalElevation="149.2" isOriginalElevationFromOSM="true"><ele>148.6</ele></trkpt>
<trkpt lat="37.773860" lon="127.111340" sectionIndex="0" pointIndex="400" originalElevation="150.9" isOriginalElevationFromOSM="true"><ele>149.3</ele></trkpt>
<trkpt lat="37.773980" lon="127.111380" sectionIndex="0" pointIndex="401" originalElevation="150.8" isOriginalElevationFromOSM="true"><ele>149.5</ele></trkpt>
<trkpt lat="37.774360" lon="127.111420" sectionIndex="0" pointIndex="402" originalElevation="149.1" isOriginalElevationFromOSM="true"><ele>148.9</ele></trkpt>
<trkpt lat="37.774680" lon="127.111490" sectionIndex="0" pointIndex="403" originalElevation="147.7" isOriginalElevationFromOSM="true"><ele>149.1</ele></trkpt>
<trkpt lat="37.775090" lon="127.111610" sectionIndex="0" pointIndex="404" originalElevation="146.1" isOriginalElevationFromOSM="true"><ele>150.6</ele></trkpt>
<trkpt lat="37.775480" lon="127.112080" sectionIndex="0" pointIndex="405" originalElevation="152.0" isOriginalElevationFromOSM="true"><ele>153.5</ele></trkpt>
<trkpt lat="37.776780" lon="127.113470" sectionIndex="0" pointIndex="406" originalElevation="157.9" isOriginalElevationFromOSM="true"><ele>156.1</ele></trkpt>
<trkpt lat="37.777220" lon="127.113960" sectionIndex="0" pointIndex="407" originalElevation="163.8" isOriginalElevationFromOSM="true"><ele>158.5</ele></trkpt>
<trkpt lat="37.778120" lon="127.115060" sectionIndex="0" pointIndex="408" originalElevation="160.6" isOriginalElevationFromOSM="true"><ele>159.7</ele></trkpt>
<trkpt lat="37.778230" lon="127.115360" sectionIndex="0" pointIndex="409" originalElevation="158.2" isOriginalElevationFromOSM="true"><ele>159.4</ele></trkpt>
<trkpt lat="37.778240" lon="127.115520" sectionIndex="0" pointIndex="410" originalElevation="157.8" isOriginalElevationFromOSM="true"><ele>158.1</ele></trkpt>
<trkpt lat="37.778280" lon="127.115710" sectionIndex="0" pointIndex="411" originalElevation="156.9" isOriginalElevationFromOSM="true"><ele>157.6</ele></trkpt>
<trkpt lat="37.778390" lon="127.116050" sectionIndex="0" pointIndex="412" originalElevation="157.0" isOriginalElevationFromOSM="true"><ele>157.7</ele></trkpt>
<trkpt lat="37.779150" lon="127.117480" sectionIndex="0" pointIndex="413" originalElevation="158.1" isOriginalElevationFromOSM="true"><ele>157.8</ele></trkpt>
<trkpt lat="37.779400" lon="127.117980" sectionIndex="0" pointIndex="414" originalElevation="158.9" isOriginalElevationFromOSM="true"><ele>158.2</ele></trkpt>
<trkpt lat="37.779720" lon="127.118660" sectionIndex="0" pointIndex="415" originalElevation="157.9" isOriginalElevationFromOSM="true"><ele>159.2</ele></trkpt>
<trkpt lat="37.779660" lon="127.118870" sectionIndex="0" pointIndex="416" originalElevation="159.2" isOriginalElevationFromOSM="true"><ele>160.0</ele></trkpt>
<trkpt lat="37.779450" lon="127.119300" sectionIndex="0" pointIndex="417" originalElevation="161.7" isOriginalElevationFromOSM="true"><ele>160.8</ele></trkpt>
<trkpt lat="37.779290" lon="127.119520" sectionIndex="0" pointIndex="418" originalElevation="162.2" isOriginalElevationFromOSM="true"><ele>162.0</ele></trkpt>
<trkpt lat="37.779110" lon="127.119710" sectionIndex="0" pointIndex="419" originalElevation="163.0" isOriginalElevationFromOSM="true"><ele>163.1</ele></trkpt>
<trkpt lat="37.778990" lon="127.119810" sectionIndex="0" pointIndex="420" originalElevation="164.0" isOriginalElevationFromOSM="true"><ele>164.7</ele></trkpt>
<trkpt lat="37.778900" lon="127.119860" sectionIndex="0" pointIndex="421" originalElevation="164.8" isOriginalElevationFromOSM="true"><ele>166.3</ele></trkpt>
<trkpt lat="37.778300" lon="127.120000" sectionIndex="0" pointIndex="422" originalElevation="169.3" isOriginalElevationFromOSM="true"><ele>167.9</ele></trkpt>
<trkpt lat="37.778190" lon="127.120040" sectionIndex="0" pointIndex="423" originalElevation="170.2" isOriginalElevationFromOSM="true"><ele>169.5</ele></trkpt>
<trkpt lat="37.777990" lon="127.120150" sectionIndex="0" pointIndex="424" originalElevation="171.4" isOriginalElevationFromOSM="true"><ele>170.6</ele></trkpt>
<trkpt lat="37.777730" lon="127.120370" sectionIndex="0" pointIndex="425" originalElevation="171.7" isOriginalElevationFromOSM="true"><ele>170.6</ele></trkpt>
<trkpt lat="37.777530" lon="127.120620" sectionIndex="0" pointIndex="426" originalElevation="170.3" isOriginalElevationFromOSM="true"><ele>170.8</ele></trkpt>
<trkpt lat="37.777450" lon="127.120760" sectionIndex="0" pointIndex="427" originalElevation="169.5" isOriginalElevationFromOSM="true"><ele>171.0</ele></trkpt>
<trkpt lat="37.777350" lon="127.120980" sectionIndex="0" pointIndex="428" originalElevation="171.0" isOriginalElevationFromOSM="true"><ele>171.4</ele></trkpt>
<trkpt lat="37.777290" lon="127.121190" sectionIndex="0" pointIndex="429" originalElevation="172.4" isOriginalElevationFromOSM="true"><ele>172.3</ele></trkpt>
<trkpt lat="37.777250" lon="127.121380" sectionIndex="0" pointIndex="430" originalElevation="173.6" isOriginalElevationFromOSM="true"><ele>173.7</ele></trkpt>
<trkpt lat="37.777230" lon="127.121610" sectionIndex="0" pointIndex="431" originalElevation="175.1" isOriginalElevationFromOSM="true"><ele>175.0</ele></trkpt>
<trkpt lat="37.777230" lon="127.121820" sectionIndex="0" pointIndex="432" originalElevation="176.2" isOriginalElevationFromOSM="true"><ele>176.8</ele></trkpt>
<trkpt lat="37.777250" lon="127.122080" sectionIndex="0" pointIndex="433" originalElevation="177.7" isOriginalElevationFromOSM="true"><ele>179.3</ele></trkpt>
<trkpt lat="37.777350" lon="127.122900" sectionIndex="0" pointIndex="434" originalElevation="181.2" isOriginalElevationFromOSM="true"><ele>181.7</ele></trkpt>
<trkpt lat="37.777410" lon="127.123590" sectionIndex="0" pointIndex="435" originalElevation="186.1" isOriginalElevationFromOSM="true"><ele>184.3</ele></trkpt>
<trkpt lat="37.777410" lon="127.123930" sectionIndex="0" pointIndex="436" originalElevation="187.3" isOriginalElevationFromOSM="true"><ele>187.2</ele></trkpt>
<trkpt lat="37.777380" lon="127.124250" sectionIndex="0" pointIndex="437" originalElevation="189.2" isOriginalElevationFromOSM="true"><ele>190.3</ele></trkpt>
<trkpt lat="37.777370" lon="127.124580" sectionIndex="0" pointIndex="438" originalElevation="192.3" isOriginalElevationFromOSM="true"><ele>192.5</ele></trkpt>
<trkpt lat="37.777360" lon="127.125190" sectionIndex="0" pointIndex="439" originalElevation="196.5" isOriginalElevationFromOSM="true"><ele>194.2</ele></trkpt>
<trkpt lat="37.777370" lon="127.125540" sectionIndex="0" pointIndex="440" originalElevation="197.4" isOriginalElevationFromOSM="true"><ele>195.3</ele></trkpt>
<trkpt lat="37.777550" lon="127.126470" sectionIndex="0" pointIndex="441" originalElevation="195.8" isOriginalElevationFromOSM="true"><ele>195.7</ele></trkpt>
<trkpt lat="37.777720" lon="127.127210" sectionIndex="0" pointIndex="442" originalElevation="194.6" isOriginalElevationFromOSM="true"><ele>195.1</ele></trkpt>
<trkpt lat="37.777730" lon="127.127350" sectionIndex="0" pointIndex="443" originalElevation="194.4" isOriginalElevationFromOSM="true"><ele>192.9</ele></trkpt>
<trkpt lat="37.777700" lon="127.127560" sectionIndex="0" pointIndex="444" originalElevation="193.4" isOriginalElevationFromOSM="true"><ele>190.4</ele></trkpt>
<trkpt lat="37.777400" lon="127.128550" sectionIndex="0" pointIndex="445" originalElevation="186.5" isOriginalElevationFromOSM="true"><ele>188.0</ele></trkpt>
<trkpt lat="37.777330" lon="127.129310" sectionIndex="0" pointIndex="446" originalElevation="183.3" isOriginalElevationFromOSM="true"><ele>185.3</ele></trkpt>
<trkpt lat="37.777220" lon="127.129930" sectionIndex="0" pointIndex="447" originalElevation="182.4" isOriginalElevationFromOSM="true"><ele>182.1</ele></trkpt>
<trkpt lat="37.776910" lon="127.131220" sectionIndex="0" pointIndex="448" originalElevation="181.0" isOriginalElevationFromOSM="true"><ele>179.9</ele></trkpt>
<trkpt lat="37.776600" lon="127.132420" sectionIndex="0" pointIndex="449" originalElevation="177.1" isOriginalElevationFromOSM="true"><ele>178.3</ele></trkpt>
<trkpt lat="37.776350" lon="127.132870" sectionIndex="0" pointIndex="450" originalElevation="175.9" isOriginalElevationFromOSM="true"><ele>176.7</ele></trkpt>
<trkpt lat="37.776320" lon="127.133040" sectionIndex="0" pointIndex="451" originalElevation="175.3" isOriginalElevationFromOSM="true"><ele>175.2</ele></trkpt>
<trkpt lat="37.776310" lon="127.133310" sectionIndex="0" pointIndex="452" originalElevation="174.3" isOriginalElevationFromOSM="true"><ele>174.4</ele></trkpt>
<trkpt lat="37.776360" lon="127.133950" sectionIndex="0" pointIndex="453" originalElevation="173.5" isOriginalElevationFromOSM="true"><ele>174.0</ele></trkpt>
<trkpt lat="37.776330" lon="127.134220" sectionIndex="0" pointIndex="454" originalElevation="173.1" isOriginalElevationFromOSM="true"><ele>173.3</ele></trkpt>
<trkpt lat="37.776160" lon="127.134920" sectionIndex="0" pointIndex="455" originalElevation="173.7" isOriginalElevationFromOSM="true"><ele>172.6</ele></trkpt>
<trkpt lat="37.776140" lon="127.135300" sectionIndex="0" pointIndex="456" originalElevation="171.7" isOriginalElevationFromOSM="true"><ele>171.8</ele></trkpt>
<trkpt lat="37.776200" lon="127.135580" sectionIndex="0" pointIndex="457" originalElevation="170.8" isOriginalElevationFromOSM="true"><ele>170.8</ele></trkpt>
<trkpt lat="37.776410" lon="127.136120" sectionIndex="0" pointIndex="458" originalElevation="169.6" isOriginalElevationFromOSM="true"><ele>169.4</ele></trkpt>
<trkpt lat="37.776570" lon="127.136430" sectionIndex="0" pointIndex="459" originalElevation="168.0" isOriginalElevationFromOSM="true"><ele>168.8</ele></trkpt>
<trkpt lat="37.776680" lon="127.136590" sectionIndex="0" pointIndex="460" originalElevation="166.8" isOriginalElevationFromOSM="true"><ele>168.4</ele></trkpt>
<trkpt lat="37.777090" lon="127.137100" sectionIndex="0" pointIndex="461" originalElevation="168.6" isOriginalElevationFromOSM="true"><ele>168.3</ele></trkpt>
<trkpt lat="37.777260" lon="127.137350" sectionIndex="0" pointIndex="462" originalElevation="168.9" isOriginalElevationFromOSM="true"><ele>169.0</ele></trkpt>
<trkpt lat="37.777830" lon="127.138400" sectionIndex="0" pointIndex="463" originalElevation="169.4" isOriginalElevationFromOSM="true"><ele>169.8</ele></trkpt>
<trkpt lat="37.778030" lon="127.138860" sectionIndex="0" pointIndex="464" originalElevation="171.4" isOriginalElevationFromOSM="true"><ele>169.9</ele></trkpt>
<trkpt lat="37.778330" lon="127.139750" sectionIndex="0" pointIndex="465" originalElevation="170.8" isOriginalElevationFromOSM="true"><ele>169.8</ele></trkpt>
<trkpt lat="37.778440" lon="127.140220" sectionIndex="0" pointIndex="466" originalElevation="169.3" isOriginalElevationFromOSM="true"><ele>170.0</ele></trkpt>
<trkpt lat="37.778460" lon="127.140560" sectionIndex="0" pointIndex="467" originalElevation="168.3" isOriginalElevationFromOSM="true"><ele>169.7</ele></trkpt>
<trkpt lat="37.778360" lon="127.142130" sectionIndex="0" pointIndex="468" originalElevation="170.1" isOriginalElevationFromOSM="true"><ele>169.6</ele></trkpt>
<trkpt lat="37.778310" lon="127.142590" sectionIndex="0" pointIndex="469" originalElevation="170.1" isOriginalElevationFromOSM="true"><ele>169.9</ele></trkpt>
<trkpt lat="37.778260" lon="127.142960" sectionIndex="0" pointIndex="470" originalElevation="170.4" isOriginalElevationFromOSM="true"><ele>170.2</ele></trkpt>
<trkpt lat="37.778240" lon="127.143050" sectionIndex="0" pointIndex="471" originalElevation="170.4" isOriginalElevationFromOSM="true"><ele>170.2</ele></trkpt>
<trkpt lat="37.778160" lon="127.143260" sectionIndex="0" pointIndex="472" originalElevation="170.0" isOriginalElevationFromOSM="true"><ele>170.2</ele></trkpt>
<trkpt lat="37.777980" lon="127.143500" sectionIndex="0" pointIndex="473" originalElevation="170.3" isOriginalElevationFromOSM="true"><ele>169.6</ele></trkpt>
<trkpt lat="37.777710" lon="127.143920" sectionIndex="0" pointIndex="474" originalElevation="170.0" isOriginalElevationFromOSM="true"><ele>168.6</ele></trkpt>
<trkpt lat="37.777380" lon="127.144390" sectionIndex="0" pointIndex="475" originalElevation="167.2" isOriginalElevationFromOSM="true"><ele>167.3</ele></trkpt>
<trkpt lat="37.777150" lon="127.144790" sectionIndex="0" pointIndex="476" originalElevation="165.6" isOriginalElevationFromOSM="true"><ele>166.0</ele></trkpt>
<trkpt lat="37.776920" lon="127.145360" sectionIndex="0" pointIndex="477" originalElevation="163.7" isOriginalElevationFromOSM="true"><ele>164.7</ele></trkpt>
<trkpt lat="37.776890" lon="127.145540" sectionIndex="0" pointIndex="478" originalElevation="163.6" isOriginalElevationFromOSM="true"><ele>163.8</ele></trkpt>
<trkpt lat="37.776860" lon="127.145850" sectionIndex="0" pointIndex="479" originalElevation="163.6" isOriginalElevationFromOSM="true"><ele>163.2</ele></trkpt>
<trkpt lat="37.776870" lon="127.146070" sectionIndex="0" pointIndex="480" originalElevation="162.8" isOriginalElevationFromOSM="true"><ele>162.8</ele></trkpt>
<trkpt lat="37.776910" lon="127.146340" sectionIndex="0" pointIndex="481" originalElevation="162.2" isOriginalElevationFromOSM="true"><ele>162.6</ele></trkpt>
<trkpt lat="37.776960" lon="127.146510" sectionIndex="0" pointIndex="482" originalElevation="162.1" isOriginalElevationFromOSM="true"><ele>162.4</ele></trkpt>
<trkpt lat="37.777020" lon="127.146660" sectionIndex="0" pointIndex="483" originalElevation="162.4" isOriginalElevationFromOSM="true"><ele>162.0</ele></trkpt>
<trkpt lat="37.777360" lon="127.147250" sectionIndex="0" pointIndex="484" originalElevation="162.5" isOriginalElevationFromOSM="true"><ele>161.8</ele></trkpt>
<trkpt lat="37.777530" lon="127.147570" sectionIndex="0" pointIndex="485" originalElevation="161.0" isOriginalElevationFromOSM="true"><ele>161.5</ele></trkpt>
<trkpt lat="37.777640" lon="127.147950" sectionIndex="0" pointIndex="486" originalElevation="161.0" isOriginalElevationFromOSM="true"><ele>161.2</ele></trkpt>
<trkpt lat="37.777670" lon="127.148120" sectionIndex="0" pointIndex="487" originalElevation="160.8" isOriginalElevationFromOSM="true"><ele>160.6</ele></trkpt>
<trkpt lat="37.777670" lon="127.148310" sectionIndex="0" pointIndex="488" originalElevation="160.5" isOriginalElevationFromOSM="true"><ele>159.9</ele></trkpt>
<trkpt lat="37.777630" lon="127.148450" sectionIndex="0" pointIndex="489" originalElevation="159.6" isOriginalElevationFromOSM="true"><ele>158.4</ele></trkpt>
<trkpt lat="37.777510" lon="127.148730" sectionIndex="0" pointIndex="490" originalElevation="157.7" isOriginalElevationFromOSM="true"><ele>156.9</ele></trkpt>
<trkpt lat="37.776810" lon="127.150060" sectionIndex="0" pointIndex="491" originalElevation="153.4" isOriginalElevationFromOSM="true"><ele>155.6</ele></trkpt>
<trkpt lat="37.776520" lon="127.150660" sectionIndex="0" pointIndex="492" originalElevation="153.6" isOriginalElevationFromOSM="true"><ele>154.4</ele></trkpt>
<trkpt lat="37.776370" lon="127.150860" sectionIndex="0" pointIndex="493" originalElevation="153.8" isOriginalElevationFromOSM="true"><ele>153.5</ele></trkpt>
<trkpt lat="37.776260" lon="127.150940" sectionIndex="0" pointIndex="494" originalElevation="153.8" isOriginalElevationFromOSM="true"><ele>153.5</ele></trkpt>
<trkpt lat="37.775370" lon="127.151380" sectionIndex="0" pointIndex="495" originalElevation="153.1" isOriginalElevationFromOSM="true"><ele>153.5</ele></trkpt>
<trkpt lat="37.775170" lon="127.151460" sectionIndex="0" pointIndex="496" originalElevation="153.4" isOriginalElevationFromOSM="true"><ele>153.7</ele></trkpt>
<trkpt lat="37.775030" lon="127.151490" sectionIndex="0" pointIndex="497" originalElevation="153.6" isOriginalElevationFromOSM="true"><ele>153.5</ele></trkpt>
<trkpt lat="37.774560" lon="127.151500" sectionIndex="0" pointIndex="498" originalElevation="154.6" isOriginalElevationFromOSM="true"><ele>153.3</ele></trkpt>
<trkpt lat="37.772680" lon="127.151480" sectionIndex="0" pointIndex="499" originalElevation="152.8" isOriginalElevationFromOSM="true"><ele>152.9</ele></trkpt>
<trkpt lat="37.772510" lon="127.151510" sectionIndex="0" pointIndex="500" originalElevation="152.1" isOriginalElevationFromOSM="true"><ele>152.2</ele></trkpt>
<trkpt lat="37.772390" lon="127.151540" sectionIndex="0" pointIndex="501" originalElevation="151.4" isOriginalElevationFromOSM="true"><ele>151.4</ele></trkpt>
<trkpt lat="37.772210" lon="127.151630" sectionIndex="0" pointIndex="502" originalElevation="150.2" isOriginalElevationFromOSM="true"><ele>151.2</ele></trkpt>
<trkpt lat="37.772040" lon="127.151770" sectionIndex="0" pointIndex="503" originalElevation="150.5" isOriginalElevationFromOSM="true"><ele>151.9</ele></trkpt>
<trkpt lat="37.771860" lon="127.151970" sectionIndex="0" pointIndex="504" originalElevation="151.6" isOriginalElevationFromOSM="true"><ele>152.6</ele></trkpt>
<trkpt lat="37.770980" lon="127.153830" sectionIndex="0" pointIndex="505" originalElevation="155.9" isOriginalElevationFromOSM="true"><ele>153.2</ele></trkpt>
<trkpt lat="37.770860" lon="127.154160" sectionIndex="0" pointIndex="506" originalElevation="154.9" isOriginalElevationFromOSM="true"><ele>153.6</ele></trkpt>
<trkpt lat="37.770810" lon="127.154440" sectionIndex="0" pointIndex="507" originalElevation="153.0" isOriginalElevationFromOSM="true"><ele>153.8</ele></trkpt>
<trkpt lat="37.770820" lon="127.154590" sectionIndex="0" pointIndex="508" originalElevation="152.5" isOriginalElevationFromOSM="true"><ele>153.3</ele></trkpt>
<trkpt lat="37.770860" lon="127.154740" sectionIndex="0" pointIndex="509" originalElevation="152.6" isOriginalElevationFromOSM="true"><ele>153.3</ele></trkpt>
<trkpt lat="37.770960" lon="127.154920" sectionIndex="0" pointIndex="510" originalElevation="153.3" isOriginalElevationFromOSM="true"><ele>152.8</ele></trkpt>
<trkpt lat="37.771410" lon="127.155470" sectionIndex="0" pointIndex="511" originalElevation="155.2" isOriginalElevationFromOSM="true"><ele>152.5</ele></trkpt>
<trkpt lat="37.771650" lon="127.155740" sectionIndex="0" pointIndex="512" originalElevation="150.5" isOriginalElevationFromOSM="true"><ele>151.5</ele></trkpt>
<trkpt lat="37.772140" lon="127.156110" sectionIndex="0" pointIndex="513" originalElevation="151.0" isOriginalElevationFromOSM="true"><ele>150.2</ele></trkpt>
<trkpt lat="37.772600" lon="127.156430" sectionIndex="0" pointIndex="514" originalElevation="147.6" isOriginalElevationFromOSM="true"><ele>148.3</ele></trkpt>
<trkpt lat="37.772730" lon="127.156540" sectionIndex="0" pointIndex="515" originalElevation="146.9" isOriginalElevationFromOSM="true"><ele>146.5</ele></trkpt>
<trkpt lat="37.772790" lon="127.156640" sectionIndex="0" pointIndex="516" originalElevation="145.5" isOriginalElevationFromOSM="true"><ele>144.6</ele></trkpt>
<trkpt lat="37.773080" lon="127.158210" sectionIndex="0" pointIndex="517" originalElevation="141.7" isOriginalElevationFromOSM="true"><ele>143.2</ele></trkpt>
<trkpt lat="37.773080" lon="127.158450" sectionIndex="0" pointIndex="518" originalElevation="141.5" isOriginalElevationFromOSM="true"><ele>141.6</ele></trkpt>
<trkpt lat="37.772920" lon="127.159650" sectionIndex="0" pointIndex="519" originalElevation="140.3" isOriginalElevationFromOSM="true"><ele>140.3</ele></trkpt>
<trkpt lat="37.772850" lon="127.160070" sectionIndex="0" pointIndex="520" originalElevation="139.0" isOriginalElevationFromOSM="true"><ele>138.6</ele></trkpt>
<trkpt lat="37.772750" lon="127.160450" sectionIndex="0" pointIndex="521" originalElevation="139.2" isOriginalElevationFromOSM="true"><ele>136.6</ele></trkpt>
<trkpt lat="37.771810" lon="127.163410" sectionIndex="0" pointIndex="522" originalElevation="133.0" isOriginalElevationFromOSM="true"><ele>134.4</ele></trkpt>
<trkpt lat="37.771730" lon="127.163620" sectionIndex="0" pointIndex="523" originalElevation="131.3" isOriginalElevationFromOSM="true"><ele>132.4</ele></trkpt>
<trkpt lat="37.771630" lon="127.163800" sectionIndex="0" pointIndex="524" originalElevation="129.8" isOriginalElevationFromOSM="true"><ele>130.1</ele></trkpt>
<trkpt lat="37.771500" lon="127.163980" sectionIndex="0" pointIndex="525" originalElevation="128.9" isOriginalElevationFromOSM="true"><ele>129.2</ele></trkpt>
<trkpt lat="37.771160" lon="127.164300" sectionIndex="0" pointIndex="526" originalElevation="127.6" isOriginalElevationFromOSM="true"><ele>128.7</ele></trkpt>
<trkpt lat="37.770900" lon="127.164410" sectionIndex="0" pointIndex="527" originalElevation="128.5" isOriginalElevationFromOSM="true"><ele>128.4</ele></trkpt>
<trkpt lat="37.770310" lon="127.164500" sectionIndex="0" pointIndex="528" originalElevation="128.6" isOriginalElevationFromOSM="true"><ele>127.3</ele></trkpt>
<trkpt lat="37.770240" lon="127.164520" sectionIndex="0" pointIndex="529" originalElevation="128.4" isOriginalElevationFromOSM="true"><ele>126.5</ele></trkpt>
<trkpt lat="37.768570" lon="127.165350" sectionIndex="0" pointIndex="530" originalElevation="123.4" isOriginalElevationFromOSM="true"><ele>125.6</ele></trkpt>
<trkpt lat="37.768480" lon="127.165430" sectionIndex="0" pointIndex="531" originalElevation="123.8" isOriginalElevationFromOSM="true"><ele>124.6</ele></trkpt>
<trkpt lat="37.768150" lon="127.165950" sectionIndex="0" pointIndex="532" originalElevation="123.9" isOriginalElevationFromOSM="true"><ele>123.6</ele></trkpt>
<trkpt lat="37.768030" lon="127.166070" sectionIndex="0" pointIndex="533" originalElevation="123.5" isOriginalElevationFromOSM="true"><ele>123.4</ele></trkpt>
<trkpt lat="37.767860" lon="127.166170" sectionIndex="0" pointIndex="534" originalElevation="123.5" isOriginalElevationFromOSM="true"><ele>122.5</ele></trkpt>
<trkpt lat="37.767110" lon="127.166460" sectionIndex="0" pointIndex="535" originalElevation="122.2" isOriginalElevationFromOSM="true"><ele>121.5</ele></trkpt>
<trkpt lat="37.766210" lon="127.166830" sectionIndex="0" pointIndex="536" originalElevation="119.6" isOriginalElevationFromOSM="true"><ele>120.3</ele></trkpt>
<trkpt lat="37.765980" lon="127.166950" sectionIndex="0" pointIndex="537" originalElevation="118.6" isOriginalElevationFromOSM="true"><ele>119.0</ele></trkpt>
<trkpt lat="37.765880" lon="127.167020" sectionIndex="0" pointIndex="538" originalElevation="117.8" isOriginalElevationFromOSM="true"><ele>116.9</ele></trkpt>
<trkpt lat="37.765800" lon="127.167100" sectionIndex="0" pointIndex="539" originalElevation="116.9" isOriginalElevationFromOSM="true"><ele>115.2</ele></trkpt>
<trkpt lat="37.765290" lon="127.167810" sectionIndex="0" pointIndex="540" originalElevation="111.7" isOriginalElevationFromOSM="true"><ele>113.7</ele></trkpt>
<trkpt lat="37.765160" lon="127.167950" sectionIndex="0" pointIndex="541" originalElevation="111.1" isOriginalElevationFromOSM="true"><ele>112.2</ele></trkpt>
<trkpt lat="37.764960" lon="127.168030" sectionIndex="0" pointIndex="542" originalElevation="110.8" isOriginalElevationFromOSM="true"><ele>110.9</ele></trkpt>
<trkpt lat="37.764390" lon="127.168120" sectionIndex="0" pointIndex="543" originalElevation="110.6" isOriginalElevationFromOSM="true"><ele>110.5</ele></trkpt>
<trkpt lat="37.764220" lon="127.168190" sectionIndex="0" pointIndex="544" originalElevation="110.1" isOriginalElevationFromOSM="true"><ele>110.3</ele></trkpt>
<trkpt lat="37.764150" lon="127.168250" sectionIndex="0" pointIndex="545" originalElevation="109.8" isOriginalElevationFromOSM="true"><ele>110.3</ele></trkpt>
<trkpt lat="37.764040" lon="127.168390" sectionIndex="0" pointIndex="546" originalElevation="110.2" isOriginalElevationFromOSM="true"><ele>110.3</ele></trkpt>
<trkpt lat="37.763990" lon="127.168540" sectionIndex="0" pointIndex="547" originalElevation="110.6" isOriginalElevationFromOSM="true"><ele>110.4</ele></trkpt>
<trkpt lat="37.763930" lon="127.168750" sectionIndex="0" pointIndex="548" originalElevation="110.8" isOriginalElevationFromOSM="true"><ele>110.7</ele></trkpt>
<trkpt lat="37.763890" lon="127.169120" sectionIndex="0" pointIndex="549" originalElevation="110.7" isOriginalElevationFromOSM="true"><ele>110.9</ele></trkpt>
<trkpt lat="37.763850" lon="127.169300" sectionIndex="0" pointIndex="550" originalElevation="111.1" isOriginalElevationFromOSM="true"><ele>111.2</ele></trkpt>
<trkpt lat="37.763760" lon="127.169460" sectionIndex="0" pointIndex="551" originalElevation="111.5" isOriginalElevationFromOSM="true"><ele>111.4</ele></trkpt>
<trkpt lat="37.763580" lon="127.169570" sectionIndex="0" pointIndex="552" originalElevation="111.8" isOriginalElevationFromOSM="true"><ele>111.4</ele></trkpt>
<trkpt lat="37.763350" lon="127.169600" sectionIndex="0" pointIndex="553" originalElevation="112.0" isOriginalElevationFromOSM="true"><ele>110.9</ele></trkpt>
<trkpt lat="37.762910" lon="127.169590" sectionIndex="0" pointIndex="554" originalElevation="110.5" isOriginalElevationFromOSM="true"><ele>110.4</ele></trkpt>
<trkpt lat="37.760280" lon="127.169420" sectionIndex="0" pointIndex="555" originalElevation="108.7" isOriginalElevationFromOSM="true"><ele>109.9</ele></trkpt>
<trkpt lat="37.760080" lon="127.169450" sectionIndex="0" pointIndex="556" originalElevation="109.2" isOriginalElevationFromOSM="true"><ele>109.3</ele></trkpt>
<trkpt lat="37.759930" lon="127.169500" sectionIndex="0" pointIndex="557" originalElevation="109.2" isOriginalElevationFromOSM="true"><ele>108.8</ele></trkpt>
<trkpt lat="37.759730" lon="127.169620" sectionIndex="0" pointIndex="558" originalElevation="108.8" isOriginalElevationFromOSM="true"><ele>108.7</ele></trkpt>
<trkpt lat="37.759530" lon="127.169710" sectionIndex="0" pointIndex="559" originalElevation="108.3" isOriginalElevationFromOSM="true"><ele>108.3</ele></trkpt>
<trkpt lat="37.759440" lon="127.169720" sectionIndex="0" pointIndex="560" originalElevation="108.1" isOriginalElevationFromOSM="true"><ele>107.6</ele></trkpt>
<trkpt lat="37.759070" lon="127.169570" sectionIndex="0" pointIndex="561" originalElevation="106.9" isOriginalElevationFromOSM="true"><ele>107.0</ele></trkpt>
<trkpt lat="37.758740" lon="127.169360" sectionIndex="0" pointIndex="562" originalElevation="106.0" isOriginalElevationFromOSM="true"><ele>107.1</ele></trkpt>
<trkpt lat="37.756870" lon="127.168830" sectionIndex="0" pointIndex="563" originalElevation="105.5" isOriginalElevationFromOSM="true"><ele>107.5</ele></trkpt>
<trkpt lat="37.756040" lon="127.168660" sectionIndex="0" pointIndex="564" originalElevation="109.1" isOriginalElevationFromOSM="true"><ele>108.0</ele></trkpt>
<trkpt lat="37.754210" lon="127.168420" sectionIndex="0" pointIndex="565" originalElevation="109.8" isOriginalElevationFromOSM="true"><ele>108.8</ele></trkpt>
<trkpt lat="37.754010" lon="127.168450" sectionIndex="0" pointIndex="566" originalElevation="109.4" isOriginalElevationFromOSM="true"><ele>109.7</ele></trkpt>
<trkpt lat="37.753500" lon="127.168690" sectionIndex="0" pointIndex="567" originalElevation="110.3" isOriginalElevationFromOSM="true"><ele>109.2</ele></trkpt>
<trkpt lat="37.752710" lon="127.169110" sectionIndex="0" pointIndex="568" originalElevation="110.1" isOriginalElevationFromOSM="true"><ele>108.2</ele></trkpt>
<trkpt lat="37.752230" lon="127.169320" sectionIndex="0" pointIndex="569" originalElevation="106.2" isOriginalElevationFromOSM="true"><ele>106.9</ele></trkpt>
<trkpt lat="37.752050" lon="127.169420" sectionIndex="0" pointIndex="570" originalElevation="104.9" isOriginalElevationFromOSM="true"><ele>105.4</ele></trkpt>
<trkpt lat="37.751780" lon="127.169690" sectionIndex="0" pointIndex="571" originalElevation="103.2" isOriginalElevationFromOSM="true"><ele>103.9</ele></trkpt>
<trkpt lat="37.751680" lon="127.169820" sectionIndex="0" pointIndex="572" originalElevation="102.6" isOriginalElevationFromOSM="true"><ele>103.2</ele></trkpt>
<trkpt lat="37.751560" lon="127.170080" sectionIndex="0" pointIndex="573" originalElevation="102.7" isOriginalElevationFromOSM="true"><ele>102.6</ele></trkpt>
<trkpt lat="37.751440" lon="127.170250" sectionIndex="0" pointIndex="574" originalElevation="102.8" isOriginalElevationFromOSM="true"><ele>101.7</ele></trkpt>
<trkpt lat="37.751180" lon="127.170500" sectionIndex="0" pointIndex="575" originalElevation="101.6" isOriginalElevationFromOSM="true"><ele>101.1</ele></trkpt>
<trkpt lat="37.750800" lon="127.170790" sectionIndex="0" pointIndex="576" originalElevation="98.9" isOriginalElevationFromOSM="true"><ele>100.2</ele></trkpt>
<trkpt lat="37.750360" lon="127.171160" sectionIndex="0" pointIndex="577" originalElevation="99.4" isOriginalElevationFromOSM="true"><ele>99.2</ele></trkpt>
<trkpt lat="37.750160" lon="127.171450" sectionIndex="0" pointIndex="578" originalElevation="98.5" isOriginalElevationFromOSM="true"><ele>99.1</ele></trkpt>
<trkpt lat="37.749980" lon="127.171660" sectionIndex="0" pointIndex="579" originalElevation="97.4" isOriginalElevationFromOSM="true"><ele>99.8</ele></trkpt>
<trkpt lat="37.749780" lon="127.171990" sectionIndex="0" pointIndex="580" originalElevation="101.5" isOriginalElevationFromOSM="true"><ele>100.2</ele></trkpt>
<trkpt lat="37.749670" lon="127.172480" sectionIndex="0" pointIndex="581" originalElevation="102.2" isOriginalElevationFromOSM="true"><ele>100.5</ele></trkpt>
<trkpt lat="37.749540" lon="127.172900" sectionIndex="0" pointIndex="582" originalElevation="101.3" isOriginalElevationFromOSM="true"><ele>100.6</ele></trkpt>
<trkpt lat="37.749410" lon="127.173120" sectionIndex="0" pointIndex="583" originalElevation="99.9" isOriginalElevationFromOSM="true"><ele>99.8</ele></trkpt>
<trkpt lat="37.749240" lon="127.173540" sectionIndex="0" pointIndex="584" originalElevation="98.0" isOriginalElevationFromOSM="true"><ele>99.0</ele></trkpt>
<trkpt lat="37.749100" lon="127.173960" sectionIndex="0" pointIndex="585" originalElevation="97.8" isOriginalElevationFromOSM="true"><ele>98.3</ele></trkpt>
<trkpt lat="37.749020" lon="127.174110" sectionIndex="0" pointIndex="586" originalElevation="98.0" isOriginalElevationFromOSM="true"><ele>97.8</ele></trkpt>
<trkpt lat="37.748730" lon="127.174580" sectionIndex="0" pointIndex="587" originalElevation="97.9" isOriginalElevationFromOSM="true"><ele>97.7</ele></trkpt>
<trkpt lat="37.748040" lon="127.175860" sectionIndex="0" pointIndex="588" originalElevation="97.1" isOriginalElevationFromOSM="true"><ele>97.7</ele></trkpt>
<trkpt lat="37.747870" lon="127.176240" sectionIndex="0" pointIndex="589" originalElevation="97.7" isOriginalElevationFromOSM="true"><ele>97.7</ele></trkpt>
<trkpt lat="37.747780" lon="127.176530" sectionIndex="0" pointIndex="590" originalElevation="97.8" isOriginalElevationFromOSM="true"><ele>97.6</ele></trkpt>
<trkpt lat="37.747750" lon="127.176750" sectionIndex="0" pointIndex="591" originalElevation="97.8" isOriginalElevationFromOSM="true"><ele>98.4</ele></trkpt>
<trkpt lat="37.747730" lon="127.177080" sectionIndex="0" pointIndex="592" originalElevation="97.8" isOriginalElevationFromOSM="true"><ele>99.2</ele></trkpt>
<trkpt lat="37.747940" lon="127.178020" sectionIndex="0" pointIndex="593" originalElevation="100.9" isOriginalElevationFromOSM="true"><ele>99.9</ele></trkpt>
<trkpt lat="37.748000" lon="127.178710" sectionIndex="0" pointIndex="594" originalElevation="101.6" isOriginalElevationFromOSM="true"><ele>100.3</ele></trkpt>
<trkpt lat="37.748160" lon="127.179340" sectionIndex="0" pointIndex="595" originalElevation="101.2" isOriginalElevationFromOSM="true"><ele>100.8</ele></trkpt>
<trkpt lat="37.748280" lon="127.179580" sectionIndex="0" pointIndex="596" originalElevation="100.3" isOriginalElevationFromOSM="true"><ele>100.9</ele></trkpt>
<trkpt lat="37.748530" lon="127.179890" sectionIndex="0" pointIndex="597" originalElevation="100.2" isOriginalElevationFromOSM="true"><ele>100.9</ele></trkpt>
<trkpt lat="37.748760" lon="127.180120" sectionIndex="0" pointIndex="598" originalElevation="101.0" isOriginalElevationFromOSM="true"><ele>100.9</ele></trkpt>
<trkpt lat="37.749040" lon="127.180350" sectionIndex="0" pointIndex="599" originalElevation="101.7" isOriginalElevationFromOSM="true"><ele>100.6</ele></trkpt>
<trkpt lat="37.749280" lon="127.180480" sectionIndex="0" pointIndex="600" originalElevation="101.2" isOriginalElevationFromOSM="true"><ele>100.0</ele></trkpt>
<trkpt lat="37.749640" lon="127.180620" sectionIndex="0" pointIndex="601" originalElevation="99.0" isOriginalElevationFromOSM="true"><ele>99.5</ele></trkpt>
<trkpt lat="37.750160" lon="127.180720" sectionIndex="0" pointIndex="602" originalElevation="97.4" isOriginalElevationFromOSM="true"><ele>98.9</ele></trkpt>
<trkpt lat="37.750480" lon="127.181080" sectionIndex="0" pointIndex="603" originalElevation="98.3" isOriginalElevationFromOSM="true"><ele>98.6</ele></trkpt>
<trkpt lat="37.751020" lon="127.181650" sectionIndex="0" pointIndex="604" originalElevation="98.8" isOriginalElevationFromOSM="true"><ele>98.6</ele></trkpt>
<trkpt lat="37.751210" lon="127.181870" sectionIndex="0" pointIndex="605" originalElevation="99.4" isOriginalElevationFromOSM="true"><ele>98.9</ele></trkpt>
<trkpt lat="37.751360" lon="127.182130" sectionIndex="0" pointIndex="606" originalElevation="99.3" isOriginalElevationFromOSM="true"><ele>98.6</ele></trkpt>
<trkpt lat="37.751460" lon="127.182390" sectionIndex="0" pointIndex="607" originalElevation="98.6" isOriginalElevationFromOSM="true"><ele>98.1</ele></trkpt>
<trkpt lat="37.751550" lon="127.182690" sectionIndex="0" pointIndex="608" originalElevation="97.1" isOriginalElevationFromOSM="true"><ele>97.4</ele></trkpt>
<trkpt lat="37.751610" lon="127.182910" sectionIndex="0" pointIndex="609" originalElevation="96.1" isOriginalElevationFromOSM="true"><ele>96.6</ele></trkpt>
<trkpt lat="37.751610" lon="127.183090" sectionIndex="0" pointIndex="610" originalElevation="95.8" isOriginalElevationFromOSM="true"><ele>95.2</ele></trkpt>
<trkpt lat="37.751590" lon="127.183370" sectionIndex="0" pointIndex="611" originalElevation="95.4" isOriginalElevationFromOSM="true"><ele>94.0</ele></trkpt>
<trkpt lat="37.751380" lon="127.184400" sectionIndex="0" pointIndex="612" originalElevation="91.8" isOriginalElevationFromOSM="true"><ele>92.8</ele></trkpt>
<trkpt lat="37.751280" lon="127.184700" sectionIndex="0" pointIndex="613" originalElevation="91.1" isOriginalElevationFromOSM="true"><ele>91.0</ele></trkpt>
<trkpt lat="37.751110" lon="127.185130" sectionIndex="0" pointIndex="614" originalElevation="89.9" isOriginalElevationFromOSM="true"><ele>89.2</ele></trkpt>
<trkpt lat="37.750740" lon="127.185950" sectionIndex="0" pointIndex="615" originalElevation="86.9" isOriginalElevationFromOSM="true"><ele>87.8</ele></trkpt>
<trkpt lat="37.750490" lon="127.186330" sectionIndex="0" pointIndex="616" originalElevation="86.1" isOriginalElevationFromOSM="true"><ele>86.8</ele></trkpt>
<trkpt lat="37.750180" lon="127.186680" sectionIndex="0" pointIndex="617" originalElevation="85.1" isOriginalElevationFromOSM="true"><ele>86.0</ele></trkpt>
<trkpt lat="37.749870" lon="127.186910" sectionIndex="0" pointIndex="618" originalElevation="86.2" isOriginalElevationFromOSM="true"><ele>85.7</ele></trkpt>
<trkpt lat="37.749590" lon="127.187090" sectionIndex="0" pointIndex="619" originalElevation="85.8" isOriginalElevationFromOSM="true"><ele>85.2</ele></trkpt>
<trkpt lat="37.749470" lon="127.187150" sectionIndex="0" pointIndex="620" originalElevation="85.4" isOriginalElevationFromOSM="true"><ele>84.8</ele></trkpt>
<trkpt lat="37.749090" lon="127.187240" sectionIndex="0" pointIndex="621" originalElevation="83.6" isOriginalElevationFromOSM="true"><ele>83.7</ele></trkpt>
<trkpt lat="37.748760" lon="127.187350" sectionIndex="0" pointIndex="622" originalElevation="82.8" isOriginalElevationFromOSM="true"><ele>82.5</ele></trkpt>
<trkpt lat="37.748340" lon="127.187560" sectionIndex="0" pointIndex="623" originalElevation="80.7" isOriginalElevationFromOSM="true"><ele>81.8</ele></trkpt>
<trkpt lat="37.748010" lon="127.187800" sectionIndex="0" pointIndex="624" originalElevation="80.1" isOriginalElevationFromOSM="true"><ele>81.0</ele></trkpt>
<trkpt lat="37.747885" lon="127.187908" sectionIndex="0" pointIndex="625" originalElevation="82.0" isOriginalElevationFromOSM="false"><ele>81.3</ele></trkpt>
<trkpt lat="37.747370" lon="127.188360" sectionIndex="0" pointIndex="626" originalElevation="79.5" isOriginalElevationFromOSM="true"><ele>82.5</ele></trkpt>
<trkpt lat="37.747060" lon="127.188750" sectionIndex="0" pointIndex="627" originalElevation="84.3" isOriginalElevationFromOSM="true"><ele>84.0</ele></trkpt>
<trkpt lat="37.746940" lon="127.188940" sectionIndex="0" pointIndex="628" originalElevation="86.6" isOriginalElevationFromOSM="true"><ele>85.6</ele></trkpt>
<trkpt lat="37.746920" lon="127.189150" sectionIndex="0" pointIndex="629" originalElevation="87.6" isOriginalElevationFromOSM="true"><ele>87.6</ele></trkpt>
<trkpt lat="37.746960" lon="127.189450" sectionIndex="0" pointIndex="630" originalElevation="90.1" isOriginalElevationFromOSM="true"><ele>88.5</ele></trkpt>
<trkpt lat="37.747070" lon="127.189740" sectionIndex="0" pointIndex="631" originalElevation="89.5" isOriginalElevationFromOSM="true"><ele>88.1</ele></trkpt>
<trkpt lat="37.747210" lon="127.190060" sectionIndex="0" pointIndex="632" originalElevation="88.6" isOriginalElevationFromOSM="true"><ele>86.2</ele></trkpt>
<trkpt lat="37.747500" lon="127.190560" sectionIndex="0" pointIndex="633" originalElevation="84.6" isOriginalElevationFromOSM="true"><ele>83.8</ele></trkpt>
<trkpt lat="37.748330" lon="127.191490" sectionIndex="0" pointIndex="634" originalElevation="78.4" isOriginalElevationFromOSM="true"><ele>81.4</ele></trkpt>
<trkpt lat="37.748580" lon="127.191820" sectionIndex="0" pointIndex="635" originalElevation="77.8" isOriginalElevationFromOSM="true"><ele>79.4</ele></trkpt>
<trkpt lat="37.748680" lon="127.191990" sectionIndex="0" pointIndex="636" originalElevation="77.7" isOriginalElevationFromOSM="true"><ele>78.3</ele></trkpt>
<trkpt lat="37.748820" lon="127.192320" sectionIndex="0" pointIndex="637" originalElevation="78.4" isOriginalElevationFromOSM="true"><ele>78.4</ele></trkpt>
<trkpt lat="37.748850" lon="127.192480" sectionIndex="0" pointIndex="638" originalElevation="79.0" isOriginalElevationFromOSM="true"><ele>78.6</ele></trkpt>
<trkpt lat="37.748850" lon="127.192560" sectionIndex="0" pointIndex="639" originalElevation="79.0" isOriginalElevationFromOSM="true"><ele>78.9</ele></trkpt>
<trkpt lat="37.748810" lon="127.192630" sectionIndex="0" pointIndex="640" originalElevation="79.0" isOriginalElevationFromOSM="true"><ele>79.0</ele></trkpt>
<trkpt lat="37.748770" lon="127.192670" sectionIndex="0" pointIndex="641" originalElevation="79.0" isOriginalElevationFromOSM="true"><ele>79.0</ele></trkpt>
<trkpt lat="37.748660" lon="127.192730" sectionIndex="0" pointIndex="642" originalElevation="79.0" isOriginalElevationFromOSM="true"><ele>79.0</ele></trkpt>
<trkpt lat="37.748540" lon="127.192740" sectionIndex="0" pointIndex="643" originalElevation="79.1" isOriginalElevationFromOSM="true"><ele>79.1</ele></trkpt>
<trkpt lat="37.748450" lon="127.192720" sectionIndex="0" pointIndex="644" originalElevation="79.2" isOriginalElevationFromOSM="true"><ele>78.8</ele></trkpt>
<trkpt lat="37.748320" lon="127.192670" sectionIndex="0" pointIndex="645" originalElevation="79.2" isOriginalElevationFromOSM="true"><ele>78.7</ele></trkpt>
<trkpt lat="37.747980" lon="127.192460" sectionIndex="0" pointIndex="646" originalElevation="77.5" isOriginalElevationFromOSM="true"><ele>78.8</ele></trkpt>
<trkpt lat="37.747600" lon="127.192160" sectionIndex="0" pointIndex="647" originalElevation="78.6" isOriginalElevationFromOSM="true"><ele>79.2</ele></trkpt>
<trkpt lat="37.747100" lon="127.191730" sectionIndex="0" pointIndex="648" originalElevation="79.3" isOriginalElevationFromOSM="true"><ele>80.5</ele></trkpt>
<trkpt lat="37.746770" lon="127.191460" sectionIndex="0" pointIndex="649" originalElevation="81.2" isOriginalElevationFromOSM="true"><ele>82.7</ele></trkpt>
<trkpt lat="37.746410" lon="127.191190" sectionIndex="0" pointIndex="650" originalElevation="86.1" isOriginalElevationFromOSM="true"><ele>84.6</ele></trkpt>
<trkpt lat="37.746050" lon="127.190960" sectionIndex="0" pointIndex="651" originalElevation="88.5" isOriginalElevationFromOSM="true"><ele>86.6</ele></trkpt>
<trkpt lat="37.745880" lon="127.190910" sectionIndex="0" pointIndex="652" originalElevation="87.7" isOriginalElevationFromOSM="true"><ele>88.5</ele></trkpt>
<trkpt lat="37.745670" lon="127.190910" sectionIndex="0" pointIndex="653" originalElevation="89.7" isOriginalElevationFromOSM="true"><ele>89.3</ele></trkpt>
<trkpt lat="37.745580" lon="127.190930" sectionIndex="0" pointIndex="654" originalElevation="90.5" isOriginalElevationFromOSM="true"><ele>89.2</ele></trkpt>
<trkpt lat="37.745230" lon="127.191150" sectionIndex="0" pointIndex="655" originalElevation="90.0" isOriginalElevationFromOSM="true"><ele>89.0</ele></trkpt>
<trkpt lat="37.745110" lon="127.191280" sectionIndex="0" pointIndex="656" originalElevation="88.1" isOriginalElevationFromOSM="true"><ele>87.5</ele></trkpt>
<trkpt lat="37.745070" lon="127.191340" sectionIndex="0" pointIndex="657" originalElevation="86.8" isOriginalElevationFromOSM="true"><ele>84.3</ele></trkpt>
<trkpt lat="37.745010" lon="127.191530" sectionIndex="0" pointIndex="658" originalElevation="82.0" isOriginalElevationFromOSM="true"><ele>81.2</ele></trkpt>
<trkpt lat="37.745020" lon="127.193530" sectionIndex="0" pointIndex="659" originalElevation="74.8" isOriginalElevationFromOSM="true"><ele>78.6</ele></trkpt>
<trkpt lat="37.745000" lon="127.193670" sectionIndex="0" pointIndex="660" originalElevation="74.3" isOriginalElevationFromOSM="true"><ele>76.1</ele></trkpt>
<trkpt lat="37.744890" lon="127.194130" sectionIndex="0" pointIndex="661" originalElevation="75.3" isOriginalElevationFromOSM="true"><ele>74.3</ele></trkpt>
<trkpt lat="37.744700" lon="127.194770" sectionIndex="0" pointIndex="662" originalElevation="74.0" isOriginalElevationFromOSM="true"><ele>74.0</ele></trkpt>
<trkpt lat="37.744660" lon="127.194890" sectionIndex="0" pointIndex="663" originalElevation="73.4" isOriginalElevationFromOSM="true"><ele>73.8</ele></trkpt>
<trkpt lat="37.744610" lon="127.194990" sectionIndex="0" pointIndex="664" originalElevation="73.1" isOriginalElevationFromOSM="true"><ele>73.3</ele></trkpt>
<trkpt lat="37.744550" lon="127.195060" sectionIndex="0" pointIndex="665" originalElevation="73.0" isOriginalElevationFromOSM="true"><ele>73.3</ele></trkpt>
<trkpt lat="37.744370" lon="127.195190" sectionIndex="0" pointIndex="666" originalElevation="73.3" isOriginalElevationFromOSM="true"><ele>73.2</ele></trkpt>
<trkpt lat="37.744020" lon="127.195330" sectionIndex="0" pointIndex="667" originalElevation="73.9" isOriginalElevationFromOSM="true"><ele>73.0</ele></trkpt>
<trkpt lat="37.743130" lon="127.195610" sectionIndex="0" pointIndex="668" originalElevation="72.6" isOriginalElevationFromOSM="true"><ele>72.8</ele></trkpt>
<trkpt lat="37.742920" lon="127.195650" sectionIndex="0" pointIndex="669" originalElevation="72.1" isOriginalElevationFromOSM="true"><ele>73.0</ele></trkpt>
<trkpt lat="37.742430" lon="127.195670" sectionIndex="0" pointIndex="670" originalElevation="72.1" isOriginalElevationFromOSM="true"><ele>73.1</ele></trkpt>
<trkpt lat="37.741500" lon="127.195570" sectionIndex="0" pointIndex="671" originalElevation="74.4" isOriginalElevationFromOSM="true"><ele>73.9</ele></trkpt>
<trkpt lat="37.741380" lon="127.195530" sectionIndex="0" pointIndex="672" originalElevation="74.3" isOriginalElevationFromOSM="true"><ele>72.2</ele></trkpt>
<trkpt lat="37.740440" lon="127.195030" sectionIndex="0" pointIndex="673" originalElevation="76.6" isOriginalElevationFromOSM="true"><ele>70.5</ele></trkpt>
<trkpt lat="37.740410" lon="127.196460" sectionIndex="0" pointIndex="674" originalElevation="63.8" isOriginalElevationFromOSM="true"><ele>68.5</ele></trkpt>
<trkpt lat="37.740410" lon="127.197030" sectionIndex="0" pointIndex="675" originalElevation="63.3" isOriginalElevationFromOSM="true"><ele>66.8</ele></trkpt>
<trkpt lat="37.740850" lon="127.197430" sectionIndex="0" pointIndex="676" originalElevation="64.8" isOriginalElevationFromOSM="true"><ele>64.8</ele></trkpt>
<trkpt lat="37.741070" lon="127.197570" sectionIndex="0" pointIndex="677" originalElevation="65.7" isOriginalElevationFromOSM="true"><ele>65.3</ele></trkpt>
<trkpt lat="37.741350" lon="127.197700" sectionIndex="0" pointIndex="678" originalElevation="66.3" isOriginalElevationFromOSM="true"><ele>65.6</ele></trkpt>
<trkpt lat="37.741780" lon="127.198040" sectionIndex="0" pointIndex="679" originalElevation="66.5" isOriginalElevationFromOSM="true"><ele>65.7</ele></trkpt>
<trkpt lat="37.742400" lon="127.198730" sectionIndex="0" pointIndex="680" originalElevation="64.6" isOriginalElevationFromOSM="true"><ele>65.7</ele></trkpt>
<trkpt lat="37.743000" lon="127.199030" sectionIndex="0" pointIndex="681" originalElevation="65.2" isOriginalElevationFromOSM="true"><ele>65.8</ele></trkpt>
<trkpt lat="37.743760" lon="127.199790" sectionIndex="0" pointIndex="682" originalElevation="65.7" isOriginalElevationFromOSM="true"><ele>66.1</ele></trkpt>
<trkpt lat="37.744210" lon="127.200270" sectionIndex="0" pointIndex="683" originalElevation="67.0" isOriginalElevationFromOSM="true"><ele>66.8</ele></trkpt>
<trkpt lat="37.744470" lon="127.200750" sectionIndex="0" pointIndex="684" originalElevation="68.0" isOriginalElevationFromOSM="true"><ele>67.1</ele></trkpt>
<trkpt lat="37.744560" lon="127.200900" sectionIndex="0" pointIndex="685" originalElevation="68.0" isOriginalElevationFromOSM="true"><ele>67.4</ele></trkpt>
<trkpt lat="37.745310" lon="127.200960" sectionIndex="0" pointIndex="686" originalElevation="66.8" isOriginalElevationFromOSM="true"><ele>67.5</ele></trkpt>
<trkpt lat="37.746050" lon="127.200770" sectionIndex="0" pointIndex="687" originalElevation="67.4" isOriginalElevationFromOSM="true"><ele>67.6</ele></trkpt>
<trkpt lat="37.746060" lon="127.200810" sectionIndex="0" pointIndex="688" originalElevation="67.6" isOriginalElevationFromOSM="true"><ele>67.7</ele></trkpt>
<trkpt lat="37.746120" lon="127.200870" sectionIndex="0" pointIndex="689" originalElevation="68.2" isOriginalElevationFromOSM="true"><ele>68.1</ele></trkpt>
<trkpt lat="37.746160" lon="127.200880" sectionIndex="0" pointIndex="690" originalElevation="68.5" isOriginalElevationFromOSM="true"><ele>68.4</ele></trkpt>
<trkpt lat="37.746220" lon="127.200860" sectionIndex="0" pointIndex="691" originalElevation="68.9" isOriginalElevationFromOSM="true"><ele>68.7</ele></trkpt>
<trkpt lat="37.746260" lon="127.200810" sectionIndex="0" pointIndex="692" originalElevation="69.0" isOriginalElevationFromOSM="true"><ele>68.8</ele></trkpt>
<trkpt lat="37.746270" lon="127.200770" sectionIndex="0" pointIndex="693" originalElevation="68.8" isOriginalElevationFromOSM="true"><ele>68.7</ele></trkpt>
<trkpt lat="37.746270" lon="127.200720" sectionIndex="0" pointIndex="694" originalElevation="68.6" isOriginalElevationFromOSM="true"><ele>68.5</ele></trkpt>
<trkpt lat="37.746250" lon="127.200650" sectionIndex="0" pointIndex="695" originalElevation="68.1" isOriginalElevationFromOSM="true"><ele>68.0</ele></trkpt>
<trkpt lat="37.746450" lon="127.200510" sectionIndex="0" pointIndex="696" originalElevation="68.1" isOriginalElevationFromOSM="true"><ele>67.2</ele></trkpt>
<trkpt lat="37.746760" lon="127.200240" sectionIndex="0" pointIndex="697" originalElevation="66.2" isOriginalElevationFromOSM="true"><ele>66.3</ele></trkpt>
<trkpt lat="37.746950" lon="127.200100" sectionIndex="0" pointIndex="698" originalElevation="64.8" isOriginalElevationFromOSM="true"><ele>65.5</ele></trkpt>
<trkpt lat="37.747100" lon="127.200020" sectionIndex="0" pointIndex="699" originalElevation="64.2" isOriginalElevationFromOSM="true"><ele>64.8</ele></trkpt>
<trkpt lat="37.747330" lon="127.199980" sectionIndex="0" pointIndex="700" originalElevation="64.0" isOriginalElevationFromOSM="true"><ele>64.7</ele></trkpt>
<trkpt lat="37.747720" lon="127.199980" sectionIndex="0" pointIndex="701" originalElevation="64.8" isOriginalElevationFromOSM="true"><ele>65.0</ele></trkpt>
<trkpt lat="37.748000" lon="127.199920" sectionIndex="0" pointIndex="702" originalElevation="65.7" isOriginalElevationFromOSM="true"><ele>65.2</ele></trkpt>
<trkpt lat="37.748210" lon="127.199830" sectionIndex="0" pointIndex="703" originalElevation="66.3" isOriginalElevationFromOSM="true"><ele>65.3</ele></trkpt>
<trkpt lat="37.749090" lon="127.199310" sectionIndex="0" pointIndex="704" originalElevation="65.2" isOriginalElevationFromOSM="true"><ele>65.1</ele></trkpt>
<trkpt lat="37.749360" lon="127.199180" sectionIndex="0" pointIndex="705" originalElevation="64.5" isOriginalElevationFromOSM="true"><ele>64.7</ele></trkpt>
<trkpt lat="37.749610" lon="127.199100" sectionIndex="0" pointIndex="706" originalElevation="64.0" isOriginalElevationFromOSM="true"><ele>64.1</ele></trkpt>
<trkpt lat="37.749840" lon="127.199080" sectionIndex="0" pointIndex="707" originalElevation="63.5" isOriginalElevationFromOSM="true"><ele>63.8</ele></trkpt>
<trkpt lat="37.750020" lon="127.199080" sectionIndex="0" pointIndex="708" originalElevation="63.2" isOriginalElevationFromOSM="true"><ele>64.1</ele></trkpt>
<trkpt lat="37.750910" lon="127.199170" sectionIndex="0" pointIndex="709" originalElevation="63.6" isOriginalElevationFromOSM="true"><ele>64.8</ele></trkpt>
<trkpt lat="37.751260" lon="127.199130" sectionIndex="0" pointIndex="710" originalElevation="66.1" isOriginalElevationFromOSM="true"><ele>65.8</ele></trkpt>
<trkpt lat="37.751480" lon="127.199030" sectionIndex="0" pointIndex="711" originalElevation="67.6" isOriginalElevationFromOSM="true"><ele>67.0</ele></trkpt>
<trkpt lat="37.751750" lon="127.198830" sectionIndex="0" pointIndex="712" originalElevation="68.7" isOriginalElevationFromOSM="true"><ele>68.7</ele></trkpt>
<trkpt lat="37.751920" lon="127.198660" sectionIndex="0" pointIndex="713" originalElevation="68.9" isOriginalElevationFromOSM="true"><ele>69.7</ele></trkpt>
<trkpt lat="37.752450" lon="127.198040" sectionIndex="0" pointIndex="714" originalElevation="72.0" isOriginalElevationFromOSM="true"><ele>70.2</ele></trkpt>
<trkpt lat="37.752720" lon="127.197800" sectionIndex="0" pointIndex="715" originalElevation="71.3" isOriginalElevationFromOSM="true"><ele>71.4</ele></trkpt>
<trkpt lat="37.753360" lon="127.197300" sectionIndex="0" pointIndex="716" originalElevation="70.3" isOriginalElevationFromOSM="true"><ele>72.7</ele></trkpt>
<trkpt lat="37.753790" lon="127.196950" sectionIndex="0" pointIndex="717" originalElevation="74.3" isOriginalElevationFromOSM="true"><ele>73.6</ele></trkpt>
<trkpt lat="37.753910" lon="127.196820" sectionIndex="0" pointIndex="718" originalElevation="75.4" isOriginalElevationFromOSM="true"><ele>75.0</ele></trkpt>
<trkpt lat="37.754110" lon="127.196530" sectionIndex="0" pointIndex="719" originalElevation="76.7" isOriginalElevationFromOSM="true"><ele>77.3</ele></trkpt>
<trkpt lat="37.754230" lon="127.196270" sectionIndex="0" pointIndex="720" originalElevation="78.6" isOriginalElevationFromOSM="true"><ele>78.6</ele></trkpt>
<trkpt lat="37.754360" lon="127.195940" sectionIndex="0" pointIndex="721" originalElevation="81.3" isOriginalElevationFromOSM="true"><ele>79.7</ele></trkpt>
<trkpt lat="37.754830" lon="127.195000" sectionIndex="0" pointIndex="722" originalElevation="81.2" isOriginalElevationFromOSM="true"><ele>80.6</ele></trkpt>
<trkpt lat="37.755040" lon="127.194650" sectionIndex="0" pointIndex="723" originalElevation="80.9" isOriginalElevationFromOSM="true"><ele>81.2</ele></trkpt>
<trkpt lat="37.755140" lon="127.194510" sectionIndex="0" pointIndex="724" originalElevation="81.2" isOriginalElevationFromOSM="true"><ele>81.3</ele></trkpt>
<trkpt lat="37.755330" lon="127.194320" sectionIndex="0" pointIndex="725" originalElevation="81.4" isOriginalElevationFromOSM="true"><ele>81.5</ele></trkpt>
<trkpt lat="37.755640" lon="127.194050" sectionIndex="0" pointIndex="726" originalElevation="81.6" isOriginalElevationFromOSM="true"><ele>81.8</ele></trkpt>
<trkpt lat="37.755920" lon="127.193860" sectionIndex="0" pointIndex="727" originalElevation="82.2" isOriginalElevationFromOSM="true"><ele>82.1</ele></trkpt>
<trkpt lat="37.757230" lon="127.193140" sectionIndex="0" pointIndex="728" originalElevation="82.7" isOriginalElevationFromOSM="true"><ele>82.0</ele></trkpt>
<trkpt lat="37.757570" lon="127.192880" sectionIndex="0" pointIndex="729" originalElevation="82.5" isOriginalElevationFromOSM="true"><ele>82.2</ele></trkpt>
<trkpt lat="37.758110" lon="127.192380" sectionIndex="0" pointIndex="730" originalElevation="81.2" isOriginalElevationFromOSM="true"><ele>82.3</ele></trkpt>
<trkpt lat="37.758390" lon="127.192210" sectionIndex="0" pointIndex="731" originalElevation="82.4" isOriginalElevationFromOSM="true"><ele>82.5</ele></trkpt>
<trkpt lat="37.758630" lon="127.192140" sectionIndex="0" pointIndex="732" originalElevation="83.0" isOriginalElevationFromOSM="true"><ele>83.6</ele></trkpt>
<trkpt lat="37.758930" lon="127.192110" sectionIndex="0" pointIndex="733" originalElevation="83.3" isOriginalElevationFromOSM="true"><ele>85.5</ele></trkpt>
<trkpt lat="37.760140" lon="127.192250" sectionIndex="0" pointIndex="734" originalElevation="88.3" isOriginalElevationFromOSM="true"><ele>89.7</ele></trkpt>
<trkpt lat="37.760490" lon="127.192340" sectionIndex="0" pointIndex="735" originalElevation="90.4" isOriginalElevationFromOSM="true"><ele>94.2</ele></trkpt>
<trkpt lat="37.761650" lon="127.192800" sectionIndex="0" pointIndex="736" originalElevation="103.3" isOriginalElevationFromOSM="true"><ele>99.1</ele></trkpt>
<trkpt lat="37.761860" lon="127.192900" sectionIndex="0" pointIndex="737" originalElevation="105.7" isOriginalElevationFromOSM="true"><ele>103.3</ele></trkpt>
<trkpt lat="37.762070" lon="127.193040" sectionIndex="0" pointIndex="738" originalElevation="107.8" isOriginalElevationFromOSM="true"><ele>108.3</ele></trkpt>
<trkpt lat="37.762280" lon="127.193300" sectionIndex="0" pointIndex="739" originalElevation="109.1" isOriginalElevationFromOSM="true"><ele>110.9</ele></trkpt>
<trkpt lat="37.762710" lon="127.193920" sectionIndex="0" pointIndex="740" originalElevation="115.6" isOriginalElevationFromOSM="true"><ele>113.0</ele></trkpt>
<trkpt lat="37.762820" lon="127.194050" sectionIndex="0" pointIndex="741" originalElevation="116.4" isOriginalElevationFromOSM="true"><ele>114.5</ele></trkpt>
<trkpt lat="37.762980" lon="127.194180" sectionIndex="0" pointIndex="742" originalElevation="116.4" isOriginalElevationFromOSM="true"><ele>115.3</ele></trkpt>
<trkpt lat="37.763290" lon="127.194350" sectionIndex="0" pointIndex="743" originalElevation="115.3" isOriginalElevationFromOSM="true"><ele>113.9</ele></trkpt>
<trkpt lat="37.763560" lon="127.194400" sectionIndex="0" pointIndex="744" originalElevation="112.8" isOriginalElevationFromOSM="true"><ele>112.0</ele></trkpt>
<trkpt lat="37.764020" lon="127.194370" sectionIndex="0" pointIndex="745" originalElevation="108.8" isOriginalElevationFromOSM="true"><ele>109.5</ele></trkpt>
<trkpt lat="37.764260" lon="127.194400" sectionIndex="0" pointIndex="746" originalElevation="106.6" isOriginalElevationFromOSM="true"><ele>105.6</ele></trkpt>
<trkpt lat="37.764470" lon="127.194470" sectionIndex="0" pointIndex="747" originalElevation="104.3" isOriginalElevationFromOSM="true"><ele>100.9</ele></trkpt>
<trkpt lat="37.765000" lon="127.194710" sectionIndex="0" pointIndex="748" originalElevation="95.5" isOriginalElevationFromOSM="true"><ele>96.5</ele></trkpt>
<trkpt lat="37.765630" lon="127.194870" sectionIndex="0" pointIndex="749" originalElevation="89.2" isOriginalElevationFromOSM="true"><ele>92.3</ele></trkpt>
<trkpt lat="37.766730" lon="127.195350" sectionIndex="0" pointIndex="750" originalElevation="86.7" isOriginalElevationFromOSM="true"><ele>88.6</ele></trkpt>
<trkpt lat="37.767050" lon="127.195470" sectionIndex="0" pointIndex="751" originalElevation="86.1" isOriginalElevationFromOSM="true"><ele>86.6</ele></trkpt>
<trkpt lat="37.767680" lon="127.195600" sectionIndex="0" pointIndex="752" originalElevation="85.6" isOriginalElevationFromOSM="true"><ele>85.7</ele></trkpt>
<trkpt lat="37.767950" lon="127.195730" sectionIndex="0" pointIndex="753" originalElevation="85.3" isOriginalElevationFromOSM="true"><ele>85.5</ele></trkpt>
<trkpt lat="37.768250" lon="127.195920" sectionIndex="0" pointIndex="754" originalElevation="85.0" isOriginalElevationFromOSM="true"><ele>85.5</ele></trkpt>
<trkpt lat="37.768480" lon="127.196100" sectionIndex="0" pointIndex="755" originalElevation="85.4" isOriginalElevationFromOSM="true"><ele>85.7</ele></trkpt>
<trkpt lat="37.768660" lon="127.196260" sectionIndex="0" pointIndex="756" originalElevation="86.0" isOriginalElevationFromOSM="true"><ele>86.6</ele></trkpt>
<trkpt lat="37.768850" lon="127.196500" sectionIndex="0" pointIndex="757" originalElevation="86.8" isOriginalElevationFromOSM="true"><ele>87.6</ele></trkpt>
<trkpt lat="37.770860" lon="127.199340" sectionIndex="0" pointIndex="758" originalElevation="89.9" isOriginalElevationFromOSM="true"><ele>88.5</ele></trkpt>
<trkpt lat="37.771040" lon="127.199550" sectionIndex="0" pointIndex="759" originalElevation="90.0" isOriginalElevationFromOSM="true"><ele>89.2</ele></trkpt>
<trkpt lat="37.771170" lon="127.199690" sectionIndex="0" pointIndex="760" originalElevation="90.0" isOriginalElevationFromOSM="true"><ele>89.7</ele></trkpt>
<trkpt lat="37.771440" lon="127.199890" sectionIndex="0" pointIndex="761" originalElevation="89.5" isOriginalElevationFromOSM="true"><ele>89.7</ele></trkpt>
<trkpt lat="37.771660" lon="127.200000" sectionIndex="0" pointIndex="762" originalElevation="89.0" isOriginalElevationFromOSM="true"><ele>89.8</ele></trkpt>
<trkpt lat="37.771920" lon="127.200100" sectionIndex="0" pointIndex="763" originalElevation="89.8" isOriginalElevationFromOSM="true"><ele>90.0</ele></trkpt>
<trkpt lat="37.772290" lon="127.200300" sectionIndex="0" pointIndex="764" originalElevation="90.6" isOriginalElevationFromOSM="true"><ele>89.8</ele></trkpt>
<trkpt lat="37.772570" lon="127.200520" sectionIndex="0" pointIndex="765" originalElevation="90.9" isOriginalElevationFromOSM="true"><ele>89.7</ele></trkpt>
<trkpt lat="37.773170" lon="127.201140" sectionIndex="0" pointIndex="766" originalElevation="88.9" isOriginalElevationFromOSM="true"><ele>89.4</ele></trkpt>
<trkpt lat="37.773510" lon="127.201390" sectionIndex="0" pointIndex="767" originalElevation="88.4" isOriginalElevationFromOSM="true"><ele>91.3</ele></trkpt>
<trkpt lat="37.773850" lon="127.201590" sectionIndex="0" pointIndex="768" originalElevation="88.1" isOriginalElevationFromOSM="true"><ele>92.7</ele></trkpt>
<trkpt lat="37.777470" lon="127.203510" sectionIndex="0" pointIndex="769" originalElevation="100.3" isOriginalElevationFromOSM="true"><ele>94.0</ele></trkpt>
<trkpt lat="37.777790" lon="127.203740" sectionIndex="0" pointIndex="770" originalElevation="97.7" isOriginalElevationFromOSM="true"><ele>95.0</ele></trkpt>
<trkpt lat="37.778050" lon="127.203980" sectionIndex="0" pointIndex="771" originalElevation="95.3" isOriginalElevationFromOSM="true"><ele>96.2</ele></trkpt>
<trkpt lat="37.778860" lon="127.204790" sectionIndex="0" pointIndex="772" originalElevation="93.9" isOriginalElevationFromOSM="true"><ele>95.1</ele></trkpt>
<trkpt lat="37.779140" lon="127.205030" sectionIndex="0" pointIndex="773" originalElevation="93.9" isOriginalElevationFromOSM="true"><ele>94.7</ele></trkpt>
<trkpt lat="37.779460" lon="127.205230" sectionIndex="0" pointIndex="774" originalElevation="94.7" isOriginalElevationFromOSM="true"><ele>94.8</ele></trkpt>
<trkpt lat="37.779870" lon="127.205400" sectionIndex="0" pointIndex="775" originalElevation="95.6" isOriginalElevationFromOSM="true"><ele>95.5</ele></trkpt>
<trkpt lat="37.780110" lon="127.205480" sectionIndex="0" pointIndex="776" originalElevation="96.1" isOriginalElevationFromOSM="true"><ele>96.1</ele></trkpt>
<trkpt lat="37.780600" lon="127.205740" sectionIndex="0" pointIndex="777" originalElevation="97.3" isOriginalElevationFromOSM="true"><ele>97.2</ele></trkpt>
<trkpt lat="37.781140" lon="127.206050" sectionIndex="0" pointIndex="778" originalElevation="97.0" isOriginalElevationFromOSM="true"><ele>98.1</ele></trkpt>
<trkpt lat="37.783010" lon="127.207080" sectionIndex="0" pointIndex="779" originalElevation="99.8" isOriginalElevationFromOSM="true"><ele>98.9</ele></trkpt>
<trkpt lat="37.783280" lon="127.207280" sectionIndex="0" pointIndex="780" originalElevation="100.4" isOriginalElevationFromOSM="true"><ele>99.4</ele></trkpt>
<trkpt lat="37.783610" lon="127.207620" sectionIndex="0" pointIndex="781" originalElevation="100.1" isOriginalElevationFromOSM="true"><ele>100.0</ele></trkpt>
<trkpt lat="37.783760" lon="127.207830" sectionIndex="0" pointIndex="782" originalElevation="99.9" isOriginalElevationFromOSM="true"><ele>99.9</ele></trkpt>
<trkpt lat="37.783810" lon="127.207990" sectionIndex="0" pointIndex="783" originalElevation="99.7" isOriginalElevationFromOSM="true"><ele>99.8</ele></trkpt>
<trkpt lat="37.783880" lon="127.208130" sectionIndex="0" pointIndex="784" originalElevation="99.6" isOriginalElevationFromOSM="true"><ele>99.5</ele></trkpt>
<trkpt lat="37.783960" lon="127.208350" sectionIndex="0" pointIndex="785" originalElevation="99.5" isOriginalElevationFromOSM="true"><ele>99.5</ele></trkpt>
<trkpt lat="37.784280" lon="127.209550" sectionIndex="0" pointIndex="786" originalElevation="98.8" isOriginalElevationFromOSM="true"><ele>99.5</ele></trkpt>
<trkpt lat="37.784520" lon="127.210570" sectionIndex="0" pointIndex="787" originalElevation="99.7" isOriginalElevationFromOSM="true"><ele>99.4</ele></trkpt>
<trkpt lat="37.784910" lon="127.212070" sectionIndex="0" pointIndex="788" originalElevation="99.7" isOriginalElevationFromOSM="true"><ele>99.3</ele></trkpt>
<trkpt lat="37.784990" lon="127.212320" sectionIndex="0" pointIndex="789" originalElevation="99.2" isOriginalElevationFromOSM="true"><ele>100.3</ele></trkpt>
<trkpt lat="37.785120" lon="127.212910" sectionIndex="0" pointIndex="790" originalElevation="99.2" isOriginalElevationFromOSM="true"><ele>101.7</ele></trkpt>
<trkpt lat="37.785450" lon="127.214610" sectionIndex="0" pointIndex="791" originalElevation="103.5" isOriginalElevationFromOSM="true"><ele>103.8</ele></trkpt>
<trkpt lat="37.785880" lon="127.216460" sectionIndex="0" pointIndex="792" originalElevation="107.1" isOriginalElevationFromOSM="true"><ele>106.2</ele></trkpt>
<trkpt lat="37.786350" lon="127.218180" sectionIndex="0" pointIndex="793" originalElevation="109.8" isOriginalElevationFromOSM="true"><ele>108.6</ele></trkpt>
<trkpt lat="37.787020" lon="127.217650" sectionIndex="0" pointIndex="794" originalElevation="111.3" isOriginalElevationFromOSM="true"><ele>110.0</ele></trkpt>
<trkpt lat="37.787090" lon="127.217520" sectionIndex="0" pointIndex="795" originalElevation="111.5" isOriginalElevationFromOSM="true"><ele>110.6</ele></trkpt>
<trkpt lat="37.787390" lon="127.216770" sectionIndex="0" pointIndex="796" originalElevation="110.3" isOriginalElevationFromOSM="true"><ele>111.0</ele></trkpt>
<trkpt lat="37.787520" lon="127.216590" sectionIndex="0" pointIndex="797" originalElevation="110.3" isOriginalElevationFromOSM="true"><ele>112.1</ele></trkpt>
<trkpt lat="37.787630" lon="127.216480" sectionIndex="0" pointIndex="798" originalElevation="111.7" isOriginalElevationFromOSM="true"><ele>113.3</ele></trkpt>
<trkpt lat="37.788120" lon="127.216110" sectionIndex="0" pointIndex="799" originalElevation="116.9" isOriginalElevationFromOSM="true"><ele>115.0</ele></trkpt>
<trkpt lat="37.788220" lon="127.216000" sectionIndex="0" pointIndex="800" originalElevation="117.4" isOriginalElevationFromOSM="true"><ele>116.6</ele></trkpt>
<trkpt lat="37.788290" lon="127.215890" sectionIndex="0" pointIndex="801" originalElevation="118.6" isOriginalElevationFromOSM="true"><ele>118.1</ele></trkpt>
<trkpt lat="37.788550" lon="127.215340" sectionIndex="0" pointIndex="802" originalElevation="118.5" isOriginalElevationFromOSM="true"><ele>118.6</ele></trkpt>
<trkpt lat="37.789090" lon="127.214630" sectionIndex="0" pointIndex="803" originalElevation="119.3" isOriginalElevationFromOSM="true"><ele>118.9</ele></trkpt>
<trkpt lat="37.789180" lon="127.214540" sectionIndex="0" pointIndex="804" originalElevation="119.3" isOriginalElevationFromOSM="true"><ele>119.0</ele></trkpt>
<trkpt lat="37.789380" lon="127.214390" sectionIndex="0" pointIndex="805" originalElevation="119.0" isOriginalElevationFromOSM="true"><ele>118.5</ele></trkpt>
<trkpt lat="37.789940" lon="127.214060" sectionIndex="0" pointIndex="806" originalElevation="118.7" isOriginalElevationFromOSM="true"><ele>117.8</ele></trkpt>
<trkpt lat="37.791300" lon="127.213310" sectionIndex="0" pointIndex="807" originalElevation="116.2" isOriginalElevationFromOSM="true"><ele>116.9</ele></trkpt>
<trkpt lat="37.791380" lon="127.213270" sectionIndex="0" pointIndex="808" originalElevation="115.7" isOriginalElevationFromOSM="true"><ele>116.1</ele></trkpt>
<trkpt lat="37.791620" lon="127.213240" sectionIndex="0" pointIndex="809" originalElevation="114.8" isOriginalElevationFromOSM="true"><ele>115.8</ele></trkpt>
<trkpt lat="37.792790" lon="127.213320" sectionIndex="0" pointIndex="810" originalElevation="115.0" isOriginalElevationFromOSM="true"><ele>116.1</ele></trkpt>
<trkpt lat="37.793610" lon="127.213300" sectionIndex="0" pointIndex="811" originalElevation="117.3" isOriginalElevationFromOSM="true"><ele>116.5</ele></trkpt>
<trkpt lat="37.794210" lon="127.213250" sectionIndex="0" pointIndex="812" originalElevation="117.7" isOriginalElevationFromOSM="true"><ele>117.2</ele></trkpt>
<trkpt lat="37.794600" lon="127.213270" sectionIndex="0" pointIndex="813" originalElevation="117.8" isOriginalElevationFromOSM="true"><ele>118.1</ele></trkpt>
<trkpt lat="37.794870" lon="127.213360" sectionIndex="0" pointIndex="814" originalElevation="118.4" isOriginalElevationFromOSM="true"><ele>118.7</ele></trkpt>
<trkpt lat="37.794980" lon="127.213430" sectionIndex="0" pointIndex="815" originalElevation="119.2" isOriginalElevationFromOSM="true"><ele>119.7</ele></trkpt>
<trkpt lat="37.795210" lon="127.213650" sectionIndex="0" pointIndex="816" originalElevation="120.2" isOriginalElevationFromOSM="true"><ele>120.9</ele></trkpt>
<trkpt lat="37.795450" lon="127.214020" sectionIndex="0" pointIndex="817" originalElevation="122.9" isOriginalElevationFromOSM="true"><ele>122.1</ele></trkpt>
<trkpt lat="37.795600" lon="127.214150" sectionIndex="0" pointIndex="818" originalElevation="123.6" isOriginalElevationFromOSM="true"><ele>123.4</ele></trkpt>
<trkpt lat="37.795750" lon="127.214230" sectionIndex="0" pointIndex="819" originalElevation="124.5" isOriginalElevationFromOSM="true"><ele>124.5</ele></trkpt>
<trkpt lat="37.795940" lon="127.214290" sectionIndex="0" pointIndex="820" originalElevation="125.6" isOriginalElevationFromOSM="true"><ele>124.8</ele></trkpt>
<trkpt lat="37.796150" lon="127.214310" sectionIndex="0" pointIndex="821" originalElevation="126.1" isOriginalElevationFromOSM="true"><ele>126.2</ele></trkpt>
<trkpt lat="37.796590" lon="127.214290" sectionIndex="0" pointIndex="822" originalElevation="124.5" isOriginalElevationFromOSM="true"><ele>127.8</ele></trkpt>
<trkpt lat="37.797240" lon="127.214210" sectionIndex="0" pointIndex="823" originalElevation="130.5" isOriginalElevationFromOSM="true"><ele>126.6</ele></trkpt>
<trkpt lat="37.797480" lon="127.214130" sectionIndex="0" pointIndex="824" originalElevation="132.1" isOriginalElevationFromOSM="true"><ele>125.3</ele></trkpt>
<trkpt lat="37.799100" lon="127.213090" sectionIndex="0" pointIndex="825" originalElevation="119.7" isOriginalElevationFromOSM="true"><ele>124.4</ele></trkpt>
<trkpt lat="37.799260" lon="127.213000" sectionIndex="0" pointIndex="826" originalElevation="119.8" isOriginalElevationFromOSM="true"><ele>122.3</ele></trkpt>
<trkpt lat="37.799370" lon="127.212960" sectionIndex="0" pointIndex="827" originalElevation="119.9" isOriginalElevationFromOSM="true"><ele>119.8</ele></trkpt>
<trkpt lat="37.799590" lon="127.212950" sectionIndex="0" pointIndex="828" originalElevation="119.9" isOriginalElevationFromOSM="true"><ele>120.0</ele></trkpt>
<trkpt lat="37.799740" lon="127.212970" sectionIndex="0" pointIndex="829" originalElevation="119.9" isOriginalElevationFromOSM="true"><ele>120.5</ele></trkpt>
<trkpt lat="37.800300" lon="127.213160" sectionIndex="0" pointIndex="830" originalElevation="120.6" isOriginalElevationFromOSM="true"><ele>121.7</ele></trkpt>
<trkpt lat="37.800670" lon="127.213240" sectionIndex="0" pointIndex="831" originalElevation="122.1" isOriginalElevationFromOSM="true"><ele>123.5</ele></trkpt>
<trkpt lat="37.802260" lon="127.213230" sectionIndex="0" pointIndex="832" originalElevation="126.1" isOriginalElevationFromOSM="true"><ele>125.1</ele></trkpt>
<trkpt lat="37.803420" lon="127.213130" sectionIndex="0" pointIndex="833" originalElevation="128.6" isOriginalElevationFromOSM="true"><ele>126.6</ele></trkpt>
<trkpt lat="37.803710" lon="127.213160" sectionIndex="0" pointIndex="834" originalElevation="128.2" isOriginalElevationFromOSM="true"><ele>128.0</ele></trkpt>
<trkpt lat="37.803960" lon="127.213220" sectionIndex="0" pointIndex="835" originalElevation="128.0" isOriginalElevationFromOSM="true"><ele>128.8</ele></trkpt>
<trkpt lat="37.804780" lon="127.213510" sectionIndex="0" pointIndex="836" originalElevation="129.3" isOriginalElevationFromOSM="true"><ele>129.4</ele></trkpt>
<trkpt lat="37.804970" lon="127.213560" sectionIndex="0" pointIndex="837" originalElevation="129.7" isOriginalElevationFromOSM="true"><ele>130.8</ele></trkpt>
<trkpt lat="37.805210" lon="127.213580" sectionIndex="0" pointIndex="838" originalElevation="132.0" isOriginalElevationFromOSM="true"><ele>132.4</ele></trkpt>
<trkpt lat="37.805510" lon="127.213560" sectionIndex="0" pointIndex="839" originalElevation="134.9" isOriginalElevationFromOSM="true"><ele>133.9</ele></trkpt>
<trkpt lat="37.805750" lon="127.213460" sectionIndex="0" pointIndex="840" originalElevation="136.4" isOriginalElevationFromOSM="true"><ele>135.2</ele></trkpt>
<trkpt lat="37.805940" lon="127.213320" sectionIndex="0" pointIndex="841" originalElevation="136.7" isOriginalElevationFromOSM="true"><ele>136.0</ele></trkpt>
<trkpt lat="37.806590" lon="127.212690" sectionIndex="0" pointIndex="842" originalElevation="136.0" isOriginalElevationFromOSM="true"><ele>136.3</ele></trkpt>
<trkpt lat="37.806890" lon="127.212420" sectionIndex="0" pointIndex="843" originalElevation="136.0" isOriginalElevationFromOSM="true"><ele>137.6</ele></trkpt>
<trkpt lat="37.807110" lon="127.212250" sectionIndex="0" pointIndex="844" originalElevation="136.5" isOriginalElevationFromOSM="true"><ele>139.3</ele></trkpt>
<trkpt lat="37.807820" lon="127.211800" sectionIndex="0" pointIndex="845" originalElevation="142.7" isOriginalElevationFromOSM="true"><ele>140.5</ele></trkpt>
<trkpt lat="37.808310" lon="127.211350" sectionIndex="0" pointIndex="846" originalElevation="145.2" isOriginalElevationFromOSM="true"><ele>141.8</ele></trkpt>
<trkpt lat="37.809220" lon="127.210780" sectionIndex="0" pointIndex="847" originalElevation="142.1" isOriginalElevationFromOSM="true"><ele>142.9</ele></trkpt>
<trkpt lat="37.809930" lon="127.210350" sectionIndex="0" pointIndex="848" originalElevation="142.6" isOriginalElevationFromOSM="true"><ele>144.3</ele></trkpt>
<trkpt lat="37.810350" lon="127.210080" sectionIndex="0" pointIndex="849" originalElevation="142.0" isOriginalElevationFromOSM="true"><ele>145.7</ele></trkpt>
<trkpt lat="37.812560" lon="127.211270" sectionIndex="0" pointIndex="850" originalElevation="149.8" isOriginalElevationFromOSM="true"><ele>147.9</ele></trkpt>
<trkpt lat="37.813010" lon="127.211470" sectionIndex="0" pointIndex="851" originalElevation="152.2" isOriginalElevationFromOSM="true"><ele>150.3</ele></trkpt>
<trkpt lat="37.813040" lon="127.211570" sectionIndex="0" pointIndex="852" originalElevation="152.8" isOriginalElevationFromOSM="true"><ele>153.2</ele></trkpt>
<trkpt lat="37.813170" lon="127.211770" sectionIndex="0" pointIndex="853" originalElevation="154.7" isOriginalElevationFromOSM="true"><ele>154.8</ele></trkpt>
<trkpt lat="37.813280" lon="127.211890" sectionIndex="0" pointIndex="854" originalElevation="156.4" isOriginalElevationFromOSM="true"><ele>156.1</ele></trkpt>
<trkpt lat="37.813440" lon="127.212020" sectionIndex="0" pointIndex="855" originalElevation="157.7" isOriginalElevationFromOSM="true"><ele>157.8</ele></trkpt>
<trkpt lat="37.813690" lon="127.212160" sectionIndex="0" pointIndex="856" originalElevation="158.9" isOriginalElevationFromOSM="true"><ele>159.2</ele></trkpt>
<trkpt lat="37.814540" lon="127.212480" sectionIndex="0" pointIndex="857" originalElevation="161.3" isOriginalElevationFromOSM="true"><ele>160.6</ele></trkpt>
<trkpt lat="37.814950" lon="127.212490" sectionIndex="0" pointIndex="858" originalElevation="161.9" isOriginalElevationFromOSM="true"><ele>161.9</ele></trkpt>
<trkpt lat="37.815300" lon="127.212380" sectionIndex="0" pointIndex="859" originalElevation="163.0" isOriginalElevationFromOSM="true"><ele>163.5</ele></trkpt>
<trkpt lat="37.815520" lon="127.212350" sectionIndex="0" pointIndex="860" originalElevation="164.3" isOriginalElevationFromOSM="true"><ele>164.7</ele></trkpt>
<trkpt lat="37.815960" lon="127.212400" sectionIndex="0" pointIndex="861" originalElevation="166.9" isOriginalElevationFromOSM="true"><ele>166.4</ele></trkpt>
<trkpt lat="37.816130" lon="127.212480" sectionIndex="0" pointIndex="862" originalElevation="167.5" isOriginalElevationFromOSM="true"><ele>168.3</ele></trkpt>
<trkpt lat="37.816310" lon="127.212600" sectionIndex="0" pointIndex="863" originalElevation="170.1" isOriginalElevationFromOSM="true"><ele>170.3</ele></trkpt>
<trkpt lat="37.816500" lon="127.212700" sectionIndex="0" pointIndex="864" originalElevation="172.5" isOriginalElevationFromOSM="true"><ele>172.7</ele></trkpt>
<trkpt lat="37.816720" lon="127.212780" sectionIndex="0" pointIndex="865" originalElevation="174.3" isOriginalElevationFromOSM="true"><ele>175.7</ele></trkpt>
<trkpt lat="37.818590" lon="127.213270" sectionIndex="0" pointIndex="866" originalElevation="179.3" isOriginalElevationFromOSM="true"><ele>178.3</ele></trkpt>
<trkpt lat="37.819280" lon="127.213570" sectionIndex="0" pointIndex="867" originalElevation="182.1" isOriginalElevationFromOSM="true"><ele>180.6</ele></trkpt>
<trkpt lat="37.819560" lon="127.213600" sectionIndex="0" pointIndex="868" originalElevation="183.4" isOriginalElevationFromOSM="true"><ele>182.7</ele></trkpt>
<trkpt lat="37.819790" lon="127.213590" sectionIndex="0" pointIndex="869" originalElevation="184.0" isOriginalElevationFromOSM="true"><ele>183.8</ele></trkpt>
<trkpt lat="37.819900" lon="127.213590" sectionIndex="0" pointIndex="870" originalElevation="184.6" isOriginalElevationFromOSM="true"><ele>184.2</ele></trkpt>
<trkpt lat="37.820120" lon="127.213540" sectionIndex="0" pointIndex="871" originalElevation="184.7" isOriginalElevationFromOSM="true"><ele>184.4</ele></trkpt>
<trkpt lat="37.820210" lon="127.213500" sectionIndex="0" pointIndex="872" originalElevation="184.5" isOriginalElevationFromOSM="true"><ele>183.4</ele></trkpt>
<trkpt lat="37.820550" lon="127.213230" sectionIndex="0" pointIndex="873" originalElevation="184.2" isOriginalElevationFromOSM="true"><ele>182.3</ele></trkpt>
<trkpt lat="37.822390" lon="127.211610" sectionIndex="0" pointIndex="874" originalElevation="179.1" isOriginalElevationFromOSM="true"><ele>181.2</ele></trkpt>
<trkpt lat="37.822540" lon="127.211500" sectionIndex="0" pointIndex="875" originalElevation="178.8" isOriginalElevationFromOSM="true"><ele>180.0</ele></trkpt>
<trkpt lat="37.822800" lon="127.211350" sectionIndex="0" pointIndex="876" originalElevation="179.4" isOriginalElevationFromOSM="true"><ele>178.9</ele></trkpt>
<trkpt lat="37.823830" lon="127.210940" sectionIndex="0" pointIndex="877" originalElevation="178.6" isOriginalElevationFromOSM="true"><ele>179.1</ele></trkpt>
<trkpt lat="37.824310" lon="127.210700" sectionIndex="0" pointIndex="878" originalElevation="178.6" isOriginalElevationFromOSM="true"><ele>178.9</ele></trkpt>
<trkpt lat="37.824430" lon="127.210570" sectionIndex="0" pointIndex="879" originalElevation="180.0" isOriginalElevationFromOSM="true"><ele>177.5</ele></trkpt>
<trkpt lat="37.824810" lon="127.210500" sectionIndex="0" pointIndex="880" originalElevation="178.1" isOriginalElevationFromOSM="true"><ele>175.8</ele></trkpt>
<trkpt lat="37.825560" lon="127.210240" sectionIndex="0" pointIndex="881" originalElevation="172.4" isOriginalElevationFromOSM="true"><ele>174.8</ele></trkpt>
<trkpt lat="37.826080" lon="127.209990" sectionIndex="0" pointIndex="882" originalElevation="170.0" isOriginalElevationFromOSM="true"><ele>173.7</ele></trkpt>
<trkpt lat="37.826640" lon="127.209620" sectionIndex="0" pointIndex="883" originalElevation="173.6" isOriginalElevationFromOSM="true"><ele>171.8</ele></trkpt>
<trkpt lat="37.827510" lon="127.208920" sectionIndex="0" pointIndex="884" originalElevation="174.5" isOriginalElevationFromOSM="true"><ele>169.9</ele></trkpt>
<trkpt lat="37.828040" lon="127.208540" sectionIndex="0" pointIndex="885" originalElevation="168.5" isOriginalElevationFromOSM="true"><ele>165.5</ele></trkpt>
<trkpt lat="37.828510" lon="127.208140" sectionIndex="0" pointIndex="886" originalElevation="163.1" isOriginalElevationFromOSM="true"><ele>160.3</ele></trkpt>
<trkpt lat="37.832240" lon="127.205220" sectionIndex="0" pointIndex="887" originalElevation="147.6" isOriginalElevationFromOSM="true"><ele>155.6</ele></trkpt>
<trkpt lat="37.832770" lon="127.204770" sectionIndex="0" pointIndex="888" originalElevation="148.0" isOriginalElevationFromOSM="true"><ele>152.3</ele></trkpt>
<trkpt lat="37.833110" lon="127.204410" sectionIndex="0" pointIndex="889" originalElevation="150.7" isOriginalElevationFromOSM="true"><ele>149.8</ele></trkpt>
<trkpt lat="37.833280" lon="127.204190" sectionIndex="0" pointIndex="890" originalElevation="152.0" isOriginalElevationFromOSM="true"><ele>149.9</ele></trkpt>
<trkpt lat="37.833440" lon="127.203940" sectionIndex="0" pointIndex="891" originalElevation="150.9" isOriginalElevationFromOSM="true"><ele>149.8</ele></trkpt>
<trkpt lat="37.834070" lon="127.202820" sectionIndex="0" pointIndex="892" originalElevation="147.8" isOriginalElevationFromOSM="true"><ele>149.1</ele></trkpt>
<trkpt lat="37.834210" lon="127.202620" sectionIndex="0" pointIndex="893" originalElevation="147.5" isOriginalElevationFromOSM="true"><ele>148.0</ele></trkpt>
<trkpt lat="37.834400" lon="127.202360" sectionIndex="0" pointIndex="894" originalElevation="147.3" isOriginalElevationFromOSM="true"><ele>147.1</ele></trkpt>
<trkpt lat="37.834660" lon="127.202050" sectionIndex="0" pointIndex="895" originalElevation="146.7" isOriginalElevationFromOSM="true"><ele>146.4</ele></trkpt>
<trkpt lat="37.834960" lon="127.201760" sectionIndex="0" pointIndex="896" originalElevation="146.4" isOriginalElevationFromOSM="true"><ele>145.4</ele></trkpt>
<trkpt lat="37.835400" lon="127.201450" sectionIndex="0" pointIndex="897" originalElevation="144.2" isOriginalElevationFromOSM="true"><ele>142.8</ele></trkpt>
<trkpt lat="37.836320" lon="127.200970" sectionIndex="0" pointIndex="898" originalElevation="142.5" isOriginalElevationFromOSM="true"><ele>140.0</ele></trkpt>
<trkpt lat="37.840240" lon="127.199150" sectionIndex="0" pointIndex="899" originalElevation="134.1" isOriginalElevationFromOSM="true"><ele>136.9</ele></trkpt>
<trkpt lat="37.841140" lon="127.198680" sectionIndex="0" pointIndex="900" originalElevation="132.8" isOriginalElevationFromOSM="true"><ele>134.7</ele></trkpt>
<trkpt lat="37.842000" lon="127.198160" sectionIndex="0" pointIndex="901" originalElevation="131.2" isOriginalElevationFromOSM="true"><ele>132.4</ele></trkpt>
<trkpt lat="37.843000" lon="127.197420" sectionIndex="0" pointIndex="902" originalElevation="133.0" isOriginalElevationFromOSM="true"><ele>130.9</ele></trkpt>
<trkpt lat="37.844170" lon="127.196370" sectionIndex="0" pointIndex="903" originalElevation="130.9" isOriginalElevationFromOSM="true"><ele>129.6</ele></trkpt>
<trkpt lat="37.846660" lon="127.193800" sectionIndex="0" pointIndex="904" originalElevation="126.9" isOriginalElevationFromOSM="true"><ele>128.2</ele></trkpt>
<trkpt lat="37.847230" lon="127.193240" sectionIndex="0" pointIndex="905" originalElevation="125.9" isOriginalElevationFromOSM="true"><ele>126.5</ele></trkpt>
<trkpt lat="37.848320" lon="127.192120" sectionIndex="0" pointIndex="906" originalElevation="124.4" isOriginalElevationFromOSM="true"><ele>123.7</ele></trkpt>
<trkpt lat="37.848360" lon="127.192340" sectionIndex="0" pointIndex="907" originalElevation="124.3" isOriginalElevationFromOSM="true"><ele>122.3</ele></trkpt>
<trkpt lat="37.849680" lon="127.196550" sectionIndex="0" pointIndex="908" originalElevation="116.8" isOriginalElevationFromOSM="true"><ele>121.1</ele></trkpt>
<trkpt lat="37.850290" lon="127.198680" sectionIndex="0" pointIndex="909" originalElevation="120.2" isOriginalElevationFromOSM="true"><ele>119.9</ele></trkpt>
<trkpt lat="37.850490" lon="127.199230" sectionIndex="0" pointIndex="910" originalElevation="119.9" isOriginalElevationFromOSM="true"><ele>118.6</ele></trkpt>
<trkpt lat="37.850770" lon="127.199820" sectionIndex="0" pointIndex="911" originalElevation="118.5" isOriginalElevationFromOSM="true"><ele>118.4</ele></trkpt>
<trkpt lat="37.851100" lon="127.200320" sectionIndex="0" pointIndex="912" originalElevation="117.8" isOriginalElevationFromOSM="true"><ele>118.2</ele></trkpt>
<trkpt lat="37.851500" lon="127.200850" sectionIndex="0" pointIndex="913" originalElevation="115.4" isOriginalElevationFromOSM="true"><ele>118.6</ele></trkpt>
<trkpt lat="37.852040" lon="127.201310" sectionIndex="0" pointIndex="914" originalElevation="119.5" isOriginalElevationFromOSM="true"><ele>119.1</ele></trkpt>
<trkpt lat="37.852820" lon="127.201840" sectionIndex="0" pointIndex="915" originalElevation="121.9" isOriginalElevationFromOSM="true"><ele>120.0</ele></trkpt>
<trkpt lat="37.853280" lon="127.202040" sectionIndex="0" pointIndex="916" originalElevation="120.9" isOriginalElevationFromOSM="true"><ele>121.2</ele></trkpt>
<trkpt lat="37.854110" lon="127.202180" sectionIndex="0" pointIndex="917" originalElevation="122.3" isOriginalElevationFromOSM="true"><ele>120.5</ele></trkpt>
<trkpt lat="37.854860" lon="127.202240" sectionIndex="0" pointIndex="918" originalElevation="121.2" isOriginalElevationFromOSM="true"><ele>119.1</ele></trkpt>
<trkpt lat="37.856480" lon="127.202130" sectionIndex="0" pointIndex="919" originalElevation="116.1" isOriginalElevationFromOSM="true"><ele>117.9</ele></trkpt>
<trkpt lat="37.859350" lon="127.201980" sectionIndex="0" pointIndex="920" originalElevation="115.0" isOriginalElevationFromOSM="true"><ele>116.5</ele></trkpt>
<trkpt lat="37.859700" lon="127.202010" sectionIndex="0" pointIndex="921" originalElevation="115.0" isOriginalElevationFromOSM="true"><ele>114.9</ele></trkpt>
<trkpt lat="37.859950" lon="127.202070" sectionIndex="0" pointIndex="922" originalElevation="115.0" isOriginalElevationFromOSM="true"><ele>114.2</ele></trkpt>
<trkpt lat="37.860480" lon="127.202280" sectionIndex="0" pointIndex="923" originalElevation="113.5" isOriginalElevationFromOSM="true"><ele>113.6</ele></trkpt>
<trkpt lat="37.860750" lon="127.202450" sectionIndex="0" pointIndex="924" originalElevation="112.4" isOriginalElevationFromOSM="true"><ele>113.2</ele></trkpt>
<trkpt lat="37.860950" lon="127.202610" sectionIndex="0" pointIndex="925" originalElevation="112.2" isOriginalElevationFromOSM="true"><ele>113.0</ele></trkpt>
<trkpt lat="37.861350" lon="127.203050" sectionIndex="0" pointIndex="926" originalElevation="113.1" isOriginalElevationFromOSM="true"><ele>112.8</ele></trkpt>
<trkpt lat="37.861600" lon="127.203460" sectionIndex="0" pointIndex="927" originalElevation="113.7" isOriginalElevationFromOSM="true"><ele>112.7</ele></trkpt>
<trkpt lat="37.861750" lon="127.203770" sectionIndex="0" pointIndex="928" originalElevation="112.7" isOriginalElevationFromOSM="true"><ele>112.7</ele></trkpt>
<trkpt lat="37.861960" lon="127.204310" sectionIndex="0" pointIndex="929" originalElevation="111.7" isOriginalElevationFromOSM="true"><ele>112.5</ele></trkpt>
<trkpt lat="37.862240" lon="127.205130" sectionIndex="0" pointIndex="930" originalElevation="112.2" isOriginalElevationFromOSM="true"><ele>112.4</ele></trkpt>
<trkpt lat="37.862350" lon="127.205420" sectionIndex="0" pointIndex="931" originalElevation="112.5" isOriginalElevationFromOSM="true"><ele>112.3</ele></trkpt>
<trkpt lat="37.862600" lon="127.205920" sectionIndex="0" pointIndex="932" originalElevation="112.7" isOriginalElevationFromOSM="true"><ele>112.3</ele></trkpt>
<trkpt lat="37.862720" lon="127.206130" sectionIndex="0" pointIndex="933" originalElevation="112.3" isOriginalElevationFromOSM="true"><ele>112.3</ele></trkpt>
<trkpt lat="37.863020" lon="127.206560" sectionIndex="0" pointIndex="934" originalElevation="112.0" isOriginalElevationFromOSM="true"><ele>112.2</ele></trkpt>
<trkpt lat="37.863230" lon="127.206800" sectionIndex="0" pointIndex="935" originalElevation="112.0" isOriginalElevationFromOSM="true"><ele>112.2</ele></trkpt>
<trkpt lat="37.863770" lon="127.207320" sectionIndex="0" pointIndex="936" originalElevation="111.9" isOriginalElevationFromOSM="true"><ele>112.6</ele></trkpt>
<trkpt lat="37.865180" lon="127.208490" sectionIndex="0" pointIndex="937" originalElevation="112.8" isOriginalElevationFromOSM="true"><ele>113.3</ele></trkpt>
<trkpt lat="37.865560" lon="127.208810" sectionIndex="0" pointIndex="938" originalElevation="114.4" isOriginalElevationFromOSM="true"><ele>114.0</ele></trkpt>
<trkpt lat="37.865820" lon="127.209070" sectionIndex="0" pointIndex="939" originalElevation="115.5" isOriginalElevationFromOSM="true"><ele>114.5</ele></trkpt>
<trkpt lat="37.865970" lon="127.209240" sectionIndex="0" pointIndex="940" originalElevation="115.2" isOriginalElevationFromOSM="true"><ele>114.5</ele></trkpt>
<trkpt lat="37.866270" lon="127.209690" sectionIndex="0" pointIndex="941" originalElevation="114.4" isOriginalElevationFromOSM="true"><ele>114.5</ele></trkpt>
<trkpt lat="37.867600" lon="127.212300" sectionIndex="0" pointIndex="942" originalElevation="112.9" isOriginalElevationFromOSM="true"><ele>114.4</ele></trkpt>
<trkpt lat="37.867870" lon="127.212760" sectionIndex="0" pointIndex="943" originalElevation="114.4" isOriginalElevationFromOSM="true"><ele>114.6</ele></trkpt>
<trkpt lat="37.868100" lon="127.213090" sectionIndex="0" pointIndex="944" originalElevation="115.3" isOriginalElevationFromOSM="true"><ele>114.8</ele></trkpt>
<trkpt lat="37.868340" lon="127.213380" sectionIndex="0" pointIndex="945" originalElevation="115.9" isOriginalElevationFromOSM="true"><ele>115.1</ele></trkpt>
<trkpt lat="37.868650" lon="127.213690" sectionIndex="0" pointIndex="946" originalElevation="115.4" isOriginalElevationFromOSM="true"><ele>115.2</ele></trkpt>
<trkpt lat="37.868960" lon="127.213940" sectionIndex="0" pointIndex="947" originalElevation="114.7" isOriginalElevationFromOSM="true"><ele>115.3</ele></trkpt>
<trkpt lat="37.869310" lon="127.214170" sectionIndex="0" pointIndex="948" originalElevation="114.7" isOriginalElevationFromOSM="true"><ele>116.1</ele></trkpt>
<trkpt lat="37.869590" lon="127.214320" sectionIndex="0" pointIndex="949" originalElevation="115.9" isOriginalElevationFromOSM="true"><ele>117.0</ele></trkpt>
<trkpt lat="37.869886" lon="127.214434" sectionIndex="0" pointIndex="950" originalElevation="120.0" isOriginalElevationFromOSM="false"><ele>118.1</ele></trkpt>
<trkpt lat="37.869930" lon="127.214444" sectionIndex="0" pointIndex="951" originalElevation="120.0" isOriginalElevationFromOSM="false"><ele>119.2</ele></trkpt>
<trkpt lat="37.869974" lon="127.214455" sectionIndex="0" pointIndex="952" originalElevation="120.0" isOriginalElevationFromOSM="false"><ele>120.0</ele></trkpt>
<trkpt lat="37.870018" lon="127.214466" sectionIndex="0" pointIndex="953" originalElevation="120.0" isOriginalElevationFromOSM="false"><ele>120.0</ele></trkpt>
<trkpt lat="37.870062" lon="127.214477" sectionIndex="0" pointIndex="954" originalElevation="120.0" isOriginalElevationFromOSM="false"><ele>120.0</ele></trkpt>
<trkpt lat="37.870106" lon="127.214488" sectionIndex="0" pointIndex="955" originalElevation="120.0" isOriginalElevationFromOSM="false"><ele>120.0</ele></trkpt>
<trkpt lat="37.870150" lon="127.214498" sectionIndex="0" pointIndex="956" originalElevation="120.0" isOriginalElevationFromOSM="false"><ele>120.0</ele></trkpt>
<trkpt lat="37.870194" lon="127.214509" sectionIndex="0" pointIndex="957" originalElevation="120.0" isOriginalElevationFromOSM="false"><ele>120.0</ele></trkpt>
<trkpt lat="37.870238" lon="127.214520" sectionIndex="0" pointIndex="958" originalElevation="120.0" isOriginalElevationFromOSM="false"><ele>120.0</ele></trkpt>
<trkpt lat="37.870282" lon="127.214531" sectionIndex="0" pointIndex="959" originalElevation="120.0" isOriginalElevationFromOSM="false"><ele>120.0</ele></trkpt>
<trkpt lat="37.870326" lon="127.214542" sectionIndex="0" pointIndex="960" originalElevation="120.0" isOriginalElevationFromOSM="false"><ele>120.0</ele></trkpt>
<trkpt lat="37.870371" lon="127.214552" sectionIndex="0" pointIndex="961" originalElevation="120.0" isOriginalElevationFromOSM="false"><ele>120.0</ele></trkpt>
<trkpt lat="37.870415" lon="127.214563" sectionIndex="0" pointIndex="962" originalElevation="120.0" isOriginalElevationFromOSM="false"><ele>119.2</ele></trkpt>
<trkpt lat="37.870459" lon="127.214574" sectionIndex="0" pointIndex="963" originalElevation="120.0" isOriginalElevationFromOSM="false"><ele>118.4</ele></trkpt>
<trkpt lat="37.870503" lon="127.214585" sectionIndex="0" pointIndex="964" originalElevation="116.0" isOriginalElevationFromOSM="false"><ele>117.6</ele></trkpt>
<trkpt lat="37.870547" lon="127.214596" sectionIndex="0" pointIndex="965" originalElevation="116.0" isOriginalElevationFromOSM="false"><ele>116.8</ele></trkpt>
<trkpt lat="37.870576" lon="127.214603" sectionIndex="0" pointIndex="966" originalElevation="116.0" isOriginalElevationFromOSM="false"><ele>116.0</ele></trkpt>
<trkpt lat="37.870620" lon="127.214609" sectionIndex="0" pointIndex="967" originalElevation="116.0" isOriginalElevationFromOSM="false"><ele>116.0</ele></trkpt>
<trkpt lat="37.870665" lon="127.214616" sectionIndex="0" pointIndex="968" originalElevation="116.0" isOriginalElevationFromOSM="false"><ele>116.0</ele></trkpt>
<trkpt lat="37.870710" lon="127.214622" sectionIndex="0" pointIndex="969" originalElevation="116.0" isOriginalElevationFromOSM="false"><ele>116.0</ele></trkpt>
<trkpt lat="37.870754" lon="127.214629" sectionIndex="0" pointIndex="970" originalElevation="116.0" isOriginalElevationFromOSM="false"><ele>121.2</ele></trkpt>
<trkpt lat="37.870799" lon="127.214635" sectionIndex="0" pointIndex="971" originalElevation="116.0" isOriginalElevationFromOSM="false"><ele>126.4</ele></trkpt>
<trkpt lat="37.870843" lon="127.214642" sectionIndex="0" pointIndex="972" originalElevation="142.0" isOriginalElevationFromOSM="false"><ele>131.6</ele></trkpt>
<trkpt lat="37.870888" lon="127.214649" sectionIndex="0" pointIndex="973" originalElevation="142.0" isOriginalElevationFromOSM="false"><ele>136.8</ele></trkpt>
<trkpt lat="37.870933" lon="127.214655" sectionIndex="0" pointIndex="974" originalElevation="142.0" isOriginalElevationFromOSM="false"><ele>142.0</ele></trkpt>
<trkpt lat="37.870977" lon="127.214662" sectionIndex="0" pointIndex="975" originalElevation="142.0" isOriginalElevationFromOSM="false"><ele>142.0</ele></trkpt>
<trkpt lat="37.871022" lon="127.214668" sectionIndex="0" pointIndex="976" originalElevation="142.0" isOriginalElevationFromOSM="false"><ele>142.0</ele></trkpt>
<trkpt lat="37.871067" lon="127.214675" sectionIndex="0" pointIndex="977" originalElevation="142.0" isOriginalElevationFromOSM="false"><ele>142.0</ele></trkpt>
<trkpt lat="37.871111" lon="127.214682" sectionIndex="0" pointIndex="978" originalElevation="142.0" isOriginalElevationFromOSM="false"><ele>142.0</ele></trkpt>
<trkpt lat="37.871156" lon="127.214688" sectionIndex="0" pointIndex="979" originalElevation="142.0" isOriginalElevationFromOSM="false"><ele>142.0</ele></trkpt>
<trkpt lat="37.871200" lon="127.214695" sectionIndex="0" pointIndex="980" originalElevation="142.0" isOriginalElevationFromOSM="false"><ele>142.0</ele></trkpt>
<trkpt lat="37.871245" lon="127.214701" sectionIndex="0" pointIndex="981" originalElevation="142.0" isOriginalElevationFromOSM="false"><ele>142.0</ele></trkpt>
<trkpt lat="37.871290" lon="127.214708" sectionIndex="0" pointIndex="982" originalElevation="142.0" isOriginalElevationFromOSM="false"><ele>142.0</ele></trkpt>
<trkpt lat="37.871334" lon="127.214714" sectionIndex="0" pointIndex="983" originalElevation="142.0" isOriginalElevationFromOSM="false"><ele>142.0</ele></trkpt>
<trkpt lat="37.871379" lon="127.214721" sectionIndex="0" pointIndex="984" originalElevation="142.0" isOriginalElevationFromOSM="false"><ele>142.0</ele></trkpt>
<trkpt lat="37.871423" lon="127.214728" sectionIndex="0" pointIndex="985" originalElevation="142.0" isOriginalElevationFromOSM="false"><ele>142.0</ele></trkpt>
<trkpt lat="37.871468" lon="127.214734" sectionIndex="0" pointIndex="986" originalElevation="142.0" isOriginalElevationFromOSM="false"><ele>142.0</ele></trkpt>
<trkpt lat="37.871513" lon="127.214741" sectionIndex="0" pointIndex="987" originalElevation="142.0" isOriginalElevationFromOSM="false"><ele>142.0</ele></trkpt>
<trkpt lat="37.871557" lon="127.214747" sectionIndex="0" pointIndex="988" originalElevation="142.0" isOriginalElevationFromOSM="false"><ele>142.0</ele></trkpt>
<trkpt lat="37.871602" lon="127.214754" sectionIndex="0" pointIndex="989" originalElevation="142.0" isOriginalElevationFromOSM="false"><ele>142.0</ele></trkpt>
<trkpt lat="37.871646" lon="127.214761" sectionIndex="0" pointIndex="990" originalElevation="142.0" isOriginalElevationFromOSM="false"><ele>142.0</ele></trkpt>
<trkpt lat="37.871691" lon="127.214767" sectionIndex="0" pointIndex="991" originalElevation="142.0" isOriginalElevationFromOSM="false"><ele>142.0</ele></trkpt>
<trkpt lat="37.871736" lon="127.214774" sectionIndex="0" pointIndex="992" originalElevation="142.0" isOriginalElevationFromOSM="false"><ele>142.0</ele></trkpt>
<trkpt lat="37.871739" lon="127.214774" sectionIndex="0" pointIndex="993" originalElevation="142.0" isOriginalElevationFromOSM="false"><ele>142.0</ele></trkpt>
<trkpt lat="37.871784" lon="127.214779" sectionIndex="0" pointIndex="994" originalElevation="142.0" isOriginalElevationFromOSM="false"><ele>142.0</ele></trkpt>
<trkpt lat="37.871829" lon="127.214783" sectionIndex="0" pointIndex="995" originalElevation="142.0" isOriginalElevationFromOSM="false"><ele>142.0</ele></trkpt>
<trkpt lat="37.871874" lon="127.214788" sectionIndex="0" pointIndex="996" originalElevation="142.0" isOriginalElevationFromOSM="false"><ele>142.0</ele></trkpt>
<trkpt lat="37.871918" lon="127.214793" sectionIndex="0" pointIndex="997" originalElevation="142.0" isOriginalElevationFromOSM="false"><ele>142.0</ele></trkpt>
<trkpt lat="37.871963" lon="127.214797" sectionIndex="0" pointIndex="998" originalElevation="142.0" isOriginalElevationFromOSM="false"><ele>142.0</ele></trkpt>
<trkpt lat="37.872008" lon="127.214802" sectionIndex="0" pointIndex="999" originalElevation="142.0" isOriginalElevationFromOSM="false"><ele>142.0</ele></trkpt>
<trkpt lat="37.872053" lon="127.214806" sectionIndex="0" pointIndex="1000" originalElevation="142.0" isOriginalElevationFromOSM="false"><ele>142.0</ele></trkpt>
<trkpt lat="37.872097" lon="127.214811" sectionIndex="0" pointIndex="1001" originalElevation="142.0" isOriginalElevationFromOSM="false"><ele>142.0</ele></trkpt>
<trkpt lat="37.872142" lon="127.214816" sectionIndex="0" pointIndex="1002" originalElevation="142.0" isOriginalElevationFromOSM="false"><ele>142.0</ele></trkpt>
<trkpt lat="37.872187" lon="127.214820" sectionIndex="0" pointIndex="1003" originalElevation="142.0" isOriginalElevationFromOSM="false"><ele>142.0</ele></trkpt>
<trkpt lat="37.872232" lon="127.214825" sectionIndex="0" pointIndex="1004" originalElevation="142.0" isOriginalElevationFromOSM="false"><ele>142.0</ele></trkpt>
<trkpt lat="37.872277" lon="127.214829" sectionIndex="0" pointIndex="1005" originalElevation="142.0" isOriginalElevationFromOSM="false"><ele>142.0</ele></trkpt>
<trkpt lat="37.872321" lon="127.214834" sectionIndex="0" pointIndex="1006" originalElevation="142.0" isOriginalElevationFromOSM="false"><ele>142.0</ele></trkpt>
<trkpt lat="37.872366" lon="127.214839" sectionIndex="0" pointIndex="1007" originalElevation="142.0" isOriginalElevationFromOSM="false"><ele>142.0</ele></trkpt>
<trkpt lat="37.872411" lon="127.214843" sectionIndex="0" pointIndex="1008" originalElevation="142.0" isOriginalElevationFromOSM="false"><ele>142.0</ele></trkpt>
<trkpt lat="37.872456" lon="127.214848" sectionIndex="0" pointIndex="1009" originalElevation="142.0" isOriginalElevationFromOSM="false"><ele>142.0</ele></trkpt>
<trkpt lat="37.872500" lon="127.214852" sectionIndex="0" pointIndex="1010" originalElevation="142.0" isOriginalElevationFromOSM="false"><ele>142.0</ele></trkpt>
<trkpt lat="37.872545" lon="127.214857" sectionIndex="0" pointIndex="1011" originalElevation="142.0" isOriginalElevationFromOSM="false"><ele>142.0</ele></trkpt>
<trkpt lat="37.872590" lon="127.214861" sectionIndex="0" pointIndex="1012" originalElevation="142.0" isOriginalElevationFromOSM="false"><ele>142.0</ele></trkpt>
<trkpt lat="37.872629" lon="127.214865" sectionIndex="0" pointIndex="1013" originalElevation="142.0" isOriginalElevationFromOSM="false"><ele>142.0</ele></trkpt>
<trkpt lat="37.872654" lon="127.214912" sectionIndex="0" pointIndex="1014" originalElevation="142.0" isOriginalElevationFromOSM="false"><ele>142.0</ele></trkpt>
<trkpt lat="37.872680" lon="127.214959" sectionIndex="0" pointIndex="1015" originalElevation="142.0" isOriginalElevationFromOSM="false"><ele>142.0</ele></trkpt>
<trkpt lat="37.872706" lon="127.215005" sectionIndex="0" pointIndex="1016" originalElevation="142.0" isOriginalElevationFromOSM="false"><ele>142.0</ele></trkpt>
<trkpt lat="37.872732" lon="127.215052" sectionIndex="0" pointIndex="1017" originalElevation="142.0" isOriginalElevationFromOSM="false"><ele>142.0</ele></trkpt>
<trkpt lat="37.872758" lon="127.215098" sectionIndex="0" pointIndex="1018" originalElevation="142.0" isOriginalElevationFromOSM="false"><ele>139.2</ele></trkpt>
<trkpt lat="37.872768" lon="127.215118" sectionIndex="0" pointIndex="1019" originalElevation="142.0" isOriginalElevationFromOSM="false"><ele>136.3</ele></trkpt>
<trkpt lat="37.873152" lon="127.215125" sectionIndex="0" pointIndex="1020" originalElevation="128.0" isOriginalElevationFromOSM="false"><ele>133.2</ele></trkpt>
<trkpt lat="37.873970" lon="127.215300" sectionIndex="0" pointIndex="1021" originalElevation="127.7" isOriginalElevationFromOSM="true"><ele>130.2</ele></trkpt>
<trkpt lat="37.875110" lon="127.215620" sectionIndex="0" pointIndex="1022" originalElevation="126.3" isOriginalElevationFromOSM="true"><ele>127.2</ele></trkpt>
<trkpt lat="37.875090" lon="127.215860" sectionIndex="0" pointIndex="1023" originalElevation="126.8" isOriginalElevationFromOSM="true"><ele>127.0</ele></trkpt>
<trkpt lat="37.875060" lon="127.215910" sectionIndex="0" pointIndex="1024" originalElevation="127.1" isOriginalElevationFromOSM="true"><ele>126.9</ele></trkpt>
<trkpt lat="37.875020" lon="127.215950" sectionIndex="0" pointIndex="1025" originalElevation="127.2" isOriginalElevationFromOSM="true"><ele>127.0</ele></trkpt>
<trkpt lat="37.874960" lon="127.215950" sectionIndex="0" pointIndex="1026" originalElevation="127.0" isOriginalElevationFromOSM="true"><ele>126.9</ele></trkpt>
<trkpt lat="37.874890" lon="127.215920" sectionIndex="0" pointIndex="1027" originalElevation="126.8" isOriginalElevationFromOSM="true"><ele>126.7</ele></trkpt>
<trkpt lat="37.874570" lon="127.215630" sectionIndex="0" pointIndex="1028" originalElevation="126.3" isOriginalElevationFromOSM="true"><ele>127.9</ele></trkpt>
<trkpt lat="37.874480" lon="127.215580" sectionIndex="0" pointIndex="1029" originalElevation="126.3" isOriginalElevationFromOSM="true"><ele>129.2</ele></trkpt>
<trkpt lat="37.873250" lon="127.215300" sectionIndex="0" pointIndex="1030" originalElevation="132.9" isOriginalElevationFromOSM="true"><ele>131.2</ele></trkpt>
<trkpt lat="37.873160" lon="127.215290" sectionIndex="0" pointIndex="1031" originalElevation="133.8" isOriginalElevationFromOSM="true"><ele>133.6</ele></trkpt>
<trkpt lat="37.872920" lon="127.215370" sectionIndex="0" pointIndex="1032" originalElevation="136.5" isOriginalElevationFromOSM="true"><ele>136.9</ele></trkpt>
<trkpt lat="37.872810" lon="127.215470" sectionIndex="0" pointIndex="1033" originalElevation="138.5" isOriginalElevationFromOSM="true"><ele>139.3</ele></trkpt>
<trkpt lat="37.872650" lon="127.215730" sectionIndex="0" pointIndex="1034" originalElevation="142.8" isOriginalElevationFromOSM="true"><ele>141.6</ele></trkpt>
<trkpt lat="37.872130" lon="127.216700" sectionIndex="0" pointIndex="1035" originalElevation="144.7" isOriginalElevationFromOSM="true"><ele>143.8</ele></trkpt>
<trkpt lat="37.872030" lon="127.216890" sectionIndex="0" pointIndex="1036" originalElevation="145.7" isOriginalElevationFromOSM="true"><ele>145.7</ele></trkpt>
<trkpt lat="37.871950" lon="127.217170" sectionIndex="0" pointIndex="1037" originalElevation="147.2" isOriginalElevationFromOSM="true"><ele>147.2</ele></trkpt>
<trkpt lat="37.871910" lon="127.217350" sectionIndex="0" pointIndex="1038" originalElevation="148.2" isOriginalElevationFromOSM="true"><ele>148.4</ele></trkpt>
<trkpt lat="37.871790" lon="127.218310" sectionIndex="0" pointIndex="1039" originalElevation="150.2" isOriginalElevationFromOSM="true"><ele>149.9</ele></trkpt>
<trkpt lat="37.871770" lon="127.218420" sectionIndex="0" pointIndex="1040" originalElevation="150.6" isOriginalElevationFromOSM="true"><ele>151.3</ele></trkpt>
<trkpt lat="37.871140" lon="127.219600" sectionIndex="0" pointIndex="1041" originalElevation="153.4" isOriginalElevationFromOSM="true"><ele>152.5</ele></trkpt>
<trkpt lat="37.871050" lon="127.219790" sectionIndex="0" pointIndex="1042" originalElevation="154.0" isOriginalElevationFromOSM="true"><ele>153.4</ele></trkpt>
<trkpt lat="37.871000" lon="127.219920" sectionIndex="0" pointIndex="1043" originalElevation="154.5" isOriginalElevationFromOSM="true"><ele>154.3</ele></trkpt>
<trkpt lat="37.870950" lon="127.220200" sectionIndex="0" pointIndex="1044" originalElevation="154.8" isOriginalElevationFromOSM="true"><ele>154.4</ele></trkpt>
<trkpt lat="37.870960" lon="127.220540" sectionIndex="0" pointIndex="1045" originalElevation="154.8" isOriginalElevationFromOSM="true"><ele>154.3</ele></trkpt>
<trkpt lat="37.871080" lon="127.221350" sectionIndex="0" pointIndex="1046" originalElevation="154.1" isOriginalElevationFromOSM="true"><ele>153.7</ele></trkpt>
<trkpt lat="37.871160" lon="127.221630" sectionIndex="0" pointIndex="1047" originalElevation="153.5" isOriginalElevationFromOSM="true"><ele>152.9</ele></trkpt>
<trkpt lat="37.871800" lon="127.222810" sectionIndex="0" pointIndex="1048" originalElevation="151.4" isOriginalElevationFromOSM="true"><ele>152.0</ele></trkpt>
<trkpt lat="37.871980" lon="127.223050" sectionIndex="0" pointIndex="1049" originalElevation="150.8" isOriginalElevationFromOSM="true"><ele>149.8</ele></trkpt>
<trkpt lat="37.872910" lon="127.223960" sectionIndex="0" pointIndex="1050" originalElevation="150.1" isOriginalElevationFromOSM="true"><ele>147.3</ele></trkpt>
<trkpt lat="37.874270" lon="127.225630" sectionIndex="0" pointIndex="1051" originalElevation="143.4" isOriginalElevationFromOSM="true"><ele>145.1</ele></trkpt>
<trkpt lat="37.874650" lon="127.226050" sectionIndex="0" pointIndex="1052" originalElevation="140.8" isOriginalElevationFromOSM="true"><ele>142.3</ele></trkpt>
<trkpt lat="37.874750" lon="127.226130" sectionIndex="0" pointIndex="1053" originalElevation="140.3" isOriginalElevationFromOSM="true"><ele>139.6</ele></trkpt>
<trkpt lat="37.876210" lon="127.227010" sectionIndex="0" pointIndex="1054" originalElevation="136.7" isOriginalElevationFromOSM="true"><ele>138.2</ele></trkpt>
<trkpt lat="37.876420" lon="127.227170" sectionIndex="0" pointIndex="1055" originalElevation="136.6" isOriginalElevationFromOSM="true"><ele>137.4</ele></trkpt>
<trkpt lat="37.877070" lon="127.227720" sectionIndex="0" pointIndex="1056" originalElevation="136.6" isOriginalElevationFromOSM="true"><ele>136.7</ele></trkpt>
<trkpt lat="37.877160" lon="127.227860" sectionIndex="0" pointIndex="1057" originalElevation="136.7" isOriginalElevationFromOSM="true"><ele>136.7</ele></trkpt>
<trkpt lat="37.877180" lon="127.228030" sectionIndex="0" pointIndex="1058" originalElevation="136.8" isOriginalElevationFromOSM="true"><ele>136.5</ele></trkpt>
<trkpt lat="37.877200" lon="127.228440" sectionIndex="0" pointIndex="1059" originalElevation="136.6" isOriginalElevationFromOSM="true"><ele>137.0</ele></trkpt>
<trkpt lat="37.877160" lon="127.228670" sectionIndex="0" pointIndex="1060" originalElevation="135.9" isOriginalElevationFromOSM="true"><ele>137.8</ele></trkpt>
<trkpt lat="37.874900" lon="127.230500" sectionIndex="0" pointIndex="1061" originalElevation="139.0" isOriginalElevationFromOSM="true"><ele>138.8</ele></trkpt>
<trkpt lat="37.874220" lon="127.230800" sectionIndex="0" pointIndex="1062" originalElevation="140.5" isOriginalElevationFromOSM="true"><ele>140.0</ele></trkpt>
<trkpt lat="37.873710" lon="127.231020" sectionIndex="0" pointIndex="1063" originalElevation="142.0" isOriginalElevationFromOSM="true"><ele>141.7</ele></trkpt>
<trkpt lat="37.873480" lon="127.231150" sectionIndex="0" pointIndex="1064" originalElevation="142.8" isOriginalElevationFromOSM="true"><ele>143.2</ele></trkpt>
<trkpt lat="37.873240" lon="127.231310" sectionIndex="0" pointIndex="1065" originalElevation="144.0" isOriginalElevationFromOSM="true"><ele>144.4</ele></trkpt>
<trkpt lat="37.872620" lon="127.231790" sectionIndex="0" pointIndex="1066" originalElevation="146.5" isOriginalElevationFromOSM="true"><ele>145.6</ele></trkpt>
<trkpt lat="37.871840" lon="127.232420" sectionIndex="0" pointIndex="1067" originalElevation="146.7" isOriginalElevationFromOSM="true"><ele>146.8</ele></trkpt>
<trkpt lat="37.871490" lon="127.232770" sectionIndex="0" pointIndex="1068" originalElevation="147.8" isOriginalElevationFromOSM="true"><ele>147.9</ele></trkpt>
<trkpt lat="37.870370" lon="127.234000" sectionIndex="0" pointIndex="1069" originalElevation="149.1" isOriginalElevationFromOSM="true"><ele>148.6</ele></trkpt>
<trkpt lat="37.870210" lon="127.234130" sectionIndex="0" pointIndex="1070" originalElevation="149.4" isOriginalElevationFromOSM="true"><ele>149.4</ele></trkpt>
<trkpt lat="37.870040" lon="127.234250" sectionIndex="0" pointIndex="1071" originalElevation="149.8" isOriginalElevationFromOSM="true"><ele>150.3</ele></trkpt>
<trkpt lat="37.869690" lon="127.234450" sectionIndex="0" pointIndex="1072" originalElevation="151.1" isOriginalElevationFromOSM="true"><ele>151.0</ele></trkpt>
<trkpt lat="37.869300" lon="127.234630" sectionIndex="0" pointIndex="1073" originalElevation="152.2" isOriginalElevationFromOSM="true"><ele>151.7</ele></trkpt>
<trkpt lat="37.869120" lon="127.234760" sectionIndex="0" pointIndex="1074" originalElevation="152.5" isOriginalElevationFromOSM="true"><ele>152.7</ele></trkpt>
<trkpt lat="37.869050" lon="127.234830" sectionIndex="0" pointIndex="1075" originalElevation="152.7" isOriginalElevationFromOSM="true"><ele>153.9</ele></trkpt>
<trkpt lat="37.868370" lon="127.235760" sectionIndex="0" pointIndex="1076" originalElevation="155.2" isOriginalElevationFromOSM="true"><ele>155.2</ele></trkpt>
<trkpt lat="37.867860" lon="127.236590" sectionIndex="0" pointIndex="1077" originalElevation="157.2" isOriginalElevationFromOSM="true"><ele>156.3</ele></trkpt>
<trkpt lat="37.867600" lon="127.237070" sectionIndex="0" pointIndex="1078" originalElevation="158.4" isOriginalElevationFromOSM="true"><ele>157.4</ele></trkpt>
<trkpt lat="37.867510" lon="127.237350" sectionIndex="0" pointIndex="1079" originalElevation="158.3" isOriginalElevationFromOSM="true"><ele>158.1</ele></trkpt>
<trkpt lat="37.867500" lon="127.237640" sectionIndex="0" pointIndex="1080" originalElevation="158.2" isOriginalElevationFromOSM="true"><ele>159.2</ele></trkpt>
<trkpt lat="37.867550" lon="127.237950" sectionIndex="0" pointIndex="1081" originalElevation="158.5" isOriginalElevationFromOSM="true"><ele>160.5</ele></trkpt>
<trkpt lat="37.867760" lon="127.238870" sectionIndex="0" pointIndex="1082" originalElevation="162.5" isOriginalElevationFromOSM="true"><ele>162.0</ele></trkpt>
<trkpt lat="37.867900" lon="127.239440" sectionIndex="0" pointIndex="1083" originalElevation="165.2" isOriginalElevationFromOSM="true"><ele>163.4</ele></trkpt>
<trkpt lat="37.867960" lon="127.239590" sectionIndex="0" pointIndex="1084" originalElevation="165.6" isOriginalElevationFromOSM="true"><ele>164.6</ele></trkpt>
<trkpt lat="37.868090" lon="127.239820" sectionIndex="0" pointIndex="1085" originalElevation="165.3" isOriginalElevationFromOSM="true"><ele>165.2</ele></trkpt>
<trkpt lat="37.868410" lon="127.240240" sectionIndex="0" pointIndex="1086" originalElevation="164.4" isOriginalElevationFromOSM="true"><ele>165.4</ele></trkpt>
<trkpt lat="37.868570" lon="127.240400" sectionIndex="0" pointIndex="1087" originalElevation="165.3" isOriginalElevationFromOSM="true"><ele>167.3</ele></trkpt>
<trkpt lat="37.868890" lon="127.240700" sectionIndex="0" pointIndex="1088" originalElevation="166.7" isOriginalElevationFromOSM="true"><ele>169.6</ele></trkpt>
<trkpt lat="37.869640" lon="127.241310" sectionIndex="0" pointIndex="1089" originalElevation="175.0" isOriginalElevationFromOSM="true"><ele>172.6</ele></trkpt>
<trkpt lat="37.869950" lon="127.241600" sectionIndex="0" pointIndex="1090" originalElevation="176.6" isOriginalElevationFromOSM="true"><ele>175.1</ele></trkpt>
<trkpt lat="37.870190" lon="127.241900" sectionIndex="0" pointIndex="1091" originalElevation="179.3" isOriginalElevationFromOSM="true"><ele>176.8</ele></trkpt>
<trkpt lat="37.870950" lon="127.243090" sectionIndex="0" pointIndex="1092" originalElevation="177.8" isOriginalElevationFromOSM="true"><ele>176.6</ele></trkpt>
<trkpt lat="37.871410" lon="127.243840" sectionIndex="0" pointIndex="1093" originalElevation="175.1" isOriginalElevationFromOSM="true"><ele>176.0</ele></trkpt>
<trkpt lat="37.871500" lon="127.244030" sectionIndex="0" pointIndex="1094" originalElevation="174.0" isOriginalElevationFromOSM="true"><ele>175.1</ele></trkpt>
<trkpt lat="37.871540" lon="127.244270" sectionIndex="0" pointIndex="1095" originalElevation="173.8" isOriginalElevationFromOSM="true"><ele>174.8</ele></trkpt>
<trkpt lat="37.871520" lon="127.244470" sectionIndex="0" pointIndex="1096" originalElevation="174.7" isOriginalElevationFromOSM="true"><ele>175.3</ele></trkpt>
<trkpt lat="37.871410" lon="127.244790" sectionIndex="0" pointIndex="1097" originalElevation="176.2" isOriginalElevationFromOSM="true"><ele>176.1</ele></trkpt>
<trkpt lat="37.871250" lon="127.245160" sectionIndex="0" pointIndex="1098" originalElevation="177.6" isOriginalElevationFromOSM="true"><ele>177.0</ele></trkpt>
<trkpt lat="37.871150" lon="127.245380" sectionIndex="0" pointIndex="1099" originalElevation="178.2" isOriginalElevationFromOSM="true"><ele>178.1</ele></trkpt>
<trkpt lat="37.871050" lon="127.245540" sectionIndex="0" pointIndex="1100" originalElevation="178.5" isOriginalElevationFromOSM="true"><ele>179.6</ele></trkpt>
<trkpt lat="37.870720" lon="127.245960" sectionIndex="0" pointIndex="1101" originalElevation="180.0" isOriginalElevationFromOSM="true"><ele>181.3</ele></trkpt>
<trkpt lat="37.870320" lon="127.246770" sectionIndex="0" pointIndex="1102" originalElevation="183.7" isOriginalElevationFromOSM="true"><ele>183.6</ele></trkpt>
<trkpt lat="37.870060" lon="127.247420" sectionIndex="0" pointIndex="1103" originalElevation="186.0" isOriginalElevationFromOSM="true"><ele>187.0</ele></trkpt>
<trkpt lat="37.869890" lon="127.247710" sectionIndex="0" pointIndex="1104" originalElevation="189.7" isOriginalElevationFromOSM="true"><ele>191.1</ele></trkpt>
<trkpt lat="37.868800" lon="127.248910" sectionIndex="0" pointIndex="1105" originalElevation="195.8" isOriginalElevationFromOSM="true"><ele>195.3</ele></trkpt>
<trkpt lat="37.868490" lon="127.249170" sectionIndex="0" pointIndex="1106" originalElevation="200.5" isOriginalElevationFromOSM="true"><ele>199.8</ele></trkpt>
<trkpt lat="37.868280" lon="127.249290" sectionIndex="0" pointIndex="1107" originalElevation="204.7" isOriginalElevationFromOSM="true"><ele>203.7</ele></trkpt>
<trkpt lat="37.867850" lon="127.249420" sectionIndex="0" pointIndex="1108" originalElevation="208.1" isOriginalElevationFromOSM="true"><ele>206.8</ele></trkpt>
<trkpt lat="37.867680" lon="127.249490" sectionIndex="0" pointIndex="1109" originalElevation="209.6" isOriginalElevationFromOSM="true"><ele>209.2</ele></trkpt>
<trkpt lat="37.867530" lon="127.249590" sectionIndex="0" pointIndex="1110" originalElevation="211.1" isOriginalElevationFromOSM="true"><ele>211.0</ele></trkpt>
<trkpt lat="37.867410" lon="127.249710" sectionIndex="0" pointIndex="1111" originalElevation="212.6" isOriginalElevationFromOSM="true"><ele>212.5</ele></trkpt>
<trkpt lat="37.867370" lon="127.249790" sectionIndex="0" pointIndex="1112" originalElevation="213.5" isOriginalElevationFromOSM="true"><ele>214.4</ele></trkpt>
<trkpt lat="37.867300" lon="127.250010" sectionIndex="0" pointIndex="1113" originalElevation="215.6" isOriginalElevationFromOSM="true"><ele>219.7</ele></trkpt>
<trkpt lat="37.867240" lon="127.250270" sectionIndex="0" pointIndex="1114" originalElevation="219.2" isOriginalElevationFromOSM="true"><ele>224.8</ele></trkpt>
<trkpt lat="37.867100" lon="127.251420" sectionIndex="0" pointIndex="1115" originalElevation="237.4" isOriginalElevationFromOSM="true"><ele>229.9</ele></trkpt>
<trkpt lat="37.867080" lon="127.251480" sectionIndex="0" pointIndex="1116" originalElevation="238.4" isOriginalElevationFromOSM="true"><ele>234.5</ele></trkpt>
<trkpt lat="37.867000" lon="127.251590" sectionIndex="0" pointIndex="1117" originalElevation="238.9" isOriginalElevationFromOSM="true"><ele>238.0</ele></trkpt>
<trkpt lat="37.866950" lon="127.251620" sectionIndex="0" pointIndex="1118" originalElevation="238.5" isOriginalElevationFromOSM="true"><ele>237.5</ele></trkpt>
<trkpt lat="37.866850" lon="127.251640" sectionIndex="0" pointIndex="1119" originalElevation="236.7" isOriginalElevationFromOSM="true"><ele>236.9</ele></trkpt>
<trkpt lat="37.866780" lon="127.251620" sectionIndex="0" pointIndex="1120" originalElevation="234.9" isOriginalElevationFromOSM="true"><ele>236.6</ele></trkpt>
<trkpt lat="37.866060" lon="127.251180" sectionIndex="0" pointIndex="1121" originalElevation="235.5" isOriginalElevationFromOSM="true"><ele>236.6</ele></trkpt>
<trkpt lat="37.865880" lon="127.251050" sectionIndex="0" pointIndex="1122" originalElevation="237.4" isOriginalElevationFromOSM="true"><ele>236.9</ele></trkpt>
<trkpt lat="37.865780" lon="127.250920" sectionIndex="0" pointIndex="1123" originalElevation="238.4" isOriginalElevationFromOSM="true"><ele>237.2</ele></trkpt>
<trkpt lat="37.865750" lon="127.250820" sectionIndex="0" pointIndex="1124" originalElevation="238.4" isOriginalElevationFromOSM="true"><ele>237.6</ele></trkpt>
<trkpt lat="37.865630" lon="127.250270" sectionIndex="0" pointIndex="1125" originalElevation="236.5" isOriginalElevationFromOSM="true"><ele>237.8</ele></trkpt>
<trkpt lat="37.865560" lon="127.250140" sectionIndex="0" pointIndex="1126" originalElevation="237.1" isOriginalElevationFromOSM="true"><ele>238.9</ele></trkpt>
<trkpt lat="37.865460" lon="127.250010" sectionIndex="0" pointIndex="1127" originalElevation="238.7" isOriginalElevationFromOSM="true"><ele>242.3</ele></trkpt>
<trkpt lat="37.865010" lon="127.249600" sectionIndex="0" pointIndex="1128" originalElevation="244.1" isOriginalElevationFromOSM="true"><ele>246.8</ele></trkpt>
<trkpt lat="37.864130" lon="127.248870" sectionIndex="0" pointIndex="1129" originalElevation="255.2" isOriginalElevationFromOSM="true"><ele>254.4</ele></trkpt>
<trkpt lat="37.863840" lon="127.248680" sectionIndex="0" pointIndex="1130" originalElevation="258.8" isOriginalElevationFromOSM="true"><ele>262.5</ele></trkpt>
<trkpt lat="37.862670" lon="127.248220" sectionIndex="0" pointIndex="1131" originalElevation="275.5" isOriginalElevationFromOSM="true"><ele>270.0</ele></trkpt>
<trkpt lat="37.862530" lon="127.248110" sectionIndex="0" pointIndex="1132" originalElevation="279.0" isOriginalElevationFromOSM="true"><ele>275.6</ele></trkpt>
<trkpt lat="37.862450" lon="127.248000" sectionIndex="0" pointIndex="1133" originalElevation="281.5" isOriginalElevationFromOSM="true"><ele>280.6</ele></trkpt>
<trkpt lat="37.862420" lon="127.247870" sectionIndex="0" pointIndex="1134" originalElevation="283.3" isOriginalElevationFromOSM="true"><ele>282.1</ele></trkpt>
<trkpt lat="37.862440" lon="127.247720" sectionIndex="0" pointIndex="1135" originalElevation="283.9" isOriginalElevationFromOSM="true"><ele>282.9</ele></trkpt>
<trkpt lat="37.862520" lon="127.247560" sectionIndex="0" pointIndex="1136" originalElevation="283.1" isOriginalElevationFromOSM="true"><ele>283.1</ele></trkpt>
<trkpt lat="37.862610" lon="127.247470" sectionIndex="0" pointIndex="1137" originalElevation="282.9" isOriginalElevationFromOSM="true"><ele>282.6</ele></trkpt>
<trkpt lat="37.862750" lon="127.247410" sectionIndex="0" pointIndex="1138" originalElevation="282.3" isOriginalElevationFromOSM="true"><ele>280.8</ele></trkpt>
<trkpt lat="37.862920" lon="127.247370" sectionIndex="0" pointIndex="1139" originalElevation="280.6" isOriginalElevationFromOSM="true"><ele>279.0</ele></trkpt>
<trkpt lat="37.863340" lon="127.247330" sectionIndex="0" pointIndex="1140" originalElevation="275.0" isOriginalElevationFromOSM="true"><ele>277.4</ele></trkpt>
<trkpt lat="37.863450" lon="127.247280" sectionIndex="0" pointIndex="1141" originalElevation="274.4" isOriginalElevationFromOSM="true"><ele>276.4</ele></trkpt>
<trkpt lat="37.863530" lon="127.247190" sectionIndex="0" pointIndex="1142" originalElevation="275.0" isOriginalElevationFromOSM="true"><ele>275.9</ele></trkpt>
<trkpt lat="37.863540" lon="127.247060" sectionIndex="0" pointIndex="1143" originalElevation="276.8" isOriginalElevationFromOSM="true"><ele>277.1</ele></trkpt>
<trkpt lat="37.863520" lon="127.246980" sectionIndex="0" pointIndex="1144" originalElevation="278.5" isOriginalElevationFromOSM="true"><ele>278.7</ele></trkpt>
<trkpt lat="37.863480" lon="127.246900" sectionIndex="0" pointIndex="1145" originalElevation="280.6" isOriginalElevationFromOSM="true"><ele>280.6</ele></trkpt>
<trkpt lat="37.863420" lon="127.246850" sectionIndex="0" pointIndex="1146" originalElevation="282.5" isOriginalElevationFromOSM="true"><ele>283.3</ele></trkpt>
<trkpt lat="37.863350" lon="127.246820" sectionIndex="0" pointIndex="1147" originalElevation="284.5" isOriginalElevationFromOSM="true"><ele>287.2</ele></trkpt>
<trkpt lat="37.863020" lon="127.246850" sectionIndex="0" pointIndex="1148" originalElevation="290.4" isOriginalElevationFromOSM="true"><ele>290.7</ele></trkpt>
<trkpt lat="37.862450" lon="127.246950" sectionIndex="0" pointIndex="1149" originalElevation="298.2" isOriginalElevationFromOSM="true"><ele>293.6</ele></trkpt>
<trkpt lat="37.862370" lon="127.246980" sectionIndex="0" pointIndex="1150" originalElevation="298.1" isOriginalElevationFromOSM="true"><ele>295.8</ele></trkpt>
<trkpt lat="37.862250" lon="127.247090" sectionIndex="0" pointIndex="1151" originalElevation="297.0" isOriginalElevationFromOSM="true"><ele>296.6</ele></trkpt>
<trkpt lat="37.862150" lon="127.247300" sectionIndex="0" pointIndex="1152" originalElevation="295.1" isOriginalElevationFromOSM="true"><ele>297.4</ele></trkpt>
<trkpt lat="37.862080" lon="127.247390" sectionIndex="0" pointIndex="1153" originalElevation="294.9" isOriginalElevationFromOSM="true"><ele>298.4</ele></trkpt>
<trkpt lat="37.861710" lon="127.247660" sectionIndex="0" pointIndex="1154" originalElevation="301.9" isOriginalElevationFromOSM="true"><ele>299.8</ele></trkpt>
<trkpt lat="37.861650" lon="127.247720" sectionIndex="0" pointIndex="1155" originalElevation="303.3" isOriginalElevationFromOSM="true"><ele>301.6</ele></trkpt>
<trkpt lat="37.861610" lon="127.247790" sectionIndex="0" pointIndex="1156" originalElevation="303.8" isOriginalElevationFromOSM="true"><ele>304.0</ele></trkpt>
<trkpt lat="37.861570" lon="127.247900" sectionIndex="0" pointIndex="1157" originalElevation="304.4" isOriginalElevationFromOSM="true"><ele>305.3</ele></trkpt>
<trkpt lat="37.861510" lon="127.248180" sectionIndex="0" pointIndex="1158" originalElevation="306.5" isOriginalElevationFromOSM="true"><ele>309.0</ele></trkpt>
<trkpt lat="37.861440" lon="127.248310" sectionIndex="0" pointIndex="1159" originalElevation="308.6" isOriginalElevationFromOSM="true"><ele>313.6</ele></trkpt>
<trkpt lat="37.861020" lon="127.248660" sectionIndex="0" pointIndex="1160" originalElevation="321.6" isOriginalElevationFromOSM="true"><ele>318.7</ele></trkpt>
<trkpt lat="37.860870" lon="127.248830" sectionIndex="0" pointIndex="1161" originalElevation="326.9" isOriginalElevationFromOSM="true"><ele>324.9</ele></trkpt>
<trkpt lat="37.860810" lon="127.248960" sectionIndex="0" pointIndex="1162" originalElevation="329.8" isOriginalElevationFromOSM="true"><ele>331.2</ele></trkpt>
<trkpt lat="37.860730" lon="127.249360" sectionIndex="0" pointIndex="1163" originalElevation="337.5" isOriginalElevationFromOSM="true"><ele>335.3</ele></trkpt>
<trkpt lat="37.860750" lon="127.249530" sectionIndex="0" pointIndex="1164" originalElevation="340.4" isOriginalElevationFromOSM="true"><ele>338.1</ele></trkpt>
<trkpt lat="37.860830" lon="127.249730" sectionIndex="0" pointIndex="1165" originalElevation="342.1" isOriginalElevationFromOSM="true"><ele>339.4</ele></trkpt>
<trkpt lat="37.860910" lon="127.249770" sectionIndex="0" pointIndex="1166" originalElevation="340.9" isOriginalElevationFromOSM="true"><ele>338.7</ele></trkpt>
<trkpt lat="37.861120" lon="127.249800" sectionIndex="0" pointIndex="1167" originalElevation="336.0" isOriginalElevationFromOSM="true"><ele>337.5</ele></trkpt>
<trkpt lat="37.861240" lon="127.249860" sectionIndex="0" pointIndex="1168" originalElevation="334.2" isOriginalElevationFromOSM="true"><ele>336.0</ele></trkpt>
<trkpt lat="37.861280" lon="127.249910" sectionIndex="0" pointIndex="1169" originalElevation="334.1" isOriginalElevationFromOSM="true"><ele>335.3</ele></trkpt>
<trkpt lat="37.861330" lon="127.250040" sectionIndex="0" pointIndex="1170" originalElevation="334.9" isOriginalElevationFromOSM="true"><ele>335.9</ele></trkpt>
<trkpt lat="37.861380" lon="127.250360" sectionIndex="0" pointIndex="1171" originalElevation="337.5" isOriginalElevationFromOSM="true"><ele>336.7</ele></trkpt>
<trkpt lat="37.861450" lon="127.250610" sectionIndex="0" pointIndex="1172" originalElevation="338.8" isOriginalElevationFromOSM="true"><ele>337.1</ele></trkpt>
<trkpt lat="37.861610" lon="127.250820" sectionIndex="0" pointIndex="1173" originalElevation="338.1" isOriginalElevationFromOSM="true"><ele>337.2</ele></trkpt>
<trkpt lat="37.861660" lon="127.250920" sectionIndex="0" pointIndex="1174" originalElevation="336.2" isOriginalElevationFromOSM="true"><ele>336.6</ele></trkpt>
<trkpt lat="37.861670" lon="127.251020" sectionIndex="0" pointIndex="1175" originalElevation="335.2" isOriginalElevationFromOSM="true"><ele>335.9</ele></trkpt>
<trkpt lat="37.861640" lon="127.251140" sectionIndex="0" pointIndex="1176" originalElevation="334.5" isOriginalElevationFromOSM="true"><ele>335.6</ele></trkpt>
<trkpt lat="37.861530" lon="127.251270" sectionIndex="0" pointIndex="1177" originalElevation="335.3" isOriginalElevationFromOSM="true"><ele>336.4</ele></trkpt>
<trkpt lat="37.861430" lon="127.251340" sectionIndex="0" pointIndex="1178" originalElevation="336.6" isOriginalElevationFromOSM="true"><ele>339.3</ele></trkpt>
<trkpt lat="37.861210" lon="127.251400" sectionIndex="0" pointIndex="1179" originalElevation="340.2" isOriginalElevationFromOSM="true"><ele>343.7</ele></trkpt>
<trkpt lat="37.860720" lon="127.251480" sectionIndex="0" pointIndex="1180" originalElevation="350.0" isOriginalElevationFromOSM="true"><ele>348.9</ele></trkpt>
<trkpt lat="37.860490" lon="127.251560" sectionIndex="0" pointIndex="1181" originalElevation="356.5" isOriginalElevationFromOSM="true"><ele>354.2</ele></trkpt>
<trkpt lat="37.860320" lon="127.251690" sectionIndex="0" pointIndex="1182" originalElevation="361.1" isOriginalElevationFromOSM="true"><ele>359.6</ele></trkpt>
<trkpt lat="37.860220" lon="127.251800" sectionIndex="0" pointIndex="1183" originalElevation="363.1" isOriginalElevationFromOSM="true"><ele>364.3</ele></trkpt>
<trkpt lat="37.860060" lon="127.251930" sectionIndex="0" pointIndex="1184" originalElevation="367.1" isOriginalElevationFromOSM="true"><ele>368.2</ele></trkpt>
<trkpt lat="37.859780" lon="127.252210" sectionIndex="0" pointIndex="1185" originalElevation="373.6" isOriginalElevationFromOSM="true"><ele>373.5</ele></trkpt>
<trkpt lat="37.859640" lon="127.252450" sectionIndex="0" pointIndex="1186" originalElevation="376.1" isOriginalElevationFromOSM="true"><ele>378.6</ele></trkpt>
<trkpt lat="37.859090" lon="127.253740" sectionIndex="0" pointIndex="1187" originalElevation="387.6" isOriginalElevationFromOSM="true"><ele>382.9</ele></trkpt>
<trkpt lat="37.859000" lon="127.254000" sectionIndex="0" pointIndex="1188" originalElevation="388.5" isOriginalElevationFromOSM="true"><ele>386.1</ele></trkpt>
<trkpt lat="37.858960" lon="127.254230" sectionIndex="0" pointIndex="1189" originalElevation="388.9" isOriginalElevationFromOSM="true"><ele>388.8</ele></trkpt>
<trkpt lat="37.858970" lon="127.254350" sectionIndex="0" pointIndex="1190" originalElevation="389.4" isOriginalElevationFromOSM="true"><ele>388.9</ele></trkpt>
<trkpt lat="37.859020" lon="127.254640" sectionIndex="0" pointIndex="1191" originalElevation="389.8" isOriginalElevationFromOSM="true"><ele>389.0</ele></trkpt>
<trkpt lat="37.859200" lon="127.254840" sectionIndex="0" pointIndex="1192" originalElevation="387.7" isOriginalElevationFromOSM="true"><ele>389.0</ele></trkpt>
<trkpt lat="37.860180" lon="127.255380" sectionIndex="0" pointIndex="1193" originalElevation="389.0" isOriginalElevationFromOSM="true"><ele>388.9</ele></trkpt>
<trkpt lat="37.861000" lon="127.255820" sectionIndex="0" pointIndex="1194" originalElevation="389.2" isOriginalElevationFromOSM="true"><ele>388.8</ele></trkpt>
<trkpt lat="37.861140" lon="127.255910" sectionIndex="0" pointIndex="1195" originalElevation="388.7" isOriginalElevationFromOSM="true"><ele>389.3</ele></trkpt>
<trkpt lat="37.861240" lon="127.256080" sectionIndex="0" pointIndex="1196" originalElevation="389.2" isOriginalElevationFromOSM="true"><ele>389.9</ele></trkpt>
<trkpt lat="37.861270" lon="127.256230" sectionIndex="0" pointIndex="1197" originalElevation="390.2" isOriginalElevationFromOSM="true"><ele>390.8</ele></trkpt>
<trkpt lat="37.861280" lon="127.256410" sectionIndex="0" pointIndex="1198" originalElevation="392.2" isOriginalElevationFromOSM="true"><ele>393.9</ele></trkpt>
<trkpt lat="37.861260" lon="127.256520" sectionIndex="0" pointIndex="1199" originalElevation="393.9" isOriginalElevationFromOSM="true"><ele>396.9</ele></trkpt>
<trkpt lat="37.861000" lon="127.257590" sectionIndex="0" pointIndex="1200" originalElevation="404.2" isOriginalElevationFromOSM="true"><ele>402.8</ele></trkpt>
<trkpt lat="37.860900" lon="127.258230" sectionIndex="0" pointIndex="1201" originalElevation="404.0" isOriginalElevationFromOSM="true"><ele>410.8</ele></trkpt>
<trkpt lat="37.860340" lon="127.260740" sectionIndex="0" pointIndex="1202" originalElevation="419.8" isOriginalElevationFromOSM="true"><ele>424.0</ele></trkpt>
<trkpt lat="37.859860" lon="127.261590" sectionIndex="0" pointIndex="1203" originalElevation="431.9" isOriginalElevationFromOSM="true"><ele>435.4</ele></trkpt>
<trkpt lat="37.859190" lon="127.262690" sectionIndex="0" pointIndex="1204" originalElevation="460.0" isOriginalElevationFromOSM="true"><ele>446.9</ele></trkpt>
<trkpt lat="37.859160" lon="127.262830" sectionIndex="0" pointIndex="1205" originalElevation="461.3" isOriginalElevationFromOSM="true"><ele>455.5</ele></trkpt>
<trkpt lat="37.859160" lon="127.262910" sectionIndex="0" pointIndex="1206" originalElevation="461.6" isOriginalElevationFromOSM="true"><ele>462.0</ele></trkpt>
<trkpt lat="37.859210" lon="127.263290" sectionIndex="0" pointIndex="1207" originalElevation="462.5" isOriginalElevationFromOSM="true"><ele>463.4</ele></trkpt>
<trkpt lat="37.859170" lon="127.263410" sectionIndex="0" pointIndex="1208" originalElevation="464.6" isOriginalElevationFromOSM="true"><ele>465.0</ele></trkpt>
<trkpt lat="37.859090" lon="127.263460" sectionIndex="0" pointIndex="1209" originalElevation="467.1" isOriginalElevationFromOSM="true"><ele>466.6</ele></trkpt>
<trkpt lat="37.858990" lon="127.263460" sectionIndex="0" pointIndex="1210" originalElevation="469.0" isOriginalElevationFromOSM="true"><ele>468.4</ele></trkpt>
<trkpt lat="37.858920" lon="127.263440" sectionIndex="0" pointIndex="1211" originalElevation="469.9" isOriginalElevationFromOSM="true"><ele>470.0</ele></trkpt>
<trkpt lat="37.858750" lon="127.263320" sectionIndex="0" pointIndex="1212" originalElevation="471.4" isOriginalElevationFromOSM="true"><ele>471.4</ele></trkpt>
<trkpt lat="37.858700" lon="127.263320" sectionIndex="0" pointIndex="1213" originalElevation="472.4" isOriginalElevationFromOSM="true"><ele>472.8</ele></trkpt>
<trkpt lat="37.858620" lon="127.263370" sectionIndex="0" pointIndex="1214" originalElevation="474.6" isOriginalElevationFromOSM="true"><ele>474.4</ele></trkpt>
<trkpt lat="37.858590" lon="127.263410" sectionIndex="0" pointIndex="1215" originalElevation="475.8" isOriginalElevationFromOSM="true"><ele>476.0</ele></trkpt>
<trkpt lat="37.858550" lon="127.263530" sectionIndex="0" pointIndex="1216" originalElevation="477.8" isOriginalElevationFromOSM="true"><ele>479.1</ele></trkpt>
<trkpt lat="37.858570" lon="127.263690" sectionIndex="0" pointIndex="1217" originalElevation="479.5" isOriginalElevationFromOSM="true"><ele>482.1</ele></trkpt>
<trkpt lat="37.858760" lon="127.264340" sectionIndex="0" pointIndex="1218" originalElevation="487.8" isOriginalElevationFromOSM="true"><ele>485.5</ele></trkpt>
<trkpt lat="37.858750" lon="127.264420" sectionIndex="0" pointIndex="1219" originalElevation="489.6" isOriginalElevationFromOSM="true"><ele>488.9</ele></trkpt>
<trkpt lat="37.858680" lon="127.264560" sectionIndex="0" pointIndex="1220" originalElevation="492.8" isOriginalElevationFromOSM="true"><ele>492.1</ele></trkpt>
<trkpt lat="37.858560" lon="127.264650" sectionIndex="0" pointIndex="1221" originalElevation="494.8" isOriginalElevationFromOSM="true"><ele>493.7</ele></trkpt>
<trkpt lat="37.858420" lon="127.264710" sectionIndex="0" pointIndex="1222" originalElevation="495.7" isOriginalElevationFromOSM="true"><ele>495.1</ele></trkpt>
<trkpt lat="37.858330" lon="127.264720" sectionIndex="0" pointIndex="1223" originalElevation="495.6" isOriginalElevationFromOSM="true"><ele>496.0</ele></trkpt>
<trkpt lat="37.858260" lon="127.264690" sectionIndex="0" pointIndex="1224" originalElevation="496.6" isOriginalElevationFromOSM="true"><ele>496.4</ele></trkpt>
<trkpt lat="37.858130" lon="127.264560" sectionIndex="0" pointIndex="1225" originalElevation="497.2" isOriginalElevationFromOSM="true"><ele>496.7</ele></trkpt>
<trkpt lat="37.858060" lon="127.264390" sectionIndex="0" pointIndex="1226" originalElevation="496.9" isOriginalElevationFromOSM="true"><ele>497.4</ele></trkpt>
<trkpt lat="37.857980" lon="127.264260" sectionIndex="0" pointIndex="1227" originalElevation="497.4" isOriginalElevationFromOSM="true"><ele>498.2</ele></trkpt>
<trkpt lat="37.857920" lon="127.264210" sectionIndex="0" pointIndex="1228" originalElevation="498.7" isOriginalElevationFromOSM="true"><ele>499.3</ele></trkpt>
<trkpt lat="37.857840" lon="127.264220" sectionIndex="0" pointIndex="1229" originalElevation="500.7" isOriginalElevationFromOSM="true"><ele>500.9</ele></trkpt>
<trkpt lat="37.857770" lon="127.264260" sectionIndex="0" pointIndex="1230" originalElevation="502.9" isOriginalElevationFromOSM="true"><ele>502.9</ele></trkpt>
<trkpt lat="37.857700" lon="127.264330" sectionIndex="0" pointIndex="1231" originalElevation="504.9" isOriginalElevationFromOSM="true"><ele>504.8</ele></trkpt>
<trkpt lat="37.857630" lon="127.264480" sectionIndex="0" pointIndex="1232" originalElevation="507.2" isOriginalElevationFromOSM="true"><ele>506.5</ele></trkpt>
<trkpt lat="37.857570" lon="127.264640" sectionIndex="0" pointIndex="1233" originalElevation="508.5" isOriginalElevationFromOSM="true"><ele>507.7</ele></trkpt>
<trkpt lat="37.857560" lon="127.264760" sectionIndex="0" pointIndex="1234" originalElevation="509.0" isOriginalElevationFromOSM="true"><ele>508.6</ele></trkpt>
<trkpt lat="37.857560" lon="127.264880" sectionIndex="0" pointIndex="1235" originalElevation="509.1" isOriginalElevationFromOSM="true"><ele>509.7</ele></trkpt>
<trkpt lat="37.857570" lon="127.264970" sectionIndex="0" pointIndex="1236" originalElevation="509.0" isOriginalElevationFromOSM="true"><ele>510.8</ele></trkpt>
<trkpt lat="37.857780" lon="127.265390" sectionIndex="0" pointIndex="1237" originalElevation="512.8" isOriginalElevationFromOSM="true"><ele>512.0</ele></trkpt>
<trkpt lat="37.857810" lon="127.265480" sectionIndex="0" pointIndex="1238" originalElevation="514.1" isOriginalElevationFromOSM="true"><ele>513.6</ele></trkpt>
<trkpt lat="37.857810" lon="127.265550" sectionIndex="0" pointIndex="1239" originalElevation="515.3" isOriginalElevationFromOSM="true"><ele>515.3</ele></trkpt>
<trkpt lat="37.857760" lon="127.265650" sectionIndex="0" pointIndex="1240" originalElevation="516.9" isOriginalElevationFromOSM="true"><ele>516.3</ele></trkpt>
<trkpt lat="37.857650" lon="127.265730" sectionIndex="0" pointIndex="1241" originalElevation="517.6" isOriginalElevationFromOSM="true"><ele>516.9</ele></trkpt>
<trkpt lat="37.857560" lon="127.265760" sectionIndex="0" pointIndex="1242" originalElevation="517.6" isOriginalElevationFromOSM="true"><ele>517.5</ele></trkpt>
<trkpt lat="37.857554" lon="127.265761" sectionIndex="0" pointIndex="1243" originalElevation="517.0" isOriginalElevationFromOSM="false"><ele>517.8</ele></trkpt>
<trkpt lat="37.857330" lon="127.265830" sectionIndex="0" pointIndex="1244" originalElevation="518.2" isOriginalElevationFromOSM="true"><ele>517.7</ele></trkpt>
<trkpt lat="37.856990" lon="127.265870" sectionIndex="0" pointIndex="1245" originalElevation="518.8" isOriginalElevationFromOSM="true"><ele>517.5</ele></trkpt>
<trkpt lat="37.856510" lon="127.265860" sectionIndex="0" pointIndex="1246" originalElevation="517.0" isOriginalElevationFromOSM="true"><ele>517.2</ele></trkpt>
<trkpt lat="37.856190" lon="127.265710" sectionIndex="0" pointIndex="1247" originalElevation="516.6" isOriginalElevationFromOSM="true"><ele>516.0</ele></trkpt>
<trkpt lat="37.856080" lon="127.265710" sectionIndex="0" pointIndex="1248" originalElevation="515.4" isOriginalElevationFromOSM="true"><ele>514.1</ele></trkpt>
<trkpt lat="37.856010" lon="127.265800" sectionIndex="0" pointIndex="1249" originalElevation="512.1" isOriginalElevationFromOSM="true"><ele>512.4</ele></trkpt>
<trkpt lat="37.855990" lon="127.265910" sectionIndex="0" pointIndex="1250" originalElevation="509.4" isOriginalElevationFromOSM="true"><ele>510.8</ele></trkpt>
<trkpt lat="37.855990" lon="127.265980" sectionIndex="0" pointIndex="1251" originalElevation="508.3" isOriginalElevationFromOSM="true"><ele>509.5</ele></trkpt>
<trkpt lat="37.856360" lon="127.266610" sectionIndex="0" pointIndex="1252" originalElevation="508.8" isOriginalElevationFromOSM="true"><ele>508.9</ele></trkpt>
<trkpt lat="37.856380" lon="127.266690" sectionIndex="0" pointIndex="1253" originalElevation="509.0" isOriginalElevationFromOSM="true"><ele>508.7</ele></trkpt>
<trkpt lat="37.856380" lon="127.266810" sectionIndex="0" pointIndex="1254" originalElevation="508.9" isOriginalElevationFromOSM="true"><ele>508.4</ele></trkpt>
<trkpt lat="37.856370" lon="127.266870" sectionIndex="0" pointIndex="1255" originalElevation="508.4" isOriginalElevationFromOSM="true"><ele>505.7</ele></trkpt>
<trkpt lat="37.856340" lon="127.266940" sectionIndex="0" pointIndex="1256" originalElevation="507.1" isOriginalElevationFromOSM="true"><ele>502.5</ele></trkpt>
<trkpt lat="37.856030" lon="127.267290" sectionIndex="0" pointIndex="1257" originalElevation="495.2" isOriginalElevationFromOSM="true"><ele>498.8</ele></trkpt>
<trkpt lat="37.855980" lon="127.267320" sectionIndex="0" pointIndex="1258" originalElevation="493.1" isOriginalElevationFromOSM="true"><ele>494.8</ele></trkpt>
<trkpt lat="37.855900" lon="127.267310" sectionIndex="0" pointIndex="1259" originalElevation="490.3" isOriginalElevationFromOSM="true"><ele>491.0</ele></trkpt>
<trkpt lat="37.855840" lon="127.267280" sectionIndex="0" pointIndex="1260" originalElevation="488.2" isOriginalElevationFromOSM="true"><ele>489.6</ele></trkpt>
<trkpt lat="37.855580" lon="127.266880" sectionIndex="0" pointIndex="1261" originalElevation="488.2" isOriginalElevationFromOSM="true"><ele>488.6</ele></trkpt>
<trkpt lat="37.855530" lon="127.266840" sectionIndex="0" pointIndex="1262" originalElevation="488.4" isOriginalElevationFromOSM="true"><ele>488.0</ele></trkpt>
<trkpt lat="37.855400" lon="127.266850" sectionIndex="0" pointIndex="1263" originalElevation="488.0" isOriginalElevationFromOSM="true"><ele>486.3</ele></trkpt>
<trkpt lat="37.855360" lon="127.266870" sectionIndex="0" pointIndex="1264" originalElevation="487.4" isOriginalElevationFromOSM="true"><ele>483.4</ele></trkpt>
<trkpt lat="37.855110" lon="127.267140" sectionIndex="0" pointIndex="1265" originalElevation="479.5" isOriginalElevationFromOSM="true"><ele>479.5</ele></trkpt>
<trkpt lat="37.855030" lon="127.267310" sectionIndex="0" pointIndex="1266" originalElevation="473.9" isOriginalElevationFromOSM="true"><ele>475.6</ele></trkpt>
<trkpt lat="37.855000" lon="127.267470" sectionIndex="0" pointIndex="1267" originalElevation="468.8" isOriginalElevationFromOSM="true"><ele>471.5</ele></trkpt>
<trkpt lat="37.855020" lon="127.267930" sectionIndex="0" pointIndex="1268" originalElevation="468.2" isOriginalElevationFromOSM="true"><ele>468.9</ele></trkpt>
<trkpt lat="37.854970" lon="127.268020" sectionIndex="0" pointIndex="1269" originalElevation="467.1" isOriginalElevationFromOSM="true"><ele>467.0</ele></trkpt>
<trkpt lat="37.854900" lon="127.268070" sectionIndex="0" pointIndex="1270" originalElevation="466.4" isOriginalElevationFromOSM="true"><ele>465.9</ele></trkpt>
<trkpt lat="37.854730" lon="127.268090" sectionIndex="0" pointIndex="1271" originalElevation="464.7" isOriginalElevationFromOSM="true"><ele>464.6</ele></trkpt>
<trkpt lat="37.854390" lon="127.268000" sectionIndex="0" pointIndex="1272" originalElevation="463.3" isOriginalElevationFromOSM="true"><ele>463.1</ele></trkpt>
<trkpt lat="37.854250" lon="127.268040" sectionIndex="0" pointIndex="1273" originalElevation="461.4" isOriginalElevationFromOSM="true"><ele>460.7</ele></trkpt>
<trkpt lat="37.854210" lon="127.268100" sectionIndex="0" pointIndex="1274" originalElevation="459.6" isOriginalElevationFromOSM="true"><ele>458.1</ele></trkpt>
<trkpt lat="37.854190" lon="127.268290" sectionIndex="0" pointIndex="1275" originalElevation="454.3" isOriginalElevationFromOSM="true"><ele>453.8</ele></trkpt>
<trkpt lat="37.854200" lon="127.268390" sectionIndex="0" pointIndex="1276" originalElevation="452.0" isOriginalElevationFromOSM="true"><ele>449.5</ele></trkpt>
<trkpt lat="37.854610" lon="127.269580" sectionIndex="0" pointIndex="1277" originalElevation="441.8" isOriginalElevationFromOSM="true"><ele>445.4</ele></trkpt>
<trkpt lat="37.854640" lon="127.269800" sectionIndex="0" pointIndex="1278" originalElevation="440.0" isOriginalElevationFromOSM="true"><ele>441.9</ele></trkpt>
<trkpt lat="37.854620" lon="127.269850" sectionIndex="0" pointIndex="1279" originalElevation="438.8" isOriginalElevationFromOSM="true"><ele>438.2</ele></trkpt>
<trkpt lat="37.854590" lon="127.269890" sectionIndex="0" pointIndex="1280" originalElevation="437.0" isOriginalElevationFromOSM="true"><ele>436.3</ele></trkpt>
<trkpt lat="37.854510" lon="127.269910" sectionIndex="0" pointIndex="1281" originalElevation="433.5" isOriginalElevationFromOSM="true"><ele>433.4</ele></trkpt>
<trkpt lat="37.854470" lon="127.269900" sectionIndex="0" pointIndex="1282" originalElevation="432.1" isOriginalElevationFromOSM="true"><ele>430.9</ele></trkpt>
<trkpt lat="37.854130" lon="127.269510" sectionIndex="0" pointIndex="1283" originalElevation="425.6" isOriginalElevationFromOSM="true"><ele>428.9</ele></trkpt>
<trkpt lat="37.854040" lon="127.269460" sectionIndex="0" pointIndex="1284" originalElevation="426.4" isOriginalElevationFromOSM="true"><ele>427.6</ele></trkpt>
<trkpt lat="37.853960" lon="127.269440" sectionIndex="0" pointIndex="1285" originalElevation="426.8" isOriginalElevationFromOSM="true"><ele>426.4</ele></trkpt>
<trkpt lat="37.853620" lon="127.269430" sectionIndex="0" pointIndex="1286" originalElevation="427.0" isOriginalElevationFromOSM="true"><ele>426.1</ele></trkpt>
<trkpt lat="37.853300" lon="127.269470" sectionIndex="0" pointIndex="1287" originalElevation="426.2" isOriginalElevationFromOSM="true"><ele>425.2</ele></trkpt>
<trkpt lat="37.853140" lon="127.269520" sectionIndex="0" pointIndex="1288" originalElevation="424.2" isOriginalElevationFromOSM="true"><ele>423.6</ele></trkpt>
<trkpt lat="37.853050" lon="127.269600" sectionIndex="0" pointIndex="1289" originalElevation="421.8" isOriginalElevationFromOSM="true"><ele>421.6</ele></trkpt>
<trkpt lat="37.853020" lon="127.269710" sectionIndex="0" pointIndex="1290" originalElevation="418.7" isOriginalElevationFromOSM="true"><ele>419.4</ele></trkpt>
<trkpt lat="37.853020" lon="127.269780" sectionIndex="0" pointIndex="1291" originalElevation="416.9" isOriginalElevationFromOSM="true"><ele>417.3</ele></trkpt>
<trkpt lat="37.853050" lon="127.269840" sectionIndex="0" pointIndex="1292" originalElevation="415.3" isOriginalElevationFromOSM="true"><ele>416.0</ele></trkpt>
<trkpt lat="37.853150" lon="127.269890" sectionIndex="0" pointIndex="1293" originalElevation="413.9" isOriginalElevationFromOSM="true"><ele>415.2</ele></trkpt>
<trkpt lat="37.853570" lon="127.269910" sectionIndex="0" pointIndex="1294" originalElevation="415.2" isOriginalElevationFromOSM="true"><ele>414.6</ele></trkpt>
<trkpt lat="37.853710" lon="127.269980" sectionIndex="0" pointIndex="1295" originalElevation="414.6" isOriginalElevationFromOSM="true"><ele>414.3</ele></trkpt>
<trkpt lat="37.853800" lon="127.270100" sectionIndex="0" pointIndex="1296" originalElevation="414.0" isOriginalElevationFromOSM="true"><ele>413.3</ele></trkpt>
<trkpt lat="37.853820" lon="127.270180" sectionIndex="0" pointIndex="1297" originalElevation="413.6" isOriginalElevationFromOSM="true"><ele>411.4</ele></trkpt>
<trkpt lat="37.853780" lon="127.270610" sectionIndex="0" pointIndex="1298" originalElevation="409.3" isOriginalElevationFromOSM="true"><ele>409.2</ele></trkpt>
<trkpt lat="37.853700" lon="127.270800" sectionIndex="0" pointIndex="1299" originalElevation="405.5" isOriginalElevationFromOSM="true"><ele>406.4</ele></trkpt>
<trkpt lat="37.853660" lon="127.270860" sectionIndex="0" pointIndex="1300" originalElevation="403.4" isOriginalElevationFromOSM="true"><ele>403.3</ele></trkpt>
<trkpt lat="37.853590" lon="127.270900" sectionIndex="0" pointIndex="1301" originalElevation="400.4" isOriginalElevationFromOSM="true"><ele>400.1</ele></trkpt>
<trkpt lat="37.853510" lon="127.270920" sectionIndex="0" pointIndex="1302" originalElevation="397.7" isOriginalElevationFromOSM="true"><ele>397.7</ele></trkpt>
<trkpt lat="37.853210" lon="127.270820" sectionIndex="0" pointIndex="1303" originalElevation="393.7" isOriginalElevationFromOSM="true"><ele>393.6</ele></trkpt>
<trkpt lat="37.853170" lon="127.270820" sectionIndex="0" pointIndex="1304" originalElevation="393.1" isOriginalElevationFromOSM="true"><ele>388.7</ele></trkpt>
<trkpt lat="37.852810" lon="127.271000" sectionIndex="0" pointIndex="1305" originalElevation="383.2" isOriginalElevationFromOSM="true"><ele>383.9</ele></trkpt>
<trkpt lat="37.852580" lon="127.271150" sectionIndex="0" pointIndex="1306" originalElevation="375.7" isOriginalElevationFromOSM="true"><ele>379.6</ele></trkpt>
<trkpt lat="37.852490" lon="127.271170" sectionIndex="0" pointIndex="1307" originalElevation="373.6" isOriginalElevationFromOSM="true"><ele>375.3</ele></trkpt>
<trkpt lat="37.852370" lon="127.271180" sectionIndex="0" pointIndex="1308" originalElevation="372.5" isOriginalElevationFromOSM="true"><ele>373.1</ele></trkpt>
<trkpt lat="37.852200" lon="127.271150" sectionIndex="0" pointIndex="1309" originalElevation="371.6" isOriginalElevationFromOSM="true"><ele>372.5</ele></trkpt>
<trkpt lat="37.852090" lon="127.271090" sectionIndex="0" pointIndex="1310" originalElevation="372.0" isOriginalElevationFromOSM="true"><ele>372.5</ele></trkpt>
<trkpt lat="37.852030" lon="127.271040" sectionIndex="0" pointIndex="1311" originalElevation="372.6" isOriginalElevationFromOSM="true"><ele>373.3</ele></trkpt>
<trkpt lat="37.851990" lon="127.270960" sectionIndex="0" pointIndex="1312" originalElevation="373.7" isOriginalElevationFromOSM="true"><ele>374.6</ele></trkpt>
<trkpt lat="37.851920" lon="127.270790" sectionIndex="0" pointIndex="1313" originalElevation="376.7" isOriginalElevationFromOSM="true"><ele>375.7</ele></trkpt>
<trkpt lat="37.851870" lon="127.270710" sectionIndex="0" pointIndex="1314" originalElevation="377.8" isOriginalElevationFromOSM="true"><ele>376.4</ele></trkpt>
<trkpt lat="37.851800" lon="127.270670" sectionIndex="0" pointIndex="1315" originalElevation="377.6" isOriginalElevationFromOSM="true"><ele>376.9</ele></trkpt>
<trkpt lat="37.851690" lon="127.270640" sectionIndex="0" pointIndex="1316" originalElevation="376.4" isOriginalElevationFromOSM="true"><ele>376.9</ele></trkpt>
<trkpt lat="37.851640" lon="127.270680" sectionIndex="0" pointIndex="1317" originalElevation="375.8" isOriginalElevationFromOSM="true"><ele>376.7</ele></trkpt>
<trkpt lat="37.851450" lon="127.270880" sectionIndex="0" pointIndex="1318" originalElevation="377.0" isOriginalElevationFromOSM="true"><ele>376.2</ele></trkpt>
<trkpt lat="37.851360" lon="127.271020" sectionIndex="0" pointIndex="1319" originalElevation="376.8" isOriginalElevationFromOSM="true"><ele>375.6</ele></trkpt>
<trkpt lat="37.851310" lon="127.271210" sectionIndex="0" pointIndex="1320" originalElevation="374.9" isOriginalElevationFromOSM="true"><ele>374.1</ele></trkpt>
<trkpt lat="37.851300" lon="127.271320" sectionIndex="0" pointIndex="1321" originalElevation="373.3" isOriginalElevationFromOSM="true"><ele>371.8</ele></trkpt>
<trkpt lat="37.851320" lon="127.271540" sectionIndex="0" pointIndex="1322" originalElevation="368.7" isOriginalElevationFromOSM="true"><ele>368.6</ele></trkpt>
<trkpt lat="37.851360" lon="127.271680" sectionIndex="0" pointIndex="1323" originalElevation="365.5" isOriginalElevationFromOSM="true"><ele>364.2</ele></trkpt>
<trkpt lat="37.851480" lon="127.271960" sectionIndex="0" pointIndex="1324" originalElevation="360.4" isOriginalElevationFromOSM="true"><ele>359.9</ele></trkpt>
<trkpt lat="37.851750" lon="127.272430" sectionIndex="0" pointIndex="1325" originalElevation="353.1" isOriginalElevationFromOSM="true"><ele>356.2</ele></trkpt>
<trkpt lat="37.851780" lon="127.272520" sectionIndex="0" pointIndex="1326" originalElevation="352.0" isOriginalElevationFromOSM="true"><ele>352.9</ele></trkpt>
<trkpt lat="37.851790" lon="127.272690" sectionIndex="0" pointIndex="1327" originalElevation="349.8" isOriginalElevationFromOSM="true"><ele>350.2</ele></trkpt>
<trkpt lat="37.851630" lon="127.272970" sectionIndex="0" pointIndex="1328" originalElevation="349.2" isOriginalElevationFromOSM="true"><ele>348.7</ele></trkpt>
<trkpt lat="37.851500" lon="127.273270" sectionIndex="0" pointIndex="1329" originalElevation="346.9" isOriginalElevationFromOSM="true"><ele>347.2</ele></trkpt>
<trkpt lat="37.851460" lon="127.273330" sectionIndex="0" pointIndex="1330" originalElevation="345.6" isOriginalElevationFromOSM="true"><ele>345.6</ele></trkpt>
<trkpt lat="37.851350" lon="127.273480" sectionIndex="0" pointIndex="1331" originalElevation="344.4" isOriginalElevationFromOSM="true"><ele>343.7</ele></trkpt>
<trkpt lat="37.851080" lon="127.273780" sectionIndex="0" pointIndex="1332" originalElevation="341.8" isOriginalElevationFromOSM="true"><ele>341.9</ele></trkpt>
<trkpt lat="37.850950" lon="127.274000" sectionIndex="0" pointIndex="1333" originalElevation="339.8" isOriginalElevationFromOSM="true"><ele>340.4</ele></trkpt>
<trkpt lat="37.850720" lon="127.274600" sectionIndex="0" pointIndex="1334" originalElevation="338.1" isOriginalElevationFromOSM="true"><ele>338.5</ele></trkpt>
<trkpt lat="37.850690" lon="127.274930" sectionIndex="0" pointIndex="1335" originalElevation="337.7" isOriginalElevationFromOSM="true"><ele>336.0</ele></trkpt>
<trkpt lat="37.850630" lon="127.275340" sectionIndex="0" pointIndex="1336" originalElevation="335.3" isOriginalElevationFromOSM="true"><ele>333.1</ele></trkpt>
<trkpt lat="37.850620" lon="127.275980" sectionIndex="0" pointIndex="1337" originalElevation="329.0" isOriginalElevationFromOSM="true"><ele>330.2</ele></trkpt>
<trkpt lat="37.850600" lon="127.276260" sectionIndex="0" pointIndex="1338" originalElevation="325.4" isOriginalElevationFromOSM="true"><ele>327.0</ele></trkpt>
<trkpt lat="37.850550" lon="127.276400" sectionIndex="0" pointIndex="1339" originalElevation="323.5" isOriginalElevationFromOSM="true"><ele>323.9</ele></trkpt>
<trkpt lat="37.850470" lon="127.276540" sectionIndex="0" pointIndex="1340" originalElevation="321.7" isOriginalElevationFromOSM="true"><ele>320.0</ele></trkpt>
<trkpt lat="37.850320" lon="127.276660" sectionIndex="0" pointIndex="1341" originalElevation="320.1" isOriginalElevationFromOSM="true"><ele>316.4</ele></trkpt>
<trkpt lat="37.849770" lon="127.277480" sectionIndex="0" pointIndex="1342" originalElevation="309.2" isOriginalElevationFromOSM="true"><ele>312.4</ele></trkpt>
<trkpt lat="37.849400" lon="127.278100" sectionIndex="0" pointIndex="1343" originalElevation="307.3" isOriginalElevationFromOSM="true"><ele>307.4</ele></trkpt>
<trkpt lat="37.848830" lon="127.279020" sectionIndex="0" pointIndex="1344" originalElevation="303.9" isOriginalElevationFromOSM="true"><ele>302.4</ele></trkpt>
<trkpt lat="37.847970" lon="127.280340" sectionIndex="0" pointIndex="1345" originalElevation="296.6" isOriginalElevationFromOSM="true"><ele>299.6</ele></trkpt>
<trkpt lat="37.847660" lon="127.280870" sectionIndex="0" pointIndex="1346" originalElevation="295.2" isOriginalElevationFromOSM="true"><ele>297.1</ele></trkpt>
<trkpt lat="37.847100" lon="127.281660" sectionIndex="0" pointIndex="1347" originalElevation="294.9" isOriginalElevationFromOSM="true"><ele>293.4</ele></trkpt>
<trkpt lat="37.846910" lon="127.281970" sectionIndex="0" pointIndex="1348" originalElevation="295.0" isOriginalElevationFromOSM="true"><ele>291.3</ele></trkpt>
<trkpt lat="37.845820" lon="127.283520" sectionIndex="0" pointIndex="1349" originalElevation="285.4" isOriginalElevationFromOSM="true"><ele>289.1</ele></trkpt>
<trkpt lat="37.845440" lon="127.283970" sectionIndex="0" pointIndex="1350" originalElevation="286.2" isOriginalElevationFromOSM="true"><ele>286.7</ele></trkpt>
<trkpt lat="37.844560" lon="127.284820" sectionIndex="0" pointIndex="1351" originalElevation="284.0" isOriginalElevationFromOSM="true"><ele>284.1</ele></trkpt>
<trkpt lat="37.843340" lon="127.285810" sectionIndex="0" pointIndex="1352" originalElevation="283.1" isOriginalElevationFromOSM="true"><ele>283.5</ele></trkpt>
<trkpt lat="37.842285" lon="127.286426" sectionIndex="0" pointIndex="1353" originalElevation="282.0" isOriginalElevationFromOSM="false"><ele>282.6</ele></trkpt>
<trkpt lat="37.842242" lon="127.286444" sectionIndex="0" pointIndex="1354" originalElevation="282.0" isOriginalElevationFromOSM="false"><ele>282.2</ele></trkpt>
<trkpt lat="37.842200" lon="127.286463" sectionIndex="0" pointIndex="1355" originalElevation="282.0" isOriginalElevationFromOSM="false"><ele>282.0</ele></trkpt>
<trkpt lat="37.842157" lon="127.286482" sectionIndex="0" pointIndex="1356" originalElevation="282.0" isOriginalElevationFromOSM="false"><ele>282.0</ele></trkpt>
<trkpt lat="37.842115" lon="127.286501" sectionIndex="0" pointIndex="1357" originalElevation="282.0" isOriginalElevationFromOSM="false"><ele>282.0</ele></trkpt>
<trkpt lat="37.842073" lon="127.286520" sectionIndex="0" pointIndex="1358" originalElevation="282.0" isOriginalElevationFromOSM="false"><ele>282.0</ele></trkpt>
<trkpt lat="37.842030" lon="127.286539" sectionIndex="0" pointIndex="1359" originalElevation="282.0" isOriginalElevationFromOSM="false"><ele>282.0</ele></trkpt>
<trkpt lat="37.841988" lon="127.286558" sectionIndex="0" pointIndex="1360" originalElevation="282.0" isOriginalElevationFromOSM="false"><ele>282.0</ele></trkpt>
<trkpt lat="37.841946" lon="127.286576" sectionIndex="0" pointIndex="1361" originalElevation="282.0" isOriginalElevationFromOSM="false"><ele>282.0</ele></trkpt>
<trkpt lat="37.841903" lon="127.286595" sectionIndex="0" pointIndex="1362" originalElevation="282.0" isOriginalElevationFromOSM="false"><ele>282.0</ele></trkpt>
<trkpt lat="37.841861" lon="127.286614" sectionIndex="0" pointIndex="1363" originalElevation="282.0" isOriginalElevationFromOSM="false"><ele>282.0</ele></trkpt>
<trkpt lat="37.841818" lon="127.286633" sectionIndex="0" pointIndex="1364" originalElevation="282.0" isOriginalElevationFromOSM="false"><ele>282.0</ele></trkpt>
<trkpt lat="37.841776" lon="127.286652" sectionIndex="0" pointIndex="1365" originalElevation="282.0" isOriginalElevationFromOSM="false"><ele>282.0</ele></trkpt>
<trkpt lat="37.841734" lon="127.286671" sectionIndex="0" pointIndex="1366" originalElevation="282.0" isOriginalElevationFromOSM="false"><ele>279.8</ele></trkpt>
<trkpt lat="37.841691" lon="127.286690" sectionIndex="0" pointIndex="1367" originalElevation="282.0" isOriginalElevationFromOSM="false"><ele>277.6</ele></trkpt>
<trkpt lat="37.841649" lon="127.286708" sectionIndex="0" pointIndex="1368" originalElevation="271.0" isOriginalElevationFromOSM="false"><ele>275.4</ele></trkpt>
<trkpt lat="37.841607" lon="127.286727" sectionIndex="0" pointIndex="1369" originalElevation="271.0" isOriginalElevationFromOSM="false"><ele>273.2</ele></trkpt>
<trkpt lat="37.841564" lon="127.286746" sectionIndex="0" pointIndex="1370" originalElevation="271.0" isOriginalElevationFromOSM="false"><ele>271.0</ele></trkpt>
<trkpt lat="37.841522" lon="127.286765" sectionIndex="0" pointIndex="1371" originalElevation="271.0" isOriginalElevationFromOSM="false"><ele>271.0</ele></trkpt>
<trkpt lat="37.841479" lon="127.286784" sectionIndex="0" pointIndex="1372" originalElevation="271.0" isOriginalElevationFromOSM="false"><ele>271.0</ele></trkpt>
<trkpt lat="37.841437" lon="127.286803" sectionIndex="0" pointIndex="1373" originalElevation="271.0" isOriginalElevationFromOSM="false"><ele>271.0</ele></trkpt>
<trkpt lat="37.841395" lon="127.286822" sectionIndex="0" pointIndex="1374" originalElevation="271.0" isOriginalElevationFromOSM="false"><ele>271.0</ele></trkpt>
<trkpt lat="37.841352" lon="127.286841" sectionIndex="0" pointIndex="1375" originalElevation="271.0" isOriginalElevationFromOSM="false"><ele>271.0</ele></trkpt>
<trkpt lat="37.841310" lon="127.286859" sectionIndex="0" pointIndex="1376" originalElevation="271.0" isOriginalElevationFromOSM="false"><ele>271.0</ele></trkpt>
<trkpt lat="37.841268" lon="127.286878" sectionIndex="0" pointIndex="1377" originalElevation="271.0" isOriginalElevationFromOSM="false"><ele>271.0</ele></trkpt>
<trkpt lat="37.841225" lon="127.286897" sectionIndex="0" pointIndex="1378" originalElevation="271.0" isOriginalElevationFromOSM="false"><ele>271.0</ele></trkpt>
<trkpt lat="37.841183" lon="127.286916" sectionIndex="0" pointIndex="1379" originalElevation="271.0" isOriginalElevationFromOSM="false"><ele>271.0</ele></trkpt>
<trkpt lat="37.841140" lon="127.286935" sectionIndex="0" pointIndex="1380" originalElevation="271.0" isOriginalElevationFromOSM="false"><ele>271.0</ele></trkpt>
<trkpt lat="37.841098" lon="127.286954" sectionIndex="0" pointIndex="1381" originalElevation="271.0" isOriginalElevationFromOSM="false"><ele>271.0</ele></trkpt>
<trkpt lat="37.841056" lon="127.286973" sectionIndex="0" pointIndex="1382" originalElevation="271.0" isOriginalElevationFromOSM="false"><ele>271.0</ele></trkpt>
<trkpt lat="37.841039" lon="127.286980" sectionIndex="0" pointIndex="1383" originalElevation="271.0" isOriginalElevationFromOSM="false"><ele>271.0</ele></trkpt>
<trkpt lat="37.841000" lon="127.286952" sectionIndex="0" pointIndex="1384" originalElevation="271.0" isOriginalElevationFromOSM="false"><ele>271.0</ele></trkpt>
<trkpt lat="37.840961" lon="127.286923" sectionIndex="0" pointIndex="1385" originalElevation="271.0" isOriginalElevationFromOSM="false"><ele>271.0</ele></trkpt>
<trkpt lat="37.840922" lon="127.286894" sectionIndex="0" pointIndex="1386" originalElevation="271.0" isOriginalElevationFromOSM="false"><ele>271.0</ele></trkpt>
<trkpt lat="37.840883" lon="127.286866" sectionIndex="0" pointIndex="1387" originalElevation="271.0" isOriginalElevationFromOSM="false"><ele>271.0</ele></trkpt>
<trkpt lat="37.840845" lon="127.286837" sectionIndex="0" pointIndex="1388" originalElevation="271.0" isOriginalElevationFromOSM="false"><ele>271.0</ele></trkpt>
<trkpt lat="37.840806" lon="127.286809" sectionIndex="0" pointIndex="1389" originalElevation="271.0" isOriginalElevationFromOSM="false"><ele>271.0</ele></trkpt>
<trkpt lat="37.840767" lon="127.286780" sectionIndex="0" pointIndex="1390" originalElevation="271.0" isOriginalElevationFromOSM="false"><ele>271.0</ele></trkpt>
<trkpt lat="37.840728" lon="127.286752" sectionIndex="0" pointIndex="1391" originalElevation="271.0" isOriginalElevationFromOSM="false"><ele>271.0</ele></trkpt>
<trkpt lat="37.840696" lon="127.286728" sectionIndex="0" pointIndex="1392" originalElevation="271.0" isOriginalElevationFromOSM="false"><ele>271.0</ele></trkpt>
<trkpt lat="37.840651" lon="127.286737" sectionIndex="0" pointIndex="1393" originalElevation="271.0" isOriginalElevationFromOSM="false"><ele>271.0</ele></trkpt>
<trkpt lat="37.840607" lon="127.286747" sectionIndex="0" pointIndex="1394" originalElevation="271.0" isOriginalElevationFromOSM="false"><ele>271.0</ele></trkpt>
<trkpt lat="37.840563" lon="127.286756" sectionIndex="0" pointIndex="1395" originalElevation="271.0" isOriginalElevationFromOSM="false"><ele>271.0</ele></trkpt>
<trkpt lat="37.840518" lon="127.286765" sectionIndex="0" pointIndex="1396" originalElevation="271.0" isOriginalElevationFromOSM="false"><ele>271.0</ele></trkpt>
<trkpt lat="37.840474" lon="127.286774" sectionIndex="0" pointIndex="1397" originalElevation="271.0" isOriginalElevationFromOSM="false"><ele>271.0</ele></trkpt>
<trkpt lat="37.840430" lon="127.286784" sectionIndex="0" pointIndex="1398" originalElevation="271.0" isOriginalElevationFromOSM="false"><ele>271.0</ele></trkpt>
<trkpt lat="37.840386" lon="127.286793" sectionIndex="0" pointIndex="1399" originalElevation="271.0" isOriginalElevationFromOSM="false"><ele>271.0</ele></trkpt>
<trkpt lat="37.840341" lon="127.286802" sectionIndex="0" pointIndex="1400" originalElevation="271.0" isOriginalElevationFromOSM="false"><ele>271.0</ele></trkpt>
<trkpt lat="37.840297" lon="127.286811" sectionIndex="0" pointIndex="1401" originalElevation="271.0" isOriginalElevationFromOSM="false"><ele>271.0</ele></trkpt>
<trkpt lat="37.840253" lon="127.286821" sectionIndex="0" pointIndex="1402" originalElevation="271.0" isOriginalElevationFromOSM="false"><ele>271.0</ele></trkpt>
<trkpt lat="37.840208" lon="127.286830" sectionIndex="0" pointIndex="1403" originalElevation="271.0" isOriginalElevationFromOSM="false"><ele>271.0</ele></trkpt>
<trkpt lat="37.840164" lon="127.286839" sectionIndex="0" pointIndex="1404" originalElevation="271.0" isOriginalElevationFromOSM="false"><ele>271.0</ele></trkpt>
<trkpt lat="37.840120" lon="127.286848" sectionIndex="0" pointIndex="1405" originalElevation="271.0" isOriginalElevationFromOSM="false"><ele>271.0</ele></trkpt>
<trkpt lat="37.840075" lon="127.286858" sectionIndex="0" pointIndex="1406" originalElevation="271.0" isOriginalElevationFromOSM="false"><ele>271.0</ele></trkpt>
<trkpt lat="37.840031" lon="127.286867" sectionIndex="0" pointIndex="1407" originalElevation="271.0" isOriginalElevationFromOSM="false"><ele>271.0</ele></trkpt>
<trkpt lat="37.839987" lon="127.286876" sectionIndex="0" pointIndex="1408" originalElevation="271.0" isOriginalElevationFromOSM="false"><ele>271.0</ele></trkpt>
<trkpt lat="37.839942" lon="127.286886" sectionIndex="0" pointIndex="1409" originalElevation="271.0" isOriginalElevationFromOSM="false"><ele>271.0</ele></trkpt>
<trkpt lat="37.839898" lon="127.286895" sectionIndex="0" pointIndex="1410" originalElevation="271.0" isOriginalElevationFromOSM="false"><ele>271.0</ele></trkpt>
<trkpt lat="37.839854" lon="127.286904" sectionIndex="0" pointIndex="1411" originalElevation="271.0" isOriginalElevationFromOSM="false"><ele>271.0</ele></trkpt>
<trkpt lat="37.839809" lon="127.286913" sectionIndex="0" pointIndex="1412" originalElevation="271.0" isOriginalElevationFromOSM="false"><ele>271.0</ele></trkpt>
<trkpt lat="37.839765" lon="127.286923" sectionIndex="0" pointIndex="1413" originalElevation="271.0" isOriginalElevationFromOSM="false"><ele>271.0</ele></trkpt>
<trkpt lat="37.839721" lon="127.286932" sectionIndex="0" pointIndex="1414" originalElevation="271.0" isOriginalElevationFromOSM="false"><ele>271.0</ele></trkpt>
<trkpt lat="37.839676" lon="127.286941" sectionIndex="0" pointIndex="1415" originalElevation="271.0" isOriginalElevationFromOSM="false"><ele>271.0</ele></trkpt>
<trkpt lat="37.839632" lon="127.286950" sectionIndex="0" pointIndex="1416" originalElevation="271.0" isOriginalElevationFromOSM="false"><ele>271.2</ele></trkpt>
<trkpt lat="37.839588" lon="127.286960" sectionIndex="0" pointIndex="1417" originalElevation="271.0" isOriginalElevationFromOSM="false"><ele>271.4</ele></trkpt>
<trkpt lat="37.839544" lon="127.286969" sectionIndex="0" pointIndex="1418" originalElevation="272.0" isOriginalElevationFromOSM="false"><ele>271.6</ele></trkpt>
<trkpt lat="37.839499" lon="127.286978" sectionIndex="0" pointIndex="1419" originalElevation="272.0" isOriginalElevationFromOSM="false"><ele>271.8</ele></trkpt>
<trkpt lat="37.839455" lon="127.286988" sectionIndex="0" pointIndex="1420" originalElevation="272.0" isOriginalElevationFromOSM="false"><ele>272.0</ele></trkpt>
<trkpt lat="37.839411" lon="127.286997" sectionIndex="0" pointIndex="1421" originalElevation="272.0" isOriginalElevationFromOSM="false"><ele>272.0</ele></trkpt>
<trkpt lat="37.839366" lon="127.287006" sectionIndex="0" pointIndex="1422" originalElevation="272.0" isOriginalElevationFromOSM="false"><ele>272.0</ele></trkpt>
<trkpt lat="37.839322" lon="127.287015" sectionIndex="0" pointIndex="1423" originalElevation="272.0" isOriginalElevationFromOSM="false"><ele>272.0</ele></trkpt>
<trkpt lat="37.839278" lon="127.287025" sectionIndex="0" pointIndex="1424" originalElevation="272.0" isOriginalElevationFromOSM="false"><ele>272.0</ele></trkpt>
<trkpt lat="37.839260" lon="127.287028" sectionIndex="0" pointIndex="1425" originalElevation="272.0" isOriginalElevationFromOSM="false"><ele>272.0</ele></trkpt>
<trkpt lat="37.839244" lon="127.287082" sectionIndex="0" pointIndex="1426" originalElevation="272.0" isOriginalElevationFromOSM="false"><ele>272.0</ele></trkpt>
<trkpt lat="37.839229" lon="127.287135" sectionIndex="0" pointIndex="1427" originalElevation="272.0" isOriginalElevationFromOSM="false"><ele>272.0</ele></trkpt>
<trkpt lat="37.839214" lon="127.287189" sectionIndex="0" pointIndex="1428" originalElevation="272.0" isOriginalElevationFromOSM="false"><ele>272.0</ele></trkpt>
<trkpt lat="37.839199" lon="127.287242" sectionIndex="0" pointIndex="1429" originalElevation="272.0" isOriginalElevationFromOSM="false"><ele>272.0</ele></trkpt>
<trkpt lat="37.839183" lon="127.287296" sectionIndex="0" pointIndex="1430" originalElevation="272.0" isOriginalElevationFromOSM="false"><ele>272.0</ele></trkpt>
<trkpt lat="37.839168" lon="127.287349" sectionIndex="0" pointIndex="1431" originalElevation="272.0" isOriginalElevationFromOSM="false"><ele>272.0</ele></trkpt>
<trkpt lat="37.839153" lon="127.287403" sectionIndex="0" pointIndex="1432" originalElevation="272.0" isOriginalElevationFromOSM="false"><ele>272.2</ele></trkpt>
<trkpt lat="37.839138" lon="127.287456" sectionIndex="0" pointIndex="1433" originalElevation="272.0" isOriginalElevationFromOSM="false"><ele>272.4</ele></trkpt>
<trkpt lat="37.839122" lon="127.287510" sectionIndex="0" pointIndex="1434" originalElevation="273.0" isOriginalElevationFromOSM="false"><ele>272.6</ele></trkpt>
<trkpt lat="37.839107" lon="127.287563" sectionIndex="0" pointIndex="1435" originalElevation="273.0" isOriginalElevationFromOSM="false"><ele>272.8</ele></trkpt>
<trkpt lat="37.839092" lon="127.287617" sectionIndex="0" pointIndex="1436" originalElevation="273.0" isOriginalElevationFromOSM="false"><ele>273.0</ele></trkpt>
<trkpt lat="37.839076" lon="127.287670" sectionIndex="0" pointIndex="1437" originalElevation="273.0" isOriginalElevationFromOSM="false"><ele>273.0</ele></trkpt>
<trkpt lat="37.839061" lon="127.287724" sectionIndex="0" pointIndex="1438" originalElevation="273.0" isOriginalElevationFromOSM="false"><ele>273.0</ele></trkpt>
<trkpt lat="37.839046" lon="127.287777" sectionIndex="0" pointIndex="1439" originalElevation="273.0" isOriginalElevationFromOSM="false"><ele>273.0</ele></trkpt>
<trkpt lat="37.839031" lon="127.287831" sectionIndex="0" pointIndex="1440" originalElevation="273.0" isOriginalElevationFromOSM="false"><ele>273.0</ele></trkpt>
<trkpt lat="37.839015" lon="127.287884" sectionIndex="0" pointIndex="1441" originalElevation="273.0" isOriginalElevationFromOSM="false"><ele>273.0</ele></trkpt>
<trkpt lat="37.839000" lon="127.287938" sectionIndex="0" pointIndex="1442" originalElevation="273.0" isOriginalElevationFromOSM="false"><ele>273.0</ele></trkpt>
<trkpt lat="37.838985" lon="127.287991" sectionIndex="0" pointIndex="1443" originalElevation="273.0" isOriginalElevationFromOSM="false"><ele>273.0</ele></trkpt>
<trkpt lat="37.838984" lon="127.287994" sectionIndex="0" pointIndex="1444" originalElevation="273.0" isOriginalElevationFromOSM="false"><ele>273.0</ele></trkpt>
<trkpt lat="37.838939" lon="127.287999" sectionIndex="0" pointIndex="1445" originalElevation="273.0" isOriginalElevationFromOSM="false"><ele>273.0</ele></trkpt>
<trkpt lat="37.838895" lon="127.288004" sectionIndex="0" pointIndex="1446" originalElevation="273.0" isOriginalElevationFromOSM="false"><ele>273.0</ele></trkpt>
<trkpt lat="37.838850" lon="127.288009" sectionIndex="0" pointIndex="1447" originalElevation="273.0" isOriginalElevationFromOSM="false"><ele>273.0</ele></trkpt>
<trkpt lat="37.838805" lon="127.288014" sectionIndex="0" pointIndex="1448" originalElevation="273.0" isOriginalElevationFromOSM="false"><ele>273.0</ele></trkpt>
<trkpt lat="37.838760" lon="127.288018" sectionIndex="0" pointIndex="1449" originalElevation="273.0" isOriginalElevationFromOSM="false"><ele>273.0</ele></trkpt>
<trkpt lat="37.838716" lon="127.288023" sectionIndex="0" pointIndex="1450" originalElevation="273.0" isOriginalElevationFromOSM="false"><ele>273.0</ele></trkpt>
<trkpt lat="37.838671" lon="127.288028" sectionIndex="0" pointIndex="1451" originalElevation="273.0" isOriginalElevationFromOSM="false"><ele>273.0</ele></trkpt>
<trkpt lat="37.838626" lon="127.288033" sectionIndex="0" pointIndex="1452" originalElevation="273.0" isOriginalElevationFromOSM="false"><ele>273.0</ele></trkpt>
<trkpt lat="37.838581" lon="127.288038" sectionIndex="0" pointIndex="1453" originalElevation="273.0" isOriginalElevationFromOSM="false"><ele>273.0</ele></trkpt>
<trkpt lat="37.838537" lon="127.288043" sectionIndex="0" pointIndex="1454" originalElevation="273.0" isOriginalElevationFromOSM="false"><ele>273.0</ele></trkpt>
<trkpt lat="37.838492" lon="127.288048" sectionIndex="0" pointIndex="1455" originalElevation="273.0" isOriginalElevationFromOSM="false"><ele>273.0</ele></trkpt>
<trkpt lat="37.838447" lon="127.288053" sectionIndex="0" pointIndex="1456" originalElevation="273.0" isOriginalElevationFromOSM="false"><ele>273.0</ele></trkpt>
<trkpt lat="37.838402" lon="127.288058" sectionIndex="0" pointIndex="1457" originalElevation="273.0" isOriginalElevationFromOSM="false"><ele>273.0</ele></trkpt>
<trkpt lat="37.838358" lon="127.288063" sectionIndex="0" pointIndex="1458" originalElevation="273.0" isOriginalElevationFromOSM="false"><ele>273.0</ele></trkpt>
<trkpt lat="37.838313" lon="127.288067" sectionIndex="0" pointIndex="1459" originalElevation="273.0" isOriginalElevationFromOSM="false"><ele>273.0</ele></trkpt>
<trkpt lat="37.838279" lon="127.288071" sectionIndex="0" pointIndex="1460" originalElevation="273.0" isOriginalElevationFromOSM="false"><ele>273.0</ele></trkpt>
<trkpt lat="37.838234" lon="127.288067" sectionIndex="0" pointIndex="1461" originalElevation="273.0" isOriginalElevationFromOSM="false"><ele>273.0</ele></trkpt>
<trkpt lat="37.838189" lon="127.288063" sectionIndex="0" pointIndex="1462" originalElevation="273.0" isOriginalElevationFromOSM="false"><ele>273.0</ele></trkpt>
<trkpt lat="37.838144" lon="127.288059" sectionIndex="0" pointIndex="1463" originalElevation="273.0" isOriginalElevationFromOSM="false"><ele>273.0</ele></trkpt>
<trkpt lat="37.838100" lon="127.288055" sectionIndex="0" pointIndex="1464" originalElevation="273.0" isOriginalElevationFromOSM="false"><ele>273.0</ele></trkpt>
<trkpt lat="37.838055" lon="127.288051" sectionIndex="0" pointIndex="1465" originalElevation="273.0" isOriginalElevationFromOSM="false"><ele>273.0</ele></trkpt>
<trkpt lat="37.838010" lon="127.288046" sectionIndex="0" pointIndex="1466" originalElevation="273.0" isOriginalElevationFromOSM="false"><ele>273.0</ele></trkpt>
<trkpt lat="37.837965" lon="127.288042" sectionIndex="0" pointIndex="1467" originalElevation="273.0" isOriginalElevationFromOSM="false"><ele>273.0</ele></trkpt>
<trkpt lat="37.837920" lon="127.288038" sectionIndex="0" pointIndex="1468" originalElevation="273.0" isOriginalElevationFromOSM="false"><ele>273.0</ele></trkpt>
<trkpt lat="37.837876" lon="127.288034" sectionIndex="0" pointIndex="1469" originalElevation="273.0" isOriginalElevationFromOSM="false"><ele>273.0</ele></trkpt>
<trkpt lat="37.837831" lon="127.288030" sectionIndex="0" pointIndex="1470" originalElevation="273.0" isOriginalElevationFromOSM="false"><ele>273.0</ele></trkpt>
<trkpt lat="37.837786" lon="127.288026" sectionIndex="0" pointIndex="1471" originalElevation="273.0" isOriginalElevationFromOSM="false"><ele>273.0</ele></trkpt>
<trkpt lat="37.837741" lon="127.288022" sectionIndex="0" pointIndex="1472" originalElevation="273.0" isOriginalElevationFromOSM="false"><ele>273.0</ele></trkpt>
<trkpt lat="37.837696" lon="127.288018" sectionIndex="0" pointIndex="1473" originalElevation="273.0" isOriginalElevationFromOSM="false"><ele>273.0</ele></trkpt>
<trkpt lat="37.837652" lon="127.288013" sectionIndex="0" pointIndex="1474" originalElevation="273.0" isOriginalElevationFromOSM="false"><ele>273.0</ele></trkpt>
<trkpt lat="37.837607" lon="127.288009" sectionIndex="0" pointIndex="1475" originalElevation="273.0" isOriginalElevationFromOSM="false"><ele>273.0</ele></trkpt>
<trkpt lat="37.837562" lon="127.288005" sectionIndex="0" pointIndex="1476" originalElevation="273.0" isOriginalElevationFromOSM="false"><ele>273.0</ele></trkpt>
<trkpt lat="37.837517" lon="127.288001" sectionIndex="0" pointIndex="1477" originalElevation="273.0" isOriginalElevationFromOSM="false"><ele>273.0</ele></trkpt>
<trkpt lat="37.837472" lon="127.287997" sectionIndex="0" pointIndex="1478" originalElevation="273.0" isOriginalElevationFromOSM="false"><ele>273.0</ele></trkpt>
<trkpt lat="37.837428" lon="127.287993" sectionIndex="0" pointIndex="1479" originalElevation="273.0" isOriginalElevationFromOSM="false"><ele>273.0</ele></trkpt>
<trkpt lat="37.837383" lon="127.287989" sectionIndex="0" pointIndex="1480" originalElevation="273.0" isOriginalElevationFromOSM="false"><ele>273.0</ele></trkpt>
<trkpt lat="37.837338" lon="127.287984" sectionIndex="0" pointIndex="1481" originalElevation="273.0" isOriginalElevationFromOSM="false"><ele>273.0</ele></trkpt>
<trkpt lat="37.837293" lon="127.287980" sectionIndex="0" pointIndex="1482" originalElevation="273.0" isOriginalElevationFromOSM="false"><ele>273.0</ele></trkpt>
<trkpt lat="37.837248" lon="127.287976" sectionIndex="0" pointIndex="1483" originalElevation="273.0" isOriginalElevationFromOSM="false"><ele>273.0</ele></trkpt>
<trkpt lat="37.837204" lon="127.287972" sectionIndex="0" pointIndex="1484" originalElevation="273.0" isOriginalElevationFromOSM="false"><ele>273.0</ele></trkpt>
<trkpt lat="37.837159" lon="127.287968" sectionIndex="0" pointIndex="1485" originalElevation="273.0" isOriginalElevationFromOSM="false"><ele>273.0</ele></trkpt>
<trkpt lat="37.837114" lon="127.287964" sectionIndex="0" pointIndex="1486" originalElevation="273.0" isOriginalElevationFromOSM="false"><ele>273.0</ele></trkpt>
<trkpt lat="37.837069" lon="127.287960" sectionIndex="0" pointIndex="1487" originalElevation="273.0" isOriginalElevationFromOSM="false"><ele>273.0</ele></trkpt>
<trkpt lat="37.837024" lon="127.287956" sectionIndex="0" pointIndex="1488" originalElevation="273.0" isOriginalElevationFromOSM="false"><ele>273.0</ele></trkpt>
<trkpt lat="37.836980" lon="127.287951" sectionIndex="0" pointIndex="1489" originalElevation="273.0" isOriginalElevationFromOSM="false"><ele>273.0</ele></trkpt>
<trkpt lat="37.836940" lon="127.287948" sectionIndex="0" pointIndex="1490" originalElevation="273.0" isOriginalElevationFromOSM="false"><ele>273.0</ele></trkpt>
<trkpt lat="37.836895" lon="127.287949" sectionIndex="0" pointIndex="1491" originalElevation="273.0" isOriginalElevationFromOSM="false"><ele>273.0</ele></trkpt>
<trkpt lat="37.836850" lon="127.287950" sectionIndex="0" pointIndex="1492" originalElevation="273.0" isOriginalElevationFromOSM="false"><ele>273.0</ele></trkpt>
<trkpt lat="37.836805" lon="127.287951" sectionIndex="0" pointIndex="1493" originalElevation="273.0" isOriginalElevationFromOSM="false"><ele>273.0</ele></trkpt>
<trkpt lat="37.836760" lon="127.287952" sectionIndex="0" pointIndex="1494" originalElevation="273.0" isOriginalElevationFromOSM="false"><ele>273.0</ele></trkpt>
<trkpt lat="37.836715" lon="127.287953" sectionIndex="0" pointIndex="1495" originalElevation="273.0" isOriginalElevationFromOSM="false"><ele>273.0</ele></trkpt>
<trkpt lat="37.836670" lon="127.287954" sectionIndex="0" pointIndex="1496" originalElevation="273.0" isOriginalElevationFromOSM="false"><ele>273.0</ele></trkpt>
<trkpt lat="37.836626" lon="127.287955" sectionIndex="0" pointIndex="1497" originalElevation="273.0" isOriginalElevationFromOSM="false"><ele>273.0</ele></trkpt>
<trkpt lat="37.836581" lon="127.287956" sectionIndex="0" pointIndex="1498" originalElevation="273.0" isOriginalElevationFromOSM="false"><ele>273.0</ele></trkpt>
<trkpt lat="37.836536" lon="127.287957" sectionIndex="0" pointIndex="1499" originalElevation="273.0" isOriginalElevationFromOSM="false"><ele>273.0</ele></trkpt>
<trkpt lat="37.836491" lon="127.287958" sectionIndex="0" pointIndex="1500" originalElevation="273.0" isOriginalElevationFromOSM="false"><ele>273.0</ele></trkpt>
<trkpt lat="37.836446" lon="127.287959" sectionIndex="0" pointIndex="1501" originalElevation="273.0" isOriginalElevationFromOSM="false"><ele>273.0</ele></trkpt>
<trkpt lat="37.836401" lon="127.287960" sectionIndex="0" pointIndex="1502" originalElevation="273.0" isOriginalElevationFromOSM="false"><ele>273.0</ele></trkpt>
<trkpt lat="37.836356" lon="127.287961" sectionIndex="0" pointIndex="1503" originalElevation="273.0" isOriginalElevationFromOSM="false"><ele>273.0</ele></trkpt>
<trkpt lat="37.836311" lon="127.287962" sectionIndex="0" pointIndex="1504" originalElevation="273.0" isOriginalElevationFromOSM="false"><ele>273.0</ele></trkpt>
<trkpt lat="37.836266" lon="127.287963" sectionIndex="0" pointIndex="1505" originalElevation="273.0" isOriginalElevationFromOSM="false"><ele>273.0</ele></trkpt>
<trkpt lat="37.836228" lon="127.287964" sectionIndex="0" pointIndex="1506" originalElevation="273.0" isOriginalElevationFromOSM="false"><ele>273.0</ele></trkpt>
<trkpt lat="37.836185" lon="127.287979" sectionIndex="0" pointIndex="1507" originalElevation="273.0" isOriginalElevationFromOSM="false"><ele>273.0</ele></trkpt>
<trkpt lat="37.836142" lon="127.287994" sectionIndex="0" pointIndex="1508" originalElevation="273.0" isOriginalElevationFromOSM="false"><ele>273.0</ele></trkpt>
<trkpt lat="37.836098" lon="127.288009" sectionIndex="0" pointIndex="1509" originalElevation="273.0" isOriginalElevationFromOSM="false"><ele>273.0</ele></trkpt>
<trkpt lat="37.836055" lon="127.288024" sectionIndex="0" pointIndex="1510" originalElevation="273.0" isOriginalElevationFromOSM="false"><ele>273.0</ele></trkpt>
<trkpt lat="37.836012" lon="127.288039" sectionIndex="0" pointIndex="1511" originalElevation="273.0" isOriginalElevationFromOSM="false"><ele>273.0</ele></trkpt>
<trkpt lat="37.835968" lon="127.288054" sectionIndex="0" pointIndex="1512" originalElevation="273.0" isOriginalElevationFromOSM="false"><ele>273.0</ele></trkpt>
<trkpt lat="37.835925" lon="127.288069" sectionIndex="0" pointIndex="1513" originalElevation="273.0" isOriginalElevationFromOSM="false"><ele>273.0</ele></trkpt>
<trkpt lat="37.835882" lon="127.288084" sectionIndex="0" pointIndex="1514" originalElevation="273.0" isOriginalElevationFromOSM="false"><ele>273.0</ele></trkpt>
<trkpt lat="37.835838" lon="127.288099" sectionIndex="0" pointIndex="1515" originalElevation="273.0" isOriginalElevationFromOSM="false"><ele>273.0</ele></trkpt>
<trkpt lat="37.835795" lon="127.288114" sectionIndex="0" pointIndex="1516" originalElevation="273.0" isOriginalElevationFromOSM="false"><ele>273.0</ele></trkpt>
<trkpt lat="37.835752" lon="127.288129" sectionIndex="0" pointIndex="1517" originalElevation="273.0" isOriginalElevationFromOSM="false"><ele>273.0</ele></trkpt>
<trkpt lat="37.835708" lon="127.288144" sectionIndex="0" pointIndex="1518" originalElevation="273.0" isOriginalElevationFromOSM="false"><ele>273.0</ele></trkpt>
<trkpt lat="37.835665" lon="127.288159" sectionIndex="0" pointIndex="1519" originalElevation="273.0" isOriginalElevationFromOSM="false"><ele>273.0</ele></trkpt>
<trkpt lat="37.835622" lon="127.288174" sectionIndex="0" pointIndex="1520" originalElevation="273.0" isOriginalElevationFromOSM="false"><ele>273.0</ele></trkpt>
<trkpt lat="37.835580" lon="127.288189" sectionIndex="0" pointIndex="1521" originalElevation="273.0" isOriginalElevationFromOSM="false"><ele>273.0</ele></trkpt>
<trkpt lat="37.835542" lon="127.288218" sectionIndex="0" pointIndex="1522" originalElevation="273.0" isOriginalElevationFromOSM="false"><ele>273.0</ele></trkpt>
<trkpt lat="37.835503" lon="127.288247" sectionIndex="0" pointIndex="1523" originalElevation="273.0" isOriginalElevationFromOSM="false"><ele>273.0</ele></trkpt>
<trkpt lat="37.835465" lon="127.288277" sectionIndex="0" pointIndex="1524" originalElevation="273.0" isOriginalElevationFromOSM="false"><ele>271.0</ele></trkpt>
<trkpt lat="37.835427" lon="127.288306" sectionIndex="0" pointIndex="1525" originalElevation="273.0" isOriginalElevationFromOSM="false"><ele>269.0</ele></trkpt>
<trkpt lat="37.835388" lon="127.288335" sectionIndex="0" pointIndex="1526" originalElevation="263.0" isOriginalElevationFromOSM="false"><ele>267.0</ele></trkpt>
<trkpt lat="37.835350" lon="127.288365" sectionIndex="0" pointIndex="1527" originalElevation="263.0" isOriginalElevationFromOSM="false"><ele>265.0</ele></trkpt>
<trkpt lat="37.835311" lon="127.288394" sectionIndex="0" pointIndex="1528" originalElevation="263.0" isOriginalElevationFromOSM="false"><ele>263.0</ele></trkpt>
<trkpt lat="37.835273" lon="127.288424" sectionIndex="0" pointIndex="1529" originalElevation="263.0" isOriginalElevationFromOSM="false"><ele>263.0</ele></trkpt>
<trkpt lat="37.835234" lon="127.288453" sectionIndex="0" pointIndex="1530" originalElevation="263.0" isOriginalElevationFromOSM="false"><ele>263.0</ele></trkpt>
<trkpt lat="37.835196" lon="127.288482" sectionIndex="0" pointIndex="1531" originalElevation="263.0" isOriginalElevationFromOSM="false"><ele>263.0</ele></trkpt>
<trkpt lat="37.835157" lon="127.288512" sectionIndex="0" pointIndex="1532" originalElevation="263.0" isOriginalElevationFromOSM="false"><ele>263.0</ele></trkpt>
<trkpt lat="37.835119" lon="127.288541" sectionIndex="0" pointIndex="1533" originalElevation="263.0" isOriginalElevationFromOSM="false"><ele>263.0</ele></trkpt>
<trkpt lat="37.835080" lon="127.288571" sectionIndex="0" pointIndex="1534" originalElevation="263.0" isOriginalElevationFromOSM="false"><ele>263.0</ele></trkpt>
<trkpt lat="37.835042" lon="127.288600" sectionIndex="0" pointIndex="1535" originalElevation="263.0" isOriginalElevationFromOSM="false"><ele>263.0</ele></trkpt>
<trkpt lat="37.835004" lon="127.288629" sectionIndex="0" pointIndex="1536" originalElevation="263.0" isOriginalElevationFromOSM="false"><ele>263.0</ele></trkpt>
<trkpt lat="37.834965" lon="127.288659" sectionIndex="0" pointIndex="1537" originalElevation="263.0" isOriginalElevationFromOSM="false"><ele>263.0</ele></trkpt>
<trkpt lat="37.834927" lon="127.288688" sectionIndex="0" pointIndex="1538" originalElevation="263.0" isOriginalElevationFromOSM="false"><ele>263.0</ele></trkpt>
<trkpt lat="37.834888" lon="127.288717" sectionIndex="0" pointIndex="1539" originalElevation="263.0" isOriginalElevationFromOSM="false"><ele>263.0</ele></trkpt>
<trkpt lat="37.834850" lon="127.288747" sectionIndex="0" pointIndex="1540" originalElevation="263.0" isOriginalElevationFromOSM="false"><ele>263.0</ele></trkpt>
<trkpt lat="37.834822" lon="127.288768" sectionIndex="0" pointIndex="1541" originalElevation="263.0" isOriginalElevationFromOSM="false"><ele>264.0</ele></trkpt>
<trkpt lat="37.834358" lon="127.289393" sectionIndex="0" pointIndex="1542" originalElevation="263.0" isOriginalElevationFromOSM="false"><ele>264.4</ele></trkpt>
<trkpt lat="37.834080" lon="127.289780" sectionIndex="0" pointIndex="1543" originalElevation="267.9" isOriginalElevationFromOSM="true"><ele>263.7</ele></trkpt>
<trkpt lat="37.833860" lon="127.290040" sectionIndex="0" pointIndex="1544" originalElevation="265.1" isOriginalElevationFromOSM="true"><ele>262.5</ele></trkpt>
<trkpt lat="37.832700" lon="127.291360" sectionIndex="0" pointIndex="1545" originalElevation="259.6" isOriginalElevationFromOSM="true"><ele>261.2</ele></trkpt>
<trkpt lat="37.831720" lon="127.292090" sectionIndex="0" pointIndex="1546" originalElevation="256.9" isOriginalElevationFromOSM="true"><ele>258.9</ele></trkpt>
<trkpt lat="37.831180" lon="127.292780" sectionIndex="0" pointIndex="1547" originalElevation="256.6" isOriginalElevationFromOSM="true"><ele>257.1</ele></trkpt>
<trkpt lat="37.830910" lon="127.293160" sectionIndex="0" pointIndex="1548" originalElevation="256.1" isOriginalElevationFromOSM="true"><ele>256.3</ele></trkpt>
<trkpt lat="37.830850" lon="127.293330" sectionIndex="0" pointIndex="1549" originalElevation="256.1" isOriginalElevationFromOSM="true"><ele>256.3</ele></trkpt>
<trkpt lat="37.830820" lon="127.293500" sectionIndex="0" pointIndex="1550" originalElevation="256.0" isOriginalElevationFromOSM="true"><ele>256.5</ele></trkpt>
<trkpt lat="37.830800" lon="127.294410" sectionIndex="0" pointIndex="1551" originalElevation="256.6" isOriginalElevationFromOSM="true"><ele>256.7</ele></trkpt>
<trkpt lat="37.830820" lon="127.296100" sectionIndex="0" pointIndex="1552" originalElevation="257.6" isOriginalElevationFromOSM="true"><ele>256.8</ele></trkpt>
<trkpt lat="37.830800" lon="127.296280" sectionIndex="0" pointIndex="1553" originalElevation="257.1" isOriginalElevationFromOSM="true"><ele>255.5</ele></trkpt>
<trkpt lat="37.830770" lon="127.296380" sectionIndex="0" pointIndex="1554" originalElevation="256.7" isOriginalElevationFromOSM="true"><ele>253.2</ele></trkpt>
<trkpt lat="37.830190" lon="127.298070" sectionIndex="0" pointIndex="1555" originalElevation="249.5" isOriginalElevationFromOSM="true"><ele>250.6</ele></trkpt>
<trkpt lat="37.830040" lon="127.298810" sectionIndex="0" pointIndex="1556" originalElevation="245.3" isOriginalElevationFromOSM="true"><ele>248.1</ele></trkpt>
<trkpt lat="37.829960" lon="127.299580" sectionIndex="0" pointIndex="1557" originalElevation="244.2" isOriginalElevationFromOSM="true"><ele>246.1</ele></trkpt>
<trkpt lat="37.829910" lon="127.299870" sectionIndex="0" pointIndex="1558" originalElevation="244.8" isOriginalElevationFromOSM="true"><ele>246.1</ele></trkpt>
<trkpt lat="37.829850" lon="127.300130" sectionIndex="0" pointIndex="1559" originalElevation="246.6" isOriginalElevationFromOSM="true"><ele>246.7</ele></trkpt>
<trkpt lat="37.829570" lon="127.300880" sectionIndex="0" pointIndex="1560" originalElevation="249.7" isOriginalElevationFromOSM="true"><ele>247.1</ele></trkpt>
<trkpt lat="37.829480" lon="127.301040" sectionIndex="0" pointIndex="1561" originalElevation="248.4" isOriginalElevationFromOSM="true"><ele>245.4</ele></trkpt>
<trkpt lat="37.829360" lon="127.301200" sectionIndex="0" pointIndex="1562" originalElevation="245.9" isOriginalElevationFromOSM="true"><ele>243.0</ele></trkpt>
<trkpt lat="37.828380" lon="127.302280" sectionIndex="0" pointIndex="1563" originalElevation="236.4" isOriginalElevationFromOSM="true"><ele>240.1</ele></trkpt>
<trkpt lat="37.828210" lon="127.302530" sectionIndex="0" pointIndex="1564" originalElevation="234.7" isOriginalElevationFromOSM="true"><ele>237.4</ele></trkpt>
<trkpt lat="37.828160" lon="127.302860" sectionIndex="0" pointIndex="1565" originalElevation="235.1" isOriginalElevationFromOSM="true"><ele>235.1</ele></trkpt>
<trkpt lat="37.828160" lon="127.303080" sectionIndex="0" pointIndex="1566" originalElevation="234.8" isOriginalElevationFromOSM="true"><ele>234.8</ele></trkpt>
<trkpt lat="37.828170" lon="127.303300" sectionIndex="0" pointIndex="1567" originalElevation="234.7" isOriginalElevationFromOSM="true"><ele>234.8</ele></trkpt>
<trkpt lat="37.828190" lon="127.303400" sectionIndex="0" pointIndex="1568" originalElevation="234.7" isOriginalElevationFromOSM="true"><ele>234.6</ele></trkpt>
<trkpt lat="37.828240" lon="127.303520" sectionIndex="0" pointIndex="1569" originalElevation="234.6" isOriginalElevationFromOSM="true"><ele>234.4</ele></trkpt>
<trkpt lat="37.828350" lon="127.303680" sectionIndex="0" pointIndex="1570" originalElevation="234.2" isOriginalElevationFromOSM="true"><ele>234.3</ele></trkpt>
<trkpt lat="37.828440" lon="127.303760" sectionIndex="0" pointIndex="1571" originalElevation="234.0" isOriginalElevationFromOSM="true"><ele>234.1</ele></trkpt>
<trkpt lat="37.828620" lon="127.303830" sectionIndex="0" pointIndex="1572" originalElevation="233.8" isOriginalElevationFromOSM="true"><ele>233.9</ele></trkpt>
<trkpt lat="37.828800" lon="127.303840" sectionIndex="0" pointIndex="1573" originalElevation="233.7" isOriginalElevationFromOSM="true"><ele>233.8</ele></trkpt>
<trkpt lat="37.829030" lon="127.303810" sectionIndex="0" pointIndex="1574" originalElevation="233.9" isOriginalElevationFromOSM="true"><ele>233.6</ele></trkpt>
<trkpt lat="37.829640" lon="127.303450" sectionIndex="0" pointIndex="1575" originalElevation="233.8" isOriginalElevationFromOSM="true"><ele>233.2</ele></trkpt>
<trkpt lat="37.829830" lon="127.303410" sectionIndex="0" pointIndex="1576" originalElevation="232.8" isOriginalElevationFromOSM="true"><ele>233.4</ele></trkpt>
<trkpt lat="37.829990" lon="127.303430" sectionIndex="0" pointIndex="1577" originalElevation="231.6" isOriginalElevationFromOSM="true"><ele>234.1</ele></trkpt>
<trkpt lat="37.830170" lon="127.303510" sectionIndex="0" pointIndex="1578" originalElevation="234.9" isOriginalElevationFromOSM="true"><ele>235.0</ele></trkpt>
<trkpt lat="37.830350" lon="127.303640" sectionIndex="0" pointIndex="1579" originalElevation="237.6" isOriginalElevationFromOSM="true"><ele>235.7</ele></trkpt>
<trkpt lat="37.830470" lon="127.303820" sectionIndex="0" pointIndex="1580" originalElevation="238.0" isOriginalElevationFromOSM="true"><ele>236.5</ele></trkpt>
<trkpt lat="37.830540" lon="127.304050" sectionIndex="0" pointIndex="1581" originalElevation="236.6" isOriginalElevationFromOSM="true"><ele>236.5</ele></trkpt>
<trkpt lat="37.830580" lon="127.304280" sectionIndex="0" pointIndex="1582" originalElevation="235.5" isOriginalElevationFromOSM="true"><ele>235.0</ele></trkpt>
<trkpt lat="37.830580" lon="127.304480" sectionIndex="0" pointIndex="1583" originalElevation="235.0" isOriginalElevationFromOSM="true"><ele>232.2</ele></trkpt>
<trkpt lat="37.830400" lon="127.305390" sectionIndex="0" pointIndex="1584" originalElevation="230.0" isOriginalElevationFromOSM="true"><ele>229.3</ele></trkpt>
<trkpt lat="37.830180" lon="127.306130" sectionIndex="0" pointIndex="1585" originalElevation="223.8" isOriginalElevationFromOSM="true"><ele>227.0</ele></trkpt>
<trkpt lat="37.829850" lon="127.307120" sectionIndex="0" pointIndex="1586" originalElevation="222.2" isOriginalElevationFromOSM="true"><ele>224.9</ele></trkpt>
<trkpt lat="37.829590" lon="127.307870" sectionIndex="0" pointIndex="1587" originalElevation="224.2" isOriginalElevationFromOSM="true"><ele>223.0</ele></trkpt>
<trkpt lat="37.829480" lon="127.308430" sectionIndex="0" pointIndex="1588" originalElevation="224.1" isOriginalElevationFromOSM="true"><ele>221.8</ele></trkpt>
<trkpt lat="37.829400" lon="127.309040" sectionIndex="0" pointIndex="1589" originalElevation="220.8" isOriginalElevationFromOSM="true"><ele>220.8</ele></trkpt>
<trkpt lat="37.829300" lon="127.309940" sectionIndex="0" pointIndex="1590" originalElevation="217.5" isOriginalElevationFromOSM="true"><ele>219.5</ele></trkpt>
<trkpt lat="37.829300" lon="127.310090" sectionIndex="0" pointIndex="1591" originalElevation="217.5" isOriginalElevationFromOSM="true"><ele>218.3</ele></trkpt>
<trkpt lat="37.829320" lon="127.310240" sectionIndex="0" pointIndex="1592" originalElevation="217.8" isOriginalElevationFromOSM="true"><ele>217.8</ele></trkpt>
<trkpt lat="37.829380" lon="127.310420" sectionIndex="0" pointIndex="1593" originalElevation="218.1" isOriginalElevationFromOSM="true"><ele>217.7</ele></trkpt>
<trkpt lat="37.829460" lon="127.310540" sectionIndex="0" pointIndex="1594" originalElevation="218.0" isOriginalElevationFromOSM="true"><ele>217.2</ele></trkpt>
<trkpt lat="37.829610" lon="127.310690" sectionIndex="0" pointIndex="1595" originalElevation="217.0" isOriginalElevationFromOSM="true"><ele>216.4</ele></trkpt>
<trkpt lat="37.829830" lon="127.310780" sectionIndex="0" pointIndex="1596" originalElevation="214.9" isOriginalElevationFromOSM="true"><ele>217.0</ele></trkpt>
<trkpt lat="37.829950" lon="127.310800" sectionIndex="0" pointIndex="1597" originalElevation="213.8" isOriginalElevationFromOSM="true"><ele>218.0</ele></trkpt>
<trkpt lat="37.831200" lon="127.310470" sectionIndex="0" pointIndex="1598" originalElevation="221.4" isOriginalElevationFromOSM="true"><ele>219.3</ele></trkpt>
<trkpt lat="37.831330" lon="127.310470" sectionIndex="0" pointIndex="1599" originalElevation="222.9" isOriginalElevationFromOSM="true"><ele>220.6</ele></trkpt>
<trkpt lat="37.831450" lon="127.310510" sectionIndex="0" pointIndex="1600" originalElevation="223.4" isOriginalElevationFromOSM="true"><ele>221.3</ele></trkpt>
<trkpt lat="37.831550" lon="127.310620" sectionIndex="0" pointIndex="1601" originalElevation="221.3" isOriginalElevationFromOSM="true"><ele>220.9</ele></trkpt>
<trkpt lat="37.831690" lon="127.310820" sectionIndex="0" pointIndex="1602" originalElevation="217.5" isOriginalElevationFromOSM="true"><ele>219.6</ele></trkpt>
<trkpt lat="37.831780" lon="127.311070" sectionIndex="0" pointIndex="1603" originalElevation="219.2" isOriginalElevationFromOSM="true"><ele>217.5</ele></trkpt>
<trkpt lat="37.831980" lon="127.312080" sectionIndex="0" pointIndex="1604" originalElevation="216.5" isOriginalElevationFromOSM="true"><ele>216.0</ele></trkpt>
<trkpt lat="37.832010" lon="127.312660" sectionIndex="0" pointIndex="1605" originalElevation="213.0" isOriginalElevationFromOSM="true"><ele>215.9</ele></trkpt>
<trkpt lat="37.832020" lon="127.313520" sectionIndex="0" pointIndex="1606" originalElevation="213.8" isOriginalElevationFromOSM="true"><ele>215.7</ele></trkpt>
<trkpt lat="37.831990" lon="127.313790" sectionIndex="0" pointIndex="1607" originalElevation="216.9" isOriginalElevationFromOSM="true"><ele>216.1</ele></trkpt>
<trkpt lat="37.831960" lon="127.313950" sectionIndex="0" pointIndex="1608" originalElevation="218.3" isOriginalElevationFromOSM="true"><ele>217.6</ele></trkpt>
<trkpt lat="37.831900" lon="127.314100" sectionIndex="0" pointIndex="1609" originalElevation="218.5" isOriginalElevationFromOSM="true"><ele>219.1</ele></trkpt>
<trkpt lat="37.831810" lon="127.314270" sectionIndex="0" pointIndex="1610" originalElevation="220.4" isOriginalElevationFromOSM="true"><ele>220.2</ele></trkpt>
<trkpt lat="37.831690" lon="127.314390" sectionIndex="0" pointIndex="1611" originalElevation="221.6" isOriginalElevationFromOSM="true"><ele>220.8</ele></trkpt>
<trkpt lat="37.831530" lon="127.314470" sectionIndex="0" pointIndex="1612" originalElevation="222.3" isOriginalElevationFromOSM="true"><ele>220.9</ele></trkpt>
<trkpt lat="37.831320" lon="127.314520" sectionIndex="0" pointIndex="1613" originalElevation="221.0" isOriginalElevationFromOSM="true"><ele>219.3</ele></trkpt>
<trkpt lat="37.831190" lon="127.314520" sectionIndex="0" pointIndex="1614" originalElevation="219.0" isOriginalElevationFromOSM="true"><ele>215.3</ele></trkpt>
<trkpt lat="37.830970" lon="127.314440" sectionIndex="0" pointIndex="1615" originalElevation="212.8" isOriginalElevationFromOSM="true"><ele>211.3</ele></trkpt>
<trkpt lat="37.830660" lon="127.314140" sectionIndex="0" pointIndex="1616" originalElevation="201.4" isOriginalElevationFromOSM="true"><ele>207.6</ele></trkpt>
<trkpt lat="37.830410" lon="127.313980" sectionIndex="0" pointIndex="1617" originalElevation="202.1" isOriginalElevationFromOSM="true"><ele>204.2</ele></trkpt>
<trkpt lat="37.830120" lon="127.313900" sectionIndex="0" pointIndex="1618" originalElevation="202.6" isOriginalElevationFromOSM="true"><ele>201.8</ele></trkpt>
<trkpt lat="37.829940" lon="127.313930" sectionIndex="0" pointIndex="1619" originalElevation="202.0" isOriginalElevationFromOSM="true"><ele>201.3</ele></trkpt>
<trkpt lat="37.829800" lon="127.314000" sectionIndex="0" pointIndex="1620" originalElevation="201.0" isOriginalElevationFromOSM="true"><ele>200.7</ele></trkpt>
<trkpt lat="37.829670" lon="127.314130" sectionIndex="0" pointIndex="1621" originalElevation="198.9" isOriginalElevationFromOSM="true"><ele>200.2</ele></trkpt>
<trkpt lat="37.829600" lon="127.314310" sectionIndex="0" pointIndex="1622" originalElevation="199.1" isOriginalElevationFromOSM="true"><ele>199.9</ele></trkpt>
<trkpt lat="37.829590" lon="127.314510" sectionIndex="0" pointIndex="1623" originalElevation="200.0" isOriginalElevationFromOSM="true"><ele>200.4</ele></trkpt>
<trkpt lat="37.829610" lon="127.314690" sectionIndex="0" pointIndex="1624" originalElevation="200.8" isOriginalElevationFromOSM="true"><ele>201.2</ele></trkpt>
<trkpt lat="37.829720" lon="127.315270" sectionIndex="0" pointIndex="1625" originalElevation="203.1" isOriginalElevationFromOSM="true"><ele>202.1</ele></trkpt>
<trkpt lat="37.829720" lon="127.315480" sectionIndex="0" pointIndex="1626" originalElevation="203.2" isOriginalElevationFromOSM="true"><ele>203.4</ele></trkpt>
<trkpt lat="37.829700" lon="127.315730" sectionIndex="0" pointIndex="1627" originalElevation="203.2" isOriginalElevationFromOSM="true"><ele>203.7</ele></trkpt>
<trkpt lat="37.829530" lon="127.316880" sectionIndex="0" pointIndex="1628" originalElevation="207.0" isOriginalElevationFromOSM="true"><ele>203.0</ele></trkpt>
<trkpt lat="37.829360" lon="127.317660" sectionIndex="0" pointIndex="1629" originalElevation="201.8" isOriginalElevationFromOSM="true"><ele>201.8</ele></trkpt>
<trkpt lat="37.829230" lon="127.318170" sectionIndex="0" pointIndex="1630" originalElevation="199.8" isOriginalElevationFromOSM="true"><ele>200.6</ele></trkpt>
<trkpt lat="37.829110" lon="127.318540" sectionIndex="0" pointIndex="1631" originalElevation="197.4" isOriginalElevationFromOSM="true"><ele>198.7</ele></trkpt>
<trkpt lat="37.829050" lon="127.318710" sectionIndex="0" pointIndex="1632" originalElevation="197.1" isOriginalElevationFromOSM="true"><ele>197.8</ele></trkpt>
<trkpt lat="37.828910" lon="127.318980" sectionIndex="0" pointIndex="1633" originalElevation="197.2" isOriginalElevationFromOSM="true"><ele>197.4</ele></trkpt>
<trkpt lat="37.828840" lon="127.319030" sectionIndex="0" pointIndex="1634" originalElevation="197.4" isOriginalElevationFromOSM="true"><ele>197.4</ele></trkpt>
<trkpt lat="37.828720" lon="127.319070" sectionIndex="0" pointIndex="1635" originalElevation="197.7" isOriginalElevationFromOSM="true"><ele>197.6</ele></trkpt>
<trkpt lat="37.828510" lon="127.319090" sectionIndex="0" pointIndex="1636" originalElevation="197.9" isOriginalElevationFromOSM="true"><ele>197.4</ele></trkpt>
<trkpt lat="37.828400" lon="127.319070" sectionIndex="0" pointIndex="1637" originalElevation="198.0" isOriginalElevationFromOSM="true"><ele>195.3</ele></trkpt>
<trkpt lat="37.828150" lon="127.318930" sectionIndex="0" pointIndex="1638" originalElevation="196.3" isOriginalElevationFromOSM="true"><ele>192.5</ele></trkpt>
<trkpt lat="37.827580" lon="127.318480" sectionIndex="0" pointIndex="1639" originalElevation="186.5" isOriginalElevationFromOSM="true"><ele>189.6</ele></trkpt>
<trkpt lat="37.827330" lon="127.318300" sectionIndex="0" pointIndex="1640" originalElevation="183.6" isOriginalElevationFromOSM="true"><ele>186.7</ele></trkpt>
<trkpt lat="37.827160" lon="127.318300" sectionIndex="0" pointIndex="1641" originalElevation="183.7" isOriginalElevationFromOSM="true"><ele>184.4</ele></trkpt>
<trkpt lat="37.826950" lon="127.318370" sectionIndex="0" pointIndex="1642" originalElevation="183.5" isOriginalElevationFromOSM="true"><ele>184.1</ele></trkpt>
<trkpt lat="37.826790" lon="127.318510" sectionIndex="0" pointIndex="1643" originalElevation="184.6" isOriginalElevationFromOSM="true"><ele>184.5</ele></trkpt>
<trkpt lat="37.826730" lon="127.318590" sectionIndex="0" pointIndex="1644" originalElevation="185.1" isOriginalElevationFromOSM="true"><ele>185.0</ele></trkpt>
<trkpt lat="37.826680" lon="127.318680" sectionIndex="0" pointIndex="1645" originalElevation="185.6" isOriginalElevationFromOSM="true"><ele>185.8</ele></trkpt>
<trkpt lat="37.826660" lon="127.318780" sectionIndex="0" pointIndex="1646" originalElevation="186.3" isOriginalElevationFromOSM="true"><ele>186.6</ele></trkpt>
<trkpt lat="37.826640" lon="127.318900" sectionIndex="0" pointIndex="1647" originalElevation="187.3" isOriginalElevationFromOSM="true"><ele>186.6</ele></trkpt>
<trkpt lat="37.826630" lon="127.319080" sectionIndex="0" pointIndex="1648" originalElevation="188.7" isOriginalElevationFromOSM="true"><ele>186.5</ele></trkpt>
<trkpt lat="37.827110" lon="127.321150" sectionIndex="0" pointIndex="1649" originalElevation="184.9" isOriginalElevationFromOSM="true"><ele>186.2</ele></trkpt>
<trkpt lat="37.827130" lon="127.321300" sectionIndex="0" pointIndex="1650" originalElevation="185.3" isOriginalElevationFromOSM="true"><ele>186.4</ele></trkpt>
<trkpt lat="37.827130" lon="127.321530" sectionIndex="0" pointIndex="1651" originalElevation="185.0" isOriginalElevationFromOSM="true"><ele>186.9</ele></trkpt>
<trkpt lat="37.827070" lon="127.321820" sectionIndex="0" pointIndex="1652" originalElevation="188.3" isOriginalElevationFromOSM="true"><ele>188.8</ele></trkpt>
<trkpt lat="37.827030" lon="127.321930" sectionIndex="0" pointIndex="1653" originalElevation="190.8" isOriginalElevationFromOSM="true"><ele>190.9</ele></trkpt>
<trkpt lat="37.826930" lon="127.322120" sectionIndex="0" pointIndex="1654" originalElevation="194.5" isOriginalElevationFromOSM="true"><ele>193.4</ele></trkpt>
<trkpt lat="37.826860" lon="127.322220" sectionIndex="0" pointIndex="1655" originalElevation="196.1" isOriginalElevationFromOSM="true"><ele>195.1</ele></trkpt>
<trkpt lat="37.826730" lon="127.322350" sectionIndex="0" pointIndex="1656" originalElevation="197.2" isOriginalElevationFromOSM="true"><ele>196.4</ele></trkpt>
<trkpt lat="37.826660" lon="127.322390" sectionIndex="0" pointIndex="1657" originalElevation="197.1" isOriginalElevationFromOSM="true"><ele>196.3</ele></trkpt>
<trkpt lat="37.826520" lon="127.322450" sectionIndex="0" pointIndex="1658" originalElevation="197.0" isOriginalElevationFromOSM="true"><ele>195.2</ele></trkpt>
<trkpt lat="37.826240" lon="127.322450" sectionIndex="0" pointIndex="1659" originalElevation="194.0" isOriginalElevationFromOSM="true"><ele>194.3</ele></trkpt>
<trkpt lat="37.826000" lon="127.322420" sectionIndex="0" pointIndex="1660" originalElevation="190.6" isOriginalElevationFromOSM="true"><ele>191.4</ele></trkpt>
<trkpt lat="37.825060" lon="127.322020" sectionIndex="0" pointIndex="1661" originalElevation="192.6" isOriginalElevationFromOSM="true"><ele>188.8</ele></trkpt>
<trkpt lat="37.824440" lon="127.321740" sectionIndex="0" pointIndex="1662" originalElevation="182.7" isOriginalElevationFromOSM="true"><ele>186.1</ele></trkpt>
<trkpt lat="37.823320" lon="127.321250" sectionIndex="0" pointIndex="1663" originalElevation="184.3" isOriginalElevationFromOSM="true"><ele>183.3</ele></trkpt>
<trkpt lat="37.822470" lon="127.320990" sectionIndex="0" pointIndex="1664" originalElevation="180.4" isOriginalElevationFromOSM="true"><ele>179.7</ele></trkpt>
<trkpt lat="37.822150" lon="127.320960" sectionIndex="0" pointIndex="1665" originalElevation="176.4" isOriginalElevationFromOSM="true"><ele>177.9</ele></trkpt>
<trkpt lat="37.821930" lon="127.320970" sectionIndex="0" pointIndex="1666" originalElevation="174.5" isOriginalElevationFromOSM="true"><ele>175.8</ele></trkpt>
<trkpt lat="37.821750" lon="127.321040" sectionIndex="0" pointIndex="1667" originalElevation="173.8" isOriginalElevationFromOSM="true"><ele>174.7</ele></trkpt>
<trkpt lat="37.821630" lon="127.321110" sectionIndex="0" pointIndex="1668" originalElevation="173.7" isOriginalElevationFromOSM="true"><ele>174.4</ele></trkpt>
<trkpt lat="37.821430" lon="127.321290" sectionIndex="0" pointIndex="1669" originalElevation="174.9" isOriginalElevationFromOSM="true"><ele>174.4</ele></trkpt>
<trkpt lat="37.821280" lon="127.321540" sectionIndex="0" pointIndex="1670" originalElevation="175.3" isOriginalElevationFromOSM="true"><ele>174.4</ele></trkpt>
<trkpt lat="37.821170" lon="127.321820" sectionIndex="0" pointIndex="1671" originalElevation="174.5" isOriginalElevationFromOSM="true"><ele>174.4</ele></trkpt>
<trkpt lat="37.821140" lon="127.322080" sectionIndex="0" pointIndex="1672" originalElevation="173.8" isOriginalElevationFromOSM="true"><ele>174.2</ele></trkpt>
<trkpt lat="37.821140" lon="127.322520" sectionIndex="0" pointIndex="1673" originalElevation="173.6" isOriginalElevationFromOSM="true"><ele>173.1</ele></trkpt>
<trkpt lat="37.821280" lon="127.324320" sectionIndex="0" pointIndex="1674" originalElevation="173.8" isOriginalElevationFromOSM="true"><ele>172.2</ele></trkpt>
<trkpt lat="37.821400" lon="127.325620" sectionIndex="0" pointIndex="1675" originalElevation="169.8" isOriginalElevationFromOSM="true"><ele>171.7</ele></trkpt>
<trkpt lat="37.821390" lon="127.326030" sectionIndex="0" pointIndex="1676" originalElevation="170.2" isOriginalElevationFromOSM="true"><ele>171.1</ele></trkpt>
<trkpt lat="37.821320" lon="127.326340" sectionIndex="0" pointIndex="1677" originalElevation="170.9" isOriginalElevationFromOSM="true"><ele>170.6</ele></trkpt>
<trkpt lat="37.821250" lon="127.326530" sectionIndex="0" pointIndex="1678" originalElevation="170.9" isOriginalElevationFromOSM="true"><ele>170.8</ele></trkpt>
<trkpt lat="37.821040" lon="127.326900" sectionIndex="0" pointIndex="1679" originalElevation="171.1" isOriginalElevationFromOSM="true"><ele>170.6</ele></trkpt>
<trkpt lat="37.820950" lon="127.327000" sectionIndex="0" pointIndex="1680" originalElevation="171.1" isOriginalElevationFromOSM="true"><ele>170.0</ele></trkpt>
<trkpt lat="37.820090" lon="127.327630" sectionIndex="0" pointIndex="1681" originalElevation="169.1" isOriginalElevationFromOSM="true"><ele>169.4</ele></trkpt>
<trkpt lat="37.819880" lon="127.327840" sectionIndex="0" pointIndex="1682" originalElevation="167.9" isOriginalElevationFromOSM="true"><ele>168.7</ele></trkpt>
<trkpt lat="37.819780" lon="127.328000" sectionIndex="0" pointIndex="1683" originalElevation="167.7" isOriginalElevationFromOSM="true"><ele>167.8</ele></trkpt>
<trkpt lat="37.819720" lon="127.328170" sectionIndex="0" pointIndex="1684" originalElevation="167.5" isOriginalElevationFromOSM="true"><ele>166.8</ele></trkpt>
<trkpt lat="37.819700" lon="127.328370" sectionIndex="0" pointIndex="1685" originalElevation="167.0" isOriginalElevationFromOSM="true"><ele>165.5</ele></trkpt>
<trkpt lat="37.819710" lon="127.328640" sectionIndex="0" pointIndex="1686" originalElevation="163.8" isOriginalElevationFromOSM="true"><ele>164.2</ele></trkpt>
<trkpt lat="37.819780" lon="127.328860" sectionIndex="0" pointIndex="1687" originalElevation="161.7" isOriginalElevationFromOSM="true"><ele>162.7</ele></trkpt>
<trkpt lat="37.819810" lon="127.328960" sectionIndex="0" pointIndex="1688" originalElevation="160.8" isOriginalElevationFromOSM="true"><ele>161.4</ele></trkpt>
<trkpt lat="37.819860" lon="127.329040" sectionIndex="0" pointIndex="1689" originalElevation="160.3" isOriginalElevationFromOSM="true"><ele>160.1</ele></trkpt>
<trkpt lat="37.820070" lon="127.329260" sectionIndex="0" pointIndex="1690" originalElevation="160.5" isOriginalElevationFromOSM="true"><ele>160.2</ele></trkpt>
<trkpt lat="37.821540" lon="127.330630" sectionIndex="0" pointIndex="1691" originalElevation="157.4" isOriginalElevationFromOSM="true"><ele>160.8</ele></trkpt>
<trkpt lat="37.821930" lon="127.331010" sectionIndex="0" pointIndex="1692" originalElevation="161.9" isOriginalElevationFromOSM="true"><ele>161.7</ele></trkpt>
<trkpt lat="37.822040" lon="127.331120" sectionIndex="0" pointIndex="1693" originalElevation="163.9" isOriginalElevationFromOSM="true"><ele>162.5</ele></trkpt>
<trkpt lat="37.822130" lon="127.331250" sectionIndex="0" pointIndex="1694" originalElevation="164.8" isOriginalElevationFromOSM="true"><ele>163.6</ele></trkpt>
<trkpt lat="37.822270" lon="127.331490" sectionIndex="0" pointIndex="1695" originalElevation="164.6" isOriginalElevationFromOSM="true"><ele>162.3</ele></trkpt>
<trkpt lat="37.822390" lon="127.331770" sectionIndex="0" pointIndex="1696" originalElevation="162.6" isOriginalElevationFromOSM="true"><ele>160.9</ele></trkpt>
<trkpt lat="37.822830" lon="127.333290" sectionIndex="0" pointIndex="1697" originalElevation="155.4" isOriginalElevationFromOSM="true"><ele>159.9</ele></trkpt>
<trkpt lat="37.822870" lon="127.333600" sectionIndex="0" pointIndex="1698" originalElevation="157.4" isOriginalElevationFromOSM="true"><ele>159.0</ele></trkpt>
<trkpt lat="37.822870" lon="127.333930" sectionIndex="0" pointIndex="1699" originalElevation="159.7" isOriginalElevationFromOSM="true"><ele>157.9</ele></trkpt>
<trkpt lat="37.822800" lon="127.334380" sectionIndex="0" pointIndex="1700" originalElevation="159.8" isOriginalElevationFromOSM="true"><ele>157.7</ele></trkpt>
<trkpt lat="37.822680" lon="127.334760" sectionIndex="0" pointIndex="1701" originalElevation="157.2" isOriginalElevationFromOSM="true"><ele>157.9</ele></trkpt>
<trkpt lat="37.822390" lon="127.335490" sectionIndex="0" pointIndex="1702" originalElevation="154.6" isOriginalElevationFromOSM="true"><ele>157.6</ele></trkpt>
<trkpt lat="37.821980" lon="127.336620" sectionIndex="0" pointIndex="1703" originalElevation="158.1" isOriginalElevationFromOSM="true"><ele>157.6</ele></trkpt>
<trkpt lat="37.821900" lon="127.336960" sectionIndex="0" pointIndex="1704" originalElevation="158.5" isOriginalElevationFromOSM="true"><ele>158.3</ele></trkpt>
<trkpt lat="37.821860" lon="127.337340" sectionIndex="0" pointIndex="1705" originalElevation="159.8" isOriginalElevationFromOSM="true"><ele>159.7</ele></trkpt>
<trkpt lat="37.821860" lon="127.337540" sectionIndex="0" pointIndex="1706" originalElevation="160.6" isOriginalElevationFromOSM="true"><ele>160.5</ele></trkpt>
<trkpt lat="37.821910" lon="127.338010" sectionIndex="0" pointIndex="1707" originalElevation="161.7" isOriginalElevationFromOSM="true"><ele>162.2</ele></trkpt>
<trkpt lat="37.821950" lon="127.338200" sectionIndex="0" pointIndex="1708" originalElevation="162.1" isOriginalElevationFromOSM="true"><ele>164.7</ele></trkpt>
<trkpt lat="37.822080" lon="127.338640" sectionIndex="0" pointIndex="1709" originalElevation="166.8" isOriginalElevationFromOSM="true"><ele>163.7</ele></trkpt>
<trkpt lat="37.822240" lon="127.339120" sectionIndex="0" pointIndex="1710" originalElevation="172.3" isOriginalElevationFromOSM="true"><ele>162.3</ele></trkpt>
<trkpt lat="37.822900" lon="127.341290" sectionIndex="0" pointIndex="1711" originalElevation="155.8" isOriginalElevationFromOSM="true"><ele>160.6</ele></trkpt>
<trkpt lat="37.822940" lon="127.341480" sectionIndex="0" pointIndex="1712" originalElevation="154.7" isOriginalElevationFromOSM="true"><ele>157.4</ele></trkpt>
<trkpt lat="37.822960" lon="127.341700" sectionIndex="0" pointIndex="1713" originalElevation="153.3" isOriginalElevationFromOSM="true"><ele>152.8</ele></trkpt>
<trkpt lat="37.822960" lon="127.342150" sectionIndex="0" pointIndex="1714" originalElevation="151.1" isOriginalElevationFromOSM="true"><ele>151.3</ele></trkpt>
<trkpt lat="37.822940" lon="127.342470" sectionIndex="0" pointIndex="1715" originalElevation="149.3" isOriginalElevationFromOSM="true"><ele>149.9</ele></trkpt>
<trkpt lat="37.822870" lon="127.342990" sectionIndex="0" pointIndex="1716" originalElevation="148.4" isOriginalElevationFromOSM="true"><ele>148.7</ele></trkpt>
<trkpt lat="37.822750" lon="127.343180" sectionIndex="0" pointIndex="1717" originalElevation="147.6" isOriginalElevationFromOSM="true"><ele>147.8</ele></trkpt>
<trkpt lat="37.822710" lon="127.343280" sectionIndex="0" pointIndex="1718" originalElevation="147.3" isOriginalElevationFromOSM="true"><ele>146.9</ele></trkpt>
<trkpt lat="37.822520" lon="127.343530" sectionIndex="0" pointIndex="1719" originalElevation="146.4" isOriginalElevationFromOSM="true"><ele>145.7</ele></trkpt>
<trkpt lat="37.822260" lon="127.343790" sectionIndex="0" pointIndex="1720" originalElevation="145.0" isOriginalElevationFromOSM="true"><ele>144.0</ele></trkpt>
<trkpt lat="37.821580" lon="127.344540" sectionIndex="0" pointIndex="1721" originalElevation="142.0" isOriginalElevationFromOSM="true"><ele>142.4</ele></trkpt>
<trkpt lat="37.821130" lon="127.345000" sectionIndex="0" pointIndex="1722" originalElevation="139.5" isOriginalElevationFromOSM="true"><ele>140.9</ele></trkpt>
<trkpt lat="37.821100" lon="127.344970" sectionIndex="0" pointIndex="1723" originalElevation="139.3" isOriginalElevationFromOSM="true"><ele>139.6</ele></trkpt>
<trkpt lat="37.821040" lon="127.344940" sectionIndex="0" pointIndex="1724" originalElevation="138.8" isOriginalElevationFromOSM="true"><ele>138.8</ele></trkpt>
<trkpt lat="37.820970" lon="127.344970" sectionIndex="0" pointIndex="1725" originalElevation="138.2" isOriginalElevationFromOSM="true"><ele>138.4</ele></trkpt>
<trkpt lat="37.820950" lon="127.345010" sectionIndex="0" pointIndex="1726" originalElevation="138.0" isOriginalElevationFromOSM="true"><ele>138.1</ele></trkpt>
<trkpt lat="37.820930" lon="127.345090" sectionIndex="0" pointIndex="1727" originalElevation="137.7" isOriginalElevationFromOSM="true"><ele>139.3</ele></trkpt>
<trkpt lat="37.820940" lon="127.345140" sectionIndex="0" pointIndex="1728" originalElevation="137.7" isOriginalElevationFromOSM="true"><ele>138.3</ele></trkpt>
<trkpt lat="37.820969" lon="127.345184" sectionIndex="0" pointIndex="1729" originalElevation="145.0" isOriginalElevationFromOSM="false"><ele>137.7</ele></trkpt>
<trkpt lat="37.820429" lon="127.346243" sectionIndex="0" pointIndex="1730" originalElevation="133.0" isOriginalElevationFromOSM="false"><ele>136.9</ele></trkpt>
<trkpt lat="37.820240" lon="127.346640" sectionIndex="0" pointIndex="1731" originalElevation="135.3" isOriginalElevationFromOSM="true"><ele>135.8</ele></trkpt>
<trkpt lat="37.820000" lon="127.347030" sectionIndex="0" pointIndex="1732" originalElevation="133.7" isOriginalElevationFromOSM="true"><ele>133.0</ele></trkpt>
<trkpt lat="37.819770" lon="127.347370" sectionIndex="0" pointIndex="1733" originalElevation="132.0" isOriginalElevationFromOSM="true"><ele>132.5</ele></trkpt>
<trkpt lat="37.819550" lon="127.347660" sectionIndex="0" pointIndex="1734" originalElevation="131.1" isOriginalElevationFromOSM="true"><ele>131.4</ele></trkpt>
<trkpt lat="37.819310" lon="127.347860" sectionIndex="0" pointIndex="1735" originalElevation="130.4" isOriginalElevationFromOSM="true"><ele>130.3</ele></trkpt>
<trkpt lat="37.819180" lon="127.347960" sectionIndex="0" pointIndex="1736" originalElevation="129.9" isOriginalElevationFromOSM="true"><ele>129.3</ele></trkpt>
<trkpt lat="37.818140" lon="127.348400" sectionIndex="0" pointIndex="1737" originalElevation="128.0" isOriginalElevationFromOSM="true"><ele>128.4</ele></trkpt>
<trkpt lat="37.818142" lon="127.348466" sectionIndex="0" pointIndex="1738" originalElevation="127.0" isOriginalElevationFromOSM="false"><ele>127.9</ele></trkpt>
<trkpt lat="37.818149" lon="127.348653" sectionIndex="0" pointIndex="1739" originalElevation="127.0" isOriginalElevationFromOSM="false"><ele>127.5</ele></trkpt>
<trkpt lat="37.818170" lon="127.349210" sectionIndex="0" pointIndex="1740" originalElevation="127.6" isOriginalElevationFromOSM="true"><ele>127.5</ele></trkpt>
<trkpt lat="37.818260" lon="127.350030" sectionIndex="0" pointIndex="1741" originalElevation="127.9" isOriginalElevationFromOSM="true"><ele>127.7</ele></trkpt>
<trkpt lat="37.818310" lon="127.350340" sectionIndex="0" pointIndex="1742" originalElevation="127.9" isOriginalElevationFromOSM="true"><ele>127.8</ele></trkpt>
<trkpt lat="37.818340" lon="127.350420" sectionIndex="0" pointIndex="1743" originalElevation="128.0" isOriginalElevationFromOSM="true"><ele>127.9</ele></trkpt>
<trkpt lat="37.818470" lon="127.350580" sectionIndex="0" pointIndex="1744" originalElevation="127.9" isOriginalElevationFromOSM="true"><ele>127.9</ele></trkpt>
<trkpt lat="37.818570" lon="127.350630" sectionIndex="0" pointIndex="1745" originalElevation="127.8" isOriginalElevationFromOSM="true"><ele>127.8</ele></trkpt>
<trkpt lat="37.818670" lon="127.350650" sectionIndex="0" pointIndex="1746" originalElevation="127.7" isOriginalElevationFromOSM="true"><ele>127.6</ele></trkpt>
<trkpt lat="37.818940" lon="127.350650" sectionIndex="0" pointIndex="1747" originalElevation="127.4" isOriginalElevationFromOSM="true"><ele>127.0</ele></trkpt>
<trkpt lat="37.818930" lon="127.351240" sectionIndex="0" pointIndex="1748" originalElevation="127.2" isOriginalElevationFromOSM="true"><ele>126.2</ele></trkpt>
<trkpt lat="37.818560" lon="127.353170" sectionIndex="0" pointIndex="1749" originalElevation="124.8" isOriginalElevationFromOSM="true"><ele>125.5</ele></trkpt>
<trkpt lat="37.818470" lon="127.353700" sectionIndex="0" pointIndex="1750" originalElevation="123.8" isOriginalElevationFromOSM="true"><ele>125.0</ele></trkpt>
<trkpt lat="37.819160" lon="127.353730" sectionIndex="0" pointIndex="1751" originalElevation="124.3" isOriginalElevationFromOSM="true"><ele>124.4</ele></trkpt>
<trkpt lat="37.819320" lon="127.353730" sectionIndex="0" pointIndex="1752" originalElevation="124.9" isOriginalElevationFromOSM="true"><ele>124.5</ele></trkpt>
<trkpt lat="37.820080" lon="127.353720" sectionIndex="0" pointIndex="1753" originalElevation="124.2" isOriginalElevationFromOSM="true"><ele>124.7</ele></trkpt>
<trkpt lat="37.820790" lon="127.353670" sectionIndex="0" pointIndex="1754" originalElevation="125.1" isOriginalElevationFromOSM="true"><ele>125.0</ele></trkpt>
<trkpt lat="37.822090" lon="127.353360" sectionIndex="0" pointIndex="1755" originalElevation="125.0" isOriginalElevationFromOSM="true"><ele>124.9</ele></trkpt>
<trkpt lat="37.822090" lon="127.354710" sectionIndex="0" pointIndex="1756" originalElevation="125.8" isOriginalElevationFromOSM="true"><ele>125.0</ele></trkpt>
<trkpt lat="37.822510" lon="127.354530" sectionIndex="0" pointIndex="1757" originalElevation="124.3" isOriginalElevationFromOSM="true"><ele>125.0</ele></trkpt>
<trkpt lat="37.823320" lon="127.354380" sectionIndex="0" pointIndex="1758" originalElevation="125.0" isOriginalElevationFromOSM="true"><ele>125.2</ele></trkpt>
<trkpt lat="37.824430" lon="127.354440" sectionIndex="0" pointIndex="1759" originalElevation="125.0" isOriginalElevationFromOSM="true"><ele>125.2</ele></trkpt>
<trkpt lat="37.825250" lon="127.354520" sectionIndex="0" pointIndex="1760" originalElevation="125.7" isOriginalElevationFromOSM="true"><ele>126.0</ele></trkpt>
<trkpt lat="37.826280" lon="127.354890" sectionIndex="0" pointIndex="1761" originalElevation="126.0" isOriginalElevationFromOSM="true"><ele>127.2</ele></trkpt>
<trkpt lat="37.828720" lon="127.355740" sectionIndex="0" pointIndex="1762" originalElevation="128.5" isOriginalElevationFromOSM="true"><ele>128.4</ele></trkpt>
<trkpt lat="37.831750" lon="127.356750" sectionIndex="0" pointIndex="1763" originalElevation="130.6" isOriginalElevationFromOSM="true"><ele>129.6</ele></trkpt>
<trkpt lat="37.832000" lon="127.356860" sectionIndex="0" pointIndex="1764" originalElevation="131.1" isOriginalElevationFromOSM="true"><ele>130.8</ele></trkpt>
<trkpt lat="37.832300" lon="127.357120" sectionIndex="0" pointIndex="1765" originalElevation="131.6" isOriginalElevationFromOSM="true"><ele>132.3</ele></trkpt>
<trkpt lat="37.832540" lon="127.357470" sectionIndex="0" pointIndex="1766" originalElevation="132.0" isOriginalElevationFromOSM="true"><ele>133.2</ele></trkpt>
<trkpt lat="37.833790" lon="127.359550" sectionIndex="0" pointIndex="1767" originalElevation="136.1" isOriginalElevationFromOSM="true"><ele>134.7</ele></trkpt>
<trkpt lat="37.834120" lon="127.359270" sectionIndex="0" pointIndex="1768" originalElevation="135.2" isOriginalElevationFromOSM="true"><ele>136.8</ele></trkpt>
<trkpt lat="37.834460" lon="127.358850" sectionIndex="0" pointIndex="1769" originalElevation="138.8" isOriginalElevationFromOSM="true"><ele>138.4</ele></trkpt>
<trkpt lat="37.836020" lon="127.357780" sectionIndex="0" pointIndex="1770" originalElevation="142.2" isOriginalElevationFromOSM="true"><ele>139.2</ele></trkpt>
<trkpt lat="37.836155" lon="127.357704" sectionIndex="0" pointIndex="1771" originalElevation="140.0" isOriginalElevationFromOSM="false"><ele>140.2</ele></trkpt>
<trkpt lat="37.836193" lon="127.357675" sectionIndex="0" pointIndex="1772" originalElevation="140.0" isOriginalElevationFromOSM="false"><ele>140.4</ele></trkpt>
<trkpt lat="37.836232" lon="127.357646" sectionIndex="0" pointIndex="1773" originalElevation="140.0" isOriginalElevationFromOSM="false"><ele>140.0</ele></trkpt>
<trkpt lat="37.836271" lon="127.357618" sectionIndex="0" pointIndex="1774" originalElevation="140.0" isOriginalElevationFromOSM="false"><ele>140.0</ele></trkpt>
<trkpt lat="37.836310" lon="127.357589" sectionIndex="0" pointIndex="1775" originalElevation="140.0" isOriginalElevationFromOSM="false"><ele>140.0</ele></trkpt>
<trkpt lat="37.836328" lon="127.357576" sectionIndex="0" pointIndex="1776" originalElevation="140.0" isOriginalElevationFromOSM="false"><ele>140.0</ele></trkpt>
<trkpt lat="37.836370" lon="127.357554" sectionIndex="0" pointIndex="1777" originalElevation="140.0" isOriginalElevationFromOSM="false"><ele>140.0</ele></trkpt>
<trkpt lat="37.836411" lon="127.357532" sectionIndex="0" pointIndex="1778" originalElevation="140.0" isOriginalElevationFromOSM="false"><ele>140.0</ele></trkpt>
<trkpt lat="37.836453" lon="127.357510" sectionIndex="0" pointIndex="1779" originalElevation="140.0" isOriginalElevationFromOSM="false"><ele>140.0</ele></trkpt>
<trkpt lat="37.836494" lon="127.357488" sectionIndex="0" pointIndex="1780" originalElevation="140.0" isOriginalElevationFromOSM="false"><ele>140.0</ele></trkpt>
<trkpt lat="37.836502" lon="127.357484" sectionIndex="0" pointIndex="1781" originalElevation="140.0" isOriginalElevationFromOSM="false"><ele>140.0</ele></trkpt>
<trkpt lat="37.836546" lon="127.357475" sectionIndex="0" pointIndex="1782" originalElevation="140.0" isOriginalElevationFromOSM="false"><ele>140.0</ele></trkpt>
<trkpt lat="37.836591" lon="127.357466" sectionIndex="0" pointIndex="1783" originalElevation="140.0" isOriginalElevationFromOSM="false"><ele>140.0</ele></trkpt>
<trkpt lat="37.836635" lon="127.357456" sectionIndex="0" pointIndex="1784" originalElevation="140.0" isOriginalElevationFromOSM="false"><ele>140.0</ele></trkpt>
<trkpt lat="37.836679" lon="127.357447" sectionIndex="0" pointIndex="1785" originalElevation="140.0" isOriginalElevationFromOSM="false"><ele>140.0</ele></trkpt>
<trkpt lat="37.836680" lon="127.357447" sectionIndex="0" pointIndex="1786" originalElevation="140.0" isOriginalElevationFromOSM="false"><ele>140.5</ele></trkpt>
<trkpt lat="37.836943" lon="127.357441" sectionIndex="0" pointIndex="1787" originalElevation="140.0" isOriginalElevationFromOSM="false"><ele>139.7</ele></trkpt>
<trkpt lat="37.837130" lon="127.357180" sectionIndex="0" pointIndex="1788" originalElevation="142.4" isOriginalElevationFromOSM="true"><ele>138.9</ele></trkpt>
<trkpt lat="37.838840" lon="127.356740" sectionIndex="0" pointIndex="1789" originalElevation="136.1" isOriginalElevationFromOSM="true"><ele>138.4</ele></trkpt>
<trkpt lat="37.839380" lon="127.356710" sectionIndex="0" pointIndex="1790" originalElevation="136.1" isOriginalElevationFromOSM="true"><ele>138.0</ele></trkpt>
<trkpt lat="37.840240" lon="127.356950" sectionIndex="0" pointIndex="1791" originalElevation="137.7" isOriginalElevationFromOSM="true"><ele>137.1</ele></trkpt>
<trkpt lat="37.840550" lon="127.357130" sectionIndex="0" pointIndex="1792" originalElevation="137.8" isOriginalElevationFromOSM="true"><ele>137.7</ele></trkpt>
<trkpt lat="37.841340" lon="127.357570" sectionIndex="0" pointIndex="1793" originalElevation="137.9" isOriginalElevationFromOSM="true"><ele>138.6</ele></trkpt>
<trkpt lat="37.842150" lon="127.358090" sectionIndex="0" pointIndex="1794" originalElevation="138.9" isOriginalElevationFromOSM="true"><ele>139.3</ele></trkpt>
<trkpt lat="37.843760" lon="127.358530" sectionIndex="0" pointIndex="1795" originalElevation="140.6" isOriginalElevationFromOSM="true"><ele>139.9</ele></trkpt>
<trkpt lat="37.844040" lon="127.358500" sectionIndex="0" pointIndex="1796" originalElevation="141.1" isOriginalElevationFromOSM="true"><ele>140.4</ele></trkpt>
<trkpt lat="37.844540" lon="127.358140" sectionIndex="0" pointIndex="1797" originalElevation="140.9" isOriginalElevationFromOSM="true"><ele>140.6</ele></trkpt>
<trkpt lat="37.844870" lon="127.357730" sectionIndex="0" pointIndex="1798" originalElevation="140.6" isOriginalElevationFromOSM="true"><ele>140.4</ele></trkpt>
<trkpt lat="37.845140" lon="127.357170" sectionIndex="0" pointIndex="1799" originalElevation="139.9" isOriginalElevationFromOSM="true"><ele>142.4</ele></trkpt>
<trkpt lat="37.845400" lon="127.356600" sectionIndex="0" pointIndex="1800" originalElevation="139.7" isOriginalElevationFromOSM="true"><ele>144.4</ele></trkpt>
<trkpt lat="37.845670" lon="127.355800" sectionIndex="0" pointIndex="1801" originalElevation="151.0" isOriginalElevationFromOSM="false"><ele>146.5</ele></trkpt>
<trkpt lat="37.845674" lon="127.355743" sectionIndex="0" pointIndex="1802" originalElevation="151.0" isOriginalElevationFromOSM="false"><ele>148.7</ele></trkpt>
<trkpt lat="37.845678" lon="127.355686" sectionIndex="0" pointIndex="1803" originalElevation="151.0" isOriginalElevationFromOSM="false"><ele>149.1</ele></trkpt>
<trkpt lat="37.845682" lon="127.355630" sectionIndex="0" pointIndex="1804" originalElevation="151.0" isOriginalElevationFromOSM="false"><ele>149.4</ele></trkpt>
<trkpt lat="37.845686" lon="127.355573" sectionIndex="0" pointIndex="1805" originalElevation="151.0" isOriginalElevationFromOSM="false"><ele>148.4</ele></trkpt>
<trkpt lat="37.845680" lon="127.355490" sectionIndex="0" pointIndex="1806" originalElevation="143.1" isOriginalElevationFromOSM="true"><ele>147.7</ele></trkpt>
<trkpt lat="37.846440" lon="127.355170" sectionIndex="0" pointIndex="1807" originalElevation="146.2" isOriginalElevationFromOSM="true"><ele>147.0</ele></trkpt>
<trkpt lat="37.846620" lon="127.355130" sectionIndex="0" pointIndex="1808" originalElevation="147.1" isOriginalElevationFromOSM="true"><ele>147.1</ele></trkpt>
<trkpt lat="37.846800" lon="127.355140" sectionIndex="0" pointIndex="1809" originalElevation="147.8" isOriginalElevationFromOSM="true"><ele>149.3</ele></trkpt>
<trkpt lat="37.847620" lon="127.355380" sectionIndex="0" pointIndex="1810" originalElevation="151.4" isOriginalElevationFromOSM="true"><ele>153.8</ele></trkpt>
<trkpt lat="37.848250" lon="127.355500" sectionIndex="0" pointIndex="1811" originalElevation="154.1" isOriginalElevationFromOSM="true"><ele>159.4</ele></trkpt>
<trkpt lat="37.850220" lon="127.355870" sectionIndex="0" pointIndex="1812" originalElevation="168.5" isOriginalElevationFromOSM="true"><ele>165.8</ele></trkpt>
<trkpt lat="37.851560" lon="127.356070" sectionIndex="0" pointIndex="1813" originalElevation="175.3" isOriginalElevationFromOSM="true"><ele>170.9</ele></trkpt>
<trkpt lat="37.852370" lon="127.356010" sectionIndex="0" pointIndex="1814" originalElevation="179.6" isOriginalElevationFromOSM="true"><ele>174.8</ele></trkpt>
<trkpt lat="37.852890" lon="127.356000" sectionIndex="0" pointIndex="1815" originalElevation="177.2" isOriginalElevationFromOSM="true"><ele>175.1</ele></trkpt>
<trkpt lat="37.853390" lon="127.355940" sectionIndex="0" pointIndex="1816" originalElevation="173.2" isOriginalElevationFromOSM="true"><ele>173.9</ele></trkpt>
<trkpt lat="37.854010" lon="127.355910" sectionIndex="0" pointIndex="1817" originalElevation="170.2" isOriginalElevationFromOSM="true"><ele>171.9</ele></trkpt>
<trkpt lat="37.854200" lon="127.355930" sectionIndex="0" pointIndex="1818" originalElevation="169.5" isOriginalElevationFromOSM="true"><ele>170.9</ele></trkpt>
<trkpt lat="37.854400" lon="127.355980" sectionIndex="0" pointIndex="1819" originalElevation="169.4" isOriginalElevationFromOSM="true"><ele>170.7</ele></trkpt>
<trkpt lat="37.855420" lon="127.356380" sectionIndex="0" pointIndex="1820" originalElevation="172.3" isOriginalElevationFromOSM="true"><ele>169.8</ele></trkpt>
<trkpt lat="37.855620" lon="127.356420" sectionIndex="0" pointIndex="1821" originalElevation="171.9" isOriginalElevationFromOSM="true"><ele>169.1</ele></trkpt>
<trkpt lat="37.856470" lon="127.356470" sectionIndex="0" pointIndex="1822" originalElevation="165.8" isOriginalElevationFromOSM="true"><ele>168.5</ele></trkpt>
<trkpt lat="37.857040" lon="127.356460" sectionIndex="0" pointIndex="1823" originalElevation="166.0" isOriginalElevationFromOSM="true"><ele>167.3</ele></trkpt>
<trkpt lat="37.857370" lon="127.356360" sectionIndex="0" pointIndex="1824" originalElevation="166.6" isOriginalElevationFromOSM="true"><ele>165.9</ele></trkpt>
<trkpt lat="37.857580" lon="127.356230" sectionIndex="0" pointIndex="1825" originalElevation="166.1" isOriginalElevationFromOSM="true"><ele>165.6</ele></trkpt>
<trkpt lat="37.857840" lon="127.355980" sectionIndex="0" pointIndex="1826" originalElevation="164.9" isOriginalElevationFromOSM="true"><ele>165.1</ele></trkpt>
<trkpt lat="37.858010" lon="127.355780" sectionIndex="0" pointIndex="1827" originalElevation="164.5" isOriginalElevationFromOSM="true"><ele>164.8</ele></trkpt>
<trkpt lat="37.858440" lon="127.355070" sectionIndex="0" pointIndex="1828" originalElevation="163.6" isOriginalElevationFromOSM="true"><ele>164.9</ele></trkpt>
<trkpt lat="37.858870" lon="127.354130" sectionIndex="0" pointIndex="1829" originalElevation="165.0" isOriginalElevationFromOSM="true"><ele>165.5</ele></trkpt>
<trkpt lat="37.859130" lon="127.353580" sectionIndex="0" pointIndex="1830" originalElevation="166.6" isOriginalElevationFromOSM="true"><ele>166.8</ele></trkpt>
<trkpt lat="37.859310" lon="127.353140" sectionIndex="0" pointIndex="1831" originalElevation="168.0" isOriginalElevationFromOSM="true"><ele>168.4</ele></trkpt>
<trkpt lat="37.859650" lon="127.352020" sectionIndex="0" pointIndex="1832" originalElevation="170.7" isOriginalElevationFromOSM="true"><ele>169.6</ele></trkpt>
<trkpt lat="37.859930" lon="127.351180" sectionIndex="0" pointIndex="1833" originalElevation="171.7" isOriginalElevationFromOSM="true"><ele>170.7</ele></trkpt>
<trkpt lat="37.860030" lon="127.350970" sectionIndex="0" pointIndex="1834" originalElevation="171.1" isOriginalElevationFromOSM="true"><ele>171.5</ele></trkpt>
<trkpt lat="37.860260" lon="127.350680" sectionIndex="0" pointIndex="1835" originalElevation="172.0" isOriginalElevationFromOSM="true"><ele>171.5</ele></trkpt>
<trkpt lat="37.860480" lon="127.350450" sectionIndex="0" pointIndex="1836" originalElevation="172.1" isOriginalElevationFromOSM="true"><ele>171.2</ele></trkpt>
<trkpt lat="37.860880" lon="127.350130" sectionIndex="0" pointIndex="1837" originalElevation="170.5" isOriginalElevationFromOSM="true"><ele>171.1</ele></trkpt>
<trkpt lat="37.861190" lon="127.349940" sectionIndex="0" pointIndex="1838" originalElevation="170.3" isOriginalElevationFromOSM="true"><ele>170.8</ele></trkpt>
<trkpt lat="37.861440" lon="127.349840" sectionIndex="0" pointIndex="1839" originalElevation="170.6" isOriginalElevationFromOSM="true"><ele>170.9</ele></trkpt>
<trkpt lat="37.861710" lon="127.349770" sectionIndex="0" pointIndex="1840" originalElevation="170.6" isOriginalElevationFromOSM="true"><ele>171.7</ele></trkpt>
<trkpt lat="37.862660" lon="127.349630" sectionIndex="0" pointIndex="1841" originalElevation="172.7" isOriginalElevationFromOSM="true"><ele>172.5</ele></trkpt>
<trkpt lat="37.863290" lon="127.349500" sectionIndex="0" pointIndex="1842" originalElevation="174.5" isOriginalElevationFromOSM="true"><ele>173.5</ele></trkpt>
<trkpt lat="37.863520" lon="127.349480" sectionIndex="0" pointIndex="1843" originalElevation="174.2" isOriginalElevationFromOSM="true"><ele>174.8</ele></trkpt>
<trkpt lat="37.863830" lon="127.349580" sectionIndex="0" pointIndex="1844" originalElevation="175.5" isOriginalElevationFromOSM="true"><ele>175.9</ele></trkpt>
<trkpt lat="37.864160" lon="127.349820" sectionIndex="0" pointIndex="1845" originalElevation="177.3" isOriginalElevationFromOSM="true"><ele>177.6</ele></trkpt>
<trkpt lat="37.864900" lon="127.350400" sectionIndex="0" pointIndex="1846" originalElevation="177.9" isOriginalElevationFromOSM="true"><ele>179.8</ele></trkpt>
<trkpt lat="37.865310" lon="127.350930" sectionIndex="0" pointIndex="1847" originalElevation="182.9" isOriginalElevationFromOSM="true"><ele>182.4</ele></trkpt>
<trkpt lat="37.865570" lon="127.351280" sectionIndex="0" pointIndex="1848" originalElevation="185.5" isOriginalElevationFromOSM="true"><ele>184.6</ele></trkpt>
<trkpt lat="37.866240" lon="127.352480" sectionIndex="0" pointIndex="1849" originalElevation="188.6" isOriginalElevationFromOSM="true"><ele>186.7</ele></trkpt>
<trkpt lat="37.866490" lon="127.353060" sectionIndex="0" pointIndex="1850" originalElevation="188.3" isOriginalElevationFromOSM="true"><ele>188.2</ele></trkpt>
<trkpt lat="37.866660" lon="127.353470" sectionIndex="0" pointIndex="1851" originalElevation="188.1" isOriginalElevationFromOSM="true"><ele>189.0</ele></trkpt>
<trkpt lat="37.866720" lon="127.353600" sectionIndex="0" pointIndex="1852" originalElevation="190.5" isOriginalElevationFromOSM="true"><ele>189.4</ele></trkpt>
<trkpt lat="37.867280" lon="127.354060" sectionIndex="0" pointIndex="1853" originalElevation="189.7" isOriginalElevationFromOSM="true"><ele>188.3</ele></trkpt>
<trkpt lat="37.869610" lon="127.355430" sectionIndex="0" pointIndex="1854" originalElevation="190.2" isOriginalElevationFromOSM="true"><ele>187.4</ele></trkpt>
<trkpt lat="37.870340" lon="127.355820" sectionIndex="0" pointIndex="1855" originalElevation="183.1" isOriginalElevationFromOSM="true"><ele>185.9</ele></trkpt>
<trkpt lat="37.871120" lon="127.356040" sectionIndex="0" pointIndex="1856" originalElevation="183.7" isOriginalElevationFromOSM="true"><ele>184.5</ele></trkpt>
<trkpt lat="37.872770" lon="127.356740" sectionIndex="0" pointIndex="1857" originalElevation="182.8" isOriginalElevationFromOSM="true"><ele>183.4</ele></trkpt>
<trkpt lat="37.874260" lon="127.357600" sectionIndex="0" pointIndex="1858" originalElevation="182.6" isOriginalElevationFromOSM="true"><ele>185.0</ele></trkpt>
<trkpt lat="37.875010" lon="127.357930" sectionIndex="0" pointIndex="1859" originalElevation="184.6" isOriginalElevationFromOSM="true"><ele>187.1</ele></trkpt>
<trkpt lat="37.876110" lon="127.356260" sectionIndex="0" pointIndex="1860" originalElevation="191.1" isOriginalElevationFromOSM="true"><ele>189.5</ele></trkpt>
<trkpt lat="37.876370" lon="127.355950" sectionIndex="0" pointIndex="1861" originalElevation="194.2" isOriginalElevationFromOSM="true"><ele>191.9</ele></trkpt>
<trkpt lat="37.876560" lon="127.355820" sectionIndex="0" pointIndex="1862" originalElevation="194.9" isOriginalElevationFromOSM="true"><ele>193.8</ele></trkpt>
<trkpt lat="37.877040" lon="127.355710" sectionIndex="0" pointIndex="1863" originalElevation="194.9" isOriginalElevationFromOSM="true"><ele>194.6</ele></trkpt>
<trkpt lat="37.877770" lon="127.355740" sectionIndex="0" pointIndex="1864" originalElevation="193.7" isOriginalElevationFromOSM="true"><ele>195.3</ele></trkpt>
<trkpt lat="37.878110" lon="127.355710" sectionIndex="0" pointIndex="1865" originalElevation="195.5" isOriginalElevationFromOSM="true"><ele>195.1</ele></trkpt>
<trkpt lat="37.878720" lon="127.355860" sectionIndex="0" pointIndex="1866" originalElevation="197.5" isOriginalElevationFromOSM="true"><ele>194.9</ele></trkpt>
<trkpt lat="37.880110" lon="127.356540" sectionIndex="0" pointIndex="1867" originalElevation="193.9" isOriginalElevationFromOSM="true"><ele>196.2</ele></trkpt>
<trkpt lat="37.880590" lon="127.356620" sectionIndex="0" pointIndex="1868" originalElevation="194.0" isOriginalElevationFromOSM="true"><ele>198.3</ele></trkpt>
<trkpt lat="37.881680" lon="127.356390" sectionIndex="0" pointIndex="1869" originalElevation="200.2" isOriginalElevationFromOSM="true"><ele>199.8</ele></trkpt>
<trkpt lat="37.882550" lon="127.356170" sectionIndex="0" pointIndex="1870" originalElevation="206.1" isOriginalElevationFromOSM="true"><ele>201.8</ele></trkpt>
<trkpt lat="37.883170" lon="127.355890" sectionIndex="0" pointIndex="1871" originalElevation="204.6" isOriginalElevationFromOSM="true"><ele>204.3</ele></trkpt>
<trkpt lat="37.883850" lon="127.355400" sectionIndex="0" pointIndex="1872" originalElevation="204.1" isOriginalElevationFromOSM="true"><ele>207.1</ele></trkpt>
<trkpt lat="37.884700" lon="127.354830" sectionIndex="0" pointIndex="1873" originalElevation="206.3" isOriginalElevationFromOSM="true"><ele>210.9</ele></trkpt>
<trkpt lat="37.885560" lon="127.354400" sectionIndex="0" pointIndex="1874" originalElevation="214.5" isOriginalElevationFromOSM="true"><ele>215.0</ele></trkpt>
<trkpt lat="37.887270" lon="127.353390" sectionIndex="0" pointIndex="1875" originalElevation="225.0" isOriginalElevationFromOSM="true"><ele>219.3</ele></trkpt>
<trkpt lat="37.887970" lon="127.352950" sectionIndex="0" pointIndex="1876" originalElevation="225.2" isOriginalElevationFromOSM="true"><ele>223.1</ele></trkpt>
<trkpt lat="37.888220" lon="127.352790" sectionIndex="0" pointIndex="1877" originalElevation="225.4" isOriginalElevationFromOSM="true"><ele>225.7</ele></trkpt>
<trkpt lat="37.888520" lon="127.352480" sectionIndex="0" pointIndex="1878" originalElevation="225.6" isOriginalElevationFromOSM="true"><ele>226.4</ele></trkpt>
<trkpt lat="37.888800" lon="127.351890" sectionIndex="0" pointIndex="1879" originalElevation="227.3" isOriginalElevationFromOSM="true"><ele>226.9</ele></trkpt>
<trkpt lat="37.889340" lon="127.351200" sectionIndex="0" pointIndex="1880" originalElevation="228.3" isOriginalElevationFromOSM="true"><ele>227.6</ele></trkpt>
<trkpt lat="37.889970" lon="127.350900" sectionIndex="0" pointIndex="1881" originalElevation="228.1" isOriginalElevationFromOSM="true"><ele>229.4</ele></trkpt>
<trkpt lat="37.890570" lon="127.350880" sectionIndex="0" pointIndex="1882" originalElevation="228.9" isOriginalElevationFromOSM="true"><ele>231.0</ele></trkpt>
<trkpt lat="37.891530" lon="127.350750" sectionIndex="0" pointIndex="1883" originalElevation="234.3" isOriginalElevationFromOSM="true"><ele>231.4</ele></trkpt>
<trkpt lat="37.891910" lon="127.350770" sectionIndex="0" pointIndex="1884" originalElevation="235.5" isOriginalElevationFromOSM="true"><ele>231.9</ele></trkpt>
<trkpt lat="37.892710" lon="127.351170" sectionIndex="0" pointIndex="1885" originalElevation="230.5" isOriginalElevationFromOSM="true"><ele>232.4</ele></trkpt>
<trkpt lat="37.893240" lon="127.351330" sectionIndex="0" pointIndex="1886" originalElevation="230.3" isOriginalElevationFromOSM="true"><ele>232.6</ele></trkpt>
<trkpt lat="37.893630" lon="127.351340" sectionIndex="0" pointIndex="1887" originalElevation="231.6" isOriginalElevationFromOSM="true"><ele>233.4</ele></trkpt>
<trkpt lat="37.893980" lon="127.351210" sectionIndex="0" pointIndex="1888" originalElevation="235.3" isOriginalElevationFromOSM="true"><ele>235.3</ele></trkpt>
<trkpt lat="37.894790" lon="127.350710" sectionIndex="0" pointIndex="1889" originalElevation="239.3" isOriginalElevationFromOSM="true"><ele>236.8</ele></trkpt>
<trkpt lat="37.895340" lon="127.350310" sectionIndex="0" pointIndex="1890" originalElevation="240.2" isOriginalElevationFromOSM="true"><ele>238.2</ele></trkpt>
<trkpt lat="37.895840" lon="127.349940" sectionIndex="0" pointIndex="1891" originalElevation="237.5" isOriginalElevationFromOSM="true"><ele>239.1</ele></trkpt>
<trkpt lat="37.896070" lon="127.349590" sectionIndex="0" pointIndex="1892" originalElevation="238.5" isOriginalElevationFromOSM="true"><ele>238.5</ele></trkpt>
<trkpt lat="37.896180" lon="127.349110" sectionIndex="0" pointIndex="1893" originalElevation="239.9" isOriginalElevationFromOSM="true"><ele>238.3</ele></trkpt>
<trkpt lat="37.896390" lon="127.348360" sectionIndex="0" pointIndex="1894" originalElevation="236.5" isOriginalElevationFromOSM="true"><ele>239.4</ele></trkpt>
<trkpt lat="37.896770" lon="127.347360" sectionIndex="0" pointIndex="1895" originalElevation="239.3" isOriginalElevationFromOSM="true"><ele>240.8</ele></trkpt>
<trkpt lat="37.897060" lon="127.346790" sectionIndex="0" pointIndex="1896" originalElevation="243.0" isOriginalElevationFromOSM="true"><ele>242.3</ele></trkpt>
<trkpt lat="37.897380" lon="127.346370" sectionIndex="0" pointIndex="1897" originalElevation="245.2" isOriginalElevationFromOSM="true"><ele>244.7</ele></trkpt>
<trkpt lat="37.897980" lon="127.346010" sectionIndex="0" pointIndex="1898" originalElevation="247.5" isOriginalElevationFromOSM="true"><ele>246.6</ele></trkpt>
<trkpt lat="37.898580" lon="127.345730" sectionIndex="0" pointIndex="1899" originalElevation="248.3" isOriginalElevationFromOSM="true"><ele>247.5</ele></trkpt>
<trkpt lat="37.899270" lon="127.345520" sectionIndex="0" pointIndex="1900" originalElevation="249.2" isOriginalElevationFromOSM="true"><ele>248.0</ele></trkpt>
<trkpt lat="37.900860" lon="127.345520" sectionIndex="0" pointIndex="1901" originalElevation="247.3" isOriginalElevationFromOSM="true"><ele>248.6</ele></trkpt>
<trkpt lat="37.901460" lon="127.345570" sectionIndex="0" pointIndex="1902" originalElevation="247.6" isOriginalElevationFromOSM="true"><ele>249.3</ele></trkpt>
<trkpt lat="37.901980" lon="127.345440" sectionIndex="0" pointIndex="1903" originalElevation="250.6" isOriginalElevationFromOSM="true"><ele>252.4</ele></trkpt>
<trkpt lat="37.902670" lon="127.345120" sectionIndex="0" pointIndex="1904" originalElevation="252.0" isOriginalElevationFromOSM="true"><ele>255.4</ele></trkpt>
<trkpt lat="37.904220" lon="127.343450" sectionIndex="0" pointIndex="1905" originalElevation="264.4" isOriginalElevationFromOSM="true"><ele>258.4</ele></trkpt>
<trkpt lat="37.904890" lon="127.343290" sectionIndex="0" pointIndex="1906" originalElevation="262.7" isOriginalElevationFromOSM="true"><ele>261.0</ele></trkpt>
<trkpt lat="37.905460" lon="127.343350" sectionIndex="0" pointIndex="1907" originalElevation="262.2" isOriginalElevationFromOSM="true"><ele>263.4</ele></trkpt>
<trkpt lat="37.905880" lon="127.343510" sectionIndex="0" pointIndex="1908" originalElevation="263.9" isOriginalElevationFromOSM="true"><ele>263.1</ele></trkpt>
<trkpt lat="37.906230" lon="127.343540" sectionIndex="0" pointIndex="1909" originalElevation="263.9" isOriginalElevationFromOSM="true"><ele>264.5</ele></trkpt>
<trkpt lat="37.906560" lon="127.343460" sectionIndex="0" pointIndex="1910" originalElevation="263.1" isOriginalElevationFromOSM="true"><ele>266.2</ele></trkpt>
<trkpt lat="37.907390" lon="127.343110" sectionIndex="0" pointIndex="1911" originalElevation="269.4" isOriginalElevationFromOSM="true"><ele>268.7</ele></trkpt>
<trkpt lat="37.908750" lon="127.342450" sectionIndex="0" pointIndex="1912" originalElevation="270.7" isOriginalElevationFromOSM="true"><ele>272.1</ele></trkpt>
<trkpt lat="37.909650" lon="127.342120" sectionIndex="0" pointIndex="1913" originalElevation="276.4" isOriginalElevationFromOSM="true"><ele>280.1</ele></trkpt>
<trkpt lat="37.910800" lon="127.341520" sectionIndex="0" pointIndex="1914" originalElevation="280.9" isOriginalElevationFromOSM="true"><ele>287.4</ele></trkpt>
<trkpt lat="37.912930" lon="127.340350" sectionIndex="0" pointIndex="1915" originalElevation="303.0" isOriginalElevationFromOSM="true"><ele>295.2</ele></trkpt>
<trkpt lat="37.913390" lon="127.340230" sectionIndex="0" pointIndex="1916" originalElevation="306.1" isOriginalElevationFromOSM="true"><ele>302.9</ele></trkpt>
<trkpt lat="37.913870" lon="127.340200" sectionIndex="0" pointIndex="1917" originalElevation="309.6" isOriginalElevationFromOSM="true"><ele>310.1</ele></trkpt>
<trkpt lat="37.914230" lon="127.340350" sectionIndex="0" pointIndex="1918" originalElevation="315.1" isOriginalElevationFromOSM="true"><ele>313.1</ele></trkpt>
<trkpt lat="37.914590" lon="127.340460" sectionIndex="0" pointIndex="1919" originalElevation="316.8" isOriginalElevationFromOSM="true"><ele>317.6</ele></trkpt>
<trkpt lat="37.915090" lon="127.340500" sectionIndex="0" pointIndex="1920" originalElevation="317.9" isOriginalElevationFromOSM="true"><ele>321.8</ele></trkpt>
<trkpt lat="37.916740" lon="127.340110" sectionIndex="0" pointIndex="1921" originalElevation="328.4" isOriginalElevationFromOSM="true"><ele>325.6</ele></trkpt>
<trkpt lat="37.917400" lon="127.339700" sectionIndex="0" pointIndex="1922" originalElevation="331.0" isOriginalElevationFromOSM="true"><ele>329.4</ele></trkpt>
<trkpt lat="37.918090" lon="127.339190" sectionIndex="0" pointIndex="1923" originalElevation="333.7" isOriginalElevationFromOSM="true"><ele>333.3</ele></trkpt>
<trkpt lat="37.918380" lon="127.338940" sectionIndex="0" pointIndex="1924" originalElevation="335.8" isOriginalElevationFromOSM="true"><ele>335.5</ele></trkpt>
<trkpt lat="37.918570" lon="127.338800" sectionIndex="0" pointIndex="1925" originalElevation="337.7" isOriginalElevationFromOSM="true"><ele>337.5</ele></trkpt>
<trkpt lat="37.918760" lon="127.338730" sectionIndex="0" pointIndex="1926" originalElevation="339.4" isOriginalElevationFromOSM="true"><ele>339.5</ele></trkpt>
<trkpt lat="37.918960" lon="127.338720" sectionIndex="0" pointIndex="1927" originalElevation="341.1" isOriginalElevationFromOSM="true"><ele>342.1</ele></trkpt>
<trkpt lat="37.919190" lon="127.338740" sectionIndex="0" pointIndex="1928" originalElevation="343.3" isOriginalElevationFromOSM="true"><ele>344.7</ele></trkpt>
<trkpt lat="37.919720" lon="127.338680" sectionIndex="0" pointIndex="1929" originalElevation="348.8" isOriginalElevationFromOSM="true"><ele>348.5</ele></trkpt>
<trkpt lat="37.920370" lon="127.338440" sectionIndex="0" pointIndex="1930" originalElevation="350.9" isOriginalElevationFromOSM="true"><ele>353.8</ele></trkpt>
<trkpt lat="37.921150" lon="127.338090" sectionIndex="0" pointIndex="1931" originalElevation="358.3" isOriginalElevationFromOSM="true"><ele>359.4</ele></trkpt>
<trkpt lat="37.921900" lon="127.337840" sectionIndex="0" pointIndex="1932" originalElevation="367.9" isOriginalElevationFromOSM="true"><ele>364.4</ele></trkpt>
<trkpt lat="37.922150" lon="127.337790" sectionIndex="0" pointIndex="1933" originalElevation="371.0" isOriginalElevationFromOSM="true"><ele>369.7</ele></trkpt>
<trkpt lat="37.922400" lon="127.337770" sectionIndex="0" pointIndex="1934" originalElevation="374.1" isOriginalElevationFromOSM="true"><ele>376.1</ele></trkpt>
<trkpt lat="37.922600" lon="127.337770" sectionIndex="0" pointIndex="1935" originalElevation="377.0" isOriginalElevationFromOSM="true"><ele>381.5</ele></trkpt>
<trkpt lat="37.923460" lon="127.337890" sectionIndex="0" pointIndex="1936" originalElevation="390.6" isOriginalElevationFromOSM="true"><ele>383.7</ele></trkpt>
<trkpt lat="37.924350" lon="127.338060" sectionIndex="0" pointIndex="1937" originalElevation="394.7" isOriginalElevationFromOSM="true"><ele>381.1</ele></trkpt>
<trkpt lat="37.925220" lon="127.338140" sectionIndex="0" pointIndex="1938" originalElevation="382.0" isOriginalElevationFromOSM="true"><ele>373.1</ele></trkpt>
<trkpt lat="37.925990" lon="127.338230" sectionIndex="0" pointIndex="1939" originalElevation="361.2" isOriginalElevationFromOSM="true"><ele>360.7</ele></trkpt>
<trkpt lat="37.927350" lon="127.338700" sectionIndex="0" pointIndex="1940" originalElevation="337.0" isOriginalElevationFromOSM="true"><ele>345.6</ele></trkpt>
<trkpt lat="37.927780" lon="127.338740" sectionIndex="0" pointIndex="1941" originalElevation="328.8" isOriginalElevationFromOSM="true"><ele>329.4</ele></trkpt>
<trkpt lat="37.928230" lon="127.338580" sectionIndex="0" pointIndex="1942" originalElevation="318.8" isOriginalElevationFromOSM="true"><ele>316.5</ele></trkpt>
<trkpt lat="37.929080" lon="127.338080" sectionIndex="0" pointIndex="1943" originalElevation="301.2" isOriginalElevationFromOSM="true"><ele>307.6</ele></trkpt>
<trkpt lat="37.929500" lon="127.337900" sectionIndex="0" pointIndex="1944" originalElevation="296.9" isOriginalElevationFromOSM="true"><ele>296.9</ele></trkpt>
<trkpt lat="37.929920" lon="127.337880" sectionIndex="0" pointIndex="1945" originalElevation="292.2" isOriginalElevationFromOSM="true"><ele>287.6</ele></trkpt>
<trkpt lat="37.931640" lon="127.338250" sectionIndex="0" pointIndex="1946" originalElevation="275.7" isOriginalElevationFromOSM="true"><ele>281.2</ele></trkpt>
<trkpt lat="37.932130" lon="127.338200" sectionIndex="0" pointIndex="1947" originalElevation="272.1" isOriginalElevationFromOSM="true"><ele>274.6</ele></trkpt>
<trkpt lat="37.932430" lon="127.338050" sectionIndex="0" pointIndex="1948" originalElevation="269.0" isOriginalElevationFromOSM="true"><ele>267.6</ele></trkpt>
<trkpt lat="37.932700" lon="127.337750" sectionIndex="0" pointIndex="1949" originalElevation="263.8" isOriginalElevationFromOSM="true"><ele>263.6</ele></trkpt>
<trkpt lat="37.933050" lon="127.337620" sectionIndex="0" pointIndex="1950" originalElevation="257.7" isOriginalElevationFromOSM="true"><ele>260.2</ele></trkpt>
<trkpt lat="37.933370" lon="127.337730" sectionIndex="0" pointIndex="1951" originalElevation="255.2" isOriginalElevationFromOSM="true"><ele>256.2</ele></trkpt>
<trkpt lat="37.933730" lon="127.338020" sectionIndex="0" pointIndex="1952" originalElevation="255.5" isOriginalElevationFromOSM="true"><ele>253.4</ele></trkpt>
<trkpt lat="37.934100" lon="127.338350" sectionIndex="0" pointIndex="1953" originalElevation="248.7" isOriginalElevationFromOSM="true"><ele>251.3</ele></trkpt>
<trkpt lat="37.934570" lon="127.338640" sectionIndex="0" pointIndex="1954" originalElevation="250.1" isOriginalElevationFromOSM="true"><ele>248.9</ele></trkpt>
<trkpt lat="37.935080" lon="127.338790" sectionIndex="0" pointIndex="1955" originalElevation="246.9" isOriginalElevationFromOSM="true"><ele>244.5</ele></trkpt>
<trkpt lat="37.935750" lon="127.338750" sectionIndex="0" pointIndex="1956" originalElevation="243.4" isOriginalElevationFromOSM="true"><ele>240.8</ele></trkpt>
<trkpt lat="37.936510" lon="127.338540" sectionIndex="0" pointIndex="1957" originalElevation="233.5" isOriginalElevationFromOSM="true"><ele>236.9</ele></trkpt>
<trkpt lat="37.936950" lon="127.338450" sectionIndex="0" pointIndex="1958" originalElevation="229.9" isOriginalElevationFromOSM="true"><ele>234.9</ele></trkpt>
<trkpt lat="37.937270" lon="127.338250" sectionIndex="0" pointIndex="1959" originalElevation="231.1" isOriginalElevationFromOSM="true"><ele>235.7</ele></trkpt>
<trkpt lat="37.937500" lon="127.338000" sectionIndex="0" pointIndex="1960" originalElevation="236.9" isOriginalElevationFromOSM="true"><ele>239.3</ele></trkpt>
<trkpt lat="37.937700" lon="127.337560" sectionIndex="0" pointIndex="1961" originalElevation="247.1" isOriginalElevationFromOSM="true"><ele>244.7</ele></trkpt>
<trkpt lat="37.937740" lon="127.337260" sectionIndex="0" pointIndex="1962" originalElevation="251.7" isOriginalElevationFromOSM="true"><ele>250.6</ele></trkpt>
<trkpt lat="37.937730" lon="127.336880" sectionIndex="0" pointIndex="1963" originalElevation="256.8" isOriginalElevationFromOSM="true"><ele>255.3</ele></trkpt>
<trkpt lat="37.937770" lon="127.336380" sectionIndex="0" pointIndex="1964" originalElevation="260.4" isOriginalElevationFromOSM="true"><ele>257.8</ele></trkpt>
<trkpt lat="37.937960" lon="127.335890" sectionIndex="0" pointIndex="1965" originalElevation="260.3" isOriginalElevationFromOSM="true"><ele>259.1</ele></trkpt>
<trkpt lat="37.938180" lon="127.335640" sectionIndex="0" pointIndex="1966" originalElevation="259.6" isOriginalElevationFromOSM="true"><ele>259.3</ele></trkpt>
<trkpt lat="37.938350" lon="127.335520" sectionIndex="0" pointIndex="1967" originalElevation="258.6" isOriginalElevationFromOSM="true"><ele>257.9</ele></trkpt>
<trkpt lat="37.938450" lon="127.335460" sectionIndex="0" pointIndex="1968" originalElevation="257.8" isOriginalElevationFromOSM="true"><ele>255.1</ele></trkpt>
<trkpt lat="37.938880" lon="127.335340" sectionIndex="0" pointIndex="1969" originalElevation="253.4" isOriginalElevationFromOSM="true"><ele>250.4</ele></trkpt>
<trkpt lat="37.939440" lon="127.335240" sectionIndex="0" pointIndex="1970" originalElevation="246.3" isOriginalElevationFromOSM="true"><ele>245.2</ele></trkpt>
<trkpt lat="37.940100" lon="127.335060" sectionIndex="0" pointIndex="1971" originalElevation="235.8" isOriginalElevationFromOSM="true"><ele>238.1</ele></trkpt>
<trkpt lat="37.940260" lon="127.334980" sectionIndex="0" pointIndex="1972" originalElevation="232.8" isOriginalElevationFromOSM="true"><ele>231.5</ele></trkpt>
<trkpt lat="37.940900" lon="127.334610" sectionIndex="0" pointIndex="1973" originalElevation="222.0" isOriginalElevationFromOSM="true"><ele>226.1</ele></trkpt>
<trkpt lat="37.941050" lon="127.334550" sectionIndex="0" pointIndex="1974" originalElevation="220.6" isOriginalElevationFromOSM="true"><ele>222.2</ele></trkpt>
<trkpt lat="37.941190" lon="127.334530" sectionIndex="0" pointIndex="1975" originalElevation="219.2" isOriginalElevationFromOSM="true"><ele>217.6</ele></trkpt>
<trkpt lat="37.941400" lon="127.334570" sectionIndex="0" pointIndex="1976" originalElevation="216.5" isOriginalElevationFromOSM="true"><ele>214.6</ele></trkpt>
<trkpt lat="37.941980" lon="127.334860" sectionIndex="0" pointIndex="1977" originalElevation="209.9" isOriginalElevationFromOSM="true"><ele>208.9</ele></trkpt>
<trkpt lat="37.942300" lon="127.334930" sectionIndex="0" pointIndex="1978" originalElevation="207.0" isOriginalElevationFromOSM="true"><ele>203.4</ele></trkpt>
<trkpt lat="37.943270" lon="127.334990" sectionIndex="0" pointIndex="1979" originalElevation="192.1" isOriginalElevationFromOSM="true"><ele>198.8</ele></trkpt>
<trkpt lat="37.943420" lon="127.334970" sectionIndex="0" pointIndex="1980" originalElevation="191.5" isOriginalElevationFromOSM="true"><ele>195.4</ele></trkpt>
<trkpt lat="37.943660" lon="127.334740" sectionIndex="0" pointIndex="1981" originalElevation="193.3" isOriginalElevationFromOSM="true"><ele>192.1</ele></trkpt>
<trkpt lat="37.943880" lon="127.334510" sectionIndex="0" pointIndex="1982" originalElevation="193.2" isOriginalElevationFromOSM="true"><ele>191.3</ele></trkpt>
<trkpt lat="37.944190" lon="127.334270" sectionIndex="0" pointIndex="1983" originalElevation="190.3" isOriginalElevationFromOSM="true"><ele>190.2</ele></trkpt>
<trkpt lat="37.944640" lon="127.334070" sectionIndex="0" pointIndex="1984" originalElevation="188.2" isOriginalElevationFromOSM="true"><ele>188.8</ele></trkpt>
<trkpt lat="37.945770" lon="127.333630" sectionIndex="0" pointIndex="1985" originalElevation="186.1" isOriginalElevationFromOSM="true"><ele>187.4</ele></trkpt>
<trkpt lat="37.945850" lon="127.333580" sectionIndex="0" pointIndex="1986" originalElevation="186.1" isOriginalElevationFromOSM="true"><ele>186.8</ele></trkpt>
<trkpt lat="37.946030" lon="127.333430" sectionIndex="0" pointIndex="1987" originalElevation="186.2" isOriginalElevationFromOSM="true"><ele>187.9</ele></trkpt>
<trkpt lat="37.946200" lon="127.333240" sectionIndex="0" pointIndex="1988" originalElevation="187.4" isOriginalElevationFromOSM="true"><ele>189.5</ele></trkpt>
<trkpt lat="37.946680" lon="127.332510" sectionIndex="0" pointIndex="1989" originalElevation="193.6" isOriginalElevationFromOSM="true"><ele>190.7</ele></trkpt>
<trkpt lat="37.946890" lon="127.332300" sectionIndex="0" pointIndex="1990" originalElevation="194.2" isOriginalElevationFromOSM="true"><ele>191.3</ele></trkpt>
<trkpt lat="37.947600" lon="127.331930" sectionIndex="0" pointIndex="1991" originalElevation="191.9" isOriginalElevationFromOSM="true"><ele>190.9</ele></trkpt>
<trkpt lat="37.947940" lon="127.331700" sectionIndex="0" pointIndex="1992" originalElevation="189.2" isOriginalElevationFromOSM="true"><ele>188.7</ele></trkpt>
<trkpt lat="37.948430" lon="127.331300" sectionIndex="0" pointIndex="1993" originalElevation="185.7" isOriginalElevationFromOSM="true"><ele>185.9</ele></trkpt>
<trkpt lat="37.948750" lon="127.330990" sectionIndex="0" pointIndex="1994" originalElevation="182.7" isOriginalElevationFromOSM="true"><ele>183.7</ele></trkpt>
<trkpt lat="37.948910" lon="127.330800" sectionIndex="0" pointIndex="1995" originalElevation="179.9" isOriginalElevationFromOSM="true"><ele>182.5</ele></trkpt>
<trkpt lat="37.949330" lon="127.330230" sectionIndex="0" pointIndex="1996" originalElevation="181.2" isOriginalElevationFromOSM="true"><ele>180.8</ele></trkpt>
<trkpt lat="37.949730" lon="127.329720" sectionIndex="0" pointIndex="1997" originalElevation="183.1" isOriginalElevationFromOSM="true"><ele>179.3</ele></trkpt>
<trkpt lat="37.950730" lon="127.328480" sectionIndex="0" pointIndex="1998" originalElevation="177.3" isOriginalElevationFromOSM="true"><ele>177.1</ele></trkpt>
<trkpt lat="37.951120" lon="127.327890" sectionIndex="0" pointIndex="1999" originalElevation="175.1" isOriginalElevationFromOSM="true"><ele>173.8</ele></trkpt>
<trkpt lat="37.951510" lon="127.327230" sectionIndex="0" pointIndex="2000" originalElevation="168.7" isOriginalElevationFromOSM="true"><ele>173.8</ele></trkpt>
<trkpt lat="37.951690" lon="127.326880" sectionIndex="0" pointIndex="2001" originalElevation="165.0" isOriginalElevationFromOSM="true"><ele>171.4</ele></trkpt>
<trkpt lat="37.954120" lon="127.329000" sectionIndex="0" pointIndex="2002" originalElevation="183.1" isOriginalElevationFromOSM="true"><ele>165.7</ele></trkpt>
<trkpt lat="37.959220" lon="127.331940" sectionIndex="0" pointIndex="2003" originalElevation="165.0" isOriginalElevationFromOSM="true"><ele>161.1</ele></trkpt>
<trkpt lat="37.960440" lon="127.332640" sectionIndex="0" pointIndex="2004" originalElevation="146.8" isOriginalElevationFromOSM="true"><ele>156.2</ele></trkpt>
<trkpt lat="37.961030" lon="127.332520" sectionIndex="0" pointIndex="2005" originalElevation="145.7" isOriginalElevationFromOSM="true"><ele>147.6</ele></trkpt>
<trkpt lat="37.963220" lon="127.331690" sectionIndex="0" pointIndex="2006" originalElevation="140.4" isOriginalElevationFromOSM="true"><ele>142.4</ele></trkpt>
<trkpt lat="37.963360" lon="127.331610" sectionIndex="0" pointIndex="2007" originalElevation="140.0" isOriginalElevationFromOSM="true"><ele>140.8</ele></trkpt>
<trkpt lat="37.965080" lon="127.330950" sectionIndex="0" pointIndex="2008" originalElevation="139.3" isOriginalElevationFromOSM="true"><ele>138.7</ele></trkpt>
<trkpt lat="37.965240" lon="127.330910" sectionIndex="0" pointIndex="2009" originalElevation="138.7" isOriginalElevationFromOSM="true"><ele>137.2</ele></trkpt>
<trkpt lat="37.966410" lon="127.330190" sectionIndex="0" pointIndex="2010" originalElevation="135.3" isOriginalElevationFromOSM="true"><ele>135.6</ele></trkpt>
<trkpt lat="37.966800" lon="127.329940" sectionIndex="0" pointIndex="2011" originalElevation="132.9" isOriginalElevationFromOSM="true"><ele>134.0</ele></trkpt>
<trkpt lat="37.968060" lon="127.329150" sectionIndex="0" pointIndex="2012" originalElevation="131.9" isOriginalElevationFromOSM="true"><ele>132.3</ele></trkpt>
<trkpt lat="37.968940" lon="127.328670" sectionIndex="0" pointIndex="2013" originalElevation="131.4" isOriginalElevationFromOSM="true"><ele>131.8</ele></trkpt>
<trkpt lat="37.971890" lon="127.330330" sectionIndex="0" pointIndex="2014" originalElevation="129.8" isOriginalElevationFromOSM="true"><ele>132.1</ele></trkpt>
<trkpt lat="37.973940" lon="127.331750" sectionIndex="0" pointIndex="2015" originalElevation="133.0" isOriginalElevationFromOSM="true"><ele>132.7</ele></trkpt>
<trkpt lat="37.974230" lon="127.332080" sectionIndex="0" pointIndex="2016" originalElevation="134.3" isOriginalElevationFromOSM="true"><ele>132.8</ele></trkpt>
<trkpt lat="37.974650" lon="127.332760" sectionIndex="0" pointIndex="2017" originalElevation="134.9" isOriginalElevationFromOSM="true"><ele>133.3</ele></trkpt>
<trkpt lat="37.975320" lon="127.333770" sectionIndex="0" pointIndex="2018" originalElevation="132.3" isOriginalElevationFromOSM="true"><ele>133.4</ele></trkpt>
<trkpt lat="37.975490" lon="127.333930" sectionIndex="0" pointIndex="2019" originalElevation="131.8" isOriginalElevationFromOSM="true"><ele>134.1</ele></trkpt>
<trkpt lat="37.976580" lon="127.334750" sectionIndex="0" pointIndex="2020" originalElevation="133.7" isOriginalElevationFromOSM="true"><ele>136.2</ele></trkpt>
<trkpt lat="37.977380" lon="127.335670" sectionIndex="0" pointIndex="2021" originalElevation="137.9" isOriginalElevationFromOSM="true"><ele>138.5</ele></trkpt>
<trkpt lat="37.979110" lon="127.338860" sectionIndex="0" pointIndex="2022" originalElevation="145.2" isOriginalElevationFromOSM="true"><ele>140.8</ele></trkpt>
<trkpt lat="37.980590" lon="127.340520" sectionIndex="0" pointIndex="2023" originalElevation="144.0" isOriginalElevationFromOSM="true"><ele>143.2</ele></trkpt>
<trkpt lat="37.980950" lon="127.340960" sectionIndex="0" pointIndex="2024" originalElevation="143.3" isOriginalElevationFromOSM="true"><ele>145.2</ele></trkpt>
<trkpt lat="37.981660" lon="127.341500" sectionIndex="0" pointIndex="2025" originalElevation="145.4" isOriginalElevationFromOSM="true"><ele>144.3</ele></trkpt>
<trkpt lat="37.982410" lon="127.342300" sectionIndex="0" pointIndex="2026" originalElevation="147.9" isOriginalElevationFromOSM="true"><ele>144.1</ele></trkpt>
<trkpt lat="37.983760" lon="127.343970" sectionIndex="0" pointIndex="2027" originalElevation="140.8" isOriginalElevationFromOSM="true"><ele>145.3</ele></trkpt>
<trkpt lat="37.984350" lon="127.345420" sectionIndex="0" pointIndex="2028" originalElevation="143.0" isOriginalElevationFromOSM="true"><ele>149.1</ele></trkpt>
<trkpt lat="37.985550" lon="127.346540" sectionIndex="0" pointIndex="2029" originalElevation="149.2" isOriginalElevationFromOSM="true"><ele>151.0</ele></trkpt>
<trkpt lat="37.988280" lon="127.349130" sectionIndex="0" pointIndex="2030" originalElevation="164.4" isOriginalElevationFromOSM="true"><ele>151.8</ele></trkpt>
<trkpt lat="37.989080" lon="127.350810" sectionIndex="0" pointIndex="2031" originalElevation="157.7" isOriginalElevationFromOSM="true"><ele>151.1</ele></trkpt>
<trkpt lat="37.990520" lon="127.352810" sectionIndex="0" pointIndex="2032" originalElevation="144.7" isOriginalElevationFromOSM="true"><ele>149.2</ele></trkpt>
<trkpt lat="37.993030" lon="127.354760" sectionIndex="0" pointIndex="2033" originalElevation="139.3" isOriginalElevationFromOSM="true"><ele>144.0</ele></trkpt>
<trkpt lat="37.993150" lon="127.354900" sectionIndex="0" pointIndex="2034" originalElevation="139.8" isOriginalElevationFromOSM="true"><ele>140.4</ele></trkpt>
<trkpt lat="37.996000" lon="127.356920" sectionIndex="0" pointIndex="2035" originalElevation="138.6" isOriginalElevationFromOSM="true"><ele>139.9</ele></trkpt>
<trkpt lat="37.996430" lon="127.357270" sectionIndex="0" pointIndex="2036" originalElevation="139.6" isOriginalElevationFromOSM="true"><ele>143.0</ele></trkpt>
<trkpt lat="37.996790" lon="127.357830" sectionIndex="0" pointIndex="2037" originalElevation="142.1" isOriginalElevationFromOSM="true"><ele>147.0</ele></trkpt>
<trkpt lat="37.997660" lon="127.360640" sectionIndex="0" pointIndex="2038" originalElevation="154.9" isOriginalElevationFromOSM="true"><ele>151.9</ele></trkpt>
<trkpt lat="37.998310" lon="127.361770" sectionIndex="0" pointIndex="2039" originalElevation="159.8" isOriginalElevationFromOSM="true"><ele>156.2</ele></trkpt>
<trkpt lat="37.999480" lon="127.362940" sectionIndex="0" pointIndex="2040" originalElevation="163.1" isOriginalElevationFromOSM="true"><ele>159.8</ele></trkpt>
<trkpt lat="38.000090" lon="127.363200" sectionIndex="0" pointIndex="2041" originalElevation="161.3" isOriginalElevationFromOSM="true"><ele>161.1</ele></trkpt>
<trkpt lat="38.000560" lon="127.363430" sectionIndex="0" pointIndex="2042" originalElevation="160.2" isOriginalElevationFromOSM="true"><ele>161.1</ele></trkpt>
<trkpt lat="38.002550" lon="127.364830" sectionIndex="0" pointIndex="2043" originalElevation="161.0" isOriginalElevationFromOSM="true"><ele>160.6</ele></trkpt>
<trkpt lat="38.003930" lon="127.366080" sectionIndex="0" pointIndex="2044" originalElevation="159.9" isOriginalElevationFromOSM="true"><ele>161.1</ele></trkpt>
<trkpt lat="38.004460" lon="127.366330" sectionIndex="0" pointIndex="2045" originalElevation="160.8" isOriginalElevationFromOSM="true"><ele>162.0</ele></trkpt>
<trkpt lat="38.005270" lon="127.366670" sectionIndex="0" pointIndex="2046" originalElevation="163.6" isOriginalElevationFromOSM="true"><ele>162.6</ele></trkpt>
<trkpt lat="38.006190" lon="127.366930" sectionIndex="0" pointIndex="2047" originalElevation="164.7" isOriginalElevationFromOSM="true"><ele>163.5</ele></trkpt>
<trkpt lat="38.007860" lon="127.367720" sectionIndex="0" pointIndex="2048" originalElevation="163.9" isOriginalElevationFromOSM="true"><ele>163.9</ele></trkpt>
<trkpt lat="38.008520" lon="127.367850" sectionIndex="0" pointIndex="2049" originalElevation="164.6" isOriginalElevationFromOSM="true"><ele>161.2</ele></trkpt>
<trkpt lat="38.009850" lon="127.367870" sectionIndex="0" pointIndex="2050" originalElevation="162.8" isOriginalElevationFromOSM="true"><ele>157.5</ele></trkpt>
<trkpt lat="38.013160" lon="127.367750" sectionIndex="0" pointIndex="2051" originalElevation="149.9" isOriginalElevationFromOSM="true"><ele>153.8</ele></trkpt>
<trkpt lat="38.014720" lon="127.368270" sectionIndex="0" pointIndex="2052" originalElevation="146.4" isOriginalElevationFromOSM="true"><ele>150.0</ele></trkpt>
<trkpt lat="38.017030" lon="127.369060" sectionIndex="0" pointIndex="2053" originalElevation="145.5" isOriginalElevationFromOSM="true"><ele>146.1</ele></trkpt>
<trkpt lat="38.018880" lon="127.369740" sectionIndex="0" pointIndex="2054" originalElevation="145.3" isOriginalElevationFromOSM="true"><ele>144.9</ele></trkpt>
<trkpt lat="38.019390" lon="127.369760" sectionIndex="0" pointIndex="2055" originalElevation="143.6" isOriginalElevationFromOSM="true"><ele>145.3</ele></trkpt>
<trkpt lat="38.020210" lon="127.369690" sectionIndex="0" pointIndex="2056" originalElevation="143.7" isOriginalElevationFromOSM="true"><ele>145.8</ele></trkpt>
<trkpt lat="38.021160" lon="127.368500" sectionIndex="0" pointIndex="2057" originalElevation="148.2" isOriginalElevationFromOSM="true"><ele>146.6</ele></trkpt>
<trkpt lat="38.021360" lon="127.368310" sectionIndex="0" pointIndex="2058" originalElevation="148.2" isOriginalElevationFromOSM="true"><ele>147.7</ele></trkpt>
<trkpt lat="38.021590" lon="127.368210" sectionIndex="0" pointIndex="2059" originalElevation="149.4" isOriginalElevationFromOSM="true"><ele>149.2</ele></trkpt>
<trkpt lat="38.022330" lon="127.368180" sectionIndex="0" pointIndex="2060" originalElevation="149.2" isOriginalElevationFromOSM="true"><ele>149.6</ele></trkpt>
<trkpt lat="38.023500" lon="127.368310" sectionIndex="0" pointIndex="2061" originalElevation="151.0" isOriginalElevationFromOSM="true"><ele>150.2</ele></trkpt>
<trkpt lat="38.024610" lon="127.368530" sectionIndex="0" pointIndex="2062" originalElevation="150.2" isOriginalElevationFromOSM="true"><ele>150.3</ele></trkpt>
<trkpt lat="38.025110" lon="127.368600" sectionIndex="0" pointIndex="2063" originalElevation="151.4" isOriginalElevationFromOSM="true"><ele>150.9</ele></trkpt>
<trkpt lat="38.025800" lon="127.368520" sectionIndex="0" pointIndex="2064" originalElevation="149.6" isOriginalElevationFromOSM="true"><ele>151.2</ele></trkpt>
<trkpt lat="38.026680" lon="127.368390" sectionIndex="0" pointIndex="2065" originalElevation="152.2" isOriginalElevationFromOSM="true"><ele>151.4</ele></trkpt>
<trkpt lat="38.027160" lon="127.368210" sectionIndex="0" pointIndex="2066" originalElevation="152.6" isOriginalElevationFromOSM="true"><ele>151.3</ele></trkpt>
<trkpt lat="38.028180" lon="127.367750" sectionIndex="0" pointIndex="2067" originalElevation="151.2" isOriginalElevationFromOSM="true"><ele>151.4</ele></trkpt>
<trkpt lat="38.028850" lon="127.367550" sectionIndex="0" pointIndex="2068" originalElevation="150.7" isOriginalElevationFromOSM="true"><ele>150.6</ele></trkpt>
<trkpt lat="38.029340" lon="127.367410" sectionIndex="0" pointIndex="2069" originalElevation="150.2" isOriginalElevationFromOSM="true"><ele>149.8</ele></trkpt>
<trkpt lat="38.030030" lon="127.367090" sectionIndex="0" pointIndex="2070" originalElevation="148.1" isOriginalElevationFromOSM="true"><ele>148.7</ele></trkpt>
<trkpt lat="38.031670" lon="127.366590" sectionIndex="0" pointIndex="2071" originalElevation="148.8" isOriginalElevationFromOSM="true"><ele>147.8</ele></trkpt>
<trkpt lat="38.032450" lon="127.366340" sectionIndex="0" pointIndex="2072" originalElevation="145.6" isOriginalElevationFromOSM="true"><ele>147.1</ele></trkpt>
<trkpt lat="38.032920" lon="127.366210" sectionIndex="0" pointIndex="2073" originalElevation="146.1" isOriginalElevationFromOSM="true"><ele>147.1</ele></trkpt>
<trkpt lat="38.033300" lon="127.366160" sectionIndex="0" pointIndex="2074" originalElevation="147.1" isOriginalElevationFromOSM="true"><ele>147.4</ele></trkpt>
<trkpt lat="38.033640" lon="127.366180" sectionIndex="0" pointIndex="2075" originalElevation="147.7" isOriginalElevationFromOSM="true"><ele>148.3</ele></trkpt>
<trkpt lat="38.036050" lon="127.366650" sectionIndex="0" pointIndex="2076" originalElevation="150.4" isOriginalElevationFromOSM="true"><ele>149.1</ele></trkpt>
<trkpt lat="38.037140" lon="127.367040" sectionIndex="0" pointIndex="2077" originalElevation="150.1" isOriginalElevationFromOSM="true"><ele>149.8</ele></trkpt>
<trkpt lat="38.037540" lon="127.367150" sectionIndex="0" pointIndex="2078" originalElevation="150.2" isOriginalElevationFromOSM="true"><ele>150.6</ele></trkpt>
<trkpt lat="38.038070" lon="127.367370" sectionIndex="0" pointIndex="2079" originalElevation="150.8" isOriginalElevationFromOSM="true"><ele>150.9</ele></trkpt>
<trkpt lat="38.038400" lon="127.367720" sectionIndex="0" pointIndex="2080" originalElevation="151.7" isOriginalElevationFromOSM="true"><ele>151.5</ele></trkpt>
<trkpt lat="38.038840" lon="127.368120" sectionIndex="0" pointIndex="2081" originalElevation="152.0" isOriginalElevationFromOSM="true"><ele>152.0</ele></trkpt>
<trkpt lat="38.039480" lon="127.368750" sectionIndex="0" pointIndex="2082" originalElevation="152.7" isOriginalElevationFromOSM="true"><ele>152.8</ele></trkpt>
<trkpt lat="38.040650" lon="127.370390" sectionIndex="0" pointIndex="2083" originalElevation="152.8" isOriginalElevationFromOSM="true"><ele>153.4</ele></trkpt>
<trkpt lat="38.040870" lon="127.370750" sectionIndex="0" pointIndex="2084" originalElevation="154.6" isOriginalElevationFromOSM="true"><ele>154.3</ele></trkpt>
<trkpt lat="38.041300" lon="127.371190" sectionIndex="0" pointIndex="2085" originalElevation="154.8" isOriginalElevationFromOSM="true"><ele>155.8</ele></trkpt>
<trkpt lat="38.042730" lon="127.372370" sectionIndex="0" pointIndex="2086" originalElevation="156.4" isOriginalElevationFromOSM="true"><ele>157.7</ele></trkpt>
<trkpt lat="38.044330" lon="127.373870" sectionIndex="0" pointIndex="2087" originalElevation="160.3" isOriginalElevationFromOSM="true"><ele>162.4</ele></trkpt>
<trkpt lat="38.044940" lon="127.374610" sectionIndex="0" pointIndex="2088" originalElevation="162.3" isOriginalElevationFromOSM="true"><ele>169.2</ele></trkpt>
<trkpt lat="38.045880" lon="127.375930" sectionIndex="0" pointIndex="2089" originalElevation="178.4" isOriginalElevationFromOSM="true"><ele>173.8</ele></trkpt>
<trkpt lat="38.046390" lon="127.376670" sectionIndex="0" pointIndex="2090" originalElevation="188.7" isOriginalElevationFromOSM="true"><ele>175.0</ele></trkpt>
<trkpt lat="38.046930" lon="127.377340" sectionIndex="0" pointIndex="2091" originalElevation="179.2" isOriginalElevationFromOSM="true"><ele>175.3</ele></trkpt>
<trkpt lat="38.047390" lon="127.377960" sectionIndex="0" pointIndex="2092" originalElevation="166.2" isOriginalElevationFromOSM="true"><ele>172.4</ele></trkpt>
<trkpt lat="38.047600" lon="127.378600" sectionIndex="0" pointIndex="2093" originalElevation="164.0" isOriginalElevationFromOSM="true"><ele>168.7</ele></trkpt>
<trkpt lat="38.048270" lon="127.379690" sectionIndex="0" pointIndex="2094" originalElevation="164.2" isOriginalElevationFromOSM="true"><ele>166.7</ele></trkpt>
<trkpt lat="38.049610" lon="127.381660" sectionIndex="0" pointIndex="2095" originalElevation="169.9" isOriginalElevationFromOSM="true"><ele>167.0</ele></trkpt>
<trkpt lat="38.049890" lon="127.381890" sectionIndex="0" pointIndex="2096" originalElevation="169.0" isOriginalElevationFromOSM="true"><ele>167.7</ele></trkpt>
<trkpt lat="38.050330" lon="127.381900" sectionIndex="0" pointIndex="2097" originalElevation="168.0" isOriginalElevationFromOSM="true"><ele>169.9</ele></trkpt>
<trkpt lat="38.050710" lon="127.381840" sectionIndex="0" pointIndex="2098" originalElevation="167.3" isOriginalElevationFromOSM="true"><ele>171.9</ele></trkpt>
<trkpt lat="38.051430" lon="127.381840" sectionIndex="0" pointIndex="2099" originalElevation="175.1" isOriginalElevationFromOSM="true"><ele>174.4</ele></trkpt>
<trkpt lat="38.051270" lon="127.381390" sectionIndex="0" pointIndex="2100" originalElevation="180.1" isOriginalElevationFromOSM="true"><ele>180.1</ele></trkpt>
<trkpt lat="38.051060" lon="127.380930" sectionIndex="0" pointIndex="2101" originalElevation="181.8" isOriginalElevationFromOSM="true"><ele>183.1</ele></trkpt>
<trkpt lat="38.051043" lon="127.380883" sectionIndex="0" pointIndex="2102" originalElevation="196.0" isOriginalElevationFromOSM="false"><ele>184.5</ele></trkpt>
<trkpt lat="38.050970" lon="127.380680" sectionIndex="0" pointIndex="2103" originalElevation="182.7" isOriginalElevationFromOSM="true"><ele>184.6</ele></trkpt>
<trkpt lat="38.050750" lon="127.380300" sectionIndex="0" pointIndex="2104" originalElevation="181.8" isOriginalElevationFromOSM="true"><ele>182.3</ele></trkpt>
<trkpt lat="38.050640" lon="127.380220" sectionIndex="0" pointIndex="2105" originalElevation="180.8" isOriginalElevationFromOSM="true"><ele>177.4</ele></trkpt>
<trkpt lat="38.050120" lon="127.379880" sectionIndex="0" pointIndex="2106" originalElevation="170.2" isOriginalElevationFromOSM="true"><ele>175.4</ele></trkpt>
<trkpt lat="38.049630" lon="127.379330" sectionIndex="0" pointIndex="2107" originalElevation="171.7" isOriginalElevationFromOSM="true"><ele>173.4</ele></trkpt>
<trkpt lat="38.049340" lon="127.379070" sectionIndex="0" pointIndex="2108" originalElevation="172.3" isOriginalElevationFromOSM="true"><ele>171.5</ele></trkpt>
<trkpt lat="38.048740" lon="127.378700" sectionIndex="0" pointIndex="2109" originalElevation="171.8" isOriginalElevationFromOSM="true"><ele>171.9</ele></trkpt>
<trkpt lat="38.048690" lon="127.378630" sectionIndex="0" pointIndex="2110" originalElevation="171.7" isOriginalElevationFromOSM="true"><ele>171.6</ele></trkpt>
<trkpt lat="38.048600" lon="127.378460" sectionIndex="0" pointIndex="2111" originalElevation="171.9" isOriginalElevationFromOSM="true"><ele>171.0</ele></trkpt>
<trkpt lat="38.048510" lon="127.378160" sectionIndex="0" pointIndex="2112" originalElevation="170.3" isOriginalElevationFromOSM="true"><ele>170.2</ele></trkpt>
<trkpt lat="38.048450" lon="127.377920" sectionIndex="0" pointIndex="2113" originalElevation="169.2" isOriginalElevationFromOSM="true"><ele>169.4</ele></trkpt>
<trkpt lat="38.048400" lon="127.377750" sectionIndex="0" pointIndex="2114" originalElevation="168.1" isOriginalElevationFromOSM="true"><ele>168.7</ele></trkpt>
<trkpt lat="38.048370" lon="127.377400" sectionIndex="0" pointIndex="2115" originalElevation="167.7" isOriginalElevationFromOSM="true"><ele>169.3</ele></trkpt>
<trkpt lat="38.048400" lon="127.377140" sectionIndex="0" pointIndex="2116" originalElevation="168.4" isOriginalElevationFromOSM="true"><ele>170.8</ele></trkpt>
<trkpt lat="38.048720" lon="127.376160" sectionIndex="0" pointIndex="2117" originalElevation="173.3" isOriginalElevationFromOSM="true"><ele>172.5</ele></trkpt>
<trkpt lat="38.048920" lon="127.375480" sectionIndex="0" pointIndex="2118" originalElevation="176.4" isOriginalElevationFromOSM="true"><ele>174.3</ele></trkpt>
<trkpt lat="38.048920" lon="127.375360" sectionIndex="0" pointIndex="2119" originalElevation="176.6" isOriginalElevationFromOSM="true"><ele>176.2</ele></trkpt>
<trkpt lat="38.048550" lon="127.374370" sectionIndex="0" pointIndex="2120" originalElevation="176.9" isOriginalElevationFromOSM="true"><ele>178.1</ele></trkpt>
<trkpt lat="38.048470" lon="127.373970" sectionIndex="0" pointIndex="2121" originalElevation="177.8" isOriginalElevationFromOSM="true"><ele>179.9</ele></trkpt>
<trkpt lat="38.048400" lon="127.373020" sectionIndex="0" pointIndex="2122" originalElevation="182.8" isOriginalElevationFromOSM="true"><ele>182.5</ele></trkpt>
<trkpt lat="38.048400" lon="127.372760" sectionIndex="0" pointIndex="2123" originalElevation="185.6" isOriginalElevationFromOSM="true"><ele>185.3</ele></trkpt>
<trkpt lat="38.048510" lon="127.372560" sectionIndex="0" pointIndex="2124" originalElevation="189.5" isOriginalElevationFromOSM="true"><ele>188.7</ele></trkpt>
<trkpt lat="38.048560" lon="127.372510" sectionIndex="0" pointIndex="2125" originalElevation="191.0" isOriginalElevationFromOSM="true"><ele>191.8</ele></trkpt>
<trkpt lat="38.048720" lon="127.372420" sectionIndex="0" pointIndex="2126" originalElevation="194.6" isOriginalElevationFromOSM="true"><ele>194.7</ele></trkpt>
<trkpt lat="38.048870" lon="127.372300" sectionIndex="0" pointIndex="2127" originalElevation="198.4" isOriginalElevationFromOSM="true"><ele>197.2</ele></trkpt>
<trkpt lat="38.048940" lon="127.372230" sectionIndex="0" pointIndex="2128" originalElevation="200.0" isOriginalElevationFromOSM="true"><ele>199.8</ele></trkpt>
<trkpt lat="38.049000" lon="127.372110" sectionIndex="0" pointIndex="2129" originalElevation="202.0" isOriginalElevationFromOSM="true"><ele>201.8</ele></trkpt>
<trkpt lat="38.049010" lon="127.371860" sectionIndex="0" pointIndex="2130" originalElevation="204.1" isOriginalElevationFromOSM="true"><ele>203.6</ele></trkpt>
<trkpt lat="38.048990" lon="127.371750" sectionIndex="0" pointIndex="2131" originalElevation="204.6" isOriginalElevationFromOSM="true"><ele>205.4</ele></trkpt>
<trkpt lat="38.048920" lon="127.371560" sectionIndex="0" pointIndex="2132" originalElevation="207.5" isOriginalElevationFromOSM="true"><ele>206.8</ele></trkpt>
<trkpt lat="38.048870" lon="127.371500" sectionIndex="0" pointIndex="2133" originalElevation="208.6" isOriginalElevationFromOSM="true"><ele>208.0</ele></trkpt>
<trkpt lat="38.048690" lon="127.371370" sectionIndex="0" pointIndex="2134" originalElevation="209.1" isOriginalElevationFromOSM="true"><ele>209.1</ele></trkpt>
<trkpt lat="38.048420" lon="127.371140" sectionIndex="0" pointIndex="2135" originalElevation="210.1" isOriginalElevationFromOSM="true"><ele>209.7</ele></trkpt>
<trkpt lat="38.048330" lon="127.371050" sectionIndex="0" pointIndex="2136" originalElevation="210.4" isOriginalElevationFromOSM="true"><ele>217.2</ele></trkpt>
<trkpt lat="38.048160" lon="127.370810" sectionIndex="0" pointIndex="2137" originalElevation="210.5" isOriginalElevationFromOSM="true"><ele>224.6</ele></trkpt>
<trkpt lat="38.048116" lon="127.370737" sectionIndex="0" pointIndex="2138" originalElevation="246.0" isOriginalElevationFromOSM="false"><ele>231.8</ele></trkpt>
<trkpt lat="38.048099" lon="127.370684" sectionIndex="0" pointIndex="2139" originalElevation="246.0" isOriginalElevationFromOSM="false"><ele>238.9</ele></trkpt>
<trkpt lat="38.048082" lon="127.370631" sectionIndex="0" pointIndex="2140" originalElevation="246.0" isOriginalElevationFromOSM="false"><ele>246.0</ele></trkpt>
<trkpt lat="38.048065" lon="127.370578" sectionIndex="0" pointIndex="2141" originalElevation="246.0" isOriginalElevationFromOSM="false"><ele>246.0</ele></trkpt>
<trkpt lat="38.048049" lon="127.370530" sectionIndex="0" pointIndex="2142" originalElevation="246.0" isOriginalElevationFromOSM="false"><ele>246.0</ele></trkpt>
<trkpt lat="38.048069" lon="127.370479" sectionIndex="0" pointIndex="2143" originalElevation="246.0" isOriginalElevationFromOSM="false"><ele>246.0</ele></trkpt>
<trkpt lat="38.048088" lon="127.370427" sectionIndex="0" pointIndex="2144" originalElevation="246.0" isOriginalElevationFromOSM="false"><ele>246.0</ele></trkpt>
<trkpt lat="38.048107" lon="127.370376" sectionIndex="0" pointIndex="2145" originalElevation="246.0" isOriginalElevationFromOSM="false"><ele>246.0</ele></trkpt>
<trkpt lat="38.048127" lon="127.370324" sectionIndex="0" pointIndex="2146" originalElevation="246.0" isOriginalElevationFromOSM="false"><ele>246.0</ele></trkpt>
<trkpt lat="38.048146" lon="127.370273" sectionIndex="0" pointIndex="2147" originalElevation="246.0" isOriginalElevationFromOSM="false"><ele>246.0</ele></trkpt>
<trkpt lat="38.048166" lon="127.370221" sectionIndex="0" pointIndex="2148" originalElevation="246.0" isOriginalElevationFromOSM="false"><ele>246.0</ele></trkpt>
<trkpt lat="38.048185" lon="127.370170" sectionIndex="0" pointIndex="2149" originalElevation="246.0" isOriginalElevationFromOSM="false"><ele>246.0</ele></trkpt>
<trkpt lat="38.048189" lon="127.370160" sectionIndex="0" pointIndex="2150" originalElevation="246.0" isOriginalElevationFromOSM="false"><ele>246.0</ele></trkpt>
<trkpt lat="38.048196" lon="127.370104" sectionIndex="0" pointIndex="2151" originalElevation="246.0" isOriginalElevationFromOSM="false"><ele>246.0</ele></trkpt>
<trkpt lat="38.048202" lon="127.370047" sectionIndex="0" pointIndex="2152" originalElevation="246.0" isOriginalElevationFromOSM="false"><ele>246.0</ele></trkpt>
<trkpt lat="38.048209" lon="127.369991" sectionIndex="0" pointIndex="2153" originalElevation="246.0" isOriginalElevationFromOSM="false"><ele>246.0</ele></trkpt>
<trkpt lat="38.048216" lon="127.369935" sectionIndex="0" pointIndex="2154" originalElevation="246.0" isOriginalElevationFromOSM="false"><ele>246.0</ele></trkpt>
<trkpt lat="38.048223" lon="127.369878" sectionIndex="0" pointIndex="2155" originalElevation="246.0" isOriginalElevationFromOSM="false"><ele>246.0</ele></trkpt>
<trkpt lat="38.048230" lon="127.369822" sectionIndex="0" pointIndex="2156" originalElevation="246.0" isOriginalElevationFromOSM="false"><ele>246.0</ele></trkpt>
<trkpt lat="38.048237" lon="127.369766" sectionIndex="0" pointIndex="2157" originalElevation="246.0" isOriginalElevationFromOSM="false"><ele>246.0</ele></trkpt>
<trkpt lat="38.048239" lon="127.369747" sectionIndex="0" pointIndex="2158" originalElevation="246.0" isOriginalElevationFromOSM="false"><ele>246.0</ele></trkpt>
<trkpt lat="38.048262" lon="127.369698" sectionIndex="0" pointIndex="2159" originalElevation="246.0" isOriginalElevationFromOSM="false"><ele>246.0</ele></trkpt>
<trkpt lat="38.048285" lon="127.369649" sectionIndex="0" pointIndex="2160" originalElevation="246.0" isOriginalElevationFromOSM="false"><ele>246.0</ele></trkpt>
<trkpt lat="38.048307" lon="127.369599" sectionIndex="0" pointIndex="2161" originalElevation="246.0" isOriginalElevationFromOSM="false"><ele>246.0</ele></trkpt>
<trkpt lat="38.048311" lon="127.369591" sectionIndex="0" pointIndex="2162" originalElevation="246.0" isOriginalElevationFromOSM="false"><ele>246.0</ele></trkpt>
<trkpt lat="38.048355" lon="127.369581" sectionIndex="0" pointIndex="2163" originalElevation="246.0" isOriginalElevationFromOSM="false"><ele>246.0</ele></trkpt>
<trkpt lat="38.048400" lon="127.369571" sectionIndex="0" pointIndex="2164" originalElevation="246.0" isOriginalElevationFromOSM="false"><ele>246.0</ele></trkpt>
<trkpt lat="38.048444" lon="127.369561" sectionIndex="0" pointIndex="2165" originalElevation="246.0" isOriginalElevationFromOSM="false"><ele>246.0</ele></trkpt>
<trkpt lat="38.048488" lon="127.369551" sectionIndex="0" pointIndex="2166" originalElevation="246.0" isOriginalElevationFromOSM="false"><ele>246.0</ele></trkpt>
<trkpt lat="38.048532" lon="127.369540" sectionIndex="0" pointIndex="2167" originalElevation="246.0" isOriginalElevationFromOSM="false"><ele>246.0</ele></trkpt>
<trkpt lat="38.048576" lon="127.369530" sectionIndex="0" pointIndex="2168" originalElevation="246.0" isOriginalElevationFromOSM="false"><ele>246.0</ele></trkpt>
<trkpt lat="38.048590" lon="127.369527" sectionIndex="0" pointIndex="2169" originalElevation="246.0" isOriginalElevationFromOSM="false"><ele>246.0</ele></trkpt>
<trkpt lat="38.048631" lon="127.369503" sectionIndex="0" pointIndex="2170" originalElevation="246.0" isOriginalElevationFromOSM="false"><ele>246.0</ele></trkpt>
<trkpt lat="38.048671" lon="127.369479" sectionIndex="0" pointIndex="2171" originalElevation="246.0" isOriginalElevationFromOSM="false"><ele>246.0</ele></trkpt>
<trkpt lat="38.048712" lon="127.369455" sectionIndex="0" pointIndex="2172" originalElevation="246.0" isOriginalElevationFromOSM="false"><ele>246.0</ele></trkpt>
<trkpt lat="38.048753" lon="127.369431" sectionIndex="0" pointIndex="2173" originalElevation="246.0" isOriginalElevationFromOSM="false"><ele>246.0</ele></trkpt>
<trkpt lat="38.048763" lon="127.369425" sectionIndex="0" pointIndex="2174" originalElevation="246.0" isOriginalElevationFromOSM="false"><ele>246.0</ele></trkpt>
<trkpt lat="38.048777" lon="127.369371" sectionIndex="0" pointIndex="2175" originalElevation="246.0" isOriginalElevationFromOSM="false"><ele>246.0</ele></trkpt>
<trkpt lat="38.048792" lon="127.369317" sectionIndex="0" pointIndex="2176" originalElevation="246.0" isOriginalElevationFromOSM="false"><ele>246.0</ele></trkpt>
<trkpt lat="38.048806" lon="127.369263" sectionIndex="0" pointIndex="2177" originalElevation="246.0" isOriginalElevationFromOSM="false"><ele>246.0</ele></trkpt>
<trkpt lat="38.048820" lon="127.369209" sectionIndex="0" pointIndex="2178" originalElevation="246.0" isOriginalElevationFromOSM="false"><ele>246.0</ele></trkpt>
<trkpt lat="38.048834" lon="127.369155" sectionIndex="0" pointIndex="2179" originalElevation="246.0" isOriginalElevationFromOSM="false"><ele>246.0</ele></trkpt>
<trkpt lat="38.048835" lon="127.369152" sectionIndex="0" pointIndex="2180" originalElevation="246.0" isOriginalElevationFromOSM="false"><ele>246.0</ele></trkpt>
<trkpt lat="38.048841" lon="127.369095" sectionIndex="0" pointIndex="2181" originalElevation="246.0" isOriginalElevationFromOSM="false"><ele>246.0</ele></trkpt>
<trkpt lat="38.048847" lon="127.369038" sectionIndex="0" pointIndex="2182" originalElevation="246.0" isOriginalElevationFromOSM="false"><ele>246.0</ele></trkpt>
<trkpt lat="38.048853" lon="127.368982" sectionIndex="0" pointIndex="2183" originalElevation="246.0" isOriginalElevationFromOSM="false"><ele>246.0</ele></trkpt>
<trkpt lat="38.048859" lon="127.368925" sectionIndex="0" pointIndex="2184" originalElevation="246.0" isOriginalElevationFromOSM="false"><ele>246.0</ele></trkpt>
<trkpt lat="38.048865" lon="127.368869" sectionIndex="0" pointIndex="2185" originalElevation="246.0" isOriginalElevationFromOSM="false"><ele>246.0</ele></trkpt>
<trkpt lat="38.048870" lon="127.368812" sectionIndex="0" pointIndex="2186" originalElevation="246.0" isOriginalElevationFromOSM="false"><ele>236.8</ele></trkpt>
<trkpt lat="38.048876" lon="127.368756" sectionIndex="0" pointIndex="2187" originalElevation="246.0" isOriginalElevationFromOSM="false"><ele>227.6</ele></trkpt>
<trkpt lat="38.048882" lon="127.368699" sectionIndex="0" pointIndex="2188" originalElevation="200.0" isOriginalElevationFromOSM="false"><ele>218.4</ele></trkpt>
<trkpt lat="38.048888" lon="127.368643" sectionIndex="0" pointIndex="2189" originalElevation="200.0" isOriginalElevationFromOSM="false"><ele>209.2</ele></trkpt>
<trkpt lat="38.048890" lon="127.368626" sectionIndex="0" pointIndex="2190" originalElevation="200.0" isOriginalElevationFromOSM="false"><ele>200.0</ele></trkpt>
<trkpt lat="38.048919" lon="127.368583" sectionIndex="0" pointIndex="2191" originalElevation="200.0" isOriginalElevationFromOSM="false"><ele>200.0</ele></trkpt>
<trkpt lat="38.048948" lon="127.368539" sectionIndex="0" pointIndex="2192" originalElevation="200.0" isOriginalElevationFromOSM="false"><ele>200.0</ele></trkpt>
<trkpt lat="38.048978" lon="127.368496" sectionIndex="0" pointIndex="2193" originalElevation="200.0" isOriginalElevationFromOSM="false"><ele>200.0</ele></trkpt>
<trkpt lat="38.049007" lon="127.368453" sectionIndex="0" pointIndex="2194" originalElevation="200.0" isOriginalElevationFromOSM="false"><ele>200.0</ele></trkpt>
<trkpt lat="38.049017" lon="127.368438" sectionIndex="0" pointIndex="2195" originalElevation="200.0" isOriginalElevationFromOSM="false"><ele>200.0</ele></trkpt>
<trkpt lat="38.049062" lon="127.368437" sectionIndex="0" pointIndex="2196" originalElevation="200.0" isOriginalElevationFromOSM="false"><ele>200.0</ele></trkpt>
<trkpt lat="38.049106" lon="127.368437" sectionIndex="0" pointIndex="2197" originalElevation="200.0" isOriginalElevationFromOSM="false"><ele>200.0</ele></trkpt>
<trkpt lat="38.049151" lon="127.368436" sectionIndex="0" pointIndex="2198" originalElevation="200.0" isOriginalElevationFromOSM="false"><ele>200.0</ele></trkpt>
<trkpt lat="38.049196" lon="127.368436" sectionIndex="0" pointIndex="2199" originalElevation="200.0" isOriginalElevationFromOSM="false"><ele>200.0</ele></trkpt>
<trkpt lat="38.049241" lon="127.368435" sectionIndex="0" pointIndex="2200" originalElevation="200.0" isOriginalElevationFromOSM="false"><ele>200.0</ele></trkpt>
<trkpt lat="38.049286" lon="127.368435" sectionIndex="0" pointIndex="2201" originalElevation="200.0" isOriginalElevationFromOSM="false"><ele>200.0</ele></trkpt>
<trkpt lat="38.049331" lon="127.368434" sectionIndex="0" pointIndex="2202" originalElevation="200.0" isOriginalElevationFromOSM="false"><ele>200.0</ele></trkpt>
<trkpt lat="38.049376" lon="127.368433" sectionIndex="0" pointIndex="2203" originalElevation="200.0" isOriginalElevationFromOSM="false"><ele>200.0</ele></trkpt>
<trkpt lat="38.049421" lon="127.368433" sectionIndex="0" pointIndex="2204" originalElevation="200.0" isOriginalElevationFromOSM="false"><ele>200.0</ele></trkpt>
<trkpt lat="38.049431" lon="127.368433" sectionIndex="0" pointIndex="2205" originalElevation="200.0" isOriginalElevationFromOSM="false"><ele>200.0</ele></trkpt>
<trkpt lat="38.049469" lon="127.368403" sectionIndex="0" pointIndex="2206" originalElevation="200.0" isOriginalElevationFromOSM="false"><ele>200.0</ele></trkpt>
<trkpt lat="38.049508" lon="127.368374" sectionIndex="0" pointIndex="2207" originalElevation="200.0" isOriginalElevationFromOSM="false"><ele>200.0</ele></trkpt>
<trkpt lat="38.049546" lon="127.368344" sectionIndex="0" pointIndex="2208" originalElevation="200.0" isOriginalElevationFromOSM="false"><ele>200.0</ele></trkpt>
<trkpt lat="38.049584" lon="127.368315" sectionIndex="0" pointIndex="2209" originalElevation="200.0" isOriginalElevationFromOSM="false"><ele>200.0</ele></trkpt>
<trkpt lat="38.049623" lon="127.368285" sectionIndex="0" pointIndex="2210" originalElevation="200.0" isOriginalElevationFromOSM="false"><ele>200.0</ele></trkpt>
<trkpt lat="38.049661" lon="127.368256" sectionIndex="0" pointIndex="2211" originalElevation="200.0" isOriginalElevationFromOSM="false"><ele>200.0</ele></trkpt>
<trkpt lat="38.049676" lon="127.368245" sectionIndex="0" pointIndex="2212" originalElevation="200.0" isOriginalElevationFromOSM="false"><ele>200.0</ele></trkpt>
<trkpt lat="38.049694" lon="127.368193" sectionIndex="0" pointIndex="2213" originalElevation="200.0" isOriginalElevationFromOSM="false"><ele>200.0</ele></trkpt>
<trkpt lat="38.049712" lon="127.368140" sectionIndex="0" pointIndex="2214" originalElevation="200.0" isOriginalElevationFromOSM="false"><ele>200.0</ele></trkpt>
<trkpt lat="38.049729" lon="127.368088" sectionIndex="0" pointIndex="2215" originalElevation="200.0" isOriginalElevationFromOSM="false"><ele>200.0</ele></trkpt>
<trkpt lat="38.049747" lon="127.368036" sectionIndex="0" pointIndex="2216" originalElevation="200.0" isOriginalElevationFromOSM="false"><ele>200.0</ele></trkpt>
<trkpt lat="38.049765" lon="127.367984" sectionIndex="0" pointIndex="2217" originalElevation="200.0" isOriginalElevationFromOSM="false"><ele>200.0</ele></trkpt>
<trkpt lat="38.049783" lon="127.367931" sectionIndex="0" pointIndex="2218" originalElevation="200.0" isOriginalElevationFromOSM="false"><ele>200.0</ele></trkpt>
<trkpt lat="38.049801" lon="127.367879" sectionIndex="0" pointIndex="2219" originalElevation="200.0" isOriginalElevationFromOSM="false"><ele>200.0</ele></trkpt>
<trkpt lat="38.049819" lon="127.367827" sectionIndex="0" pointIndex="2220" originalElevation="200.0" isOriginalElevationFromOSM="false"><ele>200.0</ele></trkpt>
<trkpt lat="38.049837" lon="127.367774" sectionIndex="0" pointIndex="2221" originalElevation="200.0" isOriginalElevationFromOSM="false"><ele>200.0</ele></trkpt>
<trkpt lat="38.049855" lon="127.367722" sectionIndex="0" pointIndex="2222" originalElevation="200.0" isOriginalElevationFromOSM="false"><ele>200.0</ele></trkpt>
<trkpt lat="38.049862" lon="127.367703" sectionIndex="0" pointIndex="2223" originalElevation="200.0" isOriginalElevationFromOSM="false"><ele>200.0</ele></trkpt>
<trkpt lat="38.049883" lon="127.367653" sectionIndex="0" pointIndex="2224" originalElevation="200.0" isOriginalElevationFromOSM="false"><ele>200.0</ele></trkpt>
<trkpt lat="38.049905" lon="127.367603" sectionIndex="0" pointIndex="2225" originalElevation="200.0" isOriginalElevationFromOSM="false"><ele>200.0</ele></trkpt>
<trkpt lat="38.049927" lon="127.367554" sectionIndex="0" pointIndex="2226" originalElevation="200.0" isOriginalElevationFromOSM="false"><ele>200.0</ele></trkpt>
<trkpt lat="38.049949" lon="127.367504" sectionIndex="0" pointIndex="2227" originalElevation="200.0" isOriginalElevationFromOSM="false"><ele>200.0</ele></trkpt>
<trkpt lat="38.049971" lon="127.367454" sectionIndex="0" pointIndex="2228" originalElevation="200.0" isOriginalElevationFromOSM="false"><ele>213.2</ele></trkpt>
<trkpt lat="38.049988" lon="127.367413" sectionIndex="0" pointIndex="2229" originalElevation="200.0" isOriginalElevationFromOSM="false"><ele>220.7</ele></trkpt>
<trkpt lat="38.050260" lon="127.367244" sectionIndex="0" pointIndex="2230" originalElevation="266.0" isOriginalElevationFromOSM="false"><ele>229.7</ele></trkpt>
<trkpt lat="38.050360" lon="127.367230" sectionIndex="0" pointIndex="2231" originalElevation="237.7" isOriginalElevationFromOSM="true"><ele>238.9</ele></trkpt>
<trkpt lat="38.050640" lon="127.367230" sectionIndex="0" pointIndex="2232" originalElevation="244.8" isOriginalElevationFromOSM="true"><ele>248.4</ele></trkpt>
<trkpt lat="38.050830" lon="127.367010" sectionIndex="0" pointIndex="2233" originalElevation="246.3" isOriginalElevationFromOSM="true"><ele>245.2</ele></trkpt>
<trkpt lat="38.050950" lon="127.366910" sectionIndex="0" pointIndex="2234" originalElevation="247.5" isOriginalElevationFromOSM="true"><ele>247.9</ele></trkpt>
<trkpt lat="38.051100" lon="127.366840" sectionIndex="0" pointIndex="2235" originalElevation="249.8" isOriginalElevationFromOSM="true"><ele>249.5</ele></trkpt>
<trkpt lat="38.051250" lon="127.366690" sectionIndex="0" pointIndex="2236" originalElevation="250.9" isOriginalElevationFromOSM="true"><ele>251.2</ele></trkpt>
<trkpt lat="38.051330" lon="127.366590" sectionIndex="0" pointIndex="2237" originalElevation="253.1" isOriginalElevationFromOSM="true"><ele>252.7</ele></trkpt>
<trkpt lat="38.051360" lon="127.366500" sectionIndex="0" pointIndex="2238" originalElevation="254.6" isOriginalElevationFromOSM="true"><ele>253.9</ele></trkpt>
<trkpt lat="38.051370" lon="127.366450" sectionIndex="0" pointIndex="2239" originalElevation="255.3" isOriginalElevationFromOSM="true"><ele>254.8</ele></trkpt>
<trkpt lat="38.051350" lon="127.366370" sectionIndex="0" pointIndex="2240" originalElevation="255.6" isOriginalElevationFromOSM="true"><ele>254.1</ele></trkpt>
<trkpt lat="38.051310" lon="127.366320" sectionIndex="0" pointIndex="2241" originalElevation="255.4" isOriginalElevationFromOSM="true"><ele>252.3</ele></trkpt>
<trkpt lat="38.050920" lon="127.366140" sectionIndex="0" pointIndex="2242" originalElevation="249.6" isOriginalElevationFromOSM="true"><ele>250.3</ele></trkpt>
<trkpt lat="38.050690" lon="127.366070" sectionIndex="0" pointIndex="2243" originalElevation="245.7" isOriginalElevationFromOSM="true"><ele>248.1</ele></trkpt>
<trkpt lat="38.050630" lon="127.366020" sectionIndex="0" pointIndex="2244" originalElevation="245.0" isOriginalElevationFromOSM="true"><ele>246.4</ele></trkpt>
<trkpt lat="38.050610" lon="127.366000" sectionIndex="0" pointIndex="2245" originalElevation="244.9" isOriginalElevationFromOSM="true"><ele>245.9</ele></trkpt>
<trkpt lat="38.050570" lon="127.365830" sectionIndex="0" pointIndex="2246" originalElevation="246.6" isOriginalElevationFromOSM="true"><ele>246.8</ele></trkpt>
<trkpt lat="38.050600" lon="127.365770" sectionIndex="0" pointIndex="2247" originalElevation="247.5" isOriginalElevationFromOSM="true"><ele>248.9</ele></trkpt>
<trkpt lat="38.050690" lon="127.365650" sectionIndex="0" pointIndex="2248" originalElevation="250.2" isOriginalElevationFromOSM="true"><ele>253.1</ele></trkpt>
<trkpt lat="38.050930" lon="127.365470" sectionIndex="0" pointIndex="2249" originalElevation="255.6" isOriginalElevationFromOSM="true"><ele>257.7</ele></trkpt>
<trkpt lat="38.051350" lon="127.365070" sectionIndex="0" pointIndex="2250" originalElevation="265.5" isOriginalElevationFromOSM="true"><ele>262.5</ele></trkpt>
<trkpt lat="38.051450" lon="127.364900" sectionIndex="0" pointIndex="2251" originalElevation="269.9" isOriginalElevationFromOSM="true"><ele>267.5</ele></trkpt>
<trkpt lat="38.051460" lon="127.364840" sectionIndex="0" pointIndex="2252" originalElevation="271.2" isOriginalElevationFromOSM="true"><ele>271.7</ele></trkpt>
<trkpt lat="38.051450" lon="127.364630" sectionIndex="0" pointIndex="2253" originalElevation="275.3" isOriginalElevationFromOSM="true"><ele>274.9</ele></trkpt>
<trkpt lat="38.051400" lon="127.364540" sectionIndex="0" pointIndex="2254" originalElevation="276.5" isOriginalElevationFromOSM="true"><ele>277.3</ele></trkpt>
<trkpt lat="38.051190" lon="127.364180" sectionIndex="0" pointIndex="2255" originalElevation="281.5" isOriginalElevationFromOSM="true"><ele>279.0</ele></trkpt>
<trkpt lat="38.051110" lon="127.364130" sectionIndex="0" pointIndex="2256" originalElevation="281.9" isOriginalElevationFromOSM="true"><ele>279.3</ele></trkpt>
<trkpt lat="38.051000" lon="127.364160" sectionIndex="0" pointIndex="2257" originalElevation="279.9" isOriginalElevationFromOSM="true"><ele>278.4</ele></trkpt>
<trkpt lat="38.050890" lon="127.364240" sectionIndex="0" pointIndex="2258" originalElevation="276.7" isOriginalElevationFromOSM="true"><ele>276.3</ele></trkpt>
<trkpt lat="38.050790" lon="127.364360" sectionIndex="0" pointIndex="2259" originalElevation="272.1" isOriginalElevationFromOSM="true"><ele>273.7</ele></trkpt>
<trkpt lat="38.050730" lon="127.364380" sectionIndex="0" pointIndex="2260" originalElevation="270.8" isOriginalElevationFromOSM="true"><ele>271.4</ele></trkpt>
<trkpt lat="38.050590" lon="127.364350" sectionIndex="0" pointIndex="2261" originalElevation="268.9" isOriginalElevationFromOSM="true"><ele>269.8</ele></trkpt>
<trkpt lat="38.050510" lon="127.364300" sectionIndex="0" pointIndex="2262" originalElevation="268.6" isOriginalElevationFromOSM="true"><ele>269.6</ele></trkpt>
<trkpt lat="38.050430" lon="127.364220" sectionIndex="0" pointIndex="2263" originalElevation="268.7" isOriginalElevationFromOSM="true"><ele>269.6</ele></trkpt>
<trkpt lat="38.050160" lon="127.363400" sectionIndex="0" pointIndex="2264" originalElevation="271.0" isOriginalElevationFromOSM="true"><ele>269.8</ele></trkpt>
<trkpt lat="38.050160" lon="127.363310" sectionIndex="0" pointIndex="2265" originalElevation="271.1" isOriginalElevationFromOSM="true"><ele>274.6</ele></trkpt>
<trkpt lat="38.050190" lon="127.363170" sectionIndex="0" pointIndex="2266" originalElevation="269.6" isOriginalElevationFromOSM="true"><ele>279.9</ele></trkpt>
<trkpt lat="38.051000" lon="127.362320" sectionIndex="0" pointIndex="2267" originalElevation="292.9" isOriginalElevationFromOSM="true"><ele>283.7</ele></trkpt>
<trkpt lat="38.051040" lon="127.362080" sectionIndex="0" pointIndex="2268" originalElevation="294.9" isOriginalElevationFromOSM="true"><ele>286.9</ele></trkpt>
<trkpt lat="38.050970" lon="127.361840" sectionIndex="0" pointIndex="2269" originalElevation="289.9" isOriginalElevationFromOSM="true"><ele>290.8</ele></trkpt>
<trkpt lat="38.050930" lon="127.361780" sectionIndex="0" pointIndex="2270" originalElevation="287.3" isOriginalElevationFromOSM="true"><ele>290.3</ele></trkpt>
<trkpt lat="38.050980" lon="127.360980" sectionIndex="0" pointIndex="2271" originalElevation="288.8" isOriginalElevationFromOSM="true"><ele>290.4</ele></trkpt>
<trkpt lat="38.051020" lon="127.360890" sectionIndex="0" pointIndex="2272" originalElevation="290.4" isOriginalElevationFromOSM="true"><ele>292.3</ele></trkpt>
<trkpt lat="38.051130" lon="127.360820" sectionIndex="0" pointIndex="2273" originalElevation="295.6" isOriginalElevationFromOSM="true"><ele>295.9</ele></trkpt>
<trkpt lat="38.051220" lon="127.360740" sectionIndex="0" pointIndex="2274" originalElevation="299.6" isOriginalElevationFromOSM="true"><ele>299.3</ele></trkpt>
<trkpt lat="38.051360" lon="127.360570" sectionIndex="0" pointIndex="2275" originalElevation="305.0" isOriginalElevationFromOSM="true"><ele>302.2</ele></trkpt>
<trkpt lat="38.051380" lon="127.360490" sectionIndex="0" pointIndex="2276" originalElevation="305.7" isOriginalElevationFromOSM="true"><ele>303.8</ele></trkpt>
<trkpt lat="38.051370" lon="127.360310" sectionIndex="0" pointIndex="2277" originalElevation="305.1" isOriginalElevationFromOSM="true"><ele>304.3</ele></trkpt>
<trkpt lat="38.051340" lon="127.360200" sectionIndex="0" pointIndex="2278" originalElevation="303.7" isOriginalElevationFromOSM="true"><ele>303.7</ele></trkpt>
<trkpt lat="38.051300" lon="127.360130" sectionIndex="0" pointIndex="2279" originalElevation="302.0" isOriginalElevationFromOSM="true"><ele>302.1</ele></trkpt>
<trkpt lat="38.051310" lon="127.359980" sectionIndex="0" pointIndex="2280" originalElevation="302.1" isOriginalElevationFromOSM="true"><ele>300.4</ele></trkpt>
<trkpt lat="38.051250" lon="127.359770" sectionIndex="0" pointIndex="2281" originalElevation="297.5" isOriginalElevationFromOSM="true"><ele>299.7</ele></trkpt>
<trkpt lat="38.051250" lon="127.359710" sectionIndex="0" pointIndex="2282" originalElevation="296.9" isOriginalElevationFromOSM="true"><ele>299.8</ele></trkpt>
<trkpt lat="38.051450" lon="127.359430" sectionIndex="0" pointIndex="2283" originalElevation="300.2" isOriginalElevationFromOSM="true"><ele>302.3</ele></trkpt>
<trkpt lat="38.051580" lon="127.359300" sectionIndex="0" pointIndex="2284" originalElevation="302.4" isOriginalElevationFromOSM="true"><ele>305.9</ele></trkpt>
<trkpt lat="38.052090" lon="127.358990" sectionIndex="0" pointIndex="2285" originalElevation="314.4" isOriginalElevationFromOSM="true"><ele>311.2</ele></trkpt>
<trkpt lat="38.052210" lon="127.358890" sectionIndex="0" pointIndex="2286" originalElevation="315.6" isOriginalElevationFromOSM="true"><ele>318.9</ele></trkpt>
<trkpt lat="38.052900" lon="127.358720" sectionIndex="0" pointIndex="2287" originalElevation="323.6" isOriginalElevationFromOSM="true"><ele>327.1</ele></trkpt>
<trkpt lat="38.053660" lon="127.358870" sectionIndex="0" pointIndex="2288" originalElevation="338.4" isOriginalElevationFromOSM="true"><ele>333.0</ele></trkpt>
<trkpt lat="38.054020" lon="127.358900" sectionIndex="0" pointIndex="2289" originalElevation="343.3" isOriginalElevationFromOSM="true"><ele>339.1</ele></trkpt>
<trkpt lat="38.054110" lon="127.358950" sectionIndex="0" pointIndex="2290" originalElevation="344.2" isOriginalElevationFromOSM="true"><ele>344.9</ele></trkpt>
<trkpt lat="38.054250" lon="127.358970" sectionIndex="0" pointIndex="2291" originalElevation="346.2" isOriginalElevationFromOSM="true"><ele>347.8</ele></trkpt>
<trkpt lat="38.054600" lon="127.358850" sectionIndex="0" pointIndex="2292" originalElevation="352.2" isOriginalElevationFromOSM="true"><ele>349.7</ele></trkpt>
<trkpt lat="38.054650" lon="127.358810" sectionIndex="0" pointIndex="2293" originalElevation="352.9" isOriginalElevationFromOSM="true"><ele>351.4</ele></trkpt>
<trkpt lat="38.054670" lon="127.358720" sectionIndex="0" pointIndex="2294" originalElevation="353.0" isOriginalElevationFromOSM="true"><ele>352.6</ele></trkpt>
<trkpt lat="38.054670" lon="127.358630" sectionIndex="0" pointIndex="2295" originalElevation="352.8" isOriginalElevationFromOSM="true"><ele>352.1</ele></trkpt>
<trkpt lat="38.054630" lon="127.358550" sectionIndex="0" pointIndex="2296" originalElevation="352.0" isOriginalElevationFromOSM="true"><ele>351.3</ele></trkpt>
<trkpt lat="38.054470" lon="127.358520" sectionIndex="0" pointIndex="2297" originalElevation="350.0" isOriginalElevationFromOSM="true"><ele>350.1</ele></trkpt>
<trkpt lat="38.054360" lon="127.358540" sectionIndex="0" pointIndex="2298" originalElevation="348.6" isOriginalElevationFromOSM="true"><ele>347.1</ele></trkpt>
<trkpt lat="38.054250" lon="127.358520" sectionIndex="0" pointIndex="2299" originalElevation="347.3" isOriginalElevationFromOSM="true"><ele>343.6</ele></trkpt>
<trkpt lat="38.053880" lon="127.358330" sectionIndex="0" pointIndex="2300" originalElevation="337.8" isOriginalElevationFromOSM="true"><ele>342.2</ele></trkpt>
<trkpt lat="38.053640" lon="127.358160" sectionIndex="0" pointIndex="2301" originalElevation="334.1" isOriginalElevationFromOSM="true"><ele>340.7</ele></trkpt>
<trkpt lat="38.053660" lon="127.357830" sectionIndex="0" pointIndex="2302" originalElevation="343.0" isOriginalElevationFromOSM="true"><ele>339.3</ele></trkpt>
<trkpt lat="38.053520" lon="127.357650" sectionIndex="0" pointIndex="2303" originalElevation="341.5" isOriginalElevationFromOSM="true"><ele>340.0</ele></trkpt>
<trkpt lat="38.053410" lon="127.357460" sectionIndex="0" pointIndex="2304" originalElevation="340.2" isOriginalElevationFromOSM="true"><ele>341.8</ele></trkpt>
<trkpt lat="38.053370" lon="127.357320" sectionIndex="0" pointIndex="2305" originalElevation="341.2" isOriginalElevationFromOSM="true"><ele>342.5</ele></trkpt>
<trkpt lat="38.053370" lon="127.357200" sectionIndex="0" pointIndex="2306" originalElevation="343.3" isOriginalElevationFromOSM="true"><ele>345.4</ele></trkpt>
<trkpt lat="38.053410" lon="127.357090" sectionIndex="0" pointIndex="2307" originalElevation="346.4" isOriginalElevationFromOSM="true"><ele>350.1</ele></trkpt>
<trkpt lat="38.053580" lon="127.356900" sectionIndex="0" pointIndex="2308" originalElevation="355.8" isOriginalElevationFromOSM="true"><ele>355.9</ele></trkpt>
<trkpt lat="38.053700" lon="127.356640" sectionIndex="0" pointIndex="2309" originalElevation="363.6" isOriginalElevationFromOSM="true"><ele>361.4</ele></trkpt>
<trkpt lat="38.053690" lon="127.356430" sectionIndex="0" pointIndex="2310" originalElevation="370.6" isOriginalElevationFromOSM="true"><ele>364.3</ele></trkpt>
<trkpt lat="38.053600" lon="127.356350" sectionIndex="0" pointIndex="2311" originalElevation="370.4" isOriginalElevationFromOSM="true"><ele>364.5</ele></trkpt>
<trkpt lat="38.053310" lon="127.356370" sectionIndex="0" pointIndex="2312" originalElevation="361.0" isOriginalElevationFromOSM="true"><ele>362.5</ele></trkpt>
<trkpt lat="38.053190" lon="127.356440" sectionIndex="0" pointIndex="2313" originalElevation="356.9" isOriginalElevationFromOSM="true"><ele>358.4</ele></trkpt>
<trkpt lat="38.053010" lon="127.356470" sectionIndex="0" pointIndex="2314" originalElevation="353.7" isOriginalElevationFromOSM="true"><ele>353.7</ele></trkpt>
<trkpt lat="38.052840" lon="127.356550" sectionIndex="0" pointIndex="2315" originalElevation="350.0" isOriginalElevationFromOSM="true"><ele>350.9</ele></trkpt>
<trkpt lat="38.052630" lon="127.356590" sectionIndex="0" pointIndex="2316" originalElevation="347.1" isOriginalElevationFromOSM="true"><ele>348.9</ele></trkpt>
<trkpt lat="38.052520" lon="127.356540" sectionIndex="0" pointIndex="2317" originalElevation="346.9" isOriginalElevationFromOSM="true"><ele>347.6</ele></trkpt>
<trkpt lat="38.052460" lon="127.356460" sectionIndex="0" pointIndex="2318" originalElevation="346.9" isOriginalElevationFromOSM="true"><ele>348.4</ele></trkpt>
<trkpt lat="38.052410" lon="127.356320" sectionIndex="0" pointIndex="2319" originalElevation="347.3" isOriginalElevationFromOSM="true"><ele>349.9</ele></trkpt>
<trkpt lat="38.052510" lon="127.356010" sectionIndex="0" pointIndex="2320" originalElevation="353.9" isOriginalElevationFromOSM="true"><ele>352.0</ele></trkpt>
<trkpt lat="38.052510" lon="127.355970" sectionIndex="0" pointIndex="2321" originalElevation="354.4" isOriginalElevationFromOSM="true"><ele>354.8</ele></trkpt>
<trkpt lat="38.052600" lon="127.355920" sectionIndex="0" pointIndex="2322" originalElevation="357.5" isOriginalElevationFromOSM="true"><ele>359.5</ele></trkpt>
<trkpt lat="38.052670" lon="127.355800" sectionIndex="0" pointIndex="2323" originalElevation="361.1" isOriginalElevationFromOSM="true"><ele>364.0</ele></trkpt>
<trkpt lat="38.052910" lon="127.355330" sectionIndex="0" pointIndex="2324" originalElevation="370.8" isOriginalElevationFromOSM="true"><ele>369.4</ele></trkpt>
<trkpt lat="38.053020" lon="127.354480" sectionIndex="0" pointIndex="2325" originalElevation="376.0" isOriginalElevationFromOSM="true"><ele>375.6</ele></trkpt>
<trkpt lat="38.053170" lon="127.354210" sectionIndex="0" pointIndex="2326" originalElevation="381.6" isOriginalElevationFromOSM="true"><ele>380.4</ele></trkpt>
<trkpt lat="38.053310" lon="127.353920" sectionIndex="0" pointIndex="2327" originalElevation="388.5" isOriginalElevationFromOSM="true"><ele>382.1</ele></trkpt>
<trkpt lat="38.053220" lon="127.353790" sectionIndex="0" pointIndex="2328" originalElevation="385.1" isOriginalElevationFromOSM="true"><ele>382.7</ele></trkpt>
<trkpt lat="38.053070" lon="127.353680" sectionIndex="0" pointIndex="2329" originalElevation="379.3" isOriginalElevationFromOSM="true"><ele>381.7</ele></trkpt>
<trkpt lat="38.053060" lon="127.353640" sectionIndex="0" pointIndex="2330" originalElevation="379.1" isOriginalElevationFromOSM="true"><ele>379.1</ele></trkpt>
<trkpt lat="38.052980" lon="127.353540" sectionIndex="0" pointIndex="2331" originalElevation="376.4" isOriginalElevationFromOSM="true"><ele>377.3</ele></trkpt>
<trkpt lat="38.052940" lon="127.353370" sectionIndex="0" pointIndex="2332" originalElevation="375.7" isOriginalElevationFromOSM="true"><ele>376.5</ele></trkpt>
<trkpt lat="38.052950" lon="127.353210" sectionIndex="0" pointIndex="2333" originalElevation="376.1" isOriginalElevationFromOSM="true"><ele>375.8</ele></trkpt>
<trkpt lat="38.052940" lon="127.352940" sectionIndex="0" pointIndex="2334" originalElevation="375.1" isOriginalElevationFromOSM="true"><ele>375.9</ele></trkpt>
<trkpt lat="38.052960" lon="127.352760" sectionIndex="0" pointIndex="2335" originalElevation="375.5" isOriginalElevationFromOSM="true"><ele>376.4</ele></trkpt>
<trkpt lat="38.053010" lon="127.352650" sectionIndex="0" pointIndex="2336" originalElevation="376.9" isOriginalElevationFromOSM="true"><ele>376.7</ele></trkpt>
<trkpt lat="38.053050" lon="127.352590" sectionIndex="0" pointIndex="2337" originalElevation="378.2" isOriginalElevationFromOSM="true"><ele>377.6</ele></trkpt>
<trkpt lat="38.053040" lon="127.352490" sectionIndex="0" pointIndex="2338" originalElevation="377.7" isOriginalElevationFromOSM="true"><ele>379.0</ele></trkpt>
<trkpt lat="38.053110" lon="127.352380" sectionIndex="0" pointIndex="2339" originalElevation="379.7" isOriginalElevationFromOSM="true"><ele>380.8</ele></trkpt>
<trkpt lat="38.053200" lon="127.352320" sectionIndex="0" pointIndex="2340" originalElevation="382.3" isOriginalElevationFromOSM="true"><ele>382.9</ele></trkpt>
<trkpt lat="38.053330" lon="127.352330" sectionIndex="0" pointIndex="2341" originalElevation="385.9" isOriginalElevationFromOSM="true"><ele>385.8</ele></trkpt>
<trkpt lat="38.053490" lon="127.352480" sectionIndex="0" pointIndex="2342" originalElevation="388.8" isOriginalElevationFromOSM="true"><ele>388.7</ele></trkpt>
<trkpt lat="38.053640" lon="127.352690" sectionIndex="0" pointIndex="2343" originalElevation="392.4" isOriginalElevationFromOSM="true"><ele>391.5</ele></trkpt>
<trkpt lat="38.053720" lon="127.352770" sectionIndex="0" pointIndex="2344" originalElevation="394.3" isOriginalElevationFromOSM="true"><ele>394.1</ele></trkpt>
<trkpt lat="38.053830" lon="127.352810" sectionIndex="0" pointIndex="2345" originalElevation="396.3" isOriginalElevationFromOSM="true"><ele>395.8</ele></trkpt>
<trkpt lat="38.054020" lon="127.352780" sectionIndex="0" pointIndex="2346" originalElevation="398.7" isOriginalElevationFromOSM="true"><ele>397.5</ele></trkpt>
<trkpt lat="38.054070" lon="127.352400" sectionIndex="0" pointIndex="2347" originalElevation="397.1" isOriginalElevationFromOSM="true"><ele>398.9</ele></trkpt>
<trkpt lat="38.053940" lon="127.351800" sectionIndex="0" pointIndex="2348" originalElevation="401.3" isOriginalElevationFromOSM="true"><ele>401.0</ele></trkpt>
<trkpt lat="38.053870" lon="127.351620" sectionIndex="0" pointIndex="2349" originalElevation="400.9" isOriginalElevationFromOSM="true"><ele>403.7</ele></trkpt>
<trkpt lat="38.053660" lon="127.350550" sectionIndex="0" pointIndex="2350" originalElevation="407.0" isOriginalElevationFromOSM="true"><ele>407.5</ele></trkpt>
<trkpt lat="38.053700" lon="127.350160" sectionIndex="0" pointIndex="2351" originalElevation="412.4" isOriginalElevationFromOSM="true"><ele>410.8</ele></trkpt>
<trkpt lat="38.053750" lon="127.349880" sectionIndex="0" pointIndex="2352" originalElevation="415.7" isOriginalElevationFromOSM="true"><ele>414.3</ele></trkpt>
<trkpt lat="38.053840" lon="127.349590" sectionIndex="0" pointIndex="2353" originalElevation="417.9" isOriginalElevationFromOSM="true"><ele>417.0</ele></trkpt>
<trkpt lat="38.053900" lon="127.349320" sectionIndex="0" pointIndex="2354" originalElevation="418.7" isOriginalElevationFromOSM="true"><ele>418.9</ele></trkpt>
<trkpt lat="38.053950" lon="127.348940" sectionIndex="0" pointIndex="2355" originalElevation="420.1" isOriginalElevationFromOSM="true"><ele>420.5</ele></trkpt>
<trkpt lat="38.053920" lon="127.348330" sectionIndex="0" pointIndex="2356" originalElevation="421.9" isOriginalElevationFromOSM="true"><ele>422.4</ele></trkpt>
<trkpt lat="38.053940" lon="127.348050" sectionIndex="0" pointIndex="2357" originalElevation="424.1" isOriginalElevationFromOSM="true"><ele>423.9</ele></trkpt>
<trkpt lat="38.053820" lon="127.347580" sectionIndex="0" pointIndex="2358" originalElevation="427.1" isOriginalElevationFromOSM="true"><ele>425.2</ele></trkpt>
<trkpt lat="38.053480" lon="127.347190" sectionIndex="0" pointIndex="2359" originalElevation="426.6" isOriginalElevationFromOSM="true"><ele>426.0</ele></trkpt>
<trkpt lat="38.053380" lon="127.347100" sectionIndex="0" pointIndex="2360" originalElevation="426.2" isOriginalElevationFromOSM="true"><ele>426.2</ele></trkpt>
<trkpt lat="38.053300" lon="127.346620" sectionIndex="0" pointIndex="2361" originalElevation="426.0" isOriginalElevationFromOSM="true"><ele>425.6</ele></trkpt>
<trkpt lat="38.053290" lon="127.346360" sectionIndex="0" pointIndex="2362" originalElevation="425.0" isOriginalElevationFromOSM="true"><ele>424.5</ele></trkpt>
<trkpt lat="38.053250" lon="127.346120" sectionIndex="0" pointIndex="2363" originalElevation="424.2" isOriginalElevationFromOSM="true"><ele>423.2</ele></trkpt>
<trkpt lat="38.053290" lon="127.345640" sectionIndex="0" pointIndex="2364" originalElevation="421.2" isOriginalElevationFromOSM="true"><ele>421.8</ele></trkpt>
<trkpt lat="38.053550" lon="127.345330" sectionIndex="0" pointIndex="2365" originalElevation="419.7" isOriginalElevationFromOSM="true"><ele>419.4</ele></trkpt>
<trkpt lat="38.053730" lon="127.345150" sectionIndex="0" pointIndex="2366" originalElevation="419.0" isOriginalElevationFromOSM="true"><ele>416.5</ele></trkpt>
<trkpt lat="38.054070" lon="127.344740" sectionIndex="0" pointIndex="2367" originalElevation="413.0" isOriginalElevationFromOSM="true"><ele>414.8</ele></trkpt>
<trkpt lat="38.054270" lon="127.344530" sectionIndex="0" pointIndex="2368" originalElevation="409.6" isOriginalElevationFromOSM="true"><ele>414.1</ele></trkpt>
<trkpt lat="38.054870" lon="127.344260" sectionIndex="0" pointIndex="2369" originalElevation="412.8" isOriginalElevationFromOSM="true"><ele>413.1</ele></trkpt>
<trkpt lat="38.055160" lon="127.343990" sectionIndex="0" pointIndex="2370" originalElevation="415.9" isOriginalElevationFromOSM="true"><ele>412.4</ele></trkpt>
<trkpt lat="38.055260" lon="127.343640" sectionIndex="0" pointIndex="2371" originalElevation="414.4" isOriginalElevationFromOSM="true"><ele>411.7</ele></trkpt>
<trkpt lat="38.055250" lon="127.343310" sectionIndex="0" pointIndex="2372" originalElevation="409.1" isOriginalElevationFromOSM="true"><ele>409.6</ele></trkpt>
<trkpt lat="38.055270" lon="127.343130" sectionIndex="0" pointIndex="2373" originalElevation="406.2" isOriginalElevationFromOSM="true"><ele>405.0</ele></trkpt>
<trkpt lat="38.055240" lon="127.342960" sectionIndex="0" pointIndex="2374" originalElevation="402.3" isOriginalElevationFromOSM="true"><ele>400.7</ele></trkpt>
<trkpt lat="38.055240" lon="127.342510" sectionIndex="0" pointIndex="2375" originalElevation="393.2" isOriginalElevationFromOSM="true"><ele>397.3</ele></trkpt>
<trkpt lat="38.055310" lon="127.342400" sectionIndex="0" pointIndex="2376" originalElevation="392.7" isOriginalElevationFromOSM="true"><ele>395.5</ele></trkpt>
<trkpt lat="38.055450" lon="127.342240" sectionIndex="0" pointIndex="2377" originalElevation="392.3" isOriginalElevationFromOSM="true"><ele>394.9</ele></trkpt>
<trkpt lat="38.055760" lon="127.342170" sectionIndex="0" pointIndex="2378" originalElevation="397.1" isOriginalElevationFromOSM="true"><ele>396.0</ele></trkpt>
<trkpt lat="38.055910" lon="127.342100" sectionIndex="0" pointIndex="2379" originalElevation="399.3" isOriginalElevationFromOSM="true"><ele>396.2</ele></trkpt>
<trkpt lat="38.056090" lon="127.341840" sectionIndex="0" pointIndex="2380" originalElevation="398.5" isOriginalElevationFromOSM="true"><ele>396.8</ele></trkpt>
<trkpt lat="38.056120" lon="127.341520" sectionIndex="0" pointIndex="2381" originalElevation="393.9" isOriginalElevationFromOSM="true"><ele>396.4</ele></trkpt>
<trkpt lat="38.056210" lon="127.341300" sectionIndex="0" pointIndex="2382" originalElevation="395.3" isOriginalElevationFromOSM="true"><ele>394.8</ele></trkpt>
<trkpt lat="38.056250" lon="127.341110" sectionIndex="0" pointIndex="2383" originalElevation="395.1" isOriginalElevationFromOSM="true"><ele>391.5</ele></trkpt>
<trkpt lat="38.056210" lon="127.340860" sectionIndex="0" pointIndex="2384" originalElevation="391.4" isOriginalElevationFromOSM="true"><ele>388.4</ele></trkpt>
<trkpt lat="38.056010" lon="127.340520" sectionIndex="0" pointIndex="2385" originalElevation="381.7" isOriginalElevationFromOSM="true"><ele>384.8</ele></trkpt>
<trkpt lat="38.055920" lon="127.340320" sectionIndex="0" pointIndex="2386" originalElevation="378.6" isOriginalElevationFromOSM="true"><ele>381.0</ele></trkpt>
<trkpt lat="38.055910" lon="127.340010" sectionIndex="0" pointIndex="2387" originalElevation="377.2" isOriginalElevationFromOSM="true"><ele>377.9</ele></trkpt>
<trkpt lat="38.055930" lon="127.339930" sectionIndex="0" pointIndex="2388" originalElevation="376.2" isOriginalElevationFromOSM="true"><ele>376.3</ele></trkpt>
<trkpt lat="38.055990" lon="127.339850" sectionIndex="0" pointIndex="2389" originalElevation="375.6" isOriginalElevationFromOSM="true"><ele>375.3</ele></trkpt>
<trkpt lat="38.056040" lon="127.339720" sectionIndex="0" pointIndex="2390" originalElevation="373.8" isOriginalElevationFromOSM="true"><ele>374.7</ele></trkpt>
<trkpt lat="38.056170" lon="127.339640" sectionIndex="0" pointIndex="2391" originalElevation="373.6" isOriginalElevationFromOSM="true"><ele>374.8</ele></trkpt>
<trkpt lat="38.056330" lon="127.339610" sectionIndex="0" pointIndex="2392" originalElevation="374.4" isOriginalElevationFromOSM="true"><ele>375.8</ele></trkpt>
<trkpt lat="38.056440" lon="127.339650" sectionIndex="0" pointIndex="2393" originalElevation="376.7" isOriginalElevationFromOSM="true"><ele>377.8</ele></trkpt>
<trkpt lat="38.056660" lon="127.339700" sectionIndex="0" pointIndex="2394" originalElevation="380.3" isOriginalElevationFromOSM="true"><ele>379.5</ele></trkpt>
<trkpt lat="38.056830" lon="127.339680" sectionIndex="0" pointIndex="2395" originalElevation="384.1" isOriginalElevationFromOSM="true"><ele>377.9</ele></trkpt>
<trkpt lat="38.056900" lon="127.339520" sectionIndex="0" pointIndex="2396" originalElevation="382.0" isOriginalElevationFromOSM="true"><ele>374.9</ele></trkpt>
<trkpt lat="38.056770" lon="127.338980" sectionIndex="0" pointIndex="2397" originalElevation="366.6" isOriginalElevationFromOSM="true"><ele>370.7</ele></trkpt>
<trkpt lat="38.056820" lon="127.338610" sectionIndex="0" pointIndex="2398" originalElevation="361.4" isOriginalElevationFromOSM="true"><ele>365.7</ele></trkpt>
<trkpt lat="38.056950" lon="127.338400" sectionIndex="0" pointIndex="2399" originalElevation="359.5" isOriginalElevationFromOSM="true"><ele>361.1</ele></trkpt>
<trkpt lat="38.057140" lon="127.338230" sectionIndex="0" pointIndex="2400" originalElevation="358.8" isOriginalElevationFromOSM="true"><ele>359.4</ele></trkpt>
<trkpt lat="38.057230" lon="127.338180" sectionIndex="0" pointIndex="2401" originalElevation="359.1" isOriginalElevationFromOSM="true"><ele>359.4</ele></trkpt>
<trkpt lat="38.057540" lon="127.337950" sectionIndex="0" pointIndex="2402" originalElevation="358.4" isOriginalElevationFromOSM="true"><ele>360.4</ele></trkpt>
<trkpt lat="38.057690" lon="127.337940" sectionIndex="0" pointIndex="2403" originalElevation="361.1" isOriginalElevationFromOSM="true"><ele>362.5</ele></trkpt>
<trkpt lat="38.057840" lon="127.337980" sectionIndex="0" pointIndex="2404" originalElevation="364.7" isOriginalElevationFromOSM="true"><ele>364.4</ele></trkpt>
<trkpt lat="38.057994" lon="127.337998" sectionIndex="0" pointIndex="2405" originalElevation="369.0" isOriginalElevationFromOSM="false"><ele>366.6</ele></trkpt>
<trkpt lat="38.058024" lon="127.337955" sectionIndex="0" pointIndex="2406" originalElevation="369.0" isOriginalElevationFromOSM="false"><ele>368.1</ele></trkpt>
<trkpt lat="38.058054" lon="127.337913" sectionIndex="0" pointIndex="2407" originalElevation="369.0" isOriginalElevationFromOSM="false"><ele>369.0</ele></trkpt>
<trkpt lat="38.058084" lon="127.337871" sectionIndex="0" pointIndex="2408" originalElevation="369.0" isOriginalElevationFromOSM="false"><ele>369.0</ele></trkpt>
<trkpt lat="38.058096" lon="127.337854" sectionIndex="0" pointIndex="2409" originalElevation="369.0" isOriginalElevationFromOSM="false"><ele>366.3</ele></trkpt>
<trkpt lat="38.058137" lon="127.337652" sectionIndex="0" pointIndex="2410" originalElevation="369.0" isOriginalElevationFromOSM="false"><ele>363.0</ele></trkpt>
<trkpt lat="38.058100" lon="127.337240" sectionIndex="0" pointIndex="2411" originalElevation="355.3" isOriginalElevationFromOSM="true"><ele>359.6</ele></trkpt>
<trkpt lat="38.058130" lon="127.337050" sectionIndex="0" pointIndex="2412" originalElevation="352.6" isOriginalElevationFromOSM="true"><ele>356.8</ele></trkpt>
<trkpt lat="38.058240" lon="127.336920" sectionIndex="0" pointIndex="2413" originalElevation="352.2" isOriginalElevationFromOSM="true"><ele>353.8</ele></trkpt>
<trkpt lat="38.058430" lon="127.336820" sectionIndex="0" pointIndex="2414" originalElevation="355.0" isOriginalElevationFromOSM="true"><ele>352.6</ele></trkpt>
<trkpt lat="38.058510" lon="127.336630" sectionIndex="0" pointIndex="2415" originalElevation="354.1" isOriginalElevationFromOSM="true"><ele>351.1</ele></trkpt>
<trkpt lat="38.058480" lon="127.336450" sectionIndex="0" pointIndex="2416" originalElevation="348.9" isOriginalElevationFromOSM="true"><ele>349.4</ele></trkpt>
<trkpt lat="38.058480" lon="127.336280" sectionIndex="0" pointIndex="2417" originalElevation="345.1" isOriginalElevationFromOSM="true"><ele>347.2</ele></trkpt>
<trkpt lat="38.058580" lon="127.336120" sectionIndex="0" pointIndex="2418" originalElevation="343.9" isOriginalElevationFromOSM="true"><ele>344.9</ele></trkpt>
<trkpt lat="38.058720" lon="127.335970" sectionIndex="0" pointIndex="2419" originalElevation="344.0" isOriginalElevationFromOSM="true"><ele>343.2</ele></trkpt>
<trkpt lat="38.058820" lon="127.335800" sectionIndex="0" pointIndex="2420" originalElevation="342.5" isOriginalElevationFromOSM="true"><ele>341.9</ele></trkpt>
<trkpt lat="38.058830" lon="127.335600" sectionIndex="0" pointIndex="2421" originalElevation="340.3" isOriginalElevationFromOSM="true"><ele>340.6</ele></trkpt>
<trkpt lat="38.058870" lon="127.335410" sectionIndex="0" pointIndex="2422" originalElevation="338.6" isOriginalElevationFromOSM="true"><ele>339.8</ele></trkpt>
<trkpt lat="38.058950" lon="127.335200" sectionIndex="0" pointIndex="2423" originalElevation="337.7" isOriginalElevationFromOSM="true"><ele>339.3</ele></trkpt>
<trkpt lat="38.059190" lon="127.335040" sectionIndex="0" pointIndex="2424" originalElevation="340.0" isOriginalElevationFromOSM="true"><ele>339.1</ele></trkpt>
<trkpt lat="38.059400" lon="127.334850" sectionIndex="0" pointIndex="2425" originalElevation="340.0" isOriginalElevationFromOSM="true"><ele>338.7</ele></trkpt>
<trkpt lat="38.059490" lon="127.334730" sectionIndex="0" pointIndex="2426" originalElevation="339.4" isOriginalElevationFromOSM="true"><ele>337.7</ele></trkpt>
<trkpt lat="38.059530" lon="127.334520" sectionIndex="0" pointIndex="2427" originalElevation="336.6" isOriginalElevationFromOSM="true"><ele>335.5</ele></trkpt>
<trkpt lat="38.059490" lon="127.334320" sectionIndex="0" pointIndex="2428" originalElevation="332.6" isOriginalElevationFromOSM="true"><ele>331.1</ele></trkpt>
<trkpt lat="38.059480" lon="127.334080" sectionIndex="0" pointIndex="2429" originalElevation="329.1" isOriginalElevationFromOSM="true"><ele>324.3</ele></trkpt>
<trkpt lat="38.059260" lon="127.333150" sectionIndex="0" pointIndex="2430" originalElevation="317.7" isOriginalElevationFromOSM="true"><ele>317.9</ele></trkpt>
<trkpt lat="38.058930" lon="127.331340" sectionIndex="0" pointIndex="2431" originalElevation="305.7" isOriginalElevationFromOSM="true"><ele>312.2</ele></trkpt>
<trkpt lat="38.058950" lon="127.331170" sectionIndex="0" pointIndex="2432" originalElevation="304.4" isOriginalElevationFromOSM="true"><ele>307.7</ele></trkpt>
<trkpt lat="38.059030" lon="127.330980" sectionIndex="0" pointIndex="2433" originalElevation="304.0" isOriginalElevationFromOSM="true"><ele>305.5</ele></trkpt>
<trkpt lat="38.059360" lon="127.330540" sectionIndex="0" pointIndex="2434" originalElevation="306.7" isOriginalElevationFromOSM="true"><ele>305.3</ele></trkpt>
<trkpt lat="38.059390" lon="127.330420" sectionIndex="0" pointIndex="2435" originalElevation="306.8" isOriginalElevationFromOSM="true"><ele>304.9</ele></trkpt>
<trkpt lat="38.059370" lon="127.330090" sectionIndex="0" pointIndex="2436" originalElevation="304.6" isOriginalElevationFromOSM="true"><ele>304.0</ele></trkpt>
<trkpt lat="38.059310" lon="127.329910" sectionIndex="0" pointIndex="2437" originalElevation="302.4" isOriginalElevationFromOSM="true"><ele>301.9</ele></trkpt>
<trkpt lat="38.059220" lon="127.329740" sectionIndex="0" pointIndex="2438" originalElevation="299.6" isOriginalElevationFromOSM="true"><ele>299.6</ele></trkpt>
<trkpt lat="38.059130" lon="127.329490" sectionIndex="0" pointIndex="2439" originalElevation="296.3" isOriginalElevationFromOSM="true"><ele>297.2</ele></trkpt>
<trkpt lat="38.059130" lon="127.329140" sectionIndex="0" pointIndex="2440" originalElevation="294.9" isOriginalElevationFromOSM="true"><ele>295.1</ele></trkpt>
<trkpt lat="38.059200" lon="127.328740" sectionIndex="0" pointIndex="2441" originalElevation="292.7" isOriginalElevationFromOSM="true"><ele>293.5</ele></trkpt>
<trkpt lat="38.059290" lon="127.328560" sectionIndex="0" pointIndex="2442" originalElevation="292.1" isOriginalElevationFromOSM="true"><ele>292.5</ele></trkpt>
<trkpt lat="38.059390" lon="127.328430" sectionIndex="0" pointIndex="2443" originalElevation="291.6" isOriginalElevationFromOSM="true"><ele>292.1</ele></trkpt>
<trkpt lat="38.059470" lon="127.328360" sectionIndex="0" pointIndex="2444" originalElevation="291.4" isOriginalElevationFromOSM="true"><ele>292.1</ele></trkpt>
<trkpt lat="38.059700" lon="127.328300" sectionIndex="0" pointIndex="2445" originalElevation="292.5" isOriginalElevationFromOSM="true"><ele>292.1</ele></trkpt>
<trkpt lat="38.059880" lon="127.328230" sectionIndex="0" pointIndex="2446" originalElevation="292.7" isOriginalElevationFromOSM="true"><ele>290.9</ele></trkpt>
<trkpt lat="38.059930" lon="127.328190" sectionIndex="0" pointIndex="2447" originalElevation="292.2" isOriginalElevationFromOSM="true"><ele>289.4</ele></trkpt>
<trkpt lat="38.060190" lon="127.327780" sectionIndex="0" pointIndex="2448" originalElevation="285.8" isOriginalElevationFromOSM="true"><ele>288.3</ele></trkpt>
<trkpt lat="38.060320" lon="127.327620" sectionIndex="0" pointIndex="2449" originalElevation="283.9" isOriginalElevationFromOSM="true"><ele>290.8</ele></trkpt>
<trkpt lat="38.060830" lon="127.327420" sectionIndex="0" pointIndex="2450" originalElevation="287.1" isOriginalElevationFromOSM="true"><ele>289.9</ele></trkpt>
<trkpt lat="38.060998" lon="127.327288" sectionIndex="0" pointIndex="2451" originalElevation="305.0" isOriginalElevationFromOSM="false"><ele>290.2</ele></trkpt>
<trkpt lat="38.061010" lon="127.327280" sectionIndex="0" pointIndex="2452" originalElevation="288.0" isOriginalElevationFromOSM="true"><ele>289.8</ele></trkpt>
<trkpt lat="38.061140" lon="127.327070" sectionIndex="0" pointIndex="2453" originalElevation="287.1" isOriginalElevationFromOSM="true"><ele>288.9</ele></trkpt>
<trkpt lat="38.061169" lon="127.326931" sectionIndex="0" pointIndex="2454" originalElevation="282.0" isOriginalElevationFromOSM="false"><ele>284.3</ele></trkpt>
<trkpt lat="38.061300" lon="127.326320" sectionIndex="0" pointIndex="2455" originalElevation="282.6" isOriginalElevationFromOSM="true"><ele>279.3</ele></trkpt>
<trkpt lat="38.061324" lon="127.326232" sectionIndex="0" pointIndex="2456" originalElevation="282.0" isOriginalElevationFromOSM="false"><ele>277.0</ele></trkpt>
<trkpt lat="38.063112" lon="127.326452" sectionIndex="0" pointIndex="2457" originalElevation="263.0" isOriginalElevationFromOSM="false"><ele>273.2</ele></trkpt>
<trkpt lat="38.063220" lon="127.326470" sectionIndex="0" pointIndex="2458" originalElevation="275.6" isOriginalElevationFromOSM="true"><ele>269.3</ele></trkpt>
<trkpt lat="38.063638" lon="127.326550" sectionIndex="0" pointIndex="2459" originalElevation="263.0" isOriginalElevationFromOSM="false"><ele>265.5</ele></trkpt>
<trkpt lat="38.063682" lon="127.326556" sectionIndex="0" pointIndex="2460" originalElevation="263.0" isOriginalElevationFromOSM="false"><ele>265.5</ele></trkpt>
<trkpt lat="38.063727" lon="127.326563" sectionIndex="0" pointIndex="2461" originalElevation="263.0" isOriginalElevationFromOSM="false"><ele>263.0</ele></trkpt>
<trkpt lat="38.063771" lon="127.326570" sectionIndex="0" pointIndex="2462" originalElevation="263.0" isOriginalElevationFromOSM="false"><ele>263.0</ele></trkpt>
<trkpt lat="38.063816" lon="127.326577" sectionIndex="0" pointIndex="2463" originalElevation="263.0" isOriginalElevationFromOSM="false"><ele>263.0</ele></trkpt>
<trkpt lat="38.063860" lon="127.326584" sectionIndex="0" pointIndex="2464" originalElevation="263.0" isOriginalElevationFromOSM="false"><ele>263.0</ele></trkpt>
<trkpt lat="38.063905" lon="127.326591" sectionIndex="0" pointIndex="2465" originalElevation="263.0" isOriginalElevationFromOSM="false"><ele>263.0</ele></trkpt>
<trkpt lat="38.063950" lon="127.326598" sectionIndex="0" pointIndex="2466" originalElevation="263.0" isOriginalElevationFromOSM="false"><ele>263.0</ele></trkpt>
<trkpt lat="38.063976" lon="127.326603" sectionIndex="0" pointIndex="2467" originalElevation="263.0" isOriginalElevationFromOSM="false"><ele>263.0</ele></trkpt>
<trkpt lat="38.064020" lon="127.326591" sectionIndex="0" pointIndex="2468" originalElevation="263.0" isOriginalElevationFromOSM="false"><ele>263.0</ele></trkpt>
<trkpt lat="38.064064" lon="127.326580" sectionIndex="0" pointIndex="2469" originalElevation="263.0" isOriginalElevationFromOSM="false"><ele>263.0</ele></trkpt>
<trkpt lat="38.064108" lon="127.326569" sectionIndex="0" pointIndex="2470" originalElevation="263.0" isOriginalElevationFromOSM="false"><ele>263.0</ele></trkpt>
<trkpt lat="38.064152" lon="127.326558" sectionIndex="0" pointIndex="2471" originalElevation="263.0" isOriginalElevationFromOSM="false"><ele>263.0</ele></trkpt>
<trkpt lat="38.064196" lon="127.326547" sectionIndex="0" pointIndex="2472" originalElevation="263.0" isOriginalElevationFromOSM="false"><ele>263.0</ele></trkpt>
<trkpt lat="38.064240" lon="127.326535" sectionIndex="0" pointIndex="2473" originalElevation="263.0" isOriginalElevationFromOSM="false"><ele>263.0</ele></trkpt>
<trkpt lat="38.064284" lon="127.326524" sectionIndex="0" pointIndex="2474" originalElevation="263.0" isOriginalElevationFromOSM="false"><ele>263.0</ele></trkpt>
<trkpt lat="38.064328" lon="127.326513" sectionIndex="0" pointIndex="2475" originalElevation="263.0" isOriginalElevationFromOSM="false"><ele>263.0</ele></trkpt>
<trkpt lat="38.064372" lon="127.326502" sectionIndex="0" pointIndex="2476" originalElevation="263.0" isOriginalElevationFromOSM="false"><ele>263.0</ele></trkpt>
<trkpt lat="38.064416" lon="127.326491" sectionIndex="0" pointIndex="2477" originalElevation="263.0" isOriginalElevationFromOSM="false"><ele>263.0</ele></trkpt>
<trkpt lat="38.064460" lon="127.326480" sectionIndex="0" pointIndex="2478" originalElevation="263.0" isOriginalElevationFromOSM="false"><ele>263.0</ele></trkpt>
<trkpt lat="38.064504" lon="127.326468" sectionIndex="0" pointIndex="2479" originalElevation="263.0" isOriginalElevationFromOSM="false"><ele>259.2</ele></trkpt>
<trkpt lat="38.064548" lon="127.326457" sectionIndex="0" pointIndex="2480" originalElevation="263.0" isOriginalElevationFromOSM="false"><ele>255.4</ele></trkpt>
<trkpt lat="38.064588" lon="127.326447" sectionIndex="0" pointIndex="2481" originalElevation="244.0" isOriginalElevationFromOSM="false"><ele>252.8</ele></trkpt>
<trkpt lat="38.065383" lon="127.326282" sectionIndex="0" pointIndex="2482" originalElevation="244.0" isOriginalElevationFromOSM="false"><ele>250.0</ele></trkpt>
<trkpt lat="38.065410" lon="127.326280" sectionIndex="0" pointIndex="2483" originalElevation="249.9" isOriginalElevationFromOSM="true"><ele>245.6</ele></trkpt>
<trkpt lat="38.065470" lon="127.326260" sectionIndex="0" pointIndex="2484" originalElevation="249.3" isOriginalElevationFromOSM="true"><ele>244.5</ele></trkpt>
<trkpt lat="38.065900" lon="127.325860" sectionIndex="0" pointIndex="2485" originalElevation="240.9" isOriginalElevationFromOSM="true"><ele>243.3</ele></trkpt>
<trkpt lat="38.066210" lon="127.325720" sectionIndex="0" pointIndex="2486" originalElevation="238.6" isOriginalElevationFromOSM="true"><ele>240.4</ele></trkpt>
<trkpt lat="38.066310" lon="127.325710" sectionIndex="0" pointIndex="2487" originalElevation="237.8" isOriginalElevationFromOSM="true"><ele>237.1</ele></trkpt>
<trkpt lat="38.066620" lon="127.325740" sectionIndex="0" pointIndex="2488" originalElevation="235.3" isOriginalElevationFromOSM="true"><ele>235.1</ele></trkpt>
<trkpt lat="38.067030" lon="127.325860" sectionIndex="0" pointIndex="2489" originalElevation="232.9" isOriginalElevationFromOSM="true"><ele>232.6</ele></trkpt>
<trkpt lat="38.067340" lon="127.325890" sectionIndex="0" pointIndex="2490" originalElevation="231.0" isOriginalElevationFromOSM="true"><ele>229.9</ele></trkpt>
<trkpt lat="38.067900" lon="127.325520" sectionIndex="0" pointIndex="2491" originalElevation="225.8" isOriginalElevationFromOSM="true"><ele>227.8</ele></trkpt>
<trkpt lat="38.068100" lon="127.325480" sectionIndex="0" pointIndex="2492" originalElevation="224.8" isOriginalElevationFromOSM="true"><ele>226.2</ele></trkpt>
<trkpt lat="38.068790" lon="127.325520" sectionIndex="0" pointIndex="2493" originalElevation="224.7" isOriginalElevationFromOSM="true"><ele>225.1</ele></trkpt>
<trkpt lat="38.068950" lon="127.325500" sectionIndex="0" pointIndex="2494" originalElevation="224.8" isOriginalElevationFromOSM="true"><ele>226.4</ele></trkpt>
<trkpt lat="38.069480" lon="127.325350" sectionIndex="0" pointIndex="2495" originalElevation="225.6" isOriginalElevationFromOSM="true"><ele>228.3</ele></trkpt>
<trkpt lat="38.070210" lon="127.325380" sectionIndex="0" pointIndex="2496" originalElevation="232.3" isOriginalElevationFromOSM="true"><ele>230.3</ele></trkpt>
<trkpt lat="38.070420" lon="127.325300" sectionIndex="0" pointIndex="2497" originalElevation="234.3" isOriginalElevationFromOSM="true"><ele>232.1</ele></trkpt>
<trkpt lat="38.070530" lon="127.325210" sectionIndex="0" pointIndex="2498" originalElevation="234.7" isOriginalElevationFromOSM="true"><ele>232.9</ele></trkpt>
<trkpt lat="38.070600" lon="127.324980" sectionIndex="0" pointIndex="2499" originalElevation="233.6" isOriginalElevationFromOSM="true"><ele>232.1</ele></trkpt>
<trkpt lat="38.070600" lon="127.324560" sectionIndex="0" pointIndex="2500" originalElevation="229.9" isOriginalElevationFromOSM="true"><ele>230.5</ele></trkpt>
<trkpt lat="38.070660" lon="127.324220" sectionIndex="0" pointIndex="2501" originalElevation="228.1" isOriginalElevationFromOSM="true"><ele>228.5</ele></trkpt>
<trkpt lat="38.070830" lon="127.323950" sectionIndex="0" pointIndex="2502" originalElevation="226.4" isOriginalElevationFromOSM="true"><ele>226.7</ele></trkpt>
<trkpt lat="38.070980" lon="127.323790" sectionIndex="0" pointIndex="2503" originalElevation="224.4" isOriginalElevationFromOSM="true"><ele>225.9</ele></trkpt>
<trkpt lat="38.071090" lon="127.323780" sectionIndex="0" pointIndex="2504" originalElevation="224.8" isOriginalElevationFromOSM="true"><ele>226.5</ele></trkpt>
<trkpt lat="38.071170" lon="127.323820" sectionIndex="0" pointIndex="2505" originalElevation="225.7" isOriginalElevationFromOSM="true"><ele>226.8</ele></trkpt>
<trkpt lat="38.071440" lon="127.324140" sectionIndex="0" pointIndex="2506" originalElevation="231.2" isOriginalElevationFromOSM="true"><ele>227.5</ele></trkpt>
<trkpt lat="38.071770" lon="127.324400" sectionIndex="0" pointIndex="2507" originalElevation="228.0" isOriginalElevationFromOSM="false"><ele>228.2</ele></trkpt>
<trkpt lat="38.071802" lon="127.324429" sectionIndex="0" pointIndex="2508" originalElevation="228.0" isOriginalElevationFromOSM="false"><ele>228.6</ele></trkpt>
<trkpt lat="38.071823" lon="127.324379" sectionIndex="0" pointIndex="2509" originalElevation="228.0" isOriginalElevationFromOSM="false"><ele>228.0</ele></trkpt>
<trkpt lat="38.071845" lon="127.324328" sectionIndex="0" pointIndex="2510" originalElevation="228.0" isOriginalElevationFromOSM="false"><ele>228.0</ele></trkpt>
<trkpt lat="38.071866" lon="127.324278" sectionIndex="0" pointIndex="2511" originalElevation="228.0" isOriginalElevationFromOSM="false"><ele>228.0</ele></trkpt>
<trkpt lat="38.071869" lon="127.324270" sectionIndex="0" pointIndex="2512" originalElevation="228.0" isOriginalElevationFromOSM="false"><ele>228.0</ele></trkpt>
<trkpt lat="38.071891" lon="127.324221" sectionIndex="0" pointIndex="2513" originalElevation="228.0" isOriginalElevationFromOSM="false"><ele>228.0</ele></trkpt>
<trkpt lat="38.071913" lon="127.324171" sectionIndex="0" pointIndex="2514" originalElevation="228.0" isOriginalElevationFromOSM="false"><ele>228.0</ele></trkpt>
<trkpt lat="38.071931" lon="127.324131" sectionIndex="0" pointIndex="2515" originalElevation="228.0" isOriginalElevationFromOSM="false"><ele>228.0</ele></trkpt>
<trkpt lat="38.071946" lon="127.324077" sectionIndex="0" pointIndex="2516" originalElevation="228.0" isOriginalElevationFromOSM="false"><ele>228.0</ele></trkpt>
<trkpt lat="38.071961" lon="127.324024" sectionIndex="0" pointIndex="2517" originalElevation="228.0" isOriginalElevationFromOSM="false"><ele>228.0</ele></trkpt>
<trkpt lat="38.071971" lon="127.323989" sectionIndex="0" pointIndex="2518" originalElevation="228.0" isOriginalElevationFromOSM="false"><ele>228.0</ele></trkpt>
<trkpt lat="38.071959" lon="127.323934" sectionIndex="0" pointIndex="2519" originalElevation="228.0" isOriginalElevationFromOSM="false"><ele>228.0</ele></trkpt>
<trkpt lat="38.071947" lon="127.323879" sectionIndex="0" pointIndex="2520" originalElevation="228.0" isOriginalElevationFromOSM="false"><ele>228.0</ele></trkpt>
<trkpt lat="38.071928" lon="127.323828" sectionIndex="0" pointIndex="2521" originalElevation="228.0" isOriginalElevationFromOSM="false"><ele>228.0</ele></trkpt>
<trkpt lat="38.071918" lon="127.323801" sectionIndex="0" pointIndex="2522" originalElevation="228.0" isOriginalElevationFromOSM="false"><ele>228.0</ele></trkpt>
<trkpt lat="38.071890" lon="127.323757" sectionIndex="0" pointIndex="2523" originalElevation="228.0" isOriginalElevationFromOSM="false"><ele>228.0</ele></trkpt>
<trkpt lat="38.071876" lon="127.323734" sectionIndex="0" pointIndex="2524" originalElevation="228.0" isOriginalElevationFromOSM="false"><ele>228.0</ele></trkpt>
<trkpt lat="38.071856" lon="127.323683" sectionIndex="0" pointIndex="2525" originalElevation="228.0" isOriginalElevationFromOSM="false"><ele>228.0</ele></trkpt>
<trkpt lat="38.071837" lon="127.323631" sectionIndex="0" pointIndex="2526" originalElevation="228.0" isOriginalElevationFromOSM="false"><ele>228.0</ele></trkpt>
<trkpt lat="38.071833" lon="127.323621" sectionIndex="0" pointIndex="2527" originalElevation="228.0" isOriginalElevationFromOSM="false"><ele>228.0</ele></trkpt>
<trkpt lat="38.071834" lon="127.323622" sectionIndex="0" pointIndex="2528" originalElevation="228.0" isOriginalElevationFromOSM="false"><ele>228.0</ele></trkpt>
<trkpt lat="38.071851" lon="127.323674" sectionIndex="0" pointIndex="2529" originalElevation="228.0" isOriginalElevationFromOSM="false"><ele>228.0</ele></trkpt>
<trkpt lat="38.071869" lon="127.323726" sectionIndex="0" pointIndex="2530" originalElevation="228.0" isOriginalElevationFromOSM="false"><ele>228.0</ele></trkpt>
<trkpt lat="38.071871" lon="127.323734" sectionIndex="0" pointIndex="2531" originalElevation="228.0" isOriginalElevationFromOSM="false"><ele>228.0</ele></trkpt>
<trkpt lat="38.071900" lon="127.323778" sectionIndex="0" pointIndex="2532" originalElevation="228.0" isOriginalElevationFromOSM="false"><ele>228.0</ele></trkpt>
<trkpt lat="38.071912" lon="127.323796" sectionIndex="0" pointIndex="2533" originalElevation="228.0" isOriginalElevationFromOSM="false"><ele>228.0</ele></trkpt>
<trkpt lat="38.071931" lon="127.323847" sectionIndex="0" pointIndex="2534" originalElevation="228.0" isOriginalElevationFromOSM="false"><ele>228.0</ele></trkpt>
<trkpt lat="38.071941" lon="127.323876" sectionIndex="0" pointIndex="2535" originalElevation="228.0" isOriginalElevationFromOSM="false"><ele>228.0</ele></trkpt>
<trkpt lat="38.071953" lon="127.323931" sectionIndex="0" pointIndex="2536" originalElevation="228.0" isOriginalElevationFromOSM="false"><ele>228.0</ele></trkpt>
<trkpt lat="38.071964" lon="127.323986" sectionIndex="0" pointIndex="2537" originalElevation="228.0" isOriginalElevationFromOSM="false"><ele>228.0</ele></trkpt>
<trkpt lat="38.071966" lon="127.323997" sectionIndex="0" pointIndex="2538" originalElevation="228.0" isOriginalElevationFromOSM="false"><ele>228.0</ele></trkpt>
<trkpt lat="38.071952" lon="127.324051" sectionIndex="0" pointIndex="2539" originalElevation="228.0" isOriginalElevationFromOSM="false"><ele>228.0</ele></trkpt>
<trkpt lat="38.071937" lon="127.324105" sectionIndex="0" pointIndex="2540" originalElevation="228.0" isOriginalElevationFromOSM="false"><ele>228.0</ele></trkpt>
<trkpt lat="38.071929" lon="127.324133" sectionIndex="0" pointIndex="2541" originalElevation="228.0" isOriginalElevationFromOSM="false"><ele>228.0</ele></trkpt>
<trkpt lat="38.071907" lon="127.324183" sectionIndex="0" pointIndex="2542" originalElevation="228.0" isOriginalElevationFromOSM="false"><ele>228.0</ele></trkpt>
<trkpt lat="38.071885" lon="127.324232" sectionIndex="0" pointIndex="2543" originalElevation="228.0" isOriginalElevationFromOSM="false"><ele>228.0</ele></trkpt>
<trkpt lat="38.071862" lon="127.324282" sectionIndex="0" pointIndex="2544" originalElevation="228.0" isOriginalElevationFromOSM="false"><ele>228.0</ele></trkpt>
<trkpt lat="38.071840" lon="127.324331" sectionIndex="0" pointIndex="2545" originalElevation="228.0" isOriginalElevationFromOSM="false"><ele>228.5</ele></trkpt>
<trkpt lat="38.071817" lon="127.324381" sectionIndex="0" pointIndex="2546" originalElevation="228.0" isOriginalElevationFromOSM="false"><ele>229.3</ele></trkpt>
<trkpt lat="38.071790" lon="127.324420" sectionIndex="0" pointIndex="2547" originalElevation="230.7" isOriginalElevationFromOSM="true"><ele>229.9</ele></trkpt>
<trkpt lat="38.071670" lon="127.324340" sectionIndex="0" pointIndex="2548" originalElevation="231.7" isOriginalElevationFromOSM="true"><ele>229.4</ele></trkpt>
<trkpt lat="38.071440" lon="127.324140" sectionIndex="0" pointIndex="2549" originalElevation="231.2" isOriginalElevationFromOSM="true"><ele>228.8</ele></trkpt>
<trkpt lat="38.071170" lon="127.323820" sectionIndex="0" pointIndex="2550" originalElevation="225.7" isOriginalElevationFromOSM="true"><ele>227.6</ele></trkpt>
<trkpt lat="38.071090" lon="127.323780" sectionIndex="0" pointIndex="2551" originalElevation="224.8" isOriginalElevationFromOSM="true"><ele>226.5</ele></trkpt>
<trkpt lat="38.070980" lon="127.323790" sectionIndex="0" pointIndex="2552" originalElevation="224.4" isOriginalElevationFromOSM="true"><ele>225.9</ele></trkpt>
<trkpt lat="38.070830" lon="127.323950" sectionIndex="0" pointIndex="2553" originalElevation="226.4" isOriginalElevationFromOSM="true"><ele>226.7</ele></trkpt>
<trkpt lat="38.070660" lon="127.324220" sectionIndex="0" pointIndex="2554" originalElevation="228.1" isOriginalElevationFromOSM="true"><ele>228.5</ele></trkpt>
<trkpt lat="38.070600" lon="127.324560" sectionIndex="0" pointIndex="2555" originalElevation="229.9" isOriginalElevationFromOSM="true"><ele>230.5</ele></trkpt>
<trkpt lat="38.070600" lon="127.324980" sectionIndex="0" pointIndex="2556" originalElevation="233.6" isOriginalElevationFromOSM="true"><ele>232.1</ele></trkpt>
<trkpt lat="38.070530" lon="127.325210" sectionIndex="0" pointIndex="2557" originalElevation="234.7" isOriginalElevationFromOSM="true"><ele>232.9</ele></trkpt>
<trkpt lat="38.070420" lon="127.325300" sectionIndex="0" pointIndex="2558" originalElevation="234.3" isOriginalElevationFromOSM="true"><ele>232.1</ele></trkpt>
<trkpt lat="38.070210" lon="127.325380" sectionIndex="0" pointIndex="2559" originalElevation="232.3" isOriginalElevationFromOSM="true"><ele>230.3</ele></trkpt>
<trkpt lat="38.069480" lon="127.325350" sectionIndex="0" pointIndex="2560" originalElevation="225.6" isOriginalElevationFromOSM="true"><ele>228.3</ele></trkpt>
<trkpt lat="38.068950" lon="127.325500" sectionIndex="0" pointIndex="2561" originalElevation="224.8" isOriginalElevationFromOSM="true"><ele>226.4</ele></trkpt>
<trkpt lat="38.068790" lon="127.325520" sectionIndex="0" pointIndex="2562" originalElevation="224.7" isOriginalElevationFromOSM="true"><ele>225.1</ele></trkpt>
<trkpt lat="38.068100" lon="127.325480" sectionIndex="0" pointIndex="2563" originalElevation="224.8" isOriginalElevationFromOSM="true"><ele>226.2</ele></trkpt>
<trkpt lat="38.067900" lon="127.325520" sectionIndex="0" pointIndex="2564" originalElevation="225.8" isOriginalElevationFromOSM="true"><ele>227.8</ele></trkpt>
<trkpt lat="38.067340" lon="127.325890" sectionIndex="0" pointIndex="2565" originalElevation="231.0" isOriginalElevationFromOSM="true"><ele>229.9</ele></trkpt>
<trkpt lat="38.067030" lon="127.325860" sectionIndex="0" pointIndex="2566" originalElevation="232.9" isOriginalElevationFromOSM="true"><ele>232.6</ele></trkpt>
<trkpt lat="38.066620" lon="127.325740" sectionIndex="0" pointIndex="2567" originalElevation="235.3" isOriginalElevationFromOSM="true"><ele>235.1</ele></trkpt>
<trkpt lat="38.066310" lon="127.325710" sectionIndex="0" pointIndex="2568" originalElevation="237.8" isOriginalElevationFromOSM="true"><ele>237.1</ele></trkpt>
<trkpt lat="38.066210" lon="127.325720" sectionIndex="0" pointIndex="2569" originalElevation="238.6" isOriginalElevationFromOSM="true"><ele>240.4</ele></trkpt>
<trkpt lat="38.065900" lon="127.325860" sectionIndex="0" pointIndex="2570" originalElevation="240.9" isOriginalElevationFromOSM="true"><ele>243.3</ele></trkpt>
<trkpt lat="38.065470" lon="127.326260" sectionIndex="0" pointIndex="2571" originalElevation="249.3" isOriginalElevationFromOSM="true"><ele>244.5</ele></trkpt>
<trkpt lat="38.065410" lon="127.326280" sectionIndex="0" pointIndex="2572" originalElevation="249.9" isOriginalElevationFromOSM="true"><ele>245.6</ele></trkpt>
<trkpt lat="38.065274" lon="127.326294" sectionIndex="0" pointIndex="2573" originalElevation="244.0" isOriginalElevationFromOSM="false"><ele>246.2</ele></trkpt>
<trkpt lat="38.065229" lon="127.326296" sectionIndex="0" pointIndex="2574" originalElevation="244.0" isOriginalElevationFromOSM="false"><ele>245.2</ele></trkpt>
<trkpt lat="38.065184" lon="127.326298" sectionIndex="0" pointIndex="2575" originalElevation="244.0" isOriginalElevationFromOSM="false"><ele>244.0</ele></trkpt>
<trkpt lat="38.065139" lon="127.326300" sectionIndex="0" pointIndex="2576" originalElevation="244.0" isOriginalElevationFromOSM="false"><ele>244.0</ele></trkpt>
<trkpt lat="38.065094" lon="127.326302" sectionIndex="0" pointIndex="2577" originalElevation="244.0" isOriginalElevationFromOSM="false"><ele>244.0</ele></trkpt>
<trkpt lat="38.065049" lon="127.326304" sectionIndex="0" pointIndex="2578" originalElevation="244.0" isOriginalElevationFromOSM="false"><ele>244.0</ele></trkpt>
<trkpt lat="38.065004" lon="127.326306" sectionIndex="0" pointIndex="2579" originalElevation="244.0" isOriginalElevationFromOSM="false"><ele>244.0</ele></trkpt>
<trkpt lat="38.064959" lon="127.326308" sectionIndex="0" pointIndex="2580" originalElevation="244.0" isOriginalElevationFromOSM="false"><ele>244.0</ele></trkpt>
<trkpt lat="38.064914" lon="127.326310" sectionIndex="0" pointIndex="2581" originalElevation="244.0" isOriginalElevationFromOSM="false"><ele>244.0</ele></trkpt>
<trkpt lat="38.064870" lon="127.326313" sectionIndex="0" pointIndex="2582" originalElevation="244.0" isOriginalElevationFromOSM="false"><ele>244.0</ele></trkpt>
<trkpt lat="38.064825" lon="127.326315" sectionIndex="0" pointIndex="2583" originalElevation="244.0" isOriginalElevationFromOSM="false"><ele>244.0</ele></trkpt>
<trkpt lat="38.064780" lon="127.326317" sectionIndex="0" pointIndex="2584" originalElevation="244.0" isOriginalElevationFromOSM="false"><ele>244.0</ele></trkpt>
<trkpt lat="38.064735" lon="127.326319" sectionIndex="0" pointIndex="2585" originalElevation="244.0" isOriginalElevationFromOSM="false"><ele>244.0</ele></trkpt>
<trkpt lat="38.064690" lon="127.326321" sectionIndex="0" pointIndex="2586" originalElevation="244.0" isOriginalElevationFromOSM="false"><ele>244.0</ele></trkpt>
<trkpt lat="38.064645" lon="127.326323" sectionIndex="0" pointIndex="2587" originalElevation="244.0" isOriginalElevationFromOSM="false"><ele>244.0</ele></trkpt>
<trkpt lat="38.064635" lon="127.326324" sectionIndex="0" pointIndex="2588" originalElevation="244.0" isOriginalElevationFromOSM="false"><ele>247.8</ele></trkpt>
<trkpt lat="38.064590" lon="127.326333" sectionIndex="0" pointIndex="2589" originalElevation="244.0" isOriginalElevationFromOSM="false"><ele>251.6</ele></trkpt>
<trkpt lat="38.064546" lon="127.326343" sectionIndex="0" pointIndex="2590" originalElevation="263.0" isOriginalElevationFromOSM="false"><ele>255.4</ele></trkpt>
<trkpt lat="38.064502" lon="127.326352" sectionIndex="0" pointIndex="2591" originalElevation="263.0" isOriginalElevationFromOSM="false"><ele>259.2</ele></trkpt>
<trkpt lat="38.064458" lon="127.326362" sectionIndex="0" pointIndex="2592" originalElevation="263.0" isOriginalElevationFromOSM="false"><ele>263.0</ele></trkpt>
<trkpt lat="38.064413" lon="127.326371" sectionIndex="0" pointIndex="2593" originalElevation="263.0" isOriginalElevationFromOSM="false"><ele>263.0</ele></trkpt>
<trkpt lat="38.064369" lon="127.326381" sectionIndex="0" pointIndex="2594" originalElevation="263.0" isOriginalElevationFromOSM="false"><ele>263.0</ele></trkpt>
<trkpt lat="38.064325" lon="127.326390" sectionIndex="0" pointIndex="2595" originalElevation="263.0" isOriginalElevationFromOSM="false"><ele>263.0</ele></trkpt>
<trkpt lat="38.064280" lon="127.326400" sectionIndex="0" pointIndex="2596" originalElevation="263.0" isOriginalElevationFromOSM="false"><ele>263.0</ele></trkpt>
<trkpt lat="38.064236" lon="127.326409" sectionIndex="0" pointIndex="2597" originalElevation="263.0" isOriginalElevationFromOSM="false"><ele>263.0</ele></trkpt>
<trkpt lat="38.064192" lon="127.326418" sectionIndex="0" pointIndex="2598" originalElevation="263.0" isOriginalElevationFromOSM="false"><ele>263.0</ele></trkpt>
<trkpt lat="38.064148" lon="127.326428" sectionIndex="0" pointIndex="2599" originalElevation="263.0" isOriginalElevationFromOSM="false"><ele>263.0</ele></trkpt>
<trkpt lat="38.064103" lon="127.326437" sectionIndex="0" pointIndex="2600" originalElevation="263.0" isOriginalElevationFromOSM="false"><ele>263.0</ele></trkpt>
<trkpt lat="38.064059" lon="127.326447" sectionIndex="0" pointIndex="2601" originalElevation="263.0" isOriginalElevationFromOSM="false"><ele>263.0</ele></trkpt>
<trkpt lat="38.064015" lon="127.326456" sectionIndex="0" pointIndex="2602" originalElevation="263.0" isOriginalElevationFromOSM="false"><ele>263.0</ele></trkpt>
<trkpt lat="38.063970" lon="127.326466" sectionIndex="0" pointIndex="2603" originalElevation="263.0" isOriginalElevationFromOSM="false"><ele>263.0</ele></trkpt>
<trkpt lat="38.063926" lon="127.326475" sectionIndex="0" pointIndex="2604" originalElevation="263.0" isOriginalElevationFromOSM="false"><ele>263.0</ele></trkpt>
<trkpt lat="38.063908" lon="127.326479" sectionIndex="0" pointIndex="2605" originalElevation="263.0" isOriginalElevationFromOSM="false"><ele>263.0</ele></trkpt>
<trkpt lat="38.063864" lon="127.326472" sectionIndex="0" pointIndex="2606" originalElevation="263.0" isOriginalElevationFromOSM="false"><ele>263.0</ele></trkpt>
<trkpt lat="38.063819" lon="127.326464" sectionIndex="0" pointIndex="2607" originalElevation="263.0" isOriginalElevationFromOSM="false"><ele>263.0</ele></trkpt>
<trkpt lat="38.063775" lon="127.326457" sectionIndex="0" pointIndex="2608" originalElevation="263.0" isOriginalElevationFromOSM="false"><ele>263.0</ele></trkpt>
<trkpt lat="38.063730" lon="127.326449" sectionIndex="0" pointIndex="2609" originalElevation="263.0" isOriginalElevationFromOSM="false"><ele>263.0</ele></trkpt>
<trkpt lat="38.063686" lon="127.326441" sectionIndex="0" pointIndex="2610" originalElevation="263.0" isOriginalElevationFromOSM="false"><ele>263.0</ele></trkpt>
<trkpt lat="38.063641" lon="127.326434" sectionIndex="0" pointIndex="2611" originalElevation="263.0" isOriginalElevationFromOSM="false"><ele>263.0</ele></trkpt>
<trkpt lat="38.063597" lon="127.326426" sectionIndex="0" pointIndex="2612" originalElevation="263.0" isOriginalElevationFromOSM="false"><ele>263.0</ele></trkpt>
<trkpt lat="38.063552" lon="127.326419" sectionIndex="0" pointIndex="2613" originalElevation="263.0" isOriginalElevationFromOSM="false"><ele>263.0</ele></trkpt>
<trkpt lat="38.063508" lon="127.326411" sectionIndex="0" pointIndex="2614" originalElevation="263.0" isOriginalElevationFromOSM="false"><ele>263.0</ele></trkpt>
<trkpt lat="38.063463" lon="127.326404" sectionIndex="0" pointIndex="2615" originalElevation="263.0" isOriginalElevationFromOSM="false"><ele>263.0</ele></trkpt>
<trkpt lat="38.063419" lon="127.326396" sectionIndex="0" pointIndex="2616" originalElevation="263.0" isOriginalElevationFromOSM="false"><ele>263.0</ele></trkpt>
<trkpt lat="38.063374" lon="127.326389" sectionIndex="0" pointIndex="2617" originalElevation="263.0" isOriginalElevationFromOSM="false"><ele>263.0</ele></trkpt>
<trkpt lat="38.063330" lon="127.326381" sectionIndex="0" pointIndex="2618" originalElevation="263.0" isOriginalElevationFromOSM="false"><ele>263.0</ele></trkpt>
<trkpt lat="38.063285" lon="127.326374" sectionIndex="0" pointIndex="2619" originalElevation="263.0" isOriginalElevationFromOSM="false"><ele>263.0</ele></trkpt>
<trkpt lat="38.063240" lon="127.326366" sectionIndex="0" pointIndex="2620" originalElevation="263.0" isOriginalElevationFromOSM="false"><ele>263.0</ele></trkpt>
<trkpt lat="38.063196" lon="127.326359" sectionIndex="0" pointIndex="2621" originalElevation="263.0" isOriginalElevationFromOSM="false"><ele>263.0</ele></trkpt>
<trkpt lat="38.063151" lon="127.326351" sectionIndex="0" pointIndex="2622" originalElevation="263.0" isOriginalElevationFromOSM="false"><ele>263.0</ele></trkpt>
<trkpt lat="38.063107" lon="127.326343" sectionIndex="0" pointIndex="2623" originalElevation="263.0" isOriginalElevationFromOSM="false"><ele>263.0</ele></trkpt>
<trkpt lat="38.063085" lon="127.326340" sectionIndex="0" pointIndex="2624" originalElevation="263.0" isOriginalElevationFromOSM="false"><ele>263.0</ele></trkpt>
<trkpt lat="38.063040" lon="127.326331" sectionIndex="0" pointIndex="2625" originalElevation="263.0" isOriginalElevationFromOSM="false"><ele>263.0</ele></trkpt>
<trkpt lat="38.062996" lon="127.326323" sectionIndex="0" pointIndex="2626" originalElevation="263.0" isOriginalElevationFromOSM="false"><ele>263.0</ele></trkpt>
<trkpt lat="38.062952" lon="127.326314" sectionIndex="0" pointIndex="2627" originalElevation="263.0" isOriginalElevationFromOSM="false"><ele>263.0</ele></trkpt>
<trkpt lat="38.062907" lon="127.326305" sectionIndex="0" pointIndex="2628" originalElevation="263.0" isOriginalElevationFromOSM="false"><ele>263.0</ele></trkpt>
<trkpt lat="38.062863" lon="127.326297" sectionIndex="0" pointIndex="2629" originalElevation="263.0" isOriginalElevationFromOSM="false"><ele>263.0</ele></trkpt>
<trkpt lat="38.062818" lon="127.326288" sectionIndex="0" pointIndex="2630" originalElevation="263.0" isOriginalElevationFromOSM="false"><ele>263.0</ele></trkpt>
<trkpt lat="38.062774" lon="127.326279" sectionIndex="0" pointIndex="2631" originalElevation="263.0" isOriginalElevationFromOSM="false"><ele>263.0</ele></trkpt>
<trkpt lat="38.062730" lon="127.326271" sectionIndex="0" pointIndex="2632" originalElevation="263.0" isOriginalElevationFromOSM="false"><ele>263.0</ele></trkpt>
<trkpt lat="38.062685" lon="127.326262" sectionIndex="0" pointIndex="2633" originalElevation="263.0" isOriginalElevationFromOSM="false"><ele>263.0</ele></trkpt>
<trkpt lat="38.062641" lon="127.326254" sectionIndex="0" pointIndex="2634" originalElevation="263.0" isOriginalElevationFromOSM="false"><ele>263.0</ele></trkpt>
<trkpt lat="38.062596" lon="127.326245" sectionIndex="0" pointIndex="2635" originalElevation="263.0" isOriginalElevationFromOSM="false"><ele>263.0</ele></trkpt>
<trkpt lat="38.062552" lon="127.326236" sectionIndex="0" pointIndex="2636" originalElevation="263.0" isOriginalElevationFromOSM="false"><ele>266.8</ele></trkpt>
<trkpt lat="38.062507" lon="127.326228" sectionIndex="0" pointIndex="2637" originalElevation="263.0" isOriginalElevationFromOSM="false"><ele>270.6</ele></trkpt>
<trkpt lat="38.062463" lon="127.326219" sectionIndex="0" pointIndex="2638" originalElevation="282.0" isOriginalElevationFromOSM="false"><ele>274.4</ele></trkpt>
<trkpt lat="38.062419" lon="127.326211" sectionIndex="0" pointIndex="2639" originalElevation="282.0" isOriginalElevationFromOSM="false"><ele>278.2</ele></trkpt>
<trkpt lat="38.062374" lon="127.326202" sectionIndex="0" pointIndex="2640" originalElevation="282.0" isOriginalElevationFromOSM="false"><ele>282.0</ele></trkpt>
<trkpt lat="38.062330" lon="127.326193" sectionIndex="0" pointIndex="2641" originalElevation="282.0" isOriginalElevationFromOSM="false"><ele>282.0</ele></trkpt>
<trkpt lat="38.062285" lon="127.326185" sectionIndex="0" pointIndex="2642" originalElevation="282.0" isOriginalElevationFromOSM="false"><ele>282.0</ele></trkpt>
<trkpt lat="38.062241" lon="127.326176" sectionIndex="0" pointIndex="2643" originalElevation="282.0" isOriginalElevationFromOSM="false"><ele>282.0</ele></trkpt>
<trkpt lat="38.062197" lon="127.326168" sectionIndex="0" pointIndex="2644" originalElevation="282.0" isOriginalElevationFromOSM="false"><ele>282.0</ele></trkpt>
<trkpt lat="38.062152" lon="127.326159" sectionIndex="0" pointIndex="2645" originalElevation="282.0" isOriginalElevationFromOSM="false"><ele>282.0</ele></trkpt>
<trkpt lat="38.062108" lon="127.326150" sectionIndex="0" pointIndex="2646" originalElevation="282.0" isOriginalElevationFromOSM="false"><ele>282.0</ele></trkpt>
<trkpt lat="38.062063" lon="127.326142" sectionIndex="0" pointIndex="2647" originalElevation="282.0" isOriginalElevationFromOSM="false"><ele>282.0</ele></trkpt>
<trkpt lat="38.062019" lon="127.326133" sectionIndex="0" pointIndex="2648" originalElevation="282.0" isOriginalElevationFromOSM="false"><ele>282.0</ele></trkpt>
<trkpt lat="38.061975" lon="127.326125" sectionIndex="0" pointIndex="2649" originalElevation="282.0" isOriginalElevationFromOSM="false"><ele>282.0</ele></trkpt>
<trkpt lat="38.061930" lon="127.326116" sectionIndex="0" pointIndex="2650" originalElevation="282.0" isOriginalElevationFromOSM="false"><ele>282.0</ele></trkpt>
<trkpt lat="38.061886" lon="127.326107" sectionIndex="0" pointIndex="2651" originalElevation="282.0" isOriginalElevationFromOSM="false"><ele>282.0</ele></trkpt>
<trkpt lat="38.061841" lon="127.326099" sectionIndex="0" pointIndex="2652" originalElevation="282.0" isOriginalElevationFromOSM="false"><ele>282.0</ele></trkpt>
<trkpt lat="38.061797" lon="127.326090" sectionIndex="0" pointIndex="2653" originalElevation="282.0" isOriginalElevationFromOSM="false"><ele>282.0</ele></trkpt>
<trkpt lat="38.061753" lon="127.326081" sectionIndex="0" pointIndex="2654" originalElevation="282.0" isOriginalElevationFromOSM="false"><ele>282.0</ele></trkpt>
<trkpt lat="38.061729" lon="127.326077" sectionIndex="0" pointIndex="2655" originalElevation="282.0" isOriginalElevationFromOSM="false"><ele>281.5</ele></trkpt>
<trkpt lat="38.061284" lon="127.325971" sectionIndex="0" pointIndex="2656" originalElevation="282.0" isOriginalElevationFromOSM="false"><ele>281.1</ele></trkpt>
<trkpt lat="38.061160" lon="127.325830" sectionIndex="0" pointIndex="2657" originalElevation="279.4" isOriginalElevationFromOSM="true"><ele>280.6</ele></trkpt>
<trkpt lat="38.061040" lon="127.325730" sectionIndex="0" pointIndex="2658" originalElevation="279.9" isOriginalElevationFromOSM="true"><ele>279.6</ele></trkpt>
<trkpt lat="38.060960" lon="127.325700" sectionIndex="0" pointIndex="2659" originalElevation="279.7" isOriginalElevationFromOSM="true"><ele>275.9</ele></trkpt>
<trkpt lat="38.060720" lon="127.325660" sectionIndex="0" pointIndex="2660" originalElevation="277.3" isOriginalElevationFromOSM="true"><ele>271.1</ele></trkpt>
<trkpt lat="38.059650" lon="127.325570" sectionIndex="0" pointIndex="2661" originalElevation="263.0" isOriginalElevationFromOSM="true"><ele>265.2</ele></trkpt>
<trkpt lat="38.059030" lon="127.325400" sectionIndex="0" pointIndex="2662" originalElevation="255.7" isOriginalElevationFromOSM="true"><ele>258.9</ele></trkpt>
<trkpt lat="38.058340" lon="127.325280" sectionIndex="0" pointIndex="2663" originalElevation="250.2" isOriginalElevationFromOSM="true"><ele>252.4</ele></trkpt>
<trkpt lat="38.057770" lon="127.325120" sectionIndex="0" pointIndex="2664" originalElevation="248.2" isOriginalElevationFromOSM="true"><ele>248.4</ele></trkpt>
<trkpt lat="38.057290" lon="127.325010" sectionIndex="0" pointIndex="2665" originalElevation="244.9" isOriginalElevationFromOSM="true"><ele>245.7</ele></trkpt>
<trkpt lat="38.057030" lon="127.324920" sectionIndex="0" pointIndex="2666" originalElevation="242.8" isOriginalElevationFromOSM="true"><ele>242.6</ele></trkpt>
<trkpt lat="38.056800" lon="127.324760" sectionIndex="0" pointIndex="2667" originalElevation="242.2" isOriginalElevationFromOSM="true"><ele>240.1</ele></trkpt>
<trkpt lat="38.055920" lon="127.324030" sectionIndex="0" pointIndex="2668" originalElevation="235.1" isOriginalElevationFromOSM="true"><ele>238.0</ele></trkpt>
<trkpt lat="38.055680" lon="127.323790" sectionIndex="0" pointIndex="2669" originalElevation="235.4" isOriginalElevationFromOSM="true"><ele>235.5</ele></trkpt>
<trkpt lat="38.055430" lon="127.323480" sectionIndex="0" pointIndex="2670" originalElevation="234.4" isOriginalElevationFromOSM="true"><ele>232.6</ele></trkpt>
<trkpt lat="38.055160" lon="127.322970" sectionIndex="0" pointIndex="2671" originalElevation="230.5" isOriginalElevationFromOSM="true"><ele>231.1</ele></trkpt>
<trkpt lat="38.055030" lon="127.322550" sectionIndex="0" pointIndex="2672" originalElevation="227.8" isOriginalElevationFromOSM="true"><ele>229.6</ele></trkpt>
<trkpt lat="38.054960" lon="127.322260" sectionIndex="0" pointIndex="2673" originalElevation="227.6" isOriginalElevationFromOSM="true"><ele>228.3</ele></trkpt>
<trkpt lat="38.054980" lon="127.322100" sectionIndex="0" pointIndex="2674" originalElevation="227.7" isOriginalElevationFromOSM="true"><ele>227.8</ele></trkpt>
<trkpt lat="38.055060" lon="127.321880" sectionIndex="0" pointIndex="2675" originalElevation="228.1" isOriginalElevationFromOSM="true"><ele>227.9</ele></trkpt>
<trkpt lat="38.055150" lon="127.321710" sectionIndex="0" pointIndex="2676" originalElevation="228.0" isOriginalElevationFromOSM="true"><ele>228.0</ele></trkpt>
<trkpt lat="38.055300" lon="127.321590" sectionIndex="0" pointIndex="2677" originalElevation="228.4" isOriginalElevationFromOSM="true"><ele>227.7</ele></trkpt>
<trkpt lat="38.055480" lon="127.321470" sectionIndex="0" pointIndex="2678" originalElevation="228.0" isOriginalElevationFromOSM="true"><ele>226.7</ele></trkpt>
<trkpt lat="38.055680" lon="127.321430" sectionIndex="0" pointIndex="2679" originalElevation="225.8" isOriginalElevationFromOSM="true"><ele>224.3</ele></trkpt>
<trkpt lat="38.055930" lon="127.321470" sectionIndex="0" pointIndex="2680" originalElevation="223.5" isOriginalElevationFromOSM="true"><ele>221.2</ele></trkpt>
<trkpt lat="38.056500" lon="127.321640" sectionIndex="0" pointIndex="2681" originalElevation="215.8" isOriginalElevationFromOSM="true"><ele>218.1</ele></trkpt>
<trkpt lat="38.056790" lon="127.321670" sectionIndex="0" pointIndex="2682" originalElevation="213.1" isOriginalElevationFromOSM="true"><ele>215.1</ele></trkpt>
<trkpt lat="38.057010" lon="127.321620" sectionIndex="0" pointIndex="2683" originalElevation="212.3" isOriginalElevationFromOSM="true"><ele>212.5</ele></trkpt>
<trkpt lat="38.057400" lon="127.321260" sectionIndex="0" pointIndex="2684" originalElevation="210.7" isOriginalElevationFromOSM="true"><ele>210.8</ele></trkpt>
<trkpt lat="38.058070" lon="127.320120" sectionIndex="0" pointIndex="2685" originalElevation="210.8" isOriginalElevationFromOSM="true"><ele>209.3</ele></trkpt>
<trkpt lat="38.058330" lon="127.319780" sectionIndex="0" pointIndex="2686" originalElevation="207.3" isOriginalElevationFromOSM="true"><ele>207.3</ele></trkpt>
<trkpt lat="38.059020" lon="127.319330" sectionIndex="0" pointIndex="2687" originalElevation="205.2" isOriginalElevationFromOSM="true"><ele>205.9</ele></trkpt>
<trkpt lat="38.059280" lon="127.319220" sectionIndex="0" pointIndex="2688" originalElevation="202.5" isOriginalElevationFromOSM="true"><ele>204.7</ele></trkpt>
<trkpt lat="38.059480" lon="127.319180" sectionIndex="0" pointIndex="2689" originalElevation="203.8" isOriginalElevationFromOSM="true"><ele>204.6</ele></trkpt>
<trkpt lat="38.059700" lon="127.319100" sectionIndex="0" pointIndex="2690" originalElevation="204.9" isOriginalElevationFromOSM="true"><ele>204.8</ele></trkpt>
<trkpt lat="38.059860" lon="127.319020" sectionIndex="0" pointIndex="2691" originalElevation="206.4" isOriginalElevationFromOSM="true"><ele>204.9</ele></trkpt>
<trkpt lat="38.060370" lon="127.318600" sectionIndex="0" pointIndex="2692" originalElevation="206.6" isOriginalElevationFromOSM="true"><ele>204.9</ele></trkpt>
<trkpt lat="38.060680" lon="127.318280" sectionIndex="0" pointIndex="2693" originalElevation="203.0" isOriginalElevationFromOSM="true"><ele>204.5</ele></trkpt>
<trkpt lat="38.060910" lon="127.317920" sectionIndex="0" pointIndex="2694" originalElevation="203.4" isOriginalElevationFromOSM="true"><ele>203.8</ele></trkpt>
<trkpt lat="38.061020" lon="127.317600" sectionIndex="0" pointIndex="2695" originalElevation="203.3" isOriginalElevationFromOSM="true"><ele>203.3</ele></trkpt>
<trkpt lat="38.061070" lon="127.317300" sectionIndex="0" pointIndex="2696" originalElevation="202.9" isOriginalElevationFromOSM="true"><ele>203.5</ele></trkpt>
<trkpt lat="38.061210" lon="127.316800" sectionIndex="0" pointIndex="2697" originalElevation="203.9" isOriginalElevationFromOSM="true"><ele>203.4</ele></trkpt>
<trkpt lat="38.061330" lon="127.316430" sectionIndex="0" pointIndex="2698" originalElevation="204.2" isOriginalElevationFromOSM="true"><ele>202.9</ele></trkpt>
<trkpt lat="38.061470" lon="127.316120" sectionIndex="0" pointIndex="2699" originalElevation="203.0" isOriginalElevationFromOSM="true"><ele>202.4</ele></trkpt>
<trkpt lat="38.061660" lon="127.315860" sectionIndex="0" pointIndex="2700" originalElevation="200.5" isOriginalElevationFromOSM="true"><ele>201.9</ele></trkpt>
<trkpt lat="38.061880" lon="127.315650" sectionIndex="0" pointIndex="2701" originalElevation="200.7" isOriginalElevationFromOSM="true"><ele>201.0</ele></trkpt>
<trkpt lat="38.062310" lon="127.315470" sectionIndex="0" pointIndex="2702" originalElevation="201.0" isOriginalElevationFromOSM="true"><ele>201.4</ele></trkpt>
<trkpt lat="38.062790" lon="127.315480" sectionIndex="0" pointIndex="2703" originalElevation="199.8" isOriginalElevationFromOSM="true"><ele>200.9</ele></trkpt>
<trkpt lat="38.064320" lon="127.315720" sectionIndex="0" pointIndex="2704" originalElevation="205.3" isOriginalElevationFromOSM="true"><ele>199.7</ele></trkpt>
<trkpt lat="38.064820" lon="127.315720" sectionIndex="0" pointIndex="2705" originalElevation="197.8" isOriginalElevationFromOSM="true"><ele>197.3</ele></trkpt>
<trkpt lat="38.065210" lon="127.315630" sectionIndex="0" pointIndex="2706" originalElevation="194.4" isOriginalElevationFromOSM="true"><ele>194.2</ele></trkpt>
<trkpt lat="38.065500" lon="127.315540" sectionIndex="0" pointIndex="2707" originalElevation="189.2" isOriginalElevationFromOSM="true"><ele>189.7</ele></trkpt>
<trkpt lat="38.065790" lon="127.315380" sectionIndex="0" pointIndex="2708" originalElevation="184.4" isOriginalElevationFromOSM="true"><ele>187.0</ele></trkpt>
<trkpt lat="38.065890" lon="127.315100" sectionIndex="0" pointIndex="2709" originalElevation="182.8" isOriginalElevationFromOSM="true"><ele>184.7</ele></trkpt>
<trkpt lat="38.066110" lon="127.314660" sectionIndex="0" pointIndex="2710" originalElevation="184.3" isOriginalElevationFromOSM="true"><ele>182.9</ele></trkpt>
<trkpt lat="38.066600" lon="127.314120" sectionIndex="0" pointIndex="2711" originalElevation="183.0" isOriginalElevationFromOSM="true"><ele>181.6</ele></trkpt>
<trkpt lat="38.066900" lon="127.313670" sectionIndex="0" pointIndex="2712" originalElevation="180.3" isOriginalElevationFromOSM="true"><ele>179.9</ele></trkpt>
<trkpt lat="38.067230" lon="127.313100" sectionIndex="0" pointIndex="2713" originalElevation="177.6" isOriginalElevationFromOSM="true"><ele>177.7</ele></trkpt>
<trkpt lat="38.068220" lon="127.311230" sectionIndex="0" pointIndex="2714" originalElevation="174.2" isOriginalElevationFromOSM="true"><ele>175.8</ele></trkpt>
<trkpt lat="38.069060" lon="127.309600" sectionIndex="0" pointIndex="2715" originalElevation="173.2" isOriginalElevationFromOSM="true"><ele>173.6</ele></trkpt>
<trkpt lat="38.069180" lon="127.309230" sectionIndex="0" pointIndex="2716" originalElevation="173.6" isOriginalElevationFromOSM="true"><ele>171.9</ele></trkpt>
<trkpt lat="38.069210" lon="127.307210" sectionIndex="0" pointIndex="2717" originalElevation="169.3" isOriginalElevationFromOSM="true"><ele>170.9</ele></trkpt>
<trkpt lat="38.069230" lon="127.307040" sectionIndex="0" pointIndex="2718" originalElevation="169.0" isOriginalElevationFromOSM="true"><ele>170.2</ele></trkpt>
<trkpt lat="38.069310" lon="127.306810" sectionIndex="0" pointIndex="2719" originalElevation="169.2" isOriginalElevationFromOSM="true"><ele>169.9</ele></trkpt>
<trkpt lat="38.069410" lon="127.306570" sectionIndex="0" pointIndex="2720" originalElevation="170.0" isOriginalElevationFromOSM="true"><ele>170.5</ele></trkpt>
<trkpt lat="38.069730" lon="127.306220" sectionIndex="0" pointIndex="2721" originalElevation="172.1" isOriginalElevationFromOSM="true"><ele>170.5</ele></trkpt>
<trkpt lat="38.069830" lon="127.306070" sectionIndex="0" pointIndex="2722" originalElevation="172.3" isOriginalElevationFromOSM="true"><ele>169.9</ele></trkpt>
<trkpt lat="38.070100" lon="127.304840" sectionIndex="0" pointIndex="2723" originalElevation="169.1" isOriginalElevationFromOSM="true"><ele>168.6</ele></trkpt>
<trkpt lat="38.070320" lon="127.304050" sectionIndex="0" pointIndex="2724" originalElevation="166.0" isOriginalElevationFromOSM="true"><ele>166.8</ele></trkpt>
<trkpt lat="38.071080" lon="127.302500" sectionIndex="0" pointIndex="2725" originalElevation="163.6" isOriginalElevationFromOSM="true"><ele>164.8</ele></trkpt>
<trkpt lat="38.071500" lon="127.301830" sectionIndex="0" pointIndex="2726" originalElevation="163.1" isOriginalElevationFromOSM="true"><ele>163.4</ele></trkpt>
<trkpt lat="38.071550" lon="127.301640" sectionIndex="0" pointIndex="2727" originalElevation="162.2" isOriginalElevationFromOSM="true"><ele>162.8</ele></trkpt>
<trkpt lat="38.071560" lon="127.301310" sectionIndex="0" pointIndex="2728" originalElevation="162.4" isOriginalElevationFromOSM="true"><ele>162.8</ele></trkpt>
<trkpt lat="38.071510" lon="127.300950" sectionIndex="0" pointIndex="2729" originalElevation="162.6" isOriginalElevationFromOSM="true"><ele>163.0</ele></trkpt>
<trkpt lat="38.071390" lon="127.300690" sectionIndex="0" pointIndex="2730" originalElevation="163.9" isOriginalElevationFromOSM="true"><ele>163.4</ele></trkpt>
<trkpt lat="38.071190" lon="127.300220" sectionIndex="0" pointIndex="2731" originalElevation="164.0" isOriginalElevationFromOSM="true"><ele>163.8</ele></trkpt>
<trkpt lat="38.070980" lon="127.299270" sectionIndex="0" pointIndex="2732" originalElevation="164.0" isOriginalElevationFromOSM="true"><ele>164.1</ele></trkpt>
<trkpt lat="38.070920" lon="127.297710" sectionIndex="0" pointIndex="2733" originalElevation="164.5" isOriginalElevationFromOSM="true"><ele>164.5</ele></trkpt>
<trkpt lat="38.070870" lon="127.297420" sectionIndex="0" pointIndex="2734" originalElevation="164.2" isOriginalElevationFromOSM="true"><ele>164.3</ele></trkpt>
<trkpt lat="38.070700" lon="127.296990" sectionIndex="0" pointIndex="2735" originalElevation="165.8" isOriginalElevationFromOSM="true"><ele>163.8</ele></trkpt>
<trkpt lat="38.070400" lon="127.295900" sectionIndex="0" pointIndex="2736" originalElevation="163.2" isOriginalElevationFromOSM="true"><ele>162.7</ele></trkpt>
<trkpt lat="38.070310" lon="127.295500" sectionIndex="0" pointIndex="2737" originalElevation="161.3" isOriginalElevationFromOSM="true"><ele>161.1</ele></trkpt>
<trkpt lat="38.070280" lon="127.295080" sectionIndex="0" pointIndex="2738" originalElevation="158.8" isOriginalElevationFromOSM="true"><ele>159.1</ele></trkpt>
<trkpt lat="38.070320" lon="127.294510" sectionIndex="0" pointIndex="2739" originalElevation="156.6" isOriginalElevationFromOSM="true"><ele>157.5</ele></trkpt>
<trkpt lat="38.070400" lon="127.294020" sectionIndex="0" pointIndex="2740" originalElevation="155.7" isOriginalElevationFromOSM="true"><ele>155.8</ele></trkpt>
<trkpt lat="38.070450" lon="127.293450" sectionIndex="0" pointIndex="2741" originalElevation="155.1" isOriginalElevationFromOSM="true"><ele>154.4</ele></trkpt>
<trkpt lat="38.070520" lon="127.291900" sectionIndex="0" pointIndex="2742" originalElevation="152.8" isOriginalElevationFromOSM="true"><ele>153.1</ele></trkpt>
<trkpt lat="38.070620" lon="127.291470" sectionIndex="0" pointIndex="2743" originalElevation="151.8" isOriginalElevationFromOSM="true"><ele>152.0</ele></trkpt>
<trkpt lat="38.070720" lon="127.291150" sectionIndex="0" pointIndex="2744" originalElevation="150.3" isOriginalElevationFromOSM="true"><ele>150.6</ele></trkpt>
<trkpt lat="38.071280" lon="127.290310" sectionIndex="0" pointIndex="2745" originalElevation="149.9" isOriginalElevationFromOSM="true"><ele>149.4</ele></trkpt>
<trkpt lat="38.071960" lon="127.289560" sectionIndex="0" pointIndex="2746" originalElevation="148.1" isOriginalElevationFromOSM="true"><ele>148.5</ele></trkpt>
<trkpt lat="38.072630" lon="127.288440" sectionIndex="0" pointIndex="2747" originalElevation="147.1" isOriginalElevationFromOSM="true"><ele>147.6</ele></trkpt>
<trkpt lat="38.073000" lon="127.287830" sectionIndex="0" pointIndex="2748" originalElevation="147.1" isOriginalElevationFromOSM="true"><ele>146.7</ele></trkpt>
<trkpt lat="38.073720" lon="127.286780" sectionIndex="0" pointIndex="2749" originalElevation="146.0" isOriginalElevationFromOSM="true"><ele>145.3</ele></trkpt>
<trkpt lat="38.074750" lon="127.285360" sectionIndex="0" pointIndex="2750" originalElevation="145.2" isOriginalElevationFromOSM="true"><ele>143.9</ele></trkpt>
<trkpt lat="38.076730" lon="127.282490" sectionIndex="0" pointIndex="2751" originalElevation="141.1" isOriginalElevationFromOSM="true"><ele>142.4</ele></trkpt>
<trkpt lat="38.076890" lon="127.282230" sectionIndex="0" pointIndex="2752" originalElevation="140.2" isOriginalElevationFromOSM="true"><ele>140.9</ele></trkpt>
<trkpt lat="38.076960" lon="127.282040" sectionIndex="0" pointIndex="2753" originalElevation="139.6" isOriginalElevationFromOSM="true"><ele>139.7</ele></trkpt>
<trkpt lat="38.077080" lon="127.281590" sectionIndex="0" pointIndex="2754" originalElevation="138.5" isOriginalElevationFromOSM="true"><ele>139.1</ele></trkpt>
<trkpt lat="38.077280" lon="127.281040" sectionIndex="0" pointIndex="2755" originalElevation="138.9" isOriginalElevationFromOSM="true"><ele>138.2</ele></trkpt>
<trkpt lat="38.078770" lon="127.278080" sectionIndex="0" pointIndex="2756" originalElevation="138.4" isOriginalElevationFromOSM="true"><ele>137.5</ele></trkpt>
<trkpt lat="38.079900" lon="127.276010" sectionIndex="0" pointIndex="2757" originalElevation="135.6" isOriginalElevationFromOSM="true"><ele>137.2</ele></trkpt>
<trkpt lat="38.080170" lon="127.276130" sectionIndex="0" pointIndex="2758" originalElevation="136.2" isOriginalElevationFromOSM="true"><ele>136.7</ele></trkpt>
<trkpt lat="38.080770" lon="127.276120" sectionIndex="0" pointIndex="2759" originalElevation="136.7" isOriginalElevationFromOSM="true"><ele>136.5</ele></trkpt>
<trkpt lat="38.081310" lon="127.276050" sectionIndex="0" pointIndex="2760" originalElevation="136.7" isOriginalElevationFromOSM="true"><ele>137.2</ele></trkpt>
<trkpt lat="38.081790" lon="127.275970" sectionIndex="0" pointIndex="2761" originalElevation="137.3" isOriginalElevationFromOSM="true"><ele>138.1</ele></trkpt>
<trkpt lat="38.083080" lon="127.275400" sectionIndex="0" pointIndex="2762" originalElevation="139.0" isOriginalElevationFromOSM="true"><ele>138.5</ele></trkpt>
<trkpt lat="38.083460" lon="127.275230" sectionIndex="0" pointIndex="2763" originalElevation="140.7" isOriginalElevationFromOSM="true"><ele>139.1</ele></trkpt>
<trkpt lat="38.084350" lon="127.274940" sectionIndex="0" pointIndex="2764" originalElevation="139.0" isOriginalElevationFromOSM="true"><ele>139.7</ele></trkpt>
<trkpt lat="38.085190" lon="127.274770" sectionIndex="0" pointIndex="2765" originalElevation="139.7" isOriginalElevationFromOSM="true"><ele>140.0</ele></trkpt>
<trkpt lat="38.085470" lon="127.274760" sectionIndex="0" pointIndex="2766" originalElevation="140.1" isOriginalElevationFromOSM="true"><ele>140.1</ele></trkpt>
<trkpt lat="38.086160" lon="127.274820" sectionIndex="0" pointIndex="2767" originalElevation="140.6" isOriginalElevationFromOSM="true"><ele>140.4</ele></trkpt>
<trkpt lat="38.087640" lon="127.275000" sectionIndex="0" pointIndex="2768" originalElevation="141.1" isOriginalElevationFromOSM="true"><ele>140.8</ele></trkpt>
<trkpt lat="38.088750" lon="127.274920" sectionIndex="0" pointIndex="2769" originalElevation="140.8" isOriginalElevationFromOSM="true"><ele>140.9</ele></trkpt>
<trkpt lat="38.090180" lon="127.274760" sectionIndex="0" pointIndex="2770" originalElevation="141.3" isOriginalElevationFromOSM="true"><ele>140.5</ele></trkpt>
<trkpt lat="38.091000" lon="127.274590" sectionIndex="0" pointIndex="2771" originalElevation="140.9" isOriginalElevationFromOSM="true"><ele>139.9</ele></trkpt>
<trkpt lat="38.092410" lon="127.273930" sectionIndex="0" pointIndex="2772" originalElevation="138.4" isOriginalElevationFromOSM="true"><ele>139.8</ele></trkpt>
<trkpt lat="38.093690" lon="127.273380" sectionIndex="0" pointIndex="2773" originalElevation="138.3" isOriginalElevationFromOSM="true"><ele>139.9</ele></trkpt>
<trkpt lat="38.094140" lon="127.273230" sectionIndex="0" pointIndex="2774" originalElevation="140.0" isOriginalElevationFromOSM="true"><ele>138.7</ele></trkpt>
<trkpt lat="38.094919" lon="127.273150" sectionIndex="0" pointIndex="2775" originalElevation="142.0" isOriginalElevationFromOSM="false"><ele>139.6</ele></trkpt>
<trkpt lat="38.096197" lon="127.274990" sectionIndex="0" pointIndex="2776" originalElevation="135.0" isOriginalElevationFromOSM="false"><ele>140.8</ele></trkpt>
<trkpt lat="38.096610" lon="127.275620" sectionIndex="0" pointIndex="2777" originalElevation="142.8" isOriginalElevationFromOSM="true"><ele>141.9</ele></trkpt>
<trkpt lat="38.097900" lon="127.277420" sectionIndex="0" pointIndex="2778" originalElevation="144.3" isOriginalElevationFromOSM="true"><ele>142.5</ele></trkpt>
<trkpt lat="38.099320" lon="127.279420" sectionIndex="0" pointIndex="2779" originalElevation="145.7" isOriginalElevationFromOSM="true"><ele>144.4</ele></trkpt>
<trkpt lat="38.099790" lon="127.279940" sectionIndex="0" pointIndex="2780" originalElevation="144.8" isOriginalElevationFromOSM="true"><ele>144.6</ele></trkpt>
<trkpt lat="38.100350" lon="127.280420" sectionIndex="0" pointIndex="2781" originalElevation="144.5" isOriginalElevationFromOSM="true"><ele>144.6</ele></trkpt>
<trkpt lat="38.100940" lon="127.280820" sectionIndex="0" pointIndex="2782" originalElevation="143.8" isOriginalElevationFromOSM="true"><ele>143.9</ele></trkpt>
<trkpt lat="38.101410" lon="127.281080" sectionIndex="0" pointIndex="2783" originalElevation="144.3" isOriginalElevationFromOSM="true"><ele>142.7</ele></trkpt>
<trkpt lat="38.102560" lon="127.281610" sectionIndex="0" pointIndex="2784" originalElevation="142.3" isOriginalElevationFromOSM="true"><ele>141.6</ele></trkpt>
<trkpt lat="38.103230" lon="127.281990" sectionIndex="0" pointIndex="2785" originalElevation="138.4" isOriginalElevationFromOSM="true"><ele>141.2</ele></trkpt>
<trkpt lat="38.103720" lon="127.282320" sectionIndex="0" pointIndex="2786" originalElevation="139.4" isOriginalElevationFromOSM="true"><ele>141.1</ele></trkpt>
<trkpt lat="38.104080" lon="127.282620" sectionIndex="0" pointIndex="2787" originalElevation="141.5" isOriginalElevationFromOSM="true"><ele>140.8</ele></trkpt>
<trkpt lat="38.105940" lon="127.284580" sectionIndex="0" pointIndex="2788" originalElevation="144.1" isOriginalElevationFromOSM="true"><ele>141.6</ele></trkpt>
<trkpt lat="38.106580" lon="127.285270" sectionIndex="0" pointIndex="2789" originalElevation="140.7" isOriginalElevationFromOSM="true"><ele>141.9</ele></trkpt>
<trkpt lat="38.107260" lon="127.285960" sectionIndex="0" pointIndex="2790" originalElevation="142.3" isOriginalElevationFromOSM="true"><ele>142.2</ele></trkpt>
<trkpt lat="38.107950" lon="127.286590" sectionIndex="0" pointIndex="2791" originalElevation="141.2" isOriginalElevationFromOSM="true"><ele>142.2</ele></trkpt>
<trkpt lat="38.109570" lon="127.287950" sectionIndex="0" pointIndex="2792" originalElevation="142.7" isOriginalElevationFromOSM="true"><ele>143.0</ele></trkpt>
<trkpt lat="38.109970" lon="127.288320" sectionIndex="0" pointIndex="2793" originalElevation="144.0" isOriginalElevationFromOSM="true"><ele>143.6</ele></trkpt>
<trkpt lat="38.110490" lon="127.288850" sectionIndex="0" pointIndex="2794" originalElevation="145.0" isOriginalElevationFromOSM="true"><ele>144.3</ele></trkpt>
<trkpt lat="38.111760" lon="127.290240" sectionIndex="0" pointIndex="2795" originalElevation="145.0" isOriginalElevationFromOSM="true"><ele>144.5</ele></trkpt>
<trkpt lat="38.112130" lon="127.290550" sectionIndex="0" pointIndex="2796" originalElevation="144.7" isOriginalElevationFromOSM="true"><ele>144.3</ele></trkpt>
<trkpt lat="38.112930" lon="127.291040" sectionIndex="0" pointIndex="2797" originalElevation="143.7" isOriginalElevationFromOSM="true"><ele>144.1</ele></trkpt>
<trkpt lat="38.114980" lon="127.291840" sectionIndex="0" pointIndex="2798" originalElevation="143.0" isOriginalElevationFromOSM="true"><ele>144.6</ele></trkpt>
<trkpt lat="38.118950" lon="127.293520" sectionIndex="0" pointIndex="2799" originalElevation="144.3" isOriginalElevationFromOSM="true"><ele>145.3</ele></trkpt>
<trkpt lat="38.120000" lon="127.293930" sectionIndex="0" pointIndex="2800" originalElevation="147.4" isOriginalElevationFromOSM="true"><ele>146.1</ele></trkpt>
<trkpt lat="38.122010" lon="127.294760" sectionIndex="0" pointIndex="2801" originalElevation="148.3" isOriginalElevationFromOSM="true"><ele>147.6</ele></trkpt>
<trkpt lat="38.122690" lon="127.295100" sectionIndex="0" pointIndex="2802" originalElevation="147.6" isOriginalElevationFromOSM="true"><ele>149.1</ele></trkpt>
<trkpt lat="38.123370" lon="127.295520" sectionIndex="0" pointIndex="2803" originalElevation="150.4" isOriginalElevationFromOSM="true"><ele>149.9</ele></trkpt>
<trkpt lat="38.123900" lon="127.295870" sectionIndex="0" pointIndex="2804" originalElevation="151.8" isOriginalElevationFromOSM="true"><ele>151.4</ele></trkpt>
<trkpt lat="38.124410" lon="127.296260" sectionIndex="0" pointIndex="2805" originalElevation="151.6" isOriginalElevationFromOSM="true"><ele>153.7</ele></trkpt>
<trkpt lat="38.125410" lon="127.297100" sectionIndex="0" pointIndex="2806" originalElevation="155.9" isOriginalElevationFromOSM="true"><ele>155.3</ele></trkpt>
<trkpt lat="38.126240" lon="127.297740" sectionIndex="0" pointIndex="2807" originalElevation="158.7" isOriginalElevationFromOSM="true"><ele>157.0</ele></trkpt>
<trkpt lat="38.126940" lon="127.298240" sectionIndex="0" pointIndex="2808" originalElevation="158.6" isOriginalElevationFromOSM="true"><ele>160.0</ele></trkpt>
<trkpt lat="38.127300" lon="127.298470" sectionIndex="0" pointIndex="2809" originalElevation="160.3" isOriginalElevationFromOSM="true"><ele>161.7</ele></trkpt>
<trkpt lat="38.131720" lon="127.300910" sectionIndex="0" pointIndex="2810" originalElevation="166.5" isOriginalElevationFromOSM="true"><ele>162.6</ele></trkpt>
<trkpt lat="38.132020" lon="127.301110" sectionIndex="0" pointIndex="2811" originalElevation="164.2" isOriginalElevationFromOSM="true"><ele>163.6</ele></trkpt>
<trkpt lat="38.132270" lon="127.301240" sectionIndex="0" pointIndex="2812" originalElevation="163.5" isOriginalElevationFromOSM="true"><ele>164.1</ele></trkpt>
<trkpt lat="38.133270" lon="127.301780" sectionIndex="0" pointIndex="2813" originalElevation="163.5" isOriginalElevationFromOSM="true"><ele>163.3</ele></trkpt>
<trkpt lat="38.133570" lon="127.301930" sectionIndex="0" pointIndex="2814" originalElevation="162.8" isOriginalElevationFromOSM="true"><ele>160.7</ele></trkpt>
<trkpt lat="38.133760" lon="127.301990" sectionIndex="0" pointIndex="2815" originalElevation="162.7" isOriginalElevationFromOSM="true"><ele>157.6</ele></trkpt>
<trkpt lat="38.138170" lon="127.304630" sectionIndex="0" pointIndex="2816" originalElevation="151.1" isOriginalElevationFromOSM="true"><ele>152.9</ele></trkpt>
<trkpt lat="38.138193" lon="127.304643" sectionIndex="0" pointIndex="2817" originalElevation="148.0" isOriginalElevationFromOSM="false"><ele>149.3</ele></trkpt>
<trkpt lat="38.140022" lon="127.305771" sectionIndex="0" pointIndex="2818" originalElevation="140.0" isOriginalElevationFromOSM="false"><ele>145.6</ele></trkpt>
<trkpt lat="38.140170" lon="127.305860" sectionIndex="0" pointIndex="2819" originalElevation="144.5" isOriginalElevationFromOSM="true"><ele>144.3</ele></trkpt>
<trkpt lat="38.140160" lon="127.305950" sectionIndex="0" pointIndex="2820" originalElevation="144.5" isOriginalElevationFromOSM="true"><ele>143.4</ele></trkpt>
<trkpt lat="38.140170" lon="127.306000" sectionIndex="0" pointIndex="2821" originalElevation="144.3" isOriginalElevationFromOSM="true"><ele>144.1</ele></trkpt>
<trkpt lat="38.140230" lon="127.306070" sectionIndex="0" pointIndex="2822" originalElevation="143.8" isOriginalElevationFromOSM="true"><ele>143.9</ele></trkpt>
<trkpt lat="38.140270" lon="127.306090" sectionIndex="0" pointIndex="2823" originalElevation="143.6" isOriginalElevationFromOSM="true"><ele>143.5</ele></trkpt>
<trkpt lat="38.140350" lon="127.306060" sectionIndex="0" pointIndex="2824" originalElevation="143.1" isOriginalElevationFromOSM="true"><ele>143.1</ele></trkpt>
<trkpt lat="38.140400" lon="127.306060" sectionIndex="0" pointIndex="2825" originalElevation="142.7" isOriginalElevationFromOSM="true"><ele>142.2</ele></trkpt>
<trkpt lat="38.140460" lon="127.306080" sectionIndex="0" pointIndex="2826" originalElevation="142.3" isOriginalElevationFromOSM="true"><ele>141.3</ele></trkpt>
<trkpt lat="38.141310" lon="127.306560" sectionIndex="0" pointIndex="2827" originalElevation="139.4" isOriginalElevationFromOSM="true"><ele>140.8</ele></trkpt>
<trkpt lat="38.141370" lon="127.306530" sectionIndex="0" pointIndex="2828" originalElevation="139.0" isOriginalElevationFromOSM="true"><ele>140.8</ele></trkpt>
<trkpt lat="38.142900" lon="127.307450" sectionIndex="0" pointIndex="2829" originalElevation="140.9" isOriginalElevationFromOSM="true"><ele>141.2</ele></trkpt>
<trkpt lat="38.143530" lon="127.307800" sectionIndex="0" pointIndex="2830" originalElevation="142.5" isOriginalElevationFromOSM="true"><ele>142.8</ele></trkpt>
<trkpt lat="38.143750" lon="127.307880" sectionIndex="0" pointIndex="2831" originalElevation="144.3" isOriginalElevationFromOSM="true"><ele>145.5</ele></trkpt>
<trkpt lat="38.144160" lon="127.307880" sectionIndex="0" pointIndex="2832" originalElevation="147.4" isOriginalElevationFromOSM="true"><ele>148.5</ele></trkpt>
<trkpt lat="38.145760" lon="127.307970" sectionIndex="0" pointIndex="2833" originalElevation="152.3" isOriginalElevationFromOSM="true"><ele>151.7</ele></trkpt>
<trkpt lat="38.146460" lon="127.307960" sectionIndex="0" pointIndex="2834" originalElevation="156.2" isOriginalElevationFromOSM="true"><ele>154.7</ele></trkpt>
<trkpt lat="38.147120" lon="127.307830" sectionIndex="0" pointIndex="2835" originalElevation="158.4" isOriginalElevationFromOSM="true"><ele>157.0</ele></trkpt>
<trkpt lat="38.147710" lon="127.307690" sectionIndex="0" pointIndex="2836" originalElevation="159.2" isOriginalElevationFromOSM="true"><ele>158.2</ele></trkpt>
<trkpt lat="38.148520" lon="127.307570" sectionIndex="0" pointIndex="2837" originalElevation="158.8" isOriginalElevationFromOSM="true"><ele>158.6</ele></trkpt>
<trkpt lat="38.148610" lon="127.307560" sectionIndex="0" pointIndex="2838" originalElevation="158.5" isOriginalElevationFromOSM="true"><ele>158.6</ele></trkpt>
<trkpt lat="38.148710" lon="127.307580" sectionIndex="0" pointIndex="2839" originalElevation="158.3" isOriginalElevationFromOSM="true"><ele>158.5</ele></trkpt>
<trkpt lat="38.148750" lon="127.307640" sectionIndex="0" pointIndex="2840" originalElevation="158.4" isOriginalElevationFromOSM="true"><ele>158.3</ele></trkpt>
<trkpt lat="38.148780" lon="127.307660" sectionIndex="0" pointIndex="2841" originalElevation="158.4" isOriginalElevationFromOSM="true"><ele>158.3</ele></trkpt>
<trkpt lat="38.148840" lon="127.307650" sectionIndex="0" pointIndex="2842" originalElevation="158.2" isOriginalElevationFromOSM="true"><ele>158.2</ele></trkpt>
<trkpt lat="38.148870" lon="127.307620" sectionIndex="0" pointIndex="2843" originalElevation="158.1" isOriginalElevationFromOSM="true"><ele>158.0</ele></trkpt>
<trkpt lat="38.148900" lon="127.307550" sectionIndex="0" pointIndex="2844" originalElevation="157.8" isOriginalElevationFromOSM="true"><ele>158.1</ele></trkpt>
<trkpt lat="38.148970" lon="127.307520" sectionIndex="0" pointIndex="2845" originalElevation="157.5" isOriginalElevationFromOSM="true"><ele>157.2</ele></trkpt>
<trkpt lat="38.150140" lon="127.307410" sectionIndex="0" pointIndex="2846" originalElevation="158.7" isOriginalElevationFromOSM="true"><ele>156.3</ele></trkpt>
<trkpt lat="38.151840" lon="127.307340" sectionIndex="0" pointIndex="2847" originalElevation="153.7" isOriginalElevationFromOSM="true"><ele>155.4</ele></trkpt>
<trkpt lat="38.152110" lon="127.307340" sectionIndex="0" pointIndex="2848" originalElevation="153.6" isOriginalElevationFromOSM="true"><ele>154.0</ele></trkpt>
<trkpt lat="38.152550" lon="127.307430" sectionIndex="0" pointIndex="2849" originalElevation="153.7" isOriginalElevationFromOSM="true"><ele>151.9</ele></trkpt>
<trkpt lat="38.153750" lon="127.307790" sectionIndex="0" pointIndex="2850" originalElevation="150.3" isOriginalElevationFromOSM="true"><ele>150.7</ele></trkpt>
<trkpt lat="38.154140" lon="127.307970" sectionIndex="0" pointIndex="2851" originalElevation="148.1" isOriginalElevationFromOSM="true"><ele>149.6</ele></trkpt>
<trkpt lat="38.154480" lon="127.308240" sectionIndex="0" pointIndex="2852" originalElevation="147.9" isOriginalElevationFromOSM="true"><ele>148.4</ele></trkpt>
<trkpt lat="38.154530" lon="127.308310" sectionIndex="0" pointIndex="2853" originalElevation="148.0" isOriginalElevationFromOSM="true"><ele>148.0</ele></trkpt>
<trkpt lat="38.154540" lon="127.308350" sectionIndex="0" pointIndex="2854" originalElevation="148.0" isOriginalElevationFromOSM="true"><ele>148.0</ele></trkpt>
<trkpt lat="38.154580" lon="127.308430" sectionIndex="0" pointIndex="2855" originalElevation="148.1" isOriginalElevationFromOSM="true"><ele>148.0</ele></trkpt>
<trkpt lat="38.154650" lon="127.308460" sectionIndex="0" pointIndex="2856" originalElevation="148.1" isOriginalElevationFromOSM="true"><ele>148.0</ele></trkpt>
<trkpt lat="38.154720" lon="127.308430" sectionIndex="0" pointIndex="2857" originalElevation="148.0" isOriginalElevationFromOSM="true"><ele>148.0</ele></trkpt>
<trkpt lat="38.154830" lon="127.308450" sectionIndex="0" pointIndex="2858" originalElevation="148.0" isOriginalElevationFromOSM="true"><ele>147.8</ele></trkpt>
<trkpt lat="38.155230" lon="127.308690" sectionIndex="0" pointIndex="2859" originalElevation="147.6" isOriginalElevationFromOSM="true"><ele>147.8</ele></trkpt>
<trkpt lat="38.155500" lon="127.308830" sectionIndex="0" pointIndex="2860" originalElevation="147.4" isOriginalElevationFromOSM="true"><ele>148.0</ele></trkpt>
<trkpt lat="38.157690" lon="127.310200" sectionIndex="0" pointIndex="2861" originalElevation="148.2" isOriginalElevationFromOSM="true"><ele>149.0</ele></trkpt>
<trkpt lat="38.158280" lon="127.310560" sectionIndex="0" pointIndex="2862" originalElevation="148.7" isOriginalElevationFromOSM="true"><ele>150.1</ele></trkpt>
<trkpt lat="38.158334" lon="127.310598" sectionIndex="0" pointIndex="2863" originalElevation="153.0" isOriginalElevationFromOSM="false"><ele>151.3</ele></trkpt>
<trkpt lat="38.159251" lon="127.311224" sectionIndex="0" pointIndex="2864" originalElevation="153.0" isOriginalElevationFromOSM="false"><ele>152.0</ele></trkpt>
<trkpt lat="38.159840" lon="127.311640" sectionIndex="0" pointIndex="2865" originalElevation="153.4" isOriginalElevationFromOSM="true"><ele>152.3</ele></trkpt>
<trkpt lat="38.160090" lon="127.311840" sectionIndex="0" pointIndex="2866" originalElevation="151.9" isOriginalElevationFromOSM="true"><ele>152.0</ele></trkpt>
<trkpt lat="38.161610" lon="127.313000" sectionIndex="0" pointIndex="2867" originalElevation="150.4" isOriginalElevationFromOSM="true"><ele>151.9</ele></trkpt>
<trkpt lat="38.162240" lon="127.313460" sectionIndex="0" pointIndex="2868" originalElevation="151.5" isOriginalElevationFromOSM="true"><ele>151.5</ele></trkpt>
<trkpt lat="38.163600" lon="127.314530" sectionIndex="0" pointIndex="2869" originalElevation="152.2" isOriginalElevationFromOSM="true"><ele>151.3</ele></trkpt>
<trkpt lat="38.164320" lon="127.315040" sectionIndex="0" pointIndex="2870" originalElevation="151.6" isOriginalElevationFromOSM="true"><ele>151.8</ele></trkpt>
<trkpt lat="38.166030" lon="127.316120" sectionIndex="0" pointIndex="2871" originalElevation="150.6" isOriginalElevationFromOSM="true"><ele>152.5</ele></trkpt>
<trkpt lat="38.167700" lon="127.317150" sectionIndex="0" pointIndex="2872" originalElevation="153.1" isOriginalElevationFromOSM="true"><ele>153.3</ele></trkpt>
<trkpt lat="38.168040" lon="127.317420" sectionIndex="0" pointIndex="2873" originalElevation="155.1" isOriginalElevationFromOSM="true"><ele>154.4</ele></trkpt>
<trkpt lat="38.168320" lon="127.317680" sectionIndex="0" pointIndex="2874" originalElevation="156.4" isOriginalElevationFromOSM="true"><ele>156.9</ele></trkpt>
<trkpt lat="38.168710" lon="127.318130" sectionIndex="0" pointIndex="2875" originalElevation="157.1" isOriginalElevationFromOSM="true"><ele>159.4</ele></trkpt>
<trkpt lat="38.169530" lon="127.319520" sectionIndex="0" pointIndex="2876" originalElevation="162.9" isOriginalElevationFromOSM="true"><ele>162.2</ele></trkpt>
<trkpt lat="38.169820" lon="127.320030" sectionIndex="0" pointIndex="2877" originalElevation="165.4" isOriginalElevationFromOSM="true"><ele>165.6</ele></trkpt>
<trkpt lat="38.170790" lon="127.321500" sectionIndex="0" pointIndex="2878" originalElevation="169.0" isOriginalElevationFromOSM="true"><ele>168.4</ele></trkpt>
<trkpt lat="38.172200" lon="127.323240" sectionIndex="0" pointIndex="2879" originalElevation="173.7" isOriginalElevationFromOSM="true"><ele>170.3</ele></trkpt>
<trkpt lat="38.172950" lon="127.324030" sectionIndex="0" pointIndex="2880" originalElevation="171.0" isOriginalElevationFromOSM="true"><ele>172.0</ele></trkpt>
<trkpt lat="38.173560" lon="127.324620" sectionIndex="0" pointIndex="2881" originalElevation="172.2" isOriginalElevationFromOSM="true"><ele>172.4</ele></trkpt>
<trkpt lat="38.174520" lon="127.325340" sectionIndex="0" pointIndex="2882" originalElevation="173.9" isOriginalElevationFromOSM="true"><ele>171.7</ele></trkpt>
<trkpt lat="38.178080" lon="127.327850" sectionIndex="0" pointIndex="2883" originalElevation="171.1" isOriginalElevationFromOSM="true"><ele>171.5</ele></trkpt>
<trkpt lat="38.178130" lon="127.327750" sectionIndex="0" pointIndex="2884" originalElevation="170.5" isOriginalElevationFromOSM="true"><ele>170.9</ele></trkpt>
<trkpt lat="38.180780" lon="127.324970" sectionIndex="0" pointIndex="2885" originalElevation="169.9" isOriginalElevationFromOSM="true"><ele>170.4</ele></trkpt>
<trkpt lat="38.183170" lon="127.322450" sectionIndex="0" pointIndex="2886" originalElevation="169.3" isOriginalElevationFromOSM="true"><ele>171.4</ele></trkpt>
<trkpt lat="38.186530" lon="127.319060" sectionIndex="0" pointIndex="2887" originalElevation="171.2" isOriginalElevationFromOSM="true"><ele>173.4</ele></trkpt>
<trkpt lat="38.187650" lon="127.317890" sectionIndex="0" pointIndex="2888" originalElevation="176.0" isOriginalElevationFromOSM="true"><ele>176.0</ele></trkpt>
<trkpt lat="38.188890" lon="127.316560" sectionIndex="0" pointIndex="2889" originalElevation="180.6" isOriginalElevationFromOSM="true"><ele>178.9</ele></trkpt>
<trkpt lat="38.189790" lon="127.315390" sectionIndex="0" pointIndex="2890" originalElevation="183.0" isOriginalElevationFromOSM="true"><ele>181.7</ele></trkpt>
<trkpt lat="38.190380" lon="127.314560" sectionIndex="0" pointIndex="2891" originalElevation="183.5" isOriginalElevationFromOSM="true"><ele>184.4</ele></trkpt>
<trkpt lat="38.191870" lon="127.312710" sectionIndex="0" pointIndex="2892" originalElevation="185.3" isOriginalElevationFromOSM="true"><ele>186.5</ele></trkpt>
<trkpt lat="38.193430" lon="127.310900" sectionIndex="0" pointIndex="2893" originalElevation="189.8" isOriginalElevationFromOSM="true"><ele>187.7</ele></trkpt>
<trkpt lat="38.193520" lon="127.310760" sectionIndex="0" pointIndex="2894" originalElevation="190.8" isOriginalElevationFromOSM="true"><ele>187.9</ele></trkpt>
<trkpt lat="38.193920" lon="127.309570" sectionIndex="0" pointIndex="2895" originalElevation="189.1" isOriginalElevationFromOSM="true"><ele>187.4</ele></trkpt>
<trkpt lat="38.193960" lon="127.309080" sectionIndex="0" pointIndex="2896" originalElevation="184.4" isOriginalElevationFromOSM="true"><ele>186.9</ele></trkpt>
<trkpt lat="38.194200" lon="127.308490" sectionIndex="0" pointIndex="2897" originalElevation="183.1" isOriginalElevationFromOSM="true"><ele>185.8</ele></trkpt>
<trkpt lat="38.194910" lon="127.307320" sectionIndex="0" pointIndex="2898" originalElevation="187.3" isOriginalElevationFromOSM="true"><ele>185.9</ele></trkpt>
<trkpt lat="38.195350" lon="127.307070" sectionIndex="0" pointIndex="2899" originalElevation="185.3" isOriginalElevationFromOSM="true"><ele>188.0</ele></trkpt>
<trkpt lat="38.196420" lon="127.307200" sectionIndex="0" pointIndex="2900" originalElevation="189.6" isOriginalElevationFromOSM="true"><ele>190.5</ele></trkpt>
<trkpt lat="38.198370" lon="127.307050" sectionIndex="0" pointIndex="2901" originalElevation="194.6" isOriginalElevationFromOSM="true"><ele>192.0</ele></trkpt>
<trkpt lat="38.198720" lon="127.306830" sectionIndex="0" pointIndex="2902" originalElevation="195.9" isOriginalElevationFromOSM="true"><ele>193.1</ele></trkpt>
<trkpt lat="38.198960" lon="127.306370" sectionIndex="0" pointIndex="2903" originalElevation="194.7" isOriginalElevationFromOSM="true"><ele>192.7</ele></trkpt>
<trkpt lat="38.199000" lon="127.305950" sectionIndex="0" pointIndex="2904" originalElevation="190.9" isOriginalElevationFromOSM="true"><ele>189.8</ele></trkpt>
<trkpt lat="38.198980" lon="127.305020" sectionIndex="0" pointIndex="2905" originalElevation="187.3" isOriginalElevationFromOSM="true"><ele>185.6</ele></trkpt>
<trkpt lat="38.199070" lon="127.304090" sectionIndex="0" pointIndex="2906" originalElevation="180.3" isOriginalElevationFromOSM="true"><ele>181.0</ele></trkpt>
<trkpt lat="38.199380" lon="127.302860" sectionIndex="0" pointIndex="2907" originalElevation="174.7" isOriginalElevationFromOSM="true"><ele>176.9</ele></trkpt>
<trkpt lat="38.199700" lon="127.302180" sectionIndex="0" pointIndex="2908" originalElevation="171.9" isOriginalElevationFromOSM="true"><ele>174.7</ele></trkpt>
<trkpt lat="38.199890" lon="127.301930" sectionIndex="0" pointIndex="2909" originalElevation="170.3" isOriginalElevationFromOSM="true"><ele>174.9</ele></trkpt>
<trkpt lat="38.200470" lon="127.301850" sectionIndex="0" pointIndex="2910" originalElevation="176.1" isOriginalElevationFromOSM="true"><ele>177.0</ele></trkpt>
<trkpt lat="38.200880" lon="127.301920" sectionIndex="0" pointIndex="2911" originalElevation="181.3" isOriginalElevationFromOSM="true"><ele>180.2</ele></trkpt>
<trkpt lat="38.201230" lon="127.301910" sectionIndex="0" pointIndex="2912" originalElevation="185.4" isOriginalElevationFromOSM="true"><ele>183.9</ele></trkpt>
<trkpt lat="38.201400" lon="127.301670" sectionIndex="0" pointIndex="2913" originalElevation="187.9" isOriginalElevationFromOSM="true"><ele>186.0</ele></trkpt>
<trkpt lat="38.201760" lon="127.300700" sectionIndex="0" pointIndex="2914" originalElevation="189.1" isOriginalElevationFromOSM="true"><ele>186.0</ele></trkpt>
<trkpt lat="38.202040" lon="127.300320" sectionIndex="0" pointIndex="2915" originalElevation="186.1" isOriginalElevationFromOSM="true"><ele>184.8</ele></trkpt>
<trkpt lat="38.202750" lon="127.299930" sectionIndex="0" pointIndex="2916" originalElevation="181.4" isOriginalElevationFromOSM="true"><ele>182.9</ele></trkpt>
<trkpt lat="38.203060" lon="127.299650" sectionIndex="0" pointIndex="2917" originalElevation="179.5" isOriginalElevationFromOSM="true"><ele>181.6</ele></trkpt>
<trkpt lat="38.203200" lon="127.299380" sectionIndex="0" pointIndex="2918" originalElevation="178.4" isOriginalElevationFromOSM="true"><ele>180.8</ele></trkpt>
<trkpt lat="38.204340" lon="127.297340" sectionIndex="0" pointIndex="2919" originalElevation="182.5" isOriginalElevationFromOSM="true"><ele>183.0</ele></trkpt>
<trkpt lat="38.204700" lon="127.297030" sectionIndex="0" pointIndex="2920" originalElevation="182.2" isOriginalElevationFromOSM="true"><ele>186.9</ele></trkpt>
<trkpt lat="38.207270" lon="127.296390" sectionIndex="0" pointIndex="2921" originalElevation="192.3" isOriginalElevationFromOSM="true"><ele>189.8</ele></trkpt>
<trkpt lat="38.208730" lon="127.295840" sectionIndex="0" pointIndex="2922" originalElevation="199.0" isOriginalElevationFromOSM="true"><ele>191.6</ele></trkpt>
<trkpt lat="38.209490" lon="127.295470" sectionIndex="0" pointIndex="2923" originalElevation="193.2" isOriginalElevationFromOSM="true"><ele>192.5</ele></trkpt>
<trkpt lat="38.209830" lon="127.295460" sectionIndex="0" pointIndex="2924" originalElevation="191.5" isOriginalElevationFromOSM="true"><ele>191.1</ele></trkpt>
<trkpt lat="38.210860" lon="127.295180" sectionIndex="0" pointIndex="2925" originalElevation="186.7" isOriginalElevationFromOSM="true"><ele>188.5</ele></trkpt>
<trkpt lat="38.211060" lon="127.295000" sectionIndex="0" pointIndex="2926" originalElevation="185.0" isOriginalElevationFromOSM="true"><ele>187.1</ele></trkpt>
<trkpt lat="38.211290" lon="127.294730" sectionIndex="0" pointIndex="2927" originalElevation="186.2" isOriginalElevationFromOSM="true"><ele>185.3</ele></trkpt>
<trkpt lat="38.211030" lon="127.294440" sectionIndex="0" pointIndex="2928" originalElevation="186.1" isOriginalElevationFromOSM="true"><ele>184.4</ele></trkpt>
<trkpt lat="38.209860" lon="127.292600" sectionIndex="0" pointIndex="2929" originalElevation="182.5" isOriginalElevationFromOSM="true"><ele>183.8</ele></trkpt>
<trkpt lat="38.209740" lon="127.292180" sectionIndex="0" pointIndex="2930" originalElevation="182.2" isOriginalElevationFromOSM="true"><ele>182.4</ele></trkpt>
<trkpt lat="38.209370" lon="127.290950" sectionIndex="0" pointIndex="2931" originalElevation="181.8" isOriginalElevationFromOSM="true"><ele>180.7</ele></trkpt>
<trkpt lat="38.209320" lon="127.290500" sectionIndex="0" pointIndex="2932" originalElevation="179.3" isOriginalElevationFromOSM="true"><ele>178.4</ele></trkpt>
<trkpt lat="38.209320" lon="127.289960" sectionIndex="0" pointIndex="2933" originalElevation="177.6" isOriginalElevationFromOSM="true"><ele>177.0</ele></trkpt>
<trkpt lat="38.209190" lon="127.287970" sectionIndex="0" pointIndex="2934" originalElevation="171.4" isOriginalElevationFromOSM="true"><ele>175.2</ele></trkpt>
<trkpt lat="38.209400" lon="127.286070" sectionIndex="0" pointIndex="2935" originalElevation="174.8" isOriginalElevationFromOSM="true"><ele>174.3</ele></trkpt>
<trkpt lat="38.209900" lon="127.282270" sectionIndex="0" pointIndex="2936" originalElevation="172.8" isOriginalElevationFromOSM="true"><ele>173.9</ele></trkpt>
<trkpt lat="38.209980" lon="127.281870" sectionIndex="0" pointIndex="2937" originalElevation="175.0" isOriginalElevationFromOSM="true"><ele>174.8</ele></trkpt>
<trkpt lat="38.209910" lon="127.281590" sectionIndex="0" pointIndex="2938" originalElevation="175.8" isOriginalElevationFromOSM="true"><ele>174.8</ele></trkpt>
<trkpt lat="38.209740" lon="127.281310" sectionIndex="0" pointIndex="2939" originalElevation="175.5" isOriginalElevationFromOSM="true"><ele>174.6</ele></trkpt>
<trkpt lat="38.209200" lon="127.280780" sectionIndex="0" pointIndex="2940" originalElevation="174.9" isOriginalElevationFromOSM="true"><ele>174.9</ele></trkpt>
<trkpt lat="38.208900" lon="127.279960" sectionIndex="0" pointIndex="2941" originalElevation="171.8" isOriginalElevationFromOSM="true"><ele>174.7</ele></trkpt>
<trkpt lat="38.208220" lon="127.277690" sectionIndex="0" pointIndex="2942" originalElevation="176.8" isOriginalElevationFromOSM="true"><ele>175.2</ele></trkpt>
<trkpt lat="38.207740" lon="127.275940" sectionIndex="0" pointIndex="2943" originalElevation="174.7" isOriginalElevationFromOSM="true"><ele>175.7</ele></trkpt>
<trkpt lat="38.207360" lon="127.275010" sectionIndex="0" pointIndex="2944" originalElevation="177.9" isOriginalElevationFromOSM="true"><ele>176.7</ele></trkpt>
<trkpt lat="38.206520" lon="127.272030" sectionIndex="0" pointIndex="2945" originalElevation="177.4" isOriginalElevationFromOSM="true"><ele>176.7</ele></trkpt>
<trkpt lat="38.206710" lon="127.271890" sectionIndex="0" pointIndex="2946" originalElevation="176.8" isOriginalElevationFromOSM="true"><ele>176.7</ele></trkpt>
<trkpt lat="38.206750" lon="127.271830" sectionIndex="0" pointIndex="2947" originalElevation="176.5" isOriginalElevationFromOSM="true"><ele>176.0</ele></trkpt>
<trkpt lat="38.206860" lon="127.271610" sectionIndex="0" pointIndex="2948" originalElevation="174.9" isOriginalElevationFromOSM="true"><ele>175.3</ele></trkpt>
<trkpt lat="38.206870" lon="127.271540" sectionIndex="0" pointIndex="2949" originalElevation="174.5" isOriginalElevationFromOSM="true"><ele>174.6</ele></trkpt>
<trkpt lat="38.206870" lon="127.271450" sectionIndex="0" pointIndex="2950" originalElevation="173.9" isOriginalElevationFromOSM="true"><ele>173.9</ele></trkpt>
<trkpt lat="38.206840" lon="127.271340" sectionIndex="0" pointIndex="2951" originalElevation="173.4" isOriginalElevationFromOSM="true"><ele>173.1</ele></trkpt>
<trkpt lat="38.206770" lon="127.271200" sectionIndex="0" pointIndex="2952" originalElevation="173.0" isOriginalElevationFromOSM="true"><ele>172.0</ele></trkpt>
<trkpt lat="38.206430" lon="127.270790" sectionIndex="0" pointIndex="2953" originalElevation="170.6" isOriginalElevationFromOSM="true"><ele>170.3</ele></trkpt>
<trkpt lat="38.206380" lon="127.270700" sectionIndex="0" pointIndex="2954" originalElevation="169.0" isOriginalElevationFromOSM="true"><ele>168.2</ele></trkpt>
<trkpt lat="38.206300" lon="127.270500" sectionIndex="0" pointIndex="2955" originalElevation="165.5" isOriginalElevationFromOSM="true"><ele>165.3</ele></trkpt>
<trkpt lat="38.206270" lon="127.270340" sectionIndex="0" pointIndex="2956" originalElevation="162.7" isOriginalElevationFromOSM="true"><ele>162.4</ele></trkpt>
<trkpt lat="38.206260" lon="127.270100" sectionIndex="0" pointIndex="2957" originalElevation="158.9" isOriginalElevationFromOSM="true"><ele>159.2</ele></trkpt>
<trkpt lat="38.206300" lon="127.269860" sectionIndex="0" pointIndex="2958" originalElevation="156.1" isOriginalElevationFromOSM="true"><ele>155.9</ele></trkpt>
<trkpt lat="38.206550" lon="127.269290" sectionIndex="0" pointIndex="2959" originalElevation="152.7" isOriginalElevationFromOSM="true"><ele>153.6</ele></trkpt>
<trkpt lat="38.206860" lon="127.268440" sectionIndex="0" pointIndex="2960" originalElevation="149.4" isOriginalElevationFromOSM="true"><ele>152.3</ele></trkpt>
<trkpt lat="38.207000" lon="127.268210" sectionIndex="0" pointIndex="2961" originalElevation="151.0" isOriginalElevationFromOSM="true"><ele>151.7</ele></trkpt>
<trkpt lat="38.207710" lon="127.267270" sectionIndex="0" pointIndex="2962" originalElevation="152.4" isOriginalElevationFromOSM="true"><ele>151.9</ele></trkpt>
<trkpt lat="38.207910" lon="127.267080" sectionIndex="0" pointIndex="2963" originalElevation="153.2" isOriginalElevationFromOSM="true"><ele>152.9</ele></trkpt>
<trkpt lat="38.208130" lon="127.266960" sectionIndex="0" pointIndex="2964" originalElevation="153.5" isOriginalElevationFromOSM="true"><ele>154.0</ele></trkpt>
<trkpt lat="38.208580" lon="127.266870" sectionIndex="0" pointIndex="2965" originalElevation="154.7" isOriginalElevationFromOSM="true"><ele>155.4</ele></trkpt>
<trkpt lat="38.208920" lon="127.266830" sectionIndex="0" pointIndex="2966" originalElevation="156.4" isOriginalElevationFromOSM="true"><ele>156.7</ele></trkpt>
<trkpt lat="38.209280" lon="127.266870" sectionIndex="0" pointIndex="2967" originalElevation="159.4" isOriginalElevationFromOSM="true"><ele>157.5</ele></trkpt>
<trkpt lat="38.209500" lon="127.266870" sectionIndex="0" pointIndex="2968" originalElevation="159.4" isOriginalElevationFromOSM="true"><ele>162.8</ele></trkpt>
<trkpt lat="38.209760" lon="127.266810" sectionIndex="0" pointIndex="2969" originalElevation="157.6" isOriginalElevationFromOSM="true"><ele>167.7</ele></trkpt>
<trkpt lat="38.209766" lon="127.266808" sectionIndex="0" pointIndex="2970" originalElevation="181.0" isOriginalElevationFromOSM="false"><ele>172.0</ele></trkpt>
<trkpt lat="38.210108" lon="127.266716" sectionIndex="0" pointIndex="2971" originalElevation="181.0" isOriginalElevationFromOSM="false"><ele>170.9</ele></trkpt>
<trkpt lat="38.210170" lon="127.266700" sectionIndex="0" pointIndex="2972" originalElevation="181.0" isOriginalElevationFromOSM="false"><ele>170.2</ele></trkpt>
<trkpt lat="38.210166" lon="127.266642" sectionIndex="0" pointIndex="2973" originalElevation="154.0" isOriginalElevationFromOSM="false"><ele>164.8</ele></trkpt>
<trkpt lat="38.210163" lon="127.266585" sectionIndex="0" pointIndex="2974" originalElevation="154.0" isOriginalElevationFromOSM="false"><ele>159.4</ele></trkpt>
<trkpt lat="38.210160" lon="127.266528" sectionIndex="0" pointIndex="2975" originalElevation="154.0" isOriginalElevationFromOSM="false"><ele>154.0</ele></trkpt>
<trkpt lat="38.210157" lon="127.266471" sectionIndex="0" pointIndex="2976" originalElevation="154.0" isOriginalElevationFromOSM="false"><ele>154.0</ele></trkpt>
<trkpt lat="38.210154" lon="127.266414" sectionIndex="0" pointIndex="2977" originalElevation="154.0" isOriginalElevationFromOSM="false"><ele>154.0</ele></trkpt>
<trkpt lat="38.210151" lon="127.266357" sectionIndex="0" pointIndex="2978" originalElevation="154.0" isOriginalElevationFromOSM="false"><ele>154.0</ele></trkpt>
<trkpt lat="38.210148" lon="127.266300" sectionIndex="0" pointIndex="2979" originalElevation="154.0" isOriginalElevationFromOSM="false"><ele>154.0</ele></trkpt>
<trkpt lat="38.210145" lon="127.266243" sectionIndex="0" pointIndex="2980" originalElevation="154.0" isOriginalElevationFromOSM="false"><ele>154.0</ele></trkpt>
<trkpt lat="38.210142" lon="127.266186" sectionIndex="0" pointIndex="2981" originalElevation="154.0" isOriginalElevationFromOSM="false"><ele>154.0</ele></trkpt>
<trkpt lat="38.210139" lon="127.266129" sectionIndex="0" pointIndex="2982" originalElevation="154.0" isOriginalElevationFromOSM="false"><ele>154.0</ele></trkpt>
<trkpt lat="38.210136" lon="127.266072" sectionIndex="0" pointIndex="2983" originalElevation="154.0" isOriginalElevationFromOSM="false"><ele>154.0</ele></trkpt>
<trkpt lat="38.210133" lon="127.266015" sectionIndex="0" pointIndex="2984" originalElevation="154.0" isOriginalElevationFromOSM="false"><ele>154.0</ele></trkpt>
<trkpt lat="38.210130" lon="127.265958" sectionIndex="0" pointIndex="2985" originalElevation="154.0" isOriginalElevationFromOSM="false"><ele>154.0</ele></trkpt>
<trkpt lat="38.210126" lon="127.265901" sectionIndex="0" pointIndex="2986" originalElevation="154.0" isOriginalElevationFromOSM="false"><ele>154.0</ele></trkpt>
<trkpt lat="38.210123" lon="127.265844" sectionIndex="0" pointIndex="2987" originalElevation="154.0" isOriginalElevationFromOSM="false"><ele>154.0</ele></trkpt>
<trkpt lat="38.210120" lon="127.265787" sectionIndex="0" pointIndex="2988" originalElevation="154.0" isOriginalElevationFromOSM="false"><ele>154.0</ele></trkpt>
<trkpt lat="38.210117" lon="127.265730" sectionIndex="0" pointIndex="2989" originalElevation="154.0" isOriginalElevationFromOSM="false"><ele>154.0</ele></trkpt>
<trkpt lat="38.210116" lon="127.265713" sectionIndex="0" pointIndex="2990" originalElevation="154.0" isOriginalElevationFromOSM="false"><ele>154.0</ele></trkpt>
<trkpt lat="38.210095" lon="127.265662" sectionIndex="0" pointIndex="2991" originalElevation="154.0" isOriginalElevationFromOSM="false"><ele>154.0</ele></trkpt>
<trkpt lat="38.210078" lon="127.265621" sectionIndex="0" pointIndex="2992" originalElevation="154.0" isOriginalElevationFromOSM="false"><ele>154.4</ele></trkpt>
<trkpt lat="38.210038" lon="127.265596" sectionIndex="0" pointIndex="2993" originalElevation="154.0" isOriginalElevationFromOSM="false"><ele>154.9</ele></trkpt>
<trkpt lat="38.210010" lon="127.265570" sectionIndex="0" pointIndex="2994" originalElevation="156.1" isOriginalElevationFromOSM="true"><ele>155.5</ele></trkpt>
<trkpt lat="38.209900" lon="127.265550" sectionIndex="0" pointIndex="2995" originalElevation="156.4" isOriginalElevationFromOSM="true"><ele>156.2</ele></trkpt>
<trkpt lat="38.209250" lon="127.265500" sectionIndex="0" pointIndex="2996" originalElevation="156.9" isOriginalElevationFromOSM="true"><ele>157.2</ele></trkpt>
<trkpt lat="38.209170" lon="127.265460" sectionIndex="0" pointIndex="2997" originalElevation="157.7" isOriginalElevationFromOSM="true"><ele>158.1</ele></trkpt>
<trkpt lat="38.209120" lon="127.265390" sectionIndex="0" pointIndex="2998" originalElevation="158.8" isOriginalElevationFromOSM="true"><ele>159.4</ele></trkpt>
<trkpt lat="38.209100" lon="127.265300" sectionIndex="0" pointIndex="2999" originalElevation="160.5" isOriginalElevationFromOSM="true"><ele>160.9</ele></trkpt>
<trkpt lat="38.209130" lon="127.265160" sectionIndex="0" pointIndex="3000" originalElevation="163.1" isOriginalElevationFromOSM="true"><ele>162.4</ele></trkpt>
<trkpt lat="38.209230" lon="127.265070" sectionIndex="0" pointIndex="3001" originalElevation="164.7" isOriginalElevationFromOSM="true"><ele>163.7</ele></trkpt>
<trkpt lat="38.209380" lon="127.265070" sectionIndex="0" pointIndex="3002" originalElevation="164.9" isOriginalElevationFromOSM="true"><ele>165.0</ele></trkpt>
<trkpt lat="38.209450" lon="127.265040" sectionIndex="0" pointIndex="3003" originalElevation="165.5" isOriginalElevationFromOSM="true"><ele>166.1</ele></trkpt>
<trkpt lat="38.209540" lon="127.264950" sectionIndex="0" pointIndex="3004" originalElevation="167.0" isOriginalElevationFromOSM="true"><ele>167.1</ele></trkpt>
<trkpt lat="38.209570" lon="127.264830" sectionIndex="0" pointIndex="3005" originalElevation="168.6" isOriginalElevationFromOSM="true"><ele>168.2</ele></trkpt>
<trkpt lat="38.209550" lon="127.264750" sectionIndex="0" pointIndex="3006" originalElevation="169.5" isOriginalElevationFromOSM="true"><ele>169.5</ele></trkpt>
<trkpt lat="38.209520" lon="127.264700" sectionIndex="0" pointIndex="3007" originalElevation="170.2" isOriginalElevationFromOSM="true"><ele>170.8</ele></trkpt>
<trkpt lat="38.209340" lon="127.264520" sectionIndex="0" pointIndex="3008" originalElevation="172.1" isOriginalElevationFromOSM="true"><ele>172.3</ele></trkpt>
<trkpt lat="38.209250" lon="127.264380" sectionIndex="0" pointIndex="3009" originalElevation="173.6" isOriginalElevationFromOSM="true"><ele>174.2</ele></trkpt>
<trkpt lat="38.209160" lon="127.264150" sectionIndex="0" pointIndex="3010" originalElevation="176.2" isOriginalElevationFromOSM="true"><ele>176.0</ele></trkpt>
<trkpt lat="38.208520" lon="127.262450" sectionIndex="0" pointIndex="3011" originalElevation="178.8" isOriginalElevationFromOSM="true"><ele>177.6</ele></trkpt>
<trkpt lat="38.208510" lon="127.262350" sectionIndex="0" pointIndex="3012" originalElevation="179.3" isOriginalElevationFromOSM="true"><ele>178.9</ele></trkpt>
<trkpt lat="38.208440" lon="127.262150" sectionIndex="0" pointIndex="3013" originalElevation="179.9" isOriginalElevationFromOSM="true"><ele>179.9</ele></trkpt>
<trkpt lat="38.208400" lon="127.261990" sectionIndex="0" pointIndex="3014" originalElevation="180.6" isOriginalElevationFromOSM="true"><ele>180.6</ele></trkpt>
<trkpt lat="38.208420" lon="127.261940" sectionIndex="0" pointIndex="3015" originalElevation="180.8" isOriginalElevationFromOSM="true"><ele>181.0</ele></trkpt>
<trkpt lat="38.208710" lon="127.261690" sectionIndex="0" pointIndex="3016" originalElevation="182.3" isOriginalElevationFromOSM="true"><ele>181.9</ele></trkpt>
<trkpt lat="38.209690" lon="127.261140" sectionIndex="0" pointIndex="3017" originalElevation="181.4" isOriginalElevationFromOSM="true"><ele>182.6</ele></trkpt>
<trkpt lat="38.215280" lon="127.257900" sectionIndex="0" pointIndex="3018" originalElevation="184.6" isOriginalElevationFromOSM="true"><ele>183.5</ele></trkpt>
<trkpt lat="38.215390" lon="127.257860" sectionIndex="0" pointIndex="3019" originalElevation="184.1" isOriginalElevationFromOSM="true"><ele>184.5</ele></trkpt>
<trkpt lat="38.220660" lon="127.257850" sectionIndex="0" pointIndex="3020" originalElevation="185.1" isOriginalElevationFromOSM="true"><ele>185.7</ele></trkpt>
<trkpt lat="38.222610" lon="127.257890" sectionIndex="0" pointIndex="3021" originalElevation="187.4" isOriginalElevationFromOSM="true"><ele>186.6</ele></trkpt>
<trkpt lat="38.225560" lon="127.253030" sectionIndex="0" pointIndex="3022" originalElevation="187.4" isOriginalElevationFromOSM="true"><ele>187.7</ele></trkpt>
<trkpt lat="38.225850" lon="127.252370" sectionIndex="0" pointIndex="3023" originalElevation="188.8" isOriginalElevationFromOSM="true"><ele>189.4</ele></trkpt>
<trkpt lat="38.225850" lon="127.252180" sectionIndex="0" pointIndex="3024" originalElevation="190.0" isOriginalElevationFromOSM="true"><ele>190.5</ele></trkpt>
<trkpt lat="38.226870" lon="127.252320" sectionIndex="0" pointIndex="3025" originalElevation="193.2" isOriginalElevationFromOSM="true"><ele>191.7</ele></trkpt>
<trkpt lat="38.227320" lon="127.252260" sectionIndex="0" pointIndex="3026" originalElevation="193.3" isOriginalElevationFromOSM="true"><ele>192.8</ele></trkpt>
<trkpt lat="38.227470" lon="127.252220" sectionIndex="0" pointIndex="3027" originalElevation="193.3" isOriginalElevationFromOSM="true"><ele>193.6</ele></trkpt>
<trkpt lat="38.232180" lon="127.250240" sectionIndex="0" pointIndex="3028" originalElevation="194.3" isOriginalElevationFromOSM="true"><ele>193.9</ele></trkpt>
<trkpt lat="38.232610" lon="127.250080" sectionIndex="0" pointIndex="3029" originalElevation="194.1" isOriginalElevationFromOSM="true"><ele>194.1</ele></trkpt>
<trkpt lat="38.232790" lon="127.250030" sectionIndex="0" pointIndex="3030" originalElevation="194.3" isOriginalElevationFromOSM="true"><ele>194.5</ele></trkpt>
<trkpt lat="38.233080" lon="127.250040" sectionIndex="0" pointIndex="3031" originalElevation="194.7" isOriginalElevationFromOSM="true"><ele>194.6</ele></trkpt>
<trkpt lat="38.233280" lon="127.250100" sectionIndex="0" pointIndex="3032" originalElevation="194.9" isOriginalElevationFromOSM="true"><ele>194.8</ele></trkpt>
<trkpt lat="38.233480" lon="127.250190" sectionIndex="0" pointIndex="3033" originalElevation="195.0" isOriginalElevationFromOSM="true"><ele>194.9</ele></trkpt>
<trkpt lat="38.233650" lon="127.250320" sectionIndex="0" pointIndex="3034" originalElevation="195.0" isOriginalElevationFromOSM="true"><ele>194.9</ele></trkpt>
<trkpt lat="38.233820" lon="127.250520" sectionIndex="0" pointIndex="3035" originalElevation="195.0" isOriginalElevationFromOSM="true"><ele>194.7</ele></trkpt>
<trkpt lat="38.234130" lon="127.250970" sectionIndex="0" pointIndex="3036" originalElevation="194.7" isOriginalElevationFromOSM="true"><ele>194.7</ele></trkpt>
<trkpt lat="38.234410" lon="127.251350" sectionIndex="0" pointIndex="3037" originalElevation="194.0" isOriginalElevationFromOSM="true"><ele>194.6</ele></trkpt>
<trkpt lat="38.235020" lon="127.252090" sectionIndex="0" pointIndex="3038" originalElevation="195.0" isOriginalElevationFromOSM="true"><ele>194.5</ele></trkpt>
<trkpt lat="38.235490" lon="127.252700" sectionIndex="0" pointIndex="3039" originalElevation="194.4" isOriginalElevationFromOSM="true"><ele>194.6</ele></trkpt>
<trkpt lat="38.235730" lon="127.252960" sectionIndex="0" pointIndex="3040" originalElevation="194.5" isOriginalElevationFromOSM="true"><ele>194.9</ele></trkpt>
<trkpt lat="38.236130" lon="127.253200" sectionIndex="0" pointIndex="3041" originalElevation="195.2" isOriginalElevationFromOSM="true"><ele>195.3</ele></trkpt>
<trkpt lat="38.236300" lon="127.253240" sectionIndex="0" pointIndex="3042" originalElevation="195.4" isOriginalElevationFromOSM="true"><ele>195.5</ele></trkpt>
<trkpt lat="38.239080" lon="127.253700" sectionIndex="0" pointIndex="3043" originalElevation="196.9" isOriginalElevationFromOSM="true"><ele>196.1</ele></trkpt>
<trkpt lat="38.240500" lon="127.253970" sectionIndex="0" pointIndex="3044" originalElevation="195.6" isOriginalElevationFromOSM="true"><ele>196.7</ele></trkpt>
<trkpt lat="38.241980" lon="127.254220" sectionIndex="0" pointIndex="3045" originalElevation="197.5" isOriginalElevationFromOSM="true"><ele>197.3</ele></trkpt>
<trkpt lat="38.242170" lon="127.254230" sectionIndex="0" pointIndex="3046" originalElevation="198.0" isOriginalElevationFromOSM="true"><ele>197.8</ele></trkpt>
<trkpt lat="38.242360" lon="127.254200" sectionIndex="0" pointIndex="3047" originalElevation="198.6" isOriginalElevationFromOSM="true"><ele>198.9</ele></trkpt>
<trkpt lat="38.242630" lon="127.254110" sectionIndex="0" pointIndex="3048" originalElevation="199.1" isOriginalElevationFromOSM="true"><ele>199.5</ele></trkpt>
<trkpt lat="38.244340" lon="127.253430" sectionIndex="0" pointIndex="3049" originalElevation="201.1" isOriginalElevationFromOSM="true"><ele>199.9</ele></trkpt>
<trkpt lat="38.244660" lon="127.253270" sectionIndex="0" pointIndex="3050" originalElevation="200.6" isOriginalElevationFromOSM="true"><ele>200.1</ele></trkpt>
<trkpt lat="38.244830" lon="127.253200" sectionIndex="0" pointIndex="3051" originalElevation="200.0" isOriginalElevationFromOSM="true"><ele>199.4</ele></trkpt>
<trkpt lat="38.244970" lon="127.253170" sectionIndex="0" pointIndex="3052" originalElevation="199.7" isOriginalElevationFromOSM="true"><ele>199.9</ele></trkpt>
<trkpt lat="38.245950" lon="127.253130" sectionIndex="0" pointIndex="3053" originalElevation="195.7" isOriginalElevationFromOSM="true"><ele>200.6</ele></trkpt>
<trkpt lat="38.250850" lon="127.252770" sectionIndex="0" pointIndex="3054" originalElevation="203.4" isOriginalElevationFromOSM="true"><ele>201.8</ele></trkpt>
<trkpt lat="38.251240" lon="127.252760" sectionIndex="0" pointIndex="3055" originalElevation="204.4" isOriginalElevationFromOSM="true"><ele>203.1</ele></trkpt>
<trkpt lat="38.252152" lon="127.252802" sectionIndex="0" pointIndex="3056" originalElevation="206.0" isOriginalElevationFromOSM="false"><ele>205.2</ele></trkpt>
<trkpt lat="38.252187" lon="127.252836" sectionIndex="0" pointIndex="3057" originalElevation="206.0" isOriginalElevationFromOSM="false"><ele>205.7</ele></trkpt>
<trkpt lat="38.252223" lon="127.252871" sectionIndex="0" pointIndex="3058" originalElevation="206.0" isOriginalElevationFromOSM="false"><ele>206.0</ele></trkpt>
<trkpt lat="38.252259" lon="127.252906" sectionIndex="0" pointIndex="3059" originalElevation="206.0" isOriginalElevationFromOSM="false"><ele>206.0</ele></trkpt>
<trkpt lat="38.252290" lon="127.252936" sectionIndex="0" pointIndex="3060" originalElevation="206.0" isOriginalElevationFromOSM="false"><ele>206.0</ele></trkpt>
<trkpt lat="38.252333" lon="127.252921" sectionIndex="0" pointIndex="3061" originalElevation="206.0" isOriginalElevationFromOSM="false"><ele>206.0</ele></trkpt>
<trkpt lat="38.252376" lon="127.252906" sectionIndex="0" pointIndex="3062" originalElevation="206.0" isOriginalElevationFromOSM="false"><ele>206.0</ele></trkpt>
<trkpt lat="38.252420" lon="127.252891" sectionIndex="0" pointIndex="3063" originalElevation="206.0" isOriginalElevationFromOSM="false"><ele>206.0</ele></trkpt>
<trkpt lat="38.252429" lon="127.252887" sectionIndex="0" pointIndex="3064" originalElevation="206.0" isOriginalElevationFromOSM="false"><ele>206.0</ele></trkpt>
<trkpt lat="38.252432" lon="127.252830" sectionIndex="0" pointIndex="3065" originalElevation="206.0" isOriginalElevationFromOSM="false"><ele>206.0</ele></trkpt>
<trkpt lat="38.252436" lon="127.252773" sectionIndex="0" pointIndex="3066" originalElevation="206.0" isOriginalElevationFromOSM="false"><ele>206.0</ele></trkpt>
<trkpt lat="38.252440" lon="127.252716" sectionIndex="0" pointIndex="3067" originalElevation="206.0" isOriginalElevationFromOSM="false"><ele>206.0</ele></trkpt>
<trkpt lat="38.252441" lon="127.252694" sectionIndex="0" pointIndex="3068" originalElevation="206.0" isOriginalElevationFromOSM="false"><ele>205.1</ele></trkpt>
<trkpt lat="38.252228" lon="127.252650" sectionIndex="0" pointIndex="3069" originalElevation="206.0" isOriginalElevationFromOSM="false"><ele>203.9</ele></trkpt>
<trkpt lat="38.251570" lon="127.251360" sectionIndex="0" pointIndex="3070" originalElevation="201.4" isOriginalElevationFromOSM="true"><ele>202.5</ele></trkpt>
<trkpt lat="38.250840" lon="127.249830" sectionIndex="0" pointIndex="3071" originalElevation="200.4" isOriginalElevationFromOSM="true"><ele>200.7</ele></trkpt>
<trkpt lat="38.250460" lon="127.248980" sectionIndex="0" pointIndex="3072" originalElevation="198.9" isOriginalElevationFromOSM="true"><ele>198.7</ele></trkpt>
<trkpt lat="38.248990" lon="127.245600" sectionIndex="0" pointIndex="3073" originalElevation="196.8" isOriginalElevationFromOSM="true"><ele>197.5</ele></trkpt>
<trkpt lat="38.248460" lon="127.244430" sectionIndex="0" pointIndex="3074" originalElevation="196.2" isOriginalElevationFromOSM="true"><ele>196.4</ele></trkpt>
<trkpt lat="38.248320" lon="127.244230" sectionIndex="0" pointIndex="3075" originalElevation="195.2" isOriginalElevationFromOSM="true"><ele>195.3</ele></trkpt>
<trkpt lat="38.248150" lon="127.244040" sectionIndex="0" pointIndex="3076" originalElevation="194.8" isOriginalElevationFromOSM="true"><ele>194.5</ele></trkpt>
<trkpt lat="38.247830" lon="127.243740" sectionIndex="0" pointIndex="3077" originalElevation="193.4" isOriginalElevationFromOSM="true"><ele>193.6</ele></trkpt>
<trkpt lat="38.246680" lon="127.242580" sectionIndex="0" pointIndex="3078" originalElevation="192.8" isOriginalElevationFromOSM="true"><ele>192.8</ele></trkpt>
<trkpt lat="38.246280" lon="127.242120" sectionIndex="0" pointIndex="3079" originalElevation="191.9" isOriginalElevationFromOSM="true"><ele>192.1</ele></trkpt>
<trkpt lat="38.243700" lon="127.238880" sectionIndex="0" pointIndex="3080" originalElevation="190.9" isOriginalElevationFromOSM="true"><ele>191.6</ele></trkpt>
<trkpt lat="38.243490" lon="127.238580" sectionIndex="0" pointIndex="3081" originalElevation="191.5" isOriginalElevationFromOSM="true"><ele>191.1</ele></trkpt>
<trkpt lat="38.243040" lon="127.237820" sectionIndex="0" pointIndex="3082" originalElevation="190.8" isOriginalElevationFromOSM="true"><ele>190.9</ele></trkpt>
<trkpt lat="38.242310" lon="127.236680" sectionIndex="0" pointIndex="3083" originalElevation="190.5" isOriginalElevationFromOSM="true"><ele>191.1</ele></trkpt>
<trkpt lat="38.241860" lon="127.236060" sectionIndex="0" pointIndex="3084" originalElevation="190.7" isOriginalElevationFromOSM="true"><ele>191.2</ele></trkpt>
<trkpt lat="38.241480" lon="127.235480" sectionIndex="0" pointIndex="3085" originalElevation="191.8" isOriginalElevationFromOSM="true"><ele>191.6</ele></trkpt>
<trkpt lat="38.241370" lon="127.235290" sectionIndex="0" pointIndex="3086" originalElevation="192.3" isOriginalElevationFromOSM="true"><ele>192.0</ele></trkpt>
<trkpt lat="38.241260" lon="127.234990" sectionIndex="0" pointIndex="3087" originalElevation="192.6" isOriginalElevationFromOSM="true"><ele>192.5</ele></trkpt>
<trkpt lat="38.241230" lon="127.234810" sectionIndex="0" pointIndex="3088" originalElevation="192.6" isOriginalElevationFromOSM="true"><ele>192.8</ele></trkpt>
<trkpt lat="38.241220" lon="127.234370" sectionIndex="0" pointIndex="3089" originalElevation="193.0" isOriginalElevationFromOSM="true"><ele>193.1</ele></trkpt>
<trkpt lat="38.241240" lon="127.234080" sectionIndex="0" pointIndex="3090" originalElevation="193.4" isOriginalElevationFromOSM="true"><ele>193.4</ele></trkpt>
<trkpt lat="38.241300" lon="127.233760" sectionIndex="0" pointIndex="3091" originalElevation="193.8" isOriginalElevationFromOSM="true"><ele>194.0</ele></trkpt>
<trkpt lat="38.241390" lon="127.233450" sectionIndex="0" pointIndex="3092" originalElevation="194.2" isOriginalElevationFromOSM="true"><ele>194.3</ele></trkpt>
<trkpt lat="38.241730" lon="127.232490" sectionIndex="0" pointIndex="3093" originalElevation="195.4" isOriginalElevationFromOSM="true"><ele>194.4</ele></trkpt>
<trkpt lat="38.241950" lon="127.231780" sectionIndex="0" pointIndex="3094" originalElevation="194.7" isOriginalElevationFromOSM="true"><ele>194.6</ele></trkpt>
<trkpt lat="38.242580" lon="127.229630" sectionIndex="0" pointIndex="3095" originalElevation="193.9" isOriginalElevationFromOSM="true"><ele>194.8</ele></trkpt>
<trkpt lat="38.243040" lon="127.228230" sectionIndex="0" pointIndex="3096" originalElevation="194.8" isOriginalElevationFromOSM="true"><ele>195.5</ele></trkpt>
<trkpt lat="38.243460" lon="127.226860" sectionIndex="0" pointIndex="3097" originalElevation="195.0" isOriginalElevationFromOSM="true"><ele>196.5</ele></trkpt>
<trkpt lat="38.244630" lon="127.222820" sectionIndex="0" pointIndex="3098" originalElevation="199.2" isOriginalElevationFromOSM="true"><ele>197.9</ele></trkpt>
<trkpt lat="38.244710" lon="127.222600" sectionIndex="0" pointIndex="3099" originalElevation="199.4" isOriginalElevationFromOSM="true"><ele>199.2</ele></trkpt>
<trkpt lat="38.245010" lon="127.222060" sectionIndex="0" pointIndex="3100" originalElevation="201.1" isOriginalElevationFromOSM="true"><ele>201.1</ele></trkpt>
<trkpt lat="38.245150" lon="127.221760" sectionIndex="0" pointIndex="3101" originalElevation="201.3" isOriginalElevationFromOSM="true"><ele>202.7</ele></trkpt>
<trkpt lat="38.245540" lon="127.220700" sectionIndex="0" pointIndex="3102" originalElevation="204.6" isOriginalElevationFromOSM="true"><ele>204.5</ele></trkpt>
<trkpt lat="38.245730" lon="127.220400" sectionIndex="0" pointIndex="3103" originalElevation="207.0" isOriginalElevationFromOSM="true"><ele>207.5</ele></trkpt>
<trkpt lat="38.245870" lon="127.220250" sectionIndex="0" pointIndex="3104" originalElevation="208.7" isOriginalElevationFromOSM="true"><ele>210.0</ele></trkpt>
<trkpt lat="38.246780" lon="127.219510" sectionIndex="0" pointIndex="3105" originalElevation="215.8" isOriginalElevationFromOSM="true"><ele>211.3</ele></trkpt>
<trkpt lat="38.247160" lon="127.219160" sectionIndex="0" pointIndex="3106" originalElevation="214.0" isOriginalElevationFromOSM="true"><ele>211.7</ele></trkpt>
<trkpt lat="38.247430" lon="127.218830" sectionIndex="0" pointIndex="3107" originalElevation="210.9" isOriginalElevationFromOSM="true"><ele>211.5</ele></trkpt>
<trkpt lat="38.247620" lon="127.218560" sectionIndex="0" pointIndex="3108" originalElevation="209.3" isOriginalElevationFromOSM="true"><ele>209.6</ele></trkpt>
<trkpt lat="38.247750" lon="127.218270" sectionIndex="0" pointIndex="3109" originalElevation="207.6" isOriginalElevationFromOSM="true"><ele>206.9</ele></trkpt>
<trkpt lat="38.247800" lon="127.218100" sectionIndex="0" pointIndex="3110" originalElevation="206.3" isOriginalElevationFromOSM="true"><ele>204.1</ele></trkpt>
<trkpt lat="38.247890" lon="127.217310" sectionIndex="0" pointIndex="3111" originalElevation="200.2" isOriginalElevationFromOSM="true"><ele>200.4</ele></trkpt>
<trkpt lat="38.247980" lon="127.216920" sectionIndex="0" pointIndex="3112" originalElevation="196.9" isOriginalElevationFromOSM="true"><ele>197.0</ele></trkpt>
<trkpt lat="38.248490" lon="127.215500" sectionIndex="0" pointIndex="3113" originalElevation="191.0" isOriginalElevationFromOSM="true"><ele>194.0</ele></trkpt>
<trkpt lat="38.248590" lon="127.215130" sectionIndex="0" pointIndex="3114" originalElevation="190.8" isOriginalElevationFromOSM="true"><ele>192.5</ele></trkpt>
<trkpt lat="38.248620" lon="127.214840" sectionIndex="0" pointIndex="3115" originalElevation="191.3" isOriginalElevationFromOSM="true"><ele>191.8</ele></trkpt>
<trkpt lat="38.248620" lon="127.214610" sectionIndex="0" pointIndex="3116" originalElevation="192.4" isOriginalElevationFromOSM="true"><ele>192.9</ele></trkpt>
<trkpt lat="38.248600" lon="127.214360" sectionIndex="0" pointIndex="3117" originalElevation="193.4" isOriginalElevationFromOSM="true"><ele>195.0</ele></trkpt>
<trkpt lat="38.248310" lon="127.212520" sectionIndex="0" pointIndex="3118" originalElevation="196.9" isOriginalElevationFromOSM="true"><ele>197.1</ele></trkpt>
<trkpt lat="38.247920" lon="127.209630" sectionIndex="0" pointIndex="3119" originalElevation="201.2" isOriginalElevationFromOSM="true"><ele>199.3</ele></trkpt>
<trkpt lat="38.247900" lon="127.209310" sectionIndex="0" pointIndex="3120" originalElevation="201.4" isOriginalElevationFromOSM="true"><ele>202.9</ele></trkpt>
<trkpt lat="38.248000" lon="127.207970" sectionIndex="0" pointIndex="3121" originalElevation="203.8" isOriginalElevationFromOSM="true"><ele>205.9</ele></trkpt>
<trkpt lat="38.248170" lon="127.206140" sectionIndex="0" pointIndex="3122" originalElevation="211.1" isOriginalElevationFromOSM="true"><ele>209.5</ele></trkpt>
<trkpt lat="38.248210" lon="127.205750" sectionIndex="0" pointIndex="3123" originalElevation="211.9" isOriginalElevationFromOSM="true"><ele>213.2</ele></trkpt>
<trkpt lat="38.248600" lon="127.203810" sectionIndex="0" pointIndex="3124" originalElevation="219.2" isOriginalElevationFromOSM="true"><ele>216.4</ele></trkpt>
<trkpt lat="38.248660" lon="127.203620" sectionIndex="0" pointIndex="3125" originalElevation="219.8" isOriginalElevationFromOSM="true"><ele>218.6</ele></trkpt>
<trkpt lat="38.248730" lon="127.203450" sectionIndex="0" pointIndex="3126" originalElevation="220.3" isOriginalElevationFromOSM="true"><ele>220.9</ele></trkpt>
<trkpt lat="38.248860" lon="127.203230" sectionIndex="0" pointIndex="3127" originalElevation="221.6" isOriginalElevationFromOSM="true"><ele>222.2</ele></trkpt>
<trkpt lat="38.249060" lon="127.203010" sectionIndex="0" pointIndex="3128" originalElevation="223.9" isOriginalElevationFromOSM="true"><ele>223.2</ele></trkpt>
<trkpt lat="38.249340" lon="127.202780" sectionIndex="0" pointIndex="3129" originalElevation="225.2" isOriginalElevationFromOSM="true"><ele>223.9</ele></trkpt>
<trkpt lat="38.249550" lon="127.202650" sectionIndex="0" pointIndex="3130" originalElevation="224.8" isOriginalElevationFromOSM="true"><ele>224.2</ele></trkpt>
<trkpt lat="38.249710" lon="127.202580" sectionIndex="0" pointIndex="3131" originalElevation="224.0" isOriginalElevationFromOSM="true"><ele>223.1</ele></trkpt>
<trkpt lat="38.249870" lon="127.202530" sectionIndex="0" pointIndex="3132" originalElevation="223.0" isOriginalElevationFromOSM="true"><ele>220.4</ele></trkpt>
<trkpt lat="38.252480" lon="127.201930" sectionIndex="0" pointIndex="3133" originalElevation="218.3" isOriginalElevationFromOSM="true"><ele>218.4</ele></trkpt>
<trkpt lat="38.255660" lon="127.201240" sectionIndex="0" pointIndex="3134" originalElevation="212.1" isOriginalElevationFromOSM="true"><ele>216.3</ele></trkpt>
<trkpt lat="38.257750" lon="127.193560" sectionIndex="0" pointIndex="3135" originalElevation="214.8" isOriginalElevationFromOSM="true"><ele>213.7</ele></trkpt>
<trkpt lat="38.258150" lon="127.192020" sectionIndex="0" pointIndex="3136" originalElevation="213.3" isOriginalElevationFromOSM="true"><ele>212.1</ele></trkpt>
<trkpt lat="38.258350" lon="127.190890" sectionIndex="0" pointIndex="3137" originalElevation="210.0" isOriginalElevationFromOSM="true"><ele>212.1</ele></trkpt>
<trkpt lat="38.259120" lon="127.185670" sectionIndex="0" pointIndex="3138" originalElevation="210.4" isOriginalElevationFromOSM="true"><ele>211.6</ele></trkpt>
<trkpt lat="38.259200" lon="127.185250" sectionIndex="0" pointIndex="3139" originalElevation="211.9" isOriginalElevationFromOSM="true"><ele>209.0</ele></trkpt>
<trkpt lat="38.259350" lon="127.184740" sectionIndex="0" pointIndex="3140" originalElevation="212.4" isOriginalElevationFromOSM="true"><ele>207.0</ele></trkpt>
<trkpt lat="38.261360" lon="127.179120" sectionIndex="0" pointIndex="3141" originalElevation="200.3" isOriginalElevationFromOSM="true"><ele>204.5</ele></trkpt>
<trkpt lat="38.261550" lon="127.178720" sectionIndex="0" pointIndex="3142" originalElevation="200.0" isOriginalElevationFromOSM="true"><ele>201.7</ele></trkpt>
<trkpt lat="38.263590" lon="127.175570" sectionIndex="0" pointIndex="3143" originalElevation="198.0" isOriginalElevationFromOSM="true"><ele>198.8</ele></trkpt>
<trkpt lat="38.263820" lon="127.175210" sectionIndex="0" pointIndex="3144" originalElevation="198.0" isOriginalElevationFromOSM="true"><ele>198.3</ele></trkpt>
<trkpt lat="38.263970" lon="127.174920" sectionIndex="0" pointIndex="3145" originalElevation="197.8" isOriginalElevationFromOSM="true"><ele>198.1</ele></trkpt>
<trkpt lat="38.264710" lon="127.172610" sectionIndex="0" pointIndex="3146" originalElevation="197.6" isOriginalElevationFromOSM="true"><ele>198.1</ele></trkpt>
<trkpt lat="38.263860" lon="127.171420" sectionIndex="0" pointIndex="3147" originalElevation="199.0" isOriginalElevationFromOSM="true"><ele>198.2</ele></trkpt>
<trkpt lat="38.263430" lon="127.170910" sectionIndex="0" pointIndex="3148" originalElevation="198.1" isOriginalElevationFromOSM="true"><ele>198.4</ele></trkpt>
<trkpt lat="38.262860" lon="127.170290" sectionIndex="0" pointIndex="3149" originalElevation="198.6" isOriginalElevationFromOSM="true"><ele>198.5</ele></trkpt>
<trkpt lat="38.262500" lon="127.169950" sectionIndex="0" pointIndex="3150" originalElevation="198.9" isOriginalElevationFromOSM="true"><ele>197.9</ele></trkpt>
<trkpt lat="38.261840" lon="127.169390" sectionIndex="0" pointIndex="3151" originalElevation="197.9" isOriginalElevationFromOSM="true"><ele>197.4</ele></trkpt>
<trkpt lat="38.261210" lon="127.168890" sectionIndex="0" pointIndex="3152" originalElevation="196.3" isOriginalElevationFromOSM="true"><ele>196.7</ele></trkpt>
<trkpt lat="38.260620" lon="127.168500" sectionIndex="0" pointIndex="3153" originalElevation="195.2" isOriginalElevationFromOSM="true"><ele>196.3</ele></trkpt>
<trkpt lat="38.260030" lon="127.168170" sectionIndex="0" pointIndex="3154" originalElevation="195.3" isOriginalElevationFromOSM="true"><ele>195.8</ele></trkpt>
<trkpt lat="38.258590" lon="127.167420" sectionIndex="0" pointIndex="3155" originalElevation="196.9" isOriginalElevationFromOSM="true"><ele>194.9</ele></trkpt>
<trkpt lat="38.257890" lon="127.167020" sectionIndex="0" pointIndex="3156" originalElevation="195.4" isOriginalElevationFromOSM="true"><ele>194.3</ele></trkpt>
<trkpt lat="38.256750" lon="127.166420" sectionIndex="0" pointIndex="3157" originalElevation="191.9" isOriginalElevationFromOSM="true"><ele>193.5</ele></trkpt>
<trkpt lat="38.256390" lon="127.166240" sectionIndex="0" pointIndex="3158" originalElevation="191.8" isOriginalElevationFromOSM="true"><ele>192.3</ele></trkpt>
<trkpt lat="38.255980" lon="127.166130" sectionIndex="0" pointIndex="3159" originalElevation="191.7" isOriginalElevationFromOSM="true"><ele>191.1</ele></trkpt>
<trkpt lat="38.255640" lon="127.166070" sectionIndex="0" pointIndex="3160" originalElevation="190.9" isOriginalElevationFromOSM="true"><ele>190.2</ele></trkpt>
<trkpt lat="38.255210" lon="127.166050" sectionIndex="0" pointIndex="3161" originalElevation="189.0" isOriginalElevationFromOSM="true"><ele>189.2</ele></trkpt>
<trkpt lat="38.254920" lon="127.166060" sectionIndex="0" pointIndex="3162" originalElevation="187.7" isOriginalElevationFromOSM="true"><ele>187.9</ele></trkpt>
<trkpt lat="38.254580" lon="127.166100" sectionIndex="0" pointIndex="3163" originalElevation="186.5" isOriginalElevationFromOSM="true"><ele>188.2</ele></trkpt>
<trkpt lat="38.254280" lon="127.166170" sectionIndex="0" pointIndex="3164" originalElevation="185.4" isOriginalElevationFromOSM="true"><ele>188.6</ele></trkpt>
<trkpt lat="38.253480" lon="127.166490" sectionIndex="0" pointIndex="3165" originalElevation="192.6" isOriginalElevationFromOSM="true"><ele>188.7</ele></trkpt>
<trkpt lat="38.252300" lon="127.167060" sectionIndex="0" pointIndex="3166" originalElevation="190.7" isOriginalElevationFromOSM="true"><ele>188.4</ele></trkpt>
<trkpt lat="38.251960" lon="127.167210" sectionIndex="0" pointIndex="3167" originalElevation="188.2" isOriginalElevationFromOSM="true"><ele>188.1</ele></trkpt>
<trkpt lat="38.251270" lon="127.167370" sectionIndex="0" pointIndex="3168" originalElevation="185.3" isOriginalElevationFromOSM="true"><ele>185.6</ele></trkpt>
<trkpt lat="38.250760" lon="127.167450" sectionIndex="0" pointIndex="3169" originalElevation="183.6" isOriginalElevationFromOSM="true"><ele>182.9</ele></trkpt>
<trkpt lat="38.250350" lon="127.167490" sectionIndex="0" pointIndex="3170" originalElevation="180.3" isOriginalElevationFromOSM="true"><ele>178.2</ele></trkpt>
<trkpt lat="38.249950" lon="127.167480" sectionIndex="0" pointIndex="3171" originalElevation="177.3" isOriginalElevationFromOSM="true"><ele>173.0</ele></trkpt>
<trkpt lat="38.249200" lon="127.167380" sectionIndex="0" pointIndex="3172" originalElevation="164.3" isOriginalElevationFromOSM="true"><ele>167.3</ele></trkpt>
<trkpt lat="38.248400" lon="127.167130" sectionIndex="0" pointIndex="3173" originalElevation="159.5" isOriginalElevationFromOSM="true"><ele>162.2</ele></trkpt>
<trkpt lat="38.247370" lon="127.166770" sectionIndex="0" pointIndex="3174" originalElevation="155.0" isOriginalElevationFromOSM="true"><ele>157.5</ele></trkpt>
<trkpt lat="38.246580" lon="127.166530" sectionIndex="0" pointIndex="3175" originalElevation="154.8" isOriginalElevationFromOSM="true"><ele>155.3</ele></trkpt>
<trkpt lat="38.246050" lon="127.166290" sectionIndex="0" pointIndex="3176" originalElevation="154.0" isOriginalElevationFromOSM="true"><ele>154.1</ele></trkpt>
<trkpt lat="38.245420" lon="127.165860" sectionIndex="0" pointIndex="3177" originalElevation="153.0" isOriginalElevationFromOSM="true"><ele>153.8</ele></trkpt>
<trkpt lat="38.245030" lon="127.165490" sectionIndex="0" pointIndex="3178" originalElevation="153.6" isOriginalElevationFromOSM="true"><ele>154.8</ele></trkpt>
<trkpt lat="38.244740" lon="127.165170" sectionIndex="0" pointIndex="3179" originalElevation="153.4" isOriginalElevationFromOSM="true"><ele>155.5</ele></trkpt>
<trkpt lat="38.244160" lon="127.164350" sectionIndex="0" pointIndex="3180" originalElevation="159.9" isOriginalElevationFromOSM="true"><ele>155.4</ele></trkpt>
<trkpt lat="38.243040" lon="127.162690" sectionIndex="0" pointIndex="3181" originalElevation="157.6" isOriginalElevationFromOSM="true"><ele>155.7</ele></trkpt>
<trkpt lat="38.241720" lon="127.160980" sectionIndex="0" pointIndex="3182" originalElevation="152.8" isOriginalElevationFromOSM="true"><ele>154.9</ele></trkpt>
<trkpt lat="38.240510" lon="127.159470" sectionIndex="0" pointIndex="3183" originalElevation="154.9" isOriginalElevationFromOSM="true"><ele>152.6</ele></trkpt>
<trkpt lat="38.239880" lon="127.158760" sectionIndex="0" pointIndex="3184" originalElevation="149.2" isOriginalElevationFromOSM="true"><ele>151.2</ele></trkpt>
<trkpt lat="38.239310" lon="127.158150" sectionIndex="0" pointIndex="3185" originalElevation="148.3" isOriginalElevationFromOSM="true"><ele>149.2</ele></trkpt>
<trkpt lat="38.238000" lon="127.156880" sectionIndex="0" pointIndex="3186" originalElevation="150.9" isOriginalElevationFromOSM="true"><ele>147.9</ele></trkpt>
<trkpt lat="38.235920" lon="127.154800" sectionIndex="0" pointIndex="3187" originalElevation="142.5" isOriginalElevationFromOSM="true"><ele>146.9</ele></trkpt>
<trkpt lat="38.234690" lon="127.153660" sectionIndex="0" pointIndex="3188" originalElevation="148.6" isOriginalElevationFromOSM="true"><ele>147.8</ele></trkpt>
<trkpt lat="38.234090" lon="127.153200" sectionIndex="0" pointIndex="3189" originalElevation="144.1" isOriginalElevationFromOSM="true"><ele>148.5</ele></trkpt>
<trkpt lat="38.231650" lon="127.151300" sectionIndex="0" pointIndex="3190" originalElevation="153.1" isOriginalElevationFromOSM="true"><ele>149.3</ele></trkpt>
<trkpt lat="38.231430" lon="127.151210" sectionIndex="0" pointIndex="3191" originalElevation="154.1" isOriginalElevationFromOSM="true"><ele>148.4</ele></trkpt>
<trkpt lat="38.230700" lon="127.151160" sectionIndex="0" pointIndex="3192" originalElevation="146.7" isOriginalElevationFromOSM="true"><ele>147.8</ele></trkpt>
<trkpt lat="38.230420" lon="127.151070" sectionIndex="0" pointIndex="3193" originalElevation="143.9" isOriginalElevationFromOSM="true"><ele>144.8</ele></trkpt>
<trkpt lat="38.230130" lon="127.150860" sectionIndex="0" pointIndex="3194" originalElevation="141.0" isOriginalElevationFromOSM="true"><ele>141.1</ele></trkpt>
<trkpt lat="38.229570" lon="127.150390" sectionIndex="0" pointIndex="3195" originalElevation="138.5" isOriginalElevationFromOSM="true"><ele>138.2</ele></trkpt>
<trkpt lat="38.229310" lon="127.150250" sectionIndex="0" pointIndex="3196" originalElevation="135.3" isOriginalElevationFromOSM="true"><ele>135.6</ele></trkpt>
<trkpt lat="38.229030" lon="127.150120" sectionIndex="0" pointIndex="3197" originalElevation="132.3" isOriginalElevationFromOSM="true"><ele>133.9</ele></trkpt>
<trkpt lat="38.228280" lon="127.149890" sectionIndex="0" pointIndex="3198" originalElevation="131.1" isOriginalElevationFromOSM="true"><ele>133.3</ele></trkpt>
<trkpt lat="38.227600" lon="127.149600" sectionIndex="0" pointIndex="3199" originalElevation="132.5" isOriginalElevationFromOSM="true"><ele>132.1</ele></trkpt>
<trkpt lat="38.226820" lon="127.149010" sectionIndex="0" pointIndex="3200" originalElevation="135.4" isOriginalElevationFromOSM="true"><ele>132.8</ele></trkpt>
<trkpt lat="38.224820" lon="127.147550" sectionIndex="0" pointIndex="3201" originalElevation="129.3" isOriginalElevationFromOSM="true"><ele>133.9</ele></trkpt>
<trkpt lat="38.222260" lon="127.145620" sectionIndex="0" pointIndex="3202" originalElevation="135.7" isOriginalElevationFromOSM="true"><ele>135.1</ele></trkpt>
<trkpt lat="38.222100" lon="127.145470" sectionIndex="0" pointIndex="3203" originalElevation="136.5" isOriginalElevationFromOSM="true"><ele>137.3</ele></trkpt>
<trkpt lat="38.221880" lon="127.145120" sectionIndex="0" pointIndex="3204" originalElevation="138.4" isOriginalElevationFromOSM="true"><ele>142.3</ele></trkpt>
<trkpt lat="38.221790" lon="127.144920" sectionIndex="0" pointIndex="3205" originalElevation="146.5" isOriginalElevationFromOSM="true"><ele>146.8</ele></trkpt>
<trkpt lat="38.221320" lon="127.143910" sectionIndex="0" pointIndex="3206" originalElevation="154.6" isOriginalElevationFromOSM="true"><ele>151.2</ele></trkpt>
<trkpt lat="38.221070" lon="127.143520" sectionIndex="0" pointIndex="3207" originalElevation="158.2" isOriginalElevationFromOSM="true"><ele>155.1</ele></trkpt>
<trkpt lat="38.220930" lon="127.143390" sectionIndex="0" pointIndex="3208" originalElevation="158.4" isOriginalElevationFromOSM="true"><ele>153.8</ele></trkpt>
<trkpt lat="38.220470" lon="127.143070" sectionIndex="0" pointIndex="3209" originalElevation="157.7" isOriginalElevationFromOSM="true"><ele>150.4</ele></trkpt>
<trkpt lat="38.219250" lon="127.142320" sectionIndex="0" pointIndex="3210" originalElevation="140.4" isOriginalElevationFromOSM="true"><ele>145.9</ele></trkpt>
<trkpt lat="38.218960" lon="127.142110" sectionIndex="0" pointIndex="3211" originalElevation="137.3" isOriginalElevationFromOSM="true"><ele>141.0</ele></trkpt>
<trkpt lat="38.218820" lon="127.141980" sectionIndex="0" pointIndex="3212" originalElevation="135.7" isOriginalElevationFromOSM="true"><ele>136.6</ele></trkpt>
<trkpt lat="38.218680" lon="127.141710" sectionIndex="0" pointIndex="3213" originalElevation="134.1" isOriginalElevationFromOSM="true"><ele>135.9</ele></trkpt>
<trkpt lat="38.218570" lon="127.141440" sectionIndex="0" pointIndex="3214" originalElevation="135.3" isOriginalElevationFromOSM="true"><ele>136.2</ele></trkpt>
<trkpt lat="38.218420" lon="127.140970" sectionIndex="0" pointIndex="3215" originalElevation="137.2" isOriginalElevationFromOSM="true"><ele>137.3</ele></trkpt>
<trkpt lat="38.218290" lon="127.140660" sectionIndex="0" pointIndex="3216" originalElevation="138.9" isOriginalElevationFromOSM="true"><ele>136.9</ele></trkpt>
<trkpt lat="38.218060" lon="127.140270" sectionIndex="0" pointIndex="3217" originalElevation="141.1" isOriginalElevationFromOSM="true"><ele>136.0</ele></trkpt>
<trkpt lat="38.217470" lon="127.139600" sectionIndex="0" pointIndex="3218" originalElevation="131.9" isOriginalElevationFromOSM="true"><ele>134.4</ele></trkpt>
<trkpt lat="38.217280" lon="127.139480" sectionIndex="0" pointIndex="3219" originalElevation="131.0" isOriginalElevationFromOSM="true"><ele>131.6</ele></trkpt>
<trkpt lat="38.217090" lon="127.139390" sectionIndex="0" pointIndex="3220" originalElevation="129.0" isOriginalElevationFromOSM="true"><ele>128.0</ele></trkpt>
<trkpt lat="38.216820" lon="127.139340" sectionIndex="0" pointIndex="3221" originalElevation="125.2" isOriginalElevationFromOSM="true"><ele>126.4</ele></trkpt>
<trkpt lat="38.214310" lon="127.139080" sectionIndex="0" pointIndex="3222" originalElevation="123.0" isOriginalElevationFromOSM="true"><ele>125.0</ele></trkpt>
<trkpt lat="38.213980" lon="127.139030" sectionIndex="0" pointIndex="3223" originalElevation="123.8" isOriginalElevationFromOSM="true"><ele>124.0</ele></trkpt>
<trkpt lat="38.213740" lon="127.138970" sectionIndex="0" pointIndex="3224" originalElevation="123.9" isOriginalElevationFromOSM="true"><ele>123.7</ele></trkpt>
<trkpt lat="38.213470" lon="127.138840" sectionIndex="0" pointIndex="3225" originalElevation="124.0" isOriginalElevationFromOSM="true"><ele>123.9</ele></trkpt>
<trkpt lat="38.212850" lon="127.138450" sectionIndex="0" pointIndex="3226" originalElevation="123.9" isOriginalElevationFromOSM="true"><ele>123.8</ele></trkpt>
<trkpt lat="38.212730" lon="127.138350" sectionIndex="0" pointIndex="3227" originalElevation="123.8" isOriginalElevationFromOSM="true"><ele>123.0</ele></trkpt>
<trkpt lat="38.212610" lon="127.138220" sectionIndex="0" pointIndex="3228" originalElevation="123.6" isOriginalElevationFromOSM="true"><ele>122.2</ele></trkpt>
<trkpt lat="38.211720" lon="127.137120" sectionIndex="0" pointIndex="3229" originalElevation="119.7" isOriginalElevationFromOSM="true"><ele>121.5</ele></trkpt>
<trkpt lat="38.211450" lon="127.136680" sectionIndex="0" pointIndex="3230" originalElevation="119.8" isOriginalElevationFromOSM="true"><ele>121.2</ele></trkpt>
<trkpt lat="38.211000" lon="127.135730" sectionIndex="0" pointIndex="3231" originalElevation="120.7" isOriginalElevationFromOSM="true"><ele>121.1</ele></trkpt>
<trkpt lat="38.210820" lon="127.135440" sectionIndex="0" pointIndex="3232" originalElevation="122.0" isOriginalElevationFromOSM="true"><ele>122.1</ele></trkpt>
<trkpt lat="38.210460" lon="127.135040" sectionIndex="0" pointIndex="3233" originalElevation="123.5" isOriginalElevationFromOSM="true"><ele>123.1</ele></trkpt>
<trkpt lat="38.210250" lon="127.134870" sectionIndex="0" pointIndex="3234" originalElevation="124.5" isOriginalElevationFromOSM="true"><ele>123.7</ele></trkpt>
<trkpt lat="38.210040" lon="127.134730" sectionIndex="0" pointIndex="3235" originalElevation="124.7" isOriginalElevationFromOSM="true"><ele>122.3</ele></trkpt>
<trkpt lat="38.209770" lon="127.134590" sectionIndex="0" pointIndex="3236" originalElevation="123.8" isOriginalElevationFromOSM="true"><ele>120.6</ele></trkpt>
<trkpt lat="38.208240" lon="127.134000" sectionIndex="0" pointIndex="3237" originalElevation="115.3" isOriginalElevationFromOSM="true"><ele>118.4</ele></trkpt>
<trkpt lat="38.206280" lon="127.133280" sectionIndex="0" pointIndex="3238" originalElevation="114.8" isOriginalElevationFromOSM="true"><ele>116.0</ele></trkpt>
<trkpt lat="38.202670" lon="127.131910" sectionIndex="0" pointIndex="3239" originalElevation="113.4" isOriginalElevationFromOSM="true"><ele>113.0</ele></trkpt>
<trkpt lat="38.202460" lon="127.131710" sectionIndex="0" pointIndex="3240" originalElevation="112.5" isOriginalElevationFromOSM="true"><ele>111.9</ele></trkpt>
<trkpt lat="38.201590" lon="127.129750" sectionIndex="0" pointIndex="3241" originalElevation="108.9" isOriginalElevationFromOSM="true"><ele>111.1</ele></trkpt>
<trkpt lat="38.201360" lon="127.128910" sectionIndex="0" pointIndex="3242" originalElevation="109.9" isOriginalElevationFromOSM="true"><ele>109.8</ele></trkpt>
<trkpt lat="38.201350" lon="127.128620" sectionIndex="0" pointIndex="3243" originalElevation="110.6" isOriginalElevationFromOSM="true"><ele>109.0</ele></trkpt>
<trkpt lat="38.201410" lon="127.126650" sectionIndex="0" pointIndex="3244" originalElevation="107.0" isOriginalElevationFromOSM="true"><ele>108.8</ele></trkpt>
<trkpt lat="38.201530" lon="127.124070" sectionIndex="0" pointIndex="3245" originalElevation="108.8" isOriginalElevationFromOSM="true"><ele>108.1</ele></trkpt>
<trkpt lat="38.201540" lon="127.123800" sectionIndex="0" pointIndex="3246" originalElevation="107.5" isOriginalElevationFromOSM="true"><ele>107.2</ele></trkpt>
<trkpt lat="38.201510" lon="127.123510" sectionIndex="0" pointIndex="3247" originalElevation="106.6" isOriginalElevationFromOSM="true"><ele>106.5</ele></trkpt>
<trkpt lat="38.201430" lon="127.123260" sectionIndex="0" pointIndex="3248" originalElevation="106.2" isOriginalElevationFromOSM="true"><ele>105.4</ele></trkpt>
<trkpt lat="38.200900" lon="127.121950" sectionIndex="0" pointIndex="3249" originalElevation="103.4" isOriginalElevationFromOSM="true"><ele>104.6</ele></trkpt>
<trkpt lat="38.200750" lon="127.121650" sectionIndex="0" pointIndex="3250" originalElevation="103.3" isOriginalElevationFromOSM="true"><ele>104.0</ele></trkpt>
<trkpt lat="38.200590" lon="127.121390" sectionIndex="0" pointIndex="3251" originalElevation="103.6" isOriginalElevationFromOSM="true"><ele>103.6</ele></trkpt>
<trkpt lat="38.200430" lon="127.121170" sectionIndex="0" pointIndex="3252" originalElevation="103.8" isOriginalElevationFromOSM="true"><ele>103.5</ele></trkpt>
<trkpt lat="38.200070" lon="127.120800" sectionIndex="0" pointIndex="3253" originalElevation="103.8" isOriginalElevationFromOSM="true"><ele>103.1</ele></trkpt>
<trkpt lat="38.196480" lon="127.117530" sectionIndex="0" pointIndex="3254" originalElevation="103.2" isOriginalElevationFromOSM="true"><ele>102.0</ele></trkpt>
<trkpt lat="38.195210" lon="127.116200" sectionIndex="0" pointIndex="3255" originalElevation="101.0" isOriginalElevationFromOSM="true"><ele>100.6</ele></trkpt>
<trkpt lat="38.191240" lon="127.110860" sectionIndex="0" pointIndex="3256" originalElevation="98.0" isOriginalElevationFromOSM="true"><ele>99.1</ele></trkpt>
<trkpt lat="38.190620" lon="127.110090" sectionIndex="0" pointIndex="3257" originalElevation="97.0" isOriginalElevationFromOSM="true"><ele>97.1</ele></trkpt>
<trkpt lat="38.190460" lon="127.109950" sectionIndex="0" pointIndex="3258" originalElevation="96.5" isOriginalElevationFromOSM="true"><ele>95.5</ele></trkpt>
<trkpt lat="38.183440" lon="127.106790" sectionIndex="0" pointIndex="3259" originalElevation="93.1" isOriginalElevationFromOSM="true"><ele>94.5</ele></trkpt>
<trkpt lat="38.182950" lon="127.106540" sectionIndex="0" pointIndex="3260" originalElevation="92.9" isOriginalElevationFromOSM="true"><ele>93.7</ele></trkpt>
<trkpt lat="38.181660" lon="127.106090" sectionIndex="0" pointIndex="3261" originalElevation="93.0" isOriginalElevationFromOSM="true"><ele>92.8</ele></trkpt>
<trkpt lat="38.181370" lon="127.105970" sectionIndex="0" pointIndex="3262" originalElevation="92.8" isOriginalElevationFromOSM="true"><ele>92.4</ele></trkpt>
<trkpt lat="38.180700" lon="127.105800" sectionIndex="0" pointIndex="3263" originalElevation="92.0" isOriginalElevationFromOSM="true"><ele>91.7</ele></trkpt>
<trkpt lat="38.180550" lon="127.105760" sectionIndex="0" pointIndex="3264" originalElevation="91.2" isOriginalElevationFromOSM="true"><ele>90.9</ele></trkpt>
<trkpt lat="38.180840" lon="127.103900" sectionIndex="0" pointIndex="3265" originalElevation="89.7" isOriginalElevationFromOSM="true"><ele>90.0</ele></trkpt>
<trkpt lat="38.180930" lon="127.103340" sectionIndex="0" pointIndex="3266" originalElevation="89.0" isOriginalElevationFromOSM="true"><ele>89.2</ele></trkpt>
<trkpt lat="38.180930" lon="127.103020" sectionIndex="0" pointIndex="3267" originalElevation="88.3" isOriginalElevationFromOSM="true"><ele>88.4</ele></trkpt>
<trkpt lat="38.180900" lon="127.102910" sectionIndex="0" pointIndex="3268" originalElevation="88.0" isOriginalElevationFromOSM="true"><ele>87.9</ele></trkpt>
<trkpt lat="38.179670" lon="127.102370" sectionIndex="0" pointIndex="3269" originalElevation="87.2" isOriginalElevationFromOSM="true"><ele>87.5</ele></trkpt>
<trkpt lat="38.179120" lon="127.102120" sectionIndex="0" pointIndex="3270" originalElevation="87.2" isOriginalElevationFromOSM="true"><ele>87.3</ele></trkpt>
<trkpt lat="38.178800" lon="127.101920" sectionIndex="0" pointIndex="3271" originalElevation="86.7" isOriginalElevationFromOSM="true"><ele>87.2</ele></trkpt>
<trkpt lat="38.178350" lon="127.101550" sectionIndex="0" pointIndex="3272" originalElevation="87.7" isOriginalElevationFromOSM="true"><ele>87.0</ele></trkpt>
<trkpt lat="38.177190" lon="127.100490" sectionIndex="0" pointIndex="3273" originalElevation="87.1" isOriginalElevationFromOSM="true"><ele>86.9</ele></trkpt>
<trkpt lat="38.175750" lon="127.098950" sectionIndex="0" pointIndex="3274" originalElevation="86.3" isOriginalElevationFromOSM="true"><ele>87.0</ele></trkpt>
<trkpt lat="38.175310" lon="127.098510" sectionIndex="0" pointIndex="3275" originalElevation="86.8" isOriginalElevationFromOSM="true"><ele>86.7</ele></trkpt>
<trkpt lat="38.175100" lon="127.098370" sectionIndex="0" pointIndex="3276" originalElevation="86.9" isOriginalElevationFromOSM="true"><ele>86.5</ele></trkpt>
<trkpt lat="38.174150" lon="127.097920" sectionIndex="0" pointIndex="3277" originalElevation="86.5" isOriginalElevationFromOSM="true"><ele>86.5</ele></trkpt>
<trkpt lat="38.173920" lon="127.097830" sectionIndex="0" pointIndex="3278" originalElevation="86.2" isOriginalElevationFromOSM="true"><ele>86.2</ele></trkpt>
<trkpt lat="38.173630" lon="127.097760" sectionIndex="0" pointIndex="3279" originalElevation="85.9" isOriginalElevationFromOSM="true"><ele>85.8</ele></trkpt>
<trkpt lat="38.173450" lon="127.097750" sectionIndex="0" pointIndex="3280" originalElevation="85.7" isOriginalElevationFromOSM="true"><ele>85.4</ele></trkpt>
<trkpt lat="38.172910" lon="127.097800" sectionIndex="0" pointIndex="3281" originalElevation="84.9" isOriginalElevationFromOSM="true"><ele>85.0</ele></trkpt>
<trkpt lat="38.172500" lon="127.097860" sectionIndex="0" pointIndex="3282" originalElevation="84.3" isOriginalElevationFromOSM="true"><ele>84.7</ele></trkpt>
<trkpt lat="38.172290" lon="127.097940" sectionIndex="0" pointIndex="3283" originalElevation="84.3" isOriginalElevationFromOSM="true"><ele>84.7</ele></trkpt>
<trkpt lat="38.171860" lon="127.098120" sectionIndex="0" pointIndex="3284" originalElevation="84.5" isOriginalElevationFromOSM="true"><ele>84.8</ele></trkpt>
<trkpt lat="38.171460" lon="127.098390" sectionIndex="0" pointIndex="3285" originalElevation="85.3" isOriginalElevationFromOSM="true"><ele>84.8</ele></trkpt>
<trkpt lat="38.171230" lon="127.098600" sectionIndex="0" pointIndex="3286" originalElevation="85.7" isOriginalElevationFromOSM="true"><ele>84.6</ele></trkpt>
<trkpt lat="38.170070" lon="127.099910" sectionIndex="0" pointIndex="3287" originalElevation="84.0" isOriginalElevationFromOSM="true"><ele>84.4</ele></trkpt>
<trkpt lat="38.169810" lon="127.100170" sectionIndex="0" pointIndex="3288" originalElevation="83.6" isOriginalElevationFromOSM="true"><ele>84.0</ele></trkpt>
<trkpt lat="38.169510" lon="127.100430" sectionIndex="0" pointIndex="3289" originalElevation="83.3" isOriginalElevationFromOSM="true"><ele>83.4</ele></trkpt>
<trkpt lat="38.169000" lon="127.100800" sectionIndex="0" pointIndex="3290" originalElevation="83.2" isOriginalElevationFromOSM="true"><ele>83.2</ele></trkpt>
<trkpt lat="38.168180" lon="127.101440" sectionIndex="0" pointIndex="3291" originalElevation="83.1" isOriginalElevationFromOSM="true"><ele>83.1</ele></trkpt>
<trkpt lat="38.167850" lon="127.101670" sectionIndex="0" pointIndex="3292" originalElevation="83.0" isOriginalElevationFromOSM="true"><ele>83.0</ele></trkpt>
<trkpt lat="38.167290" lon="127.101980" sectionIndex="0" pointIndex="3293" originalElevation="82.9" isOriginalElevationFromOSM="true"><ele>82.8</ele></trkpt>
<trkpt lat="38.167130" lon="127.102040" sectionIndex="0" pointIndex="3294" originalElevation="82.6" isOriginalElevationFromOSM="true"><ele>82.7</ele></trkpt>
<trkpt lat="38.167110" lon="127.102070" sectionIndex="0" pointIndex="3295" originalElevation="82.6" isOriginalElevationFromOSM="true"><ele>82.6</ele></trkpt>
<trkpt lat="38.167120" lon="127.102110" sectionIndex="0" pointIndex="3296" originalElevation="82.5" isOriginalElevationFromOSM="true"><ele>82.5</ele></trkpt>
<trkpt lat="38.167150" lon="127.102130" sectionIndex="0" pointIndex="3297" originalElevation="82.5" isOriginalElevationFromOSM="true"><ele>82.6</ele></trkpt>
<trkpt lat="38.167250" lon="127.102170" sectionIndex="0" pointIndex="3298" originalElevation="82.6" isOriginalElevationFromOSM="true"><ele>83.1</ele></trkpt>
<trkpt lat="38.167440" lon="127.102190" sectionIndex="0" pointIndex="3299" originalElevation="82.9" isOriginalElevationFromOSM="true"><ele>83.3</ele></trkpt>
<trkpt lat="38.166770" lon="127.101010" sectionIndex="0" pointIndex="3300" originalElevation="84.8" isOriginalElevationFromOSM="true"><ele>83.4</ele></trkpt>
<trkpt lat="38.166270" lon="127.101120" sectionIndex="0" pointIndex="3301" originalElevation="83.6" isOriginalElevationFromOSM="true"><ele>83.4</ele></trkpt>
<trkpt lat="38.165940" lon="127.101110" sectionIndex="0" pointIndex="3302" originalElevation="83.2" isOriginalElevationFromOSM="true"><ele>83.1</ele></trkpt>
<trkpt lat="38.165500" lon="127.101020" sectionIndex="0" pointIndex="3303" originalElevation="82.3" isOriginalElevationFromOSM="true"><ele>82.4</ele></trkpt>
<trkpt lat="38.165150" lon="127.100830" sectionIndex="0" pointIndex="3304" originalElevation="81.5" isOriginalElevationFromOSM="true"><ele>82.0</ele></trkpt>
<trkpt lat="38.164960" lon="127.100680" sectionIndex="0" pointIndex="3305" originalElevation="81.2" isOriginalElevationFromOSM="true"><ele>81.8</ele></trkpt>
<trkpt lat="38.164800" lon="127.100480" sectionIndex="0" pointIndex="3306" originalElevation="81.6" isOriginalElevationFromOSM="true"><ele>81.2</ele></trkpt>
<trkpt lat="38.164450" lon="127.099920" sectionIndex="0" pointIndex="3307" originalElevation="82.4" isOriginalElevationFromOSM="true"><ele>81.2</ele></trkpt>
<trkpt lat="38.163980" lon="127.099060" sectionIndex="0" pointIndex="3308" originalElevation="79.3" isOriginalElevationFromOSM="true"><ele>80.7</ele></trkpt>
<trkpt lat="38.163520" lon="127.098250" sectionIndex="0" pointIndex="3309" originalElevation="81.3" isOriginalElevationFromOSM="true"><ele>80.1</ele></trkpt>
<trkpt lat="38.162530" lon="127.096620" sectionIndex="0" pointIndex="3310" originalElevation="79.1" isOriginalElevationFromOSM="true"><ele>79.3</ele></trkpt>
<trkpt lat="38.162360" lon="127.096380" sectionIndex="0" pointIndex="3311" originalElevation="78.6" isOriginalElevationFromOSM="true"><ele>79.1</ele></trkpt>
<trkpt lat="38.162070" lon="127.096020" sectionIndex="0" pointIndex="3312" originalElevation="78.3" isOriginalElevationFromOSM="true"><ele>78.7</ele></trkpt>
<trkpt lat="38.161820" lon="127.095770" sectionIndex="0" pointIndex="3313" originalElevation="78.4" isOriginalElevationFromOSM="true"><ele>78.8</ele></trkpt>
<trkpt lat="38.161370" lon="127.095420" sectionIndex="0" pointIndex="3314" originalElevation="79.1" isOriginalElevationFromOSM="true"><ele>78.7</ele></trkpt>
<trkpt lat="38.161110" lon="127.095260" sectionIndex="0" pointIndex="3315" originalElevation="79.4" isOriginalElevationFromOSM="true"><ele>78.7</ele></trkpt>
<trkpt lat="38.160040" lon="127.094920" sectionIndex="0" pointIndex="3316" originalElevation="78.4" isOriginalElevationFromOSM="true"><ele>78.7</ele></trkpt>
<trkpt lat="38.159720" lon="127.094810" sectionIndex="0" pointIndex="3317" originalElevation="78.3" isOriginalElevationFromOSM="true"><ele>78.5</ele></trkpt>
<trkpt lat="38.159510" lon="127.094710" sectionIndex="0" pointIndex="3318" originalElevation="78.2" isOriginalElevationFromOSM="true"><ele>78.1</ele></trkpt>
<trkpt lat="38.157940" lon="127.093690" sectionIndex="0" pointIndex="3319" originalElevation="78.0" isOriginalElevationFromOSM="true"><ele>78.3</ele></trkpt>
<trkpt lat="38.157230" lon="127.093240" sectionIndex="0" pointIndex="3320" originalElevation="77.8" isOriginalElevationFromOSM="true"><ele>78.7</ele></trkpt>
<trkpt lat="38.156310" lon="127.092710" sectionIndex="0" pointIndex="3321" originalElevation="79.0" isOriginalElevationFromOSM="true"><ele>79.4</ele></trkpt>
<trkpt lat="38.156080" lon="127.092610" sectionIndex="0" pointIndex="3322" originalElevation="80.3" isOriginalElevationFromOSM="true"><ele>81.0</ele></trkpt>
<trkpt lat="38.155790" lon="127.092560" sectionIndex="0" pointIndex="3323" originalElevation="82.0" isOriginalElevationFromOSM="true"><ele>83.6</ele></trkpt>
<trkpt lat="38.155360" lon="127.092580" sectionIndex="0" pointIndex="3324" originalElevation="85.7" isOriginalElevationFromOSM="true"><ele>84.8</ele></trkpt>
<trkpt lat="38.154300" lon="127.092910" sectionIndex="0" pointIndex="3325" originalElevation="91.2" isOriginalElevationFromOSM="true"><ele>85.9</ele></trkpt>
<trkpt lat="38.152820" lon="127.093350" sectionIndex="0" pointIndex="3326" originalElevation="85.0" isOriginalElevationFromOSM="true"><ele>87.2</ele></trkpt>
<trkpt lat="38.152630" lon="127.093420" sectionIndex="0" pointIndex="3327" originalElevation="85.8" isOriginalElevationFromOSM="true"><ele>87.0</ele></trkpt>
<trkpt lat="38.152180" lon="127.093680" sectionIndex="0" pointIndex="3328" originalElevation="88.3" isOriginalElevationFromOSM="true"><ele>85.8</ele></trkpt>
<trkpt lat="38.150750" lon="127.094670" sectionIndex="0" pointIndex="3329" originalElevation="84.9" isOriginalElevationFromOSM="true"><ele>86.0</ele></trkpt>
<trkpt lat="38.150450" lon="127.094850" sectionIndex="0" pointIndex="3330" originalElevation="84.8" isOriginalElevationFromOSM="true"><ele>85.8</ele></trkpt>
<trkpt lat="38.150130" lon="127.095000" sectionIndex="0" pointIndex="3331" originalElevation="86.3" isOriginalElevationFromOSM="true"><ele>84.7</ele></trkpt>
<trkpt lat="38.149980" lon="127.095050" sectionIndex="0" pointIndex="3332" originalElevation="84.6" isOriginalElevationFromOSM="true"><ele>83.9</ele></trkpt>
<trkpt lat="38.149300" lon="127.095280" sectionIndex="0" pointIndex="3333" originalElevation="82.9" isOriginalElevationFromOSM="true"><ele>82.6</ele></trkpt>
<trkpt lat="38.148920" lon="127.095350" sectionIndex="0" pointIndex="3334" originalElevation="80.9" isOriginalElevationFromOSM="true"><ele>80.9</ele></trkpt>
<trkpt lat="38.148270" lon="127.095410" sectionIndex="0" pointIndex="3335" originalElevation="78.4" isOriginalElevationFromOSM="true"><ele>79.5</ele></trkpt>
<trkpt lat="38.147690" lon="127.095370" sectionIndex="0" pointIndex="3336" originalElevation="77.7" isOriginalElevationFromOSM="true"><ele>78.5</ele></trkpt>
<trkpt lat="38.147520" lon="127.095370" sectionIndex="0" pointIndex="3337" originalElevation="77.5" isOriginalElevationFromOSM="true"><ele>78.0</ele></trkpt>
<trkpt lat="38.147290" lon="127.095280" sectionIndex="0" pointIndex="3338" originalElevation="78.0" isOriginalElevationFromOSM="true"><ele>78.0</ele></trkpt>
<trkpt lat="38.146090" lon="127.094860" sectionIndex="0" pointIndex="3339" originalElevation="78.6" isOriginalElevationFromOSM="true"><ele>78.0</ele></trkpt>
<trkpt lat="38.145830" lon="127.094720" sectionIndex="0" pointIndex="3340" originalElevation="78.0" isOriginalElevationFromOSM="true"><ele>78.0</ele></trkpt>
<trkpt lat="38.145590" lon="127.094500" sectionIndex="0" pointIndex="3341" originalElevation="77.7" isOriginalElevationFromOSM="true"><ele>77.8</ele></trkpt>
<trkpt lat="38.145040" lon="127.093790" sectionIndex="0" pointIndex="3342" originalElevation="77.5" isOriginalElevationFromOSM="true"><ele>77.6</ele></trkpt>
<trkpt lat="38.144440" lon="127.093020" sectionIndex="0" pointIndex="3343" originalElevation="77.2" isOriginalElevationFromOSM="true"><ele>76.6</ele></trkpt>
<trkpt lat="38.143730" lon="127.092000" sectionIndex="0" pointIndex="3344" originalElevation="77.5" isOriginalElevationFromOSM="true"><ele>75.5</ele></trkpt>
<trkpt lat="38.140020" lon="127.087020" sectionIndex="0" pointIndex="3345" originalElevation="73.3" isOriginalElevationFromOSM="true"><ele>74.4</ele></trkpt>
<trkpt lat="38.138590" lon="127.085130" sectionIndex="0" pointIndex="3346" originalElevation="72.0" isOriginalElevationFromOSM="true"><ele>73.4</ele></trkpt>
<trkpt lat="38.136650" lon="127.082470" sectionIndex="0" pointIndex="3347" originalElevation="72.0" isOriginalElevationFromOSM="true"><ele>72.4</ele></trkpt>
<trkpt lat="38.136340" lon="127.082030" sectionIndex="0" pointIndex="3348" originalElevation="72.2" isOriginalElevationFromOSM="true"><ele>72.4</ele></trkpt>
<trkpt lat="38.135690" lon="127.081230" sectionIndex="0" pointIndex="3349" originalElevation="72.5" isOriginalElevationFromOSM="true"><ele>72.3</ele></trkpt>
<trkpt lat="38.134960" lon="127.080500" sectionIndex="0" pointIndex="3350" originalElevation="73.5" isOriginalElevationFromOSM="true"><ele>72.1</ele></trkpt>
<trkpt lat="38.134180" lon="127.079870" sectionIndex="0" pointIndex="3351" originalElevation="71.2" isOriginalElevationFromOSM="true"><ele>71.5</ele></trkpt>
<trkpt lat="38.133360" lon="127.079240" sectionIndex="0" pointIndex="3352" originalElevation="71.0" isOriginalElevationFromOSM="true"><ele>71.3</ele></trkpt>
<trkpt lat="38.130290" lon="127.076990" sectionIndex="0" pointIndex="3353" originalElevation="69.5" isOriginalElevationFromOSM="true"><ele>70.8</ele></trkpt>
<trkpt lat="38.129910" lon="127.076750" sectionIndex="0" pointIndex="3354" originalElevation="71.6" isOriginalElevationFromOSM="true"><ele>70.7</ele></trkpt>
<trkpt lat="38.128820" lon="127.076160" sectionIndex="0" pointIndex="3355" originalElevation="70.7" isOriginalElevationFromOSM="true"><ele>70.7</ele></trkpt>
<trkpt lat="38.128270" lon="127.075930" sectionIndex="0" pointIndex="3356" originalElevation="70.7" isOriginalElevationFromOSM="true"><ele>72.2</ele></trkpt>
<trkpt lat="38.126660" lon="127.075840" sectionIndex="0" pointIndex="3357" originalElevation="71.0" isOriginalElevationFromOSM="true"><ele>72.8</ele></trkpt>
<trkpt lat="38.125460" lon="127.076060" sectionIndex="0" pointIndex="3358" originalElevation="76.9" isOriginalElevationFromOSM="true"><ele>72.8</ele></trkpt>
<trkpt lat="38.124470" lon="127.076360" sectionIndex="0" pointIndex="3359" originalElevation="74.8" isOriginalElevationFromOSM="true"><ele>72.5</ele></trkpt>
<trkpt lat="38.123820" lon="127.076460" sectionIndex="0" pointIndex="3360" originalElevation="70.9" isOriginalElevationFromOSM="true"><ele>71.8</ele></trkpt>
<trkpt lat="38.123240" lon="127.076510" sectionIndex="0" pointIndex="3361" originalElevation="68.8" isOriginalElevationFromOSM="true"><ele>69.9</ele></trkpt>
<trkpt lat="38.122740" lon="127.076530" sectionIndex="0" pointIndex="3362" originalElevation="67.7" isOriginalElevationFromOSM="true"><ele>68.2</ele></trkpt>
<trkpt lat="38.122390" lon="127.076520" sectionIndex="0" pointIndex="3363" originalElevation="67.2" isOriginalElevationFromOSM="true"><ele>68.3</ele></trkpt>
<trkpt lat="38.121830" lon="127.076470" sectionIndex="0" pointIndex="3364" originalElevation="66.5" isOriginalElevationFromOSM="true"><ele>68.8</ele></trkpt>
<trkpt lat="38.120770" lon="127.076220" sectionIndex="0" pointIndex="3365" originalElevation="71.1" isOriginalElevationFromOSM="true"><ele>70.2</ele></trkpt>
<trkpt lat="38.120470" lon="127.076130" sectionIndex="0" pointIndex="3366" originalElevation="71.7" isOriginalElevationFromOSM="true"><ele>70.0</ele></trkpt>
<trkpt lat="38.120040" lon="127.075950" sectionIndex="0" pointIndex="3367" originalElevation="74.6" isOriginalElevationFromOSM="true"><ele>70.0</ele></trkpt>
<trkpt lat="38.118000" lon="127.075010" sectionIndex="0" pointIndex="3368" originalElevation="66.2" isOriginalElevationFromOSM="true"><ele>69.0</ele></trkpt>
<trkpt lat="38.117760" lon="127.074940" sectionIndex="0" pointIndex="3369" originalElevation="66.3" isOriginalElevationFromOSM="true"><ele>67.5</ele></trkpt>
<trkpt lat="38.117450" lon="127.074870" sectionIndex="0" pointIndex="3370" originalElevation="66.4" isOriginalElevationFromOSM="true"><ele>65.4</ele></trkpt>
<trkpt lat="38.115330" lon="127.074620" sectionIndex="0" pointIndex="3371" originalElevation="64.1" isOriginalElevationFromOSM="true"><ele>65.4</ele></trkpt>
<trkpt lat="38.115010" lon="127.074640" sectionIndex="0" pointIndex="3372" originalElevation="64.0" isOriginalElevationFromOSM="true"><ele>64.8</ele></trkpt>
<trkpt lat="38.113690" lon="127.074880" sectionIndex="0" pointIndex="3373" originalElevation="66.3" isOriginalElevationFromOSM="true"><ele>64.5</ele></trkpt>
<trkpt lat="38.112680" lon="127.074970" sectionIndex="0" pointIndex="3374" originalElevation="63.5" isOriginalElevationFromOSM="true"><ele>64.6</ele></trkpt>
<trkpt lat="38.109600" lon="127.075340" sectionIndex="0" pointIndex="3375" originalElevation="64.6" isOriginalElevationFromOSM="true"><ele>64.6</ele></trkpt>
<trkpt lat="38.106900" lon="127.075670" sectionIndex="0" pointIndex="3376" originalElevation="64.6" isOriginalElevationFromOSM="true"><ele>64.1</ele></trkpt>
<trkpt lat="38.105700" lon="127.075770" sectionIndex="0" pointIndex="3377" originalElevation="63.9" isOriginalElevationFromOSM="true"><ele>63.7</ele></trkpt>
<trkpt lat="38.104470" lon="127.075550" sectionIndex="0" pointIndex="3378" originalElevation="63.8" isOriginalElevationFromOSM="true"><ele>63.1</ele></trkpt>
<trkpt lat="38.102460" lon="127.075150" sectionIndex="0" pointIndex="3379" originalElevation="61.8" isOriginalElevationFromOSM="true"><ele>62.3</ele></trkpt>
<trkpt lat="38.101480" lon="127.074940" sectionIndex="0" pointIndex="3380" originalElevation="61.6" isOriginalElevationFromOSM="true"><ele>61.3</ele></trkpt>
<trkpt lat="38.095570" lon="127.073940" sectionIndex="0" pointIndex="3381" originalElevation="60.4" isOriginalElevationFromOSM="true"><ele>60.2</ele></trkpt>
<trkpt lat="38.091740" lon="127.073270" sectionIndex="0" pointIndex="3382" originalElevation="59.0" isOriginalElevationFromOSM="true"><ele>59.3</ele></trkpt>
<trkpt lat="38.090980" lon="127.072750" sectionIndex="0" pointIndex="3383" originalElevation="58.0" isOriginalElevationFromOSM="true"><ele>58.8</ele></trkpt>
<trkpt lat="38.089900" lon="127.072150" sectionIndex="0" pointIndex="3384" originalElevation="57.4" isOriginalElevationFromOSM="true"><ele>59.0</ele></trkpt>
<trkpt lat="38.089500" lon="127.071900" sectionIndex="0" pointIndex="3385" originalElevation="59.4" isOriginalElevationFromOSM="true"><ele>59.4</ele></trkpt>
<trkpt lat="38.089200" lon="127.071790" sectionIndex="0" pointIndex="3386" originalElevation="61.0" isOriginalElevationFromOSM="true"><ele>60.0</ele></trkpt>
<trkpt lat="38.088960" lon="127.071750" sectionIndex="0" pointIndex="3387" originalElevation="61.1" isOriginalElevationFromOSM="true"><ele>60.5</ele></trkpt>
<trkpt lat="38.088710" lon="127.071740" sectionIndex="0" pointIndex="3388" originalElevation="60.9" isOriginalElevationFromOSM="true"><ele>60.4</ele></trkpt>
<trkpt lat="38.088290" lon="127.071780" sectionIndex="0" pointIndex="3389" originalElevation="60.0" isOriginalElevationFromOSM="true"><ele>60.0</ele></trkpt>
<trkpt lat="38.087340" lon="127.071800" sectionIndex="0" pointIndex="3390" originalElevation="59.2" isOriginalElevationFromOSM="true"><ele>59.5</ele></trkpt>
<trkpt lat="38.087270" lon="127.071780" sectionIndex="0" pointIndex="3391" originalElevation="58.8" isOriginalElevationFromOSM="true"><ele>59.0</ele></trkpt>
<trkpt lat="38.087220" lon="127.071740" sectionIndex="0" pointIndex="3392" originalElevation="58.5" isOriginalElevationFromOSM="true"><ele>58.7</ele></trkpt>
<trkpt lat="38.087080" lon="127.071460" sectionIndex="0" pointIndex="3393" originalElevation="58.7" isOriginalElevationFromOSM="true"><ele>58.4</ele></trkpt>
<trkpt lat="38.086970" lon="127.071350" sectionIndex="0" pointIndex="3394" originalElevation="58.5" isOriginalElevationFromOSM="true"><ele>58.6</ele></trkpt>
<trkpt lat="38.086430" lon="127.071000" sectionIndex="0" pointIndex="3395" originalElevation="57.3" isOriginalElevationFromOSM="true"><ele>59.9</ele></trkpt>
<trkpt lat="38.085850" lon="127.070620" sectionIndex="0" pointIndex="3396" originalElevation="60.1" isOriginalElevationFromOSM="true"><ele>62.8</ele></trkpt>
<trkpt lat="38.085090" lon="127.070000" sectionIndex="0" pointIndex="3397" originalElevation="64.8" isOriginalElevationFromOSM="true"><ele>66.2</ele></trkpt>
<trkpt lat="38.084350" lon="127.069590" sectionIndex="0" pointIndex="3398" originalElevation="73.1" isOriginalElevationFromOSM="true"><ele>69.5</ele></trkpt>
<trkpt lat="38.083890" lon="127.069390" sectionIndex="0" pointIndex="3399" originalElevation="75.6" isOriginalElevationFromOSM="true"><ele>72.1</ele></trkpt>
<trkpt lat="38.083680" lon="127.069340" sectionIndex="0" pointIndex="3400" originalElevation="74.2" isOriginalElevationFromOSM="true"><ele>73.6</ele></trkpt>
<trkpt lat="38.082980" lon="127.069190" sectionIndex="0" pointIndex="3401" originalElevation="72.8" isOriginalElevationFromOSM="true"><ele>72.6</ele></trkpt>
<trkpt lat="38.082520" lon="127.069120" sectionIndex="0" pointIndex="3402" originalElevation="72.2" isOriginalElevationFromOSM="true"><ele>70.9</ele></trkpt>
<trkpt lat="38.081570" lon="127.069110" sectionIndex="0" pointIndex="3403" originalElevation="68.4" isOriginalElevationFromOSM="true"><ele>69.3</ele></trkpt>
<trkpt lat="38.081310" lon="127.069090" sectionIndex="0" pointIndex="3404" originalElevation="66.8" isOriginalElevationFromOSM="true"><ele>68.3</ele></trkpt>
<trkpt lat="38.081130" lon="127.069050" sectionIndex="0" pointIndex="3405" originalElevation="66.5" isOriginalElevationFromOSM="true"><ele>66.8</ele></trkpt>
<trkpt lat="38.080700" lon="127.068890" sectionIndex="0" pointIndex="3406" originalElevation="67.5" isOriginalElevationFromOSM="true"><ele>65.1</ele></trkpt>
<trkpt lat="38.079560" lon="127.068320" sectionIndex="0" pointIndex="3407" originalElevation="64.8" isOriginalElevationFromOSM="true"><ele>64.4</ele></trkpt>
<trkpt lat="38.078670" lon="127.067930" sectionIndex="0" pointIndex="3408" originalElevation="59.7" isOriginalElevationFromOSM="true"><ele>64.8</ele></trkpt>
<trkpt lat="38.078040" lon="127.067740" sectionIndex="0" pointIndex="3409" originalElevation="63.5" isOriginalElevationFromOSM="true"><ele>65.0</ele></trkpt>
<trkpt lat="38.076370" lon="127.067450" sectionIndex="0" pointIndex="3410" originalElevation="68.6" isOriginalElevationFromOSM="true"><ele>65.7</ele></trkpt>
<trkpt lat="38.076090" lon="127.067390" sectionIndex="0" pointIndex="3411" originalElevation="68.4" isOriginalElevationFromOSM="true"><ele>68.7</ele></trkpt>
<trkpt lat="38.075890" lon="127.067330" sectionIndex="0" pointIndex="3412" originalElevation="68.2" isOriginalElevationFromOSM="true"><ele>71.3</ele></trkpt>
<trkpt lat="38.075440" lon="127.067090" sectionIndex="0" pointIndex="3413" originalElevation="75.0" isOriginalElevationFromOSM="true"><ele>73.4</ele></trkpt>
<trkpt lat="38.075230" lon="127.067070" sectionIndex="0" pointIndex="3414" originalElevation="76.3" isOriginalElevationFromOSM="true"><ele>76.0</ele></trkpt>
<trkpt lat="38.074640" lon="127.067070" sectionIndex="0" pointIndex="3415" originalElevation="79.3" isOriginalElevationFromOSM="true"><ele>79.0</ele></trkpt>
<trkpt lat="38.074470" lon="127.067020" sectionIndex="0" pointIndex="3416" originalElevation="81.4" isOriginalElevationFromOSM="true"><ele>81.3</ele></trkpt>
<trkpt lat="38.074350" lon="127.066980" sectionIndex="0" pointIndex="3417" originalElevation="83.1" isOriginalElevationFromOSM="true"><ele>83.8</ele></trkpt>
<trkpt lat="38.073990" lon="127.066800" sectionIndex="0" pointIndex="3418" originalElevation="86.2" isOriginalElevationFromOSM="true"><ele>86.3</ele></trkpt>
<trkpt lat="38.072800" lon="127.066040" sectionIndex="0" pointIndex="3419" originalElevation="88.9" isOriginalElevationFromOSM="true"><ele>88.0</ele></trkpt>
<trkpt lat="38.071730" lon="127.065560" sectionIndex="0" pointIndex="3420" originalElevation="92.1" isOriginalElevationFromOSM="true"><ele>87.5</ele></trkpt>
<trkpt lat="38.071360" lon="127.065440" sectionIndex="0" pointIndex="3421" originalElevation="89.5" isOriginalElevationFromOSM="true"><ele>86.1</ele></trkpt>
<trkpt lat="38.070830" lon="127.065410" sectionIndex="0" pointIndex="3422" originalElevation="81.0" isOriginalElevationFromOSM="true"><ele>83.7</ele></trkpt>
<trkpt lat="38.070470" lon="127.065350" sectionIndex="0" pointIndex="3423" originalElevation="79.1" isOriginalElevationFromOSM="true"><ele>80.0</ele></trkpt>
<trkpt lat="38.069980" lon="127.065160" sectionIndex="0" pointIndex="3424" originalElevation="76.9" isOriginalElevationFromOSM="true"><ele>77.0</ele></trkpt>
<trkpt lat="38.067780" lon="127.064050" sectionIndex="0" pointIndex="3425" originalElevation="73.3" isOriginalElevationFromOSM="true"><ele>75.6</ele></trkpt>
<trkpt lat="38.067280" lon="127.063730" sectionIndex="0" pointIndex="3426" originalElevation="74.9" isOriginalElevationFromOSM="true"><ele>75.7</ele></trkpt>
<trkpt lat="38.066470" lon="127.063110" sectionIndex="0" pointIndex="3427" originalElevation="73.8" isOriginalElevationFromOSM="true"><ele>76.2</ele></trkpt>
<trkpt lat="38.063980" lon="127.060950" sectionIndex="0" pointIndex="3428" originalElevation="79.8" isOriginalElevationFromOSM="true"><ele>77.9</ele></trkpt>
<trkpt lat="38.063780" lon="127.060770" sectionIndex="0" pointIndex="3429" originalElevation="79.1" isOriginalElevationFromOSM="true"><ele>78.7</ele></trkpt>
<trkpt lat="38.063400" lon="127.060240" sectionIndex="0" pointIndex="3430" originalElevation="81.8" isOriginalElevationFromOSM="true"><ele>79.7</ele></trkpt>
<trkpt lat="38.062730" lon="127.059390" sectionIndex="0" pointIndex="3431" originalElevation="79.0" isOriginalElevationFromOSM="true"><ele>78.4</ele></trkpt>
<trkpt lat="38.062640" lon="127.059300" sectionIndex="0" pointIndex="3432" originalElevation="78.9" isOriginalElevationFromOSM="true"><ele>76.6</ele></trkpt>
<trkpt lat="38.062310" lon="127.059100" sectionIndex="0" pointIndex="3433" originalElevation="73.4" isOriginalElevationFromOSM="true"><ele>73.8</ele></trkpt>
<trkpt lat="38.062190" lon="127.059010" sectionIndex="0" pointIndex="3434" originalElevation="69.8" isOriginalElevationFromOSM="true"><ele>71.5</ele></trkpt>
<trkpt lat="38.062130" lon="127.058870" sectionIndex="0" pointIndex="3435" originalElevation="68.0" isOriginalElevationFromOSM="true"><ele>69.4</ele></trkpt>
<trkpt lat="38.062130" lon="127.058750" sectionIndex="0" pointIndex="3436" originalElevation="67.6" isOriginalElevationFromOSM="true"><ele>68.7</ele></trkpt>
<trkpt lat="38.062170" lon="127.058650" sectionIndex="0" pointIndex="3437" originalElevation="68.1" isOriginalElevationFromOSM="true"><ele>69.7</ele></trkpt>
<trkpt lat="38.062270" lon="127.058570" sectionIndex="0" pointIndex="3438" originalElevation="69.9" isOriginalElevationFromOSM="true"><ele>71.1</ele></trkpt>
<trkpt lat="38.062650" lon="127.058440" sectionIndex="0" pointIndex="3439" originalElevation="74.8" isOriginalElevationFromOSM="true"><ele>72.7</ele></trkpt>
<trkpt lat="38.062730" lon="127.058350" sectionIndex="0" pointIndex="3440" originalElevation="75.0" isOriginalElevationFromOSM="true"><ele>74.2</ele></trkpt>
<trkpt lat="38.062790" lon="127.058210" sectionIndex="0" pointIndex="3441" originalElevation="75.5" isOriginalElevationFromOSM="true"><ele>75.2</ele></trkpt>
<trkpt lat="38.062820" lon="127.058050" sectionIndex="0" pointIndex="3442" originalElevation="75.6" isOriginalElevationFromOSM="true"><ele>75.2</ele></trkpt>
<trkpt lat="38.062810" lon="127.057910" sectionIndex="0" pointIndex="3443" originalElevation="75.3" isOriginalElevationFromOSM="true"><ele>75.5</ele></trkpt>
<trkpt lat="38.062630" lon="127.057420" sectionIndex="0" pointIndex="3444" originalElevation="74.8" isOriginalElevationFromOSM="true"><ele>75.9</ele></trkpt>
<trkpt lat="38.062530" lon="127.057250" sectionIndex="0" pointIndex="3445" originalElevation="76.4" isOriginalElevationFromOSM="true"><ele>76.3</ele></trkpt>
<trkpt lat="38.062340" lon="127.057130" sectionIndex="0" pointIndex="3446" originalElevation="77.4" isOriginalElevationFromOSM="true"><ele>76.4</ele></trkpt>
<trkpt lat="38.061270" lon="127.056780" sectionIndex="0" pointIndex="3447" originalElevation="77.4" isOriginalElevationFromOSM="true"><ele>77.1</ele></trkpt>
<trkpt lat="38.060720" lon="127.056680" sectionIndex="0" pointIndex="3448" originalElevation="76.1" isOriginalElevationFromOSM="true"><ele>77.5</ele></trkpt>
<trkpt lat="38.059990" lon="127.056640" sectionIndex="0" pointIndex="3449" originalElevation="78.2" isOriginalElevationFromOSM="true"><ele>77.8</ele></trkpt>
<trkpt lat="38.059830" lon="127.056610" sectionIndex="0" pointIndex="3450" originalElevation="78.5" isOriginalElevationFromOSM="true"><ele>78.3</ele></trkpt>
<trkpt lat="38.059680" lon="127.056540" sectionIndex="0" pointIndex="3451" originalElevation="79.0" isOriginalElevationFromOSM="true"><ele>79.1</ele></trkpt>
<trkpt lat="38.059530" lon="127.056430" sectionIndex="0" pointIndex="3452" originalElevation="79.6" isOriginalElevationFromOSM="true"><ele>79.6</ele></trkpt>
<trkpt lat="38.059400" lon="127.056240" sectionIndex="0" pointIndex="3453" originalElevation="80.3" isOriginalElevationFromOSM="true"><ele>80.1</ele></trkpt>
<trkpt lat="38.059330" lon="127.056100" sectionIndex="0" pointIndex="3454" originalElevation="80.7" isOriginalElevationFromOSM="true"><ele>80.1</ele></trkpt>
<trkpt lat="38.059130" lon="127.055020" sectionIndex="0" pointIndex="3455" originalElevation="80.9" isOriginalElevationFromOSM="true"><ele>79.9</ele></trkpt>
<trkpt lat="38.059140" lon="127.054790" sectionIndex="0" pointIndex="3456" originalElevation="79.2" isOriginalElevationFromOSM="true"><ele>79.4</ele></trkpt>
<trkpt lat="38.059220" lon="127.054540" sectionIndex="0" pointIndex="3457" originalElevation="78.2" isOriginalElevationFromOSM="true"><ele>79.0</ele></trkpt>
<trkpt lat="38.059390" lon="127.054260" sectionIndex="0" pointIndex="3458" originalElevation="78.2" isOriginalElevationFromOSM="true"><ele>78.4</ele></trkpt>
<trkpt lat="38.059560" lon="127.054060" sectionIndex="0" pointIndex="3459" originalElevation="78.5" isOriginalElevationFromOSM="true"><ele>77.2</ele></trkpt>
<trkpt lat="38.059630" lon="127.053950" sectionIndex="0" pointIndex="3460" originalElevation="78.1" isOriginalElevationFromOSM="true"><ele>75.1</ele></trkpt>
<trkpt lat="38.060000" lon="127.053000" sectionIndex="0" pointIndex="3461" originalElevation="73.0" isOriginalElevationFromOSM="true"><ele>72.9</ele></trkpt>
<trkpt lat="38.060130" lon="127.052690" sectionIndex="0" pointIndex="3462" originalElevation="67.9" isOriginalElevationFromOSM="true"><ele>70.5</ele></trkpt>
<trkpt lat="38.060140" lon="127.052520" sectionIndex="0" pointIndex="3463" originalElevation="66.9" isOriginalElevationFromOSM="true"><ele>68.6</ele></trkpt>
<trkpt lat="38.060120" lon="127.052370" sectionIndex="0" pointIndex="3464" originalElevation="66.8" isOriginalElevationFromOSM="true"><ele>67.7</ele></trkpt>
<trkpt lat="38.059910" lon="127.051630" sectionIndex="0" pointIndex="3465" originalElevation="68.4" isOriginalElevationFromOSM="true"><ele>68.0</ele></trkpt>
<trkpt lat="38.059630" lon="127.051730" sectionIndex="0" pointIndex="3466" originalElevation="68.6" isOriginalElevationFromOSM="true"><ele>69.4</ele></trkpt>
<trkpt lat="38.059250" lon="127.051730" sectionIndex="0" pointIndex="3467" originalElevation="69.5" isOriginalElevationFromOSM="true"><ele>70.9</ele></trkpt>
<trkpt lat="38.058470" lon="127.051410" sectionIndex="0" pointIndex="3468" originalElevation="73.9" isOriginalElevationFromOSM="true"><ele>72.0</ele></trkpt>
<trkpt lat="38.058380" lon="127.051410" sectionIndex="0" pointIndex="3469" originalElevation="74.3" isOriginalElevationFromOSM="true"><ele>72.8</ele></trkpt>
<trkpt lat="38.057730" lon="127.051160" sectionIndex="0" pointIndex="3470" originalElevation="73.6" isOriginalElevationFromOSM="true"><ele>73.5</ele></trkpt>
<trkpt lat="38.057470" lon="127.050980" sectionIndex="0" pointIndex="3471" originalElevation="72.8" isOriginalElevationFromOSM="true"><ele>73.4</ele></trkpt>
<trkpt lat="38.057170" lon="127.050750" sectionIndex="0" pointIndex="3472" originalElevation="72.9" isOriginalElevationFromOSM="true"><ele>73.9</ele></trkpt>
<trkpt lat="38.056810" lon="127.050380" sectionIndex="0" pointIndex="3473" originalElevation="73.4" isOriginalElevationFromOSM="true"><ele>75.3</ele></trkpt>
<trkpt lat="38.055620" lon="127.049840" sectionIndex="0" pointIndex="3474" originalElevation="77.0" isOriginalElevationFromOSM="true"><ele>80.9</ele></trkpt>
<trkpt lat="38.055310" lon="127.049680" sectionIndex="0" pointIndex="3475" originalElevation="80.5" isOriginalElevationFromOSM="true"><ele>87.0</ele></trkpt>
<trkpt lat="38.052860" lon="127.046900" sectionIndex="0" pointIndex="3476" originalElevation="100.8" isOriginalElevationFromOSM="true"><ele>94.6</ele></trkpt>
<trkpt lat="38.052670" lon="127.046460" sectionIndex="0" pointIndex="3477" originalElevation="103.5" isOriginalElevationFromOSM="true"><ele>101.6</ele></trkpt>
<trkpt lat="38.052070" lon="127.045480" sectionIndex="0" pointIndex="3478" originalElevation="111.3" isOriginalElevationFromOSM="true"><ele>109.1</ele></trkpt>
<trkpt lat="38.052040" lon="127.045210" sectionIndex="0" pointIndex="3479" originalElevation="111.7" isOriginalElevationFromOSM="true"><ele>113.0</ele></trkpt>
<trkpt lat="38.052210" lon="127.044430" sectionIndex="0" pointIndex="3480" originalElevation="118.1" isOriginalElevationFromOSM="true"><ele>116.2</ele></trkpt>
<trkpt lat="38.052160" lon="127.044140" sectionIndex="0" pointIndex="3481" originalElevation="120.5" isOriginalElevationFromOSM="true"><ele>117.1</ele></trkpt>
<trkpt lat="38.052050" lon="127.043900" sectionIndex="0" pointIndex="3482" originalElevation="119.4" isOriginalElevationFromOSM="true"><ele>117.0</ele></trkpt>
<trkpt lat="38.051820" lon="127.043720" sectionIndex="0" pointIndex="3483" originalElevation="116.0" isOriginalElevationFromOSM="true"><ele>111.8</ele></trkpt>
<trkpt lat="38.051530" lon="127.043630" sectionIndex="0" pointIndex="3484" originalElevation="111.3" isOriginalElevationFromOSM="true"><ele>105.6</ele></trkpt>
<trkpt lat="38.050340" lon="127.043630" sectionIndex="0" pointIndex="3485" originalElevation="91.7" isOriginalElevationFromOSM="true"><ele>94.3</ele></trkpt>
<trkpt lat="38.050180" lon="127.043530" sectionIndex="0" pointIndex="3486" originalElevation="89.7" isOriginalElevationFromOSM="true"><ele>82.5</ele></trkpt>
<trkpt lat="38.048530" lon="127.042180" sectionIndex="0" pointIndex="3487" originalElevation="63.0" isOriginalElevationFromOSM="true"><ele>71.4</ele></trkpt>
<trkpt lat="38.049160" lon="127.040750" sectionIndex="0" pointIndex="3488" originalElevation="56.9" isOriginalElevationFromOSM="true"><ele>64.2</ele></trkpt>
<trkpt lat="38.049890" lon="127.038400" sectionIndex="0" pointIndex="3489" originalElevation="55.5" isOriginalElevationFromOSM="true"><ele>57.5</ele></trkpt>
<trkpt lat="38.050340" lon="127.036870" sectionIndex="0" pointIndex="3490" originalElevation="56.0" isOriginalElevationFromOSM="true"><ele>55.1</ele></trkpt>
<trkpt lat="38.050450" lon="127.036280" sectionIndex="0" pointIndex="3491" originalElevation="56.1" isOriginalElevationFromOSM="true"><ele>53.0</ele></trkpt>
<trkpt lat="38.050580" lon="127.035320" sectionIndex="0" pointIndex="3492" originalElevation="51.1" isOriginalElevationFromOSM="true"><ele>51.0</ele></trkpt>
<trkpt lat="38.050660" lon="127.034300" sectionIndex="0" pointIndex="3493" originalElevation="46.4" isOriginalElevationFromOSM="true"><ele>48.8</ele></trkpt>
<trkpt lat="38.050600" lon="127.033930" sectionIndex="0" pointIndex="3494" originalElevation="45.6" isOriginalElevationFromOSM="true"><ele>46.4</ele></trkpt>
<trkpt lat="38.050490" lon="127.033550" sectionIndex="0" pointIndex="3495" originalElevation="44.7" isOriginalElevationFromOSM="true"><ele>45.1</ele></trkpt>
<trkpt lat="38.050270" lon="127.033290" sectionIndex="0" pointIndex="3496" originalElevation="44.3" isOriginalElevationFromOSM="true"><ele>44.2</ele></trkpt>
<trkpt lat="38.049880" lon="127.032900" sectionIndex="0" pointIndex="3497" originalElevation="44.5" isOriginalElevationFromOSM="true"><ele>43.5</ele></trkpt>
<trkpt lat="38.048850" lon="127.031750" sectionIndex="0" pointIndex="3498" originalElevation="41.7" isOriginalElevationFromOSM="true"><ele>43.3</ele></trkpt>
<trkpt lat="38.049120" lon="127.031580" sectionIndex="0" pointIndex="3499" originalElevation="42.5" isOriginalElevationFromOSM="true"><ele>43.7</ele></trkpt>
<trkpt lat="38.049290" lon="127.031540" sectionIndex="0" pointIndex="3500" originalElevation="43.5" isOriginalElevationFromOSM="true"><ele>45.1</ele></trkpt>
<trkpt lat="38.050080" lon="127.031660" sectionIndex="0" pointIndex="3501" originalElevation="46.3" isOriginalElevationFromOSM="true"><ele>48.0</ele></trkpt>
<trkpt lat="38.050660" lon="127.031930" sectionIndex="0" pointIndex="3502" originalElevation="51.5" isOriginalElevationFromOSM="true"><ele>50.9</ele></trkpt>
<trkpt lat="38.051670" lon="127.032090" sectionIndex="0" pointIndex="3503" originalElevation="56.3" isOriginalElevationFromOSM="true"><ele>53.5</ele></trkpt>
<trkpt lat="38.052190" lon="127.032020" sectionIndex="0" pointIndex="3504" originalElevation="56.9" isOriginalElevationFromOSM="true"><ele>55.3</ele></trkpt>
<trkpt lat="38.052780" lon="127.031860" sectionIndex="0" pointIndex="3505" originalElevation="56.6" isOriginalElevationFromOSM="true"><ele>55.3</ele></trkpt>
<trkpt lat="38.053250" lon="127.031580" sectionIndex="0" pointIndex="3506" originalElevation="55.3" isOriginalElevationFromOSM="true"><ele>55.7</ele></trkpt>
<trkpt lat="38.053970" lon="127.031430" sectionIndex="0" pointIndex="3507" originalElevation="51.6" isOriginalElevationFromOSM="true"><ele>56.3</ele></trkpt>
<trkpt lat="38.055090" lon="127.031080" sectionIndex="0" pointIndex="3508" originalElevation="58.3" isOriginalElevationFromOSM="true"><ele>57.7</ele></trkpt>
<trkpt lat="38.055370" lon="127.030900" sectionIndex="0" pointIndex="3509" originalElevation="59.9" isOriginalElevationFromOSM="true"><ele>62.2</ele></trkpt>
<trkpt lat="38.055680" lon="127.030490" sectionIndex="0" pointIndex="3510" originalElevation="63.5" isOriginalElevationFromOSM="true"><ele>67.1</ele></trkpt>
<trkpt lat="38.056420" lon="127.029130" sectionIndex="0" pointIndex="3511" originalElevation="77.7" isOriginalElevationFromOSM="true"><ele>68.7</ele></trkpt>
<trkpt lat="38.056800" lon="127.028290" sectionIndex="0" pointIndex="3512" originalElevation="76.2" isOriginalElevationFromOSM="true"><ele>68.8</ele></trkpt>
<trkpt lat="38.057180" lon="127.027370" sectionIndex="0" pointIndex="3513" originalElevation="66.4" isOriginalElevationFromOSM="true"><ele>67.0</ele></trkpt>
<trkpt lat="38.057210" lon="127.027210" sectionIndex="0" pointIndex="3514" originalElevation="60.4" isOriginalElevationFromOSM="true"><ele>59.8</ele></trkpt>
<trkpt lat="38.057400" lon="127.026400" sectionIndex="0" pointIndex="3515" originalElevation="54.3" isOriginalElevationFromOSM="true"><ele>51.2</ele></trkpt>
<trkpt lat="38.057550" lon="127.024910" sectionIndex="0" pointIndex="3516" originalElevation="41.8" isOriginalElevationFromOSM="true"><ele>44.8</ele></trkpt>
<trkpt lat="38.057280" lon="127.020010" sectionIndex="0" pointIndex="3517" originalElevation="33.3" isOriginalElevationFromOSM="true"><ele>39.7</ele></trkpt>
<trkpt lat="38.057000" lon="127.019220" sectionIndex="0" pointIndex="3518" originalElevation="34.4" isOriginalElevationFromOSM="true"><ele>36.1</ele></trkpt>
<trkpt lat="38.055250" lon="127.014550" sectionIndex="0" pointIndex="3519" originalElevation="34.8" isOriginalElevationFromOSM="true"><ele>35.5</ele></trkpt>
<trkpt lat="38.054860" lon="127.013110" sectionIndex="0" pointIndex="3520" originalElevation="36.5" isOriginalElevationFromOSM="true"><ele>37.0</ele></trkpt>
<trkpt lat="38.054600" lon="127.011990" sectionIndex="0" pointIndex="3521" originalElevation="38.3" isOriginalElevationFromOSM="true"><ele>38.4</ele></trkpt>
<trkpt lat="38.053100" lon="127.011020" sectionIndex="0" pointIndex="3522" originalElevation="41.1" isOriginalElevationFromOSM="true"><ele>39.1</ele></trkpt>
<trkpt lat="38.052900" lon="127.010960" sectionIndex="0" pointIndex="3523" originalElevation="41.1" isOriginalElevationFromOSM="true"><ele>39.1</ele></trkpt>
<trkpt lat="38.049980" lon="127.010570" sectionIndex="0" pointIndex="3524" originalElevation="38.6" isOriginalElevationFromOSM="true"><ele>38.8</ele></trkpt>
<trkpt lat="38.048440" lon="127.010570" sectionIndex="0" pointIndex="3525" originalElevation="36.6" isOriginalElevationFromOSM="true"><ele>38.2</ele></trkpt>
<trkpt lat="38.047440" lon="127.010440" sectionIndex="0" pointIndex="3526" originalElevation="36.7" isOriginalElevationFromOSM="true"><ele>37.0</ele></trkpt>
<trkpt lat="38.046160" lon="127.010230" sectionIndex="0" pointIndex="3527" originalElevation="38.0" isOriginalElevationFromOSM="true"><ele>36.4</ele></trkpt>
<trkpt lat="38.045650" lon="127.010050" sectionIndex="0" pointIndex="3528" originalElevation="35.2" isOriginalElevationFromOSM="true"><ele>36.3</ele></trkpt>
<trkpt lat="38.045450" lon="127.009910" sectionIndex="0" pointIndex="3529" originalElevation="35.6" isOriginalElevationFromOSM="true"><ele>35.8</ele></trkpt>
<trkpt lat="38.045050" lon="127.009490" sectionIndex="0" pointIndex="3530" originalElevation="36.0" isOriginalElevationFromOSM="true"><ele>34.0</ele></trkpt>
<trkpt lat="38.043600" lon="127.006890" sectionIndex="0" pointIndex="3531" originalElevation="34.3" isOriginalElevationFromOSM="true"><ele>32.6</ele></trkpt>
<trkpt lat="38.042400" lon="127.004570" sectionIndex="0" pointIndex="3532" originalElevation="28.9" isOriginalElevationFromOSM="true"><ele>31.9</ele></trkpt>
<trkpt lat="38.041710" lon="127.003490" sectionIndex="0" pointIndex="3533" originalElevation="28.3" isOriginalElevationFromOSM="true"><ele>31.3</ele></trkpt>
<trkpt lat="38.039850" lon="127.001570" sectionIndex="0" pointIndex="3534" originalElevation="31.8" isOriginalElevationFromOSM="true"><ele>31.0</ele></trkpt>
<trkpt lat="38.039160" lon="127.000640" sectionIndex="0" pointIndex="3535" originalElevation="33.4" isOriginalElevationFromOSM="true"><ele>31.5</ele></trkpt>
<trkpt lat="38.038670" lon="126.999940" sectionIndex="0" pointIndex="3536" originalElevation="32.5" isOriginalElevationFromOSM="true"><ele>32.3</ele></trkpt>
<trkpt lat="38.038230" lon="126.999430" sectionIndex="0" pointIndex="3537" originalElevation="31.3" isOriginalElevationFromOSM="true"><ele>32.5</ele></trkpt>
<trkpt lat="38.037790" lon="126.999080" sectionIndex="0" pointIndex="3538" originalElevation="32.6" isOriginalElevationFromOSM="true"><ele>32.4</ele></trkpt>
<trkpt lat="38.037480" lon="126.998870" sectionIndex="0" pointIndex="3539" originalElevation="32.6" isOriginalElevationFromOSM="true"><ele>33.3</ele></trkpt>
<trkpt lat="38.036720" lon="126.998360" sectionIndex="0" pointIndex="3540" originalElevation="32.8" isOriginalElevationFromOSM="true"><ele>35.4</ele></trkpt>
<trkpt lat="38.036160" lon="126.998040" sectionIndex="0" pointIndex="3541" originalElevation="37.3" isOriginalElevationFromOSM="true"><ele>38.9</ele></trkpt>
<trkpt lat="38.035780" lon="126.997780" sectionIndex="0" pointIndex="3542" originalElevation="41.7" isOriginalElevationFromOSM="true"><ele>47.1</ele></trkpt>
<trkpt lat="38.035150" lon="126.997370" sectionIndex="0" pointIndex="3543" originalElevation="50.2" isOriginalElevationFromOSM="true"><ele>54.3</ele></trkpt>
<trkpt lat="38.033560" lon="126.996970" sectionIndex="0" pointIndex="3544" originalElevation="73.4" isOriginalElevationFromOSM="true"><ele>58.9</ele></trkpt>
<trkpt lat="38.032740" lon="126.996740" sectionIndex="0" pointIndex="3545" originalElevation="68.7" isOriginalElevationFromOSM="true"><ele>62.5</ele></trkpt>
<trkpt lat="38.032230" lon="126.996370" sectionIndex="0" pointIndex="3546" originalElevation="60.6" isOriginalElevationFromOSM="true"><ele>64.1</ele></trkpt>
<trkpt lat="38.031920" lon="126.996110" sectionIndex="0" pointIndex="3547" originalElevation="59.8" isOriginalElevationFromOSM="true"><ele>60.7</ele></trkpt>
<trkpt lat="38.031470" lon="126.995610" sectionIndex="0" pointIndex="3548" originalElevation="58.0" isOriginalElevationFromOSM="true"><ele>58.1</ele></trkpt>
<trkpt lat="38.031270" lon="126.995310" sectionIndex="0" pointIndex="3549" originalElevation="56.2" isOriginalElevationFromOSM="true"><ele>55.1</ele></trkpt>
<trkpt lat="38.031210" lon="126.995130" sectionIndex="0" pointIndex="3550" originalElevation="55.7" isOriginalElevationFromOSM="true"><ele>52.0</ele></trkpt>
<trkpt lat="38.031100" lon="126.993870" sectionIndex="0" pointIndex="3551" originalElevation="45.8" isOriginalElevationFromOSM="true"><ele>48.8</ele></trkpt>
<trkpt lat="38.031010" lon="126.993390" sectionIndex="0" pointIndex="3552" originalElevation="44.1" isOriginalElevationFromOSM="true"><ele>45.9</ele></trkpt>
<trkpt lat="38.030700" lon="126.992620" sectionIndex="0" pointIndex="3553" originalElevation="42.0" isOriginalElevationFromOSM="true"><ele>43.4</ele></trkpt>
<trkpt lat="38.030610" lon="126.992510" sectionIndex="0" pointIndex="3554" originalElevation="41.7" isOriginalElevationFromOSM="true"><ele>43.0</ele></trkpt>
<trkpt lat="38.030290" lon="126.992360" sectionIndex="0" pointIndex="3555" originalElevation="43.2" isOriginalElevationFromOSM="true"><ele>43.1</ele></trkpt>
<trkpt lat="38.029730" lon="126.992180" sectionIndex="0" pointIndex="3556" originalElevation="44.0" isOriginalElevationFromOSM="true"><ele>43.6</ele></trkpt>
<trkpt lat="38.029200" lon="126.991910" sectionIndex="0" pointIndex="3557" originalElevation="44.6" isOriginalElevationFromOSM="true"><ele>44.1</ele></trkpt>
<trkpt lat="38.028960" lon="126.991730" sectionIndex="0" pointIndex="3558" originalElevation="44.5" isOriginalElevationFromOSM="true"><ele>44.4</ele></trkpt>
<trkpt lat="38.028810" lon="126.991580" sectionIndex="0" pointIndex="3559" originalElevation="44.3" isOriginalElevationFromOSM="true"><ele>42.8</ele></trkpt>
<trkpt lat="38.028660" lon="126.991370" sectionIndex="0" pointIndex="3560" originalElevation="44.4" isOriginalElevationFromOSM="true"><ele>41.0</ele></trkpt>
<trkpt lat="38.027961" lon="126.989864" sectionIndex="0" pointIndex="3561" originalElevation="36.0" isOriginalElevationFromOSM="false"><ele>39.3</ele></trkpt>
<trkpt lat="38.027928" lon="126.989824" sectionIndex="0" pointIndex="3562" originalElevation="36.0" isOriginalElevationFromOSM="false"><ele>37.7</ele></trkpt>
<trkpt lat="38.027895" lon="126.989785" sectionIndex="0" pointIndex="3563" originalElevation="36.0" isOriginalElevationFromOSM="false"><ele>36.0</ele></trkpt>
<trkpt lat="38.027863" lon="126.989746" sectionIndex="0" pointIndex="3564" originalElevation="36.0" isOriginalElevationFromOSM="false"><ele>36.0</ele></trkpt>
<trkpt lat="38.027830" lon="126.989707" sectionIndex="0" pointIndex="3565" originalElevation="36.0" isOriginalElevationFromOSM="false"><ele>36.0</ele></trkpt>
<trkpt lat="38.027797" lon="126.989668" sectionIndex="0" pointIndex="3566" originalElevation="36.0" isOriginalElevationFromOSM="false"><ele>36.0</ele></trkpt>
<trkpt lat="38.027765" lon="126.989628" sectionIndex="0" pointIndex="3567" originalElevation="36.0" isOriginalElevationFromOSM="false"><ele>39.0</ele></trkpt>
<trkpt lat="38.027732" lon="126.989589" sectionIndex="0" pointIndex="3568" originalElevation="36.0" isOriginalElevationFromOSM="false"><ele>42.0</ele></trkpt>
<trkpt lat="38.027699" lon="126.989550" sectionIndex="0" pointIndex="3569" originalElevation="51.0" isOriginalElevationFromOSM="false"><ele>45.0</ele></trkpt>
<trkpt lat="38.027667" lon="126.989511" sectionIndex="0" pointIndex="3570" originalElevation="51.0" isOriginalElevationFromOSM="false"><ele>48.0</ele></trkpt>
<trkpt lat="38.027634" lon="126.989472" sectionIndex="0" pointIndex="3571" originalElevation="51.0" isOriginalElevationFromOSM="false"><ele>51.0</ele></trkpt>
<trkpt lat="38.027601" lon="126.989433" sectionIndex="0" pointIndex="3572" originalElevation="51.0" isOriginalElevationFromOSM="false"><ele>51.0</ele></trkpt>
<trkpt lat="38.027569" lon="126.989393" sectionIndex="0" pointIndex="3573" originalElevation="51.0" isOriginalElevationFromOSM="false"><ele>51.0</ele></trkpt>
<trkpt lat="38.027536" lon="126.989354" sectionIndex="0" pointIndex="3574" originalElevation="51.0" isOriginalElevationFromOSM="false"><ele>51.0</ele></trkpt>
<trkpt lat="38.027526" lon="126.989342" sectionIndex="0" pointIndex="3575" originalElevation="51.0" isOriginalElevationFromOSM="false"><ele>51.0</ele></trkpt>
<trkpt lat="38.027491" lon="126.989305" sectionIndex="0" pointIndex="3576" originalElevation="51.0" isOriginalElevationFromOSM="false"><ele>51.0</ele></trkpt>
<trkpt lat="38.027457" lon="126.989268" sectionIndex="0" pointIndex="3577" originalElevation="51.0" isOriginalElevationFromOSM="false"><ele>51.0</ele></trkpt>
<trkpt lat="38.027423" lon="126.989231" sectionIndex="0" pointIndex="3578" originalElevation="51.0" isOriginalElevationFromOSM="false"><ele>51.0</ele></trkpt>
<trkpt lat="38.027389" lon="126.989194" sectionIndex="0" pointIndex="3579" originalElevation="51.0" isOriginalElevationFromOSM="false"><ele>51.0</ele></trkpt>
<trkpt lat="38.027354" lon="126.989157" sectionIndex="0" pointIndex="3580" originalElevation="51.0" isOriginalElevationFromOSM="false"><ele>51.0</ele></trkpt>
<trkpt lat="38.027320" lon="126.989120" sectionIndex="0" pointIndex="3581" originalElevation="51.0" isOriginalElevationFromOSM="false"><ele>51.0</ele></trkpt>
<trkpt lat="38.027286" lon="126.989083" sectionIndex="0" pointIndex="3582" originalElevation="51.0" isOriginalElevationFromOSM="false"><ele>51.0</ele></trkpt>
<trkpt lat="38.027252" lon="126.989046" sectionIndex="0" pointIndex="3583" originalElevation="51.0" isOriginalElevationFromOSM="false"><ele>51.0</ele></trkpt>
<trkpt lat="38.027217" lon="126.989009" sectionIndex="0" pointIndex="3584" originalElevation="51.0" isOriginalElevationFromOSM="false"><ele>51.0</ele></trkpt>
<trkpt lat="38.027183" lon="126.988972" sectionIndex="0" pointIndex="3585" originalElevation="51.0" isOriginalElevationFromOSM="false"><ele>51.0</ele></trkpt>
<trkpt lat="38.027149" lon="126.988936" sectionIndex="0" pointIndex="3586" originalElevation="51.0" isOriginalElevationFromOSM="false"><ele>51.0</ele></trkpt>
<trkpt lat="38.027133" lon="126.988918" sectionIndex="0" pointIndex="3587" originalElevation="51.0" isOriginalElevationFromOSM="false"><ele>51.0</ele></trkpt>
<trkpt lat="38.027115" lon="126.988865" sectionIndex="0" pointIndex="3588" originalElevation="51.0" isOriginalElevationFromOSM="false"><ele>48.0</ele></trkpt>
<trkpt lat="38.027098" lon="126.988813" sectionIndex="0" pointIndex="3589" originalElevation="51.0" isOriginalElevationFromOSM="false"><ele>45.0</ele></trkpt>
<trkpt lat="38.027081" lon="126.988760" sectionIndex="0" pointIndex="3590" originalElevation="36.0" isOriginalElevationFromOSM="false"><ele>42.0</ele></trkpt>
<trkpt lat="38.027064" lon="126.988707" sectionIndex="0" pointIndex="3591" originalElevation="36.0" isOriginalElevationFromOSM="false"><ele>39.0</ele></trkpt>
<trkpt lat="38.027046" lon="126.988655" sectionIndex="0" pointIndex="3592" originalElevation="36.0" isOriginalElevationFromOSM="false"><ele>36.0</ele></trkpt>
<trkpt lat="38.027029" lon="126.988602" sectionIndex="0" pointIndex="3593" originalElevation="36.0" isOriginalElevationFromOSM="false"><ele>36.0</ele></trkpt>
<trkpt lat="38.027012" lon="126.988549" sectionIndex="0" pointIndex="3594" originalElevation="36.0" isOriginalElevationFromOSM="false"><ele>36.0</ele></trkpt>
<trkpt lat="38.026995" lon="126.988497" sectionIndex="0" pointIndex="3595" originalElevation="36.0" isOriginalElevationFromOSM="false"><ele>36.0</ele></trkpt>
<trkpt lat="38.026977" lon="126.988444" sectionIndex="0" pointIndex="3596" originalElevation="36.0" isOriginalElevationFromOSM="false"><ele>36.0</ele></trkpt>
<trkpt lat="38.026960" lon="126.988391" sectionIndex="0" pointIndex="3597" originalElevation="36.0" isOriginalElevationFromOSM="false"><ele>36.0</ele></trkpt>
<trkpt lat="38.026955" lon="126.988376" sectionIndex="0" pointIndex="3598" originalElevation="36.0" isOriginalElevationFromOSM="false"><ele>36.0</ele></trkpt>
<trkpt lat="38.026943" lon="126.988321" sectionIndex="0" pointIndex="3599" originalElevation="36.0" isOriginalElevationFromOSM="false"><ele>36.0</ele></trkpt>
<trkpt lat="38.026932" lon="126.988266" sectionIndex="0" pointIndex="3600" originalElevation="36.0" isOriginalElevationFromOSM="false"><ele>36.0</ele></trkpt>
<trkpt lat="38.026920" lon="126.988211" sectionIndex="0" pointIndex="3601" originalElevation="36.0" isOriginalElevationFromOSM="false"><ele>36.0</ele></trkpt>
<trkpt lat="38.026908" lon="126.988156" sectionIndex="0" pointIndex="3602" originalElevation="36.0" isOriginalElevationFromOSM="false"><ele>36.0</ele></trkpt>
<trkpt lat="38.026897" lon="126.988101" sectionIndex="0" pointIndex="3603" originalElevation="36.0" isOriginalElevationFromOSM="false"><ele>36.0</ele></trkpt>
<trkpt lat="38.026885" lon="126.988046" sectionIndex="0" pointIndex="3604" originalElevation="36.0" isOriginalElevationFromOSM="false"><ele>36.0</ele></trkpt>
<trkpt lat="38.026874" lon="126.987991" sectionIndex="0" pointIndex="3605" originalElevation="36.0" isOriginalElevationFromOSM="false"><ele>36.0</ele></trkpt>
<trkpt lat="38.026862" lon="126.987935" sectionIndex="0" pointIndex="3606" originalElevation="36.0" isOriginalElevationFromOSM="false"><ele>36.0</ele></trkpt>
<trkpt lat="38.026850" lon="126.987880" sectionIndex="0" pointIndex="3607" originalElevation="36.0" isOriginalElevationFromOSM="false"><ele>36.0</ele></trkpt>
<trkpt lat="38.026839" lon="126.987825" sectionIndex="0" pointIndex="3608" originalElevation="36.0" isOriginalElevationFromOSM="false"><ele>36.0</ele></trkpt>
<trkpt lat="38.026827" lon="126.987770" sectionIndex="0" pointIndex="3609" originalElevation="36.0" isOriginalElevationFromOSM="false"><ele>36.0</ele></trkpt>
<trkpt lat="38.026815" lon="126.987715" sectionIndex="0" pointIndex="3610" originalElevation="36.0" isOriginalElevationFromOSM="false"><ele>36.0</ele></trkpt>
<trkpt lat="38.026804" lon="126.987660" sectionIndex="0" pointIndex="3611" originalElevation="36.0" isOriginalElevationFromOSM="false"><ele>36.0</ele></trkpt>
<trkpt lat="38.026792" lon="126.987605" sectionIndex="0" pointIndex="3612" originalElevation="36.0" isOriginalElevationFromOSM="false"><ele>36.0</ele></trkpt>
<trkpt lat="38.026786" lon="126.987577" sectionIndex="0" pointIndex="3613" originalElevation="36.0" isOriginalElevationFromOSM="false"><ele>38.6</ele></trkpt>
<trkpt lat="38.026755" lon="126.987536" sectionIndex="0" pointIndex="3614" originalElevation="36.0" isOriginalElevationFromOSM="false"><ele>41.2</ele></trkpt>
<trkpt lat="38.026724" lon="126.987494" sectionIndex="0" pointIndex="3615" originalElevation="49.0" isOriginalElevationFromOSM="false"><ele>43.8</ele></trkpt>
<trkpt lat="38.026693" lon="126.987453" sectionIndex="0" pointIndex="3616" originalElevation="49.0" isOriginalElevationFromOSM="false"><ele>46.4</ele></trkpt>
<trkpt lat="38.026662" lon="126.987412" sectionIndex="0" pointIndex="3617" originalElevation="49.0" isOriginalElevationFromOSM="false"><ele>49.0</ele></trkpt>
<trkpt lat="38.026631" lon="126.987371" sectionIndex="0" pointIndex="3618" originalElevation="49.0" isOriginalElevationFromOSM="false"><ele>49.0</ele></trkpt>
<trkpt lat="38.026600" lon="126.987330" sectionIndex="0" pointIndex="3619" originalElevation="49.0" isOriginalElevationFromOSM="false"><ele>49.0</ele></trkpt>
<trkpt lat="38.026569" lon="126.987288" sectionIndex="0" pointIndex="3620" originalElevation="49.0" isOriginalElevationFromOSM="false"><ele>49.0</ele></trkpt>
<trkpt lat="38.026538" lon="126.987247" sectionIndex="0" pointIndex="3621" originalElevation="49.0" isOriginalElevationFromOSM="false"><ele>49.0</ele></trkpt>
<trkpt lat="38.026507" lon="126.987206" sectionIndex="0" pointIndex="3622" originalElevation="49.0" isOriginalElevationFromOSM="false"><ele>49.0</ele></trkpt>
<trkpt lat="38.026476" lon="126.987165" sectionIndex="0" pointIndex="3623" originalElevation="49.0" isOriginalElevationFromOSM="false"><ele>49.0</ele></trkpt>
<trkpt lat="38.026444" lon="126.987124" sectionIndex="0" pointIndex="3624" originalElevation="49.0" isOriginalElevationFromOSM="false"><ele>49.0</ele></trkpt>
<trkpt lat="38.026413" lon="126.987082" sectionIndex="0" pointIndex="3625" originalElevation="49.0" isOriginalElevationFromOSM="false"><ele>49.0</ele></trkpt>
<trkpt lat="38.026410" lon="126.987078" sectionIndex="0" pointIndex="3626" originalElevation="49.0" isOriginalElevationFromOSM="false"><ele>48.7</ele></trkpt>
<trkpt lat="38.026074" lon="126.986574" sectionIndex="0" pointIndex="3627" originalElevation="49.0" isOriginalElevationFromOSM="false"><ele>47.8</ele></trkpt>
<trkpt lat="38.026020" lon="126.986410" sectionIndex="0" pointIndex="3628" originalElevation="47.3" isOriginalElevationFromOSM="true"><ele>46.8</ele></trkpt>
<trkpt lat="38.025820" lon="126.985560" sectionIndex="0" pointIndex="3629" originalElevation="44.9" isOriginalElevationFromOSM="true"><ele>45.7</ele></trkpt>
<trkpt lat="38.025800" lon="126.985410" sectionIndex="0" pointIndex="3630" originalElevation="44.0" isOriginalElevationFromOSM="true"><ele>44.0</ele></trkpt>
<trkpt lat="38.025840" lon="126.985000" sectionIndex="0" pointIndex="3631" originalElevation="43.2" isOriginalElevationFromOSM="true"><ele>43.0</ele></trkpt>
<trkpt lat="38.026160" lon="126.984250" sectionIndex="0" pointIndex="3632" originalElevation="40.9" isOriginalElevationFromOSM="true"><ele>42.6</ele></trkpt>
<trkpt lat="38.026290" lon="126.984330" sectionIndex="0" pointIndex="3633" originalElevation="42.1" isOriginalElevationFromOSM="true"><ele>42.6</ele></trkpt>
<trkpt lat="38.026470" lon="126.984330" sectionIndex="0" pointIndex="3634" originalElevation="43.0" isOriginalElevationFromOSM="true"><ele>43.1</ele></trkpt>
<trkpt lat="38.026710" lon="126.984290" sectionIndex="0" pointIndex="3635" originalElevation="44.0" isOriginalElevationFromOSM="true"><ele>43.3</ele></trkpt>
<trkpt lat="38.027070" lon="126.984170" sectionIndex="0" pointIndex="3636" originalElevation="45.4" isOriginalElevationFromOSM="true"><ele>43.0</ele></trkpt>
<trkpt lat="38.027910" lon="126.983620" sectionIndex="0" pointIndex="3637" originalElevation="42.1" isOriginalElevationFromOSM="true"><ele>42.5</ele></trkpt>
<trkpt lat="38.028080" lon="126.983480" sectionIndex="0" pointIndex="3638" originalElevation="40.8" isOriginalElevationFromOSM="true"><ele>41.7</ele></trkpt>
<trkpt lat="38.028230" lon="126.983380" sectionIndex="0" pointIndex="3639" originalElevation="40.1" isOriginalElevationFromOSM="true"><ele>40.8</ele></trkpt>
<trkpt lat="38.028390" lon="126.983250" sectionIndex="0" pointIndex="3640" originalElevation="40.1" isOriginalElevationFromOSM="true"><ele>40.5</ele></trkpt>
<trkpt lat="38.028590" lon="126.983050" sectionIndex="0" pointIndex="3641" originalElevation="41.0" isOriginalElevationFromOSM="true"><ele>40.2</ele></trkpt>
<trkpt lat="38.028820" lon="126.982770" sectionIndex="0" pointIndex="3642" originalElevation="40.7" isOriginalElevationFromOSM="true"><ele>39.9</ele></trkpt>
<trkpt lat="38.029230" lon="126.982300" sectionIndex="0" pointIndex="3643" originalElevation="39.2" isOriginalElevationFromOSM="true"><ele>39.5</ele></trkpt>
<trkpt lat="38.029490" lon="126.982130" sectionIndex="0" pointIndex="3644" originalElevation="38.4" isOriginalElevationFromOSM="true"><ele>38.9</ele></trkpt>
<trkpt lat="38.029670" lon="126.982040" sectionIndex="0" pointIndex="3645" originalElevation="38.2" isOriginalElevationFromOSM="true"><ele>38.3</ele></trkpt>
<trkpt lat="38.029840" lon="126.981910" sectionIndex="0" pointIndex="3646" originalElevation="37.9" isOriginalElevationFromOSM="true"><ele>38.1</ele></trkpt>
<trkpt lat="38.029910" lon="126.981820" sectionIndex="0" pointIndex="3647" originalElevation="37.6" isOriginalElevationFromOSM="true"><ele>38.4</ele></trkpt>
<trkpt lat="38.030160" lon="126.981380" sectionIndex="0" pointIndex="3648" originalElevation="38.3" isOriginalElevationFromOSM="true"><ele>40.1</ele></trkpt>
<trkpt lat="38.030430" lon="126.981020" sectionIndex="0" pointIndex="3649" originalElevation="40.1" isOriginalElevationFromOSM="true"><ele>41.9</ele></trkpt>
<trkpt lat="38.031580" lon="126.980140" sectionIndex="0" pointIndex="3650" originalElevation="46.5" isOriginalElevationFromOSM="true"><ele>44.3</ele></trkpt>
<trkpt lat="38.031780" lon="126.979980" sectionIndex="0" pointIndex="3651" originalElevation="47.2" isOriginalElevationFromOSM="true"><ele>46.9</ele></trkpt>
<trkpt lat="38.031970" lon="126.979800" sectionIndex="0" pointIndex="3652" originalElevation="49.5" isOriginalElevationFromOSM="true"><ele>49.6</ele></trkpt>
<trkpt lat="38.032260" lon="126.979480" sectionIndex="0" pointIndex="3653" originalElevation="51.3" isOriginalElevationFromOSM="true"><ele>52.5</ele></trkpt>
<trkpt lat="38.032850" lon="126.978700" sectionIndex="0" pointIndex="3654" originalElevation="53.4" isOriginalElevationFromOSM="true"><ele>54.6</ele></trkpt>
<trkpt lat="38.034030" lon="126.977240" sectionIndex="0" pointIndex="3655" originalElevation="60.9" isOriginalElevationFromOSM="true"><ele>58.4</ele></trkpt>
<trkpt lat="38.034740" lon="126.976620" sectionIndex="0" pointIndex="3656" originalElevation="57.9" isOriginalElevationFromOSM="true"><ele>63.4</ele></trkpt>
<trkpt lat="38.035440" lon="126.976090" sectionIndex="0" pointIndex="3657" originalElevation="68.5" isOriginalElevationFromOSM="true"><ele>68.8</ele></trkpt>
<trkpt lat="38.035870" lon="126.975740" sectionIndex="0" pointIndex="3658" originalElevation="76.5" isOriginalElevationFromOSM="true"><ele>73.1</ele></trkpt>
<trkpt lat="38.036200" lon="126.975440" sectionIndex="0" pointIndex="3659" originalElevation="80.3" isOriginalElevationFromOSM="true"><ele>78.1</ele></trkpt>
<trkpt lat="38.036550" lon="126.974970" sectionIndex="0" pointIndex="3660" originalElevation="82.5" isOriginalElevationFromOSM="true"><ele>81.5</ele></trkpt>
<trkpt lat="38.036700" lon="126.974710" sectionIndex="0" pointIndex="3661" originalElevation="82.8" isOriginalElevationFromOSM="true"><ele>83.7</ele></trkpt>
<trkpt lat="38.036870" lon="126.974450" sectionIndex="0" pointIndex="3662" originalElevation="85.2" isOriginalElevationFromOSM="true"><ele>85.4</ele></trkpt>
<trkpt lat="38.037050" lon="126.974230" sectionIndex="0" pointIndex="3663" originalElevation="87.5" isOriginalElevationFromOSM="true"><ele>87.2</ele></trkpt>
<trkpt lat="38.037230" lon="126.974030" sectionIndex="0" pointIndex="3664" originalElevation="89.1" isOriginalElevationFromOSM="true"><ele>89.2</ele></trkpt>
<trkpt lat="38.037900" lon="126.973390" sectionIndex="0" pointIndex="3665" originalElevation="91.4" isOriginalElevationFromOSM="true"><ele>90.7</ele></trkpt>
<trkpt lat="38.038290" lon="126.972970" sectionIndex="0" pointIndex="3666" originalElevation="92.8" isOriginalElevationFromOSM="true"><ele>91.8</ele></trkpt>
<trkpt lat="38.038640" lon="126.972650" sectionIndex="0" pointIndex="3667" originalElevation="92.8" isOriginalElevationFromOSM="true"><ele>92.8</ele></trkpt>
<trkpt lat="38.038820" lon="126.972530" sectionIndex="0" pointIndex="3668" originalElevation="92.8" isOriginalElevationFromOSM="true"><ele>93.8</ele></trkpt>
<trkpt lat="38.038930" lon="126.972510" sectionIndex="0" pointIndex="3669" originalElevation="94.2" isOriginalElevationFromOSM="true"><ele>95.5</ele></trkpt>
<trkpt lat="38.039130" lon="126.972430" sectionIndex="0" pointIndex="3670" originalElevation="96.7" isOriginalElevationFromOSM="true"><ele>97.6</ele></trkpt>
<trkpt lat="38.039470" lon="126.972330" sectionIndex="0" pointIndex="3671" originalElevation="101.0" isOriginalElevationFromOSM="true"><ele>100.1</ele></trkpt>
<trkpt lat="38.039650" lon="126.972240" sectionIndex="0" pointIndex="3672" originalElevation="103.2" isOriginalElevationFromOSM="true"><ele>102.1</ele></trkpt>
<trkpt lat="38.039820" lon="126.972060" sectionIndex="0" pointIndex="3673" originalElevation="105.3" isOriginalElevationFromOSM="true"><ele>104.0</ele></trkpt>
<trkpt lat="38.039810" lon="126.971810" sectionIndex="0" pointIndex="3674" originalElevation="104.3" isOriginalElevationFromOSM="true"><ele>105.5</ele></trkpt>
<trkpt lat="38.039720" lon="126.971280" sectionIndex="0" pointIndex="3675" originalElevation="106.0" isOriginalElevationFromOSM="true"><ele>106.8</ele></trkpt>
<trkpt lat="38.039630" lon="126.970950" sectionIndex="0" pointIndex="3676" originalElevation="108.8" isOriginalElevationFromOSM="true"><ele>107.8</ele></trkpt>
<trkpt lat="38.039520" lon="126.970830" sectionIndex="0" pointIndex="3677" originalElevation="109.8" isOriginalElevationFromOSM="true"><ele>108.8</ele></trkpt>
<trkpt lat="38.039450" lon="126.970790" sectionIndex="0" pointIndex="3678" originalElevation="110.2" isOriginalElevationFromOSM="true"><ele>109.6</ele></trkpt>
<trkpt lat="38.039190" lon="126.970780" sectionIndex="0" pointIndex="3679" originalElevation="109.3" isOriginalElevationFromOSM="true"><ele>110.0</ele></trkpt>
<trkpt lat="38.039050" lon="126.970700" sectionIndex="0" pointIndex="3680" originalElevation="109.9" isOriginalElevationFromOSM="true"><ele>110.3</ele></trkpt>
<trkpt lat="38.038910" lon="126.970590" sectionIndex="0" pointIndex="3681" originalElevation="110.6" isOriginalElevationFromOSM="true"><ele>110.5</ele></trkpt>
<trkpt lat="38.038730" lon="126.970420" sectionIndex="0" pointIndex="3682" originalElevation="111.3" isOriginalElevationFromOSM="true"><ele>111.0</ele></trkpt>
<trkpt lat="38.038600" lon="126.970240" sectionIndex="0" pointIndex="3683" originalElevation="111.6" isOriginalElevationFromOSM="true"><ele>111.5</ele></trkpt>
<trkpt lat="38.038490" lon="126.970050" sectionIndex="0" pointIndex="3684" originalElevation="111.8" isOriginalElevationFromOSM="true"><ele>111.9</ele></trkpt>
<trkpt lat="38.038440" lon="126.969930" sectionIndex="0" pointIndex="3685" originalElevation="112.1" isOriginalElevationFromOSM="true"><ele>112.9</ele></trkpt>
<trkpt lat="38.038400" lon="126.969690" sectionIndex="0" pointIndex="3686" originalElevation="112.9" isOriginalElevationFromOSM="true"><ele>115.2</ele></trkpt>
<trkpt lat="38.038290" lon="126.969050" sectionIndex="0" pointIndex="3687" originalElevation="116.1" isOriginalElevationFromOSM="true"><ele>118.2</ele></trkpt>
<trkpt lat="38.038260" lon="126.968300" sectionIndex="0" pointIndex="3688" originalElevation="123.0" isOriginalElevationFromOSM="true"><ele>122.6</ele></trkpt>
<trkpt lat="38.038160" lon="126.968060" sectionIndex="0" pointIndex="3689" originalElevation="126.8" isOriginalElevationFromOSM="true"><ele>127.1</ele></trkpt>
<trkpt lat="38.037930" lon="126.967600" sectionIndex="0" pointIndex="3690" originalElevation="134.2" isOriginalElevationFromOSM="true"><ele>130.7</ele></trkpt>
<trkpt lat="38.037860" lon="126.967340" sectionIndex="0" pointIndex="3691" originalElevation="135.3" isOriginalElevationFromOSM="true"><ele>132.6</ele></trkpt>
<trkpt lat="38.037940" lon="126.966930" sectionIndex="0" pointIndex="3692" originalElevation="134.1" isOriginalElevationFromOSM="true"><ele>133.1</ele></trkpt>
<trkpt lat="38.037950" lon="126.966580" sectionIndex="0" pointIndex="3693" originalElevation="132.6" isOriginalElevationFromOSM="true"><ele>131.8</ele></trkpt>
<trkpt lat="38.037860" lon="126.966350" sectionIndex="0" pointIndex="3694" originalElevation="129.4" isOriginalElevationFromOSM="true"><ele>129.4</ele></trkpt>
<trkpt lat="38.037790" lon="126.966260" sectionIndex="0" pointIndex="3695" originalElevation="127.9" isOriginalElevationFromOSM="true"><ele>127.3</ele></trkpt>
<trkpt lat="38.037500" lon="126.966060" sectionIndex="0" pointIndex="3696" originalElevation="123.3" isOriginalElevationFromOSM="true"><ele>125.5</ele></trkpt>
<trkpt lat="38.037320" lon="126.965970" sectionIndex="0" pointIndex="3697" originalElevation="123.5" isOriginalElevationFromOSM="true"><ele>124.3</ele></trkpt>
<trkpt lat="38.037180" lon="126.965790" sectionIndex="0" pointIndex="3698" originalElevation="123.3" isOriginalElevationFromOSM="true"><ele>123.4</ele></trkpt>
<trkpt lat="38.037120" lon="126.965690" sectionIndex="0" pointIndex="3699" originalElevation="123.5" isOriginalElevationFromOSM="true"><ele>123.3</ele></trkpt>
<trkpt lat="38.037070" lon="126.965410" sectionIndex="0" pointIndex="3700" originalElevation="123.4" isOriginalElevationFromOSM="true"><ele>122.8</ele></trkpt>
<trkpt lat="38.037050" lon="126.965120" sectionIndex="0" pointIndex="3701" originalElevation="122.7" isOriginalElevationFromOSM="true"><ele>122.2</ele></trkpt>
<trkpt lat="38.037090" lon="126.964730" sectionIndex="0" pointIndex="3702" originalElevation="121.2" isOriginalElevationFromOSM="true"><ele>120.5</ele></trkpt>
<trkpt lat="38.037120" lon="126.964560" sectionIndex="0" pointIndex="3703" originalElevation="120.4" isOriginalElevationFromOSM="true"><ele>118.9</ele></trkpt>
<trkpt lat="38.037660" lon="126.963420" sectionIndex="0" pointIndex="3704" originalElevation="114.6" isOriginalElevationFromOSM="true"><ele>117.4</ele></trkpt>
<trkpt lat="38.037940" lon="126.962870" sectionIndex="0" pointIndex="3705" originalElevation="115.6" isOriginalElevationFromOSM="true"><ele>116.5</ele></trkpt>
<trkpt lat="38.038230" lon="126.962350" sectionIndex="0" pointIndex="3706" originalElevation="115.2" isOriginalElevationFromOSM="true"><ele>114.8</ele></trkpt>
<trkpt lat="38.038700" lon="126.961650" sectionIndex="0" pointIndex="3707" originalElevation="117.0" isOriginalElevationFromOSM="true"><ele>113.6</ele></trkpt>
<trkpt lat="38.039050" lon="126.961170" sectionIndex="0" pointIndex="3708" originalElevation="111.8" isOriginalElevationFromOSM="true"><ele>112.0</ele></trkpt>
<trkpt lat="38.039330" lon="126.960680" sectionIndex="0" pointIndex="3709" originalElevation="108.2" isOriginalElevationFromOSM="true"><ele>109.4</ele></trkpt>
<trkpt lat="38.039470" lon="126.960370" sectionIndex="0" pointIndex="3710" originalElevation="108.0" isOriginalElevationFromOSM="true"><ele>106.0</ele></trkpt>
<trkpt lat="38.039760" lon="126.959300" sectionIndex="0" pointIndex="3711" originalElevation="102.1" isOriginalElevationFromOSM="true"><ele>102.4</ele></trkpt>
<trkpt lat="38.039810" lon="126.958940" sectionIndex="0" pointIndex="3712" originalElevation="99.9" isOriginalElevationFromOSM="true"><ele>98.8</ele></trkpt>
<trkpt lat="38.039870" lon="126.957980" sectionIndex="0" pointIndex="3713" originalElevation="93.9" isOriginalElevationFromOSM="true"><ele>95.0</ele></trkpt>
<trkpt lat="38.039940" lon="126.957540" sectionIndex="0" pointIndex="3714" originalElevation="90.1" isOriginalElevationFromOSM="true"><ele>92.2</ele></trkpt>
<trkpt lat="38.039960" lon="126.957440" sectionIndex="0" pointIndex="3715" originalElevation="89.1" isOriginalElevationFromOSM="true"><ele>90.0</ele></trkpt>
<trkpt lat="38.040100" lon="126.957270" sectionIndex="0" pointIndex="3716" originalElevation="88.2" isOriginalElevationFromOSM="true"><ele>88.9</ele></trkpt>
<trkpt lat="38.040340" lon="126.957050" sectionIndex="0" pointIndex="3717" originalElevation="88.7" isOriginalElevationFromOSM="true"><ele>88.4</ele></trkpt>
<trkpt lat="38.040480" lon="126.956850" sectionIndex="0" pointIndex="3718" originalElevation="88.4" isOriginalElevationFromOSM="true"><ele>88.0</ele></trkpt>
<trkpt lat="38.040500" lon="126.956740" sectionIndex="0" pointIndex="3719" originalElevation="87.5" isOriginalElevationFromOSM="true"><ele>86.0</ele></trkpt>
<trkpt lat="38.040540" lon="126.956630" sectionIndex="0" pointIndex="3720" originalElevation="87.0" isOriginalElevationFromOSM="true"><ele>84.0</ele></trkpt>
<trkpt lat="38.040550" lon="126.955540" sectionIndex="0" pointIndex="3721" originalElevation="78.2" isOriginalElevationFromOSM="true"><ele>82.4</ele></trkpt>
<trkpt lat="38.040500" lon="126.955150" sectionIndex="0" pointIndex="3722" originalElevation="78.9" isOriginalElevationFromOSM="true"><ele>80.7</ele></trkpt>
<trkpt lat="38.040320" lon="126.954340" sectionIndex="0" pointIndex="3723" originalElevation="80.3" isOriginalElevationFromOSM="true"><ele>79.0</ele></trkpt>
<trkpt lat="38.040190" lon="126.953700" sectionIndex="0" pointIndex="3724" originalElevation="79.0" isOriginalElevationFromOSM="true"><ele>79.0</ele></trkpt>
<trkpt lat="38.040170" lon="126.953390" sectionIndex="0" pointIndex="3725" originalElevation="78.8" isOriginalElevationFromOSM="true"><ele>78.3</ele></trkpt>
<trkpt lat="38.040190" lon="126.952740" sectionIndex="0" pointIndex="3726" originalElevation="77.9" isOriginalElevationFromOSM="true"><ele>76.4</ele></trkpt>
<trkpt lat="38.040270" lon="126.951630" sectionIndex="0" pointIndex="3727" originalElevation="75.3" isOriginalElevationFromOSM="true"><ele>74.1</ele></trkpt>
<trkpt lat="38.040360" lon="126.950630" sectionIndex="0" pointIndex="3728" originalElevation="70.8" isOriginalElevationFromOSM="true"><ele>71.4</ele></trkpt>
<trkpt lat="38.040390" lon="126.950090" sectionIndex="0" pointIndex="3729" originalElevation="67.8" isOriginalElevationFromOSM="true"><ele>68.5</ele></trkpt>
<trkpt lat="38.040320" lon="126.949450" sectionIndex="0" pointIndex="3730" originalElevation="65.3" isOriginalElevationFromOSM="true"><ele>65.8</ele></trkpt>
<trkpt lat="38.040080" lon="126.947360" sectionIndex="0" pointIndex="3731" originalElevation="63.4" isOriginalElevationFromOSM="true"><ele>64.3</ele></trkpt>
<trkpt lat="38.039920" lon="126.946690" sectionIndex="0" pointIndex="3732" originalElevation="61.6" isOriginalElevationFromOSM="true"><ele>63.5</ele></trkpt>
<trkpt lat="38.039810" lon="126.946370" sectionIndex="0" pointIndex="3733" originalElevation="63.2" isOriginalElevationFromOSM="true"><ele>63.0</ele></trkpt>
<trkpt lat="38.039560" lon="126.945780" sectionIndex="0" pointIndex="3734" originalElevation="63.9" isOriginalElevationFromOSM="true"><ele>62.7</ele></trkpt>
<trkpt lat="38.039290" lon="126.945450" sectionIndex="0" pointIndex="3735" originalElevation="62.9" isOriginalElevationFromOSM="true"><ele>62.4</ele></trkpt>
<trkpt lat="38.039070" lon="126.945260" sectionIndex="0" pointIndex="3736" originalElevation="61.7" isOriginalElevationFromOSM="true"><ele>61.1</ele></trkpt>
<trkpt lat="38.038620" lon="126.944830" sectionIndex="0" pointIndex="3737" originalElevation="60.3" isOriginalElevationFromOSM="true"><ele>59.6</ele></trkpt>
<trkpt lat="38.037700" lon="126.944030" sectionIndex="0" pointIndex="3738" originalElevation="56.9" isOriginalElevationFromOSM="true"><ele>58.4</ele></trkpt>
<trkpt lat="38.037460" lon="126.943760" sectionIndex="0" pointIndex="3739" originalElevation="56.4" isOriginalElevationFromOSM="true"><ele>57.2</ele></trkpt>
<trkpt lat="38.037350" lon="126.943610" sectionIndex="0" pointIndex="3740" originalElevation="56.5" isOriginalElevationFromOSM="true"><ele>56.0</ele></trkpt>
<trkpt lat="38.037210" lon="126.943370" sectionIndex="0" pointIndex="3741" originalElevation="55.9" isOriginalElevationFromOSM="true"><ele>55.2</ele></trkpt>
<trkpt lat="38.037120" lon="126.943120" sectionIndex="0" pointIndex="3742" originalElevation="54.1" isOriginalElevationFromOSM="true"><ele>54.5</ele></trkpt>
<trkpt lat="38.037100" lon="126.942680" sectionIndex="0" pointIndex="3743" originalElevation="53.0" isOriginalElevationFromOSM="true"><ele>53.7</ele></trkpt>
<trkpt lat="38.037120" lon="126.942540" sectionIndex="0" pointIndex="3744" originalElevation="53.2" isOriginalElevationFromOSM="true"><ele>52.0</ele></trkpt>
<trkpt lat="38.037230" lon="126.942270" sectionIndex="0" pointIndex="3745" originalElevation="52.3" isOriginalElevationFromOSM="true"><ele>50.5</ele></trkpt>
<trkpt lat="38.037690" lon="126.941410" sectionIndex="0" pointIndex="3746" originalElevation="47.3" isOriginalElevationFromOSM="true"><ele>48.9</ele></trkpt>
<trkpt lat="38.037970" lon="126.940810" sectionIndex="0" pointIndex="3747" originalElevation="46.7" isOriginalElevationFromOSM="true"><ele>47.0</ele></trkpt>
<trkpt lat="38.038040" lon="126.940350" sectionIndex="0" pointIndex="3748" originalElevation="44.9" isOriginalElevationFromOSM="true"><ele>45.1</ele></trkpt>
<trkpt lat="38.038110" lon="126.940020" sectionIndex="0" pointIndex="3749" originalElevation="43.8" isOriginalElevationFromOSM="true"><ele>44.1</ele></trkpt>
<trkpt lat="38.038210" lon="126.939300" sectionIndex="0" pointIndex="3750" originalElevation="42.7" isOriginalElevationFromOSM="true"><ele>43.2</ele></trkpt>
<trkpt lat="38.038290" lon="126.938930" sectionIndex="0" pointIndex="3751" originalElevation="42.5" isOriginalElevationFromOSM="true"><ele>42.5</ele></trkpt>
<trkpt lat="38.038330" lon="126.938580" sectionIndex="0" pointIndex="3752" originalElevation="42.3" isOriginalElevationFromOSM="true"><ele>41.8</ele></trkpt>
<trkpt lat="38.038440" lon="126.937860" sectionIndex="0" pointIndex="3753" originalElevation="41.1" isOriginalElevationFromOSM="true"><ele>41.7</ele></trkpt>
<trkpt lat="38.038490" lon="126.937470" sectionIndex="0" pointIndex="3754" originalElevation="40.5" isOriginalElevationFromOSM="true"><ele>41.8</ele></trkpt>
<trkpt lat="38.038550" lon="126.937120" sectionIndex="0" pointIndex="3755" originalElevation="42.2" isOriginalElevationFromOSM="true"><ele>42.4</ele></trkpt>
<trkpt lat="38.038550" lon="126.936910" sectionIndex="0" pointIndex="3756" originalElevation="43.1" isOriginalElevationFromOSM="true"><ele>43.5</ele></trkpt>
<trkpt lat="38.038510" lon="126.936600" sectionIndex="0" pointIndex="3757" originalElevation="45.0" isOriginalElevationFromOSM="true"><ele>45.0</ele></trkpt>
<trkpt lat="38.038460" lon="126.936490" sectionIndex="0" pointIndex="3758" originalElevation="46.6" isOriginalElevationFromOSM="true"><ele>45.5</ele></trkpt>
<trkpt lat="38.038310" lon="126.936290" sectionIndex="0" pointIndex="3759" originalElevation="48.0" isOriginalElevationFromOSM="true"><ele>45.1</ele></trkpt>
<trkpt lat="38.037730" lon="126.935630" sectionIndex="0" pointIndex="3760" originalElevation="44.6" isOriginalElevationFromOSM="true"><ele>44.4</ele></trkpt>
<trkpt lat="38.037480" lon="126.935240" sectionIndex="0" pointIndex="3761" originalElevation="41.3" isOriginalElevationFromOSM="true"><ele>43.3</ele></trkpt>
<trkpt lat="38.037400" lon="126.935050" sectionIndex="0" pointIndex="3762" originalElevation="41.4" isOriginalElevationFromOSM="true"><ele>42.0</ele></trkpt>
<trkpt lat="38.037350" lon="126.935000" sectionIndex="0" pointIndex="3763" originalElevation="41.3" isOriginalElevationFromOSM="true"><ele>41.3</ele></trkpt>
<trkpt lat="38.037320" lon="126.934940" sectionIndex="0" pointIndex="3764" originalElevation="41.3" isOriginalElevationFromOSM="true"><ele>41.2</ele></trkpt>
<trkpt lat="38.037260" lon="126.934840" sectionIndex="0" pointIndex="3765" originalElevation="41.1" isOriginalElevationFromOSM="true"><ele>41.1</ele></trkpt>
<trkpt lat="38.037190" lon="126.934700" sectionIndex="0" pointIndex="3766" originalElevation="41.0" isOriginalElevationFromOSM="true"><ele>40.9</ele></trkpt>
<trkpt lat="38.036720" lon="126.933660" sectionIndex="0" pointIndex="3767" originalElevation="40.9" isOriginalElevationFromOSM="true"><ele>40.7</ele></trkpt>
<trkpt lat="38.036470" lon="126.933180" sectionIndex="0" pointIndex="3768" originalElevation="40.3" isOriginalElevationFromOSM="true"><ele>40.4</ele></trkpt>
<trkpt lat="38.036420" lon="126.933040" sectionIndex="0" pointIndex="3769" originalElevation="40.3" isOriginalElevationFromOSM="true"><ele>40.5</ele></trkpt>
<trkpt lat="38.036110" lon="126.932460" sectionIndex="0" pointIndex="3770" originalElevation="39.3" isOriginalElevationFromOSM="true"><ele>41.2</ele></trkpt>
<trkpt lat="38.035670" lon="126.931300" sectionIndex="0" pointIndex="3771" originalElevation="41.9" isOriginalElevationFromOSM="true"><ele>41.7</ele></trkpt>
<trkpt lat="38.035460" lon="126.930700" sectionIndex="0" pointIndex="3772" originalElevation="44.2" isOriginalElevationFromOSM="true"><ele>42.0</ele></trkpt>
<trkpt lat="38.035120" lon="126.929610" sectionIndex="0" pointIndex="3773" originalElevation="43.0" isOriginalElevationFromOSM="true"><ele>42.8</ele></trkpt>
<trkpt lat="38.035040" lon="126.929240" sectionIndex="0" pointIndex="3774" originalElevation="41.8" isOriginalElevationFromOSM="true"><ele>43.2</ele></trkpt>
<trkpt lat="38.034990" lon="126.928880" sectionIndex="0" pointIndex="3775" originalElevation="42.9" isOriginalElevationFromOSM="true"><ele>43.2</ele></trkpt>
<trkpt lat="38.034860" lon="126.928550" sectionIndex="0" pointIndex="3776" originalElevation="43.9" isOriginalElevationFromOSM="true"><ele>43.5</ele></trkpt>
<trkpt lat="38.034680" lon="126.928140" sectionIndex="0" pointIndex="3777" originalElevation="44.2" isOriginalElevationFromOSM="true"><ele>44.0</ele></trkpt>
<trkpt lat="38.034560" lon="126.927920" sectionIndex="0" pointIndex="3778" originalElevation="44.5" isOriginalElevationFromOSM="true"><ele>44.1</ele></trkpt>
<trkpt lat="38.034390" lon="126.927780" sectionIndex="0" pointIndex="3779" originalElevation="44.4" isOriginalElevationFromOSM="true"><ele>43.6</ele></trkpt>
<trkpt lat="38.034080" lon="126.927660" sectionIndex="0" pointIndex="3780" originalElevation="43.4" isOriginalElevationFromOSM="true"><ele>43.0</ele></trkpt>
<trkpt lat="38.033760" lon="126.927430" sectionIndex="0" pointIndex="3781" originalElevation="41.6" isOriginalElevationFromOSM="true"><ele>42.5</ele></trkpt>
<trkpt lat="38.033650" lon="126.927210" sectionIndex="0" pointIndex="3782" originalElevation="41.3" isOriginalElevationFromOSM="true"><ele>41.8</ele></trkpt>
<trkpt lat="38.033600" lon="126.926860" sectionIndex="0" pointIndex="3783" originalElevation="42.1" isOriginalElevationFromOSM="true"><ele>41.1</ele></trkpt>
<trkpt lat="38.033590" lon="126.926150" sectionIndex="0" pointIndex="3784" originalElevation="40.8" isOriginalElevationFromOSM="true"><ele>39.9</ele></trkpt>
<trkpt lat="38.033590" lon="126.925840" sectionIndex="0" pointIndex="3785" originalElevation="39.8" isOriginalElevationFromOSM="true"><ele>38.2</ele></trkpt>
<trkpt lat="38.033570" lon="126.925260" sectionIndex="0" pointIndex="3786" originalElevation="35.6" isOriginalElevationFromOSM="true"><ele>35.9</ele></trkpt>
<trkpt lat="38.033590" lon="126.924690" sectionIndex="0" pointIndex="3787" originalElevation="32.8" isOriginalElevationFromOSM="true"><ele>33.1</ele></trkpt>
<trkpt lat="38.033690" lon="126.923060" sectionIndex="0" pointIndex="3788" originalElevation="30.3" isOriginalElevationFromOSM="true"><ele>30.3</ele></trkpt>
<trkpt lat="38.033680" lon="126.921600" sectionIndex="0" pointIndex="3789" originalElevation="27.3" isOriginalElevationFromOSM="true"><ele>28.0</ele></trkpt>
<trkpt lat="38.033720" lon="126.921170" sectionIndex="0" pointIndex="3790" originalElevation="25.4" isOriginalElevationFromOSM="true"><ele>26.3</ele></trkpt>
<trkpt lat="38.033830" lon="126.920620" sectionIndex="0" pointIndex="3791" originalElevation="24.1" isOriginalElevationFromOSM="true"><ele>25.1</ele></trkpt>
<trkpt lat="38.033880" lon="126.920400" sectionIndex="0" pointIndex="3792" originalElevation="24.2" isOriginalElevationFromOSM="true"><ele>24.5</ele></trkpt>
<trkpt lat="38.033860" lon="126.920200" sectionIndex="0" pointIndex="3793" originalElevation="24.3" isOriginalElevationFromOSM="true"><ele>24.1</ele></trkpt>
<trkpt lat="38.033760" lon="126.919960" sectionIndex="0" pointIndex="3794" originalElevation="24.4" isOriginalElevationFromOSM="true"><ele>24.1</ele></trkpt>
<trkpt lat="38.033270" lon="126.919010" sectionIndex="0" pointIndex="3795" originalElevation="23.4" isOriginalElevationFromOSM="true"><ele>24.2</ele></trkpt>
<trkpt lat="38.032910" lon="126.918400" sectionIndex="0" pointIndex="3796" originalElevation="24.1" isOriginalElevationFromOSM="true"><ele>24.4</ele></trkpt>
<trkpt lat="38.032799" lon="126.918239" sectionIndex="0" pointIndex="3797" originalElevation="25.0" isOriginalElevationFromOSM="false"><ele>24.5</ele></trkpt>
<trkpt lat="38.032774" lon="126.918190" sectionIndex="0" pointIndex="3798" originalElevation="25.0" isOriginalElevationFromOSM="false"><ele>24.8</ele></trkpt>
<trkpt lat="38.032750" lon="126.918142" sectionIndex="0" pointIndex="3799" originalElevation="25.0" isOriginalElevationFromOSM="false"><ele>25.0</ele></trkpt>
<trkpt lat="38.032726" lon="126.918094" sectionIndex="0" pointIndex="3800" originalElevation="25.0" isOriginalElevationFromOSM="false"><ele>25.0</ele></trkpt>
<trkpt lat="38.032702" lon="126.918046" sectionIndex="0" pointIndex="3801" originalElevation="25.0" isOriginalElevationFromOSM="false"><ele>25.0</ele></trkpt>
<trkpt lat="38.032678" lon="126.917998" sectionIndex="0" pointIndex="3802" originalElevation="25.0" isOriginalElevationFromOSM="false"><ele>25.0</ele></trkpt>
<trkpt lat="38.032654" lon="126.917949" sectionIndex="0" pointIndex="3803" originalElevation="25.0" isOriginalElevationFromOSM="false"><ele>25.0</ele></trkpt>
<trkpt lat="38.032630" lon="126.917901" sectionIndex="0" pointIndex="3804" originalElevation="25.0" isOriginalElevationFromOSM="false"><ele>25.0</ele></trkpt>
<trkpt lat="38.032606" lon="126.917853" sectionIndex="0" pointIndex="3805" originalElevation="25.0" isOriginalElevationFromOSM="false"><ele>25.0</ele></trkpt>
<trkpt lat="38.032582" lon="126.917805" sectionIndex="0" pointIndex="3806" originalElevation="25.0" isOriginalElevationFromOSM="false"><ele>25.0</ele></trkpt>
<trkpt lat="38.032558" lon="126.917757" sectionIndex="0" pointIndex="3807" originalElevation="25.0" isOriginalElevationFromOSM="false"><ele>25.0</ele></trkpt>
<trkpt lat="38.032534" lon="126.917708" sectionIndex="0" pointIndex="3808" originalElevation="25.0" isOriginalElevationFromOSM="false"><ele>25.0</ele></trkpt>
<trkpt lat="38.032510" lon="126.917660" sectionIndex="0" pointIndex="3809" originalElevation="25.0" isOriginalElevationFromOSM="false"><ele>25.0</ele></trkpt>
<trkpt lat="38.032486" lon="126.917612" sectionIndex="0" pointIndex="3810" originalElevation="25.0" isOriginalElevationFromOSM="false"><ele>25.0</ele></trkpt>
<trkpt lat="38.032462" lon="126.917564" sectionIndex="0" pointIndex="3811" originalElevation="25.0" isOriginalElevationFromOSM="false"><ele>25.0</ele></trkpt>
<trkpt lat="38.032424" lon="126.917534" sectionIndex="0" pointIndex="3812" originalElevation="25.0" isOriginalElevationFromOSM="false"><ele>25.0</ele></trkpt>
<trkpt lat="38.032386" lon="126.917504" sectionIndex="0" pointIndex="3813" originalElevation="25.0" isOriginalElevationFromOSM="false"><ele>25.0</ele></trkpt>
<trkpt lat="38.032348" lon="126.917474" sectionIndex="0" pointIndex="3814" originalElevation="25.0" isOriginalElevationFromOSM="false"><ele>25.0</ele></trkpt>
<trkpt lat="38.032309" lon="126.917444" sectionIndex="0" pointIndex="3815" originalElevation="25.0" isOriginalElevationFromOSM="false"><ele>25.0</ele></trkpt>
<trkpt lat="38.032271" lon="126.917415" sectionIndex="0" pointIndex="3816" originalElevation="25.0" isOriginalElevationFromOSM="false"><ele>25.0</ele></trkpt>
<trkpt lat="38.032233" lon="126.917385" sectionIndex="0" pointIndex="3817" originalElevation="25.0" isOriginalElevationFromOSM="false"><ele>25.0</ele></trkpt>
<trkpt lat="38.032195" lon="126.917355" sectionIndex="0" pointIndex="3818" originalElevation="25.0" isOriginalElevationFromOSM="false"><ele>25.0</ele></trkpt>
<trkpt lat="38.032156" lon="126.917325" sectionIndex="0" pointIndex="3819" originalElevation="25.0" isOriginalElevationFromOSM="false"><ele>25.0</ele></trkpt>
<trkpt lat="38.032118" lon="126.917295" sectionIndex="0" pointIndex="3820" originalElevation="25.0" isOriginalElevationFromOSM="false"><ele>25.0</ele></trkpt>
<trkpt lat="38.032080" lon="126.917265" sectionIndex="0" pointIndex="3821" originalElevation="25.0" isOriginalElevationFromOSM="false"><ele>25.0</ele></trkpt>
<trkpt lat="38.032042" lon="126.917235" sectionIndex="0" pointIndex="3822" originalElevation="25.0" isOriginalElevationFromOSM="false"><ele>25.0</ele></trkpt>
<trkpt lat="38.032003" lon="126.917205" sectionIndex="0" pointIndex="3823" originalElevation="25.0" isOriginalElevationFromOSM="false"><ele>25.0</ele></trkpt>
<trkpt lat="38.031965" lon="126.917175" sectionIndex="0" pointIndex="3824" originalElevation="25.0" isOriginalElevationFromOSM="false"><ele>25.0</ele></trkpt>
<trkpt lat="38.031927" lon="126.917145" sectionIndex="0" pointIndex="3825" originalElevation="25.0" isOriginalElevationFromOSM="false"><ele>25.0</ele></trkpt>
<trkpt lat="38.031889" lon="126.917115" sectionIndex="0" pointIndex="3826" originalElevation="25.0" isOriginalElevationFromOSM="false"><ele>25.0</ele></trkpt>
<trkpt lat="38.031850" lon="126.917086" sectionIndex="0" pointIndex="3827" originalElevation="25.0" isOriginalElevationFromOSM="false"><ele>25.0</ele></trkpt>
<trkpt lat="38.031812" lon="126.917056" sectionIndex="0" pointIndex="3828" originalElevation="25.0" isOriginalElevationFromOSM="false"><ele>25.0</ele></trkpt>
<trkpt lat="38.031774" lon="126.917026" sectionIndex="0" pointIndex="3829" originalElevation="25.0" isOriginalElevationFromOSM="false"><ele>25.0</ele></trkpt>
<trkpt lat="38.031736" lon="126.916996" sectionIndex="0" pointIndex="3830" originalElevation="25.0" isOriginalElevationFromOSM="false"><ele>25.0</ele></trkpt>
<trkpt lat="38.031697" lon="126.916966" sectionIndex="0" pointIndex="3831" originalElevation="25.0" isOriginalElevationFromOSM="false"><ele>25.0</ele></trkpt>
<trkpt lat="38.031659" lon="126.916936" sectionIndex="0" pointIndex="3832" originalElevation="25.0" isOriginalElevationFromOSM="false"><ele>25.0</ele></trkpt>
<trkpt lat="38.031621" lon="126.916906" sectionIndex="0" pointIndex="3833" originalElevation="25.0" isOriginalElevationFromOSM="false"><ele>25.0</ele></trkpt>
<trkpt lat="38.031583" lon="126.916876" sectionIndex="0" pointIndex="3834" originalElevation="25.0" isOriginalElevationFromOSM="false"><ele>25.0</ele></trkpt>
<trkpt lat="38.031544" lon="126.916846" sectionIndex="0" pointIndex="3835" originalElevation="25.0" isOriginalElevationFromOSM="false"><ele>25.0</ele></trkpt>
<trkpt lat="38.031506" lon="126.916816" sectionIndex="0" pointIndex="3836" originalElevation="25.0" isOriginalElevationFromOSM="false"><ele>25.0</ele></trkpt>
<trkpt lat="38.031468" lon="126.916787" sectionIndex="0" pointIndex="3837" originalElevation="25.0" isOriginalElevationFromOSM="false"><ele>25.0</ele></trkpt>
<trkpt lat="38.031430" lon="126.916757" sectionIndex="0" pointIndex="3838" originalElevation="25.0" isOriginalElevationFromOSM="false"><ele>25.0</ele></trkpt>
<trkpt lat="38.031392" lon="126.916727" sectionIndex="0" pointIndex="3839" originalElevation="25.0" isOriginalElevationFromOSM="false"><ele>25.0</ele></trkpt>
<trkpt lat="38.031353" lon="126.916697" sectionIndex="0" pointIndex="3840" originalElevation="25.0" isOriginalElevationFromOSM="false"><ele>24.6</ele></trkpt>
<trkpt lat="38.031315" lon="126.916667" sectionIndex="0" pointIndex="3841" originalElevation="25.0" isOriginalElevationFromOSM="false"><ele>24.2</ele></trkpt>
<trkpt lat="38.031277" lon="126.916637" sectionIndex="0" pointIndex="3842" originalElevation="23.0" isOriginalElevationFromOSM="false"><ele>23.8</ele></trkpt>
<trkpt lat="38.031239" lon="126.916607" sectionIndex="0" pointIndex="3843" originalElevation="23.0" isOriginalElevationFromOSM="false"><ele>23.4</ele></trkpt>
<trkpt lat="38.031200" lon="126.916577" sectionIndex="0" pointIndex="3844" originalElevation="23.0" isOriginalElevationFromOSM="false"><ele>23.0</ele></trkpt>
<trkpt lat="38.031186" lon="126.916566" sectionIndex="0" pointIndex="3845" originalElevation="23.0" isOriginalElevationFromOSM="false"><ele>23.0</ele></trkpt>
<trkpt lat="38.031143" lon="126.916552" sectionIndex="0" pointIndex="3846" originalElevation="23.0" isOriginalElevationFromOSM="false"><ele>23.0</ele></trkpt>
<trkpt lat="38.031099" lon="126.916537" sectionIndex="0" pointIndex="3847" originalElevation="23.0" isOriginalElevationFromOSM="false"><ele>23.0</ele></trkpt>
<trkpt lat="38.031056" lon="126.916522" sectionIndex="0" pointIndex="3848" originalElevation="23.0" isOriginalElevationFromOSM="false"><ele>23.0</ele></trkpt>
<trkpt lat="38.031013" lon="126.916508" sectionIndex="0" pointIndex="3849" originalElevation="23.0" isOriginalElevationFromOSM="false"><ele>23.0</ele></trkpt>
<trkpt lat="38.030969" lon="126.916493" sectionIndex="0" pointIndex="3850" originalElevation="23.0" isOriginalElevationFromOSM="false"><ele>23.0</ele></trkpt>
<trkpt lat="38.030926" lon="126.916479" sectionIndex="0" pointIndex="3851" originalElevation="23.0" isOriginalElevationFromOSM="false"><ele>23.0</ele></trkpt>
<trkpt lat="38.030882" lon="126.916464" sectionIndex="0" pointIndex="3852" originalElevation="23.0" isOriginalElevationFromOSM="false"><ele>23.0</ele></trkpt>
<trkpt lat="38.030839" lon="126.916449" sectionIndex="0" pointIndex="3853" originalElevation="23.0" isOriginalElevationFromOSM="false"><ele>23.0</ele></trkpt>
<trkpt lat="38.030796" lon="126.916435" sectionIndex="0" pointIndex="3854" originalElevation="23.0" isOriginalElevationFromOSM="false"><ele>23.0</ele></trkpt>
<trkpt lat="38.030772" lon="126.916427" sectionIndex="0" pointIndex="3855" originalElevation="23.0" isOriginalElevationFromOSM="false"><ele>23.0</ele></trkpt>
<trkpt lat="38.030731" lon="126.916449" sectionIndex="0" pointIndex="3856" originalElevation="23.0" isOriginalElevationFromOSM="false"><ele>23.0</ele></trkpt>
<trkpt lat="38.030690" lon="126.916472" sectionIndex="0" pointIndex="3857" originalElevation="23.0" isOriginalElevationFromOSM="false"><ele>23.0</ele></trkpt>
<trkpt lat="38.030649" lon="126.916495" sectionIndex="0" pointIndex="3858" originalElevation="23.0" isOriginalElevationFromOSM="false"><ele>23.0</ele></trkpt>
<trkpt lat="38.030607" lon="126.916517" sectionIndex="0" pointIndex="3859" originalElevation="23.0" isOriginalElevationFromOSM="false"><ele>23.0</ele></trkpt>
<trkpt lat="38.030566" lon="126.916540" sectionIndex="0" pointIndex="3860" originalElevation="23.0" isOriginalElevationFromOSM="false"><ele>23.0</ele></trkpt>
<trkpt lat="38.030525" lon="126.916563" sectionIndex="0" pointIndex="3861" originalElevation="23.0" isOriginalElevationFromOSM="false"><ele>23.0</ele></trkpt>
<trkpt lat="38.030484" lon="126.916585" sectionIndex="0" pointIndex="3862" originalElevation="23.0" isOriginalElevationFromOSM="false"><ele>23.0</ele></trkpt>
<trkpt lat="38.030442" lon="126.916608" sectionIndex="0" pointIndex="3863" originalElevation="23.0" isOriginalElevationFromOSM="false"><ele>23.0</ele></trkpt>
<trkpt lat="38.030401" lon="126.916631" sectionIndex="0" pointIndex="3864" originalElevation="23.0" isOriginalElevationFromOSM="false"><ele>26.6</ele></trkpt>
<trkpt lat="38.030360" lon="126.916654" sectionIndex="0" pointIndex="3865" originalElevation="23.0" isOriginalElevationFromOSM="false"><ele>30.2</ele></trkpt>
<trkpt lat="38.030319" lon="126.916676" sectionIndex="0" pointIndex="3866" originalElevation="41.0" isOriginalElevationFromOSM="false"><ele>33.8</ele></trkpt>
<trkpt lat="38.030278" lon="126.916699" sectionIndex="0" pointIndex="3867" originalElevation="41.0" isOriginalElevationFromOSM="false"><ele>37.4</ele></trkpt>
<trkpt lat="38.030265" lon="126.916706" sectionIndex="0" pointIndex="3868" originalElevation="41.0" isOriginalElevationFromOSM="false"><ele>41.0</ele></trkpt>
<trkpt lat="38.030221" lon="126.916696" sectionIndex="0" pointIndex="3869" originalElevation="41.0" isOriginalElevationFromOSM="false"><ele>41.0</ele></trkpt>
<trkpt lat="38.030177" lon="126.916686" sectionIndex="0" pointIndex="3870" originalElevation="41.0" isOriginalElevationFromOSM="false"><ele>41.0</ele></trkpt>
<trkpt lat="38.030132" lon="126.916677" sectionIndex="0" pointIndex="3871" originalElevation="41.0" isOriginalElevationFromOSM="false"><ele>37.4</ele></trkpt>
<trkpt lat="38.030088" lon="126.916667" sectionIndex="0" pointIndex="3872" originalElevation="41.0" isOriginalElevationFromOSM="false"><ele>33.8</ele></trkpt>
<trkpt lat="38.030044" lon="126.916658" sectionIndex="0" pointIndex="3873" originalElevation="23.0" isOriginalElevationFromOSM="false"><ele>30.2</ele></trkpt>
<trkpt lat="38.030000" lon="126.916648" sectionIndex="0" pointIndex="3874" originalElevation="23.0" isOriginalElevationFromOSM="false"><ele>26.6</ele></trkpt>
<trkpt lat="38.029955" lon="126.916638" sectionIndex="0" pointIndex="3875" originalElevation="23.0" isOriginalElevationFromOSM="false"><ele>23.0</ele></trkpt>
<trkpt lat="38.029911" lon="126.916629" sectionIndex="0" pointIndex="3876" originalElevation="23.0" isOriginalElevationFromOSM="false"><ele>23.0</ele></trkpt>
<trkpt lat="38.029867" lon="126.916619" sectionIndex="0" pointIndex="3877" originalElevation="23.0" isOriginalElevationFromOSM="false"><ele>23.0</ele></trkpt>
<trkpt lat="38.029822" lon="126.916609" sectionIndex="0" pointIndex="3878" originalElevation="23.0" isOriginalElevationFromOSM="false"><ele>23.0</ele></trkpt>
<trkpt lat="38.029778" lon="126.916600" sectionIndex="0" pointIndex="3879" originalElevation="23.0" isOriginalElevationFromOSM="false"><ele>23.0</ele></trkpt>
<trkpt lat="38.029734" lon="126.916590" sectionIndex="0" pointIndex="3880" originalElevation="23.0" isOriginalElevationFromOSM="false"><ele>23.0</ele></trkpt>
<trkpt lat="38.029690" lon="126.916580" sectionIndex="0" pointIndex="3881" originalElevation="23.0" isOriginalElevationFromOSM="false"><ele>23.0</ele></trkpt>
<trkpt lat="38.029645" lon="126.916571" sectionIndex="0" pointIndex="3882" originalElevation="23.0" isOriginalElevationFromOSM="false"><ele>23.0</ele></trkpt>
<trkpt lat="38.029601" lon="126.916561" sectionIndex="0" pointIndex="3883" originalElevation="23.0" isOriginalElevationFromOSM="false"><ele>23.0</ele></trkpt>
<trkpt lat="38.029557" lon="126.916552" sectionIndex="0" pointIndex="3884" originalElevation="23.0" isOriginalElevationFromOSM="false"><ele>23.0</ele></trkpt>
<trkpt lat="38.029513" lon="126.916542" sectionIndex="0" pointIndex="3885" originalElevation="23.0" isOriginalElevationFromOSM="false"><ele>23.0</ele></trkpt>
<trkpt lat="38.029468" lon="126.916532" sectionIndex="0" pointIndex="3886" originalElevation="23.0" isOriginalElevationFromOSM="false"><ele>23.0</ele></trkpt>
<trkpt lat="38.029424" lon="126.916523" sectionIndex="0" pointIndex="3887" originalElevation="23.0" isOriginalElevationFromOSM="false"><ele>23.0</ele></trkpt>
<trkpt lat="38.029380" lon="126.916513" sectionIndex="0" pointIndex="3888" originalElevation="23.0" isOriginalElevationFromOSM="false"><ele>23.0</ele></trkpt>
<trkpt lat="38.029335" lon="126.916503" sectionIndex="0" pointIndex="3889" originalElevation="23.0" isOriginalElevationFromOSM="false"><ele>23.0</ele></trkpt>
<trkpt lat="38.029291" lon="126.916494" sectionIndex="0" pointIndex="3890" originalElevation="23.0" isOriginalElevationFromOSM="false"><ele>23.0</ele></trkpt>
<trkpt lat="38.029247" lon="126.916484" sectionIndex="0" pointIndex="3891" originalElevation="23.0" isOriginalElevationFromOSM="false"><ele>22.6</ele></trkpt>
<trkpt lat="38.029203" lon="126.916475" sectionIndex="0" pointIndex="3892" originalElevation="23.0" isOriginalElevationFromOSM="false"><ele>22.2</ele></trkpt>
<trkpt lat="38.029158" lon="126.916465" sectionIndex="0" pointIndex="3893" originalElevation="21.0" isOriginalElevationFromOSM="false"><ele>21.8</ele></trkpt>
<trkpt lat="38.029114" lon="126.916455" sectionIndex="0" pointIndex="3894" originalElevation="21.0" isOriginalElevationFromOSM="false"><ele>21.4</ele></trkpt>
<trkpt lat="38.029070" lon="126.916446" sectionIndex="0" pointIndex="3895" originalElevation="21.0" isOriginalElevationFromOSM="false"><ele>21.0</ele></trkpt>
<trkpt lat="38.029026" lon="126.916436" sectionIndex="0" pointIndex="3896" originalElevation="21.0" isOriginalElevationFromOSM="false"><ele>21.0</ele></trkpt>
<trkpt lat="38.028981" lon="126.916426" sectionIndex="0" pointIndex="3897" originalElevation="21.0" isOriginalElevationFromOSM="false"><ele>21.0</ele></trkpt>
<trkpt lat="38.028937" lon="126.916417" sectionIndex="0" pointIndex="3898" originalElevation="21.0" isOriginalElevationFromOSM="false"><ele>21.0</ele></trkpt>
<trkpt lat="38.028893" lon="126.916407" sectionIndex="0" pointIndex="3899" originalElevation="21.0" isOriginalElevationFromOSM="false"><ele>21.0</ele></trkpt>
<trkpt lat="38.028848" lon="126.916397" sectionIndex="0" pointIndex="3900" originalElevation="21.0" isOriginalElevationFromOSM="false"><ele>21.0</ele></trkpt>
<trkpt lat="38.028804" lon="126.916388" sectionIndex="0" pointIndex="3901" originalElevation="21.0" isOriginalElevationFromOSM="false"><ele>21.0</ele></trkpt>
<trkpt lat="38.028760" lon="126.916378" sectionIndex="0" pointIndex="3902" originalElevation="21.0" isOriginalElevationFromOSM="false"><ele>21.0</ele></trkpt>
<trkpt lat="38.028716" lon="126.916369" sectionIndex="0" pointIndex="3903" originalElevation="21.0" isOriginalElevationFromOSM="false"><ele>21.0</ele></trkpt>
<trkpt lat="38.028671" lon="126.916359" sectionIndex="0" pointIndex="3904" originalElevation="21.0" isOriginalElevationFromOSM="false"><ele>21.0</ele></trkpt>
<trkpt lat="38.028627" lon="126.916349" sectionIndex="0" pointIndex="3905" originalElevation="21.0" isOriginalElevationFromOSM="false"><ele>21.0</ele></trkpt>
<trkpt lat="38.028583" lon="126.916340" sectionIndex="0" pointIndex="3906" originalElevation="21.0" isOriginalElevationFromOSM="false"><ele>21.0</ele></trkpt>
<trkpt lat="38.028539" lon="126.916330" sectionIndex="0" pointIndex="3907" originalElevation="21.0" isOriginalElevationFromOSM="false"><ele>21.0</ele></trkpt>
<trkpt lat="38.028494" lon="126.916320" sectionIndex="0" pointIndex="3908" originalElevation="21.0" isOriginalElevationFromOSM="false"><ele>21.0</ele></trkpt>
<trkpt lat="38.028450" lon="126.916311" sectionIndex="0" pointIndex="3909" originalElevation="21.0" isOriginalElevationFromOSM="false"><ele>21.0</ele></trkpt>
<trkpt lat="38.028406" lon="126.916301" sectionIndex="0" pointIndex="3910" originalElevation="21.0" isOriginalElevationFromOSM="false"><ele>21.0</ele></trkpt>
<trkpt lat="38.028362" lon="126.916291" sectionIndex="0" pointIndex="3911" originalElevation="21.0" isOriginalElevationFromOSM="false"><ele>21.0</ele></trkpt>
<trkpt lat="38.028317" lon="126.916282" sectionIndex="0" pointIndex="3912" originalElevation="21.0" isOriginalElevationFromOSM="false"><ele>21.0</ele></trkpt>
<trkpt lat="38.028273" lon="126.916272" sectionIndex="0" pointIndex="3913" originalElevation="21.0" isOriginalElevationFromOSM="false"><ele>21.0</ele></trkpt>
<trkpt lat="38.028229" lon="126.916263" sectionIndex="0" pointIndex="3914" originalElevation="21.0" isOriginalElevationFromOSM="false"><ele>21.0</ele></trkpt>
<trkpt lat="38.028184" lon="126.916253" sectionIndex="0" pointIndex="3915" originalElevation="21.0" isOriginalElevationFromOSM="false"><ele>21.0</ele></trkpt>
<trkpt lat="38.028140" lon="126.916243" sectionIndex="0" pointIndex="3916" originalElevation="21.0" isOriginalElevationFromOSM="false"><ele>21.0</ele></trkpt>
<trkpt lat="38.028096" lon="126.916234" sectionIndex="0" pointIndex="3917" originalElevation="21.0" isOriginalElevationFromOSM="false"><ele>21.0</ele></trkpt>
<trkpt lat="38.028052" lon="126.916224" sectionIndex="0" pointIndex="3918" originalElevation="21.0" isOriginalElevationFromOSM="false"><ele>21.0</ele></trkpt>
<trkpt lat="38.028007" lon="126.916214" sectionIndex="0" pointIndex="3919" originalElevation="21.0" isOriginalElevationFromOSM="false"><ele>21.0</ele></trkpt>
<trkpt lat="38.027963" lon="126.916205" sectionIndex="0" pointIndex="3920" originalElevation="21.0" isOriginalElevationFromOSM="false"><ele>21.0</ele></trkpt>
<trkpt lat="38.027919" lon="126.916195" sectionIndex="0" pointIndex="3921" originalElevation="21.0" isOriginalElevationFromOSM="false"><ele>23.4</ele></trkpt>
<trkpt lat="38.027899" lon="126.916191" sectionIndex="0" pointIndex="3922" originalElevation="21.0" isOriginalElevationFromOSM="false"><ele>24.1</ele></trkpt>
<trkpt lat="38.026724" lon="126.915274" sectionIndex="0" pointIndex="3923" originalElevation="33.0" isOriginalElevationFromOSM="false"><ele>24.6</ele></trkpt>
<trkpt lat="38.026660" lon="126.915210" sectionIndex="0" pointIndex="3924" originalElevation="24.6" isOriginalElevationFromOSM="true"><ele>24.7</ele></trkpt>
<trkpt lat="38.025940" lon="126.914600" sectionIndex="0" pointIndex="3925" originalElevation="23.4" isOriginalElevationFromOSM="true"><ele>24.3</ele></trkpt>
<trkpt lat="38.024940" lon="126.913830" sectionIndex="0" pointIndex="3926" originalElevation="21.4" isOriginalElevationFromOSM="true"><ele>21.5</ele></trkpt>
<trkpt lat="38.022580" lon="126.911830" sectionIndex="0" pointIndex="3927" originalElevation="19.1" isOriginalElevationFromOSM="true"><ele>20.6</ele></trkpt>
<trkpt lat="38.022210" lon="126.911510" sectionIndex="0" pointIndex="3928" originalElevation="18.9" isOriginalElevationFromOSM="true"><ele>20.2</ele></trkpt>
<trkpt lat="38.021550" lon="126.910980" sectionIndex="0" pointIndex="3929" originalElevation="20.5" isOriginalElevationFromOSM="true"><ele>20.2</ele></trkpt>
<trkpt lat="38.021330" lon="126.910770" sectionIndex="0" pointIndex="3930" originalElevation="21.1" isOriginalElevationFromOSM="true"><ele>20.4</ele></trkpt>
<trkpt lat="38.021080" lon="126.910580" sectionIndex="0" pointIndex="3931" originalElevation="21.3" isOriginalElevationFromOSM="true"><ele>20.2</ele></trkpt>
<trkpt lat="38.020650" lon="126.910190" sectionIndex="0" pointIndex="3932" originalElevation="20.2" isOriginalElevationFromOSM="true"><ele>20.5</ele></trkpt>
<trkpt lat="38.020090" lon="126.909740" sectionIndex="0" pointIndex="3933" originalElevation="17.9" isOriginalElevationFromOSM="true"><ele>21.7</ele></trkpt>
<trkpt lat="38.019320" lon="126.909090" sectionIndex="0" pointIndex="3934" originalElevation="21.9" isOriginalElevationFromOSM="true"><ele>23.6</ele></trkpt>
<trkpt lat="38.019010" lon="126.908850" sectionIndex="0" pointIndex="3935" originalElevation="27.1" isOriginalElevationFromOSM="true"><ele>26.3</ele></trkpt>
<trkpt lat="38.018700" lon="126.908690" sectionIndex="0" pointIndex="3936" originalElevation="31.2" isOriginalElevationFromOSM="true"><ele>27.9</ele></trkpt>
<trkpt lat="38.018210" lon="126.908650" sectionIndex="0" pointIndex="3937" originalElevation="33.5" isOriginalElevationFromOSM="true"><ele>27.1</ele></trkpt>
<trkpt lat="38.016940" lon="126.908780" sectionIndex="0" pointIndex="3938" originalElevation="25.6" isOriginalElevationFromOSM="true"><ele>25.6</ele></trkpt>
<trkpt lat="38.015540" lon="126.908960" sectionIndex="0" pointIndex="3939" originalElevation="18.4" isOriginalElevationFromOSM="true"><ele>23.6</ele></trkpt>
<trkpt lat="38.013920" lon="126.909100" sectionIndex="0" pointIndex="3940" originalElevation="19.4" isOriginalElevationFromOSM="true"><ele>21.1</ele></trkpt>
<trkpt lat="38.013300" lon="126.909130" sectionIndex="0" pointIndex="3941" originalElevation="21.0" isOriginalElevationFromOSM="true"><ele>21.1</ele></trkpt>
<trkpt lat="38.013190" lon="126.909160" sectionIndex="0" pointIndex="3942" originalElevation="21.3" isOriginalElevationFromOSM="true"><ele>22.9</ele></trkpt>
<trkpt lat="38.012500" lon="126.909200" sectionIndex="0" pointIndex="3943" originalElevation="25.3" isOriginalElevationFromOSM="true"><ele>24.5</ele></trkpt>
<trkpt lat="38.011910" lon="126.909210" sectionIndex="0" pointIndex="3944" originalElevation="27.3" isOriginalElevationFromOSM="true"><ele>25.8</ele></trkpt>
<trkpt lat="38.011740" lon="126.909190" sectionIndex="0" pointIndex="3945" originalElevation="27.7" isOriginalElevationFromOSM="true"><ele>26.7</ele></trkpt>
<trkpt lat="38.011290" lon="126.909070" sectionIndex="0" pointIndex="3946" originalElevation="27.6" isOriginalElevationFromOSM="true"><ele>27.0</ele></trkpt>
<trkpt lat="38.010910" lon="126.908920" sectionIndex="0" pointIndex="3947" originalElevation="25.8" isOriginalElevationFromOSM="true"><ele>26.8</ele></trkpt>
<trkpt lat="38.009400" lon="126.908240" sectionIndex="0" pointIndex="3948" originalElevation="26.6" isOriginalElevationFromOSM="true"><ele>26.4</ele></trkpt>
<trkpt lat="38.009070" lon="126.908070" sectionIndex="0" pointIndex="3949" originalElevation="26.2" isOriginalElevationFromOSM="true"><ele>26.0</ele></trkpt>
<trkpt lat="38.008710" lon="126.907810" sectionIndex="0" pointIndex="3950" originalElevation="25.9" isOriginalElevationFromOSM="true"><ele>25.4</ele></trkpt>
<trkpt lat="38.008540" lon="126.907630" sectionIndex="0" pointIndex="3951" originalElevation="25.6" isOriginalElevationFromOSM="true"><ele>24.2</ele></trkpt>
<trkpt lat="38.008300" lon="126.907330" sectionIndex="0" pointIndex="3952" originalElevation="22.8" isOriginalElevationFromOSM="true"><ele>22.6</ele></trkpt>
<trkpt lat="38.008140" lon="126.907080" sectionIndex="0" pointIndex="3953" originalElevation="20.5" isOriginalElevationFromOSM="true"><ele>21.1</ele></trkpt>
<trkpt lat="38.007860" lon="126.906490" sectionIndex="0" pointIndex="3954" originalElevation="18.2" isOriginalElevationFromOSM="true"><ele>19.8</ele></trkpt>
<trkpt lat="38.007680" lon="126.905990" sectionIndex="0" pointIndex="3955" originalElevation="18.2" isOriginalElevationFromOSM="true"><ele>19.1</ele></trkpt>
<trkpt lat="38.007550" lon="126.905580" sectionIndex="0" pointIndex="3956" originalElevation="19.4" isOriginalElevationFromOSM="true"><ele>18.9</ele></trkpt>
<trkpt lat="38.007460" lon="126.905360" sectionIndex="0" pointIndex="3957" originalElevation="19.4" isOriginalElevationFromOSM="true"><ele>19.2</ele></trkpt>
<trkpt lat="38.007390" lon="126.905130" sectionIndex="0" pointIndex="3958" originalElevation="19.5" isOriginalElevationFromOSM="true"><ele>19.4</ele></trkpt>
<trkpt lat="38.007120" lon="126.904380" sectionIndex="0" pointIndex="3959" originalElevation="19.6" isOriginalElevationFromOSM="true"><ele>19.4</ele></trkpt>
<trkpt lat="38.007080" lon="126.904190" sectionIndex="0" pointIndex="3960" originalElevation="19.4" isOriginalElevationFromOSM="true"><ele>18.8</ele></trkpt>
<trkpt lat="38.007000" lon="126.904020" sectionIndex="0" pointIndex="3961" originalElevation="19.0" isOriginalElevationFromOSM="true"><ele>17.7</ele></trkpt>
<trkpt lat="38.006810" lon="126.903400" sectionIndex="0" pointIndex="3962" originalElevation="16.6" isOriginalElevationFromOSM="true"><ele>16.7</ele></trkpt>
<trkpt lat="38.006650" lon="126.902970" sectionIndex="0" pointIndex="3963" originalElevation="14.1" isOriginalElevationFromOSM="true"><ele>15.9</ele></trkpt>
<trkpt lat="38.006520" lon="126.902550" sectionIndex="0" pointIndex="3964" originalElevation="14.5" isOriginalElevationFromOSM="true"><ele>15.4</ele></trkpt>
<trkpt lat="38.006430" lon="126.902330" sectionIndex="0" pointIndex="3965" originalElevation="15.4" isOriginalElevationFromOSM="true"><ele>15.5</ele></trkpt>
<trkpt lat="38.006360" lon="126.902110" sectionIndex="0" pointIndex="3966" originalElevation="16.3" isOriginalElevationFromOSM="true"><ele>16.1</ele></trkpt>
<trkpt lat="38.006210" lon="126.901690" sectionIndex="0" pointIndex="3967" originalElevation="17.4" isOriginalElevationFromOSM="true"><ele>16.4</ele></trkpt>
<trkpt lat="38.006070" lon="126.901240" sectionIndex="0" pointIndex="3968" originalElevation="16.9" isOriginalElevationFromOSM="true"><ele>16.7</ele></trkpt>
<trkpt lat="38.005940" lon="126.900890" sectionIndex="0" pointIndex="3969" originalElevation="16.3" isOriginalElevationFromOSM="true"><ele>17.1</ele></trkpt>
<trkpt lat="38.005870" lon="126.900680" sectionIndex="0" pointIndex="3970" originalElevation="16.8" isOriginalElevationFromOSM="true"><ele>17.9</ele></trkpt>
<trkpt lat="38.005830" lon="126.900430" sectionIndex="0" pointIndex="3971" originalElevation="17.9" isOriginalElevationFromOSM="true"><ele>19.3</ele></trkpt>
<trkpt lat="38.005690" lon="126.899280" sectionIndex="0" pointIndex="3972" originalElevation="21.6" isOriginalElevationFromOSM="true"><ele>20.6</ele></trkpt>
<trkpt lat="38.005620" lon="126.898350" sectionIndex="0" pointIndex="3973" originalElevation="24.1" isOriginalElevationFromOSM="true"><ele>21.7</ele></trkpt>
<trkpt lat="38.005620" lon="126.897930" sectionIndex="0" pointIndex="3974" originalElevation="22.9" isOriginalElevationFromOSM="true"><ele>22.0</ele></trkpt>
<trkpt lat="38.005740" lon="126.897350" sectionIndex="0" pointIndex="3975" originalElevation="21.9" isOriginalElevationFromOSM="true"><ele>20.9</ele></trkpt>
<trkpt lat="38.005800" lon="126.896910" sectionIndex="0" pointIndex="3976" originalElevation="19.5" isOriginalElevationFromOSM="true"><ele>19.1</ele></trkpt>
<trkpt lat="38.005980" lon="126.896040" sectionIndex="0" pointIndex="3977" originalElevation="16.2" isOriginalElevationFromOSM="true"><ele>17.5</ele></trkpt>
<trkpt lat="38.006070" lon="126.895590" sectionIndex="0" pointIndex="3978" originalElevation="15.1" isOriginalElevationFromOSM="true"><ele>16.2</ele></trkpt>
<trkpt lat="38.006140" lon="126.895390" sectionIndex="0" pointIndex="3979" originalElevation="14.9" isOriginalElevationFromOSM="true"><ele>15.4</ele></trkpt>
<trkpt lat="38.006250" lon="126.894780" sectionIndex="0" pointIndex="3980" originalElevation="15.1" isOriginalElevationFromOSM="true"><ele>15.3</ele></trkpt>
<trkpt lat="38.006290" lon="126.894360" sectionIndex="0" pointIndex="3981" originalElevation="15.6" isOriginalElevationFromOSM="true"><ele>15.4</ele></trkpt>
<trkpt lat="38.006250" lon="126.893900" sectionIndex="0" pointIndex="3982" originalElevation="15.7" isOriginalElevationFromOSM="true"><ele>15.6</ele></trkpt>
<trkpt lat="38.006140" lon="126.893480" sectionIndex="0" pointIndex="3983" originalElevation="15.6" isOriginalElevationFromOSM="true"><ele>15.8</ele></trkpt>
<trkpt lat="38.006050" lon="126.893060" sectionIndex="0" pointIndex="3984" originalElevation="15.9" isOriginalElevationFromOSM="true"><ele>15.9</ele></trkpt>
<trkpt lat="38.005980" lon="126.892840" sectionIndex="0" pointIndex="3985" originalElevation="16.0" isOriginalElevationFromOSM="true"><ele>15.8</ele></trkpt>
<trkpt lat="38.005780" lon="126.892020" sectionIndex="0" pointIndex="3986" originalElevation="16.4" isOriginalElevationFromOSM="true"><ele>15.6</ele></trkpt>
<trkpt lat="38.005290" lon="126.890180" sectionIndex="0" pointIndex="3987" originalElevation="15.0" isOriginalElevationFromOSM="true"><ele>15.3</ele></trkpt>
<trkpt lat="38.005200" lon="126.889780" sectionIndex="0" pointIndex="3988" originalElevation="14.6" isOriginalElevationFromOSM="true"><ele>15.1</ele></trkpt>
<trkpt lat="38.005150" lon="126.889400" sectionIndex="0" pointIndex="3989" originalElevation="14.6" isOriginalElevationFromOSM="true"><ele>15.1</ele></trkpt>
<trkpt lat="38.005130" lon="126.888970" sectionIndex="0" pointIndex="3990" originalElevation="14.8" isOriginalElevationFromOSM="true"><ele>16.9</ele></trkpt>
<trkpt lat="38.005170" lon="126.887990" sectionIndex="0" pointIndex="3991" originalElevation="16.6" isOriginalElevationFromOSM="true"><ele>18.9</ele></trkpt>
<trkpt lat="38.005310" lon="126.885870" sectionIndex="0" pointIndex="3992" originalElevation="23.8" isOriginalElevationFromOSM="true"><ele>20.8</ele></trkpt>
<trkpt lat="38.005310" lon="126.885460" sectionIndex="0" pointIndex="3993" originalElevation="24.6" isOriginalElevationFromOSM="true"><ele>22.8</ele></trkpt>
<trkpt lat="38.005400" lon="126.884130" sectionIndex="0" pointIndex="3994" originalElevation="24.3" isOriginalElevationFromOSM="true"><ele>24.4</ele></trkpt>
<trkpt lat="38.005400" lon="126.883580" sectionIndex="0" pointIndex="3995" originalElevation="24.6" isOriginalElevationFromOSM="true"><ele>24.8</ele></trkpt>
<trkpt lat="38.005380" lon="126.883260" sectionIndex="0" pointIndex="3996" originalElevation="24.9" isOriginalElevationFromOSM="true"><ele>24.9</ele></trkpt>
<trkpt lat="38.005290" lon="126.882810" sectionIndex="0" pointIndex="3997" originalElevation="25.6" isOriginalElevationFromOSM="true"><ele>24.6</ele></trkpt>
<trkpt lat="38.005200" lon="126.882510" sectionIndex="0" pointIndex="3998" originalElevation="25.3" isOriginalElevationFromOSM="true"><ele>23.8</ele></trkpt>
<trkpt lat="38.005090" lon="126.882290" sectionIndex="0" pointIndex="3999" originalElevation="22.9" isOriginalElevationFromOSM="true"><ele>22.7</ele></trkpt>
<trkpt lat="38.004570" lon="126.881440" sectionIndex="0" pointIndex="4000" originalElevation="20.2" isOriginalElevationFromOSM="true"><ele>21.4</ele></trkpt>
<trkpt lat="38.004350" lon="126.881010" sectionIndex="0" pointIndex="4001" originalElevation="19.5" isOriginalElevationFromOSM="true"><ele>19.9</ele></trkpt>
<trkpt lat="38.004210" lon="126.880800" sectionIndex="0" pointIndex="4002" originalElevation="18.9" isOriginalElevationFromOSM="true"><ele>18.8</ele></trkpt>
<trkpt lat="38.004100" lon="126.880570" sectionIndex="0" pointIndex="4003" originalElevation="18.1" isOriginalElevationFromOSM="true"><ele>18.4</ele></trkpt>
<trkpt lat="38.004010" lon="126.880340" sectionIndex="0" pointIndex="4004" originalElevation="17.3" isOriginalElevationFromOSM="true"><ele>18.5</ele></trkpt>
<trkpt lat="38.003860" lon="126.879610" sectionIndex="0" pointIndex="4005" originalElevation="18.5" isOriginalElevationFromOSM="true"><ele>18.8</ele></trkpt>
<trkpt lat="38.003790" lon="126.879370" sectionIndex="0" pointIndex="4006" originalElevation="19.6" isOriginalElevationFromOSM="true"><ele>19.2</ele></trkpt>
<trkpt lat="38.003700" lon="126.879140" sectionIndex="0" pointIndex="4007" originalElevation="20.4" isOriginalElevationFromOSM="true"><ele>19.7</ele></trkpt>
<trkpt lat="38.003540" lon="126.878860" sectionIndex="0" pointIndex="4008" originalElevation="20.3" isOriginalElevationFromOSM="true"><ele>20.4</ele></trkpt>
<trkpt lat="38.003220" lon="126.878480" sectionIndex="0" pointIndex="4009" originalElevation="19.7" isOriginalElevationFromOSM="true"><ele>21.4</ele></trkpt>
<trkpt lat="38.002140" lon="126.877440" sectionIndex="0" pointIndex="4010" originalElevation="22.2" isOriginalElevationFromOSM="true"><ele>21.8</ele></trkpt>
<trkpt lat="38.001390" lon="126.876890" sectionIndex="0" pointIndex="4011" originalElevation="24.5" isOriginalElevationFromOSM="true"><ele>22.3</ele></trkpt>
<trkpt lat="38.001040" lon="126.876700" sectionIndex="0" pointIndex="4012" originalElevation="22.4" isOriginalElevationFromOSM="true"><ele>23.8</ele></trkpt>
<trkpt lat="37.999890" lon="126.876350" sectionIndex="0" pointIndex="4013" originalElevation="22.8" isOriginalElevationFromOSM="true"><ele>24.2</ele></trkpt>
<trkpt lat="37.998860" lon="126.876060" sectionIndex="0" pointIndex="4014" originalElevation="26.9" isOriginalElevationFromOSM="true"><ele>24.8</ele></trkpt>
<trkpt lat="37.997120" lon="126.875840" sectionIndex="0" pointIndex="4015" originalElevation="24.4" isOriginalElevationFromOSM="true"><ele>27.2</ele></trkpt>
<trkpt lat="37.996180" lon="126.875750" sectionIndex="0" pointIndex="4016" originalElevation="27.5" isOriginalElevationFromOSM="true"><ele>30.4</ele></trkpt>
<trkpt lat="37.995500" lon="126.875990" sectionIndex="0" pointIndex="4017" originalElevation="34.2" isOriginalElevationFromOSM="true"><ele>33.2</ele></trkpt>
<trkpt lat="37.995100" lon="126.876230" sectionIndex="0" pointIndex="4018" originalElevation="38.8" isOriginalElevationFromOSM="true"><ele>36.5</ele></trkpt>
<trkpt lat="37.994810" lon="126.875080" sectionIndex="0" pointIndex="4019" originalElevation="41.3" isOriginalElevationFromOSM="true"><ele>42.3</ele></trkpt>
<trkpt lat="37.994540" lon="126.874240" sectionIndex="0" pointIndex="4020" originalElevation="40.8" isOriginalElevationFromOSM="true"><ele>48.0</ele></trkpt>
<trkpt lat="37.994010" lon="126.872950" sectionIndex="0" pointIndex="4021" originalElevation="56.5" isOriginalElevationFromOSM="true"><ele>52.0</ele></trkpt>
<trkpt lat="37.993310" lon="126.871750" sectionIndex="0" pointIndex="4022" originalElevation="62.9" isOriginalElevationFromOSM="true"><ele>55.1</ele></trkpt>
<trkpt lat="37.992990" lon="126.871010" sectionIndex="0" pointIndex="4023" originalElevation="58.4" isOriginalElevationFromOSM="true"><ele>56.0</ele></trkpt>
<trkpt lat="37.992950" lon="126.870760" sectionIndex="0" pointIndex="4024" originalElevation="56.9" isOriginalElevationFromOSM="true"><ele>54.1</ele></trkpt>
<trkpt lat="37.993310" lon="126.868800" sectionIndex="0" pointIndex="4025" originalElevation="45.5" isOriginalElevationFromOSM="true"><ele>51.3</ele></trkpt>
<trkpt lat="37.993340" lon="126.868460" sectionIndex="0" pointIndex="4026" originalElevation="46.8" isOriginalElevationFromOSM="true"><ele>47.5</ele></trkpt>
<trkpt lat="37.993160" lon="126.867880" sectionIndex="0" pointIndex="4027" originalElevation="49.1" isOriginalElevationFromOSM="true"><ele>42.5</ele></trkpt>
<trkpt lat="37.992750" lon="126.866960" sectionIndex="0" pointIndex="4028" originalElevation="39.0" isOriginalElevationFromOSM="true"><ele>39.6</ele></trkpt>
<trkpt lat="37.992510" lon="126.865780" sectionIndex="0" pointIndex="4029" originalElevation="32.2" isOriginalElevationFromOSM="true"><ele>35.7</ele></trkpt>
<trkpt lat="37.992370" lon="126.865520" sectionIndex="0" pointIndex="4030" originalElevation="30.7" isOriginalElevationFromOSM="true"><ele>31.5</ele></trkpt>
<trkpt lat="37.991770" lon="126.864820" sectionIndex="0" pointIndex="4031" originalElevation="27.7" isOriginalElevationFromOSM="true"><ele>29.0</ele></trkpt>
<trkpt lat="37.991290" lon="126.864300" sectionIndex="0" pointIndex="4032" originalElevation="27.9" isOriginalElevationFromOSM="true"><ele>27.3</ele></trkpt>
<trkpt lat="37.991100" lon="126.863990" sectionIndex="0" pointIndex="4033" originalElevation="26.5" isOriginalElevationFromOSM="true"><ele>26.6</ele></trkpt>
<trkpt lat="37.990760" lon="126.862910" sectionIndex="0" pointIndex="4034" originalElevation="23.8" isOriginalElevationFromOSM="true"><ele>25.3</ele></trkpt>
<trkpt lat="37.989660" lon="126.858930" sectionIndex="0" pointIndex="4035" originalElevation="27.1" isOriginalElevationFromOSM="true"><ele>23.9</ele></trkpt>
<trkpt lat="37.989424" lon="126.857897" sectionIndex="0" pointIndex="4036" originalElevation="21.0" isOriginalElevationFromOSM="false"><ele>22.8</ele></trkpt>
<trkpt lat="37.989140" lon="126.858058" sectionIndex="0" pointIndex="4037" originalElevation="21.0" isOriginalElevationFromOSM="false"><ele>22.2</ele></trkpt>
<trkpt lat="37.989119" lon="126.858091" sectionIndex="0" pointIndex="4038" originalElevation="21.0" isOriginalElevationFromOSM="false"><ele>21.0</ele></trkpt>
<trkpt lat="37.989090" lon="126.858135" sectionIndex="0" pointIndex="4039" originalElevation="21.0" isOriginalElevationFromOSM="false"><ele>21.0</ele></trkpt>
<trkpt lat="37.989061" lon="126.858178" sectionIndex="0" pointIndex="4040" originalElevation="21.0" isOriginalElevationFromOSM="false"><ele>21.0</ele></trkpt>
<trkpt lat="37.989032" lon="126.858222" sectionIndex="0" pointIndex="4041" originalElevation="21.0" isOriginalElevationFromOSM="false"><ele>21.0</ele></trkpt>
<trkpt lat="37.989003" lon="126.858265" sectionIndex="0" pointIndex="4042" originalElevation="21.0" isOriginalElevationFromOSM="false"><ele>22.0</ele></trkpt>
<trkpt lat="37.988974" lon="126.858309" sectionIndex="0" pointIndex="4043" originalElevation="21.0" isOriginalElevationFromOSM="false"><ele>23.0</ele></trkpt>
<trkpt lat="37.988945" lon="126.858352" sectionIndex="0" pointIndex="4044" originalElevation="26.0" isOriginalElevationFromOSM="false"><ele>24.0</ele></trkpt>
<trkpt lat="37.988916" lon="126.858396" sectionIndex="0" pointIndex="4045" originalElevation="26.0" isOriginalElevationFromOSM="false"><ele>25.0</ele></trkpt>
<trkpt lat="37.988887" lon="126.858440" sectionIndex="0" pointIndex="4046" originalElevation="26.0" isOriginalElevationFromOSM="false"><ele>26.0</ele></trkpt>
<trkpt lat="37.988858" lon="126.858483" sectionIndex="0" pointIndex="4047" originalElevation="26.0" isOriginalElevationFromOSM="false"><ele>26.0</ele></trkpt>
<trkpt lat="37.988829" lon="126.858527" sectionIndex="0" pointIndex="4048" originalElevation="26.0" isOriginalElevationFromOSM="false"><ele>26.0</ele></trkpt>
<trkpt lat="37.988800" lon="126.858570" sectionIndex="0" pointIndex="4049" originalElevation="26.0" isOriginalElevationFromOSM="false"><ele>26.0</ele></trkpt>
<trkpt lat="37.988771" lon="126.858614" sectionIndex="0" pointIndex="4050" originalElevation="26.0" isOriginalElevationFromOSM="false"><ele>26.0</ele></trkpt>
<trkpt lat="37.988742" lon="126.858657" sectionIndex="0" pointIndex="4051" originalElevation="26.0" isOriginalElevationFromOSM="false"><ele>26.0</ele></trkpt>
<trkpt lat="37.988713" lon="126.858701" sectionIndex="0" pointIndex="4052" originalElevation="26.0" isOriginalElevationFromOSM="false"><ele>26.0</ele></trkpt>
<trkpt lat="37.988684" lon="126.858744" sectionIndex="0" pointIndex="4053" originalElevation="26.0" isOriginalElevationFromOSM="false"><ele>26.0</ele></trkpt>
<trkpt lat="37.988655" lon="126.858788" sectionIndex="0" pointIndex="4054" originalElevation="26.0" isOriginalElevationFromOSM="false"><ele>26.0</ele></trkpt>
<trkpt lat="37.988626" lon="126.858831" sectionIndex="0" pointIndex="4055" originalElevation="26.0" isOriginalElevationFromOSM="false"><ele>26.0</ele></trkpt>
<trkpt lat="37.988597" lon="126.858875" sectionIndex="0" pointIndex="4056" originalElevation="26.0" isOriginalElevationFromOSM="false"><ele>26.0</ele></trkpt>
<trkpt lat="37.988568" lon="126.858918" sectionIndex="0" pointIndex="4057" originalElevation="26.0" isOriginalElevationFromOSM="false"><ele>26.0</ele></trkpt>
<trkpt lat="37.988539" lon="126.858962" sectionIndex="0" pointIndex="4058" originalElevation="26.0" isOriginalElevationFromOSM="false"><ele>26.0</ele></trkpt>
<trkpt lat="37.988510" lon="126.859005" sectionIndex="0" pointIndex="4059" originalElevation="26.0" isOriginalElevationFromOSM="false"><ele>26.0</ele></trkpt>
<trkpt lat="37.988481" lon="126.859049" sectionIndex="0" pointIndex="4060" originalElevation="26.0" isOriginalElevationFromOSM="false"><ele>26.0</ele></trkpt>
<trkpt lat="37.988452" lon="126.859093" sectionIndex="0" pointIndex="4061" originalElevation="26.0" isOriginalElevationFromOSM="false"><ele>26.0</ele></trkpt>
<trkpt lat="37.988423" lon="126.859136" sectionIndex="0" pointIndex="4062" originalElevation="26.0" isOriginalElevationFromOSM="false"><ele>26.0</ele></trkpt>
<trkpt lat="37.988394" lon="126.859180" sectionIndex="0" pointIndex="4063" originalElevation="26.0" isOriginalElevationFromOSM="false"><ele>26.0</ele></trkpt>
<trkpt lat="37.988365" lon="126.859223" sectionIndex="0" pointIndex="4064" originalElevation="26.0" isOriginalElevationFromOSM="false"><ele>26.0</ele></trkpt>
<trkpt lat="37.988336" lon="126.859267" sectionIndex="0" pointIndex="4065" originalElevation="26.0" isOriginalElevationFromOSM="false"><ele>26.0</ele></trkpt>
<trkpt lat="37.988307" lon="126.859310" sectionIndex="0" pointIndex="4066" originalElevation="26.0" isOriginalElevationFromOSM="false"><ele>26.0</ele></trkpt>
<trkpt lat="37.988278" lon="126.859354" sectionIndex="0" pointIndex="4067" originalElevation="26.0" isOriginalElevationFromOSM="false"><ele>26.0</ele></trkpt>
<trkpt lat="37.988249" lon="126.859397" sectionIndex="0" pointIndex="4068" originalElevation="26.0" isOriginalElevationFromOSM="false"><ele>26.0</ele></trkpt>
<trkpt lat="37.988220" lon="126.859441" sectionIndex="0" pointIndex="4069" originalElevation="26.0" isOriginalElevationFromOSM="false"><ele>26.0</ele></trkpt>
<trkpt lat="37.988191" lon="126.859484" sectionIndex="0" pointIndex="4070" originalElevation="26.0" isOriginalElevationFromOSM="false"><ele>26.0</ele></trkpt>
<trkpt lat="37.988162" lon="126.859528" sectionIndex="0" pointIndex="4071" originalElevation="26.0" isOriginalElevationFromOSM="false"><ele>26.0</ele></trkpt>
<trkpt lat="37.988133" lon="126.859571" sectionIndex="0" pointIndex="4072" originalElevation="26.0" isOriginalElevationFromOSM="false"><ele>26.0</ele></trkpt>
<trkpt lat="37.988104" lon="126.859615" sectionIndex="0" pointIndex="4073" originalElevation="26.0" isOriginalElevationFromOSM="false"><ele>26.0</ele></trkpt>
<trkpt lat="37.988075" lon="126.859658" sectionIndex="0" pointIndex="4074" originalElevation="26.0" isOriginalElevationFromOSM="false"><ele>26.0</ele></trkpt>
<trkpt lat="37.988046" lon="126.859702" sectionIndex="0" pointIndex="4075" originalElevation="26.0" isOriginalElevationFromOSM="false"><ele>26.0</ele></trkpt>
<trkpt lat="37.988017" lon="126.859745" sectionIndex="0" pointIndex="4076" originalElevation="26.0" isOriginalElevationFromOSM="false"><ele>26.0</ele></trkpt>
<trkpt lat="37.987988" lon="126.859789" sectionIndex="0" pointIndex="4077" originalElevation="26.0" isOriginalElevationFromOSM="false"><ele>26.0</ele></trkpt>
<trkpt lat="37.987959" lon="126.859833" sectionIndex="0" pointIndex="4078" originalElevation="26.0" isOriginalElevationFromOSM="false"><ele>26.0</ele></trkpt>
<trkpt lat="37.987930" lon="126.859876" sectionIndex="0" pointIndex="4079" originalElevation="26.0" isOriginalElevationFromOSM="false"><ele>26.0</ele></trkpt>
<trkpt lat="37.987901" lon="126.859920" sectionIndex="0" pointIndex="4080" originalElevation="26.0" isOriginalElevationFromOSM="false"><ele>26.0</ele></trkpt>
<trkpt lat="37.987872" lon="126.859963" sectionIndex="0" pointIndex="4081" originalElevation="26.0" isOriginalElevationFromOSM="false"><ele>26.0</ele></trkpt>
<trkpt lat="37.987861" lon="126.859980" sectionIndex="0" pointIndex="4082" originalElevation="26.0" isOriginalElevationFromOSM="false"><ele>26.0</ele></trkpt>
<trkpt lat="37.987833" lon="126.860024" sectionIndex="0" pointIndex="4083" originalElevation="26.0" isOriginalElevationFromOSM="false"><ele>26.0</ele></trkpt>
<trkpt lat="37.987806" lon="126.860069" sectionIndex="0" pointIndex="4084" originalElevation="26.0" isOriginalElevationFromOSM="false"><ele>26.0</ele></trkpt>
<trkpt lat="37.987778" lon="126.860114" sectionIndex="0" pointIndex="4085" originalElevation="26.0" isOriginalElevationFromOSM="false"><ele>26.0</ele></trkpt>
<trkpt lat="37.987750" lon="126.860159" sectionIndex="0" pointIndex="4086" originalElevation="26.0" isOriginalElevationFromOSM="false"><ele>26.0</ele></trkpt>
<trkpt lat="37.987722" lon="126.860204" sectionIndex="0" pointIndex="4087" originalElevation="26.0" isOriginalElevationFromOSM="false"><ele>26.0</ele></trkpt>
<trkpt lat="37.987695" lon="126.860249" sectionIndex="0" pointIndex="4088" originalElevation="26.0" isOriginalElevationFromOSM="false"><ele>26.0</ele></trkpt>
<trkpt lat="37.987667" lon="126.860293" sectionIndex="0" pointIndex="4089" originalElevation="26.0" isOriginalElevationFromOSM="false"><ele>26.0</ele></trkpt>
<trkpt lat="37.987639" lon="126.860338" sectionIndex="0" pointIndex="4090" originalElevation="26.0" isOriginalElevationFromOSM="false"><ele>25.6</ele></trkpt>
<trkpt lat="37.987612" lon="126.860383" sectionIndex="0" pointIndex="4091" originalElevation="26.0" isOriginalElevationFromOSM="false"><ele>25.2</ele></trkpt>
<trkpt lat="37.987584" lon="126.860428" sectionIndex="0" pointIndex="4092" originalElevation="24.0" isOriginalElevationFromOSM="false"><ele>24.8</ele></trkpt>
<trkpt lat="37.987556" lon="126.860473" sectionIndex="0" pointIndex="4093" originalElevation="24.0" isOriginalElevationFromOSM="false"><ele>24.4</ele></trkpt>
<trkpt lat="37.987528" lon="126.860517" sectionIndex="0" pointIndex="4094" originalElevation="24.0" isOriginalElevationFromOSM="false"><ele>21.8</ele></trkpt>
<trkpt lat="37.987501" lon="126.860562" sectionIndex="0" pointIndex="4095" originalElevation="24.0" isOriginalElevationFromOSM="false"><ele>19.6</ele></trkpt>
<trkpt lat="37.987473" lon="126.860607" sectionIndex="0" pointIndex="4096" originalElevation="13.0" isOriginalElevationFromOSM="false"><ele>17.4</ele></trkpt>
<trkpt lat="37.987445" lon="126.860652" sectionIndex="0" pointIndex="4097" originalElevation="13.0" isOriginalElevationFromOSM="false"><ele>15.2</ele></trkpt>
<trkpt lat="37.987417" lon="126.860697" sectionIndex="0" pointIndex="4098" originalElevation="13.0" isOriginalElevationFromOSM="false"><ele>13.0</ele></trkpt>
<trkpt lat="37.987390" lon="126.860742" sectionIndex="0" pointIndex="4099" originalElevation="13.0" isOriginalElevationFromOSM="false"><ele>13.0</ele></trkpt>
<trkpt lat="37.987362" lon="126.860786" sectionIndex="0" pointIndex="4100" originalElevation="13.0" isOriginalElevationFromOSM="false"><ele>13.0</ele></trkpt>
<trkpt lat="37.987334" lon="126.860831" sectionIndex="0" pointIndex="4101" originalElevation="13.0" isOriginalElevationFromOSM="false"><ele>13.0</ele></trkpt>
<trkpt lat="37.987306" lon="126.860876" sectionIndex="0" pointIndex="4102" originalElevation="13.0" isOriginalElevationFromOSM="false"><ele>13.0</ele></trkpt>
<trkpt lat="37.987279" lon="126.860921" sectionIndex="0" pointIndex="4103" originalElevation="13.0" isOriginalElevationFromOSM="false"><ele>13.0</ele></trkpt>
<trkpt lat="37.987251" lon="126.860966" sectionIndex="0" pointIndex="4104" originalElevation="13.0" isOriginalElevationFromOSM="false"><ele>13.0</ele></trkpt>
<trkpt lat="37.987223" lon="126.861011" sectionIndex="0" pointIndex="4105" originalElevation="13.0" isOriginalElevationFromOSM="false"><ele>13.0</ele></trkpt>
<trkpt lat="37.987195" lon="126.861055" sectionIndex="0" pointIndex="4106" originalElevation="13.0" isOriginalElevationFromOSM="false"><ele>13.0</ele></trkpt>
<trkpt lat="37.987168" lon="126.861100" sectionIndex="0" pointIndex="4107" originalElevation="13.0" isOriginalElevationFromOSM="false"><ele>13.0</ele></trkpt>
<trkpt lat="37.987140" lon="126.861145" sectionIndex="0" pointIndex="4108" originalElevation="13.0" isOriginalElevationFromOSM="false"><ele>13.0</ele></trkpt>
<trkpt lat="37.987112" lon="126.861190" sectionIndex="0" pointIndex="4109" originalElevation="13.0" isOriginalElevationFromOSM="false"><ele>13.0</ele></trkpt>
<trkpt lat="37.987085" lon="126.861235" sectionIndex="0" pointIndex="4110" originalElevation="13.0" isOriginalElevationFromOSM="false"><ele>13.0</ele></trkpt>
<trkpt lat="37.987057" lon="126.861280" sectionIndex="0" pointIndex="4111" originalElevation="13.0" isOriginalElevationFromOSM="false"><ele>13.0</ele></trkpt>
<trkpt lat="37.987029" lon="126.861324" sectionIndex="0" pointIndex="4112" originalElevation="13.0" isOriginalElevationFromOSM="false"><ele>13.0</ele></trkpt>
<trkpt lat="37.987001" lon="126.861369" sectionIndex="0" pointIndex="4113" originalElevation="13.0" isOriginalElevationFromOSM="false"><ele>13.0</ele></trkpt>
<trkpt lat="37.986974" lon="126.861414" sectionIndex="0" pointIndex="4114" originalElevation="13.0" isOriginalElevationFromOSM="false"><ele>13.0</ele></trkpt>
<trkpt lat="37.986946" lon="126.861459" sectionIndex="0" pointIndex="4115" originalElevation="13.0" isOriginalElevationFromOSM="false"><ele>13.0</ele></trkpt>
<trkpt lat="37.986918" lon="126.861504" sectionIndex="0" pointIndex="4116" originalElevation="13.0" isOriginalElevationFromOSM="false"><ele>13.0</ele></trkpt>
<trkpt lat="37.986890" lon="126.861548" sectionIndex="0" pointIndex="4117" originalElevation="13.0" isOriginalElevationFromOSM="false"><ele>13.0</ele></trkpt>
<trkpt lat="37.986863" lon="126.861593" sectionIndex="0" pointIndex="4118" originalElevation="13.0" isOriginalElevationFromOSM="false"><ele>13.0</ele></trkpt>
<trkpt lat="37.986835" lon="126.861638" sectionIndex="0" pointIndex="4119" originalElevation="13.0" isOriginalElevationFromOSM="false"><ele>13.0</ele></trkpt>
<trkpt lat="37.986807" lon="126.861683" sectionIndex="0" pointIndex="4120" originalElevation="13.0" isOriginalElevationFromOSM="false"><ele>13.0</ele></trkpt>
<trkpt lat="37.986779" lon="126.861728" sectionIndex="0" pointIndex="4121" originalElevation="13.0" isOriginalElevationFromOSM="false"><ele>13.0</ele></trkpt>
<trkpt lat="37.986752" lon="126.861773" sectionIndex="0" pointIndex="4122" originalElevation="13.0" isOriginalElevationFromOSM="false"><ele>13.0</ele></trkpt>
<trkpt lat="37.986724" lon="126.861817" sectionIndex="0" pointIndex="4123" originalElevation="13.0" isOriginalElevationFromOSM="false"><ele>13.0</ele></trkpt>
<trkpt lat="37.986696" lon="126.861862" sectionIndex="0" pointIndex="4124" originalElevation="13.0" isOriginalElevationFromOSM="false"><ele>13.0</ele></trkpt>
<trkpt lat="37.986668" lon="126.861907" sectionIndex="0" pointIndex="4125" originalElevation="13.0" isOriginalElevationFromOSM="false"><ele>13.0</ele></trkpt>
<trkpt lat="37.986641" lon="126.861952" sectionIndex="0" pointIndex="4126" originalElevation="13.0" isOriginalElevationFromOSM="false"><ele>13.0</ele></trkpt>
<trkpt lat="37.986613" lon="126.861997" sectionIndex="0" pointIndex="4127" originalElevation="13.0" isOriginalElevationFromOSM="false"><ele>13.0</ele></trkpt>
<trkpt lat="37.986585" lon="126.862042" sectionIndex="0" pointIndex="4128" originalElevation="13.0" isOriginalElevationFromOSM="false"><ele>13.0</ele></trkpt>
<trkpt lat="37.986557" lon="126.862086" sectionIndex="0" pointIndex="4129" originalElevation="13.0" isOriginalElevationFromOSM="false"><ele>13.0</ele></trkpt>
<trkpt lat="37.986530" lon="126.862131" sectionIndex="0" pointIndex="4130" originalElevation="13.0" isOriginalElevationFromOSM="false"><ele>13.0</ele></trkpt>
<trkpt lat="37.986502" lon="126.862176" sectionIndex="0" pointIndex="4131" originalElevation="13.0" isOriginalElevationFromOSM="false"><ele>13.0</ele></trkpt>
<trkpt lat="37.986474" lon="126.862221" sectionIndex="0" pointIndex="4132" originalElevation="13.0" isOriginalElevationFromOSM="false"><ele>13.0</ele></trkpt>
<trkpt lat="37.986447" lon="126.862266" sectionIndex="0" pointIndex="4133" originalElevation="13.0" isOriginalElevationFromOSM="false"><ele>13.0</ele></trkpt>
<trkpt lat="37.986419" lon="126.862310" sectionIndex="0" pointIndex="4134" originalElevation="13.0" isOriginalElevationFromOSM="false"><ele>13.0</ele></trkpt>
<trkpt lat="37.986391" lon="126.862355" sectionIndex="0" pointIndex="4135" originalElevation="13.0" isOriginalElevationFromOSM="false"><ele>13.0</ele></trkpt>
<trkpt lat="37.986363" lon="126.862400" sectionIndex="0" pointIndex="4136" originalElevation="13.0" isOriginalElevationFromOSM="false"><ele>13.0</ele></trkpt>
<trkpt lat="37.986336" lon="126.862445" sectionIndex="0" pointIndex="4137" originalElevation="13.0" isOriginalElevationFromOSM="false"><ele>14.2</ele></trkpt>
<trkpt lat="37.986328" lon="126.862457" sectionIndex="0" pointIndex="4138" originalElevation="13.0" isOriginalElevationFromOSM="false"><ele>15.4</ele></trkpt>
<trkpt lat="37.986304" lon="126.862505" sectionIndex="0" pointIndex="4139" originalElevation="19.0" isOriginalElevationFromOSM="false"><ele>16.6</ele></trkpt>
<trkpt lat="37.986280" lon="126.862553" sectionIndex="0" pointIndex="4140" originalElevation="19.0" isOriginalElevationFromOSM="false"><ele>17.8</ele></trkpt>
<trkpt lat="37.986255" lon="126.862601" sectionIndex="0" pointIndex="4141" originalElevation="19.0" isOriginalElevationFromOSM="false"><ele>19.0</ele></trkpt>
<trkpt lat="37.986231" lon="126.862649" sectionIndex="0" pointIndex="4142" originalElevation="19.0" isOriginalElevationFromOSM="false"><ele>19.0</ele></trkpt>
<trkpt lat="37.986207" lon="126.862697" sectionIndex="0" pointIndex="4143" originalElevation="19.0" isOriginalElevationFromOSM="false"><ele>19.0</ele></trkpt>
<trkpt lat="37.986183" lon="126.862745" sectionIndex="0" pointIndex="4144" originalElevation="19.0" isOriginalElevationFromOSM="false"><ele>19.0</ele></trkpt>
<trkpt lat="37.986159" lon="126.862793" sectionIndex="0" pointIndex="4145" originalElevation="19.0" isOriginalElevationFromOSM="false"><ele>19.0</ele></trkpt>
<trkpt lat="37.986135" lon="126.862841" sectionIndex="0" pointIndex="4146" originalElevation="19.0" isOriginalElevationFromOSM="false"><ele>19.0</ele></trkpt>
<trkpt lat="37.986110" lon="126.862889" sectionIndex="0" pointIndex="4147" originalElevation="19.0" isOriginalElevationFromOSM="false"><ele>19.0</ele></trkpt>
<trkpt lat="37.986086" lon="126.862937" sectionIndex="0" pointIndex="4148" originalElevation="19.0" isOriginalElevationFromOSM="false"><ele>19.0</ele></trkpt>
<trkpt lat="37.986062" lon="126.862986" sectionIndex="0" pointIndex="4149" originalElevation="19.0" isOriginalElevationFromOSM="false"><ele>19.0</ele></trkpt>
<trkpt lat="37.986038" lon="126.863034" sectionIndex="0" pointIndex="4150" originalElevation="19.0" isOriginalElevationFromOSM="false"><ele>19.0</ele></trkpt>
<trkpt lat="37.986014" lon="126.863082" sectionIndex="0" pointIndex="4151" originalElevation="19.0" isOriginalElevationFromOSM="false"><ele>19.0</ele></trkpt>
<trkpt lat="37.985989" lon="126.863130" sectionIndex="0" pointIndex="4152" originalElevation="19.0" isOriginalElevationFromOSM="false"><ele>19.0</ele></trkpt>
<trkpt lat="37.985965" lon="126.863178" sectionIndex="0" pointIndex="4153" originalElevation="19.0" isOriginalElevationFromOSM="false"><ele>19.0</ele></trkpt>
<trkpt lat="37.985941" lon="126.863226" sectionIndex="0" pointIndex="4154" originalElevation="19.0" isOriginalElevationFromOSM="false"><ele>19.0</ele></trkpt>
<trkpt lat="37.985917" lon="126.863274" sectionIndex="0" pointIndex="4155" originalElevation="19.0" isOriginalElevationFromOSM="false"><ele>19.0</ele></trkpt>
<trkpt lat="37.985893" lon="126.863322" sectionIndex="0" pointIndex="4156" originalElevation="19.0" isOriginalElevationFromOSM="false"><ele>19.0</ele></trkpt>
<trkpt lat="37.985869" lon="126.863370" sectionIndex="0" pointIndex="4157" originalElevation="19.0" isOriginalElevationFromOSM="false"><ele>19.0</ele></trkpt>
<trkpt lat="37.985844" lon="126.863418" sectionIndex="0" pointIndex="4158" originalElevation="19.0" isOriginalElevationFromOSM="false"><ele>19.0</ele></trkpt>
<trkpt lat="37.985820" lon="126.863466" sectionIndex="0" pointIndex="4159" originalElevation="19.0" isOriginalElevationFromOSM="false"><ele>19.0</ele></trkpt>
<trkpt lat="37.985796" lon="126.863514" sectionIndex="0" pointIndex="4160" originalElevation="19.0" isOriginalElevationFromOSM="false"><ele>19.0</ele></trkpt>
<trkpt lat="37.985772" lon="126.863562" sectionIndex="0" pointIndex="4161" originalElevation="19.0" isOriginalElevationFromOSM="false"><ele>19.0</ele></trkpt>
<trkpt lat="37.985748" lon="126.863610" sectionIndex="0" pointIndex="4162" originalElevation="19.0" isOriginalElevationFromOSM="false"><ele>19.0</ele></trkpt>
<trkpt lat="37.985744" lon="126.863616" sectionIndex="0" pointIndex="4163" originalElevation="19.0" isOriginalElevationFromOSM="false"><ele>19.0</ele></trkpt>
<trkpt lat="37.985719" lon="126.863663" sectionIndex="0" pointIndex="4164" originalElevation="19.0" isOriginalElevationFromOSM="false"><ele>19.0</ele></trkpt>
<trkpt lat="37.985693" lon="126.863709" sectionIndex="0" pointIndex="4165" originalElevation="19.0" isOriginalElevationFromOSM="false"><ele>19.0</ele></trkpt>
<trkpt lat="37.985667" lon="126.863756" sectionIndex="0" pointIndex="4166" originalElevation="19.0" isOriginalElevationFromOSM="false"><ele>19.0</ele></trkpt>
<trkpt lat="37.985641" lon="126.863803" sectionIndex="0" pointIndex="4167" originalElevation="19.0" isOriginalElevationFromOSM="false"><ele>19.0</ele></trkpt>
<trkpt lat="37.985626" lon="126.863831" sectionIndex="0" pointIndex="4168" originalElevation="19.0" isOriginalElevationFromOSM="false"><ele>19.0</ele></trkpt>
<trkpt lat="37.985583" lon="126.863814" sectionIndex="0" pointIndex="4169" originalElevation="19.0" isOriginalElevationFromOSM="false"><ele>19.0</ele></trkpt>
<trkpt lat="37.985540" lon="126.863797" sectionIndex="0" pointIndex="4170" originalElevation="19.0" isOriginalElevationFromOSM="false"><ele>19.0</ele></trkpt>
<trkpt lat="37.985527" lon="126.863792" sectionIndex="0" pointIndex="4171" originalElevation="19.0" isOriginalElevationFromOSM="false"><ele>19.0</ele></trkpt>
<trkpt lat="37.985539" lon="126.863737" sectionIndex="0" pointIndex="4172" originalElevation="19.0" isOriginalElevationFromOSM="false"><ele>19.0</ele></trkpt>
<trkpt lat="37.985552" lon="126.863682" sectionIndex="0" pointIndex="4173" originalElevation="19.0" isOriginalElevationFromOSM="false"><ele>19.0</ele></trkpt>
<trkpt lat="37.985565" lon="126.863628" sectionIndex="0" pointIndex="4174" originalElevation="19.0" isOriginalElevationFromOSM="false"><ele>19.0</ele></trkpt>
<trkpt lat="37.985578" lon="126.863573" sectionIndex="0" pointIndex="4175" originalElevation="19.0" isOriginalElevationFromOSM="false"><ele>19.0</ele></trkpt>
<trkpt lat="37.985591" lon="126.863519" sectionIndex="0" pointIndex="4176" originalElevation="19.0" isOriginalElevationFromOSM="false"><ele>19.0</ele></trkpt>
<trkpt lat="37.985604" lon="126.863464" sectionIndex="0" pointIndex="4177" originalElevation="19.0" isOriginalElevationFromOSM="false"><ele>19.0</ele></trkpt>
<trkpt lat="37.985617" lon="126.863409" sectionIndex="0" pointIndex="4178" originalElevation="19.0" isOriginalElevationFromOSM="false"><ele>19.0</ele></trkpt>
<trkpt lat="37.985630" lon="126.863355" sectionIndex="0" pointIndex="4179" originalElevation="19.0" isOriginalElevationFromOSM="false"><ele>19.0</ele></trkpt>
<trkpt lat="37.985643" lon="126.863300" sectionIndex="0" pointIndex="4180" originalElevation="19.0" isOriginalElevationFromOSM="false"><ele>19.0</ele></trkpt>
<trkpt lat="37.985644" lon="126.863295" sectionIndex="0" pointIndex="4181" originalElevation="19.0" isOriginalElevationFromOSM="false"><ele>19.0</ele></trkpt>
<trkpt lat="37.985588" lon="126.863230" sectionIndex="0" pointIndex="4182" originalElevation="19.0" isOriginalElevationFromOSM="false"><ele>19.0</ele></trkpt>
<trkpt lat="37.985562" lon="126.863212" sectionIndex="0" pointIndex="4183" originalElevation="19.0" isOriginalElevationFromOSM="false"><ele>19.0</ele></trkpt>
<trkpt lat="37.985523" lon="126.863183" sectionIndex="0" pointIndex="4184" originalElevation="19.0" isOriginalElevationFromOSM="false"><ele>19.0</ele></trkpt>
<trkpt lat="37.985485" lon="126.863154" sectionIndex="0" pointIndex="4185" originalElevation="19.0" isOriginalElevationFromOSM="false"><ele>19.8</ele></trkpt>
<trkpt lat="37.985446" lon="126.863125" sectionIndex="0" pointIndex="4186" originalElevation="19.0" isOriginalElevationFromOSM="false"><ele>20.6</ele></trkpt>
<trkpt lat="37.985407" lon="126.863096" sectionIndex="0" pointIndex="4187" originalElevation="23.0" isOriginalElevationFromOSM="false"><ele>21.4</ele></trkpt>
<trkpt lat="37.985369" lon="126.863067" sectionIndex="0" pointIndex="4188" originalElevation="23.0" isOriginalElevationFromOSM="false"><ele>22.2</ele></trkpt>
<trkpt lat="37.985330" lon="126.863038" sectionIndex="0" pointIndex="4189" originalElevation="23.0" isOriginalElevationFromOSM="false"><ele>23.0</ele></trkpt>
<trkpt lat="37.985291" lon="126.863009" sectionIndex="0" pointIndex="4190" originalElevation="23.0" isOriginalElevationFromOSM="false"><ele>23.0</ele></trkpt>
<trkpt lat="37.985271" lon="126.862994" sectionIndex="0" pointIndex="4191" originalElevation="23.0" isOriginalElevationFromOSM="false"><ele>23.0</ele></trkpt>
<trkpt lat="37.985290" lon="126.862942" sectionIndex="0" pointIndex="4192" originalElevation="23.0" isOriginalElevationFromOSM="false"><ele>23.0</ele></trkpt>
<trkpt lat="37.985309" lon="126.862890" sectionIndex="0" pointIndex="4193" originalElevation="23.0" isOriginalElevationFromOSM="false"><ele>23.0</ele></trkpt>
<trkpt lat="37.985328" lon="126.862839" sectionIndex="0" pointIndex="4194" originalElevation="23.0" isOriginalElevationFromOSM="false"><ele>23.0</ele></trkpt>
<trkpt lat="37.985347" lon="126.862787" sectionIndex="0" pointIndex="4195" originalElevation="23.0" isOriginalElevationFromOSM="false"><ele>23.0</ele></trkpt>
<trkpt lat="37.985366" lon="126.862736" sectionIndex="0" pointIndex="4196" originalElevation="23.0" isOriginalElevationFromOSM="false"><ele>23.0</ele></trkpt>
<trkpt lat="37.985385" lon="126.862684" sectionIndex="0" pointIndex="4197" originalElevation="23.0" isOriginalElevationFromOSM="false"><ele>22.2</ele></trkpt>
<trkpt lat="37.985404" lon="126.862632" sectionIndex="0" pointIndex="4198" originalElevation="23.0" isOriginalElevationFromOSM="false"><ele>21.4</ele></trkpt>
<trkpt lat="37.985423" lon="126.862581" sectionIndex="0" pointIndex="4199" originalElevation="19.0" isOriginalElevationFromOSM="false"><ele>20.6</ele></trkpt>
<trkpt lat="37.985442" lon="126.862529" sectionIndex="0" pointIndex="4200" originalElevation="19.0" isOriginalElevationFromOSM="false"><ele>21.0</ele></trkpt>
<trkpt lat="37.985453" lon="126.862500" sectionIndex="0" pointIndex="4201" originalElevation="19.0" isOriginalElevationFromOSM="false"><ele>21.4</ele></trkpt>
<trkpt lat="37.985414" lon="126.862471" sectionIndex="0" pointIndex="4202" originalElevation="25.0" isOriginalElevationFromOSM="false"><ele>22.6</ele></trkpt>
<trkpt lat="37.985394" lon="126.862457" sectionIndex="0" pointIndex="4203" originalElevation="25.0" isOriginalElevationFromOSM="false"><ele>23.8</ele></trkpt>
<trkpt lat="37.985358" lon="126.862425" sectionIndex="0" pointIndex="4204" originalElevation="25.0" isOriginalElevationFromOSM="false"><ele>25.0</ele></trkpt>
<trkpt lat="37.985338" lon="126.862374" sectionIndex="0" pointIndex="4205" originalElevation="25.0" isOriginalElevationFromOSM="false"><ele>25.0</ele></trkpt>
<trkpt lat="37.985328" lon="126.862349" sectionIndex="0" pointIndex="4206" originalElevation="25.0" isOriginalElevationFromOSM="false"><ele>25.0</ele></trkpt>
<trkpt lat="37.985316" lon="126.862295" sectionIndex="0" pointIndex="4207" originalElevation="25.0" isOriginalElevationFromOSM="false"><ele>25.0</ele></trkpt>
<trkpt lat="37.985307" lon="126.862253" sectionIndex="0" pointIndex="4208" originalElevation="25.0" isOriginalElevationFromOSM="false"><ele>25.0</ele></trkpt>
<trkpt lat="37.985312" lon="126.862196" sectionIndex="0" pointIndex="4209" originalElevation="25.0" isOriginalElevationFromOSM="false"><ele>25.0</ele></trkpt>
<trkpt lat="37.985315" lon="126.862154" sectionIndex="0" pointIndex="4210" originalElevation="25.0" isOriginalElevationFromOSM="false"><ele>25.0</ele></trkpt>
<trkpt lat="37.985316" lon="126.862151" sectionIndex="0" pointIndex="4211" originalElevation="25.0" isOriginalElevationFromOSM="false"><ele>25.0</ele></trkpt>
<trkpt lat="37.985316" lon="126.862120" sectionIndex="0" pointIndex="4212" originalElevation="25.0" isOriginalElevationFromOSM="false"><ele>25.0</ele></trkpt>
<trkpt lat="37.985313" lon="126.862134" sectionIndex="0" pointIndex="4213" originalElevation="25.0" isOriginalElevationFromOSM="false"><ele>25.0</ele></trkpt>
<trkpt lat="37.985312" lon="126.862168" sectionIndex="0" pointIndex="4214" originalElevation="25.0" isOriginalElevationFromOSM="false"><ele>25.0</ele></trkpt>
<trkpt lat="37.985309" lon="126.862225" sectionIndex="0" pointIndex="4215" originalElevation="25.0" isOriginalElevationFromOSM="false"><ele>25.0</ele></trkpt>
<trkpt lat="37.985308" lon="126.862255" sectionIndex="0" pointIndex="4216" originalElevation="25.0" isOriginalElevationFromOSM="false"><ele>25.0</ele></trkpt>
<trkpt lat="37.985319" lon="126.862310" sectionIndex="0" pointIndex="4217" originalElevation="25.0" isOriginalElevationFromOSM="false"><ele>25.0</ele></trkpt>
<trkpt lat="37.985328" lon="126.862355" sectionIndex="0" pointIndex="4218" originalElevation="25.0" isOriginalElevationFromOSM="false"><ele>25.0</ele></trkpt>
<trkpt lat="37.985350" lon="126.862405" sectionIndex="0" pointIndex="4219" originalElevation="25.0" isOriginalElevationFromOSM="false"><ele>25.0</ele></trkpt>
<trkpt lat="37.985357" lon="126.862422" sectionIndex="0" pointIndex="4220" originalElevation="25.0" isOriginalElevationFromOSM="false"><ele>22.6</ele></trkpt>
<trkpt lat="37.985395" lon="126.862453" sectionIndex="0" pointIndex="4221" originalElevation="25.0" isOriginalElevationFromOSM="false"><ele>20.2</ele></trkpt>
<trkpt lat="37.985432" lon="126.862483" sectionIndex="0" pointIndex="4222" originalElevation="13.0" isOriginalElevationFromOSM="false"><ele>19.0</ele></trkpt>
<trkpt lat="37.985450" lon="126.862498" sectionIndex="0" pointIndex="4223" originalElevation="13.0" isOriginalElevationFromOSM="false"><ele>18.6</ele></trkpt>
<trkpt lat="37.985431" lon="126.862549" sectionIndex="0" pointIndex="4224" originalElevation="19.0" isOriginalElevationFromOSM="false"><ele>18.2</ele></trkpt>
<trkpt lat="37.985413" lon="126.862601" sectionIndex="0" pointIndex="4225" originalElevation="23.0" isOriginalElevationFromOSM="false"><ele>20.2</ele></trkpt>
<trkpt lat="37.985394" lon="126.862653" sectionIndex="0" pointIndex="4226" originalElevation="23.0" isOriginalElevationFromOSM="false"><ele>22.2</ele></trkpt>
<trkpt lat="37.985376" lon="126.862705" sectionIndex="0" pointIndex="4227" originalElevation="23.0" isOriginalElevationFromOSM="false"><ele>23.0</ele></trkpt>
<trkpt lat="37.985357" lon="126.862757" sectionIndex="0" pointIndex="4228" originalElevation="23.0" isOriginalElevationFromOSM="false"><ele>23.0</ele></trkpt>
<trkpt lat="37.985338" lon="126.862809" sectionIndex="0" pointIndex="4229" originalElevation="23.0" isOriginalElevationFromOSM="false"><ele>23.0</ele></trkpt>
<trkpt lat="37.985320" lon="126.862861" sectionIndex="0" pointIndex="4230" originalElevation="23.0" isOriginalElevationFromOSM="false"><ele>23.0</ele></trkpt>
<trkpt lat="37.985301" lon="126.862912" sectionIndex="0" pointIndex="4231" originalElevation="23.0" isOriginalElevationFromOSM="false"><ele>23.0</ele></trkpt>
<trkpt lat="37.985283" lon="126.862964" sectionIndex="0" pointIndex="4232" originalElevation="23.0" isOriginalElevationFromOSM="false"><ele>23.0</ele></trkpt>
<trkpt lat="37.985271" lon="126.862996" sectionIndex="0" pointIndex="4233" originalElevation="23.0" isOriginalElevationFromOSM="false"><ele>23.0</ele></trkpt>
<trkpt lat="37.985310" lon="126.863025" sectionIndex="0" pointIndex="4234" originalElevation="23.0" isOriginalElevationFromOSM="false"><ele>23.0</ele></trkpt>
<trkpt lat="37.985348" lon="126.863055" sectionIndex="0" pointIndex="4235" originalElevation="23.0" isOriginalElevationFromOSM="false"><ele>22.2</ele></trkpt>
<trkpt lat="37.985387" lon="126.863084" sectionIndex="0" pointIndex="4236" originalElevation="23.0" isOriginalElevationFromOSM="false"><ele>21.4</ele></trkpt>
<trkpt lat="37.985425" lon="126.863113" sectionIndex="0" pointIndex="4237" originalElevation="19.0" isOriginalElevationFromOSM="false"><ele>20.6</ele></trkpt>
<trkpt lat="37.985464" lon="126.863143" sectionIndex="0" pointIndex="4238" originalElevation="19.0" isOriginalElevationFromOSM="false"><ele>19.8</ele></trkpt>
<trkpt lat="37.985502" lon="126.863172" sectionIndex="0" pointIndex="4239" originalElevation="19.0" isOriginalElevationFromOSM="false"><ele>19.0</ele></trkpt>
<trkpt lat="37.985541" lon="126.863201" sectionIndex="0" pointIndex="4240" originalElevation="19.0" isOriginalElevationFromOSM="false"><ele>19.0</ele></trkpt>
<trkpt lat="37.985579" lon="126.863231" sectionIndex="0" pointIndex="4241" originalElevation="19.0" isOriginalElevationFromOSM="false"><ele>19.0</ele></trkpt>
<trkpt lat="37.985595" lon="126.863243" sectionIndex="0" pointIndex="4242" originalElevation="19.0" isOriginalElevationFromOSM="false"><ele>19.0</ele></trkpt>
<trkpt lat="37.985578" lon="126.863296" sectionIndex="0" pointIndex="4243" originalElevation="19.0" isOriginalElevationFromOSM="false"><ele>19.0</ele></trkpt>
<trkpt lat="37.985561" lon="126.863348" sectionIndex="0" pointIndex="4244" originalElevation="19.0" isOriginalElevationFromOSM="false"><ele>19.0</ele></trkpt>
<trkpt lat="37.985544" lon="126.863401" sectionIndex="0" pointIndex="4245" originalElevation="19.0" isOriginalElevationFromOSM="false"><ele>19.0</ele></trkpt>
<trkpt lat="37.985528" lon="126.863454" sectionIndex="0" pointIndex="4246" originalElevation="19.0" isOriginalElevationFromOSM="false"><ele>19.0</ele></trkpt>
<trkpt lat="37.985511" lon="126.863507" sectionIndex="0" pointIndex="4247" originalElevation="19.0" isOriginalElevationFromOSM="false"><ele>19.0</ele></trkpt>
<trkpt lat="37.985494" lon="126.863560" sectionIndex="0" pointIndex="4248" originalElevation="19.0" isOriginalElevationFromOSM="false"><ele>19.0</ele></trkpt>
<trkpt lat="37.985477" lon="126.863613" sectionIndex="0" pointIndex="4249" originalElevation="19.0" isOriginalElevationFromOSM="false"><ele>19.0</ele></trkpt>
<trkpt lat="37.985461" lon="126.863666" sectionIndex="0" pointIndex="4250" originalElevation="19.0" isOriginalElevationFromOSM="false"><ele>19.0</ele></trkpt>
<trkpt lat="37.985444" lon="126.863719" sectionIndex="0" pointIndex="4251" originalElevation="19.0" isOriginalElevationFromOSM="false"><ele>19.0</ele></trkpt>
<trkpt lat="37.985430" lon="126.863763" sectionIndex="0" pointIndex="4252" originalElevation="19.0" isOriginalElevationFromOSM="false"><ele>19.0</ele></trkpt>
<trkpt lat="37.985431" lon="126.863764" sectionIndex="0" pointIndex="4253" originalElevation="19.0" isOriginalElevationFromOSM="false"><ele>19.0</ele></trkpt>
<trkpt lat="37.985447" lon="126.863817" sectionIndex="0" pointIndex="4254" originalElevation="19.0" isOriginalElevationFromOSM="false"><ele>19.0</ele></trkpt>
<trkpt lat="37.985463" lon="126.863870" sectionIndex="0" pointIndex="4255" originalElevation="19.0" isOriginalElevationFromOSM="false"><ele>19.0</ele></trkpt>
<trkpt lat="37.985479" lon="126.863923" sectionIndex="0" pointIndex="4256" originalElevation="19.0" isOriginalElevationFromOSM="false"><ele>19.0</ele></trkpt>
<trkpt lat="37.985496" lon="126.863976" sectionIndex="0" pointIndex="4257" originalElevation="19.0" isOriginalElevationFromOSM="false"><ele>19.0</ele></trkpt>
<trkpt lat="37.985512" lon="126.864029" sectionIndex="0" pointIndex="4258" originalElevation="19.0" isOriginalElevationFromOSM="false"><ele>19.0</ele></trkpt>
<trkpt lat="37.985514" lon="126.864035" sectionIndex="0" pointIndex="4259" originalElevation="19.0" isOriginalElevationFromOSM="false"><ele>19.0</ele></trkpt>
<trkpt lat="37.985485" lon="126.864079" sectionIndex="0" pointIndex="4260" originalElevation="19.0" isOriginalElevationFromOSM="false"><ele>19.0</ele></trkpt>
<trkpt lat="37.985456" lon="126.864122" sectionIndex="0" pointIndex="4261" originalElevation="19.0" isOriginalElevationFromOSM="false"><ele>19.8</ele></trkpt>
<trkpt lat="37.985426" lon="126.864165" sectionIndex="0" pointIndex="4262" originalElevation="19.0" isOriginalElevationFromOSM="false"><ele>20.6</ele></trkpt>
<trkpt lat="37.985397" lon="126.864209" sectionIndex="0" pointIndex="4263" originalElevation="23.0" isOriginalElevationFromOSM="false"><ele>21.4</ele></trkpt>
<trkpt lat="37.985368" lon="126.864252" sectionIndex="0" pointIndex="4264" originalElevation="23.0" isOriginalElevationFromOSM="false"><ele>22.2</ele></trkpt>
<trkpt lat="37.985339" lon="126.864295" sectionIndex="0" pointIndex="4265" originalElevation="23.0" isOriginalElevationFromOSM="false"><ele>23.0</ele></trkpt>
<trkpt lat="37.985310" lon="126.864339" sectionIndex="0" pointIndex="4266" originalElevation="23.0" isOriginalElevationFromOSM="false"><ele>23.0</ele></trkpt>
<trkpt lat="37.985281" lon="126.864382" sectionIndex="0" pointIndex="4267" originalElevation="23.0" isOriginalElevationFromOSM="false"><ele>23.0</ele></trkpt>
<trkpt lat="37.985251" lon="126.864425" sectionIndex="0" pointIndex="4268" originalElevation="23.0" isOriginalElevationFromOSM="false"><ele>23.0</ele></trkpt>
<trkpt lat="37.985222" lon="126.864469" sectionIndex="0" pointIndex="4269" originalElevation="23.0" isOriginalElevationFromOSM="false"><ele>23.0</ele></trkpt>
<trkpt lat="37.985193" lon="126.864512" sectionIndex="0" pointIndex="4270" originalElevation="23.0" isOriginalElevationFromOSM="false"><ele>22.6</ele></trkpt>
<trkpt lat="37.985164" lon="126.864555" sectionIndex="0" pointIndex="4271" originalElevation="23.0" isOriginalElevationFromOSM="false"><ele>22.2</ele></trkpt>
<trkpt lat="37.985135" lon="126.864599" sectionIndex="0" pointIndex="4272" originalElevation="21.0" isOriginalElevationFromOSM="false"><ele>21.8</ele></trkpt>
<trkpt lat="37.985106" lon="126.864642" sectionIndex="0" pointIndex="4273" originalElevation="21.0" isOriginalElevationFromOSM="false"><ele>21.4</ele></trkpt>
<trkpt lat="37.985076" lon="126.864685" sectionIndex="0" pointIndex="4274" originalElevation="21.0" isOriginalElevationFromOSM="false"><ele>21.0</ele></trkpt>
<trkpt lat="37.985047" lon="126.864729" sectionIndex="0" pointIndex="4275" originalElevation="21.0" isOriginalElevationFromOSM="false"><ele>21.0</ele></trkpt>
<trkpt lat="37.985018" lon="126.864772" sectionIndex="0" pointIndex="4276" originalElevation="21.0" isOriginalElevationFromOSM="false"><ele>21.0</ele></trkpt>
<trkpt lat="37.984989" lon="126.864815" sectionIndex="0" pointIndex="4277" originalElevation="21.0" isOriginalElevationFromOSM="false"><ele>21.0</ele></trkpt>
<trkpt lat="37.984960" lon="126.864859" sectionIndex="0" pointIndex="4278" originalElevation="21.0" isOriginalElevationFromOSM="false"><ele>21.0</ele></trkpt>
<trkpt lat="37.984930" lon="126.864902" sectionIndex="0" pointIndex="4279" originalElevation="21.0" isOriginalElevationFromOSM="false"><ele>21.0</ele></trkpt>
<trkpt lat="37.984901" lon="126.864945" sectionIndex="0" pointIndex="4280" originalElevation="21.0" isOriginalElevationFromOSM="false"><ele>21.0</ele></trkpt>
<trkpt lat="37.984872" lon="126.864989" sectionIndex="0" pointIndex="4281" originalElevation="21.0" isOriginalElevationFromOSM="false"><ele>21.0</ele></trkpt>
<trkpt lat="37.984843" lon="126.865032" sectionIndex="0" pointIndex="4282" originalElevation="21.0" isOriginalElevationFromOSM="false"><ele>21.0</ele></trkpt>
<trkpt lat="37.984814" lon="126.865075" sectionIndex="0" pointIndex="4283" originalElevation="21.0" isOriginalElevationFromOSM="false"><ele>21.0</ele></trkpt>
<trkpt lat="37.984785" lon="126.865119" sectionIndex="0" pointIndex="4284" originalElevation="21.0" isOriginalElevationFromOSM="false"><ele>21.0</ele></trkpt>
<trkpt lat="37.984755" lon="126.865162" sectionIndex="0" pointIndex="4285" originalElevation="21.0" isOriginalElevationFromOSM="false"><ele>21.0</ele></trkpt>
<trkpt lat="37.984726" lon="126.865205" sectionIndex="0" pointIndex="4286" originalElevation="21.0" isOriginalElevationFromOSM="false"><ele>21.0</ele></trkpt>
<trkpt lat="37.984697" lon="126.865248" sectionIndex="0" pointIndex="4287" originalElevation="21.0" isOriginalElevationFromOSM="false"><ele>21.0</ele></trkpt>
<trkpt lat="37.984668" lon="126.865292" sectionIndex="0" pointIndex="4288" originalElevation="21.0" isOriginalElevationFromOSM="false"><ele>21.0</ele></trkpt>
<trkpt lat="37.984639" lon="126.865335" sectionIndex="0" pointIndex="4289" originalElevation="21.0" isOriginalElevationFromOSM="false"><ele>21.0</ele></trkpt>
<trkpt lat="37.984609" lon="126.865378" sectionIndex="0" pointIndex="4290" originalElevation="21.0" isOriginalElevationFromOSM="false"><ele>21.0</ele></trkpt>
<trkpt lat="37.984607" lon="126.865382" sectionIndex="0" pointIndex="4291" originalElevation="21.0" isOriginalElevationFromOSM="false"><ele>21.0</ele></trkpt>
<trkpt lat="37.984595" lon="126.865437" sectionIndex="0" pointIndex="4292" originalElevation="21.0" isOriginalElevationFromOSM="false"><ele>21.0</ele></trkpt>
<trkpt lat="37.984584" lon="126.865492" sectionIndex="0" pointIndex="4293" originalElevation="21.0" isOriginalElevationFromOSM="false"><ele>21.0</ele></trkpt>
<trkpt lat="37.984572" lon="126.865547" sectionIndex="0" pointIndex="4294" originalElevation="21.0" isOriginalElevationFromOSM="false"><ele>21.0</ele></trkpt>
<trkpt lat="37.984560" lon="126.865602" sectionIndex="0" pointIndex="4295" originalElevation="21.0" isOriginalElevationFromOSM="false"><ele>21.0</ele></trkpt>
<trkpt lat="37.984548" lon="126.865657" sectionIndex="0" pointIndex="4296" originalElevation="21.0" isOriginalElevationFromOSM="false"><ele>21.0</ele></trkpt>
<trkpt lat="37.984537" lon="126.865712" sectionIndex="0" pointIndex="4297" originalElevation="21.0" isOriginalElevationFromOSM="false"><ele>21.0</ele></trkpt>
<trkpt lat="37.984525" lon="126.865767" sectionIndex="0" pointIndex="4298" originalElevation="21.0" isOriginalElevationFromOSM="false"><ele>21.0</ele></trkpt>
<trkpt lat="37.984513" lon="126.865822" sectionIndex="0" pointIndex="4299" originalElevation="21.0" isOriginalElevationFromOSM="false"><ele>21.0</ele></trkpt>
<trkpt lat="37.984501" lon="126.865877" sectionIndex="0" pointIndex="4300" originalElevation="21.0" isOriginalElevationFromOSM="false"><ele>21.0</ele></trkpt>
<trkpt lat="37.984490" lon="126.865932" sectionIndex="0" pointIndex="4301" originalElevation="21.0" isOriginalElevationFromOSM="false"><ele>21.0</ele></trkpt>
<trkpt lat="37.984478" lon="126.865987" sectionIndex="0" pointIndex="4302" originalElevation="21.0" isOriginalElevationFromOSM="false"><ele>21.0</ele></trkpt>
<trkpt lat="37.984466" lon="126.866042" sectionIndex="0" pointIndex="4303" originalElevation="21.0" isOriginalElevationFromOSM="false"><ele>21.0</ele></trkpt>
<trkpt lat="37.984454" lon="126.866097" sectionIndex="0" pointIndex="4304" originalElevation="21.0" isOriginalElevationFromOSM="false"><ele>21.0</ele></trkpt>
<trkpt lat="37.984443" lon="126.866152" sectionIndex="0" pointIndex="4305" originalElevation="21.0" isOriginalElevationFromOSM="false"><ele>21.0</ele></trkpt>
<trkpt lat="37.984431" lon="126.866207" sectionIndex="0" pointIndex="4306" originalElevation="21.0" isOriginalElevationFromOSM="false"><ele>21.0</ele></trkpt>
<trkpt lat="37.984419" lon="126.866262" sectionIndex="0" pointIndex="4307" originalElevation="21.0" isOriginalElevationFromOSM="false"><ele>21.0</ele></trkpt>
<trkpt lat="37.984407" lon="126.866317" sectionIndex="0" pointIndex="4308" originalElevation="21.0" isOriginalElevationFromOSM="false"><ele>21.0</ele></trkpt>
<trkpt lat="37.984396" lon="126.866372" sectionIndex="0" pointIndex="4309" originalElevation="21.0" isOriginalElevationFromOSM="false"><ele>21.0</ele></trkpt>
<trkpt lat="37.984384" lon="126.866427" sectionIndex="0" pointIndex="4310" originalElevation="21.0" isOriginalElevationFromOSM="false"><ele>21.0</ele></trkpt>
<trkpt lat="37.984372" lon="126.866482" sectionIndex="0" pointIndex="4311" originalElevation="21.0" isOriginalElevationFromOSM="false"><ele>21.2</ele></trkpt>
<trkpt lat="37.984368" lon="126.866500" sectionIndex="0" pointIndex="4312" originalElevation="21.0" isOriginalElevationFromOSM="false"><ele>21.1</ele></trkpt>
<trkpt lat="37.984902" lon="126.866713" sectionIndex="0" pointIndex="4313" originalElevation="22.0" isOriginalElevationFromOSM="false"><ele>21.2</ele></trkpt>
<trkpt lat="37.988190" lon="126.868040" sectionIndex="0" pointIndex="4314" originalElevation="20.4" isOriginalElevationFromOSM="true"><ele>21.3</ele></trkpt>
<trkpt lat="37.987100" lon="126.870140" sectionIndex="0" pointIndex="4315" originalElevation="21.6" isOriginalElevationFromOSM="true"><ele>21.8</ele></trkpt>
<trkpt lat="37.986740" lon="126.870900" sectionIndex="0" pointIndex="4316" originalElevation="21.4" isOriginalElevationFromOSM="true"><ele>22.3</ele></trkpt>
<trkpt lat="37.986190" lon="126.873000" sectionIndex="0" pointIndex="4317" originalElevation="23.8" isOriginalElevationFromOSM="true"><ele>23.1</ele></trkpt>
<trkpt lat="37.986110" lon="126.873140" sectionIndex="0" pointIndex="4318" originalElevation="24.1" isOriginalElevationFromOSM="true"><ele>24.0</ele></trkpt>
<trkpt lat="37.985880" lon="126.873540" sectionIndex="0" pointIndex="4319" originalElevation="24.4" isOriginalElevationFromOSM="true"><ele>24.9</ele></trkpt>
<trkpt lat="37.984150" lon="126.875690" sectionIndex="0" pointIndex="4320" originalElevation="26.3" isOriginalElevationFromOSM="true"><ele>25.6</ele></trkpt>
<trkpt lat="37.982110" lon="126.875580" sectionIndex="0" pointIndex="4321" originalElevation="25.8" isOriginalElevationFromOSM="true"><ele>27.1</ele></trkpt>
<trkpt lat="37.981500" lon="126.876460" sectionIndex="0" pointIndex="4322" originalElevation="27.3" isOriginalElevationFromOSM="true"><ele>26.9</ele></trkpt>
<trkpt lat="37.981140" lon="126.878920" sectionIndex="0" pointIndex="4323" originalElevation="31.6" isOriginalElevationFromOSM="true"><ele>26.4</ele></trkpt>
<trkpt lat="37.979670" lon="126.879470" sectionIndex="0" pointIndex="4324" originalElevation="23.4" isOriginalElevationFromOSM="true"><ele>26.0</ele></trkpt>
<trkpt lat="37.978410" lon="126.879880" sectionIndex="0" pointIndex="4325" originalElevation="23.8" isOriginalElevationFromOSM="true"><ele>24.2</ele></trkpt>
<trkpt lat="37.978300" lon="126.879940" sectionIndex="0" pointIndex="4326" originalElevation="23.8" isOriginalElevationFromOSM="true"><ele>22.6</ele></trkpt>
<trkpt lat="37.977480" lon="126.880370" sectionIndex="0" pointIndex="4327" originalElevation="18.6" isOriginalElevationFromOSM="true"><ele>23.1</ele></trkpt>
<trkpt lat="37.975740" lon="126.881460" sectionIndex="0" pointIndex="4328" originalElevation="23.4" isOriginalElevationFromOSM="true"><ele>23.6</ele></trkpt>
<trkpt lat="37.975440" lon="126.881610" sectionIndex="0" pointIndex="4329" originalElevation="25.8" isOriginalElevationFromOSM="true"><ele>24.2</ele></trkpt>
<trkpt lat="37.974360" lon="126.882460" sectionIndex="0" pointIndex="4330" originalElevation="26.3" isOriginalElevationFromOSM="true"><ele>25.9</ele></trkpt>
<trkpt lat="37.974100" lon="126.882900" sectionIndex="0" pointIndex="4331" originalElevation="26.9" isOriginalElevationFromOSM="true"><ele>26.6</ele></trkpt>
<trkpt lat="37.973870" lon="126.883530" sectionIndex="0" pointIndex="4332" originalElevation="26.9" isOriginalElevationFromOSM="true"><ele>26.9</ele></trkpt>
<trkpt lat="37.973750" lon="126.884000" sectionIndex="0" pointIndex="4333" originalElevation="27.1" isOriginalElevationFromOSM="true"><ele>26.3</ele></trkpt>
<trkpt lat="37.973560" lon="126.884970" sectionIndex="0" pointIndex="4334" originalElevation="27.6" isOriginalElevationFromOSM="true"><ele>25.5</ele></trkpt>
<trkpt lat="37.973340" lon="126.885780" sectionIndex="0" pointIndex="4335" originalElevation="23.2" isOriginalElevationFromOSM="true"><ele>24.6</ele></trkpt>
<trkpt lat="37.971650" lon="126.889680" sectionIndex="0" pointIndex="4336" originalElevation="22.6" isOriginalElevationFromOSM="true"><ele>23.7</ele></trkpt>
<trkpt lat="37.971430" lon="126.890280" sectionIndex="0" pointIndex="4337" originalElevation="22.6" isOriginalElevationFromOSM="true"><ele>21.8</ele></trkpt>
<trkpt lat="37.971260" lon="126.890750" sectionIndex="0" pointIndex="4338" originalElevation="22.6" isOriginalElevationFromOSM="true"><ele>20.0</ele></trkpt>
<trkpt lat="37.969930" lon="126.893940" sectionIndex="0" pointIndex="4339" originalElevation="18.1" isOriginalElevationFromOSM="true"><ele>18.0</ele></trkpt>
<trkpt lat="37.968480" lon="126.897070" sectionIndex="0" pointIndex="4340" originalElevation="14.3" isOriginalElevationFromOSM="true"><ele>16.1</ele></trkpt>
<trkpt lat="37.967960" lon="126.898000" sectionIndex="0" pointIndex="4341" originalElevation="12.6" isOriginalElevationFromOSM="true"><ele>14.5</ele></trkpt>
<trkpt lat="37.967480" lon="126.898740" sectionIndex="0" pointIndex="4342" originalElevation="12.7" isOriginalElevationFromOSM="true"><ele>13.7</ele></trkpt>
<trkpt lat="37.966960" lon="126.899460" sectionIndex="0" pointIndex="4343" originalElevation="15.0" isOriginalElevationFromOSM="true"><ele>14.2</ele></trkpt>
<trkpt lat="37.966670" lon="126.900010" sectionIndex="0" pointIndex="4344" originalElevation="14.1" isOriginalElevationFromOSM="true"><ele>15.7</ele></trkpt>
<trkpt lat="37.966520" lon="126.900450" sectionIndex="0" pointIndex="4345" originalElevation="16.8" isOriginalElevationFromOSM="true"><ele>17.4</ele></trkpt>
<trkpt lat="37.966420" lon="126.901000" sectionIndex="0" pointIndex="4346" originalElevation="20.1" isOriginalElevationFromOSM="true"><ele>18.7</ele></trkpt>
<trkpt lat="37.966280" lon="126.901450" sectionIndex="0" pointIndex="4347" originalElevation="21.2" isOriginalElevationFromOSM="true"><ele>20.2</ele></trkpt>
<trkpt lat="37.966110" lon="126.901760" sectionIndex="0" pointIndex="4348" originalElevation="21.3" isOriginalElevationFromOSM="true"><ele>20.7</ele></trkpt>
<trkpt lat="37.965850" lon="126.901960" sectionIndex="0" pointIndex="4349" originalElevation="21.5" isOriginalElevationFromOSM="true"><ele>20.4</ele></trkpt>
<trkpt lat="37.965430" lon="126.902510" sectionIndex="0" pointIndex="4350" originalElevation="19.4" isOriginalElevationFromOSM="true"><ele>19.6</ele></trkpt>
<trkpt lat="37.965110" lon="126.903080" sectionIndex="0" pointIndex="4351" originalElevation="18.4" isOriginalElevationFromOSM="true"><ele>19.1</ele></trkpt>
<trkpt lat="37.964270" lon="126.904300" sectionIndex="0" pointIndex="4352" originalElevation="17.3" isOriginalElevationFromOSM="true"><ele>18.9</ele></trkpt>
<trkpt lat="37.963280" lon="126.905620" sectionIndex="0" pointIndex="4353" originalElevation="19.2" isOriginalElevationFromOSM="true"><ele>19.3</ele></trkpt>
<trkpt lat="37.962210" lon="126.906810" sectionIndex="0" pointIndex="4354" originalElevation="20.1" isOriginalElevationFromOSM="true"><ele>20.3</ele></trkpt>
<trkpt lat="37.961550" lon="126.907680" sectionIndex="0" pointIndex="4355" originalElevation="21.4" isOriginalElevationFromOSM="true"><ele>21.5</ele></trkpt>
<trkpt lat="37.961130" lon="126.908200" sectionIndex="0" pointIndex="4356" originalElevation="23.4" isOriginalElevationFromOSM="true"><ele>22.3</ele></trkpt>
<trkpt lat="37.961060" lon="126.908440" sectionIndex="0" pointIndex="4357" originalElevation="23.3" isOriginalElevationFromOSM="true"><ele>22.8</ele></trkpt>
<trkpt lat="37.960970" lon="126.908730" sectionIndex="0" pointIndex="4358" originalElevation="23.2" isOriginalElevationFromOSM="true"><ele>24.3</ele></trkpt>
<trkpt lat="37.960660" lon="126.910650" sectionIndex="0" pointIndex="4359" originalElevation="22.8" isOriginalElevationFromOSM="true"><ele>25.7</ele></trkpt>
<trkpt lat="37.958880" lon="126.912500" sectionIndex="0" pointIndex="4360" originalElevation="29.0" isOriginalElevationFromOSM="true"><ele>27.2</ele></trkpt>
<trkpt lat="37.958320" lon="126.913130" sectionIndex="0" pointIndex="4361" originalElevation="30.2" isOriginalElevationFromOSM="true"><ele>28.8</ele></trkpt>
<trkpt lat="37.957210" lon="126.915820" sectionIndex="0" pointIndex="4362" originalElevation="31.0" isOriginalElevationFromOSM="true"><ele>31.2</ele></trkpt>
<trkpt lat="37.956940" lon="126.916320" sectionIndex="0" pointIndex="4363" originalElevation="31.2" isOriginalElevationFromOSM="true"><ele>33.4</ele></trkpt>
<trkpt lat="37.955760" lon="126.917480" sectionIndex="0" pointIndex="4364" originalElevation="34.5" isOriginalElevationFromOSM="true"><ele>35.0</ele></trkpt>
<trkpt lat="37.954370" lon="126.918710" sectionIndex="0" pointIndex="4365" originalElevation="40.0" isOriginalElevationFromOSM="true"><ele>36.3</ele></trkpt>
<trkpt lat="37.954790" lon="126.919350" sectionIndex="0" pointIndex="4366" originalElevation="38.1" isOriginalElevationFromOSM="true"><ele>37.7</ele></trkpt>
<trkpt lat="37.955510" lon="126.920890" sectionIndex="0" pointIndex="4367" originalElevation="37.5" isOriginalElevationFromOSM="true"><ele>38.6</ele></trkpt>
<trkpt lat="37.955710" lon="126.921370" sectionIndex="0" pointIndex="4368" originalElevation="38.3" isOriginalElevationFromOSM="true"><ele>38.5</ele></trkpt>
<trkpt lat="37.955960" lon="126.922120" sectionIndex="0" pointIndex="4369" originalElevation="39.2" isOriginalElevationFromOSM="true"><ele>38.9</ele></trkpt>
<trkpt lat="37.956030" lon="126.922460" sectionIndex="0" pointIndex="4370" originalElevation="39.5" isOriginalElevationFromOSM="true"><ele>40.4</ele></trkpt>
<trkpt lat="37.956250" lon="126.923750" sectionIndex="0" pointIndex="4371" originalElevation="39.8" isOriginalElevationFromOSM="true"><ele>43.1</ele></trkpt>
<trkpt lat="37.956650" lon="126.925590" sectionIndex="0" pointIndex="4372" originalElevation="45.1" isOriginalElevationFromOSM="true"><ele>46.2</ele></trkpt>
<trkpt lat="37.956940" lon="126.926280" sectionIndex="0" pointIndex="4373" originalElevation="51.8" isOriginalElevationFromOSM="true"><ele>49.6</ele></trkpt>
<trkpt lat="37.957690" lon="126.925720" sectionIndex="0" pointIndex="4374" originalElevation="54.8" isOriginalElevationFromOSM="true"><ele>54.5</ele></trkpt>
<trkpt lat="37.958350" lon="126.925320" sectionIndex="0" pointIndex="4375" originalElevation="56.8" isOriginalElevationFromOSM="true"><ele>59.6</ele></trkpt>
<trkpt lat="37.959030" lon="126.925060" sectionIndex="0" pointIndex="4376" originalElevation="63.9" isOriginalElevationFromOSM="true"><ele>67.9</ele></trkpt>
<trkpt lat="37.959590" lon="126.925010" sectionIndex="0" pointIndex="4377" originalElevation="70.8" isOriginalElevationFromOSM="true"><ele>74.8</ele></trkpt>
<trkpt lat="37.960940" lon="126.925050" sectionIndex="0" pointIndex="4378" originalElevation="93.3" isOriginalElevationFromOSM="true"><ele>76.2</ele></trkpt>
<trkpt lat="37.961290" lon="126.925090" sectionIndex="0" pointIndex="4379" originalElevation="89.0" isOriginalElevationFromOSM="true"><ele>75.7</ele></trkpt>
<trkpt lat="37.963380" lon="126.925170" sectionIndex="0" pointIndex="4380" originalElevation="64.2" isOriginalElevationFromOSM="true"><ele>73.7</ele></trkpt>
<trkpt lat="37.964060" lon="126.925160" sectionIndex="0" pointIndex="4381" originalElevation="61.4" isOriginalElevationFromOSM="true"><ele>66.7</ele></trkpt>
<trkpt lat="37.964660" lon="126.925180" sectionIndex="0" pointIndex="4382" originalElevation="60.4" isOriginalElevationFromOSM="true"><ele>60.4</ele></trkpt>
<trkpt lat="37.965190" lon="126.924990" sectionIndex="0" pointIndex="4383" originalElevation="58.5" isOriginalElevationFromOSM="true"><ele>58.6</ele></trkpt>
<trkpt lat="37.965940" lon="126.924780" sectionIndex="0" pointIndex="4384" originalElevation="57.4" isOriginalElevationFromOSM="true"><ele>57.0</ele></trkpt>
<trkpt lat="37.966900" lon="126.924240" sectionIndex="0" pointIndex="4385" originalElevation="55.5" isOriginalElevationFromOSM="true"><ele>55.4</ele></trkpt>
<trkpt lat="37.967570" lon="126.923970" sectionIndex="0" pointIndex="4386" originalElevation="53.2" isOriginalElevationFromOSM="true"><ele>54.1</ele></trkpt>
<trkpt lat="37.967720" lon="126.923930" sectionIndex="0" pointIndex="4387" originalElevation="52.5" isOriginalElevationFromOSM="true"><ele>53.5</ele></trkpt>
<trkpt lat="37.968980" lon="126.923640" sectionIndex="0" pointIndex="4388" originalElevation="51.7" isOriginalElevationFromOSM="true"><ele>56.7</ele></trkpt>
<trkpt lat="37.969090" lon="126.923920" sectionIndex="0" pointIndex="4389" originalElevation="54.7" isOriginalElevationFromOSM="true"><ele>56.9</ele></trkpt>
<trkpt lat="37.969750" lon="126.926090" sectionIndex="0" pointIndex="4390" originalElevation="71.4" isOriginalElevationFromOSM="true"><ele>55.7</ele></trkpt>
<trkpt lat="37.970170" lon="126.927730" sectionIndex="0" pointIndex="4391" originalElevation="54.1" isOriginalElevationFromOSM="true"><ele>53.9</ele></trkpt>
<trkpt lat="37.970490" lon="126.928730" sectionIndex="0" pointIndex="4392" originalElevation="46.6" isOriginalElevationFromOSM="true"><ele>51.0</ele></trkpt>
<trkpt lat="37.971480" lon="126.929430" sectionIndex="0" pointIndex="4393" originalElevation="42.6" isOriginalElevationFromOSM="true"><ele>42.1</ele></trkpt>
<trkpt lat="37.971890" lon="126.929710" sectionIndex="0" pointIndex="4394" originalElevation="40.1" isOriginalElevationFromOSM="true"><ele>38.2</ele></trkpt>
<trkpt lat="37.974650" lon="126.931500" sectionIndex="0" pointIndex="4395" originalElevation="27.1" isOriginalElevationFromOSM="true"><ele>36.4</ele></trkpt>
<trkpt lat="37.976290" lon="126.932390" sectionIndex="0" pointIndex="4396" originalElevation="34.8" isOriginalElevationFromOSM="true"><ele>35.4</ele></trkpt>
<trkpt lat="37.976870" lon="126.932870" sectionIndex="0" pointIndex="4397" originalElevation="37.4" isOriginalElevationFromOSM="true"><ele>35.0</ele></trkpt>
<trkpt lat="37.977200" lon="126.933250" sectionIndex="0" pointIndex="4398" originalElevation="37.6" isOriginalElevationFromOSM="true"><ele>37.4</ele></trkpt>
<trkpt lat="37.977520" lon="126.933670" sectionIndex="0" pointIndex="4399" originalElevation="38.1" isOriginalElevationFromOSM="true"><ele>38.7</ele></trkpt>
<trkpt lat="37.977630" lon="126.933860" sectionIndex="0" pointIndex="4400" originalElevation="39.2" isOriginalElevationFromOSM="true"><ele>39.9</ele></trkpt>
<trkpt lat="37.977770" lon="126.934350" sectionIndex="0" pointIndex="4401" originalElevation="41.3" isOriginalElevationFromOSM="true"><ele>41.3</ele></trkpt>
<trkpt lat="37.977970" lon="126.935320" sectionIndex="0" pointIndex="4402" originalElevation="43.4" isOriginalElevationFromOSM="true"><ele>42.5</ele></trkpt>
<trkpt lat="37.978020" lon="126.935730" sectionIndex="0" pointIndex="4403" originalElevation="44.5" isOriginalElevationFromOSM="true"><ele>42.7</ele></trkpt>
<trkpt lat="37.978030" lon="126.936010" sectionIndex="0" pointIndex="4404" originalElevation="44.0" isOriginalElevationFromOSM="true"><ele>40.9</ele></trkpt>
<trkpt lat="37.977870" lon="126.937090" sectionIndex="0" pointIndex="4405" originalElevation="40.1" isOriginalElevationFromOSM="true"><ele>39.0</ele></trkpt>
<trkpt lat="37.977470" lon="126.939000" sectionIndex="0" pointIndex="4406" originalElevation="32.6" isOriginalElevationFromOSM="true"><ele>37.1</ele></trkpt>
<trkpt lat="37.977200" lon="126.940470" sectionIndex="0" pointIndex="4407" originalElevation="33.8" isOriginalElevationFromOSM="true"><ele>35.0</ele></trkpt>
<trkpt lat="37.976980" lon="126.941620" sectionIndex="0" pointIndex="4408" originalElevation="34.9" isOriginalElevationFromOSM="true"><ele>33.5</ele></trkpt>
<trkpt lat="37.976920" lon="126.942230" sectionIndex="0" pointIndex="4409" originalElevation="33.7" isOriginalElevationFromOSM="true"><ele>31.7</ele></trkpt>
<trkpt lat="37.976840" lon="126.943470" sectionIndex="0" pointIndex="4410" originalElevation="32.6" isOriginalElevationFromOSM="true"><ele>29.7</ele></trkpt>
<trkpt lat="37.976520" lon="126.946240" sectionIndex="0" pointIndex="4411" originalElevation="23.6" isOriginalElevationFromOSM="true"><ele>27.5</ele></trkpt>
<trkpt lat="37.976520" lon="126.946350" sectionIndex="0" pointIndex="4412" originalElevation="23.7" isOriginalElevationFromOSM="true"><ele>25.6</ele></trkpt>
<trkpt lat="37.976550" lon="126.946670" sectionIndex="0" pointIndex="4413" originalElevation="24.1" isOriginalElevationFromOSM="true"><ele>23.7</ele></trkpt>
<trkpt lat="37.976640" lon="126.947080" sectionIndex="0" pointIndex="4414" originalElevation="24.0" isOriginalElevationFromOSM="true"><ele>23.6</ele></trkpt>
<trkpt lat="37.977270" lon="126.948080" sectionIndex="0" pointIndex="4415" originalElevation="22.9" isOriginalElevationFromOSM="true"><ele>23.9</ele></trkpt>
<trkpt lat="37.977780" lon="126.948750" sectionIndex="0" pointIndex="4416" originalElevation="23.2" isOriginalElevationFromOSM="true"><ele>24.3</ele></trkpt>
<trkpt lat="37.978260" lon="126.949290" sectionIndex="0" pointIndex="4417" originalElevation="25.2" isOriginalElevationFromOSM="true"><ele>25.2</ele></trkpt>
<trkpt lat="37.978400" lon="126.949500" sectionIndex="0" pointIndex="4418" originalElevation="26.4" isOriginalElevationFromOSM="true"><ele>26.9</ele></trkpt>
<trkpt lat="37.978520" lon="126.949890" sectionIndex="0" pointIndex="4419" originalElevation="28.3" isOriginalElevationFromOSM="true"><ele>28.8</ele></trkpt>
<trkpt lat="37.978580" lon="126.950470" sectionIndex="0" pointIndex="4420" originalElevation="31.5" isOriginalElevationFromOSM="true"><ele>30.4</ele></trkpt>
<trkpt lat="37.978550" lon="126.950690" sectionIndex="0" pointIndex="4421" originalElevation="32.4" isOriginalElevationFromOSM="true"><ele>32.1</ele></trkpt>
<trkpt lat="37.978500" lon="126.951100" sectionIndex="0" pointIndex="4422" originalElevation="33.3" isOriginalElevationFromOSM="true"><ele>33.5</ele></trkpt>
<trkpt lat="37.978410" lon="126.952290" sectionIndex="0" pointIndex="4423" originalElevation="35.1" isOriginalElevationFromOSM="true"><ele>33.5</ele></trkpt>
<trkpt lat="37.978350" lon="126.954170" sectionIndex="0" pointIndex="4424" originalElevation="35.3" isOriginalElevationFromOSM="true"><ele>33.6</ele></trkpt>
<trkpt lat="37.978400" lon="126.956340" sectionIndex="0" pointIndex="4425" originalElevation="31.2" isOriginalElevationFromOSM="true"><ele>36.1</ele></trkpt>
<trkpt lat="37.978460" lon="126.956970" sectionIndex="0" pointIndex="4426" originalElevation="33.2" isOriginalElevationFromOSM="true"><ele>37.6</ele></trkpt>
<trkpt lat="37.978850" lon="126.959480" sectionIndex="0" pointIndex="4427" originalElevation="45.9" isOriginalElevationFromOSM="true"><ele>38.6</ele></trkpt>
<trkpt lat="37.978990" lon="126.960060" sectionIndex="0" pointIndex="4428" originalElevation="42.5" isOriginalElevationFromOSM="true"><ele>41.5</ele></trkpt>
<trkpt lat="37.979410" lon="126.961320" sectionIndex="0" pointIndex="4429" originalElevation="40.3" isOriginalElevationFromOSM="true"><ele>43.6</ele></trkpt>
<trkpt lat="37.980720" lon="126.965550" sectionIndex="0" pointIndex="4430" originalElevation="45.4" isOriginalElevationFromOSM="true"><ele>44.4</ele></trkpt>
<trkpt lat="37.981150" lon="126.966510" sectionIndex="0" pointIndex="4431" originalElevation="43.9" isOriginalElevationFromOSM="true"><ele>47.0</ele></trkpt>
<trkpt lat="37.982040" lon="126.967740" sectionIndex="0" pointIndex="4432" originalElevation="50.1" isOriginalElevationFromOSM="true"><ele>51.3</ele></trkpt>
<trkpt lat="37.982880" lon="126.969210" sectionIndex="0" pointIndex="4433" originalElevation="55.1" isOriginalElevationFromOSM="true"><ele>55.9</ele></trkpt>
<trkpt lat="37.983560" lon="126.970130" sectionIndex="0" pointIndex="4434" originalElevation="61.8" isOriginalElevationFromOSM="true"><ele>59.2</ele></trkpt>
<trkpt lat="37.983820" lon="126.970470" sectionIndex="0" pointIndex="4435" originalElevation="68.5" isOriginalElevationFromOSM="true"><ele>60.5</ele></trkpt>
<trkpt lat="37.984850" lon="126.972020" sectionIndex="0" pointIndex="4436" originalElevation="60.5" isOriginalElevationFromOSM="true"><ele>60.6</ele></trkpt>
<trkpt lat="37.985270" lon="126.972780" sectionIndex="0" pointIndex="4437" originalElevation="56.6" isOriginalElevationFromOSM="true"><ele>57.9</ele></trkpt>
<trkpt lat="37.985400" lon="126.973050" sectionIndex="0" pointIndex="4438" originalElevation="55.5" isOriginalElevationFromOSM="true"><ele>53.6</ele></trkpt>
<trkpt lat="37.986490" lon="126.974800" sectionIndex="0" pointIndex="4439" originalElevation="48.5" isOriginalElevationFromOSM="true"><ele>49.9</ele></trkpt>
<trkpt lat="37.987400" lon="126.975810" sectionIndex="0" pointIndex="4440" originalElevation="47.0" isOriginalElevationFromOSM="true"><ele>46.8</ele></trkpt>
<trkpt lat="37.989060" lon="126.977350" sectionIndex="0" pointIndex="4441" originalElevation="41.8" isOriginalElevationFromOSM="true"><ele>43.5</ele></trkpt>
<trkpt lat="37.989700" lon="126.978010" sectionIndex="0" pointIndex="4442" originalElevation="41.0" isOriginalElevationFromOSM="true"><ele>41.4</ele></trkpt>
<trkpt lat="37.990520" lon="126.978700" sectionIndex="0" pointIndex="4443" originalElevation="39.2" isOriginalElevationFromOSM="true"><ele>39.1</ele></trkpt>
<trkpt lat="37.991230" lon="126.979110" sectionIndex="0" pointIndex="4444" originalElevation="37.9" isOriginalElevationFromOSM="true"><ele>37.6</ele></trkpt>
<trkpt lat="37.991680" lon="126.979290" sectionIndex="0" pointIndex="4445" originalElevation="35.6" isOriginalElevationFromOSM="true"><ele>36.1</ele></trkpt>
<trkpt lat="37.992000" lon="126.979570" sectionIndex="0" pointIndex="4446" originalElevation="34.2" isOriginalElevationFromOSM="true"><ele>34.9</ele></trkpt>
<trkpt lat="37.992160" lon="126.979790" sectionIndex="0" pointIndex="4447" originalElevation="33.6" isOriginalElevationFromOSM="true"><ele>34.0</ele></trkpt>
<trkpt lat="37.992240" lon="126.980020" sectionIndex="0" pointIndex="4448" originalElevation="33.3" isOriginalElevationFromOSM="true"><ele>33.5</ele></trkpt>
<trkpt lat="37.992460" lon="126.981150" sectionIndex="0" pointIndex="4449" originalElevation="33.2" isOriginalElevationFromOSM="true"><ele>33.4</ele></trkpt>
<trkpt lat="37.992500" lon="126.981700" sectionIndex="0" pointIndex="4450" originalElevation="33.1" isOriginalElevationFromOSM="true"><ele>33.9</ele></trkpt>
<trkpt lat="37.992520" lon="126.982100" sectionIndex="0" pointIndex="4451" originalElevation="34.0" isOriginalElevationFromOSM="true"><ele>35.2</ele></trkpt>
<trkpt lat="37.992440" lon="126.982480" sectionIndex="0" pointIndex="4452" originalElevation="36.0" isOriginalElevationFromOSM="true"><ele>37.0</ele></trkpt>
<trkpt lat="37.992300" lon="126.983020" sectionIndex="0" pointIndex="4453" originalElevation="39.8" isOriginalElevationFromOSM="true"><ele>39.3</ele></trkpt>
<trkpt lat="37.992140" lon="126.983460" sectionIndex="0" pointIndex="4454" originalElevation="42.1" isOriginalElevationFromOSM="true"><ele>41.2</ele></trkpt>
<trkpt lat="37.992060" lon="126.983660" sectionIndex="0" pointIndex="4455" originalElevation="44.4" isOriginalElevationFromOSM="true"><ele>42.1</ele></trkpt>
<trkpt lat="37.992000" lon="126.984180" sectionIndex="0" pointIndex="4456" originalElevation="43.8" isOriginalElevationFromOSM="true"><ele>41.5</ele></trkpt>
<trkpt lat="37.992040" lon="126.984610" sectionIndex="0" pointIndex="4457" originalElevation="40.4" isOriginalElevationFromOSM="true"><ele>40.4</ele></trkpt>
<trkpt lat="37.992470" lon="126.985820" sectionIndex="0" pointIndex="4458" originalElevation="37.0" isOriginalElevationFromOSM="true"><ele>39.1</ele></trkpt>
<trkpt lat="37.992530" lon="126.986110" sectionIndex="0" pointIndex="4459" originalElevation="36.6" isOriginalElevationFromOSM="true"><ele>37.9</ele></trkpt>
<trkpt lat="37.993040" lon="126.987480" sectionIndex="0" pointIndex="4460" originalElevation="37.6" isOriginalElevationFromOSM="true"><ele>37.3</ele></trkpt>
<trkpt lat="37.993080" lon="126.987980" sectionIndex="0" pointIndex="4461" originalElevation="37.7" isOriginalElevationFromOSM="true"><ele>37.4</ele></trkpt>
<trkpt lat="37.992980" lon="126.988580" sectionIndex="0" pointIndex="4462" originalElevation="37.8" isOriginalElevationFromOSM="true"><ele>37.9</ele></trkpt>
<trkpt lat="37.992600" lon="126.990510" sectionIndex="0" pointIndex="4463" originalElevation="37.5" isOriginalElevationFromOSM="true"><ele>38.4</ele></trkpt>
<trkpt lat="37.992590" lon="126.991370" sectionIndex="0" pointIndex="4464" originalElevation="39.1" isOriginalElevationFromOSM="true"><ele>39.0</ele></trkpt>
<trkpt lat="37.992610" lon="126.991920" sectionIndex="0" pointIndex="4465" originalElevation="40.1" isOriginalElevationFromOSM="true"><ele>39.5</ele></trkpt>
<trkpt lat="37.992660" lon="126.992280" sectionIndex="0" pointIndex="4466" originalElevation="40.5" isOriginalElevationFromOSM="true"><ele>40.2</ele></trkpt>
<trkpt lat="37.992650" lon="126.992360" sectionIndex="0" pointIndex="4467" originalElevation="40.6" isOriginalElevationFromOSM="true"><ele>40.6</ele></trkpt>
<trkpt lat="37.992710" lon="126.992770" sectionIndex="0" pointIndex="4468" originalElevation="40.8" isOriginalElevationFromOSM="true"><ele>41.4</ele></trkpt>
<trkpt lat="37.992770" lon="126.993220" sectionIndex="0" pointIndex="4469" originalElevation="41.0" isOriginalElevationFromOSM="true"><ele>42.1</ele></trkpt>
<trkpt lat="37.992840" lon="126.993810" sectionIndex="0" pointIndex="4470" originalElevation="44.0" isOriginalElevationFromOSM="false"><ele>42.8</ele></trkpt>
<trkpt lat="37.992842" lon="126.993866" sectionIndex="0" pointIndex="4471" originalElevation="44.0" isOriginalElevationFromOSM="false"><ele>43.4</ele></trkpt>
<trkpt lat="37.992844" lon="126.993923" sectionIndex="0" pointIndex="4472" originalElevation="44.0" isOriginalElevationFromOSM="false"><ele>44.0</ele></trkpt>
<trkpt lat="37.992847" lon="126.993980" sectionIndex="0" pointIndex="4473" originalElevation="44.0" isOriginalElevationFromOSM="false"><ele>44.0</ele></trkpt>
<trkpt lat="37.992849" lon="126.994037" sectionIndex="0" pointIndex="4474" originalElevation="44.0" isOriginalElevationFromOSM="false"><ele>44.0</ele></trkpt>
<trkpt lat="37.992851" lon="126.994094" sectionIndex="0" pointIndex="4475" originalElevation="44.0" isOriginalElevationFromOSM="false"><ele>44.0</ele></trkpt>
<trkpt lat="37.992854" lon="126.994151" sectionIndex="0" pointIndex="4476" originalElevation="44.0" isOriginalElevationFromOSM="false"><ele>44.0</ele></trkpt>
<trkpt lat="37.992856" lon="126.994208" sectionIndex="0" pointIndex="4477" originalElevation="44.0" isOriginalElevationFromOSM="false"><ele>44.0</ele></trkpt>
<trkpt lat="37.992858" lon="126.994265" sectionIndex="0" pointIndex="4478" originalElevation="44.0" isOriginalElevationFromOSM="false"><ele>44.0</ele></trkpt>
<trkpt lat="37.992859" lon="126.994284" sectionIndex="0" pointIndex="4479" originalElevation="44.0" isOriginalElevationFromOSM="false"><ele>44.0</ele></trkpt>
<trkpt lat="37.992850" lon="126.994340" sectionIndex="0" pointIndex="4480" originalElevation="44.0" isOriginalElevationFromOSM="false"><ele>44.0</ele></trkpt>
<trkpt lat="37.992842" lon="126.994396" sectionIndex="0" pointIndex="4481" originalElevation="44.0" isOriginalElevationFromOSM="false"><ele>44.0</ele></trkpt>
<trkpt lat="37.992833" lon="126.994452" sectionIndex="0" pointIndex="4482" originalElevation="44.0" isOriginalElevationFromOSM="false"><ele>44.0</ele></trkpt>
<trkpt lat="37.992824" lon="126.994508" sectionIndex="0" pointIndex="4483" originalElevation="44.0" isOriginalElevationFromOSM="false"><ele>44.0</ele></trkpt>
<trkpt lat="37.992815" lon="126.994564" sectionIndex="0" pointIndex="4484" originalElevation="44.0" isOriginalElevationFromOSM="false"><ele>44.0</ele></trkpt>
<trkpt lat="37.992806" lon="126.994620" sectionIndex="0" pointIndex="4485" originalElevation="44.0" isOriginalElevationFromOSM="false"><ele>44.0</ele></trkpt>
<trkpt lat="37.992798" lon="126.994676" sectionIndex="0" pointIndex="4486" originalElevation="44.0" isOriginalElevationFromOSM="false"><ele>44.0</ele></trkpt>
<trkpt lat="37.992789" lon="126.994731" sectionIndex="0" pointIndex="4487" originalElevation="44.0" isOriginalElevationFromOSM="false"><ele>44.0</ele></trkpt>
<trkpt lat="37.992783" lon="126.994767" sectionIndex="0" pointIndex="4488" originalElevation="44.0" isOriginalElevationFromOSM="false"><ele>44.0</ele></trkpt>
<trkpt lat="37.992777" lon="126.994824" sectionIndex="0" pointIndex="4489" originalElevation="44.0" isOriginalElevationFromOSM="false"><ele>44.0</ele></trkpt>
<trkpt lat="37.992771" lon="126.994880" sectionIndex="0" pointIndex="4490" originalElevation="44.0" isOriginalElevationFromOSM="false"><ele>44.0</ele></trkpt>
<trkpt lat="37.992764" lon="126.994936" sectionIndex="0" pointIndex="4491" originalElevation="44.0" isOriginalElevationFromOSM="false"><ele>44.0</ele></trkpt>
<trkpt lat="37.992758" lon="126.994993" sectionIndex="0" pointIndex="4492" originalElevation="44.0" isOriginalElevationFromOSM="false"><ele>44.0</ele></trkpt>
<trkpt lat="37.992752" lon="126.995049" sectionIndex="0" pointIndex="4493" originalElevation="44.0" isOriginalElevationFromOSM="false"><ele>44.0</ele></trkpt>
<trkpt lat="37.992745" lon="126.995106" sectionIndex="0" pointIndex="4494" originalElevation="44.0" isOriginalElevationFromOSM="false"><ele>44.3</ele></trkpt>
<trkpt lat="37.992739" lon="126.995162" sectionIndex="0" pointIndex="4495" originalElevation="44.0" isOriginalElevationFromOSM="false"><ele>45.0</ele></trkpt>
<trkpt lat="37.992740" lon="126.995180" sectionIndex="0" pointIndex="4496" originalElevation="45.5" isOriginalElevationFromOSM="true"><ele>46.7</ele></trkpt>
<trkpt lat="37.992610" lon="126.996050" sectionIndex="0" pointIndex="4497" originalElevation="47.5" isOriginalElevationFromOSM="true"><ele>48.9</ele></trkpt>
<trkpt lat="37.992490" lon="126.996430" sectionIndex="0" pointIndex="4498" originalElevation="52.5" isOriginalElevationFromOSM="true"><ele>51.3</ele></trkpt>
<trkpt lat="37.992370" lon="126.996710" sectionIndex="0" pointIndex="4499" originalElevation="55.0" isOriginalElevationFromOSM="true"><ele>52.2</ele></trkpt>
<trkpt lat="37.992230" lon="126.996950" sectionIndex="0" pointIndex="4500" originalElevation="56.1" isOriginalElevationFromOSM="true"><ele>53.0</ele></trkpt>
<trkpt lat="37.991240" lon="126.998040" sectionIndex="0" pointIndex="4501" originalElevation="50.0" isOriginalElevationFromOSM="true"><ele>52.7</ele></trkpt>
<trkpt lat="37.990570" lon="126.998920" sectionIndex="0" pointIndex="4502" originalElevation="51.5" isOriginalElevationFromOSM="true"><ele>52.3</ele></trkpt>
<trkpt lat="37.990120" lon="126.999390" sectionIndex="0" pointIndex="4503" originalElevation="50.9" isOriginalElevationFromOSM="true"><ele>53.2</ele></trkpt>
<trkpt lat="37.989680" lon="126.999990" sectionIndex="0" pointIndex="4504" originalElevation="52.8" isOriginalElevationFromOSM="true"><ele>55.6</ele></trkpt>
<trkpt lat="37.989380" lon="127.000580" sectionIndex="0" pointIndex="4505" originalElevation="60.7" isOriginalElevationFromOSM="true"><ele>57.3</ele></trkpt>
<trkpt lat="37.989050" lon="127.001500" sectionIndex="0" pointIndex="4506" originalElevation="62.4" isOriginalElevationFromOSM="true"><ele>58.0</ele></trkpt>
<trkpt lat="37.988900" lon="127.002220" sectionIndex="0" pointIndex="4507" originalElevation="59.8" isOriginalElevationFromOSM="true"><ele>58.0</ele></trkpt>
<trkpt lat="37.988610" lon="127.003350" sectionIndex="0" pointIndex="4508" originalElevation="54.1" isOriginalElevationFromOSM="true"><ele>56.4</ele></trkpt>
<trkpt lat="37.988490" lon="127.003730" sectionIndex="0" pointIndex="4509" originalElevation="53.0" isOriginalElevationFromOSM="true"><ele>54.5</ele></trkpt>
<trkpt lat="37.988100" lon="127.004460" sectionIndex="0" pointIndex="4510" originalElevation="52.6" isOriginalElevationFromOSM="true"><ele>52.9</ele></trkpt>
<trkpt lat="37.987970" lon="127.004640" sectionIndex="0" pointIndex="4511" originalElevation="53.1" isOriginalElevationFromOSM="true"><ele>52.8</ele></trkpt>
<trkpt lat="37.987140" lon="127.005590" sectionIndex="0" pointIndex="4512" originalElevation="51.7" isOriginalElevationFromOSM="true"><ele>53.6</ele></trkpt>
<trkpt lat="37.986630" lon="127.006260" sectionIndex="0" pointIndex="4513" originalElevation="53.6" isOriginalElevationFromOSM="true"><ele>54.9</ele></trkpt>
<trkpt lat="37.986290" lon="127.007030" sectionIndex="0" pointIndex="4514" originalElevation="56.8" isOriginalElevationFromOSM="true"><ele>57.6</ele></trkpt>
<trkpt lat="37.986090" lon="127.007630" sectionIndex="0" pointIndex="4515" originalElevation="59.1" isOriginalElevationFromOSM="true"><ele>61.0</ele></trkpt>
<trkpt lat="37.986000" lon="127.008350" sectionIndex="0" pointIndex="4516" originalElevation="66.7" isOriginalElevationFromOSM="true"><ele>63.6</ele></trkpt>
<trkpt lat="37.985920" lon="127.009080" sectionIndex="0" pointIndex="4517" originalElevation="68.9" isOriginalElevationFromOSM="true"><ele>66.0</ele></trkpt>
<trkpt lat="37.985750" lon="127.009780" sectionIndex="0" pointIndex="4518" originalElevation="66.4" isOriginalElevationFromOSM="true"><ele>66.5</ele></trkpt>
<trkpt lat="37.985390" lon="127.010900" sectionIndex="0" pointIndex="4519" originalElevation="68.8" isOriginalElevationFromOSM="true"><ele>65.7</ele></trkpt>
<trkpt lat="37.985160" lon="127.011720" sectionIndex="0" pointIndex="4520" originalElevation="61.9" isOriginalElevationFromOSM="true"><ele>63.3</ele></trkpt>
<trkpt lat="37.985100" lon="127.012160" sectionIndex="0" pointIndex="4521" originalElevation="62.4" isOriginalElevationFromOSM="true"><ele>61.4</ele></trkpt>
<trkpt lat="37.985032" lon="127.012382" sectionIndex="0" pointIndex="4522" originalElevation="57.0" isOriginalElevationFromOSM="false"><ele>59.1</ele></trkpt>
<trkpt lat="37.984990" lon="127.012403" sectionIndex="0" pointIndex="4523" originalElevation="57.0" isOriginalElevationFromOSM="false"><ele>58.1</ele></trkpt>
<trkpt lat="37.984948" lon="127.012425" sectionIndex="0" pointIndex="4524" originalElevation="57.0" isOriginalElevationFromOSM="false"><ele>57.0</ele></trkpt>
<trkpt lat="37.984907" lon="127.012446" sectionIndex="0" pointIndex="4525" originalElevation="57.0" isOriginalElevationFromOSM="false"><ele>60.0</ele></trkpt>
<trkpt lat="37.984872" lon="127.012464" sectionIndex="0" pointIndex="4526" originalElevation="57.0" isOriginalElevationFromOSM="false"><ele>63.0</ele></trkpt>
<trkpt lat="37.984877" lon="127.012521" sectionIndex="0" pointIndex="4527" originalElevation="72.0" isOriginalElevationFromOSM="false"><ele>66.0</ele></trkpt>
<trkpt lat="37.984882" lon="127.012577" sectionIndex="0" pointIndex="4528" originalElevation="72.0" isOriginalElevationFromOSM="false"><ele>69.0</ele></trkpt>
<trkpt lat="37.984887" lon="127.012634" sectionIndex="0" pointIndex="4529" originalElevation="72.0" isOriginalElevationFromOSM="false"><ele>72.0</ele></trkpt>
<trkpt lat="37.984891" lon="127.012691" sectionIndex="0" pointIndex="4530" originalElevation="72.0" isOriginalElevationFromOSM="false"><ele>72.0</ele></trkpt>
<trkpt lat="37.984893" lon="127.012711" sectionIndex="0" pointIndex="4531" originalElevation="72.0" isOriginalElevationFromOSM="false"><ele>72.0</ele></trkpt>
<trkpt lat="37.984936" lon="127.012726" sectionIndex="0" pointIndex="4532" originalElevation="72.0" isOriginalElevationFromOSM="false"><ele>72.0</ele></trkpt>
<trkpt lat="37.984980" lon="127.012742" sectionIndex="0" pointIndex="4533" originalElevation="72.0" isOriginalElevationFromOSM="false"><ele>72.0</ele></trkpt>
<trkpt lat="37.985023" lon="127.012757" sectionIndex="0" pointIndex="4534" originalElevation="72.0" isOriginalElevationFromOSM="false"><ele>72.0</ele></trkpt>
<trkpt lat="37.985058" lon="127.012770" sectionIndex="0" pointIndex="4535" originalElevation="72.0" isOriginalElevationFromOSM="false"><ele>72.3</ele></trkpt>
<trkpt lat="37.985245" lon="127.012943" sectionIndex="0" pointIndex="4536" originalElevation="72.0" isOriginalElevationFromOSM="false"><ele>74.1</ele></trkpt>
<trkpt lat="37.985500" lon="127.013270" sectionIndex="0" pointIndex="4537" originalElevation="73.5" isOriginalElevationFromOSM="true"><ele>76.4</ele></trkpt>
<trkpt lat="37.986170" lon="127.013890" sectionIndex="0" pointIndex="4538" originalElevation="80.8" isOriginalElevationFromOSM="true"><ele>79.4</ele></trkpt>
<trkpt lat="37.986850" lon="127.014370" sectionIndex="0" pointIndex="4539" originalElevation="83.5" isOriginalElevationFromOSM="true"><ele>83.1</ele></trkpt>
<trkpt lat="37.987550" lon="127.014780" sectionIndex="0" pointIndex="4540" originalElevation="87.1" isOriginalElevationFromOSM="true"><ele>86.2</ele></trkpt>
<trkpt lat="37.987640" lon="127.014840" sectionIndex="0" pointIndex="4541" originalElevation="90.8" isOriginalElevationFromOSM="true"><ele>88.6</ele></trkpt>
<trkpt lat="37.988310" lon="127.015140" sectionIndex="0" pointIndex="4542" originalElevation="88.9" isOriginalElevationFromOSM="true"><ele>91.2</ele></trkpt>
<trkpt lat="37.988530" lon="127.015340" sectionIndex="0" pointIndex="4543" originalElevation="92.9" isOriginalElevationFromOSM="true"><ele>93.9</ele></trkpt>
<trkpt lat="37.988720" lon="127.015550" sectionIndex="0" pointIndex="4544" originalElevation="96.5" isOriginalElevationFromOSM="true"><ele>95.1</ele></trkpt>
<trkpt lat="37.988900" lon="127.016160" sectionIndex="0" pointIndex="4545" originalElevation="100.4" isOriginalElevationFromOSM="true"><ele>96.4</ele></trkpt>
<trkpt lat="37.989100" lon="127.016760" sectionIndex="0" pointIndex="4546" originalElevation="97.0" isOriginalElevationFromOSM="true"><ele>96.5</ele></trkpt>
<trkpt lat="37.989220" lon="127.016940" sectionIndex="0" pointIndex="4547" originalElevation="95.3" isOriginalElevationFromOSM="true"><ele>95.8</ele></trkpt>
<trkpt lat="37.990260" lon="127.017800" sectionIndex="0" pointIndex="4548" originalElevation="93.4" isOriginalElevationFromOSM="true"><ele>90.1</ele></trkpt>
<trkpt lat="37.990310" lon="127.017970" sectionIndex="0" pointIndex="4549" originalElevation="92.9" isOriginalElevationFromOSM="true"><ele>84.1</ele></trkpt>
<trkpt lat="37.990710" lon="127.019750" sectionIndex="0" pointIndex="4550" originalElevation="71.8" isOriginalElevationFromOSM="true"><ele>78.4</ele></trkpt>
<trkpt lat="37.990880" lon="127.020140" sectionIndex="0" pointIndex="4551" originalElevation="67.3" isOriginalElevationFromOSM="true"><ele>72.6</ele></trkpt>
<trkpt lat="37.991060" lon="127.020420" sectionIndex="0" pointIndex="4552" originalElevation="66.5" isOriginalElevationFromOSM="true"><ele>65.0</ele></trkpt>
<trkpt lat="37.991300" lon="127.020690" sectionIndex="0" pointIndex="4553" originalElevation="64.4" isOriginalElevationFromOSM="true"><ele>61.1</ele></trkpt>
<trkpt lat="37.992830" lon="127.021660" sectionIndex="0" pointIndex="4554" originalElevation="54.8" isOriginalElevationFromOSM="true"><ele>57.3</ele></trkpt>
<trkpt lat="37.993090" lon="127.021900" sectionIndex="0" pointIndex="4555" originalElevation="52.3" isOriginalElevationFromOSM="true"><ele>52.4</ele></trkpt>
<trkpt lat="37.993320" lon="127.022170" sectionIndex="0" pointIndex="4556" originalElevation="48.5" isOriginalElevationFromOSM="true"><ele>47.4</ele></trkpt>
<trkpt lat="37.994090" lon="127.023320" sectionIndex="0" pointIndex="4557" originalElevation="41.8" isOriginalElevationFromOSM="true"><ele>44.7</ele></trkpt>
<trkpt lat="37.994780" lon="127.024410" sectionIndex="0" pointIndex="4558" originalElevation="39.4" isOriginalElevationFromOSM="true"><ele>43.3</ele></trkpt>
<trkpt lat="37.995500" lon="127.025430" sectionIndex="0" pointIndex="4559" originalElevation="41.4" isOriginalElevationFromOSM="true"><ele>43.0</ele></trkpt>
<trkpt lat="37.995970" lon="127.025970" sectionIndex="0" pointIndex="4560" originalElevation="45.3" isOriginalElevationFromOSM="true"><ele>44.7</ele></trkpt>
<trkpt lat="37.996150" lon="127.026080" sectionIndex="0" pointIndex="4561" originalElevation="47.2" isOriginalElevationFromOSM="true"><ele>46.9</ele></trkpt>
<trkpt lat="37.996400" lon="127.026280" sectionIndex="0" pointIndex="4562" originalElevation="50.2" isOriginalElevationFromOSM="true"><ele>48.2</ele></trkpt>
<trkpt lat="37.996930" lon="127.026540" sectionIndex="0" pointIndex="4563" originalElevation="50.2" isOriginalElevationFromOSM="true"><ele>48.6</ele></trkpt>
<trkpt lat="37.997180" lon="127.026740" sectionIndex="0" pointIndex="4564" originalElevation="48.2" isOriginalElevationFromOSM="true"><ele>48.9</ele></trkpt>
<trkpt lat="37.997320" lon="127.026900" sectionIndex="0" pointIndex="4565" originalElevation="47.1" isOriginalElevationFromOSM="true"><ele>47.9</ele></trkpt>
<trkpt lat="37.997520" lon="127.027730" sectionIndex="0" pointIndex="4566" originalElevation="48.7" isOriginalElevationFromOSM="true"><ele>47.8</ele></trkpt>
<trkpt lat="37.997660" lon="127.029830" sectionIndex="0" pointIndex="4567" originalElevation="45.3" isOriginalElevationFromOSM="true"><ele>48.5</ele></trkpt>
<trkpt lat="37.997690" lon="127.031330" sectionIndex="0" pointIndex="4568" originalElevation="49.5" isOriginalElevationFromOSM="true"><ele>51.0</ele></trkpt>
<trkpt lat="37.997610" lon="127.032490" sectionIndex="0" pointIndex="4569" originalElevation="51.8" isOriginalElevationFromOSM="true"><ele>53.7</ele></trkpt>
<trkpt lat="37.997280" lon="127.035080" sectionIndex="0" pointIndex="4570" originalElevation="59.8" isOriginalElevationFromOSM="true"><ele>60.1</ele></trkpt>
<trkpt lat="37.997340" lon="127.035770" sectionIndex="0" pointIndex="4571" originalElevation="62.1" isOriginalElevationFromOSM="true"><ele>65.8</ele></trkpt>
<trkpt lat="37.997900" lon="127.038250" sectionIndex="0" pointIndex="4572" originalElevation="77.2" isOriginalElevationFromOSM="true"><ele>72.5</ele></trkpt>
<trkpt lat="37.998390" lon="127.040580" sectionIndex="0" pointIndex="4573" originalElevation="78.0" isOriginalElevationFromOSM="true"><ele>79.3</ele></trkpt>
<trkpt lat="37.998620" lon="127.041150" sectionIndex="0" pointIndex="4574" originalElevation="85.5" isOriginalElevationFromOSM="true"><ele>86.7</ele></trkpt>
<trkpt lat="37.999040" lon="127.041810" sectionIndex="0" pointIndex="4575" originalElevation="93.7" isOriginalElevationFromOSM="true"><ele>90.9</ele></trkpt>
<trkpt lat="37.999270" lon="127.042230" sectionIndex="0" pointIndex="4576" originalElevation="99.0" isOriginalElevationFromOSM="true"><ele>93.3</ele></trkpt>
<trkpt lat="37.999720" lon="127.043740" sectionIndex="0" pointIndex="4577" originalElevation="98.3" isOriginalElevationFromOSM="true"><ele>93.6</ele></trkpt>
<trkpt lat="37.999930" lon="127.044270" sectionIndex="0" pointIndex="4578" originalElevation="90.2" isOriginalElevationFromOSM="true"><ele>91.1</ele></trkpt>
<trkpt lat="38.000160" lon="127.044520" sectionIndex="0" pointIndex="4579" originalElevation="87.0" isOriginalElevationFromOSM="true"><ele>86.9</ele></trkpt>
<trkpt lat="38.001210" lon="127.045100" sectionIndex="0" pointIndex="4580" originalElevation="80.8" isOriginalElevationFromOSM="true"><ele>79.2</ele></trkpt>
<trkpt lat="38.002060" lon="127.045380" sectionIndex="0" pointIndex="4581" originalElevation="78.2" isOriginalElevationFromOSM="true"><ele>72.6</ele></trkpt>
<trkpt lat="38.004370" lon="127.046660" sectionIndex="0" pointIndex="4582" originalElevation="59.6" isOriginalElevationFromOSM="true"><ele>66.7</ele></trkpt>
<trkpt lat="38.004990" lon="127.047230" sectionIndex="0" pointIndex="4583" originalElevation="57.5" isOriginalElevationFromOSM="true"><ele>62.3</ele></trkpt>
<trkpt lat="38.006030" lon="127.048700" sectionIndex="0" pointIndex="4584" originalElevation="57.6" isOriginalElevationFromOSM="true"><ele>56.1</ele></trkpt>
<trkpt lat="38.006340" lon="127.049210" sectionIndex="0" pointIndex="4585" originalElevation="58.4" isOriginalElevationFromOSM="true"><ele>52.9</ele></trkpt>
<trkpt lat="38.006720" lon="127.050390" sectionIndex="0" pointIndex="4586" originalElevation="47.3" isOriginalElevationFromOSM="true"><ele>50.6</ele></trkpt>
<trkpt lat="38.006770" lon="127.050920" sectionIndex="0" pointIndex="4587" originalElevation="43.8" isOriginalElevationFromOSM="true"><ele>48.4</ele></trkpt>
<trkpt lat="38.006700" lon="127.052230" sectionIndex="0" pointIndex="4588" originalElevation="46.0" isOriginalElevationFromOSM="true"><ele>46.5</ele></trkpt>
<trkpt lat="38.006720" lon="127.052410" sectionIndex="0" pointIndex="4589" originalElevation="46.7" isOriginalElevationFromOSM="true"><ele>44.5</ele></trkpt>
<trkpt lat="38.006830" lon="127.052840" sectionIndex="0" pointIndex="4590" originalElevation="48.5" isOriginalElevationFromOSM="true"><ele>43.4</ele></trkpt>
<trkpt lat="38.007570" lon="127.054160" sectionIndex="0" pointIndex="4591" originalElevation="37.8" isOriginalElevationFromOSM="true"><ele>41.8</ele></trkpt>
<trkpt lat="38.007550" lon="127.054180" sectionIndex="0" pointIndex="4592" originalElevation="37.9" isOriginalElevationFromOSM="true"><ele>40.0</ele></trkpt>
<trkpt lat="38.007530" lon="127.054250" sectionIndex="0" pointIndex="4593" originalElevation="37.9" isOriginalElevationFromOSM="true"><ele>37.8</ele></trkpt>
<trkpt lat="38.007540" lon="127.054320" sectionIndex="0" pointIndex="4594" originalElevation="37.9" isOriginalElevationFromOSM="true"><ele>38.3</ele></trkpt>
<trkpt lat="38.007600" lon="127.054380" sectionIndex="0" pointIndex="4595" originalElevation="37.7" isOriginalElevationFromOSM="true"><ele>39.6</ele></trkpt>
<trkpt lat="38.007230" lon="127.055250" sectionIndex="0" pointIndex="4596" originalElevation="40.3" isOriginalElevationFromOSM="true"><ele>41.3</ele></trkpt>
<trkpt lat="38.006930" lon="127.055750" sectionIndex="0" pointIndex="4597" originalElevation="44.5" isOriginalElevationFromOSM="true"><ele>44.0</ele></trkpt>
<trkpt lat="38.006800" lon="127.055920" sectionIndex="0" pointIndex="4598" originalElevation="46.0" isOriginalElevationFromOSM="true"><ele>46.9</ele></trkpt>
<trkpt lat="38.006360" lon="127.056260" sectionIndex="0" pointIndex="4599" originalElevation="51.3" isOriginalElevationFromOSM="true"><ele>49.7</ele></trkpt>
<trkpt lat="38.006140" lon="127.056490" sectionIndex="0" pointIndex="4600" originalElevation="52.5" isOriginalElevationFromOSM="true"><ele>51.7</ele></trkpt>
<trkpt lat="38.006000" lon="127.057220" sectionIndex="0" pointIndex="4601" originalElevation="54.0" isOriginalElevationFromOSM="true"><ele>53.2</ele></trkpt>
<trkpt lat="38.005830" lon="127.057780" sectionIndex="0" pointIndex="4602" originalElevation="54.5" isOriginalElevationFromOSM="true"><ele>53.5</ele></trkpt>
<trkpt lat="38.005720" lon="127.058050" sectionIndex="0" pointIndex="4603" originalElevation="53.6" isOriginalElevationFromOSM="true"><ele>53.2</ele></trkpt>
<trkpt lat="38.005700" lon="127.058170" sectionIndex="0" pointIndex="4604" originalElevation="52.9" isOriginalElevationFromOSM="true"><ele>52.3</ele></trkpt>
<trkpt lat="38.005730" lon="127.058300" sectionIndex="0" pointIndex="4605" originalElevation="51.0" isOriginalElevationFromOSM="true"><ele>51.3</ele></trkpt>
<trkpt lat="38.005740" lon="127.058570" sectionIndex="0" pointIndex="4606" originalElevation="49.6" isOriginalElevationFromOSM="true"><ele>50.8</ele></trkpt>
<trkpt lat="38.005710" lon="127.058780" sectionIndex="0" pointIndex="4607" originalElevation="49.5" isOriginalElevationFromOSM="true"><ele>52.5</ele></trkpt>
<trkpt lat="38.005620" lon="127.059130" sectionIndex="0" pointIndex="4608" originalElevation="51.0" isOriginalElevationFromOSM="true"><ele>56.0</ele></trkpt>
<trkpt lat="38.005170" lon="127.060090" sectionIndex="0" pointIndex="4609" originalElevation="61.6" isOriginalElevationFromOSM="true"><ele>60.2</ele></trkpt>
<trkpt lat="38.004780" lon="127.060450" sectionIndex="0" pointIndex="4610" originalElevation="68.3" isOriginalElevationFromOSM="true"><ele>64.8</ele></trkpt>
<trkpt lat="38.004650" lon="127.060600" sectionIndex="0" pointIndex="4611" originalElevation="70.5" isOriginalElevationFromOSM="true"><ele>68.6</ele></trkpt>
<trkpt lat="38.004040" lon="127.061440" sectionIndex="0" pointIndex="4612" originalElevation="72.8" isOriginalElevationFromOSM="true"><ele>70.1</ele></trkpt>
<trkpt lat="38.003990" lon="127.061610" sectionIndex="0" pointIndex="4613" originalElevation="70.0" isOriginalElevationFromOSM="true"><ele>68.8</ele></trkpt>
<trkpt lat="38.003940" lon="127.061900" sectionIndex="0" pointIndex="4614" originalElevation="68.9" isOriginalElevationFromOSM="true"><ele>65.7</ele></trkpt>
<trkpt lat="38.003980" lon="127.062420" sectionIndex="0" pointIndex="4615" originalElevation="61.8" isOriginalElevationFromOSM="true"><ele>60.5</ele></trkpt>
<trkpt lat="38.004060" lon="127.063500" sectionIndex="0" pointIndex="4616" originalElevation="54.8" isOriginalElevationFromOSM="true"><ele>55.6</ele></trkpt>
<trkpt lat="38.004080" lon="127.064750" sectionIndex="0" pointIndex="4617" originalElevation="46.9" isOriginalElevationFromOSM="true"><ele>51.1</ele></trkpt>
<trkpt lat="38.004050" lon="127.064980" sectionIndex="0" pointIndex="4618" originalElevation="45.7" isOriginalElevationFromOSM="true"><ele>48.2</ele></trkpt>
<trkpt lat="38.003950" lon="127.065190" sectionIndex="0" pointIndex="4619" originalElevation="46.5" isOriginalElevationFromOSM="true"><ele>47.9</ele></trkpt>
<trkpt lat="38.003860" lon="127.065300" sectionIndex="0" pointIndex="4620" originalElevation="47.3" isOriginalElevationFromOSM="true"><ele>49.0</ele></trkpt>
<trkpt lat="38.003440" lon="127.065470" sectionIndex="0" pointIndex="4621" originalElevation="53.1" isOriginalElevationFromOSM="true"><ele>49.1</ele></trkpt>
<trkpt lat="38.003320" lon="127.065590" sectionIndex="0" pointIndex="4622" originalElevation="52.2" isOriginalElevationFromOSM="true"><ele>49.3</ele></trkpt>
<trkpt lat="38.003350" lon="127.065800" sectionIndex="0" pointIndex="4623" originalElevation="46.4" isOriginalElevationFromOSM="true"><ele>49.7</ele></trkpt>
<trkpt lat="38.003170" lon="127.065880" sectionIndex="0" pointIndex="4624" originalElevation="47.5" isOriginalElevationFromOSM="true"><ele>48.7</ele></trkpt>
<trkpt lat="38.002790" lon="127.066150" sectionIndex="0" pointIndex="4625" originalElevation="49.4" isOriginalElevationFromOSM="true"><ele>47.8</ele></trkpt>
<trkpt lat="38.002340" lon="127.066670" sectionIndex="0" pointIndex="4626" originalElevation="47.9" isOriginalElevationFromOSM="true"><ele>48.1</ele></trkpt>
<trkpt lat="38.001980" lon="127.067190" sectionIndex="0" pointIndex="4627" originalElevation="48.0" isOriginalElevationFromOSM="true"><ele>47.6</ele></trkpt>
<trkpt lat="38.001540" lon="127.067890" sectionIndex="0" pointIndex="4628" originalElevation="47.6" isOriginalElevationFromOSM="true"><ele>46.5</ele></trkpt>
<trkpt lat="38.001740" lon="127.068250" sectionIndex="0" pointIndex="4629" originalElevation="45.0" isOriginalElevationFromOSM="true"><ele>45.0</ele></trkpt>
<trkpt lat="38.001820" lon="127.068420" sectionIndex="0" pointIndex="4630" originalElevation="43.9" isOriginalElevationFromOSM="true"><ele>43.6</ele></trkpt>
<trkpt lat="38.002060" lon="127.069410" sectionIndex="0" pointIndex="4631" originalElevation="40.8" isOriginalElevationFromOSM="true"><ele>42.7</ele></trkpt>
<trkpt lat="38.002150" lon="127.069670" sectionIndex="0" pointIndex="4632" originalElevation="41.0" isOriginalElevationFromOSM="true"><ele>42.3</ele></trkpt>
<trkpt lat="38.002370" lon="127.070550" sectionIndex="0" pointIndex="4633" originalElevation="42.7" isOriginalElevationFromOSM="true"><ele>42.4</ele></trkpt>
<trkpt lat="38.002440" lon="127.070880" sectionIndex="0" pointIndex="4634" originalElevation="43.3" isOriginalElevationFromOSM="true"><ele>43.1</ele></trkpt>
<trkpt lat="38.002490" lon="127.071270" sectionIndex="0" pointIndex="4635" originalElevation="44.1" isOriginalElevationFromOSM="true"><ele>43.5</ele></trkpt>
<trkpt lat="38.002560" lon="127.072210" sectionIndex="0" pointIndex="4636" originalElevation="44.6" isOriginalElevationFromOSM="true"><ele>43.3</ele></trkpt>
<trkpt lat="38.002560" lon="127.072300" sectionIndex="0" pointIndex="4637" originalElevation="43.1" isOriginalElevationFromOSM="true"><ele>42.8</ele></trkpt>
<trkpt lat="38.002520" lon="127.073210" sectionIndex="0" pointIndex="4638" originalElevation="41.5" isOriginalElevationFromOSM="true"><ele>42.5</ele></trkpt>
<trkpt lat="38.002470" lon="127.073690" sectionIndex="0" pointIndex="4639" originalElevation="40.7" isOriginalElevationFromOSM="true"><ele>42.0</ele></trkpt>
<trkpt lat="38.002110" lon="127.073730" sectionIndex="0" pointIndex="4640" originalElevation="42.4" isOriginalElevationFromOSM="true"><ele>41.6</ele></trkpt>
<trkpt lat="38.001910" lon="127.074400" sectionIndex="0" pointIndex="4641" originalElevation="42.2" isOriginalElevationFromOSM="true"><ele>41.4</ele></trkpt>
<trkpt lat="38.001820" lon="127.074810" sectionIndex="0" pointIndex="4642" originalElevation="41.3" isOriginalElevationFromOSM="true"><ele>41.2</ele></trkpt>
<trkpt lat="38.001790" lon="127.075120" sectionIndex="0" pointIndex="4643" originalElevation="40.6" isOriginalElevationFromOSM="true"><ele>39.5</ele></trkpt>
<trkpt lat="38.001770" lon="127.075570" sectionIndex="0" pointIndex="4644" originalElevation="39.6" isOriginalElevationFromOSM="true"><ele>38.1</ele></trkpt>
<trkpt lat="38.001830" lon="127.077380" sectionIndex="0" pointIndex="4645" originalElevation="34.1" isOriginalElevationFromOSM="true"><ele>37.0</ele></trkpt>
<trkpt lat="38.001810" lon="127.077520" sectionIndex="0" pointIndex="4646" originalElevation="35.0" isOriginalElevationFromOSM="true"><ele>36.2</ele></trkpt>
<trkpt lat="38.001400" lon="127.077460" sectionIndex="0" pointIndex="4647" originalElevation="35.8" isOriginalElevationFromOSM="true"><ele>36.0</ele></trkpt>
<trkpt lat="38.000990" lon="127.077400" sectionIndex="0" pointIndex="4648" originalElevation="36.7" isOriginalElevationFromOSM="true"><ele>37.7</ele></trkpt>
<trkpt lat="37.996080" lon="127.077110" sectionIndex="0" pointIndex="4649" originalElevation="38.2" isOriginalElevationFromOSM="true"><ele>39.6</ele></trkpt>
<trkpt lat="37.992940" lon="127.077350" sectionIndex="0" pointIndex="4650" originalElevation="42.8" isOriginalElevationFromOSM="true"><ele>41.5</ele></trkpt>
<trkpt lat="37.992390" lon="127.077440" sectionIndex="0" pointIndex="4651" originalElevation="44.8" isOriginalElevationFromOSM="true"><ele>43.5</ele></trkpt>
<trkpt lat="37.992250" lon="127.077520" sectionIndex="0" pointIndex="4652" originalElevation="45.2" isOriginalElevationFromOSM="true"><ele>45.4</ele></trkpt>
<trkpt lat="37.992150" lon="127.077660" sectionIndex="0" pointIndex="4653" originalElevation="46.6" isOriginalElevationFromOSM="true"><ele>47.3</ele></trkpt>
<trkpt lat="37.992120" lon="127.077740" sectionIndex="0" pointIndex="4654" originalElevation="47.5" isOriginalElevationFromOSM="true"><ele>48.9</ele></trkpt>
<trkpt lat="37.992030" lon="127.078250" sectionIndex="0" pointIndex="4655" originalElevation="52.6" isOriginalElevationFromOSM="true"><ele>50.2</ele></trkpt>
<trkpt lat="37.991980" lon="127.078340" sectionIndex="0" pointIndex="4656" originalElevation="52.8" isOriginalElevationFromOSM="true"><ele>51.0</ele></trkpt>
<trkpt lat="37.991920" lon="127.078390" sectionIndex="0" pointIndex="4657" originalElevation="51.7" isOriginalElevationFromOSM="true"><ele>50.4</ele></trkpt>
<trkpt lat="37.991840" lon="127.078420" sectionIndex="0" pointIndex="4658" originalElevation="50.3" isOriginalElevationFromOSM="true"><ele>48.4</ele></trkpt>
<trkpt lat="37.991440" lon="127.078470" sectionIndex="0" pointIndex="4659" originalElevation="44.6" isOriginalElevationFromOSM="true"><ele>45.7</ele></trkpt>
<trkpt lat="37.991230" lon="127.078520" sectionIndex="0" pointIndex="4660" originalElevation="42.6" isOriginalElevationFromOSM="true"><ele>43.1</ele></trkpt>
<trkpt lat="37.990840" lon="127.078710" sectionIndex="0" pointIndex="4661" originalElevation="39.1" isOriginalElevationFromOSM="true"><ele>40.8</ele></trkpt>
<trkpt lat="37.989550" lon="127.079320" sectionIndex="0" pointIndex="4662" originalElevation="39.0" isOriginalElevationFromOSM="true"><ele>39.7</ele></trkpt>
<trkpt lat="37.989350" lon="127.079440" sectionIndex="0" pointIndex="4663" originalElevation="38.9" isOriginalElevationFromOSM="true"><ele>39.2</ele></trkpt>
<trkpt lat="37.989250" lon="127.079550" sectionIndex="0" pointIndex="4664" originalElevation="39.1" isOriginalElevationFromOSM="true"><ele>40.3</ele></trkpt>
<trkpt lat="37.989180" lon="127.079740" sectionIndex="0" pointIndex="4665" originalElevation="39.8" isOriginalElevationFromOSM="true"><ele>41.6</ele></trkpt>
<trkpt lat="37.989030" lon="127.080590" sectionIndex="0" pointIndex="4666" originalElevation="44.8" isOriginalElevationFromOSM="true"><ele>43.0</ele></trkpt>
<trkpt lat="37.988990" lon="127.080730" sectionIndex="0" pointIndex="4667" originalElevation="45.6" isOriginalElevationFromOSM="true"><ele>44.3</ele></trkpt>
<trkpt lat="37.988890" lon="127.080970" sectionIndex="0" pointIndex="4668" originalElevation="45.8" isOriginalElevationFromOSM="true"><ele>45.3</ele></trkpt>
<trkpt lat="37.988850" lon="127.081010" sectionIndex="0" pointIndex="4669" originalElevation="45.6" isOriginalElevationFromOSM="true"><ele>44.9</ele></trkpt>
<trkpt lat="37.988610" lon="127.081180" sectionIndex="0" pointIndex="4670" originalElevation="44.5" isOriginalElevationFromOSM="true"><ele>44.5</ele></trkpt>
<trkpt lat="37.988310" lon="127.081340" sectionIndex="0" pointIndex="4671" originalElevation="43.0" isOriginalElevationFromOSM="true"><ele>44.7</ele></trkpt>
<trkpt lat="37.987900" lon="127.081460" sectionIndex="0" pointIndex="4672" originalElevation="43.6" isOriginalElevationFromOSM="true"><ele>45.1</ele></trkpt>
<trkpt lat="37.987990" lon="127.082670" sectionIndex="0" pointIndex="4673" originalElevation="46.8" isOriginalElevationFromOSM="true"><ele>45.9</ele></trkpt>
<trkpt lat="37.988230" lon="127.084280" sectionIndex="0" pointIndex="4674" originalElevation="47.6" isOriginalElevationFromOSM="true"><ele>48.2</ele></trkpt>
<trkpt lat="37.988430" lon="127.085050" sectionIndex="0" pointIndex="4675" originalElevation="48.7" isOriginalElevationFromOSM="true"><ele>50.2</ele></trkpt>
<trkpt lat="37.989190" lon="127.087380" sectionIndex="0" pointIndex="4676" originalElevation="54.1" isOriginalElevationFromOSM="true"><ele>51.6</ele></trkpt>
<trkpt lat="37.989720" lon="127.089580" sectionIndex="0" pointIndex="4677" originalElevation="53.6" isOriginalElevationFromOSM="true"><ele>53.2</ele></trkpt>
<trkpt lat="37.989730" lon="127.089870" sectionIndex="0" pointIndex="4678" originalElevation="54.0" isOriginalElevationFromOSM="true"><ele>55.5</ele></trkpt>
<trkpt lat="37.989690" lon="127.090260" sectionIndex="0" pointIndex="4679" originalElevation="55.6" isOriginalElevationFromOSM="true"><ele>57.3</ele></trkpt>
<trkpt lat="37.989530" lon="127.090740" sectionIndex="0" pointIndex="4680" originalElevation="60.0" isOriginalElevationFromOSM="true"><ele>60.1</ele></trkpt>
<trkpt lat="37.989310" lon="127.091020" sectionIndex="0" pointIndex="4681" originalElevation="63.5" isOriginalElevationFromOSM="true"><ele>63.1</ele></trkpt>
<trkpt lat="37.988830" lon="127.091280" sectionIndex="0" pointIndex="4682" originalElevation="67.2" isOriginalElevationFromOSM="true"><ele>66.2</ele></trkpt>
<trkpt lat="37.988520" lon="127.091480" sectionIndex="0" pointIndex="4683" originalElevation="69.3" isOriginalElevationFromOSM="true"><ele>68.8</ele></trkpt>
<trkpt lat="37.988250" lon="127.091840" sectionIndex="0" pointIndex="4684" originalElevation="71.0" isOriginalElevationFromOSM="true"><ele>70.4</ele></trkpt>
<trkpt lat="37.988050" lon="127.092800" sectionIndex="0" pointIndex="4685" originalElevation="73.0" isOriginalElevationFromOSM="true"><ele>71.3</ele></trkpt>
<trkpt lat="37.987750" lon="127.093990" sectionIndex="0" pointIndex="4686" originalElevation="71.6" isOriginalElevationFromOSM="true"><ele>72.2</ele></trkpt>
<trkpt lat="37.987390" lon="127.094840" sectionIndex="0" pointIndex="4687" originalElevation="71.9" isOriginalElevationFromOSM="true"><ele>71.5</ele></trkpt>
<trkpt lat="37.987070" lon="127.095390" sectionIndex="0" pointIndex="4688" originalElevation="73.6" isOriginalElevationFromOSM="true"><ele>71.3</ele></trkpt>
<trkpt lat="37.986560" lon="127.096320" sectionIndex="0" pointIndex="4689" originalElevation="67.5" isOriginalElevationFromOSM="true"><ele>71.8</ele></trkpt>
<trkpt lat="37.986260" lon="127.096920" sectionIndex="0" pointIndex="4690" originalElevation="72.2" isOriginalElevationFromOSM="true"><ele>72.8</ele></trkpt>
<trkpt lat="37.986190" lon="127.097170" sectionIndex="0" pointIndex="4691" originalElevation="74.0" isOriginalElevationFromOSM="true"><ele>73.3</ele></trkpt>
<trkpt lat="37.986120" lon="127.097700" sectionIndex="0" pointIndex="4692" originalElevation="76.5" isOriginalElevationFromOSM="true"><ele>74.9</ele></trkpt>
<trkpt lat="37.986150" lon="127.098370" sectionIndex="0" pointIndex="4693" originalElevation="76.1" isOriginalElevationFromOSM="true"><ele>75.6</ele></trkpt>
<trkpt lat="37.986180" lon="127.098740" sectionIndex="0" pointIndex="4694" originalElevation="75.9" isOriginalElevationFromOSM="true"><ele>75.9</ele></trkpt>
<trkpt lat="37.986150" lon="127.099020" sectionIndex="0" pointIndex="4695" originalElevation="75.7" isOriginalElevationFromOSM="true"><ele>75.7</ele></trkpt>
<trkpt lat="37.986050" lon="127.099240" sectionIndex="0" pointIndex="4696" originalElevation="75.4" isOriginalElevationFromOSM="true"><ele>75.7</ele></trkpt>
<trkpt lat="37.985920" lon="127.099410" sectionIndex="0" pointIndex="4697" originalElevation="75.4" isOriginalElevationFromOSM="true"><ele>76.3</ele></trkpt>
<trkpt lat="37.985720" lon="127.099600" sectionIndex="0" pointIndex="4698" originalElevation="75.9" isOriginalElevationFromOSM="true"><ele>77.4</ele></trkpt>
<trkpt lat="37.985440" lon="127.099710" sectionIndex="0" pointIndex="4699" originalElevation="79.0" isOriginalElevationFromOSM="true"><ele>78.9</ele></trkpt>
<trkpt lat="37.985200" lon="127.099750" sectionIndex="0" pointIndex="4700" originalElevation="81.3" isOriginalElevationFromOSM="true"><ele>80.5</ele></trkpt>
<trkpt lat="37.984890" lon="127.099730" sectionIndex="0" pointIndex="4701" originalElevation="82.9" isOriginalElevationFromOSM="true"><ele>82.0</ele></trkpt>
<trkpt lat="37.984730" lon="127.099690" sectionIndex="0" pointIndex="4702" originalElevation="83.3" isOriginalElevationFromOSM="true"><ele>83.0</ele></trkpt>
<trkpt lat="37.984580" lon="127.099620" sectionIndex="0" pointIndex="4703" originalElevation="83.7" isOriginalElevationFromOSM="true"><ele>82.7</ele></trkpt>
<trkpt lat="37.984440" lon="127.099530" sectionIndex="0" pointIndex="4704" originalElevation="84.1" isOriginalElevationFromOSM="true"><ele>81.4</ele></trkpt>
<trkpt lat="37.984250" lon="127.099290" sectionIndex="0" pointIndex="4705" originalElevation="79.7" isOriginalElevationFromOSM="true"><ele>79.9</ele></trkpt>
<trkpt lat="37.984030" lon="127.098920" sectionIndex="0" pointIndex="4706" originalElevation="76.3" isOriginalElevationFromOSM="true"><ele>78.7</ele></trkpt>
<trkpt lat="37.983690" lon="127.098210" sectionIndex="0" pointIndex="4707" originalElevation="75.9" isOriginalElevationFromOSM="true"><ele>77.4</ele></trkpt>
<trkpt lat="37.983480" lon="127.097930" sectionIndex="0" pointIndex="4708" originalElevation="77.4" isOriginalElevationFromOSM="true"><ele>76.7</ele></trkpt>
<trkpt lat="37.983230" lon="127.097740" sectionIndex="0" pointIndex="4709" originalElevation="77.9" isOriginalElevationFromOSM="true"><ele>76.5</ele></trkpt>
<trkpt lat="37.982840" lon="127.097710" sectionIndex="0" pointIndex="4710" originalElevation="76.0" isOriginalElevationFromOSM="true"><ele>76.7</ele></trkpt>
<trkpt lat="37.982620" lon="127.097770" sectionIndex="0" pointIndex="4711" originalElevation="75.2" isOriginalElevationFromOSM="true"><ele>78.6</ele></trkpt>
<trkpt lat="37.982460" lon="127.097870" sectionIndex="0" pointIndex="4712" originalElevation="77.0" isOriginalElevationFromOSM="true"><ele>82.5</ele></trkpt>
<trkpt lat="37.981930" lon="127.098520" sectionIndex="0" pointIndex="4713" originalElevation="86.8" isOriginalElevationFromOSM="true"><ele>87.7</ele></trkpt>
<trkpt lat="37.981330" lon="127.099360" sectionIndex="0" pointIndex="4714" originalElevation="97.5" isOriginalElevationFromOSM="true"><ele>93.7</ele></trkpt>
<trkpt lat="37.980670" lon="127.100100" sectionIndex="0" pointIndex="4715" originalElevation="101.8" isOriginalElevationFromOSM="true"><ele>99.8</ele></trkpt>
<trkpt lat="37.980160" lon="127.100370" sectionIndex="0" pointIndex="4716" originalElevation="105.2" isOriginalElevationFromOSM="true"><ele>105.9</ele></trkpt>
<trkpt lat="37.979710" lon="127.100450" sectionIndex="0" pointIndex="4717" originalElevation="107.6" isOriginalElevationFromOSM="true"><ele>110.5</ele></trkpt>
<trkpt lat="37.978710" lon="127.100250" sectionIndex="0" pointIndex="4718" originalElevation="117.5" isOriginalElevationFromOSM="true"><ele>114.9</ele></trkpt>
<trkpt lat="37.978390" lon="127.100240" sectionIndex="0" pointIndex="4719" originalElevation="120.5" isOriginalElevationFromOSM="true"><ele>120.0</ele></trkpt>
<trkpt lat="37.978220" lon="127.100230" sectionIndex="0" pointIndex="4720" originalElevation="123.6" isOriginalElevationFromOSM="true"><ele>124.9</ele></trkpt>
<trkpt lat="37.977790" lon="127.100340" sectionIndex="0" pointIndex="4721" originalElevation="130.8" isOriginalElevationFromOSM="true"><ele>129.7</ele></trkpt>
<trkpt lat="37.977580" lon="127.100480" sectionIndex="0" pointIndex="4722" originalElevation="132.2" isOriginalElevationFromOSM="true"><ele>132.7</ele></trkpt>
<trkpt lat="37.976680" lon="127.101560" sectionIndex="0" pointIndex="4723" originalElevation="141.5" isOriginalElevationFromOSM="true"><ele>135.4</ele></trkpt>
<trkpt lat="37.976200" lon="127.102090" sectionIndex="0" pointIndex="4724" originalElevation="135.4" isOriginalElevationFromOSM="true"><ele>136.2</ele></trkpt>
<trkpt lat="37.975830" lon="127.102360" sectionIndex="0" pointIndex="4725" originalElevation="137.2" isOriginalElevationFromOSM="true"><ele>136.7</ele></trkpt>
<trkpt lat="37.975470" lon="127.102340" sectionIndex="0" pointIndex="4726" originalElevation="134.7" isOriginalElevationFromOSM="true"><ele>134.6</ele></trkpt>
<trkpt lat="37.975140" lon="127.102180" sectionIndex="0" pointIndex="4727" originalElevation="134.7" isOriginalElevationFromOSM="true"><ele>133.6</ele></trkpt>
<trkpt lat="37.974060" lon="127.101490" sectionIndex="0" pointIndex="4728" originalElevation="130.9" isOriginalElevationFromOSM="true"><ele>132.1</ele></trkpt>
<trkpt lat="37.973750" lon="127.101410" sectionIndex="0" pointIndex="4729" originalElevation="130.5" isOriginalElevationFromOSM="true"><ele>130.6</ele></trkpt>
<trkpt lat="37.973530" lon="127.101400" sectionIndex="0" pointIndex="4730" originalElevation="129.8" isOriginalElevationFromOSM="true"><ele>128.5</ele></trkpt>
<trkpt lat="37.973120" lon="127.101440" sectionIndex="0" pointIndex="4731" originalElevation="126.9" isOriginalElevationFromOSM="true"><ele>126.8</ele></trkpt>
<trkpt lat="37.972850" lon="127.101520" sectionIndex="0" pointIndex="4732" originalElevation="124.3" isOriginalElevationFromOSM="true"><ele>124.9</ele></trkpt>
<trkpt lat="37.972650" lon="127.101610" sectionIndex="0" pointIndex="4733" originalElevation="122.3" isOriginalElevationFromOSM="true"><ele>122.0</ele></trkpt>
<trkpt lat="37.972380" lon="127.101780" sectionIndex="0" pointIndex="4734" originalElevation="121.3" isOriginalElevationFromOSM="true"><ele>119.0</ele></trkpt>
<trkpt lat="37.971730" lon="127.102510" sectionIndex="0" pointIndex="4735" originalElevation="115.3" isOriginalElevationFromOSM="true"><ele>116.8</ele></trkpt>
<trkpt lat="37.971150" lon="127.103210" sectionIndex="0" pointIndex="4736" originalElevation="112.1" isOriginalElevationFromOSM="true"><ele>114.7</ele></trkpt>
<trkpt lat="37.970730" lon="127.103840" sectionIndex="0" pointIndex="4737" originalElevation="113.2" isOriginalElevationFromOSM="true"><ele>112.7</ele></trkpt>
<trkpt lat="37.970590" lon="127.104200" sectionIndex="0" pointIndex="4738" originalElevation="111.8" isOriginalElevationFromOSM="true"><ele>110.0</ele></trkpt>
<trkpt lat="37.970520" lon="127.104460" sectionIndex="0" pointIndex="4739" originalElevation="111.1" isOriginalElevationFromOSM="true"><ele>109.8</ele></trkpt>
<trkpt lat="37.970610" lon="127.106540" sectionIndex="0" pointIndex="4740" originalElevation="101.6" isOriginalElevationFromOSM="true"><ele>109.7</ele></trkpt>
<trkpt lat="37.970410" lon="127.108110" sectionIndex="0" pointIndex="4741" originalElevation="111.2" isOriginalElevationFromOSM="true"><ele>107.3</ele></trkpt>
<trkpt lat="37.970330" lon="127.108530" sectionIndex="0" pointIndex="4742" originalElevation="112.6" isOriginalElevationFromOSM="true"><ele>104.6</ele></trkpt>
<trkpt lat="37.969210" lon="127.111070" sectionIndex="0" pointIndex="4743" originalElevation="100.3" isOriginalElevationFromOSM="true"><ele>103.7</ele></trkpt>
<trkpt lat="37.969090" lon="127.111440" sectionIndex="0" pointIndex="4744" originalElevation="97.2" isOriginalElevationFromOSM="true"><ele>100.9</ele></trkpt>
<trkpt lat="37.968810" lon="127.113570" sectionIndex="0" pointIndex="4745" originalElevation="97.0" isOriginalElevationFromOSM="true"><ele>98.2</ele></trkpt>
<trkpt lat="37.968590" lon="127.114000" sectionIndex="0" pointIndex="4746" originalElevation="97.4" isOriginalElevationFromOSM="true"><ele>98.1</ele></trkpt>
<trkpt lat="37.968240" lon="127.114400" sectionIndex="0" pointIndex="4747" originalElevation="99.0" isOriginalElevationFromOSM="true"><ele>98.6</ele></trkpt>
<trkpt lat="37.968150" lon="127.114470" sectionIndex="0" pointIndex="4748" originalElevation="99.7" isOriginalElevationFromOSM="true"><ele>98.7</ele></trkpt>
<trkpt lat="37.967760" lon="127.114650" sectionIndex="0" pointIndex="4749" originalElevation="99.8" isOriginalElevationFromOSM="true"><ele>100.7</ele></trkpt>
<trkpt lat="37.966930" lon="127.114910" sectionIndex="0" pointIndex="4750" originalElevation="97.8" isOriginalElevationFromOSM="true"><ele>103.8</ele></trkpt>
<trkpt lat="37.965530" lon="127.115350" sectionIndex="0" pointIndex="4751" originalElevation="107.3" isOriginalElevationFromOSM="true"><ele>107.1</ele></trkpt>
<trkpt lat="37.962770" lon="127.115420" sectionIndex="0" pointIndex="4752" originalElevation="114.6" isOriginalElevationFromOSM="true"><ele>110.8</ele></trkpt>
<trkpt lat="37.962590" lon="127.115500" sectionIndex="0" pointIndex="4753" originalElevation="116.2" isOriginalElevationFromOSM="true"><ele>114.3</ele></trkpt>
<trkpt lat="37.961500" lon="127.116150" sectionIndex="0" pointIndex="4754" originalElevation="118.2" isOriginalElevationFromOSM="true"><ele>115.8</ele></trkpt>
<trkpt lat="37.960160" lon="127.117110" sectionIndex="0" pointIndex="4755" originalElevation="115.2" isOriginalElevationFromOSM="true"><ele>115.8</ele></trkpt>
<trkpt lat="37.959730" lon="127.117460" sectionIndex="0" pointIndex="4756" originalElevation="114.6" isOriginalElevationFromOSM="true"><ele>116.1</ele></trkpt>
<trkpt lat="37.959650" lon="127.117580" sectionIndex="0" pointIndex="4757" originalElevation="114.9" isOriginalElevationFromOSM="true"><ele>116.7</ele></trkpt>
<trkpt lat="37.959420" lon="127.118130" sectionIndex="0" pointIndex="4758" originalElevation="117.6" isOriginalElevationFromOSM="true"><ele>118.4</ele></trkpt>
<trkpt lat="37.959400" lon="127.118560" sectionIndex="0" pointIndex="4759" originalElevation="121.4" isOriginalElevationFromOSM="true"><ele>120.8</ele></trkpt>
<trkpt lat="37.959420" lon="127.118750" sectionIndex="0" pointIndex="4760" originalElevation="123.6" isOriginalElevationFromOSM="true"><ele>124.0</ele></trkpt>
<trkpt lat="37.959510" lon="127.119030" sectionIndex="0" pointIndex="4761" originalElevation="126.4" isOriginalElevationFromOSM="true"><ele>128.3</ele></trkpt>
<trkpt lat="37.959730" lon="127.119420" sectionIndex="0" pointIndex="4762" originalElevation="131.2" isOriginalElevationFromOSM="true"><ele>132.3</ele></trkpt>
<trkpt lat="37.960350" lon="127.119920" sectionIndex="0" pointIndex="4763" originalElevation="139.0" isOriginalElevationFromOSM="true"><ele>136.0</ele></trkpt>
<trkpt lat="37.961060" lon="127.120440" sectionIndex="0" pointIndex="4764" originalElevation="141.3" isOriginalElevationFromOSM="true"><ele>139.7</ele></trkpt>
<trkpt lat="37.961170" lon="127.120550" sectionIndex="0" pointIndex="4765" originalElevation="142.4" isOriginalElevationFromOSM="true"><ele>142.2</ele></trkpt>
<trkpt lat="37.961440" lon="127.121010" sectionIndex="0" pointIndex="4766" originalElevation="144.5" isOriginalElevationFromOSM="true"><ele>143.0</ele></trkpt>
<trkpt lat="37.961490" lon="127.121210" sectionIndex="0" pointIndex="4767" originalElevation="144.0" isOriginalElevationFromOSM="true"><ele>142.4</ele></trkpt>
<trkpt lat="37.961550" lon="127.121690" sectionIndex="0" pointIndex="4768" originalElevation="142.7" isOriginalElevationFromOSM="true"><ele>138.9</ele></trkpt>
<trkpt lat="37.961500" lon="127.122100" sectionIndex="0" pointIndex="4769" originalElevation="138.7" isOriginalElevationFromOSM="true"><ele>134.7</ele></trkpt>
<trkpt lat="37.961130" lon="127.123490" sectionIndex="0" pointIndex="4770" originalElevation="125.0" isOriginalElevationFromOSM="true"><ele>130.8</ele></trkpt>
<trkpt lat="37.961096" lon="127.123749" sectionIndex="0" pointIndex="4771" originalElevation="123.0" isOriginalElevationFromOSM="false"><ele>126.9</ele></trkpt>
<trkpt lat="37.961090" lon="127.123810" sectionIndex="0" pointIndex="4772" originalElevation="124.5" isOriginalElevationFromOSM="true"><ele>124.2</ele></trkpt>
<trkpt lat="37.961090" lon="127.124180" sectionIndex="0" pointIndex="4773" originalElevation="123.5" isOriginalElevationFromOSM="true"><ele>124.5</ele></trkpt>
<trkpt lat="37.961110" lon="127.124450" sectionIndex="0" pointIndex="4774" originalElevation="125.2" isOriginalElevationFromOSM="true"><ele>124.7</ele></trkpt>
<trkpt lat="37.961210" lon="127.124810" sectionIndex="0" pointIndex="4775" originalElevation="126.5" isOriginalElevationFromOSM="true"><ele>124.3</ele></trkpt>
<trkpt lat="37.962270" lon="127.127880" sectionIndex="0" pointIndex="4776" originalElevation="123.9" isOriginalElevationFromOSM="true"><ele>124.3</ele></trkpt>
<trkpt lat="37.962380" lon="127.128300" sectionIndex="0" pointIndex="4777" originalElevation="122.5" isOriginalElevationFromOSM="true"><ele>124.0</ele></trkpt>
<trkpt lat="37.962410" lon="127.128630" sectionIndex="0" pointIndex="4778" originalElevation="123.2" isOriginalElevationFromOSM="true"><ele>124.1</ele></trkpt>
<trkpt lat="37.962410" lon="127.128930" sectionIndex="0" pointIndex="4779" originalElevation="124.2" isOriginalElevationFromOSM="true"><ele>125.0</ele></trkpt>
<trkpt lat="37.962360" lon="127.129790" sectionIndex="0" pointIndex="4780" originalElevation="126.9" isOriginalElevationFromOSM="true"><ele>126.6</ele></trkpt>
<trkpt lat="37.962310" lon="127.130020" sectionIndex="0" pointIndex="4781" originalElevation="128.3" isOriginalElevationFromOSM="true"><ele>128.6</ele></trkpt>
<trkpt lat="37.962240" lon="127.130200" sectionIndex="0" pointIndex="4782" originalElevation="130.4" isOriginalElevationFromOSM="true"><ele>130.8</ele></trkpt>
<trkpt lat="37.962030" lon="127.130460" sectionIndex="0" pointIndex="4783" originalElevation="133.4" isOriginalElevationFromOSM="true"><ele>132.0</ele></trkpt>
<trkpt lat="37.961800" lon="127.130580" sectionIndex="0" pointIndex="4784" originalElevation="134.8" isOriginalElevationFromOSM="true"><ele>133.5</ele></trkpt>
<trkpt lat="37.961370" lon="127.130750" sectionIndex="0" pointIndex="4785" originalElevation="133.3" isOriginalElevationFromOSM="true"><ele>135.4</ele></trkpt>
<trkpt lat="37.960510" lon="127.131060" sectionIndex="0" pointIndex="4786" originalElevation="135.7" isOriginalElevationFromOSM="true"><ele>136.6</ele></trkpt>
<trkpt lat="37.959960" lon="127.131230" sectionIndex="0" pointIndex="4787" originalElevation="139.8" isOriginalElevationFromOSM="true"><ele>137.5</ele></trkpt>
<trkpt lat="37.959540" lon="127.131390" sectionIndex="0" pointIndex="4788" originalElevation="139.4" isOriginalElevationFromOSM="true"><ele>139.0</ele></trkpt>
<trkpt lat="37.959300" lon="127.131560" sectionIndex="0" pointIndex="4789" originalElevation="139.3" isOriginalElevationFromOSM="true"><ele>140.3</ele></trkpt>
<trkpt lat="37.959020" lon="127.131810" sectionIndex="0" pointIndex="4790" originalElevation="141.0" isOriginalElevationFromOSM="true"><ele>141.0</ele></trkpt>
<trkpt lat="37.958870" lon="127.131990" sectionIndex="0" pointIndex="4791" originalElevation="142.3" isOriginalElevationFromOSM="true"><ele>141.7</ele></trkpt>
<trkpt lat="37.958760" lon="127.132180" sectionIndex="0" pointIndex="4792" originalElevation="142.9" isOriginalElevationFromOSM="true"><ele>142.4</ele></trkpt>
<trkpt lat="37.958680" lon="127.132350" sectionIndex="0" pointIndex="4793" originalElevation="142.9" isOriginalElevationFromOSM="true"><ele>142.6</ele></trkpt>
<trkpt lat="37.958560" lon="127.132740" sectionIndex="0" pointIndex="4794" originalElevation="142.8" isOriginalElevationFromOSM="true"><ele>142.4</ele></trkpt>
<trkpt lat="37.958420" lon="127.133380" sectionIndex="0" pointIndex="4795" originalElevation="142.3" isOriginalElevationFromOSM="true"><ele>142.2</ele></trkpt>
<trkpt lat="37.958270" lon="127.133730" sectionIndex="0" pointIndex="4796" originalElevation="141.1" isOriginalElevationFromOSM="true"><ele>142.0</ele></trkpt>
<trkpt lat="37.958010" lon="127.134090" sectionIndex="0" pointIndex="4797" originalElevation="141.7" isOriginalElevationFromOSM="true"><ele>142.0</ele></trkpt>
<trkpt lat="37.957810" lon="127.134260" sectionIndex="0" pointIndex="4798" originalElevation="142.3" isOriginalElevationFromOSM="true"><ele>142.0</ele></trkpt>
<trkpt lat="37.957520" lon="127.134410" sectionIndex="0" pointIndex="4799" originalElevation="142.7" isOriginalElevationFromOSM="true"><ele>142.4</ele></trkpt>
<trkpt lat="37.956840" lon="127.134650" sectionIndex="0" pointIndex="4800" originalElevation="142.3" isOriginalElevationFromOSM="true"><ele>142.8</ele></trkpt>
<trkpt lat="37.956600" lon="127.134830" sectionIndex="0" pointIndex="4801" originalElevation="143.0" isOriginalElevationFromOSM="true"><ele>143.1</ele></trkpt>
<trkpt lat="37.956530" lon="127.134910" sectionIndex="0" pointIndex="4802" originalElevation="143.5" isOriginalElevationFromOSM="true"><ele>143.5</ele></trkpt>
<trkpt lat="37.956400" lon="127.135130" sectionIndex="0" pointIndex="4803" originalElevation="144.2" isOriginalElevationFromOSM="true"><ele>144.1</ele></trkpt>
<trkpt lat="37.956340" lon="127.135280" sectionIndex="0" pointIndex="4804" originalElevation="144.6" isOriginalElevationFromOSM="true"><ele>144.9</ele></trkpt>
<trkpt lat="37.956300" lon="127.135510" sectionIndex="0" pointIndex="4805" originalElevation="145.4" isOriginalElevationFromOSM="true"><ele>145.6</ele></trkpt>
<trkpt lat="37.956280" lon="127.135790" sectionIndex="0" pointIndex="4806" originalElevation="146.7" isOriginalElevationFromOSM="true"><ele>146.1</ele></trkpt>
<trkpt lat="37.956330" lon="127.136050" sectionIndex="0" pointIndex="4807" originalElevation="147.0" isOriginalElevationFromOSM="true"><ele>146.6</ele></trkpt>
<trkpt lat="37.956370" lon="127.136170" sectionIndex="0" pointIndex="4808" originalElevation="147.0" isOriginalElevationFromOSM="true"><ele>146.9</ele></trkpt>
<trkpt lat="37.956420" lon="127.136290" sectionIndex="0" pointIndex="4809" originalElevation="147.1" isOriginalElevationFromOSM="true"><ele>147.2</ele></trkpt>
<trkpt lat="37.956630" lon="127.136660" sectionIndex="0" pointIndex="4810" originalElevation="146.9" isOriginalElevationFromOSM="true"><ele>147.6</ele></trkpt>
<trkpt lat="37.956720" lon="127.136910" sectionIndex="0" pointIndex="4811" originalElevation="148.2" isOriginalElevationFromOSM="true"><ele>148.1</ele></trkpt>
<trkpt lat="37.956740" lon="127.137100" sectionIndex="0" pointIndex="4812" originalElevation="148.6" isOriginalElevationFromOSM="true"><ele>148.6</ele></trkpt>
<trkpt lat="37.956740" lon="127.137670" sectionIndex="0" pointIndex="4813" originalElevation="149.5" isOriginalElevationFromOSM="true"><ele>149.4</ele></trkpt>
<trkpt lat="37.956710" lon="127.137800" sectionIndex="0" pointIndex="4814" originalElevation="150.0" isOriginalElevationFromOSM="true"><ele>150.4</ele></trkpt>
<trkpt lat="37.956610" lon="127.138030" sectionIndex="0" pointIndex="4815" originalElevation="150.6" isOriginalElevationFromOSM="true"><ele>151.8</ele></trkpt>
<trkpt lat="37.956280" lon="127.138520" sectionIndex="0" pointIndex="4816" originalElevation="153.2" isOriginalElevationFromOSM="true"><ele>153.3</ele></trkpt>
<trkpt lat="37.956030" lon="127.139020" sectionIndex="0" pointIndex="4817" originalElevation="156.0" isOriginalElevationFromOSM="true"><ele>155.1</ele></trkpt>
<trkpt lat="37.955910" lon="127.139210" sectionIndex="0" pointIndex="4818" originalElevation="156.7" isOriginalElevationFromOSM="true"><ele>157.8</ele></trkpt>
<trkpt lat="37.955830" lon="127.139310" sectionIndex="0" pointIndex="4819" originalElevation="158.9" isOriginalElevationFromOSM="true"><ele>160.0</ele></trkpt>
<trkpt lat="37.955580" lon="127.139580" sectionIndex="0" pointIndex="4820" originalElevation="164.0" isOriginalElevationFromOSM="true"><ele>161.2</ele></trkpt>
<trkpt lat="37.955420" lon="127.139690" sectionIndex="0" pointIndex="4821" originalElevation="164.3" isOriginalElevationFromOSM="true"><ele>161.5</ele></trkpt>
<trkpt lat="37.955200" lon="127.139820" sectionIndex="0" pointIndex="4822" originalElevation="162.1" isOriginalElevationFromOSM="true"><ele>161.3</ele></trkpt>
<trkpt lat="37.954940" lon="127.139930" sectionIndex="0" pointIndex="4823" originalElevation="158.2" isOriginalElevationFromOSM="true"><ele>161.1</ele></trkpt>
<trkpt lat="37.954180" lon="127.140170" sectionIndex="0" pointIndex="4824" originalElevation="158.1" isOriginalElevationFromOSM="true"><ele>161.4</ele></trkpt>
<trkpt lat="37.953480" lon="127.140420" sectionIndex="0" pointIndex="4825" originalElevation="162.8" isOriginalElevationFromOSM="true"><ele>162.7</ele></trkpt>
<trkpt lat="37.953130" lon="127.140640" sectionIndex="0" pointIndex="4826" originalElevation="166.0" isOriginalElevationFromOSM="true"><ele>165.1</ele></trkpt>
<trkpt lat="37.952360" lon="127.141290" sectionIndex="0" pointIndex="4827" originalElevation="168.6" isOriginalElevationFromOSM="true"><ele>167.6</ele></trkpt>
<trkpt lat="37.952220" lon="127.141470" sectionIndex="0" pointIndex="4828" originalElevation="170.2" isOriginalElevationFromOSM="true"><ele>169.7</ele></trkpt>
<trkpt lat="37.952130" lon="127.141700" sectionIndex="0" pointIndex="4829" originalElevation="170.3" isOriginalElevationFromOSM="true"><ele>172.9</ele></trkpt>
<trkpt lat="37.952030" lon="127.142240" sectionIndex="0" pointIndex="4830" originalElevation="173.3" isOriginalElevationFromOSM="true"><ele>175.6</ele></trkpt>
<trkpt lat="37.952060" lon="127.143170" sectionIndex="0" pointIndex="4831" originalElevation="181.9" isOriginalElevationFromOSM="true"><ele>178.1</ele></trkpt>
<trkpt lat="37.952050" lon="127.143550" sectionIndex="0" pointIndex="4832" originalElevation="182.4" isOriginalElevationFromOSM="true"><ele>180.7</ele></trkpt>
<trkpt lat="37.952120" lon="127.144000" sectionIndex="0" pointIndex="4833" originalElevation="182.6" isOriginalElevationFromOSM="true"><ele>182.1</ele></trkpt>
<trkpt lat="37.952390" lon="127.144860" sectionIndex="0" pointIndex="4834" originalElevation="183.2" isOriginalElevationFromOSM="true"><ele>180.8</ele></trkpt>
<trkpt lat="37.952460" lon="127.145260" sectionIndex="0" pointIndex="4835" originalElevation="180.5" isOriginalElevationFromOSM="true"><ele>180.0</ele></trkpt>
<trkpt lat="37.952510" lon="127.146330" sectionIndex="0" pointIndex="4836" originalElevation="175.2" isOriginalElevationFromOSM="true"><ele>179.3</ele></trkpt>
<trkpt lat="37.952610" lon="127.147390" sectionIndex="0" pointIndex="4837" originalElevation="178.5" isOriginalElevationFromOSM="true"><ele>179.0</ele></trkpt>
<trkpt lat="37.952760" lon="127.148260" sectionIndex="0" pointIndex="4838" originalElevation="179.0" isOriginalElevationFromOSM="true"><ele>180.6</ele></trkpt>
<trkpt lat="37.952930" lon="127.148390" sectionIndex="0" pointIndex="4839" originalElevation="181.9" isOriginalElevationFromOSM="true"><ele>183.8</ele></trkpt>
<trkpt lat="37.953650" lon="127.148730" sectionIndex="0" pointIndex="4840" originalElevation="188.6" isOriginalElevationFromOSM="true"><ele>187.0</ele></trkpt>
<trkpt lat="37.954090" lon="127.148960" sectionIndex="0" pointIndex="4841" originalElevation="191.1" isOriginalElevationFromOSM="true"><ele>190.4</ele></trkpt>
<trkpt lat="37.954490" lon="127.149520" sectionIndex="0" pointIndex="4842" originalElevation="194.3" isOriginalElevationFromOSM="true"><ele>193.5</ele></trkpt>
<trkpt lat="37.954670" lon="127.149810" sectionIndex="0" pointIndex="4843" originalElevation="196.3" isOriginalElevationFromOSM="true"><ele>195.6</ele></trkpt>
<trkpt lat="37.954780" lon="127.149930" sectionIndex="0" pointIndex="4844" originalElevation="197.3" isOriginalElevationFromOSM="true"><ele>197.4</ele></trkpt>
<trkpt lat="37.954870" lon="127.150090" sectionIndex="0" pointIndex="4845" originalElevation="198.9" isOriginalElevationFromOSM="true"><ele>198.7</ele></trkpt>
<trkpt lat="37.954890" lon="127.150290" sectionIndex="0" pointIndex="4846" originalElevation="200.2" isOriginalElevationFromOSM="true"><ele>201.4</ele></trkpt>
<trkpt lat="37.954750" lon="127.150690" sectionIndex="0" pointIndex="4847" originalElevation="201.0" isOriginalElevationFromOSM="true"><ele>205.1</ele></trkpt>
<trkpt lat="37.954180" lon="127.151440" sectionIndex="0" pointIndex="4848" originalElevation="209.8" isOriginalElevationFromOSM="true"><ele>208.1</ele></trkpt>
<trkpt lat="37.953700" lon="127.152120" sectionIndex="0" pointIndex="4849" originalElevation="215.6" isOriginalElevationFromOSM="true"><ele>211.0</ele></trkpt>
<trkpt lat="37.953550" lon="127.152430" sectionIndex="0" pointIndex="4850" originalElevation="213.9" isOriginalElevationFromOSM="true"><ele>214.7</ele></trkpt>
<trkpt lat="37.953450" lon="127.152870" sectionIndex="0" pointIndex="4851" originalElevation="214.6" isOriginalElevationFromOSM="true"><ele>216.9</ele></trkpt>
<trkpt lat="37.953500" lon="127.153260" sectionIndex="0" pointIndex="4852" originalElevation="219.6" isOriginalElevationFromOSM="true"><ele>218.4</ele></trkpt>
<trkpt lat="37.953500" lon="127.153960" sectionIndex="0" pointIndex="4853" originalElevation="221.0" isOriginalElevationFromOSM="true"><ele>221.2</ele></trkpt>
<trkpt lat="37.953510" lon="127.154480" sectionIndex="0" pointIndex="4854" originalElevation="223.1" isOriginalElevationFromOSM="true"><ele>224.6</ele></trkpt>
<trkpt lat="37.953360" lon="127.155470" sectionIndex="0" pointIndex="4855" originalElevation="227.8" isOriginalElevationFromOSM="true"><ele>227.4</ele></trkpt>
<trkpt lat="37.953340" lon="127.155890" sectionIndex="0" pointIndex="4856" originalElevation="231.5" isOriginalElevationFromOSM="true"><ele>229.9</ele></trkpt>
<trkpt lat="37.953400" lon="127.156740" sectionIndex="0" pointIndex="4857" originalElevation="233.6" isOriginalElevationFromOSM="true"><ele>232.9</ele></trkpt>
<trkpt lat="37.953480" lon="127.157050" sectionIndex="0" pointIndex="4858" originalElevation="233.5" isOriginalElevationFromOSM="true"><ele>235.4</ele></trkpt>
<trkpt lat="37.953830" lon="127.158080" sectionIndex="0" pointIndex="4859" originalElevation="238.2" isOriginalElevationFromOSM="true"><ele>237.6</ele></trkpt>
<trkpt lat="37.953950" lon="127.158390" sectionIndex="0" pointIndex="4860" originalElevation="240.5" isOriginalElevationFromOSM="true"><ele>239.8</ele></trkpt>
<trkpt lat="37.954120" lon="127.158580" sectionIndex="0" pointIndex="4861" originalElevation="242.0" isOriginalElevationFromOSM="true"><ele>243.3</ele></trkpt>
<trkpt lat="37.954370" lon="127.158700" sectionIndex="0" pointIndex="4862" originalElevation="244.9" isOriginalElevationFromOSM="true"><ele>247.9</ele></trkpt>
<trkpt lat="37.954790" lon="127.158650" sectionIndex="0" pointIndex="4863" originalElevation="250.9" isOriginalElevationFromOSM="true"><ele>252.6</ele></trkpt>
<trkpt lat="37.955990" lon="127.158370" sectionIndex="0" pointIndex="4864" originalElevation="261.0" isOriginalElevationFromOSM="true"><ele>256.8</ele></trkpt>
<trkpt lat="37.956910" lon="127.158170" sectionIndex="0" pointIndex="4865" originalElevation="264.4" isOriginalElevationFromOSM="true"><ele>260.0</ele></trkpt>
<trkpt lat="37.957280" lon="127.158220" sectionIndex="0" pointIndex="4866" originalElevation="262.6" isOriginalElevationFromOSM="true"><ele>262.1</ele></trkpt>
<trkpt lat="37.957490" lon="127.158450" sectionIndex="0" pointIndex="4867" originalElevation="261.1" isOriginalElevationFromOSM="true"><ele>262.3</ele></trkpt>
<trkpt lat="37.957580" lon="127.158770" sectionIndex="0" pointIndex="4868" originalElevation="261.6" isOriginalElevationFromOSM="true"><ele>262.1</ele></trkpt>
<trkpt lat="37.957640" lon="127.158970" sectionIndex="0" pointIndex="4869" originalElevation="262.0" isOriginalElevationFromOSM="true"><ele>262.3</ele></trkpt>
<trkpt lat="37.957600" lon="127.159300" sectionIndex="0" pointIndex="4870" originalElevation="263.1" isOriginalElevationFromOSM="true"><ele>262.8</ele></trkpt>
<trkpt lat="37.957530" lon="127.159430" sectionIndex="0" pointIndex="4871" originalElevation="263.7" isOriginalElevationFromOSM="true"><ele>262.5</ele></trkpt>
<trkpt lat="37.957330" lon="127.159590" sectionIndex="0" pointIndex="4872" originalElevation="263.4" isOriginalElevationFromOSM="true"><ele>262.7</ele></trkpt>
<trkpt lat="37.956760" lon="127.159770" sectionIndex="0" pointIndex="4873" originalElevation="260.2" isOriginalElevationFromOSM="true"><ele>262.0</ele></trkpt>
<trkpt lat="37.956450" lon="127.160000" sectionIndex="0" pointIndex="4874" originalElevation="263.1" isOriginalElevationFromOSM="true"><ele>260.1</ele></trkpt>
<trkpt lat="37.955880" lon="127.160960" sectionIndex="0" pointIndex="4875" originalElevation="259.6" isOriginalElevationFromOSM="true"><ele>257.4</ele></trkpt>
<trkpt lat="37.955680" lon="127.161390" sectionIndex="0" pointIndex="4876" originalElevation="254.4" isOriginalElevationFromOSM="true"><ele>253.7</ele></trkpt>
<trkpt lat="37.955650" lon="127.161940" sectionIndex="0" pointIndex="4877" originalElevation="249.6" isOriginalElevationFromOSM="true"><ele>248.6</ele></trkpt>
<trkpt lat="37.955810" lon="127.162640" sectionIndex="0" pointIndex="4878" originalElevation="241.7" isOriginalElevationFromOSM="true"><ele>244.2</ele></trkpt>
<trkpt lat="37.955910" lon="127.162990" sectionIndex="0" pointIndex="4879" originalElevation="237.9" isOriginalElevationFromOSM="true"><ele>241.7</ele></trkpt>
<trkpt lat="37.955810" lon="127.163280" sectionIndex="0" pointIndex="4880" originalElevation="237.2" isOriginalElevationFromOSM="true"><ele>241.1</ele></trkpt>
<trkpt lat="37.955650" lon="127.163470" sectionIndex="0" pointIndex="4881" originalElevation="241.9" isOriginalElevationFromOSM="true"><ele>241.3</ele></trkpt>
<trkpt lat="37.955470" lon="127.163790" sectionIndex="0" pointIndex="4882" originalElevation="247.0" isOriginalElevationFromOSM="true"><ele>238.9</ele></trkpt>
<trkpt lat="37.955480" lon="127.164160" sectionIndex="0" pointIndex="4883" originalElevation="242.6" isOriginalElevationFromOSM="true"><ele>235.3</ele></trkpt>
<trkpt lat="37.955640" lon="127.164760" sectionIndex="0" pointIndex="4884" originalElevation="225.9" isOriginalElevationFromOSM="true"><ele>229.6</ele></trkpt>
<trkpt lat="37.955700" lon="127.165080" sectionIndex="0" pointIndex="4885" originalElevation="219.1" isOriginalElevationFromOSM="true"><ele>222.6</ele></trkpt>
<trkpt lat="37.955580" lon="127.165510" sectionIndex="0" pointIndex="4886" originalElevation="213.6" isOriginalElevationFromOSM="true"><ele>216.1</ele></trkpt>
<trkpt lat="37.955470" lon="127.165700" sectionIndex="0" pointIndex="4887" originalElevation="211.6" isOriginalElevationFromOSM="true"><ele>213.0</ele></trkpt>
<trkpt lat="37.955370" lon="127.165810" sectionIndex="0" pointIndex="4888" originalElevation="210.3" isOriginalElevationFromOSM="true"><ele>211.7</ele></trkpt>
<trkpt lat="37.955200" lon="127.165910" sectionIndex="0" pointIndex="4889" originalElevation="210.3" isOriginalElevationFromOSM="true"><ele>211.3</ele></trkpt>
<trkpt lat="37.954950" lon="127.165920" sectionIndex="0" pointIndex="4890" originalElevation="212.7" isOriginalElevationFromOSM="true"><ele>210.2</ele></trkpt>
<trkpt lat="37.954690" lon="127.166010" sectionIndex="0" pointIndex="4891" originalElevation="211.5" isOriginalElevationFromOSM="true"><ele>207.9</ele></trkpt>
<trkpt lat="37.954520" lon="127.166220" sectionIndex="0" pointIndex="4892" originalElevation="206.3" isOriginalElevationFromOSM="true"><ele>205.0</ele></trkpt>
<trkpt lat="37.954390" lon="127.166520" sectionIndex="0" pointIndex="4893" originalElevation="198.8" isOriginalElevationFromOSM="true"><ele>201.5</ele></trkpt>
<trkpt lat="37.954270" lon="127.166650" sectionIndex="0" pointIndex="4894" originalElevation="195.9" isOriginalElevationFromOSM="true"><ele>198.2</ele></trkpt>
<trkpt lat="37.954050" lon="127.166770" sectionIndex="0" pointIndex="4895" originalElevation="195.0" isOriginalElevationFromOSM="true"><ele>195.7</ele></trkpt>
<trkpt lat="37.953680" lon="127.166930" sectionIndex="0" pointIndex="4896" originalElevation="195.1" isOriginalElevationFromOSM="true"><ele>194.1</ele></trkpt>
<trkpt lat="37.953510" lon="127.167100" sectionIndex="0" pointIndex="4897" originalElevation="193.6" isOriginalElevationFromOSM="true"><ele>191.8</ele></trkpt>
<trkpt lat="37.953440" lon="127.167320" sectionIndex="0" pointIndex="4898" originalElevation="190.8" isOriginalElevationFromOSM="true"><ele>189.2</ele></trkpt>
<trkpt lat="37.953450" lon="127.167730" sectionIndex="0" pointIndex="4899" originalElevation="184.3" isOriginalElevationFromOSM="true"><ele>185.8</ele></trkpt>
<trkpt lat="37.953470" lon="127.167880" sectionIndex="0" pointIndex="4900" originalElevation="182.0" isOriginalElevationFromOSM="true"><ele>182.3</ele></trkpt>
<trkpt lat="37.953450" lon="127.168130" sectionIndex="0" pointIndex="4901" originalElevation="178.4" isOriginalElevationFromOSM="true"><ele>179.2</ele></trkpt>
<trkpt lat="37.953350" lon="127.168320" sectionIndex="0" pointIndex="4902" originalElevation="176.1" isOriginalElevationFromOSM="true"><ele>177.1</ele></trkpt>
<trkpt lat="37.953280" lon="127.168380" sectionIndex="0" pointIndex="4903" originalElevation="175.1" isOriginalElevationFromOSM="true"><ele>175.3</ele></trkpt>
<trkpt lat="37.953080" lon="127.168510" sectionIndex="0" pointIndex="4904" originalElevation="174.0" isOriginalElevationFromOSM="true"><ele>174.0</ele></trkpt>
<trkpt lat="37.952970" lon="127.168620" sectionIndex="0" pointIndex="4905" originalElevation="172.7" isOriginalElevationFromOSM="true"><ele>172.8</ele></trkpt>
<trkpt lat="37.952820" lon="127.168710" sectionIndex="0" pointIndex="4906" originalElevation="172.1" isOriginalElevationFromOSM="true"><ele>171.6</ele></trkpt>
<trkpt lat="37.952570" lon="127.168940" sectionIndex="0" pointIndex="4907" originalElevation="170.0" isOriginalElevationFromOSM="true"><ele>170.4</ele></trkpt>
<trkpt lat="37.952480" lon="127.169050" sectionIndex="0" pointIndex="4908" originalElevation="169.2" isOriginalElevationFromOSM="true"><ele>167.7</ele></trkpt>
<trkpt lat="37.952210" lon="127.169590" sectionIndex="0" pointIndex="4909" originalElevation="167.8" isOriginalElevationFromOSM="true"><ele>164.8</ele></trkpt>
<trkpt lat="37.952030" lon="127.170170" sectionIndex="0" pointIndex="4910" originalElevation="159.4" isOriginalElevationFromOSM="true"><ele>161.4</ele></trkpt>
<trkpt lat="37.951940" lon="127.170320" sectionIndex="0" pointIndex="4911" originalElevation="157.7" isOriginalElevationFromOSM="true"><ele>157.8</ele></trkpt>
<trkpt lat="37.951660" lon="127.170620" sectionIndex="0" pointIndex="4912" originalElevation="153.2" isOriginalElevationFromOSM="true"><ele>154.2</ele></trkpt>
<trkpt lat="37.951400" lon="127.170840" sectionIndex="0" pointIndex="4913" originalElevation="150.9" isOriginalElevationFromOSM="true"><ele>151.6</ele></trkpt>
<trkpt lat="37.951190" lon="127.171070" sectionIndex="0" pointIndex="4914" originalElevation="149.7" isOriginalElevationFromOSM="true"><ele>146.6</ele></trkpt>
<trkpt lat="37.950960" lon="127.171350" sectionIndex="0" pointIndex="4915" originalElevation="146.5" isOriginalElevationFromOSM="true"><ele>142.4</ele></trkpt>
<trkpt lat="37.950530" lon="127.172650" sectionIndex="0" pointIndex="4916" originalElevation="132.7" isOriginalElevationFromOSM="true"><ele>138.3</ele></trkpt>
<trkpt lat="37.950530" lon="127.172990" sectionIndex="0" pointIndex="4917" originalElevation="132.3" isOriginalElevationFromOSM="true"><ele>133.9</ele></trkpt>
<trkpt lat="37.950640" lon="127.173460" sectionIndex="0" pointIndex="4918" originalElevation="130.3" isOriginalElevationFromOSM="true"><ele>129.9</ele></trkpt>
<trkpt lat="37.950710" lon="127.173850" sectionIndex="0" pointIndex="4919" originalElevation="127.7" isOriginalElevationFromOSM="true"><ele>128.7</ele></trkpt>
<trkpt lat="37.950700" lon="127.174470" sectionIndex="0" pointIndex="4920" originalElevation="126.8" isOriginalElevationFromOSM="true"><ele>127.0</ele></trkpt>
<trkpt lat="37.950730" lon="127.174730" sectionIndex="0" pointIndex="4921" originalElevation="126.2" isOriginalElevationFromOSM="true"><ele>125.1</ele></trkpt>
<trkpt lat="37.950870" lon="127.175230" sectionIndex="0" pointIndex="4922" originalElevation="123.9" isOriginalElevationFromOSM="true"><ele>123.4</ele></trkpt>
<trkpt lat="37.951130" lon="127.175930" sectionIndex="0" pointIndex="4923" originalElevation="121.1" isOriginalElevationFromOSM="true"><ele>120.8</ele></trkpt>
<trkpt lat="37.951420" lon="127.176890" sectionIndex="0" pointIndex="4924" originalElevation="118.9" isOriginalElevationFromOSM="true"><ele>118.3</ele></trkpt>
<trkpt lat="37.952100" lon="127.177890" sectionIndex="0" pointIndex="4925" originalElevation="114.0" isOriginalElevationFromOSM="true"><ele>116.3</ele></trkpt>
<trkpt lat="37.952170" lon="127.178070" sectionIndex="0" pointIndex="4926" originalElevation="113.6" isOriginalElevationFromOSM="true"><ele>114.7</ele></trkpt>
<trkpt lat="37.952200" lon="127.178260" sectionIndex="0" pointIndex="4927" originalElevation="113.7" isOriginalElevationFromOSM="true"><ele>113.3</ele></trkpt>
<trkpt lat="37.952230" lon="127.178520" sectionIndex="0" pointIndex="4928" originalElevation="113.2" isOriginalElevationFromOSM="true"><ele>112.2</ele></trkpt>
<trkpt lat="37.952160" lon="127.179280" sectionIndex="0" pointIndex="4929" originalElevation="112.2" isOriginalElevationFromOSM="true"><ele>111.0</ele></trkpt>
<trkpt lat="37.952060" lon="127.179990" sectionIndex="0" pointIndex="4930" originalElevation="108.1" isOriginalElevationFromOSM="true"><ele>109.7</ele></trkpt>
<trkpt lat="37.951990" lon="127.180210" sectionIndex="0" pointIndex="4931" originalElevation="107.7" isOriginalElevationFromOSM="true"><ele>108.5</ele></trkpt>
<trkpt lat="37.951890" lon="127.180360" sectionIndex="0" pointIndex="4932" originalElevation="107.5" isOriginalElevationFromOSM="true"><ele>107.7</ele></trkpt>
<trkpt lat="37.951700" lon="127.180470" sectionIndex="0" pointIndex="4933" originalElevation="107.3" isOriginalElevationFromOSM="true"><ele>107.7</ele></trkpt>
<trkpt lat="37.951360" lon="127.180530" sectionIndex="0" pointIndex="4934" originalElevation="107.8" isOriginalElevationFromOSM="true"><ele>108.0</ele></trkpt>
<trkpt lat="37.951090" lon="127.180540" sectionIndex="0" pointIndex="4935" originalElevation="108.4" isOriginalElevationFromOSM="true"><ele>108.4</ele></trkpt>
<trkpt lat="37.950860" lon="127.180620" sectionIndex="0" pointIndex="4936" originalElevation="108.9" isOriginalElevationFromOSM="true"><ele>109.4</ele></trkpt>
<trkpt lat="37.950590" lon="127.180790" sectionIndex="0" pointIndex="4937" originalElevation="109.8" isOriginalElevationFromOSM="true"><ele>110.5</ele></trkpt>
<trkpt lat="37.950050" lon="127.181050" sectionIndex="0" pointIndex="4938" originalElevation="112.1" isOriginalElevationFromOSM="true"><ele>111.8</ele></trkpt>
<trkpt lat="37.949730" lon="127.181400" sectionIndex="0" pointIndex="4939" originalElevation="113.5" isOriginalElevationFromOSM="true"><ele>113.1</ele></trkpt>
<trkpt lat="37.949030" lon="127.182250" sectionIndex="0" pointIndex="4940" originalElevation="115.0" isOriginalElevationFromOSM="true"><ele>114.4</ele></trkpt>
<trkpt lat="37.948890" lon="127.182370" sectionIndex="0" pointIndex="4941" originalElevation="115.3" isOriginalElevationFromOSM="true"><ele>115.8</ele></trkpt>
<trkpt lat="37.948440" lon="127.182620" sectionIndex="0" pointIndex="4942" originalElevation="116.3" isOriginalElevationFromOSM="true"><ele>116.8</ele></trkpt>
<trkpt lat="37.947490" lon="127.182880" sectionIndex="0" pointIndex="4943" originalElevation="118.9" isOriginalElevationFromOSM="true"><ele>117.3</ele></trkpt>
<trkpt lat="37.947370" lon="127.182990" sectionIndex="0" pointIndex="4944" originalElevation="118.4" isOriginalElevationFromOSM="true"><ele>118.3</ele></trkpt>
<trkpt lat="37.947270" lon="127.183160" sectionIndex="0" pointIndex="4945" originalElevation="117.5" isOriginalElevationFromOSM="true"><ele>119.8</ele></trkpt>
<trkpt lat="37.947070" lon="127.183670" sectionIndex="0" pointIndex="4946" originalElevation="120.4" isOriginalElevationFromOSM="true"><ele>121.0</ele></trkpt>
<trkpt lat="37.946840" lon="127.184010" sectionIndex="0" pointIndex="4947" originalElevation="123.8" isOriginalElevationFromOSM="true"><ele>122.5</ele></trkpt>
<trkpt lat="37.946680" lon="127.184200" sectionIndex="0" pointIndex="4948" originalElevation="124.9" isOriginalElevationFromOSM="true"><ele>124.2</ele></trkpt>
<trkpt lat="37.946520" lon="127.184420" sectionIndex="0" pointIndex="4949" originalElevation="125.8" isOriginalElevationFromOSM="true"><ele>123.9</ele></trkpt>
<trkpt lat="37.946420" lon="127.184750" sectionIndex="0" pointIndex="4950" originalElevation="126.0" isOriginalElevationFromOSM="true"><ele>122.7</ele></trkpt>
<trkpt lat="37.946300" lon="127.185850" sectionIndex="0" pointIndex="4951" originalElevation="118.9" isOriginalElevationFromOSM="true"><ele>121.2</ele></trkpt>
<trkpt lat="37.946240" lon="127.186010" sectionIndex="0" pointIndex="4952" originalElevation="118.0" isOriginalElevationFromOSM="true"><ele>119.3</ele></trkpt>
<trkpt lat="37.946140" lon="127.186150" sectionIndex="0" pointIndex="4953" originalElevation="117.1" isOriginalElevationFromOSM="true"><ele>116.3</ele></trkpt>
<trkpt lat="37.946030" lon="127.186260" sectionIndex="0" pointIndex="4954" originalElevation="116.3" isOriginalElevationFromOSM="true"><ele>115.7</ele></trkpt>
<trkpt lat="37.945090" lon="127.186620" sectionIndex="0" pointIndex="4955" originalElevation="111.4" isOriginalElevationFromOSM="true"><ele>115.4</ele></trkpt>
<trkpt lat="37.944330" lon="127.186720" sectionIndex="0" pointIndex="4956" originalElevation="115.6" isOriginalElevationFromOSM="true"><ele>115.4</ele></trkpt>
<trkpt lat="37.944110" lon="127.186760" sectionIndex="0" pointIndex="4957" originalElevation="116.8" isOriginalElevationFromOSM="true"><ele>115.2</ele></trkpt>
<trkpt lat="37.944010" lon="127.186800" sectionIndex="0" pointIndex="4958" originalElevation="116.8" isOriginalElevationFromOSM="true"><ele>116.0</ele></trkpt>
<trkpt lat="37.943260" lon="127.187410" sectionIndex="0" pointIndex="4959" originalElevation="115.5" isOriginalElevationFromOSM="true"><ele>116.0</ele></trkpt>
<trkpt lat="37.943110" lon="127.187520" sectionIndex="0" pointIndex="4960" originalElevation="115.3" isOriginalElevationFromOSM="true"><ele>115.9</ele></trkpt>
<trkpt lat="37.942890" lon="127.187790" sectionIndex="0" pointIndex="4961" originalElevation="115.8" isOriginalElevationFromOSM="true"><ele>115.8</ele></trkpt>
<trkpt lat="37.942860" lon="127.187880" sectionIndex="0" pointIndex="4962" originalElevation="116.0" isOriginalElevationFromOSM="true"><ele>115.6</ele></trkpt>
<trkpt lat="37.942790" lon="127.188240" sectionIndex="0" pointIndex="4963" originalElevation="116.3" isOriginalElevationFromOSM="true"><ele>115.3</ele></trkpt>
<trkpt lat="37.942720" lon="127.189420" sectionIndex="0" pointIndex="4964" originalElevation="114.4" isOriginalElevationFromOSM="true"><ele>114.9</ele></trkpt>
<trkpt lat="37.942670" lon="127.189870" sectionIndex="0" pointIndex="4965" originalElevation="113.9" isOriginalElevationFromOSM="true"><ele>114.5</ele></trkpt>
<trkpt lat="37.942520" lon="127.190510" sectionIndex="0" pointIndex="4966" originalElevation="114.0" isOriginalElevationFromOSM="true"><ele>114.1</ele></trkpt>
<trkpt lat="37.942440" lon="127.191060" sectionIndex="0" pointIndex="4967" originalElevation="114.0" isOriginalElevationFromOSM="true"><ele>113.8</ele></trkpt>
<trkpt lat="37.942350" lon="127.191790" sectionIndex="0" pointIndex="4968" originalElevation="114.1" isOriginalElevationFromOSM="true"><ele>113.5</ele></trkpt>
<trkpt lat="37.942310" lon="127.192850" sectionIndex="0" pointIndex="4969" originalElevation="113.1" isOriginalElevationFromOSM="true"><ele>114.0</ele></trkpt>
<trkpt lat="37.942310" lon="127.193070" sectionIndex="0" pointIndex="4970" originalElevation="112.5" isOriginalElevationFromOSM="true"><ele>114.8</ele></trkpt>
<trkpt lat="37.942260" lon="127.194220" sectionIndex="0" pointIndex="4971" originalElevation="116.5" isOriginalElevationFromOSM="true"><ele>115.8</ele></trkpt>
<trkpt lat="37.942290" lon="127.194480" sectionIndex="0" pointIndex="4972" originalElevation="118.1" isOriginalElevationFromOSM="true"><ele>117.0</ele></trkpt>
<trkpt lat="37.942410" lon="127.194850" sectionIndex="0" pointIndex="4973" originalElevation="118.8" isOriginalElevationFromOSM="true"><ele>118.4</ele></trkpt>
<trkpt lat="37.942430" lon="127.195090" sectionIndex="0" pointIndex="4974" originalElevation="119.3" isOriginalElevationFromOSM="true"><ele>119.4</ele></trkpt>
<trkpt lat="37.942420" lon="127.195270" sectionIndex="0" pointIndex="4975" originalElevation="119.4" isOriginalElevationFromOSM="true"><ele>120.4</ele></trkpt>
<trkpt lat="37.942330" lon="127.195540" sectionIndex="0" pointIndex="4976" originalElevation="121.3" isOriginalElevationFromOSM="true"><ele>121.5</ele></trkpt>
<trkpt lat="37.942220" lon="127.195720" sectionIndex="0" pointIndex="4977" originalElevation="123.3" isOriginalElevationFromOSM="true"><ele>122.2</ele></trkpt>
<trkpt lat="37.941910" lon="127.196460" sectionIndex="0" pointIndex="4978" originalElevation="124.0" isOriginalElevationFromOSM="true"><ele>122.9</ele></trkpt>
<trkpt lat="37.941880" lon="127.196870" sectionIndex="0" pointIndex="4979" originalElevation="122.9" isOriginalElevationFromOSM="true"><ele>123.2</ele></trkpt>
<trkpt lat="37.941940" lon="127.197460" sectionIndex="0" pointIndex="4980" originalElevation="123.0" isOriginalElevationFromOSM="true"><ele>123.2</ele></trkpt>
<trkpt lat="37.941970" lon="127.197600" sectionIndex="0" pointIndex="4981" originalElevation="122.8" isOriginalElevationFromOSM="true"><ele>123.0</ele></trkpt>
<trkpt lat="37.941950" lon="127.197860" sectionIndex="0" pointIndex="4982" originalElevation="123.1" isOriginalElevationFromOSM="true"><ele>123.4</ele></trkpt>
<trkpt lat="37.941980" lon="127.198250" sectionIndex="0" pointIndex="4983" originalElevation="123.3" isOriginalElevationFromOSM="true"><ele>125.0</ele></trkpt>
<trkpt lat="37.942010" lon="127.198550" sectionIndex="0" pointIndex="4984" originalElevation="124.7" isOriginalElevationFromOSM="true"><ele>126.8</ele></trkpt>
<trkpt lat="37.941990" lon="127.199480" sectionIndex="0" pointIndex="4985" originalElevation="130.9" isOriginalElevationFromOSM="true"><ele>128.9</ele></trkpt>
<trkpt lat="37.941960" lon="127.199710" sectionIndex="0" pointIndex="4986" originalElevation="132.1" isOriginalElevationFromOSM="true"><ele>130.9</ele></trkpt>
<trkpt lat="37.941900" lon="127.199850" sectionIndex="0" pointIndex="4987" originalElevation="133.5" isOriginalElevationFromOSM="true"><ele>132.4</ele></trkpt>
<trkpt lat="37.941800" lon="127.200210" sectionIndex="0" pointIndex="4988" originalElevation="133.4" isOriginalElevationFromOSM="true"><ele>132.4</ele></trkpt>
<trkpt lat="37.941800" lon="127.200340" sectionIndex="0" pointIndex="4989" originalElevation="132.2" isOriginalElevationFromOSM="true"><ele>131.9</ele></trkpt>
<trkpt lat="37.941740" lon="127.200520" sectionIndex="0" pointIndex="4990" originalElevation="130.8" isOriginalElevationFromOSM="true"><ele>132.6</ele></trkpt>
<trkpt lat="37.941650" lon="127.201120" sectionIndex="0" pointIndex="4991" originalElevation="129.8" isOriginalElevationFromOSM="true"><ele>134.2</ele></trkpt>
<trkpt lat="37.941460" lon="127.201870" sectionIndex="0" pointIndex="4992" originalElevation="136.7" isOriginalElevationFromOSM="true"><ele>136.3</ele></trkpt>
<trkpt lat="37.941260" lon="127.202210" sectionIndex="0" pointIndex="4993" originalElevation="141.3" isOriginalElevationFromOSM="true"><ele>138.9</ele></trkpt>
<trkpt lat="37.941080" lon="127.202390" sectionIndex="0" pointIndex="4994" originalElevation="142.8" isOriginalElevationFromOSM="true"><ele>142.6</ele></trkpt>
<trkpt lat="37.940760" lon="127.202560" sectionIndex="0" pointIndex="4995" originalElevation="144.1" isOriginalElevationFromOSM="true"><ele>146.5</ele></trkpt>
<trkpt lat="37.940220" lon="127.202720" sectionIndex="0" pointIndex="4996" originalElevation="148.3" isOriginalElevationFromOSM="true"><ele>151.4</ele></trkpt>
<trkpt lat="37.939900" lon="127.202860" sectionIndex="0" pointIndex="4997" originalElevation="155.9" isOriginalElevationFromOSM="true"><ele>155.3</ele></trkpt>
<trkpt lat="37.939050" lon="127.203000" sectionIndex="0" pointIndex="4998" originalElevation="165.9" isOriginalElevationFromOSM="true"><ele>158.3</ele></trkpt>
<trkpt lat="37.938600" lon="127.202960" sectionIndex="0" pointIndex="4999" originalElevation="162.6" isOriginalElevationFromOSM="true"><ele>159.5</ele></trkpt>
<trkpt lat="37.938180" lon="127.202990" sectionIndex="0" pointIndex="5000" originalElevation="158.8" isOriginalElevationFromOSM="true"><ele>158.7</ele></trkpt>
<trkpt lat="37.937790" lon="127.203080" sectionIndex="0" pointIndex="5001" originalElevation="154.5" isOriginalElevationFromOSM="true"><ele>156.2</ele></trkpt>
<trkpt lat="37.937460" lon="127.203330" sectionIndex="0" pointIndex="5002" originalElevation="151.5" isOriginalElevationFromOSM="true"><ele>154.5</ele></trkpt>
<trkpt lat="37.937330" lon="127.203460" sectionIndex="0" pointIndex="5003" originalElevation="153.5" isOriginalElevationFromOSM="true"><ele>153.5</ele></trkpt>
<trkpt lat="37.937260" lon="127.203800" sectionIndex="0" pointIndex="5004" originalElevation="154.2" isOriginalElevationFromOSM="true"><ele>153.4</ele></trkpt>
<trkpt lat="37.937240" lon="127.204230" sectionIndex="0" pointIndex="5005" originalElevation="153.9" isOriginalElevationFromOSM="true"><ele>153.1</ele></trkpt>
<trkpt lat="37.937210" lon="127.204470" sectionIndex="0" pointIndex="5006" originalElevation="153.8" isOriginalElevationFromOSM="true"><ele>155.2</ele></trkpt>
<trkpt lat="37.937240" lon="127.205070" sectionIndex="0" pointIndex="5007" originalElevation="150.3" isOriginalElevationFromOSM="true"><ele>157.2</ele></trkpt>
<trkpt lat="37.937269" lon="127.205398" sectionIndex="0" pointIndex="5008" originalElevation="164.0" isOriginalElevationFromOSM="false"><ele>159.2</ele></trkpt>
<trkpt lat="37.937297" lon="127.205442" sectionIndex="0" pointIndex="5009" originalElevation="164.0" isOriginalElevationFromOSM="false"><ele>161.3</ele></trkpt>
<trkpt lat="37.937325" lon="127.205486" sectionIndex="0" pointIndex="5010" originalElevation="164.0" isOriginalElevationFromOSM="false"><ele>164.0</ele></trkpt>
<trkpt lat="37.937353" lon="127.205531" sectionIndex="0" pointIndex="5011" originalElevation="164.0" isOriginalElevationFromOSM="false"><ele>164.0</ele></trkpt>
<trkpt lat="37.937381" lon="127.205575" sectionIndex="0" pointIndex="5012" originalElevation="164.0" isOriginalElevationFromOSM="false"><ele>164.0</ele></trkpt>
<trkpt lat="37.937409" lon="127.205619" sectionIndex="0" pointIndex="5013" originalElevation="164.0" isOriginalElevationFromOSM="false"><ele>164.0</ele></trkpt>
<trkpt lat="37.937438" lon="127.205664" sectionIndex="0" pointIndex="5014" originalElevation="164.0" isOriginalElevationFromOSM="false"><ele>164.0</ele></trkpt>
<trkpt lat="37.937466" lon="127.205708" sectionIndex="0" pointIndex="5015" originalElevation="164.0" isOriginalElevationFromOSM="false"><ele>161.4</ele></trkpt>
<trkpt lat="37.937474" lon="127.205721" sectionIndex="0" pointIndex="5016" originalElevation="164.0" isOriginalElevationFromOSM="false"><ele>158.8</ele></trkpt>
<trkpt lat="37.937512" lon="127.205752" sectionIndex="0" pointIndex="5017" originalElevation="151.0" isOriginalElevationFromOSM="false"><ele>156.2</ele></trkpt>
<trkpt lat="37.937550" lon="127.205782" sectionIndex="0" pointIndex="5018" originalElevation="151.0" isOriginalElevationFromOSM="false"><ele>153.6</ele></trkpt>
<trkpt lat="37.937588" lon="127.205812" sectionIndex="0" pointIndex="5019" originalElevation="151.0" isOriginalElevationFromOSM="false"><ele>151.0</ele></trkpt>
<trkpt lat="37.937626" lon="127.205843" sectionIndex="0" pointIndex="5020" originalElevation="151.0" isOriginalElevationFromOSM="false"><ele>151.0</ele></trkpt>
<trkpt lat="37.937664" lon="127.205873" sectionIndex="0" pointIndex="5021" originalElevation="151.0" isOriginalElevationFromOSM="false"><ele>151.0</ele></trkpt>
<trkpt lat="37.937702" lon="127.205904" sectionIndex="0" pointIndex="5022" originalElevation="151.0" isOriginalElevationFromOSM="false"><ele>151.0</ele></trkpt>
<trkpt lat="37.937740" lon="127.205934" sectionIndex="0" pointIndex="5023" originalElevation="151.0" isOriginalElevationFromOSM="false"><ele>151.0</ele></trkpt>
<trkpt lat="37.937778" lon="127.205965" sectionIndex="0" pointIndex="5024" originalElevation="151.0" isOriginalElevationFromOSM="false"><ele>151.0</ele></trkpt>
<trkpt lat="37.937816" lon="127.205995" sectionIndex="0" pointIndex="5025" originalElevation="151.0" isOriginalElevationFromOSM="false"><ele>151.0</ele></trkpt>
<trkpt lat="37.937854" lon="127.206026" sectionIndex="0" pointIndex="5026" originalElevation="151.0" isOriginalElevationFromOSM="false"><ele>151.0</ele></trkpt>
<trkpt lat="37.937892" lon="127.206056" sectionIndex="0" pointIndex="5027" originalElevation="151.0" isOriginalElevationFromOSM="false"><ele>151.0</ele></trkpt>
<trkpt lat="37.937929" lon="127.206086" sectionIndex="0" pointIndex="5028" originalElevation="151.0" isOriginalElevationFromOSM="false"><ele>151.0</ele></trkpt>
<trkpt lat="37.937967" lon="127.206117" sectionIndex="0" pointIndex="5029" originalElevation="151.0" isOriginalElevationFromOSM="false"><ele>151.0</ele></trkpt>
<trkpt lat="37.938005" lon="127.206147" sectionIndex="0" pointIndex="5030" originalElevation="151.0" isOriginalElevationFromOSM="false"><ele>151.0</ele></trkpt>
<trkpt lat="37.938043" lon="127.206178" sectionIndex="0" pointIndex="5031" originalElevation="151.0" isOriginalElevationFromOSM="false"><ele>151.0</ele></trkpt>
<trkpt lat="37.938081" lon="127.206208" sectionIndex="0" pointIndex="5032" originalElevation="151.0" isOriginalElevationFromOSM="false"><ele>148.0</ele></trkpt>
<trkpt lat="37.938096" lon="127.206220" sectionIndex="0" pointIndex="5033" originalElevation="151.0" isOriginalElevationFromOSM="false"><ele>145.0</ele></trkpt>
<trkpt lat="37.938127" lon="127.206261" sectionIndex="0" pointIndex="5034" originalElevation="136.0" isOriginalElevationFromOSM="false"><ele>142.0</ele></trkpt>
<trkpt lat="37.938159" lon="127.206302" sectionIndex="0" pointIndex="5035" originalElevation="136.0" isOriginalElevationFromOSM="false"><ele>139.0</ele></trkpt>
<trkpt lat="37.938190" lon="127.206342" sectionIndex="0" pointIndex="5036" originalElevation="136.0" isOriginalElevationFromOSM="false"><ele>136.0</ele></trkpt>
<trkpt lat="37.938221" lon="127.206383" sectionIndex="0" pointIndex="5037" originalElevation="136.0" isOriginalElevationFromOSM="false"><ele>136.0</ele></trkpt>
<trkpt lat="37.938253" lon="127.206424" sectionIndex="0" pointIndex="5038" originalElevation="136.0" isOriginalElevationFromOSM="false"><ele>136.0</ele></trkpt>
<trkpt lat="37.938265" lon="127.206440" sectionIndex="0" pointIndex="5039" originalElevation="136.0" isOriginalElevationFromOSM="false"><ele>136.0</ele></trkpt>
<trkpt lat="37.938280" lon="127.206494" sectionIndex="0" pointIndex="5040" originalElevation="136.0" isOriginalElevationFromOSM="false"><ele>136.0</ele></trkpt>
<trkpt lat="37.938294" lon="127.206548" sectionIndex="0" pointIndex="5041" originalElevation="136.0" isOriginalElevationFromOSM="false"><ele>136.0</ele></trkpt>
<trkpt lat="37.938309" lon="127.206602" sectionIndex="0" pointIndex="5042" originalElevation="136.0" isOriginalElevationFromOSM="false"><ele>136.0</ele></trkpt>
<trkpt lat="37.938323" lon="127.206656" sectionIndex="0" pointIndex="5043" originalElevation="136.0" isOriginalElevationFromOSM="false"><ele>136.0</ele></trkpt>
<trkpt lat="37.938338" lon="127.206709" sectionIndex="0" pointIndex="5044" originalElevation="136.0" isOriginalElevationFromOSM="false"><ele>136.0</ele></trkpt>
<trkpt lat="37.938352" lon="127.206763" sectionIndex="0" pointIndex="5045" originalElevation="136.0" isOriginalElevationFromOSM="false"><ele>136.0</ele></trkpt>
<trkpt lat="37.938367" lon="127.206817" sectionIndex="0" pointIndex="5046" originalElevation="136.0" isOriginalElevationFromOSM="false"><ele>136.0</ele></trkpt>
<trkpt lat="37.938381" lon="127.206871" sectionIndex="0" pointIndex="5047" originalElevation="136.0" isOriginalElevationFromOSM="false"><ele>136.0</ele></trkpt>
<trkpt lat="37.938396" lon="127.206925" sectionIndex="0" pointIndex="5048" originalElevation="136.0" isOriginalElevationFromOSM="false"><ele>136.0</ele></trkpt>
<trkpt lat="37.938410" lon="127.206979" sectionIndex="0" pointIndex="5049" originalElevation="136.0" isOriginalElevationFromOSM="false"><ele>136.0</ele></trkpt>
<trkpt lat="37.938425" lon="127.207033" sectionIndex="0" pointIndex="5050" originalElevation="136.0" isOriginalElevationFromOSM="false"><ele>136.0</ele></trkpt>
<trkpt lat="37.938439" lon="127.207087" sectionIndex="0" pointIndex="5051" originalElevation="136.0" isOriginalElevationFromOSM="false"><ele>136.0</ele></trkpt>
<trkpt lat="37.938454" lon="127.207141" sectionIndex="0" pointIndex="5052" originalElevation="136.0" isOriginalElevationFromOSM="false"><ele>136.0</ele></trkpt>
<trkpt lat="37.938468" lon="127.207194" sectionIndex="0" pointIndex="5053" originalElevation="136.0" isOriginalElevationFromOSM="false"><ele>136.0</ele></trkpt>
<trkpt lat="37.938483" lon="127.207248" sectionIndex="0" pointIndex="5054" originalElevation="136.0" isOriginalElevationFromOSM="false"><ele>136.0</ele></trkpt>
<trkpt lat="37.938497" lon="127.207302" sectionIndex="0" pointIndex="5055" originalElevation="136.0" isOriginalElevationFromOSM="false"><ele>136.0</ele></trkpt>
<trkpt lat="37.938512" lon="127.207356" sectionIndex="0" pointIndex="5056" originalElevation="136.0" isOriginalElevationFromOSM="false"><ele>136.0</ele></trkpt>
<trkpt lat="37.938526" lon="127.207410" sectionIndex="0" pointIndex="5057" originalElevation="136.0" isOriginalElevationFromOSM="false"><ele>136.0</ele></trkpt>
<trkpt lat="37.938541" lon="127.207464" sectionIndex="0" pointIndex="5058" originalElevation="136.0" isOriginalElevationFromOSM="false"><ele>136.0</ele></trkpt>
<trkpt lat="37.938555" lon="127.207518" sectionIndex="0" pointIndex="5059" originalElevation="136.0" isOriginalElevationFromOSM="false"><ele>136.0</ele></trkpt>
<trkpt lat="37.938570" lon="127.207572" sectionIndex="0" pointIndex="5060" originalElevation="136.0" isOriginalElevationFromOSM="false"><ele>136.0</ele></trkpt>
<trkpt lat="37.938584" lon="127.207626" sectionIndex="0" pointIndex="5061" originalElevation="136.0" isOriginalElevationFromOSM="false"><ele>136.0</ele></trkpt>
<trkpt lat="37.938599" lon="127.207680" sectionIndex="0" pointIndex="5062" originalElevation="136.0" isOriginalElevationFromOSM="false"><ele>136.0</ele></trkpt>
<trkpt lat="37.938613" lon="127.207733" sectionIndex="0" pointIndex="5063" originalElevation="136.0" isOriginalElevationFromOSM="false"><ele>136.0</ele></trkpt>
<trkpt lat="37.938628" lon="127.207787" sectionIndex="0" pointIndex="5064" originalElevation="136.0" isOriginalElevationFromOSM="false"><ele>136.0</ele></trkpt>
<trkpt lat="37.938642" lon="127.207841" sectionIndex="0" pointIndex="5065" originalElevation="136.0" isOriginalElevationFromOSM="false"><ele>136.0</ele></trkpt>
<trkpt lat="37.938657" lon="127.207895" sectionIndex="0" pointIndex="5066" originalElevation="136.0" isOriginalElevationFromOSM="false"><ele>136.0</ele></trkpt>
<trkpt lat="37.938671" lon="127.207949" sectionIndex="0" pointIndex="5067" originalElevation="136.0" isOriginalElevationFromOSM="false"><ele>136.0</ele></trkpt>
<trkpt lat="37.938686" lon="127.208003" sectionIndex="0" pointIndex="5068" originalElevation="136.0" isOriginalElevationFromOSM="false"><ele>136.0</ele></trkpt>
<trkpt lat="37.938701" lon="127.208057" sectionIndex="0" pointIndex="5069" originalElevation="136.0" isOriginalElevationFromOSM="false"><ele>136.0</ele></trkpt>
<trkpt lat="37.938715" lon="127.208111" sectionIndex="0" pointIndex="5070" originalElevation="136.0" isOriginalElevationFromOSM="false"><ele>136.0</ele></trkpt>
<trkpt lat="37.938730" lon="127.208165" sectionIndex="0" pointIndex="5071" originalElevation="136.0" isOriginalElevationFromOSM="false"><ele>136.0</ele></trkpt>
<trkpt lat="37.938743" lon="127.208216" sectionIndex="0" pointIndex="5072" originalElevation="136.0" isOriginalElevationFromOSM="false"><ele>136.0</ele></trkpt>
<trkpt lat="37.938763" lon="127.208267" sectionIndex="0" pointIndex="5073" originalElevation="136.0" isOriginalElevationFromOSM="false"><ele>136.0</ele></trkpt>
<trkpt lat="37.938783" lon="127.208318" sectionIndex="0" pointIndex="5074" originalElevation="136.0" isOriginalElevationFromOSM="false"><ele>136.0</ele></trkpt>
<trkpt lat="37.938803" lon="127.208369" sectionIndex="0" pointIndex="5075" originalElevation="136.0" isOriginalElevationFromOSM="false"><ele>136.0</ele></trkpt>
<trkpt lat="37.938823" lon="127.208420" sectionIndex="0" pointIndex="5076" originalElevation="136.0" isOriginalElevationFromOSM="false"><ele>136.0</ele></trkpt>
<trkpt lat="37.938843" lon="127.208471" sectionIndex="0" pointIndex="5077" originalElevation="136.0" isOriginalElevationFromOSM="false"><ele>136.0</ele></trkpt>
<trkpt lat="37.938863" lon="127.208522" sectionIndex="0" pointIndex="5078" originalElevation="136.0" isOriginalElevationFromOSM="false"><ele>136.0</ele></trkpt>
<trkpt lat="37.938883" lon="127.208573" sectionIndex="0" pointIndex="5079" originalElevation="136.0" isOriginalElevationFromOSM="false"><ele>136.0</ele></trkpt>
<trkpt lat="37.938903" lon="127.208624" sectionIndex="0" pointIndex="5080" originalElevation="136.0" isOriginalElevationFromOSM="false"><ele>136.0</ele></trkpt>
<trkpt lat="37.938923" lon="127.208675" sectionIndex="0" pointIndex="5081" originalElevation="136.0" isOriginalElevationFromOSM="false"><ele>136.0</ele></trkpt>
<trkpt lat="37.938943" lon="127.208726" sectionIndex="0" pointIndex="5082" originalElevation="136.0" isOriginalElevationFromOSM="false"><ele>136.0</ele></trkpt>
<trkpt lat="37.938963" lon="127.208777" sectionIndex="0" pointIndex="5083" originalElevation="136.0" isOriginalElevationFromOSM="false"><ele>136.0</ele></trkpt>
<trkpt lat="37.938980" lon="127.208822" sectionIndex="0" pointIndex="5084" originalElevation="136.0" isOriginalElevationFromOSM="false"><ele>136.0</ele></trkpt>
<trkpt lat="37.939006" lon="127.208868" sectionIndex="0" pointIndex="5085" originalElevation="136.0" isOriginalElevationFromOSM="false"><ele>136.0</ele></trkpt>
<trkpt lat="37.939032" lon="127.208915" sectionIndex="0" pointIndex="5086" originalElevation="136.0" isOriginalElevationFromOSM="false"><ele>136.0</ele></trkpt>
<trkpt lat="37.939058" lon="127.208962" sectionIndex="0" pointIndex="5087" originalElevation="136.0" isOriginalElevationFromOSM="false"><ele>136.0</ele></trkpt>
<trkpt lat="37.939083" lon="127.209008" sectionIndex="0" pointIndex="5088" originalElevation="136.0" isOriginalElevationFromOSM="false"><ele>136.0</ele></trkpt>
<trkpt lat="37.939109" lon="127.209055" sectionIndex="0" pointIndex="5089" originalElevation="136.0" isOriginalElevationFromOSM="false"><ele>136.0</ele></trkpt>
<trkpt lat="37.939135" lon="127.209101" sectionIndex="0" pointIndex="5090" originalElevation="136.0" isOriginalElevationFromOSM="false"><ele>136.0</ele></trkpt>
<trkpt lat="37.939161" lon="127.209148" sectionIndex="0" pointIndex="5091" originalElevation="136.0" isOriginalElevationFromOSM="false"><ele>136.0</ele></trkpt>
<trkpt lat="37.939187" lon="127.209194" sectionIndex="0" pointIndex="5092" originalElevation="136.0" isOriginalElevationFromOSM="false"><ele>136.0</ele></trkpt>
<trkpt lat="37.939213" lon="127.209241" sectionIndex="0" pointIndex="5093" originalElevation="136.0" isOriginalElevationFromOSM="false"><ele>136.0</ele></trkpt>
<trkpt lat="37.939238" lon="127.209288" sectionIndex="0" pointIndex="5094" originalElevation="136.0" isOriginalElevationFromOSM="false"><ele>136.0</ele></trkpt>
<trkpt lat="37.939264" lon="127.209334" sectionIndex="0" pointIndex="5095" originalElevation="136.0" isOriginalElevationFromOSM="false"><ele>136.0</ele></trkpt>
<trkpt lat="37.939290" lon="127.209381" sectionIndex="0" pointIndex="5096" originalElevation="136.0" isOriginalElevationFromOSM="false"><ele>136.0</ele></trkpt>
<trkpt lat="37.939316" lon="127.209427" sectionIndex="0" pointIndex="5097" originalElevation="136.0" isOriginalElevationFromOSM="false"><ele>136.0</ele></trkpt>
<trkpt lat="37.939342" lon="127.209474" sectionIndex="0" pointIndex="5098" originalElevation="136.0" isOriginalElevationFromOSM="false"><ele>136.0</ele></trkpt>
<trkpt lat="37.939368" lon="127.209521" sectionIndex="0" pointIndex="5099" originalElevation="136.0" isOriginalElevationFromOSM="false"><ele>136.0</ele></trkpt>
<trkpt lat="37.939393" lon="127.209567" sectionIndex="0" pointIndex="5100" originalElevation="136.0" isOriginalElevationFromOSM="false"><ele>136.0</ele></trkpt>
<trkpt lat="37.939419" lon="127.209614" sectionIndex="0" pointIndex="5101" originalElevation="136.0" isOriginalElevationFromOSM="false"><ele>136.0</ele></trkpt>
<trkpt lat="37.939445" lon="127.209660" sectionIndex="0" pointIndex="5102" originalElevation="136.0" isOriginalElevationFromOSM="false"><ele>136.0</ele></trkpt>
<trkpt lat="37.939471" lon="127.209707" sectionIndex="0" pointIndex="5103" originalElevation="136.0" isOriginalElevationFromOSM="false"><ele>136.0</ele></trkpt>
<trkpt lat="37.939497" lon="127.209754" sectionIndex="0" pointIndex="5104" originalElevation="136.0" isOriginalElevationFromOSM="false"><ele>136.0</ele></trkpt>
<trkpt lat="37.939523" lon="127.209800" sectionIndex="0" pointIndex="5105" originalElevation="136.0" isOriginalElevationFromOSM="false"><ele>136.0</ele></trkpt>
<trkpt lat="37.939548" lon="127.209847" sectionIndex="0" pointIndex="5106" originalElevation="136.0" isOriginalElevationFromOSM="false"><ele>134.6</ele></trkpt>
<trkpt lat="37.939574" lon="127.209893" sectionIndex="0" pointIndex="5107" originalElevation="136.0" isOriginalElevationFromOSM="false"><ele>133.2</ele></trkpt>
<trkpt lat="37.939600" lon="127.209940" sectionIndex="0" pointIndex="5108" originalElevation="129.0" isOriginalElevationFromOSM="false"><ele>131.8</ele></trkpt>
<trkpt lat="37.939611" lon="127.209959" sectionIndex="0" pointIndex="5109" originalElevation="129.0" isOriginalElevationFromOSM="false"><ele>128.0</ele></trkpt>
<trkpt lat="37.939744" lon="127.210359" sectionIndex="0" pointIndex="5110" originalElevation="129.0" isOriginalElevationFromOSM="false"><ele>124.3</ele></trkpt>
<trkpt lat="37.939770" lon="127.210660" sectionIndex="0" pointIndex="5111" originalElevation="117.1" isOriginalElevationFromOSM="true"><ele>121.8</ele></trkpt>
<trkpt lat="37.939760" lon="127.211040" sectionIndex="0" pointIndex="5112" originalElevation="117.4" isOriginalElevationFromOSM="true"><ele>118.3</ele></trkpt>
<trkpt lat="37.939520" lon="127.212480" sectionIndex="0" pointIndex="5113" originalElevation="116.3" isOriginalElevationFromOSM="true"><ele>114.1</ele></trkpt>
<trkpt lat="37.939480" lon="127.213140" sectionIndex="0" pointIndex="5114" originalElevation="111.9" isOriginalElevationFromOSM="true"><ele>111.8</ele></trkpt>
<trkpt lat="37.939390" lon="127.213770" sectionIndex="0" pointIndex="5115" originalElevation="107.8" isOriginalElevationFromOSM="true"><ele>109.3</ele></trkpt>
<trkpt lat="37.939390" lon="127.214370" sectionIndex="0" pointIndex="5116" originalElevation="105.7" isOriginalElevationFromOSM="true"><ele>106.9</ele></trkpt>
<trkpt lat="37.939360" lon="127.215000" sectionIndex="0" pointIndex="5117" originalElevation="104.8" isOriginalElevationFromOSM="true"><ele>105.5</ele></trkpt>
<trkpt lat="37.939410" lon="127.215460" sectionIndex="0" pointIndex="5118" originalElevation="104.3" isOriginalElevationFromOSM="true"><ele>104.9</ele></trkpt>
<trkpt lat="37.939520" lon="127.216320" sectionIndex="0" pointIndex="5119" originalElevation="104.7" isOriginalElevationFromOSM="true"><ele>104.7</ele></trkpt>
<trkpt lat="37.939580" lon="127.217620" sectionIndex="0" pointIndex="5120" originalElevation="105.0" isOriginalElevationFromOSM="true"><ele>104.7</ele></trkpt>
<trkpt lat="37.939290" lon="127.218080" sectionIndex="0" pointIndex="5121" originalElevation="104.8" isOriginalElevationFromOSM="true"><ele>104.6</ele></trkpt>
<trkpt lat="37.939170" lon="127.218250" sectionIndex="0" pointIndex="5122" originalElevation="104.5" isOriginalElevationFromOSM="true"><ele>104.5</ele></trkpt>
<trkpt lat="37.939050" lon="127.218360" sectionIndex="0" pointIndex="5123" originalElevation="104.0" isOriginalElevationFromOSM="true"><ele>104.2</ele></trkpt>
<trkpt lat="37.938960" lon="127.218420" sectionIndex="0" pointIndex="5124" originalElevation="104.0" isOriginalElevationFromOSM="true"><ele>103.6</ele></trkpt>
<trkpt lat="37.938770" lon="127.218490" sectionIndex="0" pointIndex="5125" originalElevation="103.7" isOriginalElevationFromOSM="true"><ele>102.9</ele></trkpt>
<trkpt lat="37.938330" lon="127.218580" sectionIndex="0" pointIndex="5126" originalElevation="101.9" isOriginalElevationFromOSM="true"><ele>102.0</ele></trkpt>
<trkpt lat="37.938070" lon="127.218730" sectionIndex="0" pointIndex="5127" originalElevation="100.9" isOriginalElevationFromOSM="true"><ele>100.0</ele></trkpt>
<trkpt lat="37.937930" lon="127.218850" sectionIndex="0" pointIndex="5128" originalElevation="99.5" isOriginalElevationFromOSM="true"><ele>97.5</ele></trkpt>
<trkpt lat="37.937700" lon="127.219360" sectionIndex="0" pointIndex="5129" originalElevation="93.8" isOriginalElevationFromOSM="true"><ele>94.8</ele></trkpt>
<trkpt lat="37.937260" lon="127.220340" sectionIndex="0" pointIndex="5130" originalElevation="91.2" isOriginalElevationFromOSM="true"><ele>91.7</ele></trkpt>
<trkpt lat="37.937150" lon="127.220620" sectionIndex="0" pointIndex="5131" originalElevation="88.5" isOriginalElevationFromOSM="true"><ele>89.3</ele></trkpt>
<trkpt lat="37.936790" lon="127.222240" sectionIndex="0" pointIndex="5132" originalElevation="85.4" isOriginalElevationFromOSM="true"><ele>88.3</ele></trkpt>
<trkpt lat="37.936250" lon="127.222020" sectionIndex="0" pointIndex="5133" originalElevation="87.8" isOriginalElevationFromOSM="true"><ele>87.4</ele></trkpt>
<trkpt lat="37.935470" lon="127.221630" sectionIndex="0" pointIndex="5134" originalElevation="88.8" isOriginalElevationFromOSM="true"><ele>87.9</ele></trkpt>
<trkpt lat="37.933930" lon="127.220720" sectionIndex="0" pointIndex="5135" originalElevation="86.6" isOriginalElevationFromOSM="true"><ele>90.9</ele></trkpt>
<trkpt lat="37.933130" lon="127.220460" sectionIndex="0" pointIndex="5136" originalElevation="90.7" isOriginalElevationFromOSM="true"><ele>92.3</ele></trkpt>
<trkpt lat="37.932210" lon="127.220200" sectionIndex="0" pointIndex="5137" originalElevation="100.6" isOriginalElevationFromOSM="true"><ele>92.4</ele></trkpt>
<trkpt lat="37.931500" lon="127.220160" sectionIndex="0" pointIndex="5138" originalElevation="94.7" isOriginalElevationFromOSM="true"><ele>92.6</ele></trkpt>
<trkpt lat="37.929830" lon="127.220180" sectionIndex="0" pointIndex="5139" originalElevation="89.5" isOriginalElevationFromOSM="true"><ele>92.4</ele></trkpt>
<trkpt lat="37.929280" lon="127.220180" sectionIndex="0" pointIndex="5140" originalElevation="87.7" isOriginalElevationFromOSM="true"><ele>90.3</ele></trkpt>
<trkpt lat="37.927960" lon="127.220000" sectionIndex="0" pointIndex="5141" originalElevation="89.3" isOriginalElevationFromOSM="true"><ele>89.4</ele></trkpt>
<trkpt lat="37.927670" lon="127.219850" sectionIndex="0" pointIndex="5142" originalElevation="90.5" isOriginalElevationFromOSM="true"><ele>89.4</ele></trkpt>
<trkpt lat="37.926490" lon="127.219050" sectionIndex="0" pointIndex="5143" originalElevation="90.0" isOriginalElevationFromOSM="true"><ele>89.8</ele></trkpt>
<trkpt lat="37.925950" lon="127.218630" sectionIndex="0" pointIndex="5144" originalElevation="89.5" isOriginalElevationFromOSM="true"><ele>89.9</ele></trkpt>
<trkpt lat="37.925670" lon="127.218210" sectionIndex="0" pointIndex="5145" originalElevation="89.6" isOriginalElevationFromOSM="true"><ele>89.6</ele></trkpt>
<trkpt lat="37.925585" lon="127.218134" sectionIndex="0" pointIndex="5146" originalElevation="90.0" isOriginalElevationFromOSM="false"><ele>90.2</ele></trkpt>
<trkpt lat="37.924578" lon="127.217526" sectionIndex="0" pointIndex="5147" originalElevation="89.0" isOriginalElevationFromOSM="false"><ele>91.1</ele></trkpt>
<trkpt lat="37.921120" lon="127.215830" sectionIndex="0" pointIndex="5148" originalElevation="92.7" isOriginalElevationFromOSM="true"><ele>91.3</ele></trkpt>
<trkpt lat="37.920981" lon="127.215764" sectionIndex="0" pointIndex="5149" originalElevation="94.0" isOriginalElevationFromOSM="false"><ele>91.8</ele></trkpt>
<trkpt lat="37.920647" lon="127.215606" sectionIndex="0" pointIndex="5150" originalElevation="91.0" isOriginalElevationFromOSM="false"><ele>92.5</ele></trkpt>
<trkpt lat="37.920040" lon="127.215320" sectionIndex="0" pointIndex="5151" originalElevation="92.1" isOriginalElevationFromOSM="true"><ele>93.8</ele></trkpt>
<trkpt lat="37.918640" lon="127.214860" sectionIndex="0" pointIndex="5152" originalElevation="93.0" isOriginalElevationFromOSM="true"><ele>94.7</ele></trkpt>
<trkpt lat="37.915440" lon="127.214030" sectionIndex="0" pointIndex="5153" originalElevation="98.9" isOriginalElevationFromOSM="true"><ele>95.3</ele></trkpt>
<trkpt lat="37.914410" lon="127.213810" sectionIndex="0" pointIndex="5154" originalElevation="98.6" isOriginalElevationFromOSM="true"><ele>95.7</ele></trkpt>
<trkpt lat="37.913350" lon="127.213790" sectionIndex="0" pointIndex="5155" originalElevation="94.0" isOriginalElevationFromOSM="true"><ele>96.2</ele></trkpt>
<trkpt lat="37.912290" lon="127.213250" sectionIndex="0" pointIndex="5156" originalElevation="94.1" isOriginalElevationFromOSM="true"><ele>95.9</ele></trkpt>
<trkpt lat="37.906790" lon="127.210280" sectionIndex="0" pointIndex="5157" originalElevation="95.6" isOriginalElevationFromOSM="true"><ele>95.8</ele></trkpt>
<trkpt lat="37.905100" lon="127.209370" sectionIndex="0" pointIndex="5158" originalElevation="97.1" isOriginalElevationFromOSM="true"><ele>96.8</ele></trkpt>
<trkpt lat="37.903550" lon="127.208440" sectionIndex="0" pointIndex="5159" originalElevation="98.5" isOriginalElevationFromOSM="true"><ele>97.7</ele></trkpt>
<trkpt lat="37.902990" lon="127.208170" sectionIndex="0" pointIndex="5160" originalElevation="98.6" isOriginalElevationFromOSM="true"><ele>98.4</ele></trkpt>
<trkpt lat="37.902890" lon="127.208090" sectionIndex="0" pointIndex="5161" originalElevation="98.6" isOriginalElevationFromOSM="true"><ele>99.2</ele></trkpt>
<trkpt lat="37.901280" lon="127.207120" sectionIndex="0" pointIndex="5162" originalElevation="99.2" isOriginalElevationFromOSM="true"><ele>100.0</ele></trkpt>
<trkpt lat="37.898370" lon="127.204230" sectionIndex="0" pointIndex="5163" originalElevation="101.0" isOriginalElevationFromOSM="true"><ele>100.8</ele></trkpt>
<trkpt lat="37.896980" lon="127.202900" sectionIndex="0" pointIndex="5164" originalElevation="102.8" isOriginalElevationFromOSM="true"><ele>101.7</ele></trkpt>
<trkpt lat="37.896260" lon="127.202440" sectionIndex="0" pointIndex="5165" originalElevation="102.5" isOriginalElevationFromOSM="true"><ele>102.1</ele></trkpt>
<trkpt lat="37.896020" lon="127.202310" sectionIndex="0" pointIndex="5166" originalElevation="102.8" isOriginalElevationFromOSM="true"><ele>102.3</ele></trkpt>
<trkpt lat="37.895690" lon="127.202890" sectionIndex="0" pointIndex="5167" originalElevation="101.3" isOriginalElevationFromOSM="true"><ele>102.1</ele></trkpt>
<trkpt lat="37.894500" lon="127.205580" sectionIndex="0" pointIndex="5168" originalElevation="102.0" isOriginalElevationFromOSM="true"><ele>102.7</ele></trkpt>
<trkpt lat="37.893620" lon="127.206190" sectionIndex="0" pointIndex="5169" originalElevation="101.8" isOriginalElevationFromOSM="true"><ele>104.2</ele></trkpt>
<trkpt lat="37.891550" lon="127.207660" sectionIndex="0" pointIndex="5170" originalElevation="105.7" isOriginalElevationFromOSM="true"><ele>105.9</ele></trkpt>
<trkpt lat="37.890310" lon="127.208560" sectionIndex="0" pointIndex="5171" originalElevation="110.4" isOriginalElevationFromOSM="true"><ele>107.2</ele></trkpt>
<trkpt lat="37.889950" lon="127.208730" sectionIndex="0" pointIndex="5172" originalElevation="109.6" isOriginalElevationFromOSM="true"><ele>112.8</ele></trkpt>
<trkpt lat="37.889800" lon="127.208750" sectionIndex="0" pointIndex="5173" originalElevation="108.5" isOriginalElevationFromOSM="true"><ele>111.9</ele></trkpt>
<trkpt lat="37.889616" lon="127.208682" sectionIndex="0" pointIndex="5174" originalElevation="130.0" isOriginalElevationFromOSM="false"><ele>110.0</ele></trkpt>
<trkpt lat="37.889579" lon="127.208649" sectionIndex="0" pointIndex="5175" originalElevation="101.0" isOriginalElevationFromOSM="false"><ele>108.3</ele></trkpt>
<trkpt lat="37.889542" lon="127.208617" sectionIndex="0" pointIndex="5176" originalElevation="101.0" isOriginalElevationFromOSM="false"><ele>106.8</ele></trkpt>
<trkpt lat="37.889505" lon="127.208584" sectionIndex="0" pointIndex="5177" originalElevation="101.0" isOriginalElevationFromOSM="false"><ele>101.0</ele></trkpt>
<trkpt lat="37.889468" lon="127.208552" sectionIndex="0" pointIndex="5178" originalElevation="101.0" isOriginalElevationFromOSM="false"><ele>101.0</ele></trkpt>
<trkpt lat="37.889431" lon="127.208520" sectionIndex="0" pointIndex="5179" originalElevation="101.0" isOriginalElevationFromOSM="false"><ele>101.0</ele></trkpt>
<trkpt lat="37.889394" lon="127.208487" sectionIndex="0" pointIndex="5180" originalElevation="101.0" isOriginalElevationFromOSM="false"><ele>101.6</ele></trkpt>
<trkpt lat="37.889379" lon="127.208474" sectionIndex="0" pointIndex="5181" originalElevation="101.0" isOriginalElevationFromOSM="false"><ele>103.5</ele></trkpt>
<trkpt lat="37.888889" lon="127.207922" sectionIndex="0" pointIndex="5182" originalElevation="104.0" isOriginalElevationFromOSM="false"><ele>105.4</ele></trkpt>
<trkpt lat="37.887660" lon="127.206700" sectionIndex="0" pointIndex="5183" originalElevation="110.7" isOriginalElevationFromOSM="true"><ele>106.9</ele></trkpt>
<trkpt lat="37.887260" lon="127.206190" sectionIndex="0" pointIndex="5184" originalElevation="110.2" isOriginalElevationFromOSM="true"><ele>107.8</ele></trkpt>
<trkpt lat="37.886880" lon="127.205590" sectionIndex="0" pointIndex="5185" originalElevation="108.8" isOriginalElevationFromOSM="true"><ele>110.3</ele></trkpt>
<trkpt lat="37.886350" lon="127.204790" sectionIndex="0" pointIndex="5186" originalElevation="105.4" isOriginalElevationFromOSM="true"><ele>112.2</ele></trkpt>
<trkpt lat="37.884970" lon="127.202270" sectionIndex="0" pointIndex="5187" originalElevation="116.5" isOriginalElevationFromOSM="true"><ele>112.7</ele></trkpt>
<trkpt lat="37.884420" lon="127.201270" sectionIndex="0" pointIndex="5188" originalElevation="120.0" isOriginalElevationFromOSM="true"><ele>112.5</ele></trkpt>
<trkpt lat="37.883890" lon="127.200260" sectionIndex="0" pointIndex="5189" originalElevation="112.9" isOriginalElevationFromOSM="true"><ele>111.8</ele></trkpt>
<trkpt lat="37.883700" lon="127.199780" sectionIndex="0" pointIndex="5190" originalElevation="108.0" isOriginalElevationFromOSM="true"><ele>108.5</ele></trkpt>
<trkpt lat="37.883580" lon="127.199240" sectionIndex="0" pointIndex="5191" originalElevation="101.6" isOriginalElevationFromOSM="true"><ele>104.1</ele></trkpt>
<trkpt lat="37.883530" lon="127.198820" sectionIndex="0" pointIndex="5192" originalElevation="99.8" isOriginalElevationFromOSM="true"><ele>101.2</ele></trkpt>
<trkpt lat="37.883510" lon="127.198170" sectionIndex="0" pointIndex="5193" originalElevation="98.2" isOriginalElevationFromOSM="true"><ele>99.3</ele></trkpt>
<trkpt lat="37.883860" lon="127.193940" sectionIndex="0" pointIndex="5194" originalElevation="98.6" isOriginalElevationFromOSM="true"><ele>98.8</ele></trkpt>
<trkpt lat="37.883960" lon="127.193320" sectionIndex="0" pointIndex="5195" originalElevation="98.3" isOriginalElevationFromOSM="true"><ele>98.6</ele></trkpt>
<trkpt lat="37.883570" lon="127.193260" sectionIndex="0" pointIndex="5196" originalElevation="98.9" isOriginalElevationFromOSM="true"><ele>98.8</ele></trkpt>
<trkpt lat="37.883190" lon="127.193300" sectionIndex="0" pointIndex="5197" originalElevation="99.2" isOriginalElevationFromOSM="true"><ele>98.8</ele></trkpt>
<trkpt lat="37.882960" lon="127.193500" sectionIndex="0" pointIndex="5198" originalElevation="99.0" isOriginalElevationFromOSM="true"><ele>98.8</ele></trkpt>
<trkpt lat="37.882740" lon="127.193650" sectionIndex="0" pointIndex="5199" originalElevation="98.8" isOriginalElevationFromOSM="true"><ele>99.0</ele></trkpt>
<trkpt lat="37.882090" lon="127.194040" sectionIndex="0" pointIndex="5200" originalElevation="97.9" isOriginalElevationFromOSM="true"><ele>99.1</ele></trkpt>
<trkpt lat="37.880410" lon="127.195960" sectionIndex="0" pointIndex="5201" originalElevation="100.0" isOriginalElevationFromOSM="true"><ele>99.1</ele></trkpt>
<trkpt lat="37.880090" lon="127.195410" sectionIndex="0" pointIndex="5202" originalElevation="99.6" isOriginalElevationFromOSM="true"><ele>99.1</ele></trkpt>
<trkpt lat="37.879830" lon="127.195060" sectionIndex="0" pointIndex="5203" originalElevation="99.3" isOriginalElevationFromOSM="true"><ele>99.2</ele></trkpt>
<trkpt lat="37.879550" lon="127.194820" sectionIndex="0" pointIndex="5204" originalElevation="98.8" isOriginalElevationFromOSM="true"><ele>98.8</ele></trkpt>
<trkpt lat="37.879230" lon="127.194650" sectionIndex="0" pointIndex="5205" originalElevation="98.3" isOriginalElevationFromOSM="true"><ele>98.3</ele></trkpt>
<trkpt lat="37.878810" lon="127.194330" sectionIndex="0" pointIndex="5206" originalElevation="97.8" isOriginalElevationFromOSM="true"><ele>98.1</ele></trkpt>
<trkpt lat="37.878520" lon="127.194040" sectionIndex="0" pointIndex="5207" originalElevation="97.4" isOriginalElevationFromOSM="true"><ele>98.0</ele></trkpt>
<trkpt lat="37.877570" lon="127.192410" sectionIndex="0" pointIndex="5208" originalElevation="98.2" isOriginalElevationFromOSM="true"><ele>98.2</ele></trkpt>
<trkpt lat="37.877060" lon="127.191810" sectionIndex="0" pointIndex="5209" originalElevation="98.1" isOriginalElevationFromOSM="true"><ele>98.7</ele></trkpt>
<trkpt lat="37.876730" lon="127.191560" sectionIndex="0" pointIndex="5210" originalElevation="99.5" isOriginalElevationFromOSM="true"><ele>99.0</ele></trkpt>
<trkpt lat="37.876270" lon="127.191290" sectionIndex="0" pointIndex="5211" originalElevation="100.1" isOriginalElevationFromOSM="true"><ele>99.0</ele></trkpt>
<trkpt lat="37.875140" lon="127.190920" sectionIndex="0" pointIndex="5212" originalElevation="99.0" isOriginalElevationFromOSM="true"><ele>98.5</ele></trkpt>
<trkpt lat="37.874670" lon="127.190640" sectionIndex="0" pointIndex="5213" originalElevation="98.1" isOriginalElevationFromOSM="true"><ele>97.5</ele></trkpt>
<trkpt lat="37.874230" lon="127.190170" sectionIndex="0" pointIndex="5214" originalElevation="95.8" isOriginalElevationFromOSM="true"><ele>97.4</ele></trkpt>
<trkpt lat="37.873940" lon="127.189780" sectionIndex="0" pointIndex="5215" originalElevation="94.6" isOriginalElevationFromOSM="true"><ele>97.1</ele></trkpt>
<trkpt lat="37.872890" lon="127.187420" sectionIndex="0" pointIndex="5216" originalElevation="99.3" isOriginalElevationFromOSM="true"><ele>97.7</ele></trkpt>
<trkpt lat="37.872680" lon="127.187120" sectionIndex="0" pointIndex="5217" originalElevation="97.9" isOriginalElevationFromOSM="true"><ele>98.7</ele></trkpt>
<trkpt lat="37.870120" lon="127.184380" sectionIndex="0" pointIndex="5218" originalElevation="100.8" isOriginalElevationFromOSM="true"><ele>100.0</ele></trkpt>
<trkpt lat="37.869630" lon="127.184050" sectionIndex="0" pointIndex="5219" originalElevation="101.1" isOriginalElevationFromOSM="true"><ele>100.4</ele></trkpt>
<trkpt lat="37.869110" lon="127.183810" sectionIndex="0" pointIndex="5220" originalElevation="101.0" isOriginalElevationFromOSM="true"><ele>101.3</ele></trkpt>
<trkpt lat="37.868570" lon="127.183730" sectionIndex="0" pointIndex="5221" originalElevation="101.1" isOriginalElevationFromOSM="true"><ele>101.7</ele></trkpt>
<trkpt lat="37.867830" lon="127.183760" sectionIndex="0" pointIndex="5222" originalElevation="102.7" isOriginalElevationFromOSM="true"><ele>101.8</ele></trkpt>
<trkpt lat="37.867270" lon="127.183860" sectionIndex="0" pointIndex="5223" originalElevation="102.7" isOriginalElevationFromOSM="true"><ele>101.9</ele></trkpt>
<trkpt lat="37.866840" lon="127.183870" sectionIndex="0" pointIndex="5224" originalElevation="101.7" isOriginalElevationFromOSM="true"><ele>102.0</ele></trkpt>
<trkpt lat="37.866530" lon="127.183830" sectionIndex="0" pointIndex="5225" originalElevation="101.5" isOriginalElevationFromOSM="true"><ele>101.7</ele></trkpt>
<trkpt lat="37.866320" lon="127.183770" sectionIndex="0" pointIndex="5226" originalElevation="101.4" isOriginalElevationFromOSM="true"><ele>101.3</ele></trkpt>
<trkpt lat="37.865830" lon="127.183550" sectionIndex="0" pointIndex="5227" originalElevation="101.0" isOriginalElevationFromOSM="true"><ele>101.3</ele></trkpt>
<trkpt lat="37.865570" lon="127.183380" sectionIndex="0" pointIndex="5228" originalElevation="101.1" isOriginalElevationFromOSM="true"><ele>101.5</ele></trkpt>
<trkpt lat="37.865370" lon="127.183210" sectionIndex="0" pointIndex="5229" originalElevation="101.4" isOriginalElevationFromOSM="true"><ele>102.2</ele></trkpt>
<trkpt lat="37.864990" lon="127.182820" sectionIndex="0" pointIndex="5230" originalElevation="102.4" isOriginalElevationFromOSM="true"><ele>102.5</ele></trkpt>
<trkpt lat="37.864290" lon="127.182030" sectionIndex="0" pointIndex="5231" originalElevation="104.9" isOriginalElevationFromOSM="true"><ele>102.9</ele></trkpt>
<trkpt lat="37.863090" lon="127.180820" sectionIndex="0" pointIndex="5232" originalElevation="102.7" isOriginalElevationFromOSM="true"><ele>103.7</ele></trkpt>
<trkpt lat="37.862690" lon="127.180210" sectionIndex="0" pointIndex="5233" originalElevation="103.0" isOriginalElevationFromOSM="true"><ele>104.5</ele></trkpt>
<trkpt lat="37.862370" lon="127.179620" sectionIndex="0" pointIndex="5234" originalElevation="105.4" isOriginalElevationFromOSM="true"><ele>103.8</ele></trkpt>
<trkpt lat="37.862190" lon="127.179170" sectionIndex="0" pointIndex="5235" originalElevation="106.3" isOriginalElevationFromOSM="true"><ele>103.4</ele></trkpt>
<trkpt lat="37.861690" lon="127.177300" sectionIndex="0" pointIndex="5236" originalElevation="101.5" isOriginalElevationFromOSM="true"><ele>103.4</ele></trkpt>
<trkpt lat="37.861490" lon="127.176700" sectionIndex="0" pointIndex="5237" originalElevation="100.9" isOriginalElevationFromOSM="true"><ele>103.1</ele></trkpt>
<trkpt lat="37.861270" lon="127.176220" sectionIndex="0" pointIndex="5238" originalElevation="103.0" isOriginalElevationFromOSM="true"><ele>102.6</ele></trkpt>
<trkpt lat="37.861030" lon="127.175850" sectionIndex="0" pointIndex="5239" originalElevation="104.0" isOriginalElevationFromOSM="true"><ele>103.4</ele></trkpt>
<trkpt lat="37.860420" lon="127.175110" sectionIndex="0" pointIndex="5240" originalElevation="103.7" isOriginalElevationFromOSM="true"><ele>104.1</ele></trkpt>
<trkpt lat="37.859640" lon="127.174340" sectionIndex="0" pointIndex="5241" originalElevation="105.6" isOriginalElevationFromOSM="true"><ele>104.3</ele></trkpt>
<trkpt lat="37.859240" lon="127.173990" sectionIndex="0" pointIndex="5242" originalElevation="104.2" isOriginalElevationFromOSM="true"><ele>104.7</ele></trkpt>
<trkpt lat="37.858870" lon="127.173850" sectionIndex="0" pointIndex="5243" originalElevation="104.0" isOriginalElevationFromOSM="true"><ele>105.2</ele></trkpt>
<trkpt lat="37.858240" lon="127.173700" sectionIndex="0" pointIndex="5244" originalElevation="106.1" isOriginalElevationFromOSM="true"><ele>105.1</ele></trkpt>
<trkpt lat="37.857840" lon="127.173740" sectionIndex="0" pointIndex="5245" originalElevation="106.0" isOriginalElevationFromOSM="true"><ele>105.4</ele></trkpt>
<trkpt lat="37.856700" lon="127.173960" sectionIndex="0" pointIndex="5246" originalElevation="105.3" isOriginalElevationFromOSM="true"><ele>105.8</ele></trkpt>
<trkpt lat="37.856310" lon="127.173920" sectionIndex="0" pointIndex="5247" originalElevation="105.5" isOriginalElevationFromOSM="true"><ele>106.0</ele></trkpt>
<trkpt lat="37.855640" lon="127.173720" sectionIndex="0" pointIndex="5248" originalElevation="106.3" isOriginalElevationFromOSM="true"><ele>106.3</ele></trkpt>
<trkpt lat="37.855080" lon="127.173550" sectionIndex="0" pointIndex="5249" originalElevation="107.0" isOriginalElevationFromOSM="true"><ele>106.6</ele></trkpt>
<trkpt lat="37.854900" lon="127.173480" sectionIndex="0" pointIndex="5250" originalElevation="107.3" isOriginalElevationFromOSM="true"><ele>106.8</ele></trkpt>
<trkpt lat="37.854700" lon="127.173330" sectionIndex="0" pointIndex="5251" originalElevation="107.0" isOriginalElevationFromOSM="true"><ele>106.8</ele></trkpt>
<trkpt lat="37.852690" lon="127.170580" sectionIndex="0" pointIndex="5252" originalElevation="106.5" isOriginalElevationFromOSM="true"><ele>106.8</ele></trkpt>
<trkpt lat="37.852390" lon="127.170340" sectionIndex="0" pointIndex="5253" originalElevation="106.4" isOriginalElevationFromOSM="true"><ele>106.6</ele></trkpt>
<trkpt lat="37.852130" lon="127.170200" sectionIndex="0" pointIndex="5254" originalElevation="107.0" isOriginalElevationFromOSM="true"><ele>106.7</ele></trkpt>
<trkpt lat="37.851320" lon="127.169900" sectionIndex="0" pointIndex="5255" originalElevation="106.1" isOriginalElevationFromOSM="true"><ele>107.0</ele></trkpt>
<trkpt lat="37.849940" lon="127.169340" sectionIndex="0" pointIndex="5256" originalElevation="107.6" isOriginalElevationFromOSM="true"><ele>107.3</ele></trkpt>
<trkpt lat="37.849740" lon="127.169190" sectionIndex="0" pointIndex="5257" originalElevation="107.7" isOriginalElevationFromOSM="true"><ele>107.3</ele></trkpt>
<trkpt lat="37.849450" lon="127.168740" sectionIndex="0" pointIndex="5258" originalElevation="108.1" isOriginalElevationFromOSM="true"><ele>106.7</ele></trkpt>
<trkpt lat="37.848560" lon="127.166810" sectionIndex="0" pointIndex="5259" originalElevation="106.8" isOriginalElevationFromOSM="true"><ele>106.1</ele></trkpt>
<trkpt lat="37.848250" lon="127.166020" sectionIndex="0" pointIndex="5260" originalElevation="103.4" isOriginalElevationFromOSM="true"><ele>105.7</ele></trkpt>
<trkpt lat="37.847980" lon="127.165240" sectionIndex="0" pointIndex="5261" originalElevation="104.4" isOriginalElevationFromOSM="true"><ele>105.5</ele></trkpt>
<trkpt lat="37.847830" lon="127.165030" sectionIndex="0" pointIndex="5262" originalElevation="105.8" isOriginalElevationFromOSM="true"><ele>105.8</ele></trkpt>
<trkpt lat="37.847690" lon="127.164890" sectionIndex="0" pointIndex="5263" originalElevation="107.0" isOriginalElevationFromOSM="true"><ele>106.7</ele></trkpt>
<trkpt lat="37.847530" lon="127.164790" sectionIndex="0" pointIndex="5264" originalElevation="108.2" isOriginalElevationFromOSM="true"><ele>107.4</ele></trkpt>
<trkpt lat="37.847330" lon="127.164770" sectionIndex="0" pointIndex="5265" originalElevation="108.2" isOriginalElevationFromOSM="true"><ele>107.7</ele></trkpt>
<trkpt lat="37.847150" lon="127.164800" sectionIndex="0" pointIndex="5266" originalElevation="107.9" isOriginalElevationFromOSM="true"><ele>107.7</ele></trkpt>
<trkpt lat="37.846670" lon="127.165240" sectionIndex="0" pointIndex="5267" originalElevation="107.0" isOriginalElevationFromOSM="true"><ele>107.6</ele></trkpt>
<trkpt lat="37.846400" lon="127.165380" sectionIndex="0" pointIndex="5268" originalElevation="107.3" isOriginalElevationFromOSM="true"><ele>107.4</ele></trkpt>
<trkpt lat="37.846190" lon="127.165430" sectionIndex="0" pointIndex="5269" originalElevation="107.6" isOriginalElevationFromOSM="true"><ele>107.8</ele></trkpt>
<trkpt lat="37.845200" lon="127.165080" sectionIndex="0" pointIndex="5270" originalElevation="107.3" isOriginalElevationFromOSM="true"><ele>108.3</ele></trkpt>
<trkpt lat="37.843940" lon="127.164590" sectionIndex="0" pointIndex="5271" originalElevation="109.7" isOriginalElevationFromOSM="true"><ele>109.0</ele></trkpt>
<trkpt lat="37.843720" lon="127.164470" sectionIndex="0" pointIndex="5272" originalElevation="109.9" isOriginalElevationFromOSM="true"><ele>109.1</ele></trkpt>
<trkpt lat="37.843460" lon="127.164220" sectionIndex="0" pointIndex="5273" originalElevation="110.8" isOriginalElevationFromOSM="true"><ele>109.6</ele></trkpt>
<trkpt lat="37.842920" lon="127.163620" sectionIndex="0" pointIndex="5274" originalElevation="107.8" isOriginalElevationFromOSM="true"><ele>109.9</ele></trkpt>
<trkpt lat="37.841770" lon="127.162500" sectionIndex="0" pointIndex="5275" originalElevation="109.7" isOriginalElevationFromOSM="true"><ele>110.1</ele></trkpt>
<trkpt lat="37.841160" lon="127.162050" sectionIndex="0" pointIndex="5276" originalElevation="111.2" isOriginalElevationFromOSM="true"><ele>110.0</ele></trkpt>
<trkpt lat="37.839530" lon="127.161040" sectionIndex="0" pointIndex="5277" originalElevation="110.9" isOriginalElevationFromOSM="true"><ele>110.2</ele></trkpt>
<trkpt lat="37.838660" lon="127.160640" sectionIndex="0" pointIndex="5278" originalElevation="110.2" isOriginalElevationFromOSM="true"><ele>110.3</ele></trkpt>
<trkpt lat="37.836700" lon="127.159860" sectionIndex="0" pointIndex="5279" originalElevation="109.1" isOriginalElevationFromOSM="true"><ele>110.2</ele></trkpt>
<trkpt lat="37.836460" lon="127.159740" sectionIndex="0" pointIndex="5280" originalElevation="109.9" isOriginalElevationFromOSM="true"><ele>110.2</ele></trkpt>
<trkpt lat="37.836170" lon="127.159720" sectionIndex="0" pointIndex="5281" originalElevation="110.7" isOriginalElevationFromOSM="true"><ele>110.2</ele></trkpt>
<trkpt lat="37.835870" lon="127.159880" sectionIndex="0" pointIndex="5282" originalElevation="111.2" isOriginalElevationFromOSM="true"><ele>110.2</ele></trkpt>
<trkpt lat="37.835720" lon="127.160050" sectionIndex="0" pointIndex="5283" originalElevation="110.0" isOriginalElevationFromOSM="true"><ele>110.1</ele></trkpt>
<trkpt lat="37.835630" lon="127.160310" sectionIndex="0" pointIndex="5284" originalElevation="109.3" isOriginalElevationFromOSM="true"><ele>110.0</ele></trkpt>
<trkpt lat="37.835520" lon="127.160760" sectionIndex="0" pointIndex="5285" originalElevation="109.3" isOriginalElevationFromOSM="true"><ele>109.9</ele></trkpt>
<trkpt lat="37.835430" lon="127.160950" sectionIndex="0" pointIndex="5286" originalElevation="110.1" isOriginalElevationFromOSM="true"><ele>110.2</ele></trkpt>
<trkpt lat="37.835330" lon="127.161070" sectionIndex="0" pointIndex="5287" originalElevation="110.8" isOriginalElevationFromOSM="true"><ele>110.8</ele></trkpt>
<trkpt lat="37.835180" lon="127.161210" sectionIndex="0" pointIndex="5288" originalElevation="111.6" isOriginalElevationFromOSM="true"><ele>111.2</ele></trkpt>
<trkpt lat="37.834930" lon="127.161330" sectionIndex="0" pointIndex="5289" originalElevation="112.2" isOriginalElevationFromOSM="true"><ele>111.2</ele></trkpt>
<trkpt lat="37.834650" lon="127.161350" sectionIndex="0" pointIndex="5290" originalElevation="111.5" isOriginalElevationFromOSM="true"><ele>111.2</ele></trkpt>
<trkpt lat="37.833790" lon="127.161320" sectionIndex="0" pointIndex="5291" originalElevation="109.9" isOriginalElevationFromOSM="true"><ele>111.1</ele></trkpt>
<trkpt lat="37.832950" lon="127.161320" sectionIndex="0" pointIndex="5292" originalElevation="110.6" isOriginalElevationFromOSM="true"><ele>111.1</ele></trkpt>
<trkpt lat="37.832380" lon="127.161320" sectionIndex="0" pointIndex="5293" originalElevation="111.3" isOriginalElevationFromOSM="true"><ele>111.4</ele></trkpt>
<trkpt lat="37.831210" lon="127.161410" sectionIndex="0" pointIndex="5294" originalElevation="112.4" isOriginalElevationFromOSM="true"><ele>112.1</ele></trkpt>
<trkpt lat="37.830560" lon="127.161410" sectionIndex="0" pointIndex="5295" originalElevation="112.9" isOriginalElevationFromOSM="true"><ele>112.6</ele></trkpt>
<trkpt lat="37.829410" lon="127.161270" sectionIndex="0" pointIndex="5296" originalElevation="113.3" isOriginalElevationFromOSM="true"><ele>114.7</ele></trkpt>
<trkpt lat="37.828810" lon="127.161220" sectionIndex="0" pointIndex="5297" originalElevation="113.1" isOriginalElevationFromOSM="true"><ele>116.8</ele></trkpt>
<trkpt lat="37.819770" lon="127.160980" sectionIndex="0" pointIndex="5298" originalElevation="121.7" isOriginalElevationFromOSM="true"><ele>118.9</ele></trkpt>
<trkpt lat="37.819470" lon="127.160850" sectionIndex="0" pointIndex="5299" originalElevation="122.8" isOriginalElevationFromOSM="true"><ele>121.0</ele></trkpt>
<trkpt lat="37.819250" lon="127.160640" sectionIndex="0" pointIndex="5300" originalElevation="123.6" isOriginalElevationFromOSM="true"><ele>123.7</ele></trkpt>
<trkpt lat="37.819040" lon="127.160350" sectionIndex="0" pointIndex="5301" originalElevation="123.6" isOriginalElevationFromOSM="true"><ele>123.7</ele></trkpt>
<trkpt lat="37.818000" lon="127.157930" sectionIndex="0" pointIndex="5302" originalElevation="126.8" isOriginalElevationFromOSM="true"><ele>123.9</ele></trkpt>
<trkpt lat="37.817040" lon="127.156290" sectionIndex="0" pointIndex="5303" originalElevation="121.9" isOriginalElevationFromOSM="true"><ele>123.7</ele></trkpt>
<trkpt lat="37.816800" lon="127.155680" sectionIndex="0" pointIndex="5304" originalElevation="123.5" isOriginalElevationFromOSM="true"><ele>123.5</ele></trkpt>
<trkpt lat="37.816760" lon="127.154810" sectionIndex="0" pointIndex="5305" originalElevation="122.7" isOriginalElevationFromOSM="true"><ele>123.2</ele></trkpt>
<trkpt lat="37.816760" lon="127.153490" sectionIndex="0" pointIndex="5306" originalElevation="122.8" isOriginalElevationFromOSM="true"><ele>124.3</ele></trkpt>
<trkpt lat="37.816520" lon="127.152950" sectionIndex="0" pointIndex="5307" originalElevation="125.1" isOriginalElevationFromOSM="true"><ele>125.8</ele></trkpt>
<trkpt lat="37.815840" lon="127.152080" sectionIndex="0" pointIndex="5308" originalElevation="127.5" isOriginalElevationFromOSM="true"><ele>129.3</ele></trkpt>
<trkpt lat="37.814860" lon="127.150970" sectionIndex="0" pointIndex="5309" originalElevation="131.2" isOriginalElevationFromOSM="true"><ele>133.6</ele></trkpt>
<trkpt lat="37.814290" lon="127.150290" sectionIndex="0" pointIndex="5310" originalElevation="140.2" isOriginalElevationFromOSM="true"><ele>133.8</ele></trkpt>
<trkpt lat="37.814010" lon="127.149470" sectionIndex="0" pointIndex="5311" originalElevation="144.0" isOriginalElevationFromOSM="true"><ele>133.4</ele></trkpt>
<trkpt lat="37.813290" lon="127.146190" sectionIndex="0" pointIndex="5312" originalElevation="126.0" isOriginalElevationFromOSM="true"><ele>131.8</ele></trkpt>
<trkpt lat="37.813190" lon="127.145850" sectionIndex="0" pointIndex="5313" originalElevation="125.5" isOriginalElevationFromOSM="true"><ele>129.0</ele></trkpt>
<trkpt lat="37.812850" lon="127.144730" sectionIndex="0" pointIndex="5314" originalElevation="123.1" isOriginalElevationFromOSM="true"><ele>125.5</ele></trkpt>
<trkpt lat="37.812560" lon="127.143900" sectionIndex="0" pointIndex="5315" originalElevation="126.2" isOriginalElevationFromOSM="true"><ele>125.6</ele></trkpt>
<trkpt lat="37.812330" lon="127.143400" sectionIndex="0" pointIndex="5316" originalElevation="126.7" isOriginalElevationFromOSM="true"><ele>125.5</ele></trkpt>
<trkpt lat="37.812020" lon="127.142890" sectionIndex="0" pointIndex="5317" originalElevation="126.6" isOriginalElevationFromOSM="true"><ele>126.0</ele></trkpt>
<trkpt lat="37.811600" lon="127.142150" sectionIndex="0" pointIndex="5318" originalElevation="124.9" isOriginalElevationFromOSM="true"><ele>125.5</ele></trkpt>
<trkpt lat="37.810180" lon="127.139580" sectionIndex="0" pointIndex="5319" originalElevation="125.8" isOriginalElevationFromOSM="true"><ele>124.9</ele></trkpt>
<trkpt lat="37.809510" lon="127.138500" sectionIndex="0" pointIndex="5320" originalElevation="123.4" isOriginalElevationFromOSM="true"><ele>124.9</ele></trkpt>
<trkpt lat="37.808970" lon="127.137800" sectionIndex="0" pointIndex="5321" originalElevation="124.0" isOriginalElevationFromOSM="true"><ele>125.2</ele></trkpt>
<trkpt lat="37.808420" lon="127.137390" sectionIndex="0" pointIndex="5322" originalElevation="126.2" isOriginalElevationFromOSM="true"><ele>125.5</ele></trkpt>
<trkpt lat="37.806910" lon="127.136750" sectionIndex="0" pointIndex="5323" originalElevation="126.5" isOriginalElevationFromOSM="true"><ele>126.4</ele></trkpt>
<trkpt lat="37.806370" lon="127.136490" sectionIndex="0" pointIndex="5324" originalElevation="127.2" isOriginalElevationFromOSM="true"><ele>127.5</ele></trkpt>
<trkpt lat="37.805970" lon="127.136300" sectionIndex="0" pointIndex="5325" originalElevation="128.1" isOriginalElevationFromOSM="true"><ele>128.2</ele></trkpt>
<trkpt lat="37.805110" lon="127.135810" sectionIndex="0" pointIndex="5326" originalElevation="129.7" isOriginalElevationFromOSM="true"><ele>128.9</ele></trkpt>
<trkpt lat="37.804830" lon="127.135480" sectionIndex="0" pointIndex="5327" originalElevation="129.5" isOriginalElevationFromOSM="true"><ele>129.8</ele></trkpt>
<trkpt lat="37.804410" lon="127.135020" sectionIndex="0" pointIndex="5328" originalElevation="129.9" isOriginalElevationFromOSM="true"><ele>130.8</ele></trkpt>
<trkpt lat="37.803060" lon="127.134190" sectionIndex="0" pointIndex="5329" originalElevation="132.1" isOriginalElevationFromOSM="true"><ele>131.2</ele></trkpt>
<trkpt lat="37.802370" lon="127.133980" sectionIndex="0" pointIndex="5330" originalElevation="132.6" isOriginalElevationFromOSM="true"><ele>133.5</ele></trkpt>
<trkpt lat="37.801570" lon="127.133920" sectionIndex="0" pointIndex="5331" originalElevation="132.1" isOriginalElevationFromOSM="true"><ele>136.4</ele></trkpt>
<trkpt lat="37.797130" lon="127.134490" sectionIndex="0" pointIndex="5332" originalElevation="140.8" isOriginalElevationFromOSM="true"><ele>139.5</ele></trkpt>
<trkpt lat="37.796470" lon="127.134660" sectionIndex="0" pointIndex="5333" originalElevation="144.3" isOriginalElevationFromOSM="true"><ele>142.6</ele></trkpt>
<trkpt lat="37.795410" lon="127.134920" sectionIndex="0" pointIndex="5334" originalElevation="147.7" isOriginalElevationFromOSM="true"><ele>145.0</ele></trkpt>
<trkpt lat="37.794870" lon="127.134900" sectionIndex="0" pointIndex="5335" originalElevation="148.0" isOriginalElevationFromOSM="true"><ele>145.1</ele></trkpt>
<trkpt lat="37.793820" lon="127.134680" sectionIndex="0" pointIndex="5336" originalElevation="144.1" isOriginalElevationFromOSM="true"><ele>144.0</ele></trkpt>
<trkpt lat="37.792830" lon="127.134280" sectionIndex="0" pointIndex="5337" originalElevation="141.4" isOriginalElevationFromOSM="true"><ele>141.9</ele></trkpt>
<trkpt lat="37.792470" lon="127.134100" sectionIndex="0" pointIndex="5338" originalElevation="138.7" isOriginalElevationFromOSM="true"><ele>139.8</ele></trkpt>
<trkpt lat="37.792240" lon="127.133910" sectionIndex="0" pointIndex="5339" originalElevation="137.6" isOriginalElevationFromOSM="true"><ele>138.3</ele></trkpt>
<trkpt lat="37.792140" lon="127.133790" sectionIndex="0" pointIndex="5340" originalElevation="137.1" isOriginalElevationFromOSM="true"><ele>137.3</ele></trkpt>
<trkpt lat="37.792000" lon="127.133590" sectionIndex="0" pointIndex="5341" originalElevation="136.7" isOriginalElevationFromOSM="true"><ele>137.1</ele></trkpt>
<trkpt lat="37.791540" lon="127.132370" sectionIndex="0" pointIndex="5342" originalElevation="136.6" isOriginalElevationFromOSM="true"><ele>137.2</ele></trkpt>
<trkpt lat="37.791380" lon="127.132060" sectionIndex="0" pointIndex="5343" originalElevation="137.5" isOriginalElevationFromOSM="true"><ele>137.5</ele></trkpt>
<trkpt lat="37.791270" lon="127.131890" sectionIndex="0" pointIndex="5344" originalElevation="138.1" isOriginalElevationFromOSM="true"><ele>138.2</ele></trkpt>
<trkpt lat="37.791140" lon="127.131770" sectionIndex="0" pointIndex="5345" originalElevation="138.8" isOriginalElevationFromOSM="true"><ele>138.9</ele></trkpt>
<trkpt lat="37.790860" lon="127.131550" sectionIndex="0" pointIndex="5346" originalElevation="140.1" isOriginalElevationFromOSM="true"><ele>139.5</ele></trkpt>
<trkpt lat="37.790880" lon="127.131480" sectionIndex="0" pointIndex="5347" originalElevation="140.2" isOriginalElevationFromOSM="true"><ele>140.0</ele></trkpt>
<trkpt lat="37.790870" lon="127.131440" sectionIndex="0" pointIndex="5348" originalElevation="140.3" isOriginalElevationFromOSM="true"><ele>140.4</ele></trkpt>
<trkpt lat="37.790840" lon="127.131390" sectionIndex="0" pointIndex="5349" originalElevation="140.6" isOriginalElevationFromOSM="true"><ele>140.6</ele></trkpt>
<trkpt lat="37.790760" lon="127.131350" sectionIndex="0" pointIndex="5350" originalElevation="141.0" isOriginalElevationFromOSM="true"><ele>140.8</ele></trkpt>
<trkpt lat="37.790700" lon="127.131390" sectionIndex="0" pointIndex="5351" originalElevation="141.1" isOriginalElevationFromOSM="true"><ele>141.7</ele></trkpt>
<trkpt lat="37.790680" lon="127.131420" sectionIndex="0" pointIndex="5352" originalElevation="141.1" isOriginalElevationFromOSM="true"><ele>142.7</ele></trkpt>
<trkpt lat="37.790110" lon="127.131130" sectionIndex="0" pointIndex="5353" originalElevation="144.6" isOriginalElevationFromOSM="true"><ele>143.7</ele></trkpt>
<trkpt lat="37.790000" lon="127.131050" sectionIndex="0" pointIndex="5354" originalElevation="145.6" isOriginalElevationFromOSM="true"><ele>144.9</ele></trkpt>
<trkpt lat="37.789910" lon="127.130960" sectionIndex="0" pointIndex="5355" originalElevation="146.3" isOriginalElevationFromOSM="true"><ele>145.4</ele></trkpt>
<trkpt lat="37.789820" lon="127.130810" sectionIndex="0" pointIndex="5356" originalElevation="147.2" isOriginalElevationFromOSM="true"><ele>144.9</ele></trkpt>
<trkpt lat="37.789300" lon="127.129780" sectionIndex="0" pointIndex="5357" originalElevation="143.5" isOriginalElevationFromOSM="true"><ele>143.7</ele></trkpt>
<trkpt lat="37.789070" lon="127.129400" sectionIndex="0" pointIndex="5358" originalElevation="142.1" isOriginalElevationFromOSM="true"><ele>141.5</ele></trkpt>
<trkpt lat="37.788520" lon="127.128730" sectionIndex="0" pointIndex="5359" originalElevation="139.3" isOriginalElevationFromOSM="true"><ele>139.1</ele></trkpt>
<trkpt lat="37.788070" lon="127.128210" sectionIndex="0" pointIndex="5360" originalElevation="135.6" isOriginalElevationFromOSM="true"><ele>137.6</ele></trkpt>
<trkpt lat="37.787360" lon="127.127340" sectionIndex="0" pointIndex="5361" originalElevation="134.8" isOriginalElevationFromOSM="true"><ele>136.4</ele></trkpt>
<trkpt lat="37.786900" lon="127.126770" sectionIndex="0" pointIndex="5362" originalElevation="136.4" isOriginalElevationFromOSM="true"><ele>136.0</ele></trkpt>
<trkpt lat="37.786160" lon="127.125960" sectionIndex="0" pointIndex="5363" originalElevation="135.9" isOriginalElevationFromOSM="true"><ele>136.6</ele></trkpt>
<trkpt lat="37.785520" lon="127.125270" sectionIndex="0" pointIndex="5364" originalElevation="137.5" isOriginalElevationFromOSM="true"><ele>137.7</ele></trkpt>
<trkpt lat="37.785130" lon="127.124880" sectionIndex="0" pointIndex="5365" originalElevation="138.3" isOriginalElevationFromOSM="true"><ele>138.9</ele></trkpt>
<trkpt lat="37.784430" lon="127.124240" sectionIndex="0" pointIndex="5366" originalElevation="140.6" isOriginalElevationFromOSM="true"><ele>140.6</ele></trkpt>
<trkpt lat="37.783230" lon="127.123240" sectionIndex="0" pointIndex="5367" originalElevation="142.3" isOriginalElevationFromOSM="true"><ele>142.4</ele></trkpt>
<trkpt lat="37.782850" lon="127.122890" sectionIndex="0" pointIndex="5368" originalElevation="144.4" isOriginalElevationFromOSM="true"><ele>144.6</ele></trkpt>
<trkpt lat="37.782550" lon="127.122610" sectionIndex="0" pointIndex="5369" originalElevation="146.4" isOriginalElevationFromOSM="true"><ele>147.2</ele></trkpt>
<trkpt lat="37.781980" lon="127.121990" sectionIndex="0" pointIndex="5370" originalElevation="149.4" isOriginalElevationFromOSM="true"><ele>149.7</ele></trkpt>
<trkpt lat="37.781460" lon="127.121330" sectionIndex="0" pointIndex="5371" originalElevation="153.7" isOriginalElevationFromOSM="true"><ele>151.8</ele></trkpt>
<trkpt lat="37.781150" lon="127.120900" sectionIndex="0" pointIndex="5372" originalElevation="154.4" isOriginalElevationFromOSM="true"><ele>153.3</ele></trkpt>
<trkpt lat="37.781020" lon="127.120700" sectionIndex="0" pointIndex="5373" originalElevation="155.2" isOriginalElevationFromOSM="true"><ele>154.3</ele></trkpt>
<trkpt lat="37.780203" lon="127.119390" sectionIndex="0" pointIndex="5374" originalElevation="154.0" isOriginalElevationFromOSM="false"><ele>154.3</ele></trkpt>
<trkpt lat="37.780180" lon="127.119341" sectionIndex="0" pointIndex="5375" originalElevation="154.0" isOriginalElevationFromOSM="false"><ele>154.2</ele></trkpt>
<trkpt lat="37.780157" lon="127.119292" sectionIndex="0" pointIndex="5376" originalElevation="154.0" isOriginalElevationFromOSM="false"><ele>154.0</ele></trkpt>
<trkpt lat="37.780134" lon="127.119243" sectionIndex="0" pointIndex="5377" originalElevation="154.0" isOriginalElevationFromOSM="false"><ele>154.0</ele></trkpt>
<trkpt lat="37.780111" lon="127.119194" sectionIndex="0" pointIndex="5378" originalElevation="154.0" isOriginalElevationFromOSM="false"><ele>154.0</ele></trkpt>
<trkpt lat="37.780088" lon="127.119145" sectionIndex="0" pointIndex="5379" originalElevation="154.0" isOriginalElevationFromOSM="false"><ele>154.0</ele></trkpt>
<trkpt lat="37.780065" lon="127.119096" sectionIndex="0" pointIndex="5380" originalElevation="154.0" isOriginalElevationFromOSM="false"><ele>154.0</ele></trkpt>
<trkpt lat="37.780042" lon="127.119047" sectionIndex="0" pointIndex="5381" originalElevation="154.0" isOriginalElevationFromOSM="false"><ele>154.0</ele></trkpt>
<trkpt lat="37.780019" lon="127.118998" sectionIndex="0" pointIndex="5382" originalElevation="154.0" isOriginalElevationFromOSM="false"><ele>154.0</ele></trkpt>
<trkpt lat="37.779996" lon="127.118950" sectionIndex="0" pointIndex="5383" originalElevation="154.0" isOriginalElevationFromOSM="false"><ele>154.0</ele></trkpt>
<trkpt lat="37.779973" lon="127.118901" sectionIndex="0" pointIndex="5384" originalElevation="154.0" isOriginalElevationFromOSM="false"><ele>154.0</ele></trkpt>
<trkpt lat="37.779951" lon="127.118852" sectionIndex="0" pointIndex="5385" originalElevation="154.0" isOriginalElevationFromOSM="false"><ele>154.0</ele></trkpt>
<trkpt lat="37.779928" lon="127.118803" sectionIndex="0" pointIndex="5386" originalElevation="154.0" isOriginalElevationFromOSM="false"><ele>153.8</ele></trkpt>
<trkpt lat="37.779905" lon="127.118754" sectionIndex="0" pointIndex="5387" originalElevation="154.0" isOriginalElevationFromOSM="false"><ele>153.6</ele></trkpt>
<trkpt lat="37.779882" lon="127.118705" sectionIndex="0" pointIndex="5388" originalElevation="153.0" isOriginalElevationFromOSM="false"><ele>153.4</ele></trkpt>
<trkpt lat="37.779859" lon="127.118656" sectionIndex="0" pointIndex="5389" originalElevation="153.0" isOriginalElevationFromOSM="false"><ele>153.2</ele></trkpt>
<trkpt lat="37.779836" lon="127.118607" sectionIndex="0" pointIndex="5390" originalElevation="153.0" isOriginalElevationFromOSM="false"><ele>153.0</ele></trkpt>
<trkpt lat="37.779813" lon="127.118558" sectionIndex="0" pointIndex="5391" originalElevation="153.0" isOriginalElevationFromOSM="false"><ele>153.0</ele></trkpt>
<trkpt lat="37.779790" lon="127.118510" sectionIndex="0" pointIndex="5392" originalElevation="153.0" isOriginalElevationFromOSM="false"><ele>153.0</ele></trkpt>
<trkpt lat="37.779767" lon="127.118461" sectionIndex="0" pointIndex="5393" originalElevation="153.0" isOriginalElevationFromOSM="false"><ele>153.0</ele></trkpt>
<trkpt lat="37.779744" lon="127.118412" sectionIndex="0" pointIndex="5394" originalElevation="153.0" isOriginalElevationFromOSM="false"><ele>153.0</ele></trkpt>
<trkpt lat="37.779721" lon="127.118363" sectionIndex="0" pointIndex="5395" originalElevation="153.0" isOriginalElevationFromOSM="false"><ele>157.8</ele></trkpt>
<trkpt lat="37.779713" lon="127.118344" sectionIndex="0" pointIndex="5396" originalElevation="153.0" isOriginalElevationFromOSM="false"><ele>162.6</ele></trkpt>
<trkpt lat="37.778869" lon="127.116814" sectionIndex="0" pointIndex="5397" originalElevation="177.0" isOriginalElevationFromOSM="false"><ele>163.8</ele></trkpt>
<trkpt lat="37.778867" lon="127.116809" sectionIndex="0" pointIndex="5398" originalElevation="177.0" isOriginalElevationFromOSM="false"><ele>165.0</ele></trkpt>
<trkpt lat="37.778406" lon="127.116008" sectionIndex="0" pointIndex="5399" originalElevation="159.0" isOriginalElevationFromOSM="false"><ele>166.2</ele></trkpt>
<trkpt lat="37.778405" lon="127.116003" sectionIndex="0" pointIndex="5400" originalElevation="159.0" isOriginalElevationFromOSM="false"><ele>162.6</ele></trkpt>
<trkpt lat="37.778395" lon="127.115948" sectionIndex="0" pointIndex="5401" originalElevation="159.0" isOriginalElevationFromOSM="false"><ele>159.0</ele></trkpt>
<trkpt lat="37.778386" lon="127.115892" sectionIndex="0" pointIndex="5402" originalElevation="159.0" isOriginalElevationFromOSM="false"><ele>159.0</ele></trkpt>
<trkpt lat="37.778377" lon="127.115837" sectionIndex="0" pointIndex="5403" originalElevation="159.0" isOriginalElevationFromOSM="false"><ele>159.0</ele></trkpt>
<trkpt lat="37.778367" lon="127.115781" sectionIndex="0" pointIndex="5404" originalElevation="159.0" isOriginalElevationFromOSM="false"><ele>159.0</ele></trkpt>
<trkpt lat="37.778358" lon="127.115725" sectionIndex="0" pointIndex="5405" originalElevation="159.0" isOriginalElevationFromOSM="false"><ele>159.0</ele></trkpt>
<trkpt lat="37.778356" lon="127.115714" sectionIndex="0" pointIndex="5406" originalElevation="159.0" isOriginalElevationFromOSM="false"><ele>159.0</ele></trkpt>
<trkpt lat="37.778389" lon="127.115675" sectionIndex="0" pointIndex="5407" originalElevation="159.0" isOriginalElevationFromOSM="false"><ele>159.0</ele></trkpt>
<trkpt lat="37.778421" lon="127.115635" sectionIndex="0" pointIndex="5408" originalElevation="159.0" isOriginalElevationFromOSM="false"><ele>159.0</ele></trkpt>
<trkpt lat="37.778453" lon="127.115596" sectionIndex="0" pointIndex="5409" originalElevation="159.0" isOriginalElevationFromOSM="false"><ele>159.0</ele></trkpt>
<trkpt lat="37.778486" lon="127.115556" sectionIndex="0" pointIndex="5410" originalElevation="159.0" isOriginalElevationFromOSM="false"><ele>159.0</ele></trkpt>
<trkpt lat="37.778518" lon="127.115517" sectionIndex="0" pointIndex="5411" originalElevation="159.0" isOriginalElevationFromOSM="false"><ele>159.0</ele></trkpt>
<trkpt lat="37.778550" lon="127.115477" sectionIndex="0" pointIndex="5412" originalElevation="159.0" isOriginalElevationFromOSM="false"><ele>159.0</ele></trkpt>
<trkpt lat="37.778582" lon="127.115438" sectionIndex="0" pointIndex="5413" originalElevation="159.0" isOriginalElevationFromOSM="false"><ele>159.4</ele></trkpt>
<trkpt lat="37.778602" lon="127.115414" sectionIndex="0" pointIndex="5414" originalElevation="159.0" isOriginalElevationFromOSM="false"><ele>159.8</ele></trkpt>
<trkpt lat="37.777642" lon="127.114261" sectionIndex="0" pointIndex="5415" originalElevation="161.0" isOriginalElevationFromOSM="false"><ele>158.8</ele></trkpt>
<trkpt lat="37.777310" lon="127.113850" sectionIndex="0" pointIndex="5416" originalElevation="161.3" isOriginalElevationFromOSM="true"><ele>156.7</ele></trkpt>
<trkpt lat="37.775780" lon="127.112220" sectionIndex="0" pointIndex="5417" originalElevation="153.6" isOriginalElevationFromOSM="true"><ele>154.3</ele></trkpt>
<trkpt lat="37.775350" lon="127.111710" sectionIndex="0" pointIndex="5418" originalElevation="148.8" isOriginalElevationFromOSM="true"><ele>150.8</ele></trkpt>
<trkpt lat="37.774940" lon="127.111190" sectionIndex="0" pointIndex="5419" originalElevation="146.6" isOriginalElevationFromOSM="true"><ele>146.1</ele></trkpt>
<trkpt lat="37.774130" lon="127.109950" sectionIndex="0" pointIndex="5420" originalElevation="143.5" isOriginalElevationFromOSM="true"><ele>139.7</ele></trkpt>
<trkpt lat="37.773840" lon="127.109370" sectionIndex="0" pointIndex="5421" originalElevation="137.8" isOriginalElevationFromOSM="true"><ele>133.8</ele></trkpt>
<trkpt lat="37.773440" lon="127.108220" sectionIndex="0" pointIndex="5422" originalElevation="121.9" isOriginalElevationFromOSM="true"><ele>127.4</ele></trkpt>
<trkpt lat="37.773300" lon="127.107700" sectionIndex="0" pointIndex="5423" originalElevation="119.0" isOriginalElevationFromOSM="true"><ele>121.3</ele></trkpt>
<trkpt lat="37.773100" lon="127.106790" sectionIndex="0" pointIndex="5424" originalElevation="114.8" isOriginalElevationFromOSM="true"><ele>115.7</ele></trkpt>
<trkpt lat="37.772970" lon="127.106350" sectionIndex="0" pointIndex="5425" originalElevation="113.1" isOriginalElevationFromOSM="true"><ele>111.8</ele></trkpt>
<trkpt lat="37.772810" lon="127.105940" sectionIndex="0" pointIndex="5426" originalElevation="109.6" isOriginalElevationFromOSM="true"><ele>107.1</ele></trkpt>
<trkpt lat="37.772140" lon="127.104740" sectionIndex="0" pointIndex="5427" originalElevation="102.5" isOriginalElevationFromOSM="true"><ele>101.9</ele></trkpt>
<trkpt lat="37.771440" lon="127.103520" sectionIndex="0" pointIndex="5428" originalElevation="95.6" isOriginalElevationFromOSM="true"><ele>96.8</ele></trkpt>
<trkpt lat="37.770610" lon="127.102050" sectionIndex="0" pointIndex="5429" originalElevation="88.7" isOriginalElevationFromOSM="true"><ele>92.0</ele></trkpt>
<trkpt lat="37.770390" lon="127.101720" sectionIndex="0" pointIndex="5430" originalElevation="87.8" isOriginalElevationFromOSM="true"><ele>88.1</ele></trkpt>
<trkpt lat="37.769650" lon="127.100960" sectionIndex="0" pointIndex="5431" originalElevation="85.5" isOriginalElevationFromOSM="true"><ele>85.6</ele></trkpt>
<trkpt lat="37.769360" lon="127.100630" sectionIndex="0" pointIndex="5432" originalElevation="83.0" isOriginalElevationFromOSM="true"><ele>83.8</ele></trkpt>
<trkpt lat="37.768620" lon="127.099530" sectionIndex="0" pointIndex="5433" originalElevation="83.1" isOriginalElevationFromOSM="true"><ele>79.9</ele></trkpt>
<trkpt lat="37.767910" lon="127.098340" sectionIndex="0" pointIndex="5434" originalElevation="79.6" isOriginalElevationFromOSM="true"><ele>76.1</ele></trkpt>
<trkpt lat="37.766630" lon="127.096380" sectionIndex="0" pointIndex="5435" originalElevation="68.2" isOriginalElevationFromOSM="true"><ele>71.7</ele></trkpt>
<trkpt lat="37.765940" lon="127.095190" sectionIndex="0" pointIndex="5436" originalElevation="66.5" isOriginalElevationFromOSM="true"><ele>67.4</ele></trkpt>
<trkpt lat="37.764700" lon="127.092930" sectionIndex="0" pointIndex="5437" originalElevation="61.2" isOriginalElevationFromOSM="true"><ele>63.7</ele></trkpt>
<trkpt lat="37.762770" lon="127.089580" sectionIndex="0" pointIndex="5438" originalElevation="61.7" isOriginalElevationFromOSM="true"><ele>62.2</ele></trkpt>
<trkpt lat="37.762620" lon="127.089310" sectionIndex="0" pointIndex="5439" originalElevation="60.8" isOriginalElevationFromOSM="true"><ele>61.0</ele></trkpt>
<trkpt lat="37.762180" lon="127.088570" sectionIndex="0" pointIndex="5440" originalElevation="60.7" isOriginalElevationFromOSM="true"><ele>60.9</ele></trkpt>
<trkpt lat="37.761780" lon="127.088000" sectionIndex="0" pointIndex="5441" originalElevation="60.8" isOriginalElevationFromOSM="true"><ele>60.9</ele></trkpt>
<trkpt lat="37.761030" lon="127.087190" sectionIndex="0" pointIndex="5442" originalElevation="60.6" isOriginalElevationFromOSM="true"><ele>61.1</ele></trkpt>
<trkpt lat="37.760720" lon="127.086900" sectionIndex="0" pointIndex="5443" originalElevation="61.5" isOriginalElevationFromOSM="true"><ele>61.4</ele></trkpt>
<trkpt lat="37.760540" lon="127.086720" sectionIndex="0" pointIndex="5444" originalElevation="62.0" isOriginalElevationFromOSM="true"><ele>61.6</ele></trkpt>
<trkpt lat="37.760270" lon="127.086400" sectionIndex="0" pointIndex="5445" originalElevation="62.0" isOriginalElevationFromOSM="true"><ele>61.7</ele></trkpt>
<trkpt lat="37.760070" lon="127.086120" sectionIndex="0" pointIndex="5446" originalElevation="61.7" isOriginalElevationFromOSM="true"><ele>61.3</ele></trkpt>
<trkpt lat="37.759880" lon="127.085770" sectionIndex="0" pointIndex="5447" originalElevation="61.5" isOriginalElevationFromOSM="true"><ele>59.7</ele></trkpt>
<trkpt lat="37.759670" lon="127.085210" sectionIndex="0" pointIndex="5448" originalElevation="59.5" isOriginalElevationFromOSM="true"><ele>58.1</ele></trkpt>
<trkpt lat="37.759220" lon="127.083841" sectionIndex="0" pointIndex="5449" originalElevation="54.0" isOriginalElevationFromOSM="false"><ele>56.6</ele></trkpt>
<trkpt lat="37.759199" lon="127.083790" sectionIndex="0" pointIndex="5450" originalElevation="54.0" isOriginalElevationFromOSM="false"><ele>55.1</ele></trkpt>
<trkpt lat="37.759179" lon="127.083739" sectionIndex="0" pointIndex="5451" originalElevation="54.0" isOriginalElevationFromOSM="false"><ele>54.0</ele></trkpt>
<trkpt lat="37.759159" lon="127.083688" sectionIndex="0" pointIndex="5452" originalElevation="54.0" isOriginalElevationFromOSM="false"><ele>54.0</ele></trkpt>
<trkpt lat="37.759139" lon="127.083637" sectionIndex="0" pointIndex="5453" originalElevation="54.0" isOriginalElevationFromOSM="false"><ele>54.0</ele></trkpt>
<trkpt lat="37.759119" lon="127.083586" sectionIndex="0" pointIndex="5454" originalElevation="54.0" isOriginalElevationFromOSM="false"><ele>54.0</ele></trkpt>
<trkpt lat="37.759099" lon="127.083535" sectionIndex="0" pointIndex="5455" originalElevation="54.0" isOriginalElevationFromOSM="false"><ele>54.0</ele></trkpt>
<trkpt lat="37.759079" lon="127.083485" sectionIndex="0" pointIndex="5456" originalElevation="54.0" isOriginalElevationFromOSM="false"><ele>54.0</ele></trkpt>
<trkpt lat="37.759059" lon="127.083434" sectionIndex="0" pointIndex="5457" originalElevation="54.0" isOriginalElevationFromOSM="false"><ele>56.0</ele></trkpt>
<trkpt lat="37.759039" lon="127.083383" sectionIndex="0" pointIndex="5458" originalElevation="54.0" isOriginalElevationFromOSM="false"><ele>58.0</ele></trkpt>
<trkpt lat="37.759019" lon="127.083332" sectionIndex="0" pointIndex="5459" originalElevation="64.0" isOriginalElevationFromOSM="false"><ele>60.0</ele></trkpt>
<trkpt lat="37.758999" lon="127.083281" sectionIndex="0" pointIndex="5460" originalElevation="64.0" isOriginalElevationFromOSM="false"><ele>62.0</ele></trkpt>
<trkpt lat="37.758979" lon="127.083230" sectionIndex="0" pointIndex="5461" originalElevation="64.0" isOriginalElevationFromOSM="false"><ele>64.0</ele></trkpt>
<trkpt lat="37.758959" lon="127.083179" sectionIndex="0" pointIndex="5462" originalElevation="64.0" isOriginalElevationFromOSM="false"><ele>64.0</ele></trkpt>
<trkpt lat="37.758939" lon="127.083129" sectionIndex="0" pointIndex="5463" originalElevation="64.0" isOriginalElevationFromOSM="false"><ele>64.0</ele></trkpt>
<trkpt lat="37.758919" lon="127.083078" sectionIndex="0" pointIndex="5464" originalElevation="64.0" isOriginalElevationFromOSM="false"><ele>64.0</ele></trkpt>
<trkpt lat="37.758899" lon="127.083027" sectionIndex="0" pointIndex="5465" originalElevation="64.0" isOriginalElevationFromOSM="false"><ele>64.0</ele></trkpt>
<trkpt lat="37.758879" lon="127.082976" sectionIndex="0" pointIndex="5466" originalElevation="64.0" isOriginalElevationFromOSM="false"><ele>64.0</ele></trkpt>
<trkpt lat="37.758859" lon="127.082925" sectionIndex="0" pointIndex="5467" originalElevation="64.0" isOriginalElevationFromOSM="false"><ele>64.0</ele></trkpt>
<trkpt lat="37.758839" lon="127.082874" sectionIndex="0" pointIndex="5468" originalElevation="64.0" isOriginalElevationFromOSM="false"><ele>64.0</ele></trkpt>
<trkpt lat="37.758819" lon="127.082823" sectionIndex="0" pointIndex="5469" originalElevation="64.0" isOriginalElevationFromOSM="false"><ele>64.0</ele></trkpt>
<trkpt lat="37.758799" lon="127.082773" sectionIndex="0" pointIndex="5470" originalElevation="64.0" isOriginalElevationFromOSM="false"><ele>64.0</ele></trkpt>
<trkpt lat="37.758779" lon="127.082722" sectionIndex="0" pointIndex="5471" originalElevation="64.0" isOriginalElevationFromOSM="false"><ele>64.0</ele></trkpt>
<trkpt lat="37.758759" lon="127.082671" sectionIndex="0" pointIndex="5472" originalElevation="64.0" isOriginalElevationFromOSM="false"><ele>64.0</ele></trkpt>
<trkpt lat="37.758739" lon="127.082620" sectionIndex="0" pointIndex="5473" originalElevation="64.0" isOriginalElevationFromOSM="false"><ele>64.0</ele></trkpt>
<trkpt lat="37.758736" lon="127.082613" sectionIndex="0" pointIndex="5474" originalElevation="64.0" isOriginalElevationFromOSM="false"><ele>64.0</ele></trkpt>
<trkpt lat="37.758708" lon="127.082569" sectionIndex="0" pointIndex="5475" originalElevation="64.0" isOriginalElevationFromOSM="false"><ele>64.0</ele></trkpt>
<trkpt lat="37.758681" lon="127.082524" sectionIndex="0" pointIndex="5476" originalElevation="64.0" isOriginalElevationFromOSM="false"><ele>64.0</ele></trkpt>
<trkpt lat="37.758653" lon="127.082480" sectionIndex="0" pointIndex="5477" originalElevation="64.0" isOriginalElevationFromOSM="false"><ele>64.0</ele></trkpt>
<trkpt lat="37.758625" lon="127.082435" sectionIndex="0" pointIndex="5478" originalElevation="64.0" isOriginalElevationFromOSM="false"><ele>64.0</ele></trkpt>
<trkpt lat="37.758597" lon="127.082391" sectionIndex="0" pointIndex="5479" originalElevation="64.0" isOriginalElevationFromOSM="false"><ele>64.0</ele></trkpt>
<trkpt lat="37.758569" lon="127.082346" sectionIndex="0" pointIndex="5480" originalElevation="64.0" isOriginalElevationFromOSM="false"><ele>64.0</ele></trkpt>
<trkpt lat="37.758541" lon="127.082302" sectionIndex="0" pointIndex="5481" originalElevation="64.0" isOriginalElevationFromOSM="false"><ele>64.0</ele></trkpt>
<trkpt lat="37.758513" lon="127.082257" sectionIndex="0" pointIndex="5482" originalElevation="64.0" isOriginalElevationFromOSM="false"><ele>64.0</ele></trkpt>
<trkpt lat="37.758485" lon="127.082212" sectionIndex="0" pointIndex="5483" originalElevation="64.0" isOriginalElevationFromOSM="false"><ele>64.0</ele></trkpt>
<trkpt lat="37.758458" lon="127.082168" sectionIndex="0" pointIndex="5484" originalElevation="64.0" isOriginalElevationFromOSM="false"><ele>64.0</ele></trkpt>
<trkpt lat="37.758430" lon="127.082123" sectionIndex="0" pointIndex="5485" originalElevation="64.0" isOriginalElevationFromOSM="false"><ele>64.0</ele></trkpt>
<trkpt lat="37.758402" lon="127.082079" sectionIndex="0" pointIndex="5486" originalElevation="64.0" isOriginalElevationFromOSM="false"><ele>64.0</ele></trkpt>
<trkpt lat="37.758374" lon="127.082034" sectionIndex="0" pointIndex="5487" originalElevation="64.0" isOriginalElevationFromOSM="false"><ele>60.2</ele></trkpt>
<trkpt lat="37.758346" lon="127.081990" sectionIndex="0" pointIndex="5488" originalElevation="64.0" isOriginalElevationFromOSM="false"><ele>56.4</ele></trkpt>
<trkpt lat="37.758318" lon="127.081945" sectionIndex="0" pointIndex="5489" originalElevation="45.0" isOriginalElevationFromOSM="false"><ele>52.6</ele></trkpt>
<trkpt lat="37.758290" lon="127.081901" sectionIndex="0" pointIndex="5490" originalElevation="45.0" isOriginalElevationFromOSM="false"><ele>48.8</ele></trkpt>
<trkpt lat="37.758262" lon="127.081856" sectionIndex="0" pointIndex="5491" originalElevation="45.0" isOriginalElevationFromOSM="false"><ele>45.0</ele></trkpt>
<trkpt lat="37.758235" lon="127.081812" sectionIndex="0" pointIndex="5492" originalElevation="45.0" isOriginalElevationFromOSM="false"><ele>45.0</ele></trkpt>
<trkpt lat="37.758207" lon="127.081767" sectionIndex="0" pointIndex="5493" originalElevation="45.0" isOriginalElevationFromOSM="false"><ele>45.0</ele></trkpt>
<trkpt lat="37.758179" lon="127.081722" sectionIndex="0" pointIndex="5494" originalElevation="45.0" isOriginalElevationFromOSM="false"><ele>45.0</ele></trkpt>
<trkpt lat="37.758151" lon="127.081678" sectionIndex="0" pointIndex="5495" originalElevation="45.0" isOriginalElevationFromOSM="false"><ele>45.0</ele></trkpt>
<trkpt lat="37.758123" lon="127.081633" sectionIndex="0" pointIndex="5496" originalElevation="45.0" isOriginalElevationFromOSM="false"><ele>45.0</ele></trkpt>
<trkpt lat="37.758095" lon="127.081589" sectionIndex="0" pointIndex="5497" originalElevation="45.0" isOriginalElevationFromOSM="false"><ele>45.0</ele></trkpt>
<trkpt lat="37.758067" lon="127.081544" sectionIndex="0" pointIndex="5498" originalElevation="45.0" isOriginalElevationFromOSM="false"><ele>45.0</ele></trkpt>
<trkpt lat="37.758039" lon="127.081500" sectionIndex="0" pointIndex="5499" originalElevation="45.0" isOriginalElevationFromOSM="false"><ele>45.0</ele></trkpt>
<trkpt lat="37.758012" lon="127.081455" sectionIndex="0" pointIndex="5500" originalElevation="45.0" isOriginalElevationFromOSM="false"><ele>45.0</ele></trkpt>
<trkpt lat="37.757984" lon="127.081411" sectionIndex="0" pointIndex="5501" originalElevation="45.0" isOriginalElevationFromOSM="false"><ele>45.0</ele></trkpt>
<trkpt lat="37.757956" lon="127.081366" sectionIndex="0" pointIndex="5502" originalElevation="45.0" isOriginalElevationFromOSM="false"><ele>45.0</ele></trkpt>
<trkpt lat="37.757928" lon="127.081322" sectionIndex="0" pointIndex="5503" originalElevation="45.0" isOriginalElevationFromOSM="false"><ele>46.2</ele></trkpt>
<trkpt lat="37.757900" lon="127.081277" sectionIndex="0" pointIndex="5504" originalElevation="45.0" isOriginalElevationFromOSM="false"><ele>47.4</ele></trkpt>
<trkpt lat="37.757872" lon="127.081232" sectionIndex="0" pointIndex="5505" originalElevation="51.0" isOriginalElevationFromOSM="false"><ele>48.6</ele></trkpt>
<trkpt lat="37.757867" lon="127.081224" sectionIndex="0" pointIndex="5506" originalElevation="51.0" isOriginalElevationFromOSM="false"><ele>49.8</ele></trkpt>
<trkpt lat="37.756775" lon="127.079554" sectionIndex="0" pointIndex="5507" originalElevation="51.0" isOriginalElevationFromOSM="false"><ele>51.0</ele></trkpt>
<trkpt lat="37.756758" lon="127.079529" sectionIndex="0" pointIndex="5508" originalElevation="51.0" isOriginalElevationFromOSM="false"><ele>51.0</ele></trkpt>
<trkpt lat="37.756729" lon="127.079486" sectionIndex="0" pointIndex="5509" originalElevation="51.0" isOriginalElevationFromOSM="false"><ele>51.0</ele></trkpt>
<trkpt lat="37.756700" lon="127.079443" sectionIndex="0" pointIndex="5510" originalElevation="51.0" isOriginalElevationFromOSM="false"><ele>51.0</ele></trkpt>
<trkpt lat="37.756671" lon="127.079400" sectionIndex="0" pointIndex="5511" originalElevation="51.0" isOriginalElevationFromOSM="false"><ele>51.0</ele></trkpt>
<trkpt lat="37.756642" lon="127.079357" sectionIndex="0" pointIndex="5512" originalElevation="51.0" isOriginalElevationFromOSM="false"><ele>51.0</ele></trkpt>
<trkpt lat="37.756612" lon="127.079313" sectionIndex="0" pointIndex="5513" originalElevation="51.0" isOriginalElevationFromOSM="false"><ele>51.0</ele></trkpt>
<trkpt lat="37.756583" lon="127.079270" sectionIndex="0" pointIndex="5514" originalElevation="51.0" isOriginalElevationFromOSM="false"><ele>51.0</ele></trkpt>
<trkpt lat="37.756554" lon="127.079227" sectionIndex="0" pointIndex="5515" originalElevation="51.0" isOriginalElevationFromOSM="false"><ele>51.6</ele></trkpt>
<trkpt lat="37.756525" lon="127.079184" sectionIndex="0" pointIndex="5516" originalElevation="51.0" isOriginalElevationFromOSM="false"><ele>52.2</ele></trkpt>
<trkpt lat="37.756495" lon="127.079141" sectionIndex="0" pointIndex="5517" originalElevation="54.0" isOriginalElevationFromOSM="false"><ele>52.8</ele></trkpt>
<trkpt lat="37.756466" lon="127.079098" sectionIndex="0" pointIndex="5518" originalElevation="54.0" isOriginalElevationFromOSM="false"><ele>53.4</ele></trkpt>
<trkpt lat="37.756437" lon="127.079054" sectionIndex="0" pointIndex="5519" originalElevation="54.0" isOriginalElevationFromOSM="false"><ele>54.0</ele></trkpt>
<trkpt lat="37.756408" lon="127.079011" sectionIndex="0" pointIndex="5520" originalElevation="54.0" isOriginalElevationFromOSM="false"><ele>54.0</ele></trkpt>
<trkpt lat="37.756379" lon="127.078968" sectionIndex="0" pointIndex="5521" originalElevation="54.0" isOriginalElevationFromOSM="false"><ele>54.0</ele></trkpt>
<trkpt lat="37.756349" lon="127.078925" sectionIndex="0" pointIndex="5522" originalElevation="54.0" isOriginalElevationFromOSM="false"><ele>54.0</ele></trkpt>
<trkpt lat="37.756320" lon="127.078882" sectionIndex="0" pointIndex="5523" originalElevation="54.0" isOriginalElevationFromOSM="false"><ele>54.0</ele></trkpt>
<trkpt lat="37.756291" lon="127.078839" sectionIndex="0" pointIndex="5524" originalElevation="54.0" isOriginalElevationFromOSM="false"><ele>53.4</ele></trkpt>
<trkpt lat="37.756262" lon="127.078796" sectionIndex="0" pointIndex="5525" originalElevation="54.0" isOriginalElevationFromOSM="false"><ele>52.8</ele></trkpt>
<trkpt lat="37.756233" lon="127.078752" sectionIndex="0" pointIndex="5526" originalElevation="51.0" isOriginalElevationFromOSM="false"><ele>52.2</ele></trkpt>
<trkpt lat="37.756203" lon="127.078709" sectionIndex="0" pointIndex="5527" originalElevation="51.0" isOriginalElevationFromOSM="false"><ele>51.6</ele></trkpt>
<trkpt lat="37.756174" lon="127.078666" sectionIndex="0" pointIndex="5528" originalElevation="51.0" isOriginalElevationFromOSM="false"><ele>51.0</ele></trkpt>
<trkpt lat="37.756163" lon="127.078650" sectionIndex="0" pointIndex="5529" originalElevation="51.0" isOriginalElevationFromOSM="false"><ele>51.0</ele></trkpt>
<trkpt lat="37.756135" lon="127.078606" sectionIndex="0" pointIndex="5530" originalElevation="51.0" isOriginalElevationFromOSM="false"><ele>51.0</ele></trkpt>
<trkpt lat="37.756106" lon="127.078562" sectionIndex="0" pointIndex="5531" originalElevation="51.0" isOriginalElevationFromOSM="false"><ele>51.0</ele></trkpt>
<trkpt lat="37.756078" lon="127.078518" sectionIndex="0" pointIndex="5532" originalElevation="51.0" isOriginalElevationFromOSM="false"><ele>51.0</ele></trkpt>
<trkpt lat="37.756050" lon="127.078474" sectionIndex="0" pointIndex="5533" originalElevation="51.0" isOriginalElevationFromOSM="false"><ele>51.0</ele></trkpt>
<trkpt lat="37.756021" lon="127.078430" sectionIndex="0" pointIndex="5534" originalElevation="51.0" isOriginalElevationFromOSM="false"><ele>51.0</ele></trkpt>
<trkpt lat="37.755993" lon="127.078386" sectionIndex="0" pointIndex="5535" originalElevation="51.0" isOriginalElevationFromOSM="false"><ele>51.0</ele></trkpt>
<trkpt lat="37.755964" lon="127.078342" sectionIndex="0" pointIndex="5536" originalElevation="51.0" isOriginalElevationFromOSM="false"><ele>51.0</ele></trkpt>
<trkpt lat="37.755938" lon="127.078301" sectionIndex="0" pointIndex="5537" originalElevation="51.0" isOriginalElevationFromOSM="false"><ele>51.0</ele></trkpt>
<trkpt lat="37.755936" lon="127.078298" sectionIndex="0" pointIndex="5538" originalElevation="51.0" isOriginalElevationFromOSM="false"><ele>51.0</ele></trkpt>
<trkpt lat="37.755908" lon="127.078254" sectionIndex="0" pointIndex="5539" originalElevation="51.0" isOriginalElevationFromOSM="false"><ele>51.0</ele></trkpt>
<trkpt lat="37.755879" lon="127.078210" sectionIndex="0" pointIndex="5540" originalElevation="51.0" isOriginalElevationFromOSM="false"><ele>51.0</ele></trkpt>
<trkpt lat="37.755851" lon="127.078166" sectionIndex="0" pointIndex="5541" originalElevation="51.0" isOriginalElevationFromOSM="false"><ele>51.0</ele></trkpt>
<trkpt lat="37.755822" lon="127.078122" sectionIndex="0" pointIndex="5542" originalElevation="51.0" isOriginalElevationFromOSM="false"><ele>51.0</ele></trkpt>
<trkpt lat="37.755794" lon="127.078078" sectionIndex="0" pointIndex="5543" originalElevation="51.0" isOriginalElevationFromOSM="false"><ele>51.0</ele></trkpt>
<trkpt lat="37.755765" lon="127.078034" sectionIndex="0" pointIndex="5544" originalElevation="51.0" isOriginalElevationFromOSM="false"><ele>51.0</ele></trkpt>
<trkpt lat="37.755764" lon="127.078032" sectionIndex="0" pointIndex="5545" originalElevation="51.0" isOriginalElevationFromOSM="false"><ele>51.0</ele></trkpt>
<trkpt lat="37.755762" lon="127.078028" sectionIndex="0" pointIndex="5546" originalElevation="51.0" isOriginalElevationFromOSM="false"><ele>51.0</ele></trkpt>
<trkpt lat="37.755741" lon="127.077982" sectionIndex="0" pointIndex="5547" originalElevation="51.0" isOriginalElevationFromOSM="false"><ele>51.0</ele></trkpt>
<trkpt lat="37.755719" lon="127.077933" sectionIndex="0" pointIndex="5548" originalElevation="51.0" isOriginalElevationFromOSM="false"><ele>51.0</ele></trkpt>
<trkpt lat="37.755697" lon="127.077883" sectionIndex="0" pointIndex="5549" originalElevation="51.0" isOriginalElevationFromOSM="false"><ele>51.0</ele></trkpt>
<trkpt lat="37.755675" lon="127.077834" sectionIndex="0" pointIndex="5550" originalElevation="51.0" isOriginalElevationFromOSM="false"><ele>51.0</ele></trkpt>
<trkpt lat="37.755663" lon="127.077807" sectionIndex="0" pointIndex="5551" originalElevation="51.0" isOriginalElevationFromOSM="false"><ele>51.0</ele></trkpt>
<trkpt lat="37.755623" lon="127.077833" sectionIndex="0" pointIndex="5552" originalElevation="51.0" isOriginalElevationFromOSM="false"><ele>51.0</ele></trkpt>
<trkpt lat="37.755583" lon="127.077859" sectionIndex="0" pointIndex="5553" originalElevation="51.0" isOriginalElevationFromOSM="false"><ele>51.0</ele></trkpt>
<trkpt lat="37.755543" lon="127.077885" sectionIndex="0" pointIndex="5554" originalElevation="51.0" isOriginalElevationFromOSM="false"><ele>51.0</ele></trkpt>
<trkpt lat="37.755503" lon="127.077912" sectionIndex="0" pointIndex="5555" originalElevation="51.0" isOriginalElevationFromOSM="false"><ele>51.0</ele></trkpt>
<trkpt lat="37.755473" lon="127.077932" sectionIndex="0" pointIndex="5556" originalElevation="51.0" isOriginalElevationFromOSM="false"><ele>51.0</ele></trkpt>
<trkpt lat="37.755444" lon="127.077888" sectionIndex="0" pointIndex="5557" originalElevation="51.0" isOriginalElevationFromOSM="false"><ele>51.0</ele></trkpt>
<trkpt lat="37.755416" lon="127.077844" sectionIndex="0" pointIndex="5558" originalElevation="51.0" isOriginalElevationFromOSM="false"><ele>51.0</ele></trkpt>
<trkpt lat="37.755387" lon="127.077800" sectionIndex="0" pointIndex="5559" originalElevation="51.0" isOriginalElevationFromOSM="false"><ele>51.0</ele></trkpt>
<trkpt lat="37.755381" lon="127.077791" sectionIndex="0" pointIndex="5560" originalElevation="51.0" isOriginalElevationFromOSM="false"><ele>51.0</ele></trkpt>
<trkpt lat="37.755244" lon="127.077993" sectionIndex="0" pointIndex="5561" originalElevation="51.0" isOriginalElevationFromOSM="false"><ele>51.0</ele></trkpt>
<trkpt lat="37.755221" lon="127.078019" sectionIndex="0" pointIndex="5562" originalElevation="51.0" isOriginalElevationFromOSM="false"><ele>51.0</ele></trkpt>
<trkpt lat="37.755188" lon="127.078057" sectionIndex="0" pointIndex="5563" originalElevation="51.0" isOriginalElevationFromOSM="false"><ele>51.0</ele></trkpt>
<trkpt lat="37.755155" lon="127.078095" sectionIndex="0" pointIndex="5564" originalElevation="51.0" isOriginalElevationFromOSM="false"><ele>51.0</ele></trkpt>
<trkpt lat="37.755121" lon="127.078133" sectionIndex="0" pointIndex="5565" originalElevation="51.0" isOriginalElevationFromOSM="false"><ele>51.0</ele></trkpt>
<trkpt lat="37.755088" lon="127.078171" sectionIndex="0" pointIndex="5566" originalElevation="51.0" isOriginalElevationFromOSM="false"><ele>51.0</ele></trkpt>
<trkpt lat="37.755055" lon="127.078209" sectionIndex="0" pointIndex="5567" originalElevation="51.0" isOriginalElevationFromOSM="false"><ele>51.0</ele></trkpt>
<trkpt lat="37.755045" lon="127.078220" sectionIndex="0" pointIndex="5568" originalElevation="51.0" isOriginalElevationFromOSM="false"><ele>51.0</ele></trkpt>
<trkpt lat="37.755018" lon="127.078174" sectionIndex="0" pointIndex="5569" originalElevation="51.0" isOriginalElevationFromOSM="false"><ele>51.0</ele></trkpt>
<trkpt lat="37.754992" lon="127.078128" sectionIndex="0" pointIndex="5570" originalElevation="51.0" isOriginalElevationFromOSM="false"><ele>51.0</ele></trkpt>
<trkpt lat="37.754966" lon="127.078082" sectionIndex="0" pointIndex="5571" originalElevation="51.0" isOriginalElevationFromOSM="false"><ele>51.0</ele></trkpt>
<trkpt lat="37.754940" lon="127.078036" sectionIndex="0" pointIndex="5572" originalElevation="51.0" isOriginalElevationFromOSM="false"><ele>51.0</ele></trkpt>
<trkpt lat="37.754913" lon="127.077990" sectionIndex="0" pointIndex="5573" originalElevation="51.0" isOriginalElevationFromOSM="false"><ele>51.0</ele></trkpt>
<trkpt lat="37.754887" lon="127.077944" sectionIndex="0" pointIndex="5574" originalElevation="51.0" isOriginalElevationFromOSM="false"><ele>51.0</ele></trkpt>
<trkpt lat="37.754861" lon="127.077898" sectionIndex="0" pointIndex="5575" originalElevation="51.0" isOriginalElevationFromOSM="false"><ele>51.0</ele></trkpt>
<trkpt lat="37.754855" lon="127.077888" sectionIndex="0" pointIndex="5576" originalElevation="51.0" isOriginalElevationFromOSM="false"><ele>50.3</ele></trkpt>
<trkpt lat="37.754708" lon="127.077616" sectionIndex="0" pointIndex="5577" originalElevation="51.0" isOriginalElevationFromOSM="false"><ele>49.5</ele></trkpt>
<trkpt lat="37.754190" lon="127.076200" sectionIndex="0" pointIndex="5578" originalElevation="47.5" isOriginalElevationFromOSM="true"><ele>49.2</ele></trkpt>
<trkpt lat="37.753940" lon="127.075710" sectionIndex="0" pointIndex="5579" originalElevation="47.1" isOriginalElevationFromOSM="true"><ele>48.3</ele></trkpt>
<trkpt lat="37.753480" lon="127.075150" sectionIndex="0" pointIndex="5580" originalElevation="49.3" isOriginalElevationFromOSM="true"><ele>47.0</ele></trkpt>
<trkpt lat="37.752040" lon="127.073480" sectionIndex="0" pointIndex="5581" originalElevation="46.5" isOriginalElevationFromOSM="true"><ele>46.1</ele></trkpt>
<trkpt lat="37.751860" lon="127.073220" sectionIndex="0" pointIndex="5582" originalElevation="44.5" isOriginalElevationFromOSM="true"><ele>45.1</ele></trkpt>
<trkpt lat="37.751730" lon="127.072960" sectionIndex="0" pointIndex="5583" originalElevation="42.9" isOriginalElevationFromOSM="true"><ele>44.2</ele></trkpt>
<trkpt lat="37.751570" lon="127.072580" sectionIndex="0" pointIndex="5584" originalElevation="42.1" isOriginalElevationFromOSM="true"><ele>44.3</ele></trkpt>
<trkpt lat="37.751430" lon="127.072120" sectionIndex="0" pointIndex="5585" originalElevation="44.9" isOriginalElevationFromOSM="true"><ele>44.8</ele></trkpt>
<trkpt lat="37.751260" lon="127.071390" sectionIndex="0" pointIndex="5586" originalElevation="46.9" isOriginalElevationFromOSM="true"><ele>45.3</ele></trkpt>
<trkpt lat="37.750290" lon="127.067360" sectionIndex="0" pointIndex="5587" originalElevation="47.0" isOriginalElevationFromOSM="true"><ele>45.7</ele></trkpt>
<trkpt lat="37.749030" lon="127.062190" sectionIndex="0" pointIndex="5588" originalElevation="45.5" isOriginalElevationFromOSM="true"><ele>45.5</ele></trkpt>
<trkpt lat="37.748820" lon="127.061480" sectionIndex="0" pointIndex="5589" originalElevation="44.1" isOriginalElevationFromOSM="true"><ele>45.4</ele></trkpt>
<trkpt lat="37.748600" lon="127.060820" sectionIndex="0" pointIndex="5590" originalElevation="44.0" isOriginalElevationFromOSM="true"><ele>45.3</ele></trkpt>
<trkpt lat="37.748230" lon="127.060050" sectionIndex="0" pointIndex="5591" originalElevation="46.3" isOriginalElevationFromOSM="true"><ele>45.2</ele></trkpt>
<trkpt lat="37.747990" lon="127.059650" sectionIndex="0" pointIndex="5592" originalElevation="46.5" isOriginalElevationFromOSM="true"><ele>45.5</ele></trkpt>
<trkpt lat="37.747260" lon="127.058510" sectionIndex="0" pointIndex="5593" originalElevation="45.2" isOriginalElevationFromOSM="true"><ele>45.9</ele></trkpt>
<trkpt lat="37.746500" lon="127.057540" sectionIndex="0" pointIndex="5594" originalElevation="45.7" isOriginalElevationFromOSM="true"><ele>45.6</ele></trkpt>
<trkpt lat="37.746100" lon="127.057090" sectionIndex="0" pointIndex="5595" originalElevation="45.6" isOriginalElevationFromOSM="true"><ele>45.4</ele></trkpt>
<trkpt lat="37.745360" lon="127.056090" sectionIndex="0" pointIndex="5596" originalElevation="45.0" isOriginalElevationFromOSM="true"><ele>45.1</ele></trkpt>
<trkpt lat="37.744680" lon="127.055300" sectionIndex="0" pointIndex="5597" originalElevation="45.5" isOriginalElevationFromOSM="true"><ele>44.5</ele></trkpt>
<trkpt lat="37.744410" lon="127.054900" sectionIndex="0" pointIndex="5598" originalElevation="43.9" isOriginalElevationFromOSM="true"><ele>43.8</ele></trkpt>
<trkpt lat="37.744100" lon="127.054500" sectionIndex="0" pointIndex="5599" originalElevation="42.5" isOriginalElevationFromOSM="true"><ele>43.3</ele></trkpt>
<trkpt lat="37.744030" lon="127.054130" sectionIndex="0" pointIndex="5600" originalElevation="42.3" isOriginalElevationFromOSM="true"><ele>42.8</ele></trkpt>
<trkpt lat="37.743840" lon="127.054130" sectionIndex="0" pointIndex="5601" originalElevation="42.5" isOriginalElevationFromOSM="true"><ele>42.9</ele></trkpt>
<trkpt lat="37.743510" lon="127.054090" sectionIndex="0" pointIndex="5602" originalElevation="42.8" isOriginalElevationFromOSM="true"><ele>43.2</ele></trkpt>
<trkpt lat="37.740740" lon="127.053830" sectionIndex="0" pointIndex="5603" originalElevation="44.6" isOriginalElevationFromOSM="true"><ele>43.4</ele></trkpt>
<trkpt lat="37.739810" lon="127.053670" sectionIndex="0" pointIndex="5604" originalElevation="43.6" isOriginalElevationFromOSM="true"><ele>44.0</ele></trkpt>
<trkpt lat="37.738820" lon="127.053390" sectionIndex="0" pointIndex="5605" originalElevation="43.4" isOriginalElevationFromOSM="true"><ele>44.5</ele></trkpt>
<trkpt lat="37.737590" lon="127.052930" sectionIndex="0" pointIndex="5606" originalElevation="45.8" isOriginalElevationFromOSM="true"><ele>44.4</ele></trkpt>
<trkpt lat="37.737260" lon="127.052920" sectionIndex="0" pointIndex="5607" originalElevation="45.1" isOriginalElevationFromOSM="true"><ele>44.4</ele></trkpt>
<trkpt lat="37.737050" lon="127.052940" sectionIndex="0" pointIndex="5608" originalElevation="44.3" isOriginalElevationFromOSM="true"><ele>44.2</ele></trkpt>
<trkpt lat="37.736860" lon="127.052990" sectionIndex="0" pointIndex="5609" originalElevation="43.4" isOriginalElevationFromOSM="true"><ele>43.1</ele></trkpt>
<trkpt lat="37.736700" lon="127.053050" sectionIndex="0" pointIndex="5610" originalElevation="42.5" isOriginalElevationFromOSM="true"><ele>42.2</ele></trkpt>
<trkpt lat="37.736060" lon="127.053360" sectionIndex="0" pointIndex="5611" originalElevation="40.4" isOriginalElevationFromOSM="true"><ele>41.7</ele></trkpt>
<trkpt lat="37.735800" lon="127.053440" sectionIndex="0" pointIndex="5612" originalElevation="40.3" isOriginalElevationFromOSM="true"><ele>41.5</ele></trkpt>
<trkpt lat="37.735340" lon="127.053630" sectionIndex="0" pointIndex="5613" originalElevation="41.9" isOriginalElevationFromOSM="true"><ele>41.5</ele></trkpt>
<trkpt lat="37.734810" lon="127.053810" sectionIndex="0" pointIndex="5614" originalElevation="42.7" isOriginalElevationFromOSM="true"><ele>41.6</ele></trkpt>
<trkpt lat="37.734610" lon="127.053820" sectionIndex="0" pointIndex="5615" originalElevation="42.2" isOriginalElevationFromOSM="true"><ele>42.0</ele></trkpt>
<trkpt lat="37.734070" lon="127.053720" sectionIndex="0" pointIndex="5616" originalElevation="41.0" isOriginalElevationFromOSM="true"><ele>41.7</ele></trkpt>
<trkpt lat="37.733330" lon="127.053620" sectionIndex="0" pointIndex="5617" originalElevation="42.0" isOriginalElevationFromOSM="true"><ele>41.0</ele></trkpt>
<trkpt lat="37.732900" lon="127.053640" sectionIndex="0" pointIndex="5618" originalElevation="40.4" isOriginalElevationFromOSM="true"><ele>40.6</ele></trkpt>
<trkpt lat="37.732660" lon="127.053680" sectionIndex="0" pointIndex="5619" originalElevation="39.4" isOriginalElevationFromOSM="true"><ele>40.9</ele></trkpt>
<trkpt lat="37.732140" lon="127.053690" sectionIndex="0" pointIndex="5620" originalElevation="40.4" isOriginalElevationFromOSM="true"><ele>41.0</ele></trkpt>
<trkpt lat="37.731540" lon="127.053740" sectionIndex="0" pointIndex="5621" originalElevation="42.5" isOriginalElevationFromOSM="true"><ele>41.3</ele></trkpt>
<trkpt lat="37.731240" lon="127.053770" sectionIndex="0" pointIndex="5622" originalElevation="42.2" isOriginalElevationFromOSM="true"><ele>41.9</ele></trkpt>
<trkpt lat="37.731010" lon="127.053830" sectionIndex="0" pointIndex="5623" originalElevation="42.0" isOriginalElevationFromOSM="true"><ele>42.3</ele></trkpt>
<trkpt lat="37.730600" lon="127.053860" sectionIndex="0" pointIndex="5624" originalElevation="42.3" isOriginalElevationFromOSM="true"><ele>42.4</ele></trkpt>
<trkpt lat="37.730410" lon="127.053840" sectionIndex="0" pointIndex="5625" originalElevation="42.6" isOriginalElevationFromOSM="true"><ele>42.5</ele></trkpt>
<trkpt lat="37.730120" lon="127.053760" sectionIndex="0" pointIndex="5626" originalElevation="42.9" isOriginalElevationFromOSM="true"><ele>42.3</ele></trkpt>
<trkpt lat="37.729980" lon="127.053640" sectionIndex="0" pointIndex="5627" originalElevation="42.8" isOriginalElevationFromOSM="true"><ele>41.8</ele></trkpt>
<trkpt lat="37.729100" lon="127.052610" sectionIndex="0" pointIndex="5628" originalElevation="41.0" isOriginalElevationFromOSM="true"><ele>41.1</ele></trkpt>
<trkpt lat="37.728920" lon="127.052410" sectionIndex="0" pointIndex="5629" originalElevation="39.8" isOriginalElevationFromOSM="true"><ele>40.0</ele></trkpt>
<trkpt lat="37.728770" lon="127.052290" sectionIndex="0" pointIndex="5630" originalElevation="39.1" isOriginalElevationFromOSM="true"><ele>38.9</ele></trkpt>
<trkpt lat="37.728460" lon="127.052130" sectionIndex="0" pointIndex="5631" originalElevation="37.6" isOriginalElevationFromOSM="true"><ele>38.2</ele></trkpt>
<trkpt lat="37.728330" lon="127.052080" sectionIndex="0" pointIndex="5632" originalElevation="37.0" isOriginalElevationFromOSM="true"><ele>37.8</ele></trkpt>
<trkpt lat="37.727700" lon="127.051970" sectionIndex="0" pointIndex="5633" originalElevation="37.5" isOriginalElevationFromOSM="true"><ele>37.5</ele></trkpt>
<trkpt lat="37.727560" lon="127.051830" sectionIndex="0" pointIndex="5634" originalElevation="37.7" isOriginalElevationFromOSM="true"><ele>37.7</ele></trkpt>
<trkpt lat="37.727520" lon="127.051820" sectionIndex="0" pointIndex="5635" originalElevation="37.8" isOriginalElevationFromOSM="true"><ele>38.2</ele></trkpt>
<trkpt lat="37.727050" lon="127.051790" sectionIndex="0" pointIndex="5636" originalElevation="38.7" isOriginalElevationFromOSM="true"><ele>39.2</ele></trkpt>
<trkpt lat="37.726650" lon="127.051840" sectionIndex="0" pointIndex="5637" originalElevation="39.4" isOriginalElevationFromOSM="true"><ele>40.6</ele></trkpt>
<trkpt lat="37.726320" lon="127.051830" sectionIndex="0" pointIndex="5638" originalElevation="42.6" isOriginalElevationFromOSM="true"><ele>42.2</ele></trkpt>
<trkpt lat="37.726150" lon="127.051790" sectionIndex="0" pointIndex="5639" originalElevation="44.4" isOriginalElevationFromOSM="true"><ele>43.3</ele></trkpt>
<trkpt lat="37.724740" lon="127.051160" sectionIndex="0" pointIndex="5640" originalElevation="45.9" isOriginalElevationFromOSM="true"><ele>44.0</ele></trkpt>
<trkpt lat="37.724540" lon="127.051040" sectionIndex="0" pointIndex="5641" originalElevation="44.3" isOriginalElevationFromOSM="true"><ele>44.3</ele></trkpt>
<trkpt lat="37.724330" lon="127.050860" sectionIndex="0" pointIndex="5642" originalElevation="43.0" isOriginalElevationFromOSM="true"><ele>44.4</ele></trkpt>
<trkpt lat="37.724110" lon="127.050530" sectionIndex="0" pointIndex="5643" originalElevation="43.8" isOriginalElevationFromOSM="true"><ele>44.2</ele></trkpt>
<trkpt lat="37.723650" lon="127.050070" sectionIndex="0" pointIndex="5644" originalElevation="44.9" isOriginalElevationFromOSM="true"><ele>44.2</ele></trkpt>
<trkpt lat="37.723260" lon="127.049790" sectionIndex="0" pointIndex="5645" originalElevation="44.8" isOriginalElevationFromOSM="true"><ele>44.3</ele></trkpt>
<trkpt lat="37.723050" lon="127.049680" sectionIndex="0" pointIndex="5646" originalElevation="44.6" isOriginalElevationFromOSM="true"><ele>44.6</ele></trkpt>
<trkpt lat="37.722340" lon="127.049450" sectionIndex="0" pointIndex="5647" originalElevation="43.5" isOriginalElevationFromOSM="true"><ele>44.2</ele></trkpt>
<trkpt lat="37.721570" lon="127.049240" sectionIndex="0" pointIndex="5648" originalElevation="45.1" isOriginalElevationFromOSM="true"><ele>44.0</ele></trkpt>
<trkpt lat="37.720460" lon="127.048890" sectionIndex="0" pointIndex="5649" originalElevation="43.1" isOriginalElevationFromOSM="true"><ele>43.5</ele></trkpt>
<trkpt lat="37.720150" lon="127.048850" sectionIndex="0" pointIndex="5650" originalElevation="43.6" isOriginalElevationFromOSM="true"><ele>43.3</ele></trkpt>
<trkpt lat="37.718200" lon="127.048740" sectionIndex="0" pointIndex="5651" originalElevation="42.4" isOriginalElevationFromOSM="true"><ele>42.5</ele></trkpt>
<trkpt lat="37.718090" lon="127.048750" sectionIndex="0" pointIndex="5652" originalElevation="42.2" isOriginalElevationFromOSM="true"><ele>41.9</ele></trkpt>
<trkpt lat="37.717830" lon="127.048860" sectionIndex="0" pointIndex="5653" originalElevation="41.2" isOriginalElevationFromOSM="true"><ele>41.0</ele></trkpt>
<trkpt lat="37.717660" lon="127.049010" sectionIndex="0" pointIndex="5654" originalElevation="40.1" isOriginalElevationFromOSM="true"><ele>40.6</ele></trkpt>
<trkpt lat="37.717490" lon="127.049210" sectionIndex="0" pointIndex="5655" originalElevation="39.1" isOriginalElevationFromOSM="true"><ele>40.9</ele></trkpt>
<trkpt lat="37.717320" lon="127.049380" sectionIndex="0" pointIndex="5656" originalElevation="40.3" isOriginalElevationFromOSM="true"><ele>41.2</ele></trkpt>
<trkpt lat="37.716630" lon="127.049860" sectionIndex="0" pointIndex="5657" originalElevation="43.7" isOriginalElevationFromOSM="true"><ele>41.6</ele></trkpt>
<trkpt lat="37.716460" lon="127.049940" sectionIndex="0" pointIndex="5658" originalElevation="42.8" isOriginalElevationFromOSM="true"><ele>41.7</ele></trkpt>
<trkpt lat="37.716320" lon="127.049990" sectionIndex="0" pointIndex="5659" originalElevation="42.0" isOriginalElevationFromOSM="true"><ele>41.8</ele></trkpt>
<trkpt lat="37.715860" lon="127.050080" sectionIndex="0" pointIndex="5660" originalElevation="39.7" isOriginalElevationFromOSM="true"><ele>41.3</ele></trkpt>
<trkpt lat="37.715420" lon="127.050280" sectionIndex="0" pointIndex="5661" originalElevation="40.9" isOriginalElevationFromOSM="true"><ele>41.3</ele></trkpt>
<trkpt lat="37.715170" lon="127.050350" sectionIndex="0" pointIndex="5662" originalElevation="41.2" isOriginalElevationFromOSM="true"><ele>41.6</ele></trkpt>
<trkpt lat="37.714630" lon="127.050460" sectionIndex="0" pointIndex="5663" originalElevation="42.6" isOriginalElevationFromOSM="true"><ele>42.5</ele></trkpt>
<trkpt lat="37.714220" lon="127.050470" sectionIndex="0" pointIndex="5664" originalElevation="43.7" isOriginalElevationFromOSM="true"><ele>42.4</ele></trkpt>
<trkpt lat="37.713930" lon="127.050430" sectionIndex="0" pointIndex="5665" originalElevation="44.2" isOriginalElevationFromOSM="true"><ele>42.6</ele></trkpt>
<trkpt lat="37.712530" lon="127.050040" sectionIndex="0" pointIndex="5666" originalElevation="40.1" isOriginalElevationFromOSM="true"><ele>42.5</ele></trkpt>
<trkpt lat="37.711690" lon="127.049900" sectionIndex="0" pointIndex="5667" originalElevation="42.3" isOriginalElevationFromOSM="true"><ele>42.3</ele></trkpt>
<trkpt lat="37.711550" lon="127.049880" sectionIndex="0" pointIndex="5668" originalElevation="42.4" isOriginalElevationFromOSM="true"><ele>41.6</ele></trkpt>
<trkpt lat="37.711070" lon="127.049900" sectionIndex="0" pointIndex="5669" originalElevation="42.3" isOriginalElevationFromOSM="true"><ele>41.0</ele></trkpt>
<trkpt lat="37.710290" lon="127.049990" sectionIndex="0" pointIndex="5670" originalElevation="40.7" isOriginalElevationFromOSM="true"><ele>39.8</ele></trkpt>
<trkpt lat="37.709030" lon="127.050550" sectionIndex="0" pointIndex="5671" originalElevation="37.1" isOriginalElevationFromOSM="true"><ele>38.7</ele></trkpt>
<trkpt lat="37.706700" lon="127.051390" sectionIndex="0" pointIndex="5672" originalElevation="36.7" isOriginalElevationFromOSM="true"><ele>38.2</ele></trkpt>
<trkpt lat="37.706420" lon="127.051430" sectionIndex="0" pointIndex="5673" originalElevation="36.8" isOriginalElevationFromOSM="true"><ele>38.2</ele></trkpt>
<trkpt lat="37.705360" lon="127.051420" sectionIndex="0" pointIndex="5674" originalElevation="39.7" isOriginalElevationFromOSM="true"><ele>38.9</ele></trkpt>
<trkpt lat="37.705130" lon="127.051370" sectionIndex="0" pointIndex="5675" originalElevation="40.6" isOriginalElevationFromOSM="true"><ele>39.1</ele></trkpt>
<trkpt lat="37.704950" lon="127.051290" sectionIndex="0" pointIndex="5676" originalElevation="40.8" isOriginalElevationFromOSM="true"><ele>39.6</ele></trkpt>
<trkpt lat="37.704470" lon="127.050970" sectionIndex="0" pointIndex="5677" originalElevation="37.8" isOriginalElevationFromOSM="true"><ele>39.0</ele></trkpt>
<trkpt lat="37.701910" lon="127.049050" sectionIndex="0" pointIndex="5678" originalElevation="39.0" isOriginalElevationFromOSM="true"><ele>38.1</ele></trkpt>
<trkpt lat="37.700820" lon="127.048180" sectionIndex="0" pointIndex="5679" originalElevation="36.8" isOriginalElevationFromOSM="true"><ele>36.9</ele></trkpt>
<trkpt lat="37.700680" lon="127.048120" sectionIndex="0" pointIndex="5680" originalElevation="36.3" isOriginalElevationFromOSM="true"><ele>36.0</ele></trkpt>
<trkpt lat="37.698890" lon="127.047910" sectionIndex="0" pointIndex="5681" originalElevation="34.8" isOriginalElevationFromOSM="true"><ele>34.5</ele></trkpt>
<trkpt lat="37.696280" lon="127.047970" sectionIndex="0" pointIndex="5682" originalElevation="33.0" isOriginalElevationFromOSM="true"><ele>33.4</ele></trkpt>
<trkpt lat="37.695970" lon="127.048050" sectionIndex="0" pointIndex="5683" originalElevation="31.8" isOriginalElevationFromOSM="true"><ele>32.9</ele></trkpt>
<trkpt lat="37.695540" lon="127.048280" sectionIndex="0" pointIndex="5684" originalElevation="31.3" isOriginalElevationFromOSM="true"><ele>32.8</ele></trkpt>
<trkpt lat="37.695190" lon="127.048370" sectionIndex="0" pointIndex="5685" originalElevation="33.5" isOriginalElevationFromOSM="true"><ele>33.0</ele></trkpt>
<trkpt lat="37.694860" lon="127.048430" sectionIndex="0" pointIndex="5686" originalElevation="34.6" isOriginalElevationFromOSM="true"><ele>33.4</ele></trkpt>
<trkpt lat="37.694440" lon="127.048450" sectionIndex="0" pointIndex="5687" originalElevation="34.1" isOriginalElevationFromOSM="true"><ele>33.8</ele></trkpt>
<trkpt lat="37.694030" lon="127.048530" sectionIndex="0" pointIndex="5688" originalElevation="33.5" isOriginalElevationFromOSM="true"><ele>33.3</ele></trkpt>
<trkpt lat="37.693700" lon="127.048650" sectionIndex="0" pointIndex="5689" originalElevation="33.1" isOriginalElevationFromOSM="true"><ele>32.5</ele></trkpt>
<trkpt lat="37.692890" lon="127.048780" sectionIndex="0" pointIndex="5690" originalElevation="31.4" isOriginalElevationFromOSM="true"><ele>31.6</ele></trkpt>
<trkpt lat="37.692670" lon="127.048870" sectionIndex="0" pointIndex="5691" originalElevation="30.4" isOriginalElevationFromOSM="true"><ele>31.0</ele></trkpt>
<trkpt lat="37.692440" lon="127.048980" sectionIndex="0" pointIndex="5692" originalElevation="29.5" isOriginalElevationFromOSM="true"><ele>30.4</ele></trkpt>
<trkpt lat="37.691270" lon="127.049640" sectionIndex="0" pointIndex="5693" originalElevation="30.4" isOriginalElevationFromOSM="true"><ele>30.3</ele></trkpt>
<trkpt lat="37.691170" lon="127.049690" sectionIndex="0" pointIndex="5694" originalElevation="30.4" isOriginalElevationFromOSM="true"><ele>30.3</ele></trkpt>
<trkpt lat="37.690980" lon="127.049710" sectionIndex="0" pointIndex="5695" originalElevation="30.6" isOriginalElevationFromOSM="true"><ele>30.6</ele></trkpt>
<trkpt lat="37.690740" lon="127.049710" sectionIndex="0" pointIndex="5696" originalElevation="30.7" isOriginalElevationFromOSM="true"><ele>30.6</ele></trkpt>
<trkpt lat="37.690500" lon="127.049600" sectionIndex="0" pointIndex="5697" originalElevation="30.8" isOriginalElevationFromOSM="true"><ele>30.7</ele></trkpt>
<trkpt lat="37.690310" lon="127.049560" sectionIndex="0" pointIndex="5698" originalElevation="30.7" isOriginalElevationFromOSM="true"><ele>31.0</ele></trkpt>
<trkpt lat="37.690180" lon="127.049550" sectionIndex="0" pointIndex="5699" originalElevation="30.6" isOriginalElevationFromOSM="true"><ele>31.2</ele></trkpt>
<trkpt lat="37.688900" lon="127.049580" sectionIndex="0" pointIndex="5700" originalElevation="32.2" isOriginalElevationFromOSM="true"><ele>31.5</ele></trkpt>
<trkpt lat="37.688130" lon="127.049620" sectionIndex="0" pointIndex="5701" originalElevation="31.9" isOriginalElevationFromOSM="true"><ele>31.8</ele></trkpt>
<trkpt lat="37.687920" lon="127.049650" sectionIndex="0" pointIndex="5702" originalElevation="32.3" isOriginalElevationFromOSM="true"><ele>32.4</ele></trkpt>
<trkpt lat="37.687530" lon="127.049930" sectionIndex="0" pointIndex="5703" originalElevation="32.2" isOriginalElevationFromOSM="true"><ele>32.9</ele></trkpt>
<trkpt lat="37.687320" lon="127.050100" sectionIndex="0" pointIndex="5704" originalElevation="33.3" isOriginalElevationFromOSM="true"><ele>33.3</ele></trkpt>
<trkpt lat="37.686700" lon="127.050500" sectionIndex="0" pointIndex="5705" originalElevation="34.9" isOriginalElevationFromOSM="true"><ele>33.1</ele></trkpt>
<trkpt lat="37.686540" lon="127.050630" sectionIndex="0" pointIndex="5706" originalElevation="34.0" isOriginalElevationFromOSM="true"><ele>33.0</ele></trkpt>
<trkpt lat="37.685880" lon="127.051100" sectionIndex="0" pointIndex="5707" originalElevation="31.4" isOriginalElevationFromOSM="true"><ele>32.7</ele></trkpt>
<trkpt lat="37.685270" lon="127.051570" sectionIndex="0" pointIndex="5708" originalElevation="31.3" isOriginalElevationFromOSM="true"><ele>32.0</ele></trkpt>
<trkpt lat="37.685110" lon="127.051660" sectionIndex="0" pointIndex="5709" originalElevation="31.7" isOriginalElevationFromOSM="true"><ele>31.6</ele></trkpt>
<trkpt lat="37.684890" lon="127.051740" sectionIndex="0" pointIndex="5710" originalElevation="31.7" isOriginalElevationFromOSM="true"><ele>31.9</ele></trkpt>
<trkpt lat="37.684450" lon="127.051830" sectionIndex="0" pointIndex="5711" originalElevation="31.8" isOriginalElevationFromOSM="true"><ele>32.5</ele></trkpt>
<trkpt lat="37.684000" lon="127.051730" sectionIndex="0" pointIndex="5712" originalElevation="33.1" isOriginalElevationFromOSM="true"><ele>32.8</ele></trkpt>
<trkpt lat="37.682720" lon="127.051360" sectionIndex="0" pointIndex="5713" originalElevation="34.4" isOriginalElevationFromOSM="true"><ele>32.9</ele></trkpt>
<trkpt lat="37.681400" lon="127.051020" sectionIndex="0" pointIndex="5714" originalElevation="32.9" isOriginalElevationFromOSM="true"><ele>32.9</ele></trkpt>
<trkpt lat="37.680880" lon="127.050930" sectionIndex="0" pointIndex="5715" originalElevation="32.1" isOriginalElevationFromOSM="true"><ele>32.6</ele></trkpt>
<trkpt lat="37.679570" lon="127.050560" sectionIndex="0" pointIndex="5716" originalElevation="32.1" isOriginalElevationFromOSM="true"><ele>32.4</ele></trkpt>
<trkpt lat="37.679270" lon="127.050510" sectionIndex="0" pointIndex="5717" originalElevation="31.7" isOriginalElevationFromOSM="true"><ele>33.0</ele></trkpt>
<trkpt lat="37.678860" lon="127.050400" sectionIndex="0" pointIndex="5718" originalElevation="33.3" isOriginalElevationFromOSM="true"><ele>32.5</ele></trkpt>
<trkpt lat="37.678360" lon="127.050260" sectionIndex="0" pointIndex="5719" originalElevation="35.6" isOriginalElevationFromOSM="true"><ele>32.5</ele></trkpt>
<trkpt lat="37.674720" lon="127.049080" sectionIndex="0" pointIndex="5720" originalElevation="29.8" isOriginalElevationFromOSM="true"><ele>32.5</ele></trkpt>
<trkpt lat="37.674564" lon="127.049040" sectionIndex="0" pointIndex="5721" originalElevation="32.0" isOriginalElevationFromOSM="false"><ele>32.3</ele></trkpt>
<trkpt lat="37.674520" lon="127.049026" sectionIndex="0" pointIndex="5722" originalElevation="32.0" isOriginalElevationFromOSM="false"><ele>31.6</ele></trkpt>
<trkpt lat="37.674476" lon="127.049012" sectionIndex="0" pointIndex="5723" originalElevation="32.0" isOriginalElevationFromOSM="false"><ele>32.0</ele></trkpt>
<trkpt lat="37.674433" lon="127.048998" sectionIndex="0" pointIndex="5724" originalElevation="32.0" isOriginalElevationFromOSM="false"><ele>32.0</ele></trkpt>
<trkpt lat="37.674389" lon="127.048985" sectionIndex="0" pointIndex="5725" originalElevation="32.0" isOriginalElevationFromOSM="false"><ele>32.0</ele></trkpt>
<trkpt lat="37.674346" lon="127.048971" sectionIndex="0" pointIndex="5726" originalElevation="32.0" isOriginalElevationFromOSM="false"><ele>32.0</ele></trkpt>
<trkpt lat="37.674302" lon="127.048957" sectionIndex="0" pointIndex="5727" originalElevation="32.0" isOriginalElevationFromOSM="false"><ele>32.0</ele></trkpt>
<trkpt lat="37.674258" lon="127.048944" sectionIndex="0" pointIndex="5728" originalElevation="32.0" isOriginalElevationFromOSM="false"><ele>32.0</ele></trkpt>
<trkpt lat="37.674215" lon="127.048930" sectionIndex="0" pointIndex="5729" originalElevation="32.0" isOriginalElevationFromOSM="false"><ele>32.0</ele></trkpt>
<trkpt lat="37.674171" lon="127.048916" sectionIndex="0" pointIndex="5730" originalElevation="32.0" isOriginalElevationFromOSM="false"><ele>32.0</ele></trkpt>
<trkpt lat="37.674128" lon="127.048902" sectionIndex="0" pointIndex="5731" originalElevation="32.0" isOriginalElevationFromOSM="false"><ele>32.0</ele></trkpt>
<trkpt lat="37.674084" lon="127.048889" sectionIndex="0" pointIndex="5732" originalElevation="32.0" isOriginalElevationFromOSM="false"><ele>32.0</ele></trkpt>
<trkpt lat="37.674040" lon="127.048875" sectionIndex="0" pointIndex="5733" originalElevation="32.0" isOriginalElevationFromOSM="false"><ele>32.0</ele></trkpt>
<trkpt lat="37.673997" lon="127.048861" sectionIndex="0" pointIndex="5734" originalElevation="32.0" isOriginalElevationFromOSM="false"><ele>32.0</ele></trkpt>
<trkpt lat="37.673953" lon="127.048848" sectionIndex="0" pointIndex="5735" originalElevation="32.0" isOriginalElevationFromOSM="false"><ele>32.0</ele></trkpt>
<trkpt lat="37.673910" lon="127.048834" sectionIndex="0" pointIndex="5736" originalElevation="32.0" isOriginalElevationFromOSM="false"><ele>32.0</ele></trkpt>
<trkpt lat="37.673892" lon="127.048828" sectionIndex="0" pointIndex="5737" originalElevation="32.0" isOriginalElevationFromOSM="false"><ele>32.0</ele></trkpt>
<trkpt lat="37.673847" lon="127.048819" sectionIndex="0" pointIndex="5738" originalElevation="32.0" isOriginalElevationFromOSM="false"><ele>32.0</ele></trkpt>
<trkpt lat="37.673803" lon="127.048810" sectionIndex="0" pointIndex="5739" originalElevation="32.0" isOriginalElevationFromOSM="false"><ele>32.0</ele></trkpt>
<trkpt lat="37.673759" lon="127.048800" sectionIndex="0" pointIndex="5740" originalElevation="32.0" isOriginalElevationFromOSM="false"><ele>32.0</ele></trkpt>
<trkpt lat="37.673714" lon="127.048791" sectionIndex="0" pointIndex="5741" originalElevation="32.0" isOriginalElevationFromOSM="false"><ele>32.0</ele></trkpt>
<trkpt lat="37.673670" lon="127.048781" sectionIndex="0" pointIndex="5742" originalElevation="32.0" isOriginalElevationFromOSM="false"><ele>32.0</ele></trkpt>
<trkpt lat="37.673626" lon="127.048772" sectionIndex="0" pointIndex="5743" originalElevation="32.0" isOriginalElevationFromOSM="false"><ele>32.0</ele></trkpt>
<trkpt lat="37.673582" lon="127.048763" sectionIndex="0" pointIndex="5744" originalElevation="32.0" isOriginalElevationFromOSM="false"><ele>32.0</ele></trkpt>
<trkpt lat="37.673537" lon="127.048753" sectionIndex="0" pointIndex="5745" originalElevation="32.0" isOriginalElevationFromOSM="false"><ele>32.0</ele></trkpt>
<trkpt lat="37.673493" lon="127.048744" sectionIndex="0" pointIndex="5746" originalElevation="32.0" isOriginalElevationFromOSM="false"><ele>32.0</ele></trkpt>
<trkpt lat="37.673449" lon="127.048735" sectionIndex="0" pointIndex="5747" originalElevation="32.0" isOriginalElevationFromOSM="false"><ele>32.4</ele></trkpt>
<trkpt lat="37.673435" lon="127.048732" sectionIndex="0" pointIndex="5748" originalElevation="32.0" isOriginalElevationFromOSM="false"><ele>32.6</ele></trkpt>
<trkpt lat="37.672906" lon="127.048697" sectionIndex="0" pointIndex="5749" originalElevation="34.0" isOriginalElevationFromOSM="false"><ele>32.9</ele></trkpt>
<trkpt lat="37.671800" lon="127.048560" sectionIndex="0" pointIndex="5750" originalElevation="33.0" isOriginalElevationFromOSM="true"><ele>32.9</ele></trkpt>
<trkpt lat="37.670770" lon="127.048450" sectionIndex="0" pointIndex="5751" originalElevation="33.3" isOriginalElevationFromOSM="true"><ele>33.0</ele></trkpt>
<trkpt lat="37.670050" lon="127.048280" sectionIndex="0" pointIndex="5752" originalElevation="32.2" isOriginalElevationFromOSM="true"><ele>32.6</ele></trkpt>
<trkpt lat="37.669530" lon="127.048270" sectionIndex="0" pointIndex="5753" originalElevation="32.8" isOriginalElevationFromOSM="true"><ele>31.6</ele></trkpt>
<trkpt lat="37.668950" lon="127.048290" sectionIndex="0" pointIndex="5754" originalElevation="31.9" isOriginalElevationFromOSM="true"><ele>30.4</ele></trkpt>
<trkpt lat="37.668340" lon="127.048390" sectionIndex="0" pointIndex="5755" originalElevation="27.9" isOriginalElevationFromOSM="true"><ele>29.2</ele></trkpt>
<trkpt lat="37.667900" lon="127.048480" sectionIndex="0" pointIndex="5756" originalElevation="27.1" isOriginalElevationFromOSM="true"><ele>28.4</ele></trkpt>
<trkpt lat="37.667460" lon="127.048630" sectionIndex="0" pointIndex="5757" originalElevation="26.4" isOriginalElevationFromOSM="true"><ele>28.4</ele></trkpt>
<trkpt lat="37.666990" lon="127.048830" sectionIndex="0" pointIndex="5758" originalElevation="28.5" isOriginalElevationFromOSM="true"><ele>29.6</ele></trkpt>
<trkpt lat="37.666430" lon="127.049180" sectionIndex="0" pointIndex="5759" originalElevation="32.3" isOriginalElevationFromOSM="true"><ele>31.1</ele></trkpt>
<trkpt lat="37.666010" lon="127.049470" sectionIndex="0" pointIndex="5760" originalElevation="34.0" isOriginalElevationFromOSM="true"><ele>32.4</ele></trkpt>
<trkpt lat="37.665900" lon="127.049560" sectionIndex="0" pointIndex="5761" originalElevation="34.2" isOriginalElevationFromOSM="true"><ele>32.7</ele></trkpt>
<trkpt lat="37.665610" lon="127.049900" sectionIndex="0" pointIndex="5762" originalElevation="32.8" isOriginalElevationFromOSM="true"><ele>32.5</ele></trkpt>
<trkpt lat="37.664910" lon="127.050420" sectionIndex="0" pointIndex="5763" originalElevation="30.4" isOriginalElevationFromOSM="true"><ele>31.6</ele></trkpt>
<trkpt lat="37.664250" lon="127.050740" sectionIndex="0" pointIndex="5764" originalElevation="31.4" isOriginalElevationFromOSM="true"><ele>30.2</ele></trkpt>
<trkpt lat="37.663710" lon="127.050830" sectionIndex="0" pointIndex="5765" originalElevation="29.4" isOriginalElevationFromOSM="true"><ele>28.4</ele></trkpt>
<trkpt lat="37.662980" lon="127.050920" sectionIndex="0" pointIndex="5766" originalElevation="27.1" isOriginalElevationFromOSM="true"><ele>27.2</ele></trkpt>
<trkpt lat="37.661850" lon="127.050950" sectionIndex="0" pointIndex="5767" originalElevation="24.0" isOriginalElevationFromOSM="true"><ele>25.8</ele></trkpt>
<trkpt lat="37.661490" lon="127.050900" sectionIndex="0" pointIndex="5768" originalElevation="24.1" isOriginalElevationFromOSM="true"><ele>25.1</ele></trkpt>
<trkpt lat="37.661320" lon="127.050900" sectionIndex="0" pointIndex="5769" originalElevation="24.5" isOriginalElevationFromOSM="true"><ele>24.7</ele></trkpt>
<trkpt lat="37.660730" lon="127.050950" sectionIndex="0" pointIndex="5770" originalElevation="25.6" isOriginalElevationFromOSM="true"><ele>24.8</ele></trkpt>
<trkpt lat="37.660630" lon="127.050990" sectionIndex="0" pointIndex="5771" originalElevation="25.4" isOriginalElevationFromOSM="true"><ele>24.9</ele></trkpt>
<trkpt lat="37.660200" lon="127.051230" sectionIndex="0" pointIndex="5772" originalElevation="24.6" isOriginalElevationFromOSM="true"><ele>25.0</ele></trkpt>
<trkpt lat="37.659840" lon="127.051390" sectionIndex="0" pointIndex="5773" originalElevation="24.4" isOriginalElevationFromOSM="true"><ele>25.2</ele></trkpt>
<trkpt lat="37.659290" lon="127.051700" sectionIndex="0" pointIndex="5774" originalElevation="24.8" isOriginalElevationFromOSM="true"><ele>25.6</ele></trkpt>
<trkpt lat="37.658500" lon="127.052040" sectionIndex="0" pointIndex="5775" originalElevation="26.8" isOriginalElevationFromOSM="true"><ele>26.1</ele></trkpt>
<trkpt lat="37.658130" lon="127.052210" sectionIndex="0" pointIndex="5776" originalElevation="27.2" isOriginalElevationFromOSM="true"><ele>26.4</ele></trkpt>
<trkpt lat="37.657590" lon="127.052560" sectionIndex="0" pointIndex="5777" originalElevation="27.1" isOriginalElevationFromOSM="true"><ele>26.3</ele></trkpt>
<trkpt lat="37.656810" lon="127.053120" sectionIndex="0" pointIndex="5778" originalElevation="26.0" isOriginalElevationFromOSM="true"><ele>25.8</ele></trkpt>
<trkpt lat="37.656110" lon="127.053390" sectionIndex="0" pointIndex="5779" originalElevation="24.3" isOriginalElevationFromOSM="true"><ele>25.2</ele></trkpt>
<trkpt lat="37.655340" lon="127.053570" sectionIndex="0" pointIndex="5780" originalElevation="24.6" isOriginalElevationFromOSM="true"><ele>24.7</ele></trkpt>
<trkpt lat="37.654930" lon="127.053700" sectionIndex="0" pointIndex="5781" originalElevation="24.1" isOriginalElevationFromOSM="true"><ele>24.5</ele></trkpt>
<trkpt lat="37.654740" lon="127.053740" sectionIndex="0" pointIndex="5782" originalElevation="24.5" isOriginalElevationFromOSM="true"><ele>25.1</ele></trkpt>
<trkpt lat="37.654530" lon="127.053740" sectionIndex="0" pointIndex="5783" originalElevation="25.2" isOriginalElevationFromOSM="true"><ele>25.7</ele></trkpt>
<trkpt lat="37.653590" lon="127.053690" sectionIndex="0" pointIndex="5784" originalElevation="27.3" isOriginalElevationFromOSM="true"><ele>26.5</ele></trkpt>
<trkpt lat="37.653220" lon="127.053690" sectionIndex="0" pointIndex="5785" originalElevation="27.6" isOriginalElevationFromOSM="true"><ele>26.7</ele></trkpt>
<trkpt lat="37.650410" lon="127.053820" sectionIndex="0" pointIndex="5786" originalElevation="27.8" isOriginalElevationFromOSM="true"><ele>26.6</ele></trkpt>
<trkpt lat="37.649990" lon="127.053890" sectionIndex="0" pointIndex="5787" originalElevation="25.6" isOriginalElevationFromOSM="true"><ele>25.8</ele></trkpt>
<trkpt lat="37.649790" lon="127.053960" sectionIndex="0" pointIndex="5788" originalElevation="24.9" isOriginalElevationFromOSM="true"><ele>25.8</ele></trkpt>
<trkpt lat="37.649380" lon="127.054170" sectionIndex="0" pointIndex="5789" originalElevation="23.3" isOriginalElevationFromOSM="true"><ele>25.8</ele></trkpt>
<trkpt lat="37.648590" lon="127.054620" sectionIndex="0" pointIndex="5790" originalElevation="27.3" isOriginalElevationFromOSM="true"><ele>26.1</ele></trkpt>
<trkpt lat="37.648090" lon="127.054850" sectionIndex="0" pointIndex="5791" originalElevation="27.7" isOriginalElevationFromOSM="true"><ele>26.5</ele></trkpt>
<trkpt lat="37.647940" lon="127.054910" sectionIndex="0" pointIndex="5792" originalElevation="27.3" isOriginalElevationFromOSM="true"><ele>27.2</ele></trkpt>
<trkpt lat="37.647140" lon="127.055070" sectionIndex="0" pointIndex="5793" originalElevation="26.8" isOriginalElevationFromOSM="true"><ele>26.9</ele></trkpt>
<trkpt lat="37.646370" lon="127.055150" sectionIndex="0" pointIndex="5794" originalElevation="27.1" isOriginalElevationFromOSM="true"><ele>26.4</ele></trkpt>
<trkpt lat="37.646010" lon="127.055240" sectionIndex="0" pointIndex="5795" originalElevation="25.6" isOriginalElevationFromOSM="true"><ele>26.1</ele></trkpt>
<trkpt lat="37.645920" lon="127.055240" sectionIndex="0" pointIndex="5796" originalElevation="25.4" isOriginalElevationFromOSM="true"><ele>25.3</ele></trkpt>
<trkpt lat="37.645230" lon="127.055110" sectionIndex="0" pointIndex="5797" originalElevation="25.6" isOriginalElevationFromOSM="true"><ele>24.0</ele></trkpt>
<trkpt lat="37.643160" lon="127.054570" sectionIndex="0" pointIndex="5798" originalElevation="22.7" isOriginalElevationFromOSM="true"><ele>23.1</ele></trkpt>
<trkpt lat="37.642180" lon="127.054360" sectionIndex="0" pointIndex="5799" originalElevation="20.7" isOriginalElevationFromOSM="true"><ele>22.4</ele></trkpt>
<trkpt lat="37.642030" lon="127.054340" sectionIndex="0" pointIndex="5800" originalElevation="21.3" isOriginalElevationFromOSM="true"><ele>21.4</ele></trkpt>
<trkpt lat="37.641770" lon="127.054350" sectionIndex="0" pointIndex="5801" originalElevation="21.9" isOriginalElevationFromOSM="true"><ele>20.8</ele></trkpt>
<trkpt lat="37.641350" lon="127.054460" sectionIndex="0" pointIndex="5802" originalElevation="20.5" isOriginalElevationFromOSM="true"><ele>20.6</ele></trkpt>
<trkpt lat="37.641080" lon="127.054550" sectionIndex="0" pointIndex="5803" originalElevation="19.7" isOriginalElevationFromOSM="true"><ele>21.4</ele></trkpt>
<trkpt lat="37.640840" lon="127.054680" sectionIndex="0" pointIndex="5804" originalElevation="19.6" isOriginalElevationFromOSM="true"><ele>22.6</ele></trkpt>
<trkpt lat="37.640430" lon="127.054950" sectionIndex="0" pointIndex="5805" originalElevation="25.1" isOriginalElevationFromOSM="true"><ele>24.2</ele></trkpt>
<trkpt lat="37.640180" lon="127.055130" sectionIndex="0" pointIndex="5806" originalElevation="27.9" isOriginalElevationFromOSM="true"><ele>25.4</ele></trkpt>
<trkpt lat="37.639810" lon="127.055460" sectionIndex="0" pointIndex="5807" originalElevation="28.6" isOriginalElevationFromOSM="true"><ele>26.3</ele></trkpt>
<trkpt lat="37.639600" lon="127.055710" sectionIndex="0" pointIndex="5808" originalElevation="25.8" isOriginalElevationFromOSM="true"><ele>25.9</ele></trkpt>
<trkpt lat="37.639030" lon="127.056480" sectionIndex="0" pointIndex="5809" originalElevation="23.9" isOriginalElevationFromOSM="true"><ele>26.0</ele></trkpt>
<trkpt lat="37.638370" lon="127.057380" sectionIndex="0" pointIndex="5810" originalElevation="23.6" isOriginalElevationFromOSM="true"><ele>25.7</ele></trkpt>
<trkpt lat="37.637980" lon="127.057820" sectionIndex="0" pointIndex="5811" originalElevation="28.2" isOriginalElevationFromOSM="true"><ele>25.7</ele></trkpt>
<trkpt lat="37.637550" lon="127.058220" sectionIndex="0" pointIndex="5812" originalElevation="27.0" isOriginalElevationFromOSM="true"><ele>26.2</ele></trkpt>
<trkpt lat="37.637360" lon="127.058370" sectionIndex="0" pointIndex="5813" originalElevation="25.7" isOriginalElevationFromOSM="true"><ele>26.9</ele></trkpt>
<trkpt lat="37.637110" lon="127.058520" sectionIndex="0" pointIndex="5814" originalElevation="26.6" isOriginalElevationFromOSM="true"><ele>26.4</ele></trkpt>
<trkpt lat="37.636110" lon="127.059050" sectionIndex="0" pointIndex="5815" originalElevation="27.1" isOriginalElevationFromOSM="true"><ele>25.3</ele></trkpt>
<trkpt lat="37.635530" lon="127.059410" sectionIndex="0" pointIndex="5816" originalElevation="25.6" isOriginalElevationFromOSM="true"><ele>23.9</ele></trkpt>
<trkpt lat="37.635190" lon="127.059680" sectionIndex="0" pointIndex="5817" originalElevation="21.3" isOriginalElevationFromOSM="true"><ele>22.0</ele></trkpt>
<trkpt lat="37.635070" lon="127.059800" sectionIndex="0" pointIndex="5818" originalElevation="19.1" isOriginalElevationFromOSM="true"><ele>20.0</ele></trkpt>
<trkpt lat="37.635000" lon="127.059930" sectionIndex="0" pointIndex="5819" originalElevation="17.0" isOriginalElevationFromOSM="true"><ele>18.3</ele></trkpt>
<trkpt lat="37.634960" lon="127.060070" sectionIndex="0" pointIndex="5820" originalElevation="16.8" isOriginalElevationFromOSM="true"><ele>18.1</ele></trkpt>
<trkpt lat="37.634920" lon="127.060130" sectionIndex="0" pointIndex="5821" originalElevation="17.4" isOriginalElevationFromOSM="true"><ele>18.6</ele></trkpt>
<trkpt lat="37.634630" lon="127.060390" sectionIndex="0" pointIndex="5822" originalElevation="20.4" isOriginalElevationFromOSM="true"><ele>19.9</ele></trkpt>
<trkpt lat="37.634330" lon="127.060700" sectionIndex="0" pointIndex="5823" originalElevation="21.3" isOriginalElevationFromOSM="true"><ele>21.1</ele></trkpt>
<trkpt lat="37.633750" lon="127.061330" sectionIndex="0" pointIndex="5824" originalElevation="23.5" isOriginalElevationFromOSM="true"><ele>22.4</ele></trkpt>
<trkpt lat="37.633370" lon="127.061810" sectionIndex="0" pointIndex="5825" originalElevation="23.2" isOriginalElevationFromOSM="true"><ele>22.9</ele></trkpt>
<trkpt lat="37.633220" lon="127.061960" sectionIndex="0" pointIndex="5826" originalElevation="23.4" isOriginalElevationFromOSM="true"><ele>23.3</ele></trkpt>
<trkpt lat="37.633150" lon="127.062150" sectionIndex="0" pointIndex="5827" originalElevation="23.3" isOriginalElevationFromOSM="true"><ele>22.3</ele></trkpt>
<trkpt lat="37.633090" lon="127.062260" sectionIndex="0" pointIndex="5828" originalElevation="23.0" isOriginalElevationFromOSM="true"><ele>21.8</ele></trkpt>
<trkpt lat="37.632620" lon="127.062860" sectionIndex="0" pointIndex="5829" originalElevation="18.8" isOriginalElevationFromOSM="true"><ele>21.6</ele></trkpt>
<trkpt lat="37.631920" lon="127.063390" sectionIndex="0" pointIndex="5830" originalElevation="20.4" isOriginalElevationFromOSM="true"><ele>21.6</ele></trkpt>
<trkpt lat="37.631640" lon="127.063570" sectionIndex="0" pointIndex="5831" originalElevation="22.6" isOriginalElevationFromOSM="true"><ele>22.3</ele></trkpt>
<trkpt lat="37.631290" lon="127.063690" sectionIndex="0" pointIndex="5832" originalElevation="23.3" isOriginalElevationFromOSM="true"><ele>23.6</ele></trkpt>
<trkpt lat="37.629760" lon="127.064110" sectionIndex="0" pointIndex="5833" originalElevation="26.5" isOriginalElevationFromOSM="true"><ele>24.3</ele></trkpt>
<trkpt lat="37.628880" lon="127.064390" sectionIndex="0" pointIndex="5834" originalElevation="25.2" isOriginalElevationFromOSM="true"><ele>24.0</ele></trkpt>
<trkpt lat="37.628690" lon="127.064480" sectionIndex="0" pointIndex="5835" originalElevation="23.7" isOriginalElevationFromOSM="true"><ele>23.7</ele></trkpt>
<trkpt lat="37.628390" lon="127.064650" sectionIndex="0" pointIndex="5836" originalElevation="21.5" isOriginalElevationFromOSM="true"><ele>22.8</ele></trkpt>
<trkpt lat="37.628010" lon="127.064920" sectionIndex="0" pointIndex="5837" originalElevation="21.8" isOriginalElevationFromOSM="true"><ele>22.1</ele></trkpt>
<trkpt lat="37.627760" lon="127.065150" sectionIndex="0" pointIndex="5838" originalElevation="22.0" isOriginalElevationFromOSM="true"><ele>21.4</ele></trkpt>
<trkpt lat="37.627530" lon="127.065390" sectionIndex="0" pointIndex="5839" originalElevation="21.6" isOriginalElevationFromOSM="true"><ele>21.2</ele></trkpt>
<trkpt lat="37.624740" lon="127.068660" sectionIndex="0" pointIndex="5840" originalElevation="20.0" isOriginalElevationFromOSM="true"><ele>21.1</ele></trkpt>
<trkpt lat="37.624440" lon="127.068940" sectionIndex="0" pointIndex="5841" originalElevation="20.7" isOriginalElevationFromOSM="true"><ele>20.9</ele></trkpt>
<trkpt lat="37.624230" lon="127.069090" sectionIndex="0" pointIndex="5842" originalElevation="21.0" isOriginalElevationFromOSM="true"><ele>20.8</ele></trkpt>
<trkpt lat="37.623680" lon="127.069390" sectionIndex="0" pointIndex="5843" originalElevation="21.0" isOriginalElevationFromOSM="true"><ele>21.0</ele></trkpt>
<trkpt lat="37.623200" lon="127.069610" sectionIndex="0" pointIndex="5844" originalElevation="21.1" isOriginalElevationFromOSM="true"><ele>20.9</ele></trkpt>
<trkpt lat="37.621250" lon="127.070300" sectionIndex="0" pointIndex="5845" originalElevation="21.2" isOriginalElevationFromOSM="true"><ele>20.8</ele></trkpt>
<trkpt lat="37.620550" lon="127.070480" sectionIndex="0" pointIndex="5846" originalElevation="20.0" isOriginalElevationFromOSM="true"><ele>24.1</ele></trkpt>
<trkpt lat="37.620090" lon="127.070510" sectionIndex="0" pointIndex="5847" originalElevation="20.7" isOriginalElevationFromOSM="true"><ele>30.7</ele></trkpt>
<trkpt lat="37.618350" lon="127.070500" sectionIndex="0" pointIndex="5848" originalElevation="37.8" isOriginalElevationFromOSM="true"><ele>37.3</ele></trkpt>
<trkpt lat="37.617001" lon="127.070450" sectionIndex="0" pointIndex="5849" originalElevation="54.0" isOriginalElevationFromOSM="false"><ele>44.1</ele></trkpt>
<trkpt lat="37.616956" lon="127.070450" sectionIndex="0" pointIndex="5850" originalElevation="54.0" isOriginalElevationFromOSM="false"><ele>50.8</ele></trkpt>
<trkpt lat="37.616911" lon="127.070451" sectionIndex="0" pointIndex="5851" originalElevation="54.0" isOriginalElevationFromOSM="false"><ele>54.0</ele></trkpt>
<trkpt lat="37.616866" lon="127.070451" sectionIndex="0" pointIndex="5852" originalElevation="54.0" isOriginalElevationFromOSM="false"><ele>54.0</ele></trkpt>
<trkpt lat="37.616835" lon="127.070452" sectionIndex="0" pointIndex="5853" originalElevation="54.0" isOriginalElevationFromOSM="false"><ele>54.0</ele></trkpt>
<trkpt lat="37.616791" lon="127.070463" sectionIndex="0" pointIndex="5854" originalElevation="54.0" isOriginalElevationFromOSM="false"><ele>54.0</ele></trkpt>
<trkpt lat="37.616747" lon="127.070474" sectionIndex="0" pointIndex="5855" originalElevation="54.0" isOriginalElevationFromOSM="false"><ele>49.6</ele></trkpt>
<trkpt lat="37.616703" lon="127.070485" sectionIndex="0" pointIndex="5856" originalElevation="54.0" isOriginalElevationFromOSM="false"><ele>45.2</ele></trkpt>
<trkpt lat="37.616659" lon="127.070497" sectionIndex="0" pointIndex="5857" originalElevation="32.0" isOriginalElevationFromOSM="false"><ele>40.8</ele></trkpt>
<trkpt lat="37.616615" lon="127.070508" sectionIndex="0" pointIndex="5858" originalElevation="32.0" isOriginalElevationFromOSM="false"><ele>36.4</ele></trkpt>
<trkpt lat="37.616571" lon="127.070519" sectionIndex="0" pointIndex="5859" originalElevation="32.0" isOriginalElevationFromOSM="false"><ele>32.0</ele></trkpt>
<trkpt lat="37.616527" lon="127.070530" sectionIndex="0" pointIndex="5860" originalElevation="32.0" isOriginalElevationFromOSM="false"><ele>32.0</ele></trkpt>
<trkpt lat="37.616483" lon="127.070542" sectionIndex="0" pointIndex="5861" originalElevation="32.0" isOriginalElevationFromOSM="false"><ele>32.0</ele></trkpt>
<trkpt lat="37.616439" lon="127.070553" sectionIndex="0" pointIndex="5862" originalElevation="32.0" isOriginalElevationFromOSM="false"><ele>32.0</ele></trkpt>
<trkpt lat="37.616395" lon="127.070564" sectionIndex="0" pointIndex="5863" originalElevation="32.0" isOriginalElevationFromOSM="false"><ele>32.0</ele></trkpt>
<trkpt lat="37.616351" lon="127.070575" sectionIndex="0" pointIndex="5864" originalElevation="32.0" isOriginalElevationFromOSM="false"><ele>32.0</ele></trkpt>
<trkpt lat="37.616307" lon="127.070587" sectionIndex="0" pointIndex="5865" originalElevation="32.0" isOriginalElevationFromOSM="false"><ele>32.0</ele></trkpt>
<trkpt lat="37.616262" lon="127.070598" sectionIndex="0" pointIndex="5866" originalElevation="32.0" isOriginalElevationFromOSM="false"><ele>32.0</ele></trkpt>
<trkpt lat="37.616218" lon="127.070609" sectionIndex="0" pointIndex="5867" originalElevation="32.0" isOriginalElevationFromOSM="false"><ele>32.0</ele></trkpt>
<trkpt lat="37.616174" lon="127.070620" sectionIndex="0" pointIndex="5868" originalElevation="32.0" isOriginalElevationFromOSM="false"><ele>32.0</ele></trkpt>
<trkpt lat="37.616130" lon="127.070632" sectionIndex="0" pointIndex="5869" originalElevation="32.0" isOriginalElevationFromOSM="false"><ele>32.0</ele></trkpt>
<trkpt lat="37.616126" lon="127.070633" sectionIndex="0" pointIndex="5870" originalElevation="32.0" isOriginalElevationFromOSM="false"><ele>28.6</ele></trkpt>
<trkpt lat="37.616143" lon="127.070719" sectionIndex="0" pointIndex="5871" originalElevation="32.0" isOriginalElevationFromOSM="false"><ele>25.2</ele></trkpt>
<trkpt lat="37.616400" lon="127.070650" sectionIndex="0" pointIndex="5872" originalElevation="14.9" isOriginalElevationFromOSM="true"><ele>21.7</ele></trkpt>
<trkpt lat="37.616450" lon="127.070650" sectionIndex="0" pointIndex="5873" originalElevation="14.9" isOriginalElevationFromOSM="true"><ele>18.5</ele></trkpt>
<trkpt lat="37.616440" lon="127.070690" sectionIndex="0" pointIndex="5874" originalElevation="14.9" isOriginalElevationFromOSM="true"><ele>15.6</ele></trkpt>
<trkpt lat="37.616200" lon="127.070790" sectionIndex="0" pointIndex="5875" originalElevation="15.6" isOriginalElevationFromOSM="true"><ele>16.2</ele></trkpt>
<trkpt lat="37.616240" lon="127.070950" sectionIndex="0" pointIndex="5876" originalElevation="17.7" isOriginalElevationFromOSM="true"><ele>17.2</ele></trkpt>
<trkpt lat="37.616470" lon="127.071710" sectionIndex="0" pointIndex="5877" originalElevation="17.7" isOriginalElevationFromOSM="true"><ele>18.4</ele></trkpt>
<trkpt lat="37.616640" lon="127.072250" sectionIndex="0" pointIndex="5878" originalElevation="20.2" isOriginalElevationFromOSM="true"><ele>19.5</ele></trkpt>
<trkpt lat="37.616670" lon="127.072290" sectionIndex="0" pointIndex="5879" originalElevation="20.6" isOriginalElevationFromOSM="true"><ele>20.3</ele></trkpt>
<trkpt lat="37.616750" lon="127.072310" sectionIndex="0" pointIndex="5880" originalElevation="21.2" isOriginalElevationFromOSM="true"><ele>21.1</ele></trkpt>
<trkpt lat="37.616760" lon="127.072500" sectionIndex="0" pointIndex="5881" originalElevation="21.8" isOriginalElevationFromOSM="true"><ele>21.2</ele></trkpt>
<trkpt lat="37.616790" lon="127.072590" sectionIndex="0" pointIndex="5882" originalElevation="21.5" isOriginalElevationFromOSM="true"><ele>21.7</ele></trkpt>
<trkpt lat="37.616880" lon="127.072870" sectionIndex="0" pointIndex="5883" originalElevation="21.0" isOriginalElevationFromOSM="true"><ele>22.4</ele></trkpt>
<trkpt lat="37.617160" lon="127.072810" sectionIndex="0" pointIndex="5884" originalElevation="23.0" isOriginalElevationFromOSM="true"><ele>22.8</ele></trkpt>
<trkpt lat="37.618080" lon="127.072620" sectionIndex="0" pointIndex="5885" originalElevation="24.9" isOriginalElevationFromOSM="true"><ele>23.4</ele></trkpt>
<trkpt lat="37.619310" lon="127.072320" sectionIndex="0" pointIndex="5886" originalElevation="23.8" isOriginalElevationFromOSM="true"><ele>24.0</ele></trkpt>
<trkpt lat="37.619370" lon="127.072650" sectionIndex="0" pointIndex="5887" originalElevation="24.5" isOriginalElevationFromOSM="true"><ele>24.2</ele></trkpt>
<trkpt lat="37.619531" lon="127.073372" sectionIndex="0" pointIndex="5888" originalElevation="24.0" isOriginalElevationFromOSM="false"><ele>24.1</ele></trkpt>
<trkpt lat="37.619486" lon="127.073379" sectionIndex="0" pointIndex="5889" originalElevation="24.0" isOriginalElevationFromOSM="false"><ele>24.1</ele></trkpt>
<trkpt lat="37.619441" lon="127.073386" sectionIndex="0" pointIndex="5890" originalElevation="24.0" isOriginalElevationFromOSM="false"><ele>24.0</ele></trkpt>
<trkpt lat="37.619417" lon="127.073390" sectionIndex="0" pointIndex="5891" originalElevation="24.0" isOriginalElevationFromOSM="false"><ele>24.0</ele></trkpt>
<trkpt lat="37.619411" lon="127.073391" sectionIndex="0" pointIndex="5892" originalElevation="24.0" isOriginalElevationFromOSM="false"><ele>24.0</ele></trkpt>
</trkseg>
</trk>   
</gpx>